country,iso3,year,tfp_M0,tfp_M2,tfp_Mobs,alpha
Australia,AUS,1950,0.6475828693077306,0.6475828693077306,0.6475828693077306,0.36110738345554894
Australia,AUS,1951,0.6400248883171145,0.6587485393256349,0.6571973030166527,0.36110738345554894
Australia,AUS,1952,0.5649156213129967,0.6000751185960231,0.596082560379946,0.36110738345554894
Australia,AUS,1953,0.6508590432495325,0.6868453172060276,0.6812436398143298,0.36110738345554894
Australia,AUS,1954,0.7036480810604777,0.7429813163384047,0.7360670266413871,0.36110738345554894
Australia,AUS,1955,0.7149335685820031,0.75836255036132,0.7502503170079313,0.36110738345554894
Australia,AUS,1956,0.6896362067534936,0.7351988131823557,0.726142746014518,0.36110738345554894
Australia,AUS,1957,0.6930816682531482,0.7373591959061505,0.7278455116779687,0.36110738345554894
Australia,AUS,1958,0.7426590543878842,0.786180778212703,0.7764585696607034,0.36110738345554894
Australia,AUS,1959,0.7816136864491003,0.8259310595017402,0.8159973652305688,0.36110738345554894
Australia,AUS,1960,0.7716357045455462,0.81679846055395,0.8066412361993551,0.36110738345554894
Australia,AUS,1961,0.7624079339144512,0.8078266640660559,0.7974954638357081,0.36110738345554894
Australia,AUS,1962,0.7917690805990736,0.8341051960287018,0.8239860391226914,0.36110738345554894
Australia,AUS,1963,0.8209750868524202,0.8622281852164164,0.852345564973783,0.36110738345554894
Australia,AUS,1964,0.8414879656865324,0.882036559264554,0.8723245200604879,0.36110738345554894
Australia,AUS,1965,0.8238682102759292,0.8654588565637393,0.8556681024613901,0.36110738345554894
Australia,AUS,1966,0.8421580624770728,0.8833086561282393,0.8734758447504234,0.36110738345554894
Australia,AUS,1967,0.8532715220529647,0.8942037234096993,0.8843179970112418,0.36110738345554894
Australia,AUS,1968,0.8879840341239769,0.9285673425425527,0.9186317872402121,0.36110738345554894
Australia,AUS,1969,0.9202756560348311,0.9615553206371015,0.9514452282635721,0.36110738345554894
Australia,AUS,1970,0.9144509876051439,0.9564757934448735,0.9461124073813743,0.36110738345554894
Australia,AUS,1971,0.9243073895163638,0.9664567108755673,0.955866630562995,0.36110738345554894
Australia,AUS,1972,0.9285961703257231,0.9698796444094242,0.9591823431947173,0.36110738345554894
Australia,AUS,1973,0.9377009277650368,0.9775271671466701,0.966896532788696,0.36110738345554894
Australia,AUS,1974,0.9141754540205937,0.9536382133563874,0.9430150998407401,0.36110738345554894
Australia,AUS,1975,0.9306367676986493,0.9669388163811661,0.956693244875539,0.36110738345554894
Australia,AUS,1976,0.937180378121921,0.9710329764392798,0.9612986916804802,0.36110738345554894
Australia,AUS,1977,0.9233986776037648,0.9557638215131741,0.9464922268681777,0.36110738345554894
Australia,AUS,1978,0.9457225363311972,0.9761088717609923,0.9673395739494639,0.36110738345554894
Australia,AUS,1979,0.9480669231353636,0.97858943889283,0.9700461079873364,0.36110738345554894
Australia,AUS,1980,0.9477827931696972,0.9780553925489723,0.9696259268800853,0.36110738345554894
Australia,AUS,1981,0.9603364574566475,0.9916117515609528,0.983058504972167,0.36110738345554894
Australia,AUS,1982,0.9296618654748086,0.9622673440581933,0.9533975454825283,0.36110738345554894
Australia,AUS,1983,0.9753374860707966,1.0059453157658647,0.9970831924911643,0.36110738345554894
Australia,AUS,1984,0.9825543281147713,1.012504583705601,1.0036757444961673,0.36110738345554894
Australia,AUS,1985,0.9872640981730205,1.017729850111544,1.008762465905221,0.36110738345554894
Australia,AUS,1986,0.9668448438716233,0.9979015688776833,0.9886749286955663,0.36110738345554894
Australia,AUS,1987,0.9936412924946829,1.0241116138713782,1.0147755044046685,0.36110738345554894
Australia,AUS,1988,0.993085801347334,1.0238883404552714,1.0143842650769805,0.36110738345554894
Australia,AUS,1989,0.9813676833545193,1.0133857118662988,1.0035625460533097,0.36110738345554894
Australia,AUS,1990,0.9555066241247134,0.9878637220405917,0.9777918949178321,0.36110738345554894
Australia,AUS,1991,0.9677370876007192,0.9971917580140328,0.987373396784073,0.36110738345554894
Australia,AUS,1992,1.002100672364378,1.0287707927755125,1.0194950893492578,0.36110738345554894
Australia,AUS,1993,1.0219436860555318,1.0472329942677998,1.0384731672003058,0.36110738345554894
Australia,AUS,1994,1.0247879657885575,1.0499220215796727,1.0414692400466468,0.36110738345554894
Australia,AUS,1995,1.0266404689994992,1.0525191821509274,1.044095309453767,0.36110738345554894
Australia,AUS,1996,1.0478542717127084,1.073499962652214,1.0651050152779362,0.36110738345554894
Australia,AUS,1997,1.0769541024555114,1.1025953730450038,1.0941817073566629,0.36110738345554894
Australia,AUS,1998,1.1077972822396571,1.1340677815901508,1.1255076208222885,0.36110738345554894
Australia,AUS,1999,1.121186815090664,1.1484732750565447,1.1396178197619315,0.36110738345554894
Australia,AUS,2000,1.1111350149709232,1.1393813921803648,1.1301629495411447,0.36110738345554894
Australia,AUS,2001,1.1476144668006247,1.174815465325696,1.1655144392840162,0.36110738345554894
Australia,AUS,2002,1.15920860011395,1.1865791577530347,1.1771544210026113,0.36110738345554894
Australia,AUS,2003,1.1773250881202557,1.2060657885757902,1.1963130205916137,0.36110738345554894
Australia,AUS,2004,1.1879882451289001,1.218822817588987,1.2085141739227412,0.36110738345554894
Australia,AUS,2005,1.18235591625752,1.2150443868973992,1.2040795396498813,0.36110738345554894
Australia,AUS,2006,1.197144812839162,1.2308876054530478,1.2193613308939737,0.36110738345554894
Australia,AUS,2007,1.2030282929492087,1.237477014541427,1.225488089666288,0.36110738345554894
Australia,AUS,2008,1.1954371811240367,1.2307616263316135,1.2183660741141633,0.36110738345554894
Australia,AUS,2009,1.212407150645686,1.2466803451381034,1.2341876313506015,0.36110738345554894
Australia,AUS,2010,1.2121405434424988,1.2449258561446852,1.2326075503148486,0.36110738345554894
Australia,AUS,2011,1.2281813633142606,1.2587441386330278,1.2468681532864645,0.36110738345554894
Australia,AUS,2012,1.239318213867394,1.2685845406935101,1.2571789648562959,0.36110738345554894
Australia,AUS,2013,1.24731985264245,1.2765030001395328,1.265411263863987,0.36110738345554894
Australia,AUS,2014,1.2534614735776284,1.2835847144508996,1.272560720976859,0.36110738345554894
Australia,AUS,2015,1.2551058369198511,1.2856699300404184,1.274619175158195,0.36110738345554894
Australia,AUS,2016,1.262093751869032,1.2916189899130783,1.280698135976908,0.36110738345554894
Australia,AUS,2017,1.268176734452414,1.2958062225715228,1.2852327393958038,0.36110738345554894
Australia,AUS,2018,1.268050345220752,1.2939409563199646,1.2838279916849444,0.36110738345554894
Australia,AUS,2019,1.246128150974057,1.269689562199062,1.2601977414321226,0.36110738345554894
Austria,AUT,1950,0.20735026537511647,0.20735026537511647,0.20735026537511647,0.38423703823770794
Austria,AUT,1951,0.25641532319284277,0.2577212212129405,0.26611123282915816,0.38423703823770794
Austria,AUT,1952,0.26387083408791234,0.2657584935831334,0.28136974509564894,0.38423703823770794
Austria,AUT,1953,0.3050232029788118,0.306372243000852,0.32429210320485335,0.38423703823770794
Austria,AUT,1954,0.37262657551889866,0.37318377761366683,0.3903868307731537,0.38423703823770794
Austria,AUT,1955,0.45281773938624603,0.4539425877807908,0.47171799038068407,0.38423703823770794
Austria,AUT,1956,0.4904177937677483,0.4929568825923907,0.5131510489969147,0.38423703823770794
Austria,AUT,1957,0.5312186826599143,0.533712376601704,0.5548839450330494,0.38423703823770794
Austria,AUT,1958,0.5593116424926761,0.5621149302066772,0.5838966617499688,0.38423703823770794
Austria,AUT,1959,0.5766927949348926,0.5795030568905677,0.6012944504512845,0.38423703823770794
Austria,AUT,1960,0.6487296315196591,0.6517318698422869,0.6733547669523112,0.38423703823770794
Austria,AUT,1961,0.681074062415501,0.6861144556562584,0.7089108940348234,0.38423703823770794
Austria,AUT,1962,0.6895024932060698,0.6950045114621757,0.7183388127128252,0.38423703823770794
Austria,AUT,1963,0.7254158911135047,0.7301714595669964,0.7528926066570198,0.38423703823770794
Austria,AUT,1964,0.7738178478905731,0.7784745041423751,0.800395866755979,0.38423703823770794
Austria,AUT,1965,0.7885484668376002,0.7947464032502403,0.8165951122814334,0.38423703823770794
Austria,AUT,1966,0.8330970439422298,0.8397799146336196,0.8613659008121441,0.38423703823770794
Austria,AUT,1967,0.8589741803523232,0.8668770636325309,0.8883696076112528,0.38423703823770794
Austria,AUT,1968,0.8963512004560501,0.9040783374141794,0.925001015005888,0.38423703823770794
Austria,AUT,1969,0.9462529211959696,0.9541109653179198,0.9743305938043205,0.38423703823770794
Austria,AUT,1970,1.0135259933569225,1.022189222265414,1.0418323056197263,0.38423703823770794
Austria,AUT,1971,1.0359650060166894,1.0468003615475876,1.0662638414476202,0.38423703823770794
Austria,AUT,1972,1.06428499253638,1.076187653257155,1.095345472905973,0.38423703823770794
Austria,AUT,1973,1.08304858847693,1.0964803944454768,1.1153311433514164,0.38423703823770794
Austria,AUT,1974,1.0634831718135027,1.0787111556619697,1.0972592905683358,0.38423703823770794
Austria,AUT,1975,1.059935298286704,1.0765117303353575,1.0946362266873937,0.38423703823770794
Austria,AUT,1976,1.0830044729310675,1.0977301664193027,1.1148904246813434,0.38423703823770794
Austria,AUT,1977,1.100647860592141,1.115954269428979,1.1322344523220238,0.38423703823770794
Austria,AUT,1978,1.0910925714121928,1.1078114632818012,1.1234093003874097,0.38423703823770794
Austria,AUT,1979,1.1098941342276092,1.1250318321581583,1.1396723915839901,0.38423703823770794
Austria,AUT,1980,1.0968260046833587,1.1135359229092794,1.1273802714121617,0.38423703823770794
Austria,AUT,1981,1.0976248064068495,1.1148375388735179,1.1278969798110516,0.38423703823770794
Austria,AUT,1982,1.101160413989457,1.1177939258285994,1.130057286090092,0.38423703823770794
Austria,AUT,1983,1.11559804546203,1.1312156313163442,1.1426687013091312,0.38423703823770794
Austria,AUT,1984,1.0996687065632607,1.1144115262001115,1.125072197445859,0.38423703823770794
Austria,AUT,1985,1.1039216828690908,1.1193828934034258,1.1293207752493917,0.38423703823770794
Austria,AUT,1986,1.1028828208334858,1.1201820034629888,1.1294375121256248,0.38423703823770794
Austria,AUT,1987,1.0999003858237364,1.1176598394974944,1.1262558592886132,0.38423703823770794
Austria,AUT,1988,1.1056559810600648,1.1237326048714662,1.1316822799162098,0.38423703823770794
Austria,AUT,1989,1.1098469314416128,1.1291622533204846,1.1364563975832933,0.38423703823770794
Austria,AUT,1990,1.1225822073102707,1.1429934713298016,1.1496262853476864,0.38423703823770794
Austria,AUT,1991,1.1265989934177476,1.1478824972252584,1.1538626010982824,0.38423703823770794
Austria,AUT,1992,1.136035092065069,1.1583529974649105,1.1637075794656289,0.38423703823770794
Austria,AUT,1993,1.1254345293931962,1.1480667020388378,1.1528567396013756,0.38423703823770794
Austria,AUT,1994,1.1288825988762534,1.1511273976744834,1.1554057770521151,0.38423703823770794
Austria,AUT,1995,1.144960773497803,1.1670993201801023,1.1709803370152425,0.38423703823770794
Austria,AUT,1996,1.1335604586310426,1.1561957694971339,1.1596783969098086,0.38423703823770794
Austria,AUT,1997,1.1285969787541754,1.1506180724314339,1.1537427377381873,0.38423703823770794
Austria,AUT,1998,1.1494442601598491,1.169789808691612,1.1726141895051052,0.38423703823770794
Austria,AUT,1999,1.1601262258850245,1.1786104177965218,1.1812050744117597,0.38423703823770794
Austria,AUT,2000,1.173661945991035,1.1909473328904552,1.1933467110944713,0.38423703823770794
Austria,AUT,2001,1.1738201151123429,1.1897205860069722,1.191966272556824,0.38423703823770794
Austria,AUT,2002,1.180957050910699,1.1950305205883893,1.1971780695034928,0.38423703823770794
Austria,AUT,2003,1.179978677195809,1.1918955695811748,1.1940142609836801,0.38423703823770794
Austria,AUT,2004,1.1928630298562197,1.20406896354754,1.2061358682719119,0.38423703823770794
Austria,AUT,2005,1.206984626717773,1.2181082677545012,1.2200739163680296,0.38423703823770794
Austria,AUT,2006,1.2263713240787029,1.2375691779340467,1.239393498214569,0.38423703823770794
Austria,AUT,2007,1.2449574061106121,1.2564202440456835,1.258063418177592,0.38423703823770794
Austria,AUT,2008,1.2385402864131576,1.251213081428574,1.252576848444483,0.38423703823770794
Austria,AUT,2009,1.2066440644814742,1.2205076683846112,1.2215561285410423,0.38423703823770794
Austria,AUT,2010,1.2117082779745836,1.22500496938442,1.2258102284128656,0.38423703823770794
Austria,AUT,2011,1.218976694002997,1.2320099296086973,1.2326052074654283,0.38423703823770794
Austria,AUT,2012,1.2167223287831481,1.2311299974509131,1.2314199025073291,0.38423703823770794
Austria,AUT,2013,1.2093913494887412,1.2251567826058816,1.2250910919242664,0.38423703823770794
Austria,AUT,2014,1.2043635354987021,1.2206996374763666,1.220302939503207,0.38423703823770794
Austria,AUT,2015,1.2104224919494433,1.2263024688772086,1.2256675823053476,0.38423703823770794
Austria,AUT,2016,1.2100224123457846,1.2257326207820265,1.2248962848121936,0.38423703823770794
Austria,AUT,2017,1.217067287225774,1.2332181764527181,1.2321488148749236,0.38423703823770794
Austria,AUT,2018,1.218277228813382,1.2352838004112687,1.2339298244072836,0.38423703823770794
Austria,AUT,2019,1.2141155740161045,1.232107918419815,1.2304290669151738,0.38423703823770794
Belgium,BEL,1950,0.43512898139226497,0.43512898139226497,0.43512898139226497,0.36879603437014985
Belgium,BEL,1951,0.46753530032332513,0.46895268032120274,0.47871238399120486,0.36879603437014985
Belgium,BEL,1952,0.4856875148468749,0.4873433733303658,0.5040601980329402,0.36879603437014985
Belgium,BEL,1953,0.5126108215730598,0.514298840525699,0.535268030328651,0.36879603437014985
Belgium,BEL,1954,0.5504652268686163,0.5521765696908076,0.575598856630541,0.36879603437014985
Belgium,BEL,1955,0.5778811591794852,0.5799324150076828,0.6052961576294322,0.36879603437014985
Belgium,BEL,1956,0.6049173186586803,0.6068661613124036,0.6328609575678366,0.36879603437014985
Belgium,BEL,1957,0.6135918251086157,0.6161673901361153,0.6431234857787551,0.36879603437014985
Belgium,BEL,1958,0.6092556932086106,0.6119703859661945,0.6392467548139349,0.36879603437014985
Belgium,BEL,1959,0.6466691021383157,0.6484695841662917,0.6744464784088624,0.36879603437014985
Belgium,BEL,1960,0.682785572110455,0.6851302443785112,0.7104811806520628,0.36879603437014985
Belgium,BEL,1961,0.7218100054617462,0.7250997757222271,0.7504949586055023,0.36879603437014985
Belgium,BEL,1962,0.7569023946648246,0.7610297007610409,0.7866658277617891,0.36879603437014985
Belgium,BEL,1963,0.7892367694630513,0.7934045654556598,0.818738421405997,0.36879603437014985
Belgium,BEL,1964,0.8427488195539308,0.8468892413696505,0.871583977621027,0.36879603437014985
Belgium,BEL,1965,0.8650448085185953,0.8708560708655142,0.8957264370092091,0.36879603437014985
Belgium,BEL,1966,0.8816472201295174,0.8877974668129864,0.9124820800100828,0.36879603437014985
Belgium,BEL,1967,0.9107196734170255,0.9175395807815763,0.9419795739522012,0.36879603437014985
Belgium,BEL,1968,0.9464176140137726,0.9531448707525536,0.9769388642621601,0.36879603437014985
Belgium,BEL,1969,0.9863145767110861,0.9927849066575645,1.0156526035932627,0.36879603437014985
Belgium,BEL,1970,1.039013271959539,1.0462960059536357,1.068494583904097,0.36879603437014985
Belgium,BEL,1971,1.0560287551568264,1.0646351918336112,1.0864582717949522,0.36879603437014985
Belgium,BEL,1972,1.1006854631908158,1.1094161012259507,1.1306203305049163,0.36879603437014985
Belgium,BEL,1973,1.147722414324786,1.1561721880666092,1.176518821411869,0.36879603437014985
Belgium,BEL,1974,1.1719494075951733,1.181547594052211,1.2012872387602105,0.36879603437014985
Belgium,BEL,1975,1.1495123699931442,1.161793674162796,1.1813987343400916,0.36879603437014985
Belgium,BEL,1976,1.187509206995105,1.1988581475245121,1.217765424121561,0.36879603437014985
Belgium,BEL,1977,1.185055632952296,1.1964046231418513,1.214514741821012,0.36879603437014985
Belgium,BEL,1978,1.1998561999789157,1.2107868941368167,1.2279881666107633,0.36879603437014985
Belgium,BEL,1979,1.2049360288656477,1.2154739712951903,1.231731229523474,0.36879603437014985
Belgium,BEL,1980,1.240395542000308,1.2505006853115468,1.265813090307378,0.36879603437014985
Belgium,BEL,1981,1.2385215883996779,1.2504803845920405,1.2651508129883453,0.36879603437014985
Belgium,BEL,1982,1.243757944267191,1.2539537148485254,1.2677346622588201,0.36879603437014985
Belgium,BEL,1983,1.2398851834872868,1.2481901737172594,1.2609862416870081,0.36879603437014985
Belgium,BEL,1984,1.2450713026413052,1.2507021439140216,1.2624501023946229,0.36879603437014985
Belgium,BEL,1985,1.2435038039638577,1.2490318937657827,1.259940825689819,0.36879603437014985
Belgium,BEL,1986,1.2526980237459302,1.2580067997419935,1.2682009499965199,0.36879603437014985
Belgium,BEL,1987,1.2641482462644094,1.2695033636906636,1.2790825473286604,0.36879603437014985
Belgium,BEL,1988,1.289337524242499,1.2955927750440432,1.3046584577574514,0.36879603437014985
Belgium,BEL,1989,1.3030561820283486,1.3118236147317681,1.3204743794077398,0.36879603437014985
Belgium,BEL,1990,1.3044612487668,1.3159246012855146,1.3241870210267654,0.36879603437014985
Belgium,BEL,1991,1.3154899063022825,1.3291430887967781,1.3369910335761803,0.36879603437014985
Belgium,BEL,1992,1.3231053102273993,1.3371560041249246,1.3445430570248478,0.36879603437014985
Belgium,BEL,1993,1.3182772885479492,1.3322958029727392,1.3392046663439503,0.36879603437014985
Belgium,BEL,1994,1.3365578814568924,1.3500082894389918,1.3564478328289526,0.36879603437014985
Belgium,BEL,1995,1.324654041389671,1.3376077834797764,1.3436008500458758,0.36879603437014985
Belgium,BEL,1996,1.3334238283134852,1.3460912467493618,1.3516560409025278,0.36879603437014985
Belgium,BEL,1997,1.349428974675269,1.3614953473612008,1.3666747365442617,0.36879603437014985
Belgium,BEL,1998,1.342109252598143,1.3536426219895992,1.3584713246524336,0.36879603437014985
Belgium,BEL,1999,1.3582136287268272,1.3687531693759771,1.3732790606803462,0.36879603437014985
Belgium,BEL,2000,1.3654740210304661,1.3757918960876054,1.3800234352766,0.36879603437014985
Belgium,BEL,2001,1.3590910472131723,1.369697859157407,1.3736125172964595,0.36879603437014985
Belgium,BEL,2002,1.359082465541765,1.3693354970798142,1.3729674741770488,0.36879603437014985
Belgium,BEL,2003,1.3593085002382503,1.3679321981287957,1.3713807910967954,0.36879603437014985
Belgium,BEL,2004,1.3824491984289669,1.3905676430157037,1.3938419707076264,0.36879603437014985
Belgium,BEL,2005,1.3879182578742455,1.3979330699273778,1.4008649827872972,0.36879603437014985
Belgium,BEL,2006,1.389862941254627,1.4023403575448103,1.404783747960816,0.36879603437014985
Belgium,BEL,2007,1.4036347962007154,1.4184199411740641,1.4202674748016548,0.36879603437014985
Belgium,BEL,2008,1.3891719097102522,1.4066096224468483,1.4077681752312374,0.36879603437014985
Belgium,BEL,2009,1.3644092817670233,1.3845684517973504,1.385036236634038,0.36879603437014985
Belgium,BEL,2010,1.378280361487647,1.397113027154477,1.3971362753467744,0.36879603437014985
Belgium,BEL,2011,1.3718203953921027,1.391024186208111,1.390649611161603,0.36879603437014985
Belgium,BEL,2012,1.365206885976348,1.385764265596901,1.3849659833290104,0.36879603437014985
Belgium,BEL,2013,1.3593697116216026,1.3807361688651625,1.3795161823747213,0.36879603437014985
Belgium,BEL,2014,1.3631590693006705,1.383611235038753,1.3821278695781514,0.36879603437014985
Belgium,BEL,2015,1.3699247942948594,1.3900541411847263,1.3883684557539304,0.36879603437014985
Belgium,BEL,2016,1.3641698299504545,1.3842807569120623,1.3823715551826528,0.36879603437014985
Belgium,BEL,2017,1.3566443764588332,1.3769499260683755,1.3748240126469806,0.36879603437014985
Belgium,BEL,2018,1.3525006042451047,1.3731867495432546,1.370821161156945,0.36879603437014985
Belgium,BEL,2019,1.3462917882789265,1.3679850743522897,1.3652963544206846,0.36879603437014985
Canada,CAN,1950,0.9259047434003955,0.9259047434003955,0.9259047434003955,0.292327287367412
Canada,CAN,1951,0.9387704155624164,0.9411644585478509,0.9524795752365307,0.292327287367412
Canada,CAN,1952,1.0001272199403637,1.0032462674044105,1.0227793251969395,0.292327287367412
Canada,CAN,1953,1.0282165782565365,1.031498036849472,1.0557616645702925,0.292327287367412
Canada,CAN,1954,1.0064316528664143,1.0103830773279032,1.0378326647100717,0.292327287367412
Canada,CAN,1955,1.0794112109234364,1.082445261137825,1.110201867691118,0.292327287367412
Canada,CAN,1956,1.1266952660161857,1.1306242211831856,1.1587208256573271,0.292327287367412
Canada,CAN,1957,1.1287289442662205,1.135037289781164,1.164199591363361,0.292327287367412
Canada,CAN,1958,1.1529039676091877,1.1596170131432686,1.188799645861213,0.292327287367412
Canada,CAN,1959,1.1664732102478306,1.1724355845319137,1.2005430337325906,0.292327287367412
Canada,CAN,1960,1.1875912852016342,1.1939137217372853,1.220842071962565,0.292327287367412
Canada,CAN,1961,1.2042867271775242,1.210421184698606,1.2359423388638602,0.292327287367412
Canada,CAN,1962,1.238138644752432,1.2434375420309323,1.2673222280032483,0.292327287367412
Canada,CAN,1963,1.2617048373387707,1.2671033287509044,1.2894991306597756,0.292327287367412
Canada,CAN,1964,1.2882831320434596,1.2940613749214984,1.3151331433309474,0.292327287367412
Canada,CAN,1965,1.3102602954231335,1.3172108321851708,1.3371600373264174,0.292327287367412
Canada,CAN,1966,1.3414540174051828,1.3507502739274608,1.3697735702851572,0.292327287367412
Canada,CAN,1967,1.3376667568917204,1.349112072498964,1.367228267973874,0.292327287367412
Canada,CAN,1968,1.3790033125884493,1.3901732153700594,1.407216488397979,0.292327287367412
Canada,CAN,1969,1.3982035085176108,1.4093415116190968,1.425280623820246,0.292327287367412
Canada,CAN,1970,1.4129053146907147,1.4250992236482283,1.4399638358756945,0.292327287367412
Canada,CAN,1971,1.4247081593209705,1.436488677178331,1.450295343327615,0.292327287367412
Canada,CAN,1972,1.4371323902807784,1.4494652395948115,1.4622470555316287,0.292327287367412
Canada,CAN,1973,1.4504753956463183,1.4637133250489995,1.475485371530489,0.292327287367412
Canada,CAN,1974,1.4293896458526794,1.444587536084991,1.4553077488029649,0.292327287367412
Canada,CAN,1975,1.4213694227824902,1.439720334817851,1.4492667390051555,0.292327287367412
Canada,CAN,1976,1.4508493033191838,1.471029844537159,1.4793712022404586,0.292327287367412
Canada,CAN,1977,1.4582715425112998,1.479881654457932,1.4870224793135733,0.292327287367412
Canada,CAN,1978,1.452478310054202,1.4743749550599095,1.4804190419650265,0.292327287367412
Canada,CAN,1979,1.4364306866061636,1.457942443373689,1.4630375546782695,0.292327287367412
Canada,CAN,1980,1.4213932705861119,1.4441579563229539,1.4482532005324238,0.292327287367412
Canada,CAN,1981,1.4245882305626516,1.4472680754035068,1.4504813655243378,0.292327287367412
Canada,CAN,1982,1.4078083969712294,1.4314005276062156,1.4337286055608347,0.292327287367412
Canada,CAN,1983,1.4182406842999313,1.438245563098734,1.4402075946638035,0.292327287367412
Canada,CAN,1984,1.439515928537828,1.4576355505330891,1.4594112011395968,0.292327287367412
Canada,CAN,1985,1.4434984201124683,1.4613732672924966,1.4628852594052217,0.292327287367412
Canada,CAN,1986,1.4252311616740974,1.4439388490052538,1.444998973255104,0.292327287367412
Canada,CAN,1987,1.4242398060682566,1.443731253175753,1.4442131881362874,0.292327287367412
Canada,CAN,1988,1.4264036753619695,1.4469413454980042,1.446725360245301,0.292327287367412
Canada,CAN,1989,1.4193650027235831,1.4418689078429265,1.4407362130937242,0.292327287367412
Canada,CAN,1990,1.4038495617183768,1.4274850415486666,1.4254404780848153,0.292327287367412
Canada,CAN,1991,1.3894944109114178,1.4118404984698039,1.4092711197999819,0.292327287367412
Canada,CAN,1992,1.3935860427693703,1.4139569247761523,1.4112329768153336,0.292327287367412
Canada,CAN,1993,1.4033415159098377,1.4214207018820213,1.4188391904117497,0.292327287367412
Canada,CAN,1994,1.415852047730847,1.4329040976654985,1.4304626745545361,0.292327287367412
Canada,CAN,1995,1.418455263754053,1.4353479455276208,1.4329010740121433,0.292327287367412
Canada,CAN,1996,1.4099359018151372,1.4263301454653625,1.4238754569310448,0.292327287367412
Canada,CAN,1997,1.4276599581011897,1.4432687178957053,1.4408576056787652,0.292327287367412
Canada,CAN,1998,1.4377949894915858,1.4544134094121386,1.4517362907635825,0.292327287367412
Canada,CAN,1999,1.4562333390378885,1.473528337487652,1.4704436852276945,0.292327287367412
Canada,CAN,2000,1.4799652241374321,1.497880580826303,1.4943201483416058,0.292327287367412
Canada,CAN,2001,1.4854521571485577,1.5043110830606565,1.5001887881015605,0.292327287367412
Canada,CAN,2002,1.4957004593151613,1.5146290901879649,1.5100374823722653,0.292327287367412
Canada,CAN,2003,1.4915936635423037,1.5107453834478548,1.505719521109551,0.292327287367412
Canada,CAN,2004,1.494430738483592,1.5143429063122333,1.508825462809389,0.292327287367412
Canada,CAN,2005,1.5063522326773509,1.5274257294969935,1.521317483007369,0.292327287367412
Canada,CAN,2006,1.5077443091450444,1.5305346253968803,1.5236682011861173,0.292327287367412
Canada,CAN,2007,1.499020713991392,1.5235729571767749,1.515845685738304,0.292327287367412
Canada,CAN,2008,1.4861232744029316,1.5118060212047766,1.5032659719949173,0.292327287367412
Canada,CAN,2009,1.4684367364372157,1.4945854412855937,1.485395166525116,0.292327287367412
Canada,CAN,2010,1.4745022399931589,1.4991936149181182,1.4898419423341291,0.292327287367412
Canada,CAN,2011,1.4848350450869443,1.5092466422131423,1.4998012170694466,0.292327287367412
Canada,CAN,2012,1.4814679922506766,1.506030491110236,1.4964553536629257,0.292327287367412
Canada,CAN,2013,1.4868972988375226,1.512154315468905,1.5023225575846837,0.292327287367412
Canada,CAN,2014,1.5022109113725222,1.5285483668593898,1.5182962506623507,0.292327287367412
Canada,CAN,2015,1.4901298735445163,1.516735953012713,1.5061267601982014,0.292327287367412
Canada,CAN,2016,1.486778482826585,1.5122932635756658,1.5016433925608137,0.292327287367412
Canada,CAN,2017,1.502416700789949,1.5260345868455918,1.5157057371597755,0.292327287367412
Canada,CAN,2018,1.5087821798058627,1.5312974786378213,1.521357775413561,0.292327287367412
Canada,CAN,2019,1.514772117825153,1.5362240811897898,1.5266996160723991,0.292327287367412
Colombia,COL,1950,0.16319760942696604,0.16319760942696604,0.16319760942696604,0.5218912414142063
Colombia,COL,1951,0.13684397025816875,0.1571658385568213,0.17158126684745234,0.5218912414142063
Colombia,COL,1952,0.15506488691345854,0.1806647644367354,0.2078421516858402,0.5218912414142063
Colombia,COL,1953,0.18455167607945633,0.21153201684359146,0.24739368725539546,0.5218912414142063
Colombia,COL,1954,0.2093478232977839,0.2374352598963494,0.2792010035831325,0.5218912414142063
Colombia,COL,1955,0.19572942262384085,0.22578607356968483,0.27233431146178244,0.5218912414142063
Colombia,COL,1956,0.16679248385691903,0.1965204526408213,0.24554631157220452,0.5218912414142063
Colombia,COL,1957,0.12101581693139263,0.1490992828056683,0.19834455085658398,0.5218912414142063
Colombia,COL,1958,0.08729743046105032,0.11182735544864819,0.1586928186378591,0.5218912414142063
Colombia,COL,1959,0.1159646594519721,0.13619750455222768,0.17868708220246265,0.5218912414142063
Colombia,COL,1960,0.1335136476200356,0.15242034970790463,0.19135733906445385,0.5218912414142063
Colombia,COL,1961,0.14638928734507672,0.1659947761453422,0.20323927121137952,0.5218912414142063
Colombia,COL,1962,0.15017220586909374,0.1697432197376374,0.20591221609190669,0.5218912414142063
Colombia,COL,1963,0.1420698543818384,0.15932346710352885,0.19323292748253706,0.5218912414142063
Colombia,COL,1964,0.182874243243087,0.1982823754167029,0.22957454890766638,0.5218912414142063
Colombia,COL,1965,0.15372733064095723,0.16953120335629723,0.1995107434012704,0.5218912414142063
Colombia,COL,1966,0.1677837957788766,0.18266818036033872,0.21122485452789874,0.5218912414142063
Colombia,COL,1967,0.16442557538380775,0.1796038580992878,0.20750205826854362,0.5218912414142063
Colombia,COL,1968,0.18683262950989654,0.20159711165719862,0.22881819944551385,0.5218912414142063
Colombia,COL,1969,0.20551275275072722,0.2214780102169991,0.24911895776246062,0.5218912414142063
Colombia,COL,1970,0.22766371047350997,0.24370999799284387,0.27166207752105453,0.5218912414142063
Colombia,COL,1971,0.2382321202231914,0.2558270222909229,0.28503182109800473,0.5218912414142063
Colombia,COL,1972,0.2666463086955497,0.2841620539003431,0.31405648143703413,0.5218912414142063
Colombia,COL,1973,0.2905831749907568,0.3068349709074498,0.33626815181576397,0.5218912414142063
Colombia,COL,1974,0.30463086065748257,0.32066908519416426,0.34967497019366256,0.5218912414142063
Colombia,COL,1975,0.26914013801344794,0.2872866336355786,0.31748348893829625,0.5218912414142063
Colombia,COL,1976,0.27788130631412944,0.29300966525791594,0.32184179341846963,0.5218912414142063
Colombia,COL,1977,0.27530466017601896,0.28921725527976605,0.316390008610516,0.5218912414142063
Colombia,COL,1978,0.3192985643671493,0.3336199099429864,0.36006534328219253,0.5218912414142063
Colombia,COL,1979,0.3337551084126069,0.3482474700756857,0.3743658551468938,0.5218912414142063
Colombia,COL,1980,0.3418818738620706,0.355657099080366,0.38108297915477785,0.5218912414142063
Colombia,COL,1981,0.3196800561221922,0.3336221872643659,0.35873983738657067,0.5218912414142063
Colombia,COL,1982,0.29402092228450805,0.3092991085799026,0.33514843940483274,0.5218912414142063
Colombia,COL,1983,0.281959155765267,0.2977810816108608,0.3244455664050756,0.5218912414142063
Colombia,COL,1984,0.2859912628035923,0.3009742718973234,0.32755384247871167,0.5218912414142063
Colombia,COL,1985,0.28326990402547914,0.2965533604115995,0.3219173628877803,0.5218912414142063
Colombia,COL,1986,0.30586480187366405,0.3171029275575741,0.3403337977197749,0.5218912414142063
Colombia,COL,1987,0.31704770857245546,0.3274504521317567,0.34881401364928166,0.5218912414142063
Colombia,COL,1988,0.31915979448196286,0.3303684929633892,0.3511495478101905,0.5218912414142063
Colombia,COL,1989,0.3089312639807309,0.3208785972343984,0.34181192435813035,0.5218912414142063
Colombia,COL,1990,0.3209569829244536,0.33152945100081155,0.35161294193896175,0.5218912414142063
Colombia,COL,1991,0.2938270956533673,0.30299853892080897,0.3216071842841268,0.5218912414142063
Colombia,COL,1992,0.31327704556062574,0.3209511827617666,0.33763737281203987,0.5218912414142063
Colombia,COL,1993,0.30980951605866736,0.32056500861712234,0.3381869918157978,0.5218912414142063
Colombia,COL,1994,0.3037682072106831,0.3186339717036599,0.3396825233387677,0.5218912414142063
Colombia,COL,1995,0.2983458235832357,0.3151188364606856,0.3395751117721515,0.5218912414142063
Colombia,COL,1996,0.27802294548785067,0.29503068924389275,0.3217037116466228,0.5218912414142063
Colombia,COL,1997,0.2765597737427239,0.2908523358136268,0.31698655652527563,0.5218912414142063
Colombia,COL,1998,0.25753665277494164,0.2703425143395455,0.29513005210091325,0.5218912414142063
Colombia,COL,1999,0.19948997608297248,0.21074280075185037,0.23364840301849998,0.5218912414142063
Colombia,COL,2000,0.1903651296048201,0.1961326855991956,0.21417358964651445,0.5218912414142063
Colombia,COL,2001,0.19294502386606194,0.19767771728853667,0.21201913987932386,0.5218912414142063
Colombia,COL,2002,0.17475532236948776,0.17991207785283247,0.19225313020329082,0.5218912414142063
Colombia,COL,2003,0.1830394639669901,0.1893295095758436,0.20120759324223148,0.5218912414142063
Colombia,COL,2004,0.20173503679642302,0.2092732548294478,0.22172415941201606,0.5218912414142063
Colombia,COL,2005,0.2058349327605855,0.2146522452239612,0.22821099774985854,0.5218912414142063
Colombia,COL,2006,0.22623271522496058,0.23627030620739475,0.251134550318989,0.5218912414142063
Colombia,COL,2007,0.23594350004772746,0.2473934561852218,0.263999527975912,0.5218912414142063
Colombia,COL,2008,0.22884958793580168,0.24146523547018983,0.2598952747111527,0.5218912414142063
Colombia,COL,2009,0.21845606805648465,0.23119033291228153,0.2509602925808272,0.5218912414142063
Colombia,COL,2010,0.2318510717061475,0.24286381002571478,0.26228661591382796,0.5218912414142063
Colombia,COL,2011,0.2677760192458525,0.27802477628457645,0.2966785554467579,0.5218912414142063
Colombia,COL,2012,0.27550487584613226,0.2863897799502091,0.3050324017698225,0.5218912414142063
Colombia,COL,2013,0.29883155803364136,0.30923707603167117,0.32756940756397945,0.5218912414142063
Colombia,COL,2014,0.3236728531260278,0.33362610611725785,0.3514633675035119,0.5218912414142063
Colombia,COL,2015,0.31731376146740686,0.32791681481963497,0.3459293954673912,0.5218912414142063
Colombia,COL,2016,0.3196226601682248,0.3294694170741108,0.34709585432197354,0.5218912414142063
Colombia,COL,2017,0.3182715474047484,0.3271730047139023,0.3439298505214907,0.5218912414142063
Colombia,COL,2018,0.329315363105362,0.33686335106408105,0.35215288985393123,0.5218912414142063
Colombia,COL,2019,0.35460668572100396,0.36135867567866686,0.37521263714188446,0.5218912414142063
Costa Rica,CRI,1950,0.4635471073222277,0.4635471073222277,0.4635471073222277,0.42373903564044413
Costa Rica,CRI,1951,0.47789189974129975,0.47846908743186667,0.4900474931453145,0.42373903564044413
Costa Rica,CRI,1952,0.5738404878272414,0.5744194611739193,0.594671851843855,0.42373903564044413
Costa Rica,CRI,1953,0.7065400924621361,0.7071500797349834,0.7360174786217062,0.42373903564044413
Costa Rica,CRI,1954,0.7171194632502038,0.7177030488063725,0.7514765227796127,0.42373903564044413
Costa Rica,CRI,1955,0.7919346183751701,0.7924630277495304,0.8269573144988343,0.42373903564044413
Costa Rica,CRI,1956,0.7481116539463661,0.7486397897218255,0.7847354547957979,0.42373903564044413
Costa Rica,CRI,1957,0.7799721224016603,0.780500702059828,0.8187839176804221,0.42373903564044413
Costa Rica,CRI,1958,0.8538015228411009,0.8543273354939078,0.894937463803342,0.42373903564044413
Costa Rica,CRI,1959,0.8524335533037828,0.8528786276454436,0.890921448347199,0.42373903564044413
Costa Rica,CRI,1960,0.8924777976878362,0.8929730492755139,0.933631080935629,0.42373903564044413
Costa Rica,CRI,1961,0.847066186047571,0.8475051229359405,0.8871906625108315,0.42373903564044413
Costa Rica,CRI,1962,0.8786890470475717,0.8791003926846308,0.9173811939388683,0.42373903564044413
Costa Rica,CRI,1963,0.9017688454892907,0.9021697950858023,0.9397841561096856,0.42373903564044413
Costa Rica,CRI,1964,0.9092493351524107,0.9096286544471646,0.9462682751601177,0.42373903564044413
Costa Rica,CRI,1965,0.9797183003502594,0.9800332722081109,1.012817951945964,0.42373903564044413
Costa Rica,CRI,1966,1.0000604424099686,1.0004394580968379,1.0354957008839172,0.42373903564044413
Costa Rica,CRI,1967,1.018082513719559,1.0184466191045018,1.0545330227711265,0.42373903564044413
Costa Rica,CRI,1968,1.0615951969656,1.0619472900397051,1.0984663494942346,0.42373903564044413
Costa Rica,CRI,1969,1.0809576475838458,1.081278073928904,1.116629871063787,0.42373903564044413
Costa Rica,CRI,1970,1.1126209706895525,1.1129669047875694,1.1496720342207318,0.42373903564044413
Costa Rica,CRI,1971,1.1163899547527274,1.1167558189722415,1.155930400395805,0.42373903564044413
Costa Rica,CRI,1972,1.1255228547044904,1.125953385217727,1.1709810463773156,0.42373903564044413
Costa Rica,CRI,1973,1.1398781724050844,1.1402395666152705,1.18481185343858,0.42373903564044413
Costa Rica,CRI,1974,1.131407372736346,1.131813004654222,1.1791903390916607,0.42373903564044413
Costa Rica,CRI,1975,1.0762844716930662,1.076714682056818,1.1275359974529477,0.42373903564044413
Costa Rica,CRI,1976,1.0693496824171769,1.069695848059716,1.1176756739460085,0.42373903564044413
Costa Rica,CRI,1977,1.082767804755668,1.0831643780871127,1.1328471130822493,0.42373903564044413
Costa Rica,CRI,1978,1.0763473351964477,1.0767785705581447,1.1297746010139722,0.42373903564044413
Costa Rica,CRI,1979,1.0656891017307828,1.0660694282874479,1.1180566347056162,0.42373903564044413
Costa Rica,CRI,1980,1.0163610893128032,1.0167424065992625,1.06840786563109,0.42373903564044413
Costa Rica,CRI,1981,0.9511621448248153,0.9515375767504226,1.0028303046486577,0.42373903564044413
Costa Rica,CRI,1982,0.8424033116315242,0.8425481843312204,0.8800778103095563,0.42373903564044413
Costa Rica,CRI,1983,0.8314924754495188,0.8315454762823542,0.8558338993345762,0.42373903564044413
Costa Rica,CRI,1984,0.8573059633748761,0.8574365475353263,0.8786453025726084,0.42373903564044413
Costa Rica,CRI,1985,0.820191078881872,0.8203483179611606,0.8414367799681743,0.42373903564044413
Costa Rica,CRI,1986,0.8293290029377269,0.829496213915597,0.8511915548742754,0.42373903564044413
Costa Rica,CRI,1987,0.8028224428736888,0.8030570454163035,0.8292681464576477,0.42373903564044413
Costa Rica,CRI,1988,0.7907050082196099,0.7909525993834707,0.8206389374155272,0.42373903564044413
Costa Rica,CRI,1989,0.7914558465668895,0.7916554443584793,0.8205106859418692,0.42373903564044413
Costa Rica,CRI,1990,0.7742819694964034,0.7744813603994531,0.8029033232659977,0.42373903564044413
Costa Rica,CRI,1991,0.7820379936976032,0.782237702918021,0.8104841212950884,0.42373903564044413
Costa Rica,CRI,1992,0.8045698277628519,0.8047075176139984,0.8291549627795067,0.42373903564044413
Costa Rica,CRI,1993,0.830737793360905,0.8309581997648641,0.8581970361804672,0.42373903564044413
Costa Rica,CRI,1994,0.8189879169770533,0.8192517424819687,0.8508831849555909,0.42373903564044413
Costa Rica,CRI,1995,0.8231950876678127,0.8234359604593431,0.8564113288760282,0.42373903564044413
Costa Rica,CRI,1996,0.7856282060842279,0.7858594967744903,0.8190235365891052,0.42373903564044413
Costa Rica,CRI,1997,0.8002684398534239,0.8004625049455178,0.8314475001133879,0.42373903564044413
Costa Rica,CRI,1998,0.8219904156053879,0.8222422002930045,0.8553625466101877,0.42373903564044413
Costa Rica,CRI,1999,0.8066021017535432,0.806919343359815,0.8453121982879299,0.42373903564044413
Costa Rica,CRI,2000,0.7916940433560935,0.7919894303746151,0.8322281082501881,0.42373903564044413
Costa Rica,CRI,2001,0.7916432408378515,0.7919013149358225,0.8310908001977069,0.42373903564044413
Costa Rica,CRI,2002,0.7721015395101327,0.7723531225598768,0.81048363328948,0.42373903564044413
Costa Rica,CRI,2003,0.7679654584014468,0.7682371767643383,0.8071445144261666,0.42373903564044413
Costa Rica,CRI,2004,0.7551498522229423,0.7554194664427278,0.7947716493520343,0.42373903564044413
Costa Rica,CRI,2005,0.7506000637735379,0.7508468180656838,0.788965954449508,0.42373903564044413
Costa Rica,CRI,2006,0.7749406845609466,0.7751812905723936,0.8122343348688092,0.42373903564044413
Costa Rica,CRI,2007,0.7958719425742933,0.7961346881852496,0.8340765210241079,0.42373903564044413
Costa Rica,CRI,2008,0.7941318898545875,0.7944491630578643,0.8365761913454692,0.42373903564044413
Costa Rica,CRI,2009,0.7639548921762085,0.7642879171843227,0.8102315997901917,0.42373903564044413
Costa Rica,CRI,2010,0.8018518929626515,0.8020469719797978,0.8416299465844705,0.42373903564044413
Costa Rica,CRI,2011,0.793903707395442,0.794115030799742,0.830982107499513,0.42373903564044413
Costa Rica,CRI,2012,0.8271419663838167,0.8273623542380255,0.8632187283562711,0.42373903564044413
Costa Rica,CRI,2013,0.8254928028553357,0.8257297907862666,0.8620565390625972,0.42373903564044413
Costa Rica,CRI,2014,0.8302774085309936,0.8304753643158858,0.8646722430346445,0.42373903564044413
Costa Rica,CRI,2015,0.8267674922472885,0.8269441183364368,0.8585962805380918,0.42373903564044413
Costa Rica,CRI,2016,0.8229123829715883,0.8230628262196378,0.8515611868126012,0.42373903564044413
Costa Rica,CRI,2017,0.8361513285548741,0.8362954304848449,0.8625319118862356,0.42373903564044413
Costa Rica,CRI,2018,0.8572484896770325,0.8573946200835412,0.88242513844079,0.42373903564044413
Costa Rica,CRI,2019,0.8610356449094834,0.861161851210464,0.884236260211158,0.42373903564044413
Czech Republic,CZE,1990,0.13639904701787753,0.13639904701787753,0.13639904701787753,0.4774419764677683
Czech Republic,CZE,1991,0.019219315344369825,0.03206749639014994,0.029164678875126526,0.4774419764677683
Czech Republic,CZE,1992,0.03102611504960251,0.05103962500491388,0.04460838375965359,0.4774419764677683
Czech Republic,CZE,1993,0.01620579456562421,0.04271981641754685,0.03251474234193363,0.4774419764677683
Czech Republic,CZE,1994,0.039387385448731216,0.07126981800827092,0.05738725046832105,0.4774419764677683
Czech Republic,CZE,1995,0.0869120472697924,0.1243376280129187,0.10715884536858589,0.4774419764677683
Czech Republic,CZE,1996,0.12037414052778495,0.1644733073724005,0.1437399033751543,0.4774419764677683
Czech Republic,CZE,1997,0.1088173446816425,0.1595782665777845,0.1351412806829888,0.4774419764677683
Czech Republic,CZE,1998,0.10211509680401676,0.15672877260938556,0.12916834103962138,0.4774419764677683
Czech Republic,CZE,1999,0.11644527703410024,0.1734682244895147,0.14350932689904106,0.4774419764677683
Czech Republic,CZE,2000,0.15241634072476007,0.21073476423097048,0.17909967098681623,0.4774419764677683
Czech Republic,CZE,2001,0.20175983376269624,0.261509809627114,0.22864743151565126,0.4774419764677683
Czech Republic,CZE,2002,0.21207236527635942,0.2722933917567163,0.23875984304870013,0.4774419764677683
Czech Republic,CZE,2003,0.2526207247645793,0.31261356968305876,0.27895581107811296,0.4774419764677683
Czech Republic,CZE,2004,0.29468145441448,0.3548459348707782,0.3210152950434839,0.4774419764677683
Czech Republic,CZE,2005,0.3433336191133378,0.4050244391980389,0.37075178412889453,0.4774419764677683
Czech Republic,CZE,2006,0.40076747339888996,0.46440968033128893,0.4293744478322541,0.4774419764677683
Czech Republic,CZE,2007,0.4401913614373134,0.507518786985,0.4710846445024668,0.4774419764677683
Czech Republic,CZE,2008,0.4440607775516252,0.5162724724587964,0.4777188517984339,0.4774419764677683
Czech Republic,CZE,2009,0.3979360011982189,0.47421349360276555,0.43334986513645024,0.4774419764677683
Czech Republic,CZE,2010,0.41630958336300417,0.4901166453928836,0.44832679924896457,0.4774419764677683
Czech Republic,CZE,2011,0.42892886819275855,0.5001819474371363,0.4584545060630516,0.4774419764677683
Czech Republic,CZE,2012,0.4223417339294251,0.4919552065884023,0.45070003986069995,0.4774419764677683
Czech Republic,CZE,2013,0.41905406573450854,0.48675847472388956,0.44629894591578356,0.4774419764677683
Czech Republic,CZE,2014,0.43156337780883813,0.49587213499573846,0.4567828784848409,0.4774419764677683
Czech Republic,CZE,2015,0.4790593213559742,0.5409266227681648,0.5033333900493089,0.4774419764677683
Czech Republic,CZE,2016,0.4826376091434401,0.5443637740299829,0.5077619878096007,0.4774419764677683
Czech Republic,CZE,2017,0.5188834850775113,0.5785417472154064,0.5431065980248375,0.4774419764677683
Czech Republic,CZE,2018,0.5365701785113028,0.5958671775013391,0.5612356818739759,0.4774419764677683
Czech Republic,CZE,2019,0.5486379288140473,0.6085467261072628,0.5742575901140325,0.4774419764677683
Denmark,DNK,1950,0.5259207670056236,0.5259207670056236,0.5259207670056236,0.3603947068963732
Denmark,DNK,1951,0.5166126304266037,0.5189259321440609,0.5298837928043518,0.3603947068963732
Denmark,DNK,1952,0.5638610625094564,0.5659986926172236,0.5826574853841047,0.3603947068963732
Denmark,DNK,1953,0.6290993023733691,0.631202967070382,0.6511064273967424,0.3603947068963732
Denmark,DNK,1954,0.6916350908510847,0.6946073986026287,0.7174394252905811,0.3603947068963732
Denmark,DNK,1955,0.7128229744925765,0.7163555549883736,0.7411691455045881,0.3603947068963732
Denmark,DNK,1956,0.7271282981648994,0.729813932414495,0.7546954735893525,0.3603947068963732
Denmark,DNK,1957,0.7504894580408115,0.7537870439347092,0.778751901075097,0.3603947068963732
Denmark,DNK,1958,0.7581183055522267,0.7624105305023887,0.7875409789700001,0.3603947068963732
Denmark,DNK,1959,0.8117543304497046,0.8155568945459315,0.8400935081890797,0.3603947068963732
Denmark,DNK,1960,0.8414091612171237,0.8482900402326266,0.8731929225485731,0.3603947068963732
Denmark,DNK,1961,0.8698702225599328,0.8798814533448223,0.9054272941245918,0.3603947068963732
Denmark,DNK,1962,0.8955516041476743,0.9066964929898331,0.9322823806419818,0.3603947068963732
Denmark,DNK,1963,0.8748271349168295,0.887213893803998,0.9124630119683541,0.3603947068963732
Denmark,DNK,1964,0.9223232664289815,0.9335499127185134,0.957795191141245,0.3603947068963732
Denmark,DNK,1965,0.9238015352778319,0.9378240927619412,0.9613189363923071,0.3603947068963732
Denmark,DNK,1966,0.9206103001809804,0.9367459003941407,0.9594272471053138,0.3603947068963732
Denmark,DNK,1967,0.9643188220044268,0.9809384990308789,1.0025662786305185,0.3603947068963732
Denmark,DNK,1968,1.0077745052881415,1.0247096886927292,1.0451517747294572,0.3603947068963732
Denmark,DNK,1969,1.0503421461839286,1.0678682817675211,1.0870774140167425,0.3603947068963732
Denmark,DNK,1970,1.0415561516284804,1.0614956963041493,1.079487316403191,0.3603947068963732
Denmark,DNK,1971,1.0620744011240388,1.0832418487025333,1.0998929438963154,0.3603947068963732
Denmark,DNK,1972,1.0868620019134418,1.108327202698269,1.123598938200371,0.3603947068963732
Denmark,DNK,1973,1.1126937391642553,1.1350165972157908,1.148939759637873,0.3603947068963732
Denmark,DNK,1974,1.0892808360135877,1.113437054461179,1.125945230140072,0.3603947068963732
Denmark,DNK,1975,1.0889517171011622,1.1134746775366287,1.1246285309439203,0.3603947068963732
Denmark,DNK,1976,1.1152417260943128,1.13680059031996,1.146905406064449,0.3603947068963732
Denmark,DNK,1977,1.124344511217763,1.1468214107710875,1.155849543538542,0.3603947068963732
Denmark,DNK,1978,1.1319073307779064,1.1539567625406475,1.1620387986496468,0.3603947068963732
Denmark,DNK,1979,1.1503750382120828,1.1713539422047656,1.178655853410862,0.3603947068963732
Denmark,DNK,1980,1.1260176662956152,1.1468331326682888,1.1533868342459979,0.3603947068963732
Denmark,DNK,1981,1.1289552409640438,1.1469673683446757,1.1530629625995061,0.3603947068963732
Denmark,DNK,1982,1.1502700139245476,1.1638156268593818,1.169859592366472,0.3603947068963732
Denmark,DNK,1983,1.1674751415586995,1.1792195660495448,1.1852115739093882,0.3603947068963732
Denmark,DNK,1984,1.1906881658428699,1.2011747033558704,1.2071123431932014,0.3603947068963732
Denmark,DNK,1985,1.2078199795343831,1.2196171071628559,1.2252074072253984,0.3603947068963732
Denmark,DNK,1986,1.2246733064272446,1.2387176348089755,1.2436208080950308,0.3603947068963732
Denmark,DNK,1987,1.2219958704715106,1.239464440504288,1.2433436505588213,0.3603947068963732
Denmark,DNK,1988,1.2193492911150994,1.237989841544346,1.240874104893523,0.3603947068963732
Denmark,DNK,1989,1.22117338053991,1.2397631089987415,1.2418183698632275,0.3603947068963732
Denmark,DNK,1990,1.2318102191822655,1.2503524838885998,1.2517232047694407,0.3603947068963732
Denmark,DNK,1991,1.2411531150664175,1.2590077462926264,1.2598578776199139,0.3603947068963732
Denmark,DNK,1992,1.2481832936818762,1.2648739844404568,1.2654244388349607,0.3603947068963732
Denmark,DNK,1993,1.2493374660434045,1.2652502076939127,1.2655823051167268,0.3603947068963732
Denmark,DNK,1994,1.2980533716387699,1.3123411079728005,1.3126621628388602,0.3603947068963732
Denmark,DNK,1995,1.3082527141744995,1.3225524847402088,1.3227804582760072,0.3603947068963732
Denmark,DNK,1996,1.321884585592814,1.3378476328274846,1.337659352825896,0.3603947068963732
Denmark,DNK,1997,1.326404934842473,1.3429477325292023,1.3423129339450783,0.3603947068963732
Denmark,DNK,1998,1.3203916453700097,1.338511393699707,1.3372260510077272,0.3603947068963732
Denmark,DNK,1999,1.3249808749843126,1.3439033369297375,1.3419589779217302,0.3603947068963732
Denmark,DNK,2000,1.3428689036919943,1.3610634201673477,1.358682968310763,0.3603947068963732
Denmark,DNK,2001,1.3342132429801312,1.3529234282648996,1.3500690967503726,0.3603947068963732
Denmark,DNK,2002,1.3323073997389132,1.3511938267228123,1.3479001396327241,0.3603947068963732
Denmark,DNK,2003,1.3360847245163763,1.3545027226278439,1.350919459387863,0.3603947068963732
Denmark,DNK,2004,1.357511344472072,1.3754925861349152,1.3717174129516154,0.3603947068963732
Denmark,DNK,2005,1.3642115818202418,1.3834024810171988,1.37922188738008,0.3603947068963732
Denmark,DNK,2006,1.37567377586781,1.396148166612722,1.3913849026325975,0.3603947068963732
Denmark,DNK,2007,1.3676629773455682,1.3908969079088225,1.385182645152959,0.3603947068963732
Denmark,DNK,2008,1.3448346451789153,1.370089118726833,1.3633546254806514,0.3603947068963732
Denmark,DNK,2009,1.3101146808762225,1.3362301874928413,1.3286130618525176,0.3603947068963732
Denmark,DNK,2010,1.3350493795099538,1.3580259133203105,1.350350112740613,0.3603947068963732
Denmark,DNK,2011,1.3355458192675886,1.3556022428350598,1.3483529495250384,0.3603947068963732
Denmark,DNK,2012,1.3410801568335975,1.3593571908765263,1.3526592148687708,0.3603947068963732
Denmark,DNK,2013,1.341267710082617,1.3590008230069328,1.3527288570036209,0.3603947068963732
Denmark,DNK,2014,1.3498207207378181,1.3670409223397604,1.3610927300102187,0.3603947068963732
Denmark,DNK,2015,1.3608853886889776,1.3782003262682814,1.3723901155854712,0.3603947068963732
Denmark,DNK,2016,1.3736061302173521,1.3916500025929306,1.3857476451932058,0.3603947068963732
Denmark,DNK,2017,1.385950317056202,1.4058592559041267,1.3994565342155667,0.3603947068963732
Denmark,DNK,2018,1.3993198989094724,1.4214095322596485,1.4141680669644794,0.3603947068963732
Denmark,DNK,2019,1.4098962677204065,1.4345723288838244,1.4262086614935194,0.3603947068963732
Estonia,EST,1990,0.44304833545140543,0.44304833545140543,0.44304833545140543,0.40406034787495926
Estonia,EST,1991,0.3598851304487365,0.38058777824036927,0.3752918755011807,0.40406034787495926
Estonia,EST,1992,0.14531408023548753,0.17671902772619408,0.16534771711164176,0.40406034787495926
Estonia,EST,1993,0.1260176143370444,0.16085124233010717,0.14487820131452,0.40406034787495926
Estonia,EST,1994,0.11983609574619791,0.15602494300671488,0.13692987340551976,0.40406034787495926
Estonia,EST,1995,0.17855680483258496,0.21528281801764315,0.19421169785665793,0.40406034787495926
Estonia,EST,1996,0.23194131660957584,0.26856659894678625,0.24641389322581553,0.40406034787495926
Estonia,EST,1997,0.34263102867154416,0.38024434583109734,0.3572923298857775,0.40406034787495926
Estonia,EST,1998,0.3784530918784377,0.4204425482487979,0.3959691850684468,0.40406034787495926
Estonia,EST,1999,0.38297751874961516,0.43002711856706455,0.40337916171717225,0.40406034787495926
Estonia,EST,2000,0.45953299232945355,0.507414192046685,0.47938704519665976,0.40406034787495926
Estonia,EST,2001,0.5083603808375026,0.5589226367534001,0.5294510882094166,0.40406034787495926
Estonia,EST,2002,0.5643507014504738,0.6183340780339215,0.5872541239804798,0.40406034787495926
Estonia,EST,2003,0.6112822988390327,0.6701666508701019,0.6367624868187809,0.40406034787495926
Estonia,EST,2004,0.659825328903195,0.7275430719875962,0.690096565085426,0.40406034787495926
Estonia,EST,2005,0.7108181158807163,0.7879479549232542,0.7456815119870406,0.40406034787495926
Estonia,EST,2006,0.7546246864514394,0.8403401065185934,0.7927475686736205,0.40406034787495926
Estonia,EST,2007,0.7949658457969955,0.8952173475355316,0.8405463330590104,0.40406034787495926
Estonia,EST,2008,0.7211082322756699,0.8331233251763104,0.7716652406892246,0.40406034787495926
Estonia,EST,2009,0.651423643023481,0.7631435155807811,0.698242756189309,0.40406034787495926
Estonia,EST,2010,0.6897201688775851,0.7872614949447012,0.7240064681344274,0.40406034787495926
Estonia,EST,2011,0.7032078212030832,0.7894069796384127,0.7302524803053672,0.40406034787495926
Estonia,EST,2012,0.7219057662549391,0.8030998346571296,0.747907624216106,0.40406034787495926
Estonia,EST,2013,0.7172437857853193,0.7971563133631676,0.7448815048121675,0.40406034787495926
Estonia,EST,2014,0.731083282028699,0.8067252031678125,0.757484313925235,0.40406034787495926
Estonia,EST,2015,0.7220095617444562,0.7939845248690958,0.7476800514318169,0.40406034787495926
Estonia,EST,2016,0.7400710762724723,0.8058405155057757,0.7629848725720301,0.40406034787495926
Estonia,EST,2017,0.766126226727482,0.8269287027636851,0.7874308848935367,0.40406034787495926
Estonia,EST,2018,0.801799734963561,0.8621752426868623,0.8247792540833556,0.40406034787495926
Estonia,EST,2019,0.8324725865959328,0.892860786675767,0.8566283011277385,0.40406034787495926
Finland,FIN,1950,0.33805666345510765,0.33805666345510765,0.33805666345510765,0.3541393646172115
Finland,FIN,1951,0.39416405495078966,0.3986976840175114,0.4136977302822631,0.3541393646172115
Finland,FIN,1952,0.4121222178122901,0.4195342038380341,0.44657935401703597,0.3541393646172115
Finland,FIN,1953,0.3733155625490179,0.38288364294196775,0.41745808543473384,0.3541393646172115
Finland,FIN,1954,0.4269097392119212,0.4346125709061015,0.4704441536494972,0.3541393646172115
Finland,FIN,1955,0.47630895190018396,0.48546358417121915,0.5215521130100473,0.3541393646172115
Finland,FIN,1956,0.4753465658597973,0.486222904275075,0.5217672624616512,0.3541393646172115
Finland,FIN,1957,0.45078895356742965,0.46309005903644884,0.4973646552323636,0.3541393646172115
Finland,FIN,1958,0.4251583772313321,0.43745128046302373,0.469754842716009,0.3541393646172115
Finland,FIN,1959,0.47482695114766926,0.4861574494423673,0.5161416438343878,0.3541393646172115
Finland,FIN,1960,0.5328395562141042,0.5453971740146368,0.5731713436478278,0.3541393646172115
Finland,FIN,1961,0.5627622339283747,0.5789321092949331,0.6045600961658497,0.3541393646172115
Finland,FIN,1962,0.5671071671441084,0.5853383403602184,0.6087237732442601,0.3541393646172115
Finland,FIN,1963,0.571705399836631,0.5897153403917548,0.6109007919803879,0.3541393646172115
Finland,FIN,1964,0.5962651730934452,0.612781579727506,0.6319939211954573,0.3541393646172115
Finland,FIN,1965,0.6119109970991925,0.6291239479192754,0.646436500977523,0.3541393646172115
Finland,FIN,1966,0.6178031852916543,0.6381854499007051,0.6533963776244498,0.3541393646172115
Finland,FIN,1967,0.627915292070238,0.6493094179839893,0.6625130585542536,0.3541393646172115
Finland,FIN,1968,0.6373524802218045,0.6574209810145524,0.6690203161323032,0.3541393646172115
Finland,FIN,1969,0.7061290239184252,0.7243159416628524,0.7347166413440824,0.3541393646172115
Finland,FIN,1970,0.7441472141242294,0.762784570511049,0.7719407702807972,0.3541393646172115
Finland,FIN,1971,0.751645774685298,0.774645053159075,0.7818909228156885,0.3541393646172115
Finland,FIN,1972,0.7974962399752981,0.8230254923590898,0.8282432919793141,0.3541393646172115
Finland,FIN,1973,0.8316341003561218,0.8581495288731729,0.8615488547808514,0.3541393646172115
Finland,FIN,1974,0.8350345446785283,0.8638985149579561,0.8653504918180905,0.3541393646172115
Finland,FIN,1975,0.8281844991733891,0.8624823801336508,0.8612893571759246,0.3541393646172115
Finland,FIN,1976,0.8085222458728456,0.8470574731016676,0.8430070706174009,0.3541393646172115
Finland,FIN,1977,0.803665783512372,0.84001613842553,0.8344306441479912,0.3541393646172115
Finland,FIN,1978,0.8176938697155647,0.8507260347020082,0.8446107879467428,0.3541393646172115
Finland,FIN,1979,0.8647627075465572,0.893002206830741,0.887264257767316,0.3541393646172115
Finland,FIN,1980,0.906392501037721,0.9342611434409482,0.9285859033211832,0.3541393646172115
Finland,FIN,1981,0.8890630203713927,0.9189953698908484,0.9126633678899756,0.3541393646172115
Finland,FIN,1982,0.9001365080264296,0.9291969407870742,0.9226124826952216,0.3541393646172115
Finland,FIN,1983,0.9182642251529183,0.9470151199931172,0.9402005561698221,0.3541393646172115
Finland,FIN,1984,0.9321044762660611,0.9600791485528859,0.9531159360350472,0.3541393646172115
Finland,FIN,1985,0.9495575080256593,0.9761595482251426,0.9692201561207661,0.3541393646172115
Finland,FIN,1986,0.969066154438389,0.9946148379068376,0.987765901698241,0.3541393646172115
Finland,FIN,1987,0.9798743225431394,1.0043044089916897,0.9975940923620517,0.3541393646172115
Finland,FIN,1988,1.0113651983194982,1.0359562701969178,1.0291402446800033,0.3541393646172115
Finland,FIN,1989,1.035699516459509,1.062368663077634,1.0549145144074883,0.3541393646172115
Finland,FIN,1990,1.033522627003732,1.06423865797509,1.0554692963799601,0.3541393646172115
Finland,FIN,1991,1.0017724251811515,1.0337166352308245,1.0238278795012015,0.3541393646172115
Finland,FIN,1992,1.0034495471206286,1.031987211703406,1.0219748532739015,0.3541393646172115
Finland,FIN,1993,1.0272350820993807,1.0510955594017544,1.0418120330157423,0.3541393646172115
Finland,FIN,1994,1.0621213013052246,1.081072028678908,1.0731194416322634,0.3541393646172115
Finland,FIN,1995,1.080176905515569,1.0962753270214893,1.0897232213598507,0.3541393646172115
Finland,FIN,1996,1.0971808592076124,1.1116346765948828,1.1062131711391023,0.3541393646172115
Finland,FIN,1997,1.1300634006840706,1.1432798396767856,1.1387689709074662,0.3541393646172115
Finland,FIN,1998,1.1651270160583511,1.1780914246687004,1.1741593924008091,0.3541393646172115
Finland,FIN,1999,1.1850803230865923,1.1985501554408335,1.1948240439299447,0.3541393646172115
Finland,FIN,2000,1.2230431486231748,1.2365114352777224,1.2328626346520437,0.3541393646172115
Finland,FIN,2001,1.2336110171877932,1.24832367436011,1.2443999253228801,0.3541393646172115
Finland,FIN,2002,1.2354026861539564,1.250759273993033,1.246418323895834,0.3541393646172115
Finland,FIN,2003,1.2472926599195544,1.2623194796814898,1.2576073001313413,0.3541393646172115
Finland,FIN,2004,1.2732146368731128,1.2888054338473616,1.2835897736834685,0.3541393646172115
Finland,FIN,2005,1.284012022905351,1.3016357565816055,1.2956182537627612,0.3541393646172115
Finland,FIN,2006,1.3004645824948202,1.3216371125984399,1.3143337057496876,0.3541393646172115
Finland,FIN,2007,1.3275312004542128,1.3507390347491857,1.3421735163772137,0.3541393646172115
Finland,FIN,2008,1.309993422626082,1.3357052415650408,1.3257927232579574,0.3541393646172115
Finland,FIN,2009,1.2376275126961058,1.2657611286486432,1.2544734597473566,0.3541393646172115
Finland,FIN,2010,1.2615632602553433,1.2882330658925314,1.2763643636681463,0.3541393646172115
Finland,FIN,2011,1.2700116123369716,1.2960456197072405,1.283928636456868,0.3541393646172115
Finland,FIN,2012,1.2434382184928268,1.270331507616345,1.2578593088231775,0.3541393646172115
Finland,FIN,2013,1.231824502507708,1.2587163820478544,1.2460197746063004,0.3541393646172115
Finland,FIN,2014,1.2228831387423371,1.2484905008220197,1.2359087231394401,0.3541393646172115
Finland,FIN,2015,1.221501268390841,1.2449891408886558,1.2329351612052921,0.3541393646172115
Finland,FIN,2016,1.2394153996170445,1.2602283364641567,1.2491263773361334,0.3541393646172115
Finland,FIN,2017,1.2588045235145477,1.27833255774709,1.268141388063973,0.3541393646172115
Finland,FIN,2018,1.249075034871293,1.2683872675624075,1.258811145793528,0.3541393646172115
Finland,FIN,2019,1.2424430144431264,1.2623128688861858,1.2529453317069557,0.3541393646172115
France,FRA,1950,0.2304344228173365,0.2304344228173365,0.2304344228173365,0.3527827262878418
France,FRA,1951,0.26999415329912324,0.2701314728742821,0.2792760855071643,0.3527827262878418
France,FRA,1952,0.296818422998701,0.2969623461267581,0.31262327052125016,0.3527827262878418
France,FRA,1953,0.3326037614664221,0.33274407887879054,0.3524396070512168,0.3527827262878418
France,FRA,1954,0.3776424328449668,0.37777539127754256,0.3996004570687255,0.3527827262878418
France,FRA,1955,0.42221739472273967,0.42236162470794536,0.4462903689410016,0.3527827262878418
France,FRA,1956,0.4783457074775752,0.4784946683183886,0.5040690394125411,0.3527827262878418
France,FRA,1957,0.5345034299139817,0.5346637128116773,0.5620144358576038,0.3527827262878418
France,FRA,1958,0.5647368368220365,0.5649073636155872,0.5940411751849073,0.3527827262878418
France,FRA,1959,0.5892899504558065,0.589466098764392,0.6200757723785673,0.3527827262878418
France,FRA,1960,0.6590379791803063,0.6592028416296145,0.689973788399282,0.3527827262878418
France,FRA,1961,0.6966835348151319,0.6968694526415797,0.7290895374215749,0.3527827262878418
France,FRA,1962,0.7394660756140823,0.7396398406741724,0.7719431835230566,0.3527827262878418
France,FRA,1963,0.7840533931708968,0.7842287806468082,0.8166526334145061,0.3527827262878418
France,FRA,1964,0.8187039801302491,0.8188851513010151,0.8517453250336731,0.3527827262878418
France,FRA,1965,0.8463809500441579,0.8465783474823949,0.880764589011986,0.3527827262878418
France,FRA,1966,0.8739091815608928,0.8740992086727539,0.9086184803006399,0.3527827262878418
France,FRA,1967,0.9090585371930686,0.9092541639497718,0.94433074819651,0.3527827262878418
France,FRA,1968,0.939035657689347,0.9392279902396616,0.9744195936726925,0.3527827262878418
France,FRA,1969,1.0002348678622708,1.0004255266776942,1.0355607261516022,0.3527827262878418
France,FRA,1970,1.0342741162660287,1.0344800268380903,1.0705667894790887,0.3527827262878418
France,FRA,1971,1.0591197252906168,1.0593277125116094,1.0961340875414036,0.3527827262878418
France,FRA,1972,1.092243756414307,1.09244077007836,1.1289622817537648,0.3527827262878418
France,FRA,1973,1.1259934912015757,1.1261846651737946,1.1621281386929097,0.3527827262878418
France,FRA,1974,1.1475694614095353,1.1477647393897925,1.1836024064790251,0.3527827262878418
France,FRA,1975,1.1258955065813225,1.126089461195134,1.161761368153586,0.3527827262878418
France,FRA,1976,1.1329194127417113,1.13306572316636,1.1655040892429929,0.3527827262878418
France,FRA,1977,1.1528700550316957,1.1530266097590145,1.1840810811339084,0.3527827262878418
France,FRA,1978,1.1782813041649263,1.1784315830849295,1.2081938977868845,0.3527827262878418
France,FRA,1979,1.1905628795641503,1.1907082740156563,1.2193306006349731,0.3527827262878418
France,FRA,1980,1.1883311199072173,1.18848345560479,1.2168369911609753,0.3527827262878418
France,FRA,1981,1.1880997254916563,1.1882560683383518,1.2167097218586482,0.3527827262878418
France,FRA,1982,1.2208860668170622,1.2210186154218299,1.2479739538214432,0.3527827262878418
France,FRA,1983,1.2230922695122182,1.2232253412606386,1.2492677258633513,0.3527827262878418
France,FRA,1984,1.2292938529716357,1.2294059291828505,1.2534929684028269,0.3527827262878418
France,FRA,1985,1.2455353954969564,1.2456406415138694,1.2680280786837343,0.3527827262878418
France,FRA,1986,1.2526540643161654,1.252759496574945,1.2740736846319196,0.3527827262878418
France,FRA,1987,1.2529452310946638,1.2530512339026831,1.2737229643105525,0.3527827262878418
France,FRA,1988,1.2745854393842047,1.2746945352713661,1.2951684983841227,0.3527827262878418
France,FRA,1989,1.2994198526331653,1.2995390562916311,1.3205611263226453,0.3527827262878418
France,FRA,1990,1.3092505231388456,1.3093754331515521,1.331140837152076,0.3527827262878418
France,FRA,1991,1.3090255602916923,1.3091469000701768,1.3311666303932057,0.3527827262878418
France,FRA,1992,1.3188043740297442,1.3189141259262858,1.340350555070808,0.3527827262878418
France,FRA,1993,1.3120480940076353,1.3121486116922254,1.332608977578455,0.3527827262878418
France,FRA,1994,1.324873561510418,1.3249522441212411,1.3433416466366639,0.3527827262878418
France,FRA,1995,1.3391419558501854,1.3392230708373551,1.3564311169654308,0.3527827262878418
France,FRA,1996,1.3422862392125152,1.3423654547760107,1.358686250003081,0.3527827262878418
France,FRA,1997,1.353677330335807,1.3537424912726026,1.3685565515977531,0.3527827262878418
France,FRA,1998,1.3753807876238593,1.375437216685512,1.3886924377289631,0.3527827262878418
France,FRA,1999,1.3900318255158126,1.3900934801597664,1.4026817847550177,0.3527827262878418
France,FRA,2000,1.4144090893550194,1.414474001160884,1.426849363157502,0.3527827262878418
France,FRA,2001,1.4248842324974502,1.4249551175146769,1.437598165160023,0.3527827262878418
France,FRA,2002,1.4393121896273797,1.4393766452912313,1.4517820240020054,0.3527827262878418
France,FRA,2003,1.4383548641150066,1.4384098211691514,1.4500405479736065,0.3527827262878418
France,FRA,2004,1.4477786328891113,1.4478358919298877,1.4591217591443453,0.3527827262878418
France,FRA,2005,1.4494198497422097,1.449503828368698,1.462355677640092,0.3527827262878418
France,FRA,2006,1.4630073283686418,1.4631006490100091,1.4776210236970382,0.3527827262878418
France,FRA,2007,1.4562984303093929,1.4564017382104213,1.4726898973192677,0.3527827262878418
France,FRA,2008,1.4398609474696888,1.4399729252865887,1.4580050430080513,0.3527827262878418
France,FRA,2009,1.4098853559593802,1.409994016806543,1.4289866346846,0.3527827262878418
France,FRA,2010,1.415347307874371,1.4154216626119274,1.4327486053531215,0.3527827262878418
France,FRA,2011,1.4184468142778934,1.418528224569081,1.435227809487917,0.3527827262878418
France,FRA,2012,1.41045015968741,1.4105336347001183,1.426961257725023,0.3527827262878418
France,FRA,2013,1.4115542749504284,1.41163622177221,1.4277883280353878,0.3527827262878418
France,FRA,2014,1.4123595544897807,1.4124338028399315,1.4278918474677944,0.3527827262878418
France,FRA,2015,1.4109455420406434,1.4110222712183305,1.4261891560880766,0.3527827262878418
France,FRA,2016,1.4062540010820017,1.406327127682176,1.4210615174375372,0.3527827262878418
France,FRA,2017,1.4198167352059716,1.4198851727171036,1.4340201341751904,0.3527827262878418
France,FRA,2018,1.4246055389091907,1.4246845159016992,1.4391354948239297,0.3527827262878418
France,FRA,2019,1.4171845304762387,1.417264377824151,1.4319895473265793,0.3527827262878418
Germany,DEU,1950,0.2701854534874677,0.2701854534874677,0.2701854534874677,0.3451319396495819
Germany,DEU,1951,0.3189380131532831,0.3193029829261649,0.34254816341516037,0.3451319396495819
Germany,DEU,1952,0.36469565113741886,0.36505108426455557,0.40168500590113787,0.3451319396495819
Germany,DEU,1953,0.3999396656796259,0.40030659057104945,0.4454832246315332,0.3451319396495819
Germany,DEU,1954,0.42716760428112366,0.4275045226774701,0.47567012475767534,0.3451319396495819
Germany,DEU,1955,0.4912860629535114,0.4916273581291577,0.5416903546753531,0.3451319396495819
Germany,DEU,1956,0.5247549317600466,0.5251401016178079,0.5789109481539949,0.3451319396495819
Germany,DEU,1957,0.5463518111574182,0.5467078898171867,0.6006888877757319,0.3451319396495819
Germany,DEU,1958,0.5622888535656259,0.5626171405562612,0.6149308722826756,0.3451319396495819
Germany,DEU,1959,0.6109890508588318,0.6112907514307739,0.6609650819892021,0.3451319396495819
Germany,DEU,1960,0.6625632908537842,0.6628824045738337,0.7120650000867332,0.3451319396495819
Germany,DEU,1961,0.6738068919454498,0.6741479994324742,0.7243544996239333,0.3451319396495819
Germany,DEU,1962,0.6949913150133078,0.6952931276331995,0.7436183768162685,0.3451319396495819
Germany,DEU,1963,0.6981817247158908,0.698456257365045,0.7440038901048887,0.3451319396495819
Germany,DEU,1964,0.7240958066679575,0.724343203271296,0.7666239265418007,0.3451319396495819
Germany,DEU,1965,0.751351451451546,0.7516121398335347,0.7928123480674696,0.3451319396495819
Germany,DEU,1966,0.7533635973264445,0.7536190315693219,0.7938619485310223,0.3451319396495819
Germany,DEU,1967,0.750229205262329,0.7504526540381384,0.7881721549364507,0.3451319396495819
Germany,DEU,1968,0.7817186755428462,0.7818899895326687,0.8149585055253166,0.3451319396495819
Germany,DEU,1969,0.8278832563164151,0.8280638376815936,0.8589754592347933,0.3451319396495819
Germany,DEU,1970,0.8495237129162376,0.8497224966718093,0.8804863970413166,0.3451319396495819
Germany,DEU,1971,0.8652258901389445,0.8654362113794303,0.8968228720536651,0.3451319396495819
Germany,DEU,1972,0.8918411873490779,0.8920281084531574,0.9223368489422334,0.3451319396495819
Germany,DEU,1973,0.9227323585353808,0.9229010005958536,0.951455198117019,0.3451319396495819
Germany,DEU,1974,0.9276499911107781,0.9278053816953555,0.9545158988251554,0.3451319396495819
Germany,DEU,1975,0.9261973743803473,0.926319849934707,0.9499283160151855,0.3451319396495819
Germany,DEU,1976,0.9535832167823717,0.9536810920908927,0.9739438574921788,0.3451319396495819
Germany,DEU,1977,0.9747038739112774,0.9748146381418863,0.9938678954436266,0.3451319396495819
Germany,DEU,1978,0.9900036545160091,0.9901127557735343,1.0083434881694533,0.3451319396495819
Germany,DEU,1979,1.0102884840423396,1.0104012052637934,1.0283659099639788,0.3451319396495819
Germany,DEU,1980,1.0072669629717108,1.0074010595708547,1.0265280405437949,0.3451319396495819
Germany,DEU,1981,1.0048340296013425,1.0049613451683523,1.0243660761092492,0.3451319396495819
Germany,DEU,1982,0.9962966826377464,0.996391729082502,1.0139814184813627,0.3451319396495819
Germany,DEU,1983,1.008843832623187,1.0089261920526074,1.0246503375303249,0.3451319396495819
Germany,DEU,1984,1.0238075938444382,1.0238983536499582,1.0390181852373033,0.3451319396495819
Germany,DEU,1985,1.0363108240492291,1.0363991542485067,1.051008934838558,0.3451319396495819
Germany,DEU,1986,1.0458835233545916,1.0459665466418802,1.0599453468860727,0.3451319396495819
Germany,DEU,1987,1.0504295069257719,1.050510984569124,1.0640162591389082,0.3451319396495819
Germany,DEU,1988,1.0724113657714742,1.0724883592184078,1.0854327130774415,0.3451319396495819
Germany,DEU,1989,1.1028245635688556,1.1029105105998003,1.116066574749663,0.3451319396495819
Germany,DEU,1990,1.154175493295643,1.1542690992695004,1.168026378386708,0.3451319396495819
Germany,DEU,1991,1.2193009522443035,1.2193998276445122,1.2338462486104156,0.3451319396495819
Germany,DEU,1992,1.2306961367200167,1.2308040419476978,1.2462550243963904,0.3451319396495819
Germany,DEU,1993,1.228086179340595,1.2281910170606078,1.2441159179482693,0.3451319396495819
Germany,DEU,1994,1.2413092190028152,1.2413976212099023,1.256606746903353,0.3451319396495819
Germany,DEU,1995,1.24535743084558,1.245442849893136,1.260036346663206,0.3451319396495819
Germany,DEU,1996,1.2496353484289093,1.2497133810961776,1.26347246646385,0.3451319396495819
Germany,DEU,1997,1.263582073946293,1.2636451050408803,1.275954560476797,0.3451319396495819
Germany,DEU,1998,1.2692511094777572,1.2693086893012158,1.280389417439812,0.3451319396495819
Germany,DEU,1999,1.2758089847058418,1.275865403461946,1.2861208798493244,0.3451319396495819
Germany,DEU,2000,1.2951351084072726,1.2951877802685186,1.3047086561674988,0.3451319396495819
Germany,DEU,2001,1.3110119284552457,1.311068511751028,1.3203832438570569,0.3451319396495819
Germany,DEU,2002,1.3112335794157008,1.31127895929467,1.319770000740343,0.3451319396495819
Germany,DEU,2003,1.3097220390549449,1.3097500767398653,1.3166496759003632,0.3451319396495819
Germany,DEU,2004,1.315525817285586,1.3155527029480876,1.3213960316762243,0.3451319396495819
Germany,DEU,2005,1.3244545468673241,1.3244816077430936,1.3296913070656853,0.3451319396495819
Germany,DEU,2006,1.3443184111173654,1.3443450025113268,1.3491433869789944,0.3451319396495819
Germany,DEU,2007,1.3579726838022896,1.3580106588594454,1.363268394053378,0.3451319396495819
Germany,DEU,2008,1.3565479843740906,1.3565919290448303,1.3625135216223896,0.3451319396495819
Germany,DEU,2009,1.3103208171163097,1.310368737491066,1.3169848260091648,0.3451319396495819
Germany,DEU,2010,1.3359224749605225,1.3359394719336741,1.3410454006994499,0.3451319396495819
Germany,DEU,2011,1.361279242572321,1.3613129268542234,1.3665244739920759,0.3451319396495819
Germany,DEU,2012,1.3624898474652998,1.3625376107863065,1.368715083331029,0.3451319396495819
Germany,DEU,2013,1.3634262241488653,1.3634672140027941,1.3698338547699525,0.3451319396495819
Germany,DEU,2014,1.374408526239117,1.3744490351386371,1.3809113008335814,0.3451319396495819
Germany,DEU,2015,1.381525281443336,1.3815709172045896,1.388424396331649,0.3451319396495819
Germany,DEU,2016,1.3965384168331045,1.396579438185313,1.403392382664567,0.3451319396495819
Germany,DEU,2017,1.4099296841103097,1.409970584914662,1.4167533682793394,0.3451319396495819
Germany,DEU,2018,1.4076841024955673,1.4077358865797382,1.41519491932028,0.3451319396495819
Germany,DEU,2019,1.4027621366105496,1.4028160654165855,1.4108491306316822,0.3451319396495819
Greece,GRC,1951,-0.5612072343651837,-0.5612072343651837,-0.5612072343651837,0.49804137582364294
Greece,GRC,1952,-0.5895926239675182,-0.5843560052241772,-0.5830272640317986,0.49804137582364294
Greece,GRC,1953,-0.5166181917375345,-0.5101629204122826,-0.5074587052814428,0.49804137582364294
Greece,GRC,1954,-0.4863697356729908,-0.4782758002932086,-0.47396878585263114,0.49804137582364294
Greece,GRC,1955,-0.44486776376460124,-0.4374280393958214,-0.43224530734389255,0.49804137582364294
Greece,GRC,1956,-0.37505995140293,-0.36717868175916113,-0.3611545572927053,0.49804137582364294
Greece,GRC,1957,-0.32171227485602305,-0.31265754263137513,-0.3052876055527074,0.49804137582364294
Greece,GRC,1958,-0.29536511214484396,-0.2854922799108657,-0.27648026602590114,0.49804137582364294
Greece,GRC,1959,-0.2775663407839968,-0.2669035970005016,-0.25587071576739984,0.49804137582364294
Greece,GRC,1960,-0.27607470464126926,-0.2649229999754814,-0.25167821039418037,0.49804137582364294
Greece,GRC,1961,-0.16390946067373413,-0.15240152163764975,-0.13669164582105253,0.49804137582364294
Greece,GRC,1962,-0.17141919273522888,-0.15895747716916464,-0.13875542359096293,0.49804137582364294
Greece,GRC,1963,-0.06571292477442725,-0.05401176858031942,-0.03175492413661196,0.49804137582364294
Greece,GRC,1964,0.010248339334233414,0.022009925061113655,0.049235174390817704,0.49804137582364294
Greece,GRC,1965,0.09179577168151365,0.10291305567880205,0.13596481695784846,0.49804137582364294
Greece,GRC,1966,0.1304007739498365,0.14072850853300967,0.18034933054519797,0.49804137582364294
Greece,GRC,1967,0.16562838810414515,0.1752115692434737,0.21708275127441468,0.49804137582364294
Greece,GRC,1968,0.21671047796324494,0.22563744120863927,0.26795096696738074,0.49804137582364294
Greece,GRC,1969,0.3008418569704503,0.30915444395813374,0.35306257292866583,0.49804137582364294
Greece,GRC,1970,0.3607454883056871,0.36842988241221164,0.41752684169149124,0.49804137582364294
Greece,GRC,1971,0.39519783554362053,0.40224390324222536,0.4550332770785497,0.49804137582364294
Greece,GRC,1972,0.4487754719664405,0.4552243805130365,0.5113877816416723,0.49804137582364294
Greece,GRC,1973,0.4751699555889486,0.48105106296525424,0.5417867949974955,0.49804137582364294
Greece,GRC,1974,0.35670722183237125,0.36203784589784327,0.42774229798932684,0.49804137582364294
Greece,GRC,1975,0.38350992379958715,0.3883123965600772,0.4480521006532294,0.49804137582364294
Greece,GRC,1976,0.41212729182348706,0.41656739037321344,0.4715134327239374,0.49804137582364294
Greece,GRC,1977,0.40488724788976693,0.4090099147518833,0.4614394270645432,0.49804137582364294
Greece,GRC,1978,0.44411784516239017,0.4479297644688325,0.4957229297440753,0.49804137582364294
Greece,GRC,1979,0.44241848688999763,0.4459847280457332,0.49079952359697376,0.49804137582364294
Greece,GRC,1980,0.41668506919308257,0.42001307135988153,0.46092570076019257,0.49804137582364294
Greece,GRC,1981,0.35111758850224106,0.35424837839826306,0.39213289852881417,0.49804137582364294
Greece,GRC,1982,0.3237954411032984,0.32673468764709845,0.3604476407997055,0.49804137582364294
Greece,GRC,1983,0.29055256017574305,0.2933421566730381,0.32418795888385077,0.49804137582364294
Greece,GRC,1984,0.29370609339355447,0.2963461374095022,0.32384613775521487,0.49804137582364294
Greece,GRC,1985,0.28846049517515393,0.2909781893165464,0.31601450266202935,0.49804137582364294
Greece,GRC,1986,0.2718010597052203,0.2742180532139704,0.2990003698354302,0.49804137582364294
Greece,GRC,1987,0.22833180814493748,0.2306367863644283,0.25556973271664596,0.49804137582364294
Greece,GRC,1988,0.24689784038455365,0.24906032626564656,0.2705154589456322,0.49804137582364294
Greece,GRC,1989,0.26476154130306995,0.26685588863278653,0.287783344937516,0.49804137582364294
Greece,GRC,1990,0.24250974959886662,0.24451363389577807,0.2650291043026334,0.49804137582364294
Greece,GRC,1991,0.2668665458604238,0.26878322616098593,0.2888241739265327,0.49804137582364294
Greece,GRC,1992,0.24910951974467999,0.25095548643370247,0.2716410610303299,0.49804137582364294
Greece,GRC,1993,0.2122205777538566,0.21397447069647235,0.23401136069444473,0.49804137582364294
Greece,GRC,1994,0.20763566895967323,0.20930803690342614,0.22806495684129757,0.49804137582364294
Greece,GRC,1995,0.2098142129430718,0.21141394318989448,0.22866697675436676,0.49804137582364294
Greece,GRC,1996,0.22734479808831232,0.22888872092143497,0.24552866153925024,0.49804137582364294
Greece,GRC,1997,0.2600583133308856,0.26154807070915265,0.2781959621118357,0.49804137582364294
Greece,GRC,1998,0.26548457203014664,0.26690666963851317,0.2827069981410322,0.49804137582364294
Greece,GRC,1999,0.283506565579299,0.2848879840827827,0.3011644696966638,0.49804137582364294
Greece,GRC,2000,0.30833343217001463,0.3096543819339912,0.3256984640544003,0.49804137582364294
Greece,GRC,2001,0.3372641515604009,0.3385409438758362,0.3549349379113238,0.49804137582364294
Greece,GRC,2002,0.3545577308714192,0.35578004045923617,0.3720404550820575,0.49804137582364294
Greece,GRC,2003,0.39405556274678144,0.3952278929440025,0.41117213736064695,0.49804137582364294
Greece,GRC,2004,0.4196133686799497,0.42077888240442984,0.4396173806378725,0.49804137582364294
Greece,GRC,2005,0.3953818540226006,0.39649796344279764,0.4174142172996298,0.49804137582364294
Greece,GRC,2006,0.4359523648246748,0.4369897611333391,0.4570065913592316,0.49804137582364294
Greece,GRC,2007,0.45247063694053313,0.4535076736489403,0.4761488982213873,0.49804137582364294
Greece,GRC,2008,0.43019980673482294,0.43120641235279766,0.456878204772063,0.49804137582364294
Greece,GRC,2009,0.3854961014057956,0.38642244898925426,0.4117949136420407,0.49804137582364294
Greece,GRC,2010,0.3543239624368395,0.35514354967429096,0.3756754669730533,0.49804137582364294
Greece,GRC,2011,0.2766381032144949,0.2774019372787757,0.2929426174872969,0.49804137582364294
Greece,GRC,2012,0.2330146421948971,0.23369940789571686,0.2419566072835142,0.49804137582364294
Greece,GRC,2013,0.21878344549635287,0.2194365357052721,0.22179047223675052,0.49804137582364294
Greece,GRC,2014,0.23069882414542064,0.23134240454324306,0.23032128120800088,0.49804137582364294
Greece,GRC,2015,0.22002689584179613,0.22065798070544584,0.21767960639741268,0.49804137582364294
Greece,GRC,2016,0.21378872330130694,0.2144048610966971,0.21012953282367874,0.49804137582364294
Greece,GRC,2017,0.21682163259121445,0.2174229361600073,0.21235615819353093,0.49804137582364294
Greece,GRC,2018,0.22529697426111372,0.22588690721837779,0.22057661432329834,0.49804137582364294
Greece,GRC,2019,0.23620869605044081,0.23678982582524988,0.23175406562194034,0.49804137582364294
Hungary,HUN,1970,0.5012453189555854,0.5012453189555854,0.5012453189555854,0.37793298602104186
Hungary,HUN,1971,0.5285834969036252,0.5289370154735149,0.5510412080474216,0.37793298602104186
Hungary,HUN,1972,0.5521284087185236,0.5525112719308902,0.5897107248622175,0.37793298602104186
Hungary,HUN,1973,0.5910669412944483,0.5913750128651953,0.6327325272297735,0.37793298602104186
Hungary,HUN,1974,0.6229616102098268,0.6232468733718246,0.6655645569888113,0.37793298602104186
Hungary,HUN,1975,0.6523073305325902,0.6526412505670613,0.6984023358045555,0.37793298602104186
Hungary,HUN,1976,0.6549680689274426,0.6553109767781002,0.7035203201152402,0.37793298602104186
Hungary,HUN,1977,0.690911836585208,0.6912198613546563,0.7386323630718019,0.37793298602104186
Hungary,HUN,1978,0.7057575664619966,0.7060602224132841,0.7526164146286511,0.37793298602104186
Hungary,HUN,1979,0.6880536609954984,0.6883776393115202,0.7356688215634115,0.37793298602104186
Hungary,HUN,1980,0.5854578004876041,0.5856894458383195,0.6277764362014855,0.37793298602104186
Hungary,HUN,1981,0.6004570808616254,0.600654912314706,0.6376609405982983,0.37793298602104186
Hungary,HUN,1982,0.6438568204602513,0.6440388638877428,0.6771019813724433,0.37793298602104186
Hungary,HUN,1983,0.6468386069837049,0.6470057396863931,0.6768350356830126,0.37793298602104186
Hungary,HUN,1984,0.6864923525244313,0.6866314012680368,0.7128583669097726,0.37793298602104186
Hungary,HUN,1985,0.6832930317472004,0.6834213941401703,0.7068708799470507,0.37793298602104186
Hungary,HUN,1986,0.6915514135042304,0.6916636175899331,0.7124872341605881,0.37793298602104186
Hungary,HUN,1987,0.7115731092959017,0.7116902426807101,0.731247617629796,0.37793298602104186
Hungary,HUN,1988,0.69840600717282,0.6985181458641785,0.7170215816037313,0.37793298602104186
Hungary,HUN,1989,0.706370915691581,0.706466363367479,0.7233358170416988,0.37793298602104186
Hungary,HUN,1990,0.6829813976168655,0.683065109762353,0.6982525821072221,0.37793298602104186
Hungary,HUN,1991,0.5948211187459638,0.5948817505194084,0.6076726155135042,0.37793298602104186
Hungary,HUN,1992,0.6294604146327218,0.6294765383628951,0.6381526536023383,0.37793298602104186
Hungary,HUN,1993,0.6643355504794481,0.6643175778375072,0.6684558762467878,0.37793298602104186
Hungary,HUN,1994,0.6689203808015574,0.6689313593794433,0.6720554537631189,0.37793298602104186
Hungary,HUN,1995,0.6882864089216714,0.688317158390535,0.6920310295828136,0.37793298602104186
Hungary,HUN,1996,0.6859357233138068,0.6859639079343376,0.6898920907324699,0.37793298602104186
Hungary,HUN,1997,0.7028949368752322,0.7029243681519208,0.7070634617876674,0.37793298602104186
Hungary,HUN,1998,0.7320226519643303,0.7320660410757185,0.7371762657313674,0.37793298602104186
Hungary,HUN,1999,0.7382528894183071,0.7383237050481952,0.7456432645438538,0.37793298602104186
Hungary,HUN,2000,0.7759188849715422,0.7759847222172951,0.7845954628040044,0.37793298602104186
Hungary,HUN,2001,0.8133839700771652,0.8134617934059252,0.8237088402259181,0.37793298602104186
Hungary,HUN,2002,0.8515625212514024,0.8516499745571622,0.8636239064404538,0.37793298602104186
Hungary,HUN,2003,0.8751322605349099,0.8752197183321666,0.8882982306115572,0.37793298602104186
Hungary,HUN,2004,0.9142445247804698,0.9143391349074754,0.9285725715320909,0.37793298602104186
Hungary,HUN,2005,0.9498431001373264,0.9499871489952447,0.9682210992032401,0.37793298602104186
Hungary,HUN,2006,0.9743473173292969,0.9744779052102395,0.9943662525623314,0.37793298602104186
Hungary,HUN,2007,0.972654061536927,0.972793317508482,0.994331357691645,0.37793298602104186
Hungary,HUN,2008,0.9765191851173824,0.9766465911503186,0.9984736551582722,0.37793298602104186
Hungary,HUN,2009,0.9136233215986351,0.9137600951688531,0.9364564302624858,0.37793298602104186
Hungary,HUN,2010,0.915374171894328,0.9154438689022131,0.9343118693815873,0.37793298602104186
Hungary,HUN,2011,0.9310560521431732,0.9311182868828416,0.9470387036901862,0.37793298602104186
Hungary,HUN,2012,0.908710688721909,0.9087754584534027,0.9229721455607844,0.37793298602104186
Hungary,HUN,2013,0.9134520261321235,0.9135163536954751,0.9265747429876381,0.37793298602104186
Hungary,HUN,2014,0.9128135389963319,0.912890845594112,0.9260798778886254,0.37793298602104186
Hungary,HUN,2015,0.9258582527469894,0.9259639219620004,0.9410993089179032,0.37793298602104186
Hungary,HUN,2016,0.906865730313724,0.9069756742846442,0.9236084082910043,0.37793298602104186
Hungary,HUN,2017,0.9317887953542456,0.9318772930202943,0.9480652181007114,0.37793298602104186
Hungary,HUN,2018,0.9649003932164062,0.9650135628403929,0.9825415547174705,0.37793298602104186
Hungary,HUN,2019,0.9850717935322173,0.9852197972620536,1.0058990441932814,0.37793298602104186
Iceland,ISL,1950,0.4283764249920181,0.4283764249920181,0.4283764249920181,0.37374101536614557
Iceland,ISL,1951,0.398493609210834,0.40892809087605997,0.4115091120085932,0.37374101536614557
Iceland,ISL,1952,0.36438026320127737,0.37988911739957754,0.38557440498096174,0.37374101536614557
Iceland,ISL,1953,0.4848316145368603,0.5030386221277956,0.511558354105031,0.37374101536614557
Iceland,ISL,1954,0.5537287377737994,0.5739460878064642,0.5849276633473552,0.37374101536614557
Iceland,ISL,1955,0.6338350975398774,0.6552060771111079,0.6681598098992754,0.37374101536614557
Iceland,ISL,1956,0.6348203415539322,0.6598224014472756,0.6752075443392176,0.37374101536614557
Iceland,ISL,1957,0.6178265676456389,0.6425564320272255,0.659472750523399,0.37374101536614557
Iceland,ISL,1958,0.6798552133373996,0.7041435413175514,0.7219559174648507,0.37374101536614557
Iceland,ISL,1959,0.6866149555631065,0.711417065563543,0.7300589952871102,0.37374101536614557
Iceland,ISL,1960,0.6872778430715036,0.7120428654184923,0.7313040681428915,0.37374101536614557
Iceland,ISL,1961,0.6539533075288908,0.677576172562528,0.6969243805358492,0.37374101536614557
Iceland,ISL,1962,0.7055477613545853,0.7265732306279467,0.745090955315654,0.37374101536614557
Iceland,ISL,1963,0.7772906249908385,0.7955904250997579,0.8125947660086554,0.37374101536614557
Iceland,ISL,1964,0.6685705023205677,0.6879564852787694,0.7046035517933844,0.37374101536614557
Iceland,ISL,1965,0.6923265746627685,0.7141696472978065,0.7318917634545681,0.37374101536614557
Iceland,ISL,1966,0.7378464796708841,0.7605348486654404,0.7795902797657104,0.37374101536614557
Iceland,ISL,1967,0.7118162105411177,0.7347264391445858,0.7550123740063865,0.37374101536614557
Iceland,ISL,1968,0.6363550850131903,0.6596154329079278,0.6811575110177834,0.37374101536614557
Iceland,ISL,1969,0.642270947982226,0.6625409137729736,0.683595231638801,0.37374101536614557
Iceland,ISL,1970,0.6816854185406713,0.6982891324598102,0.717284328673764,0.37374101536614557
Iceland,ISL,1971,0.767142644650689,0.7819074845787348,0.7987709690359681,0.37374101536614557
Iceland,ISL,1972,0.7940873008534881,0.8127129711892964,0.8308304239657254,0.37374101536614557
Iceland,ISL,1973,0.8281969126911188,0.8451264106327261,0.8633205490460436,0.37374101536614557
Iceland,ISL,1974,0.8439750027449939,0.8622534294423021,0.8817477069730284,0.37374101536614557
Iceland,ISL,1975,0.8154448927419251,0.8363986943713826,0.8590284758050242,0.37374101536614557
Iceland,ISL,1976,0.8294833683612732,0.8496230700604346,0.8741077183435482,0.37374101536614557
Iceland,ISL,1977,0.903579603410078,0.920198034636238,0.9436023779942397,0.37374101536614557
Iceland,ISL,1978,0.9296461263397777,0.9463740597941319,0.9696006978048901,0.37374101536614557
Iceland,ISL,1979,0.953986585243888,0.9686285877825633,0.9904366602381072,0.37374101536614557
Iceland,ISL,1980,0.9716256219548973,0.9853304093955315,1.0058329086918874,0.37374101536614557
Iceland,ISL,1981,0.9622568883131373,0.9763820955962053,0.9968981269842545,0.37374101536614557
Iceland,ISL,1982,0.9398603491312802,0.9539418919056435,0.9749235699603909,0.37374101536614557
Iceland,ISL,1983,0.8897275689050148,0.9038053735228773,0.9256070415186568,0.37374101536614557
Iceland,ISL,1984,0.9066840659223896,0.9168495777899084,0.9353849377717252,0.37374101536614557
Iceland,ISL,1985,0.8949768690951934,0.9053176275057093,0.9223675609307596,0.37374101536614557
Iceland,ISL,1986,0.9199485933685558,0.9292579360922373,0.9445425463740698,0.37374101536614557
Iceland,ISL,1987,0.9531966320682699,0.9611457154714493,0.9739467675320554,0.37374101536614557
Iceland,ISL,1988,0.9583240868740397,0.9669275056877673,0.9794680059652974,0.37374101536614557
Iceland,ISL,1989,0.9546907882030311,0.9635158075557912,0.9767434194112923,0.37374101536614557
Iceland,ISL,1990,0.9605731351696294,0.9682630520298474,0.9806429079678285,0.37374101536614557
Iceland,ISL,1991,0.9457794365610477,0.9528905032461878,0.9642115605057722,0.37374101536614557
Iceland,ISL,1992,0.8996946619480664,0.9068002237934669,0.917928060969591,0.37374101536614557
Iceland,ISL,1993,0.8982793573452446,0.9046100198863352,0.914594572377573,0.37374101536614557
Iceland,ISL,1994,0.9286813321874323,0.934569746169319,0.9433581136836846,0.37374101536614557
Iceland,ISL,1995,0.9055778429855179,0.9108439551262686,0.9178820546665509,0.37374101536614557
Iceland,ISL,1996,0.9306336180416608,0.9357443028760501,0.9417897057978246,0.37374101536614557
Iceland,ISL,1997,0.964208796943125,0.9695626680440954,0.9762250005929252,0.37374101536614557
Iceland,ISL,1998,1.0026882417890999,1.0079729992631323,1.0154810571430897,0.37374101536614557
Iceland,ISL,1999,1.0127194321016075,1.0184222247355486,1.0288872420262756,0.37374101536614557
Iceland,ISL,2000,1.0181047938176722,1.0233682670619846,1.034832654352578,0.37374101536614557
Iceland,ISL,2001,1.027782619848164,1.0331346916241602,1.0468998819344186,0.37374101536614557
Iceland,ISL,2002,1.0423270107637297,1.047244071441682,1.0614046772822547,0.37374101536614557
Iceland,ISL,2003,1.0640523187756736,1.0685143656160205,1.0812122761757976,0.37374101536614557
Iceland,ISL,2004,1.1266798600444545,1.1310972659589158,1.1444703051929155,0.37374101536614557
Iceland,ISL,2005,1.152282517138592,1.1567057133557546,1.1743676368869629,0.37374101536614557
Iceland,ISL,2006,1.1528761857880339,1.157174601489122,1.182901867854504,0.37374101536614557
Iceland,ISL,2007,1.195379731209325,1.1992925554240088,1.2342654696958038,0.37374101536614557
Iceland,ISL,2008,1.1878905952759862,1.1914044147531957,1.2255140286762112,0.37374101536614557
Iceland,ISL,2009,1.1856664697618555,1.1888942133151241,1.2173854260630632,0.37374101536614557
Iceland,ISL,2010,1.1488908282732107,1.1519001565566143,1.16995159325403,0.37374101536614557
Iceland,ISL,2011,1.150667618460199,1.1535627497070111,1.1629250774759976,0.37374101536614557
Iceland,ISL,2012,1.153662851525147,1.1564774291597502,1.161214213896299,0.37374101536614557
Iceland,ISL,2013,1.1764291523907096,1.1791646000525011,1.1819051760537187,0.37374101536614557
Iceland,ISL,2014,1.1854263778184135,1.1880680678721314,1.1897738394738573,0.37374101536614557
Iceland,ISL,2015,1.2101560706336159,1.2127129279806983,1.2154064075768192,0.37374101536614557
Iceland,ISL,2016,1.2458086381553812,1.2482712963429883,1.2535456268889753,0.37374101536614557
Iceland,ISL,2017,1.2640668613878576,1.2664260662075701,1.2760262295832199,0.37374101536614557
Iceland,ISL,2018,1.2849571461297202,1.2871909369991972,1.3012590131650352,0.37374101536614557
Iceland,ISL,2019,1.2914292176977327,1.2935186582424052,1.3102168747391838,0.37374101536614557
Ireland,IRL,1950,0.2815424723495008,0.2815424723495008,0.2815424723495008,0.4793138384819031
Ireland,IRL,1951,0.3046831289938323,0.3287453844935877,0.3231081212144069,0.4793138384819031
Ireland,IRL,1952,0.27133570609725943,0.3203973181871893,0.3051280321426102,0.4793138384819031
Ireland,IRL,1953,0.30037071508690083,0.3623207574600906,0.3379193014820183,0.4793138384819031
Ireland,IRL,1954,0.30020270652009273,0.37361740237123886,0.34080986929627954,0.4793138384819031
Ireland,IRL,1955,0.3425955014338493,0.42226570468838265,0.38286506673709386,0.4793138384819031
Ireland,IRL,1956,0.2999801762802736,0.3877686431471803,0.3424698466405749,0.4793138384819031
Ireland,IRL,1957,0.281757906161741,0.3692001925155033,0.3205975202657596,0.4793138384819031
Ireland,IRL,1958,0.2825226313143787,0.364994629349197,0.31585205068037236,0.4793138384819031
Ireland,IRL,1959,0.3384367023358248,0.4155679819474418,0.36769012770905096,0.4793138384819031
Ireland,IRL,1960,0.3662183757429043,0.44576590292899,0.3983409577910946,0.4793138384819031
Ireland,IRL,1961,0.4033215763382936,0.4822767868982307,0.4355640141577579,0.4793138384819031
Ireland,IRL,1962,0.4204643438337383,0.4995263017527378,0.4535108083195176,0.4793138384819031
Ireland,IRL,1963,0.44901177341426646,0.5286731427804483,0.48321844533524594,0.4793138384819031
Ireland,IRL,1964,0.46969818767616545,0.5518908958924422,0.505966350519703,0.4793138384819031
Ireland,IRL,1965,0.47182053457432804,0.5585065759009726,0.510847163576698,0.4793138384819031
Ireland,IRL,1966,0.4513419177704341,0.5431989538313111,0.49298281650090026,0.4793138384819031
Ireland,IRL,1967,0.48473877824736,0.576724412197466,0.5247811386417283,0.4793138384819031
Ireland,IRL,1968,0.551463847508475,0.6427850093614884,0.5898873370956759,0.4793138384819031
Ireland,IRL,1969,0.5953700241799078,0.6896376436118441,0.635216464279952,0.4793138384819031
Ireland,IRL,1970,0.5893726740046157,0.69152190366336,0.634025901882147,0.4793138384819031
Ireland,IRL,1971,0.5914743577739117,0.6979440207744991,0.6375029531458818,0.4793138384819031
Ireland,IRL,1972,0.6381860298276649,0.7470750547675005,0.6843197228679232,0.4793138384819031
Ireland,IRL,1973,0.6487880102450996,0.7621210854024421,0.6967423341025727,0.4793138384819031
Ireland,IRL,1974,0.6560396833945346,0.7762809608448658,0.7074592235719992,0.4793138384819031
Ireland,IRL,1975,0.6807173106099649,0.8072127585222342,0.7346355145473984,0.4793138384819031
Ireland,IRL,1976,0.6753014855703476,0.7964698768399394,0.7231897459672396,0.4793138384819031
Ireland,IRL,1977,0.7140892314879013,0.834214855189356,0.7608110231432219,0.4793138384819031
Ireland,IRL,1978,0.7463494958166077,0.8697371689850169,0.7953192425403381,0.4793138384819031
Ireland,IRL,1979,0.7210918478065933,0.8492037304713982,0.7728072808673714,0.4793138384819031
Ireland,IRL,1980,0.72229621977307,0.8592197786873443,0.7791901783552762,0.4793138384819031
Ireland,IRL,1981,0.7323812589212633,0.8687181247920615,0.7867921621259031,0.4793138384819031
Ireland,IRL,1982,0.725885482273867,0.8623119260814143,0.7792650331521287,0.4793138384819031
Ireland,IRL,1983,0.6980568046915909,0.833221310043732,0.7498055944311641,0.4793138384819031
Ireland,IRL,1984,0.73192816521028,0.8587734147772714,0.7774622165451479,0.4793138384819031
Ireland,IRL,1985,0.7405568138125549,0.8587352237508963,0.7810894543255733,0.4793138384819031
Ireland,IRL,1986,0.7123944987655113,0.8195123940114915,0.7470766142060858,0.4793138384819031
Ireland,IRL,1987,0.7447655566418971,0.8405160476520681,0.7742284987187036,0.4793138384819031
Ireland,IRL,1988,0.779042596176204,0.8636339719219599,0.8039756352647931,0.4793138384819031
Ireland,IRL,1989,0.8181531033366598,0.893908006936095,0.840711309940751,0.4793138384819031
Ireland,IRL,1990,0.8606752505773185,0.9326681132296066,0.8843479601121871,0.4793138384819031
Ireland,IRL,1991,0.8666988293171807,0.9423525714444434,0.8957432123507214,0.4793138384819031
Ireland,IRL,1992,0.8898671760823866,0.9660467192691611,0.9200471769117948,0.4793138384819031
Ireland,IRL,1993,0.8981840878598968,0.9713538187968886,0.9261801805550212,0.4793138384819031
Ireland,IRL,1994,0.921079240138206,0.9906111498954573,0.9467031388085374,0.4793138384819031
Ireland,IRL,1995,0.9730348157939366,1.0422892025468524,0.9989113949386859,0.4793138384819031
Ireland,IRL,1996,1.0024720501708275,1.077231765850609,1.0323327365019734,0.4793138384819031
Ireland,IRL,1997,1.0589255070715078,1.141470365493702,1.0933623921051874,0.4793138384819031
Ireland,IRL,1998,1.0792844827295411,1.1702604460117483,1.1177071645546963,0.4793138384819031
Ireland,IRL,1999,1.1185709644309032,1.2168932593038102,1.1595303244712074,0.4793138384819031
Ireland,IRL,2000,1.156683511891159,1.261783230012453,1.19979251147603,0.4793138384819031
Ireland,IRL,2001,1.1656832104879031,1.2743465663091076,1.2090068204243432,0.4793138384819031
Ireland,IRL,2002,1.1929206798574334,1.3025175059007648,1.2351854815116452,0.4793138384819031
Ireland,IRL,2003,1.19091102804971,1.3001968342290313,1.2318875863183134,0.4793138384819031
Ireland,IRL,2004,1.2157131089047608,1.3251918739498736,1.2562769417120991,0.4793138384819031
Ireland,IRL,2005,1.2150444336813226,1.3281721326279916,1.257989809583485,0.4793138384819031
Ireland,IRL,2006,1.2097391820692263,1.3298856233723555,1.2571331612055028,0.4793138384819031
Ireland,IRL,2007,1.2058080915741485,1.337126826099821,1.2599075541585192,0.4793138384819031
Ireland,IRL,2008,1.1294652096794042,1.2692816272083167,1.18740384048043,0.4793138384819031
Ireland,IRL,2009,1.0955958603971334,1.2336261636739048,1.1494823901607703,0.4793138384819031
Ireland,IRL,2010,1.139225556832506,1.2661091740422794,1.183662939205929,0.4793138384819031
Ireland,IRL,2011,1.136100396917084,1.2500671625800424,1.1722407454263655,0.4793138384819031
Ireland,IRL,2012,1.1263623668689577,1.229449413447946,1.1574015643032682,0.4793138384819031
Ireland,IRL,2013,1.1041064597823365,1.203444574352618,1.135900734518013,0.4793138384819031
Ireland,IRL,2014,1.1563793395759374,1.249236263380391,1.1862065447971712,0.4793138384819031
Ireland,IRL,2015,1.3381265862585243,1.4318717644398964,1.371833006189437,0.4793138384819031
Ireland,IRL,2016,1.3067817544426985,1.413519680692782,1.3528855939214175,0.4793138384819031
Ireland,IRL,2017,1.324339481225028,1.4568916461120427,1.3899893068496914,0.4793138384819031
Ireland,IRL,2018,1.3449679699058112,1.4934852072446292,1.4176103722831153,0.4793138384819031
Ireland,IRL,2019,1.3576301169889895,1.5106585476481849,1.4299254045742718,0.4793138384819031
Israel,ISR,1950,-0.17648891688311963,-0.17648891688311963,-0.17648891688311963,0.42368098752839223
Israel,ISR,1951,-0.018574032687563857,-0.013325835867866509,0.005759744950204038,0.42368098752839223
Israel,ISR,1952,-0.050056523581584855,-0.041945495915003406,-0.007317353079855593,0.42368098752839223
Israel,ISR,1953,-0.1009983084358872,-0.09312913152479485,-0.051015871242578115,0.42368098752839223
Israel,ISR,1954,0.04964026030258584,0.05498044579984196,0.09823439939154888,0.42368098752839223
Israel,ISR,1955,0.1443101272549292,0.14962772005120506,0.19266754313687873,0.42368098752839223
Israel,ISR,1956,0.18736119396908357,0.1950797763899228,0.238108258001823,0.42368098752839223
Israel,ISR,1957,0.22960542964401398,0.23724667583476222,0.27910885775780425,0.42368098752839223
Israel,ISR,1958,0.2590485638479745,0.2692028736681795,0.30997302599148924,0.42368098752839223
Israel,ISR,1959,0.34509075912777387,0.3572542349005481,0.3966492779049302,0.42368098752839223
Israel,ISR,1960,0.3732307480527659,0.38792651700215863,0.4257496701113874,0.42368098752839223
Israel,ISR,1961,0.4272964757578439,0.44429062297374067,0.4802915191869026,0.42368098752839223
Israel,ISR,1962,0.4670686152115273,0.48738637936388685,0.5214163770938542,0.42368098752839223
Israel,ISR,1963,0.5124457776981224,0.5354342942789305,0.5672818982693242,0.42368098752839223
Israel,ISR,1964,0.555443181892807,0.5799536341103311,0.609466601066253,0.42368098752839223
Israel,ISR,1965,0.4888744783674923,0.5185397553998241,0.5455801482226219,0.42368098752839223
Israel,ISR,1966,0.5310234348456815,0.5621389953334095,0.5866307417406569,0.42368098752839223
Israel,ISR,1967,0.4987307669751164,0.5295219238376969,0.5515658873130072,0.42368098752839223
Israel,ISR,1968,0.48844845802501613,0.5142658649488077,0.534349992906539,0.42368098752839223
Israel,ISR,1969,0.6040160243869668,0.6213795335122114,0.6403050379743869,0.42368098752839223
Israel,ISR,1970,0.6921658003845765,0.7108361496821534,0.728457763053374,0.42368098752839223
Israel,ISR,1971,0.7464577799143495,0.7713783502811413,0.7869429246114477,0.42368098752839223
Israel,ISR,1972,0.7966356006041648,0.8305241552833378,0.8433362394041888,0.42368098752839223
Israel,ISR,1973,0.7865073760445664,0.8289807451809521,0.838127685934758,0.42368098752839223
Israel,ISR,1974,0.8080400350976022,0.8559969064975261,0.8616455343404308,0.42368098752839223
Israel,ISR,1975,0.7913142976937406,0.8426020032922352,0.8452221221173337,0.42368098752839223
Israel,ISR,1976,0.7484286073305624,0.8023425610283299,0.8021125138063248,0.42368098752839223
Israel,ISR,1977,0.7128492555763959,0.7634882208995499,0.7613314579899422,0.42368098752839223
Israel,ISR,1978,0.7159589763332388,0.7616717222078044,0.7585682655136932,0.42368098752839223
Israel,ISR,1979,0.7406751429256575,0.7829764230505196,0.7794200904685056,0.42368098752839223
Israel,ISR,1980,0.7260597061501111,0.7686745095955478,0.7644620452310491,0.42368098752839223
Israel,ISR,1981,0.7429543159754068,0.7819287032039206,0.7775978522505795,0.42368098752839223
Israel,ISR,1982,0.744258775246518,0.7792536532568652,0.7753058382957443,0.42368098752839223
Israel,ISR,1983,0.7432370519805316,0.7781327320846732,0.7741867814951986,0.42368098752839223
Israel,ISR,1984,0.7215552453133727,0.7582074174372186,0.7536771022935671,0.42368098752839223
Israel,ISR,1985,0.7473764085547554,0.7831223794516582,0.778102803573117,0.42368098752839223
Israel,ISR,1986,0.7665060950752078,0.7990095463012326,0.7939893514673813,0.42368098752839223
Israel,ISR,1987,0.8060218227868434,0.8368313797112714,0.8318452302855315,0.42368098752839223
Israel,ISR,1988,0.8097250494439319,0.8402251843165729,0.8350264998601356,0.42368098752839223
Israel,ISR,1989,0.7829143587045921,0.8132999766799411,0.8077404349633595,0.42368098752839223
Israel,ISR,1990,0.8275570773209733,0.857282222118644,0.8514050405313585,0.42368098752839223
Israel,ISR,1991,0.8542756546910502,0.8878061253110117,0.8807525445234612,0.42368098752839223
Israel,ISR,1992,0.8593259144957228,0.9052120177418761,0.8946089224091329,0.42368098752839223
Israel,ISR,1993,0.8328529615775224,0.8897145671440416,0.8741426200106428,0.42368098752839223
Israel,ISR,1994,0.8223644223130604,0.8886676826583999,0.8675250845048055,0.42368098752839223
Israel,ISR,1995,0.8400368377064114,0.9141712770270152,0.8885986404345134,0.42368098752839223
Israel,ISR,1996,0.826834031509815,0.9096681296686242,0.8794449227531764,0.42368098752839223
Israel,ISR,1997,0.8166702075536874,0.9063121733489714,0.871735232442469,0.42368098752839223
Israel,ISR,1998,0.8219427181482626,0.913698210071078,0.8759119493367029,0.42368098752839223
Israel,ISR,1999,0.8137858955852186,0.9035713266024228,0.8640071870135593,0.42368098752839223
Israel,ISR,2000,0.8507672150048791,0.9386349850613751,0.8983547762329565,0.42368098752839223
Israel,ISR,2001,0.8358452159766196,0.9217341765278446,0.8814072447638974,0.42368098752839223
Israel,ISR,2002,0.8048681665718878,0.8871136840284004,0.847532548875515,0.42368098752839223
Israel,ISR,2003,0.7993093820881612,0.8751711160036679,0.8374021183233573,0.42368098752839223
Israel,ISR,2004,0.8322913075527039,0.9004560483159985,0.8654336679802217,0.42368098752839223
Israel,ISR,2005,0.8418317583857577,0.9036855037579619,0.8716256399698459,0.42368098752839223
Israel,ISR,2006,0.8659749331554405,0.9235522491719861,0.8941528718734864,0.42368098752839223
Israel,ISR,2007,0.8748686701939432,0.9296924089628922,0.9024271485901165,0.42368098752839223
Israel,ISR,2008,0.8658043561159277,0.9191558087042884,0.8934106942732631,0.42368098752839223
Israel,ISR,2009,0.8423373871631012,0.894858962019577,0.8700456309898348,0.42368098752839223
Israel,ISR,2010,0.8658514037087857,0.9139390765112747,0.89041362035577,0.42368098752839223
Israel,ISR,2011,0.8838580490329191,0.9298907338727158,0.9074196476198892,0.42368098752839223
Israel,ISR,2012,0.8752180576750659,0.9223865184778113,0.9001872830373401,0.42368098752839223
Israel,ISR,2013,0.8871424394026342,0.9359352167694199,0.9133689232416256,0.42368098752839223
Israel,ISR,2014,0.8916735800981117,0.944362465243179,0.9205035189433017,0.42368098752839223
Israel,ISR,2015,0.8786254113979455,0.9352222391356904,0.9094901286382058,0.42368098752839223
Israel,ISR,2016,0.8766578084325118,0.933733080221085,0.9065332976358045,0.42368098752839223
Israel,ISR,2017,0.8766184880897443,0.9349776148726656,0.906562120600162,0.42368098752839223
Israel,ISR,2018,0.8805914661848044,0.9404113348946455,0.9108408786042972,0.42368098752839223
Israel,ISR,2019,0.88677051331935,0.948386332499429,0.917631733717756,0.42368098752839223
Italy,ITA,1950,0.20236293749545542,0.20236293749545542,0.20236293749545542,0.43799737649304527
Italy,ITA,1951,0.271877247831509,0.27207652730877907,0.2845347087709298,0.43799737649304527
Italy,ITA,1952,0.2928560790119503,0.2930821368342169,0.3149734090656633,0.43799737649304527
Italy,ITA,1953,0.33021547191791,0.33043752337236487,0.35785344173995615,0.43799737649304527
Italy,ITA,1954,0.34418917850522135,0.34442586118996044,0.3760872672371809,0.43799737649304527
Italy,ITA,1955,0.37701571377128573,0.377256575193897,0.41170810753390175,0.43799737649304527
Italy,ITA,1956,0.3931067672595496,0.39337066035350166,0.43088437543231706,0.43799737649304527
Italy,ITA,1957,0.4046808082589486,0.4049476523920603,0.4444289090143716,0.43799737649304527
Italy,ITA,1958,0.42440653242280746,0.42467574687277665,0.46542633002816114,0.43799737649304527
Italy,ITA,1959,0.4628800552396193,0.463140716004129,0.5040686742597504,0.43799737649304527
Italy,ITA,1960,0.5141317801027787,0.5144022455449617,0.5559916436173111,0.43799737649304527
Italy,ITA,1961,0.5675038588188288,0.5677944822625021,0.6109728628974196,0.43799737649304527
Italy,ITA,1962,0.6139571244992332,0.6142485290949544,0.6583659193276254,0.43799737649304527
Italy,ITA,1963,0.6540429718830252,0.6543251799319663,0.6983837372696033,0.43799737649304527
Italy,ITA,1964,0.6567535159806264,0.6570375139559861,0.701140133694091,0.43799737649304527
Italy,ITA,1965,0.6956568606914271,0.6958947580195574,0.7371649301203087,0.43799737649304527
Italy,ITA,1966,0.7379730600554693,0.7381742742893191,0.7755058411204532,0.43799737649304527
Italy,ITA,1967,0.7721677444698649,0.7723689734010923,0.8073483850015464,0.43799737649304527
Italy,ITA,1968,0.8156060753177261,0.8158228943516175,0.8503494171942396,0.43799737649304527
Italy,ITA,1969,0.8556122731267859,0.8558276579995985,0.8899860182107568,0.43799737649304527
Italy,ITA,1970,0.951822637938907,0.9520572401588732,0.98717257596513,0.43799737649304527
Italy,ITA,1971,0.9471144444736064,0.9474395878747064,0.9886973577967284,0.43799737649304527
Italy,ITA,1972,0.9592731138640662,0.9595414382904828,1.0008580502049655,0.43799737649304527
Italy,ITA,1973,0.9962342332800143,0.9964881082436303,1.0368636572323489,0.43799737649304527
Italy,ITA,1974,1.0187348051902898,1.0190142449862911,1.0603133244023297,0.43799737649304527
Italy,ITA,1975,0.9682289306856973,0.968523728978055,1.0113325464343106,0.43799737649304527
Italy,ITA,1976,1.0087388040181695,1.0089323665629921,1.0463881545942408,0.43799737649304527
Italy,ITA,1977,1.015916287773475,1.0161392364179473,1.052209612839321,0.43799737649304527
Italy,ITA,1978,1.0258592380448945,1.0260462309758465,1.0591171045140788,0.43799737649304527
Italy,ITA,1979,1.0573492014076153,1.05752312668404,1.0880234441764678,0.43799737649304527
Italy,ITA,1980,1.0584935849750767,1.0586838617854974,1.088630537584696,0.43799737649304527
Italy,ITA,1981,1.0394644486871103,1.0396764907605522,1.0706139170558275,0.43799737649304527
Italy,ITA,1982,1.0163761904147322,1.0165513991960102,1.0458232796151847,0.43799737649304527
Italy,ITA,1983,1.0038870486534375,1.0040488763631092,1.031525589035911,0.43799737649304527
Italy,ITA,1984,1.0201262264371636,1.0202671018432028,1.0453994974953336,0.43799737649304527
Italy,ITA,1985,1.0235275222150806,1.023684446710866,1.048400327022792,0.43799737649304527
Italy,ITA,1986,1.023293850357514,1.023449941244773,1.047885271041613,0.43799737649304527
Italy,ITA,1987,1.0287894277424758,1.0289413635147744,1.0529588693536196,0.43799737649304527
Italy,ITA,1988,1.040262320266689,1.0404266921025966,1.064967332345856,0.43799737649304527
Italy,ITA,1989,1.0511279985367734,1.0513024272010014,1.0767760286436099,0.43799737649304527
Italy,ITA,1990,1.045226548726487,1.0454020911799384,1.0715684831900179,0.43799737649304527
Italy,ITA,1991,1.0320980525232226,1.0322695028650886,1.0586343678936414,0.43799737649304527
Italy,ITA,1992,1.0226877700360708,1.0228584193087666,1.0493280261849112,0.43799737649304527
Italy,ITA,1993,1.0093377488089716,1.0095026252993904,1.0357352991324085,0.43799737649304527
Italy,ITA,1994,1.0238421760938659,1.0239737455041737,1.0479870025043283,0.43799737649304527
Italy,ITA,1995,1.0346279841602568,1.0347640985789894,1.0578183759305313,0.43799737649304527
Italy,ITA,1996,1.023772128583074,1.0239211614306507,1.0472969665011487,0.43799737649304527
Italy,ITA,1997,1.0276505461461607,1.0277802958297597,1.0501607316726451,0.43799737649304527
Italy,ITA,1998,1.022841252938,1.022957120302558,1.043853596517403,0.43799737649304527
Italy,ITA,1999,1.0213849880596717,1.0214877728380456,1.040636614209519,0.43799737649304527
Italy,ITA,2000,1.0403472361056325,1.0404480017769195,1.0583967324246881,0.43799737649304527
Italy,ITA,2001,1.0376548424507765,1.0377611838713552,1.0553549589746272,0.43799737649304527
Italy,ITA,2002,1.0191593457301318,1.01926256126879,1.0364759530806271,0.43799737649304527
Italy,ITA,2003,1.001655567404594,1.00175827153826,1.0187456610833694,0.43799737649304527
Italy,ITA,2004,1.000288786712355,1.0003846354836359,1.016821865082484,0.43799737649304527
Italy,ITA,2005,0.9927641761500983,0.9928690332436299,1.0095866728887426,0.43799737649304527
Italy,ITA,2006,0.985708128170355,0.985808853341668,1.002483168431799,0.43799737649304527
Italy,ITA,2007,0.9787806597372777,0.9788912409877017,0.996224816663906,0.43799737649304527
Italy,ITA,2008,0.9596390551760914,0.9597485770187717,0.9774811461818826,0.43799737649304527
Italy,ITA,2009,0.9126337436495371,0.9127329604071894,0.9301074975369019,0.43799737649304527
Italy,ITA,2010,0.9224821973401625,0.9225519858280542,0.937791069806738,0.43799737649304527
Italy,ITA,2011,0.9196411879077608,0.9197034854654458,0.9330925019561223,0.43799737649304527
Italy,ITA,2012,0.8938094651843267,0.8938722106329724,0.9061065781651774,0.43799737649304527
Italy,ITA,2013,0.8877054761679357,0.8877462233396303,0.8977911727903098,0.43799737649304527
Italy,ITA,2014,0.8857213240142094,0.8857509767978247,0.8936458849476212,0.43799737649304527
Italy,ITA,2015,0.8818787593757911,0.8819085243222728,0.8884272905603678,0.43799737649304527
Italy,ITA,2016,0.8781917384702611,0.8782247586974021,0.8840815894158727,0.43799737649304527
Italy,ITA,2017,0.881536752836305,0.881577152377389,0.8875222714621378,0.43799737649304527
Italy,ITA,2018,0.8775548498858097,0.877601933388461,0.8840776835793971,0.43799737649304527
Italy,ITA,2019,0.8710974252193502,0.871148001895568,0.8782346960358538,0.43799737649304527
Japan,JPN,1950,-0.18923350711324982,-0.18923350711324982,-0.18923350711324982,0.40173733830451963
Japan,JPN,1951,-0.13073539914165355,-0.13053658154614656,-0.11739989183666832,0.40173733830451963
Japan,JPN,1952,-0.05100436680225329,-0.05071303830830942,-0.022788703037647018,0.40173733830451963
Japan,JPN,1953,-0.017868728297563585,-0.01762217994251003,0.016770347064760216,0.40173733830451963
Japan,JPN,1954,-0.008370867317565533,-0.008143421136246332,0.029058910475945332,0.40173733830451963
Japan,JPN,1955,0.008868504235754138,0.00910826667425102,0.04883500053577183,0.40173733830451963
Japan,JPN,1956,0.030129572854339592,0.030386261111935653,0.07274550533252278,0.40173733830451963
Japan,JPN,1957,0.05493565535995071,0.05522214980739282,0.10111255018764087,0.40173733830451963
Japan,JPN,1958,0.07237982264252274,0.07270931553171955,0.12354301181072813,0.40173733830451963
Japan,JPN,1959,0.12021423632190409,0.12051879311461633,0.17269574008205968,0.40173733830451963
Japan,JPN,1960,0.19130298583483274,0.1916430785214862,0.2468891877601722,0.40173733830451963
Japan,JPN,1961,0.25254374016110503,0.25295386102855844,0.31459412106701734,0.40173733830451963
Japan,JPN,1962,0.28695525720319814,0.28740620065718137,0.3555075179044369,0.40173733830451963
Japan,JPN,1963,0.32465567078153246,0.32507328750908115,0.3947592780086264,0.40173733830451963
Japan,JPN,1964,0.37626882101937564,0.3766953345271755,0.4478347758513932,0.40173733830451963
Japan,JPN,1965,0.37958334508239666,0.3800302427681954,0.45330190785776825,0.40173733830451963
Japan,JPN,1966,0.41945674437172364,0.41986229426409505,0.49164567302455797,0.40173733830451963
Japan,JPN,1967,0.46485949994276776,0.46526988673841263,0.5364335147494819,0.40173733830451963
Japan,JPN,1968,0.5178927937757809,0.5183352044663199,0.5911718800346701,0.40173733830451963
Japan,JPN,1969,0.577732567802296,0.5782045255826764,0.6539139092116804,0.40173733830451963
Japan,JPN,1970,0.6173366952894117,0.6178269522958573,0.6963726826060785,0.40173733830451963
Japan,JPN,1971,0.6027331753811049,0.6032537103647657,0.685394025148546,0.40173733830451963
Japan,JPN,1972,0.6291587465744177,0.6296128250761717,0.7094683018502694,0.40173733830451963
Japan,JPN,1973,0.6474805453388655,0.6479237166591112,0.7257185291105834,0.40173733830451963
Japan,JPN,1974,0.6039571739359761,0.6044067079833031,0.6813951203823052,0.40173733830451963
Japan,JPN,1975,0.6014528959852248,0.601833217803855,0.6738649152871217,0.40173733830451963
Japan,JPN,1976,0.5907560619945489,0.591075327852467,0.6562570610008382,0.40173733830451963
Japan,JPN,1977,0.590048304328346,0.5903453761896875,0.6500172897503687,0.40173733830451963
Japan,JPN,1978,0.6019362004336211,0.60221365630174,0.6573140550721535,0.40173733830451963
Japan,JPN,1979,0.6148748080976061,0.6151549752937262,0.6676679749787633,0.40173733830451963
Japan,JPN,1980,0.604524756296839,0.6048098350230893,0.6560742006134896,0.40173733830451963
Japan,JPN,1981,0.6125592940643951,0.6128183213325826,0.6616375007733382,0.40173733830451963
Japan,JPN,1982,0.6126179644648593,0.6128549799393932,0.6587767660910098,0.40173733830451963
Japan,JPN,1983,0.6116896888814365,0.6119016097794914,0.6544218043355565,0.40173733830451963
Japan,JPN,1984,0.6282411670413097,0.6284207923274892,0.666774807282895,0.40173733830451963
Japan,JPN,1985,0.6594032837067969,0.6595735714403377,0.6947552026344441,0.40173733830451963
Japan,JPN,1986,0.6684423848377294,0.6686165801538335,0.7020888486953067,0.40173733830451963
Japan,JPN,1987,0.6907831402881035,0.6909526254875074,0.7230680720283287,0.40173733830451963
Japan,JPN,1988,0.72953196566871,0.7297110061921588,0.7616073739833,0.40173733830451963
Japan,JPN,1989,0.7500273245548081,0.750233596486356,0.7837766703736326,0.40173733830451963
Japan,JPN,1990,0.7732147473639497,0.773427158042745,0.8084018441280438,0.40173733830451963
Japan,JPN,1991,0.7764937382723938,0.7767066644972926,0.812612694710011,0.40173733830451963
Japan,JPN,1992,0.7700481799815924,0.7702547032731379,0.8063770514725546,0.40173733830451963
Japan,JPN,1993,0.7532160291636982,0.7533986992342525,0.78813230039147,0.40173733830451963
Japan,JPN,1994,0.7498362105680867,0.7499968659834435,0.7824322255293934,0.40173733830451963
Japan,JPN,1995,0.757926478258546,0.7580674744957863,0.7877795814687074,0.40173733830451963
Japan,JPN,1996,0.7705756614712698,0.7707167009732281,0.798717156394904,0.40173733830451963
Japan,JPN,1997,0.7685901570576004,0.7687412294101712,0.7963206535926108,0.40173733830451963
Japan,JPN,1998,0.755612557653838,0.7557470295395143,0.7820041442178747,0.40173733830451963
Japan,JPN,1999,0.7531969439435349,0.7533072452517375,0.7771535598851544,0.40173733830451963
Japan,JPN,2000,0.77158972707592,0.7716805946250602,0.7927252608398838,0.40173733830451963
Japan,JPN,2001,0.7726386323441643,0.7727290167058252,0.7919494799644413,0.40173733830451963
Japan,JPN,2002,0.7753766881130968,0.7754599031170475,0.7930463781836945,0.40173733830451963
Japan,JPN,2003,0.7813891906217458,0.7814531727791865,0.7967337434452206,0.40173733830451963
Japan,JPN,2004,0.7894470417652082,0.7895071813298893,0.8030540818963141,0.40173733830451963
Japan,JPN,2005,0.7976572054096884,0.7977160535214107,0.8100722326091674,0.40173733830451963
Japan,JPN,2006,0.797009738276909,0.797068509064097,0.8086650811031628,0.40173733830451963
Japan,JPN,2007,0.8045164252124586,0.8045718513522182,0.8154739741184756,0.40173733830451963
Japan,JPN,2008,0.7938968196145888,0.7939466694649573,0.8040443034978599,0.40173733830451963
Japan,JPN,2009,0.7554088285686609,0.7554550961824829,0.7648051716755058,0.40173733830451963
Japan,JPN,2010,0.7874983883550133,0.7875098789358201,0.7940759663071812,0.40173733830451963
Japan,JPN,2011,0.7856381768010712,0.7856537291977856,0.7906544984152672,0.40173733830451963
Japan,JPN,2012,0.7952297866855833,0.7952534556504354,0.799778070697247,0.40173733830451963
Japan,JPN,2013,0.8141072117641315,0.8141391611272351,0.8189238380260999,0.40173733830451963
Japan,JPN,2014,0.8127610807968697,0.812782332413164,0.8170502041592371,0.40173733830451963
Japan,JPN,2015,0.8205715110247365,0.8206002998172774,0.8250478530955601,0.40173733830451963
Japan,JPN,2016,0.8203049396829467,0.820330563658354,0.8247051577773252,0.40173733830451963
Japan,JPN,2017,0.8341796042562191,0.8342056931800741,0.8385796899650071,0.40173733830451963
Japan,JPN,2018,0.8288609850639546,0.8288948616698129,0.8338064480986453,0.40173733830451963
Japan,JPN,2019,0.8396645718227367,0.8396984637663403,0.8449851240214885,0.40173733830451963
Republic of Korea,KOR,1953,-0.6352835430151558,-0.6352835430151558,-0.6352835430151558,0.42195217244660677
Republic of Korea,KOR,1954,-0.6278279944721552,-0.6262756019317983,-0.61933337317077,0.42195217244660677
Republic of Korea,KOR,1955,-0.563913193868129,-0.5624384348169063,-0.5518869144992449,0.42195217244660677
Republic of Korea,KOR,1956,-0.5183490352270139,-0.5167499926000003,-0.5039000625140568,0.42195217244660677
Republic of Korea,KOR,1957,-0.4554628306988837,-0.453931996939442,-0.4399038127700363,0.42195217244660677
Republic of Korea,KOR,1958,-0.42996541091273954,-0.42666690766918336,-0.41030977261614865,0.42195217244660677
Republic of Korea,KOR,1959,-0.41544222667438824,-0.41225682836512956,-0.3948751801421988,0.42195217244660677
Republic of Korea,KOR,1960,-0.40422599803994874,-0.40248104281995456,-0.3855992001624182,0.42195217244660677
Republic of Korea,KOR,1961,-0.4070305814193551,-0.4057111873604571,-0.3894779809692679,0.42195217244660677
Republic of Korea,KOR,1962,-0.43189134781388905,-0.4299278915391245,-0.4139694121111237,0.42195217244660677
Republic of Korea,KOR,1963,-0.402214820587691,-0.40023107844679107,-0.3846213703829138,0.42195217244660677
Republic of Korea,KOR,1964,-0.34420866671196215,-0.33592671310435485,-0.318996366438002,0.42195217244660677
Republic of Korea,KOR,1965,-0.3692943143721372,-0.36128046784362144,-0.3440341506763742,0.42195217244660677
Republic of Korea,KOR,1966,-0.2917654802828382,-0.2837580965351343,-0.26665708159957635,0.42195217244660677
Republic of Korea,KOR,1967,-0.296743910797578,-0.28200998750345896,-0.26437573546663184,0.42195217244660677
Republic of Korea,KOR,1968,-0.2681414931450794,-0.24850047548149234,-0.23052608060179125,0.42195217244660677
Republic of Korea,KOR,1969,-0.20249536814626357,-0.17512272287562514,-0.15694218657597503,0.42195217244660677
Republic of Korea,KOR,1970,-0.1587633995759017,-0.12713235812623136,-0.10933496884283578,0.42195217244660677
Republic of Korea,KOR,1971,-0.11366478056016849,-0.08093708499699748,-0.06431679541993418,0.42195217244660677
Republic of Korea,KOR,1972,-0.10744164988067872,-0.07219569645250701,-0.05715115559249995,0.42195217244660677
Republic of Korea,KOR,1973,-0.03095776523819005,0.001608442671696686,0.015096303694202895,0.42195217244660677
Republic of Korea,KOR,1974,-0.0037350969623100028,0.03253794228294726,0.04418602268592231,0.42195217244660677
Republic of Korea,KOR,1975,0.009870037140966126,0.054568642294746894,0.0637070123839516,0.42195217244660677
Republic of Korea,KOR,1976,0.05575606375643272,0.10353248704251161,0.10999031896086642,0.42195217244660677
Republic of Korea,KOR,1977,0.1054330599083606,0.15884120910038835,0.16226227595053722,0.42195217244660677
Republic of Korea,KOR,1978,0.1265375449403967,0.18942330940738827,0.18887633093622114,0.42195217244660677
Republic of Korea,KOR,1979,0.13577581189481602,0.2105553097489965,0.2050740310675847,0.42195217244660677
Republic of Korea,KOR,1980,0.049568324245159445,0.1335098237589163,0.12344284756181079,0.42195217244660677
Republic of Korea,KOR,1981,0.05001533567935912,0.12962207322562502,0.11677706211465377,0.42195217244660677
Republic of Korea,KOR,1982,0.06577392918295999,0.13997875021049566,0.12585630591968489,0.42195217244660677
Republic of Korea,KOR,1983,0.13603847675703662,0.20675042253052123,0.1919031887481184,0.42195217244660677
Republic of Korea,KOR,1984,0.1952963255766731,0.26504377447442895,0.2493915452436335,0.42195217244660677
Republic of Korea,KOR,1985,0.2098684287925181,0.278707544737709,0.26223078519780163,0.42195217244660677
Republic of Korea,KOR,1986,0.24832925960418084,0.31632849163793164,0.29891547251558137,0.42195217244660677
Republic of Korea,KOR,1987,0.299424524721001,0.36865742768522924,0.3499660484020364,0.42195217244660677
Republic of Korea,KOR,1988,0.3572378658921016,0.43003536757675587,0.4094823886000185,0.42195217244660677
Republic of Korea,KOR,1989,0.3716718593957218,0.45122789400991703,0.42797724639057666,0.42195217244660677
Republic of Korea,KOR,1990,0.40571068182073144,0.49210549428155037,0.46580642108316184,0.42195217244660677
Republic of Korea,KOR,1991,0.4387607658487376,0.5319668617357634,0.5023502401654882,0.42195217244660677
Republic of Korea,KOR,1992,0.4323310516642689,0.534522002199652,0.5009784849590639,0.42195217244660677
Republic of Korea,KOR,1993,0.4329614247405198,0.5384230007534159,0.5017696786453492,0.42195217244660677
Republic of Korea,KOR,1994,0.45354438954835796,0.5604411363001551,0.5212351794854744,0.42195217244660677
Republic of Korea,KOR,1995,0.47241204738400633,0.5820879005361297,0.5405708259364195,0.42195217244660677
Republic of Korea,KOR,1996,0.4841945018636249,0.5959321701397977,0.5523472734516677,0.42195217244660677
Republic of Korea,KOR,1997,0.4916331143726964,0.6057740150283886,0.5604485596977042,0.42195217244660677
Republic of Korea,KOR,1998,0.45269058092334724,0.5604292581951933,0.515450317750064,0.42195217244660677
Republic of Korea,KOR,1999,0.5264727268519538,0.6151643910597935,0.573644159055025,0.42195217244660677
Republic of Korea,KOR,2000,0.560197251643821,0.6372850671952737,0.5999189175734472,0.42195217244660677
Republic of Korea,KOR,2001,0.5723492188409844,0.6440847933341924,0.6100467213338732,0.42195217244660677
Republic of Korea,KOR,2002,0.6119895885700544,0.6797692593041109,0.6483477477995345,0.42195217244660677
Republic of Korea,KOR,2003,0.6248163740791313,0.6909555011080633,0.6612963137638728,0.42195217244660677
Republic of Korea,KOR,2004,0.6421097615075029,0.7084877136834171,0.6797032534986416,0.42195217244660677
Republic of Korea,KOR,2005,0.6584194748886718,0.7261293161908737,0.6974239219562115,0.42195217244660677
Republic of Korea,KOR,2006,0.6719635901422034,0.7410933415644934,0.7119533232486264,0.42195217244660677
Republic of Korea,KOR,2007,0.6992367542400393,0.7698362851709426,0.7399474122247645,0.42195217244660677
Republic of Korea,KOR,2008,0.71833255894229,0.7900117341329382,0.7592267549889486,0.42195217244660677
Republic of Korea,KOR,2009,0.7125149509555282,0.785206830174868,0.7534817680564609,0.42195217244660677
Republic of Korea,KOR,2010,0.7521241372465681,0.8201417524242434,0.7885338962701578,0.42195217244660677
Republic of Korea,KOR,2011,0.7606496684208492,0.8273093560429912,0.7958743073569483,0.42195217244660677
Republic of Korea,KOR,2012,0.7545322893151507,0.8197471594347006,0.7886845429237308,0.42195217244660677
Republic of Korea,KOR,2013,0.7579294725160581,0.8205665266256741,0.7902564266048069,0.42195217244660677
Republic of Korea,KOR,2014,0.763317502431951,0.8238429291561227,0.7943742836582786,0.42195217244660677
Republic of Korea,KOR,2015,0.7625014360085043,0.8210327017427659,0.7924310836230699,0.42195217244660677
Republic of Korea,KOR,2016,0.7722441796699382,0.827706847987681,0.8002153400893786,0.42195217244660677
Republic of Korea,KOR,2017,0.7924780859147837,0.8459021441454349,0.819428449352154,0.42195217244660677
Republic of Korea,KOR,2018,0.8058354704799919,0.8599318146055026,0.8338433728939574,0.42195217244660677
Republic of Korea,KOR,2019,0.8035013382234357,0.8569210465015997,0.8311222586774862,0.42195217244660677
Latvia,LVA,1990,0.08595404270133056,0.08595404270133056,0.08595404270133056,0.47641586860020957
Latvia,LVA,1991,-0.03564533669078607,-0.024268335648849337,-0.02673133241927239,0.47641586860020957
Latvia,LVA,1992,-0.4388039652309095,-0.4199079565222048,-0.42563014626269435,0.47641586860020957
Latvia,LVA,1993,-0.5712900980396878,-0.5495863188222705,-0.558025925022763,0.47641586860020957
Latvia,LVA,1994,-0.5118299573663885,-0.49224021750152946,-0.5019286904358848,0.47641586860020957
Latvia,LVA,1995,-0.5147747890074887,-0.49670579303523343,-0.5068158106277991,0.47641586860020957
Latvia,LVA,1996,-0.4889653690044664,-0.47245972849534024,-0.4823943382570004,0.47641586860020957
Latvia,LVA,1997,-0.42460673186106046,-0.4088313201559943,-0.41841307685639606,0.47641586860020957
Latvia,LVA,1998,-0.3597869856172622,-0.3443013681353131,-0.35348351659897936,0.47641586860020957
Latvia,LVA,1999,-0.32307403168889515,-0.3063263977689399,-0.3155250195755528,0.47641586860020957
Latvia,LVA,2000,-0.24998844309358415,-0.23232665192215318,-0.24171113657328558,0.47641586860020957
Latvia,LVA,2001,-0.20289170477657237,-0.1838870713514087,-0.19369435704660365,0.47641586860020957
Latvia,LVA,2002,-0.1322172513379405,-0.11072146712712172,-0.1213080133176625,0.47641586860020957
Latvia,LVA,2003,-0.05425027767386137,-0.030310795952671832,-0.041968821099334974,0.47641586860020957
Latvia,LVA,2004,0.03431522808584386,0.06261218573201965,0.04891496321136923,0.47641586860020957
Latvia,LVA,2005,0.11575649634974017,0.15068337459152037,0.13379093346341087,0.47641586860020957
Latvia,LVA,2006,0.19201833059516105,0.23487956481712313,0.21384317096200167,0.47641586860020957
Latvia,LVA,2007,0.2644584518457531,0.31804036374392997,0.2915590565619599,0.47641586860020957
Latvia,LVA,2008,0.18643316671023058,0.2511755025223028,0.21864105818429458,0.47641586860020957
Latvia,LVA,2009,0.11253311693267687,0.18324112407811555,0.14596179622069894,0.47641586860020957
Latvia,LVA,2010,0.10275665475501583,0.16845410856602605,0.12950392868477056,0.47641586860020957
Latvia,LVA,2011,0.15056803026940724,0.20981331161892758,0.17163804006432315,0.47641586860020957
Latvia,LVA,2012,0.18483320614935472,0.2422350285884436,0.20516938848131616,0.47641586860020957
Latvia,LVA,2013,0.19341670948634526,0.24910408130614847,0.213344359485804,0.47641586860020957
Latvia,LVA,2014,0.2057740470977123,0.2588559044446104,0.22474655978138092,0.47641586860020957
Latvia,LVA,2015,0.2461931646451605,0.296422419521881,0.26420805421909854,0.47641586860020957
Latvia,LVA,2016,0.26872013935024164,0.316384737332176,0.28615346404559894,0.47641586860020957
Latvia,LVA,2017,0.304082252791364,0.3485032497370044,0.3204247718242552,0.47641586860020957
Latvia,LVA,2018,0.3294168554366168,0.37220352486964803,0.3458720427297175,0.47641586860020957
Latvia,LVA,2019,0.3554161834974092,0.39872697527305423,0.3732703031960076,0.47641586860020957
Lithuania,LTU,1990,0.42408390706145216,0.42408390706145216,0.42408390706145216,0.4895071436961492
Lithuania,LTU,1991,0.3489373309199726,0.36872112733260387,0.36420869726188965,0.4895071436961492
Lithuania,LTU,1992,0.11134929318063769,0.1430677436168999,0.13288290736896258,0.4895071436961492
Lithuania,LTU,1993,-0.043975512589749854,-0.011309956604908855,-0.025293355280373575,0.4895071436961492
Lithuania,LTU,1994,-0.11664667408388496,-0.0838337581966897,-0.10021674699561345,0.4895071436961492
Lithuania,LTU,1995,-0.040125187887198877,-0.00865971553212308,-0.026180146264988657,0.4895071436961492
Lithuania,LTU,1996,0.005081659040210518,0.0363481569676507,0.018262550408801204,0.4895071436961492
Lithuania,LTU,1997,0.0772702217566108,0.1098148391675986,0.09114530157646783,0.4895071436961492
Lithuania,LTU,1998,0.13270269710495786,0.16969073645640265,0.14961612799980983,0.4895071436961492
Lithuania,LTU,1999,0.13842822211411132,0.18139029619590108,0.15907267052105833,0.4895071436961492
Lithuania,LTU,2000,0.1565565717876547,0.20132695090081132,0.1773170027512725,0.4895071436961492
Lithuania,LTU,2001,0.2392102043099147,0.28355457574553355,0.2587388702102489,0.4895071436961492
Lithuania,LTU,2002,0.28818328271360105,0.3336664824093454,0.30823267402080656,0.4895071436961492
Lithuania,LTU,2003,0.3737963086056997,0.42166514889024587,0.3954434541261831,0.4895071436961492
Lithuania,LTU,2004,0.4046755855480191,0.4575321901524285,0.4291696473787221,0.4895071436961492
Lithuania,LTU,2005,0.45721538277508333,0.517381880433029,0.48564626821134205,0.4895071436961492
Lithuania,LTU,2006,0.5146432163828099,0.5834889195550135,0.5474550425927802,0.4895071436961492
Lithuania,LTU,2007,0.5817426028318424,0.6623040617571441,0.6206052990021806,0.4895071436961492
Lithuania,LTU,2008,0.5761639271314722,0.6755871862326019,0.6259562597689561,0.4895071436961492
Lithuania,LTU,2009,0.4508927631374471,0.5602649568718245,0.5038805740656347,0.4895071436961492
Lithuania,LTU,2010,0.4762324155917055,0.5704452364541011,0.5136126748709477,0.4895071436961492
Lithuania,LTU,2011,0.5249102931935861,0.6141648610422878,0.5584482799946526,0.4895071436961492
Lithuania,LTU,2012,0.5392101400087164,0.6278363845529809,0.5730337578723121,0.4895071436961492
Lithuania,LTU,2013,0.5608662215877578,0.6467313894700588,0.5933423050105064,0.4895071436961492
Lithuania,LTU,2014,0.5774506854264301,0.6607522133583483,0.6090945528065062,0.4895071436961492
Lithuania,LTU,2015,0.5731285388622291,0.6537728805964678,0.6040221745552525,0.4895071436961492
Lithuania,LTU,2016,0.5670510834524105,0.6466657382540983,0.5984313789831104,0.4895071436961492
Lithuania,LTU,2017,0.6138659732465177,0.6898595925312012,0.6435621090810324,0.4895071436961492
Lithuania,LTU,2018,0.6337710770841882,0.7082637911129526,0.6635254985074628,0.4895071436961492
Lithuania,LTU,2019,0.6635845473815492,0.7373445772801581,0.6936773147186228,0.4895071436961492
Luxembourg,LUX,1950,1.1389180753611354,1.1389180753611354,1.1389180753611354,0.4496406487056187
Luxembourg,LUX,1951,1.052444179493928,1.0879442917929105,1.0812545209692117,0.4496406487056187
Luxembourg,LUX,1952,1.0810733930587997,1.1310322595339501,1.1174759867011552,0.4496406487056187
Luxembourg,LUX,1953,1.0723794578692085,1.1364730867730244,1.1160945050761906,0.4496406487056187
Luxembourg,LUX,1954,1.0229538191058052,1.1035189893913304,1.075980316721504,0.4496406487056187
Luxembourg,LUX,1955,1.0339260752542705,1.1219770718574722,1.088918164160063,0.4496406487056187
Luxembourg,LUX,1956,1.0455098259990492,1.1344948889957274,1.0981828553782136,0.4496406487056187
Luxembourg,LUX,1957,1.0666072740196286,1.154206060656053,1.116414452630445,0.4496406487056187
Luxembourg,LUX,1958,1.0461122069893296,1.1353993648299525,1.0965971222959148,0.4496406487056187
Luxembourg,LUX,1959,1.0126798622580138,1.1015308985470478,1.0623850414661646,0.4496406487056187
Luxembourg,LUX,1960,1.0260752895815166,1.111205095094137,1.0727036908823608,0.4496406487056187
Luxembourg,LUX,1961,1.0230969280821505,1.1065347360824376,1.0688731292189804,0.4496406487056187
Luxembourg,LUX,1962,1.0006823786859864,1.0832822290688555,1.0464067675798847,0.4496406487056187
Luxembourg,LUX,1963,0.9909792967820361,1.0709069979517083,1.0351128237312008,0.4496406487056187
Luxembourg,LUX,1964,1.0382134791637037,1.1149132735606098,1.0803071983581902,0.4496406487056187
Luxembourg,LUX,1965,1.018932820826858,1.0945414285213748,1.0608476231292072,0.4496406487056187
Luxembourg,LUX,1966,1.0001266259384707,1.0720701894988087,1.0395798255488522,0.4496406487056187
Luxembourg,LUX,1967,0.9902708032529359,1.0562889534662556,1.0255522777524337,0.4496406487056187
Luxembourg,LUX,1968,1.0265715566710822,1.0827862446355354,1.0548448435277473,0.4496406487056187
Luxembourg,LUX,1969,1.1053644751482254,1.1532822504089983,1.1284977659941848,0.4496406487056187
Luxembourg,LUX,1970,1.014284693450343,1.0576260828837953,1.0355520783998489,0.4496406487056187
Luxembourg,LUX,1971,0.9892744327609231,1.0324829065917562,1.0120229392025486,0.4496406487056187
Luxembourg,LUX,1972,1.0068335927847678,1.0528007347593582,1.032758495847165,0.4496406487056187
Luxembourg,LUX,1973,1.0470894524275596,1.0946435982498284,1.0745244044665516,0.4496406487056187
Luxembourg,LUX,1974,1.0424301211031168,1.0918576875633117,1.0713027072336225,0.4496406487056187
Luxembourg,LUX,1975,0.939403830483442,0.9886482648992128,0.9678208960454415,0.4496406487056187
Luxembourg,LUX,1976,0.9395919269675006,0.9878903875585769,0.9670388910186474,0.4496406487056187
Luxembourg,LUX,1977,0.9424067131794582,0.9894639293350349,0.9687968818562163,0.4496406487056187
Luxembourg,LUX,1978,0.9758166029286715,1.018547543575199,0.9987457266976474,0.4496406487056187
Luxembourg,LUX,1979,0.9795213476299249,1.024692701814863,1.004934194772722,0.4496406487056187
Luxembourg,LUX,1980,0.9716706521923362,1.0164127940407113,0.9967509469474978,0.4496406487056187
Luxembourg,LUX,1981,0.946262681530976,0.9968790888478947,0.976209578654927,0.4496406487056187
Luxembourg,LUX,1982,0.9392614889040858,0.9933524316449147,0.9714697553663663,0.4496406487056187
Luxembourg,LUX,1983,0.9484199284579171,1.003730857395361,0.9809304461376005,0.4496406487056187
Luxembourg,LUX,1984,0.9895635176443252,1.0430110171233915,1.0200263944568375,0.4496406487056187
Luxembourg,LUX,1985,0.9850544637707497,1.0383925535728906,1.015318098341405,0.4496406487056187
Luxembourg,LUX,1986,1.052797299171623,1.1027810986440998,1.0802732804755073,0.4496406487056187
Luxembourg,LUX,1987,1.054739784885717,1.1063423077828212,1.0838701814260565,0.4496406487056187
Luxembourg,LUX,1988,1.08709058146498,1.1432812022273504,1.1199846212189017,0.4496406487056187
Luxembourg,LUX,1989,1.1332308765936845,1.1952130895041093,1.1703597686353882,0.4496406487056187
Luxembourg,LUX,1990,1.1350264549971687,1.2008170113709928,1.1743540193640358,0.4496406487056187
Luxembourg,LUX,1991,1.1739029130296483,1.2422567671705957,1.2144105100439244,0.4496406487056187
Luxembourg,LUX,1992,1.1527786210893094,1.224899996882347,1.195555921996304,0.4496406487056187
Luxembourg,LUX,1993,1.1562451589242535,1.2268713562461127,1.1969635649614814,0.4496406487056187
Luxembourg,LUX,1994,1.1583877540755818,1.2296509621411529,1.199300577020951,0.4496406487056187
Luxembourg,LUX,1995,1.1301966514108979,1.1998583615900693,1.169556598013902,0.4496406487056187
Luxembourg,LUX,1996,1.1063349758969436,1.1725302681924945,1.1429324246032935,0.4496406487056187
Luxembourg,LUX,1997,1.1256040639786633,1.1866216013421367,1.1583821954440339,0.4496406487056187
Luxembourg,LUX,1998,1.143688843339688,1.2011074912973978,1.1743511270467843,0.4496406487056187
Luxembourg,LUX,1999,1.1821826048768709,1.2371544120233247,1.2116838550475442,0.4496406487056187
Luxembourg,LUX,2000,1.210630418973433,1.265297040568373,1.240686631322311,0.4496406487056187
Luxembourg,LUX,2001,1.1923144482450265,1.245447498233614,1.2216245660109193,0.4496406487056187
Luxembourg,LUX,2002,1.1973547082549851,1.2493573080481815,1.226208878785954,0.4496406487056187
Luxembourg,LUX,2003,1.189418224948465,1.2382281275065683,1.2160913133573539,0.4496406487056187
Luxembourg,LUX,2004,1.1943712025188007,1.2431687816859456,1.2216004252895067,0.4496406487056187
Luxembourg,LUX,2005,1.1954777640805005,1.2483018479840151,1.2262084110455067,0.4496406487056187
Luxembourg,LUX,2006,1.1958570975617269,1.2514254647436172,1.22861178675001,0.4496406487056187
Luxembourg,LUX,2007,1.2207405857254265,1.2755053638914324,1.2523022625748883,0.4496406487056187
Luxembourg,LUX,2008,1.1530011869148895,1.2089435785556217,1.1852636242044188,0.4496406487056187
Luxembourg,LUX,2009,1.086582582825148,1.1471802886975038,1.122581270197216,0.4496406487056187
Luxembourg,LUX,2010,1.1024260177371819,1.1570944838211341,1.1329287081492536,0.4496406487056187
Luxembourg,LUX,2011,1.0886484128929688,1.1415570154411165,1.1179745369005403,0.4496406487056187
Luxembourg,LUX,2012,1.0455708483289818,1.1020550324867031,1.0779545541858182,0.4496406487056187
Luxembourg,LUX,2013,1.0475666650004811,1.104381877596877,1.079906068191569,0.4496406487056187
Luxembourg,LUX,2014,1.051729433302186,1.106856949147649,1.0824661402589806,0.4496406487056187
Luxembourg,LUX,2015,1.0560501997832858,1.1089219444834715,1.0850607508552859,0.4496406487056187
Luxembourg,LUX,2016,1.067432528661885,1.1160281820881126,1.093318000564989,0.4496406487056187
Luxembourg,LUX,2017,1.0521722975578056,1.0962574435548733,1.0750764143789757,0.4496406487056187
Luxembourg,LUX,2018,1.0455227617120872,1.0855342799375425,1.0659790304897738,0.4496406487056187
Luxembourg,LUX,2019,1.0324737265822783,1.0691829496020215,1.0511833189345312,0.4496406487056187
Mexico,MEX,1950,0.09156481114658277,0.09156481114658277,0.09156481114658277,0.5900232276746206
Mexico,MEX,1951,0.16878168819090877,0.1711926828661099,0.18709227740699053,0.5900232276746206
Mexico,MEX,1952,0.1837924608359094,0.1873328622103685,0.21729533935323975,0.5900232276746206
Mexico,MEX,1953,0.1515057654042824,0.15560790391062174,0.19518567796220854,0.5900232276746206
Mexico,MEX,1954,0.23203973610420192,0.23598668547781898,0.2801349379767055,0.5900232276746206
Mexico,MEX,1955,0.28484692978547344,0.28936546309776023,0.3365975275545452,0.5900232276746206
Mexico,MEX,1956,0.3299041974005119,0.33531401439742936,0.3849405529890566,0.5900232276746206
Mexico,MEX,1957,0.36566717245042923,0.3737691562916412,0.4275932126445223,0.5900232276746206
Mexico,MEX,1958,0.3660250796324327,0.37552032405562485,0.43217336381618665,0.5900232276746206
Mexico,MEX,1959,0.34967048005074197,0.35806264418024103,0.4138361277523286,0.5900232276746206
Mexico,MEX,1960,0.40006083030386996,0.40786531948776705,0.4614214632539202,0.5900232276746206
Mexico,MEX,1961,0.38451408576886603,0.39332841959291276,0.44532365207786206,0.5900232276746206
Mexico,MEX,1962,0.3818245050862421,0.39045141056463795,0.44027562791973374,0.5900232276746206
Mexico,MEX,1963,0.4360301282827894,0.44371905313463067,0.490630441783086,0.5900232276746206
Mexico,MEX,1964,0.5205927654626414,0.5304242481911396,0.5759460565285099,0.5900232276746206
Mexico,MEX,1965,0.5233074706525187,0.5371178422627203,0.5829057047437098,0.5900232276746206
Mexico,MEX,1966,0.5282152188092901,0.5453236761863121,0.5916988008062258,0.5900232276746206
Mexico,MEX,1967,0.5279266367248958,0.5471046863185727,0.5935297024019555,0.5900232276746206
Mexico,MEX,1968,0.5614588418641375,0.581163729467459,0.6266716804536774,0.5900232276746206
Mexico,MEX,1969,0.5402441807568596,0.5627662787505869,0.6076401698843057,0.5900232276746206
Mexico,MEX,1970,0.5547924664007136,0.5755058982893653,0.6183582331308761,0.5900232276746206
Mexico,MEX,1971,0.5346180531213607,0.5554709111370704,0.5962436967943789,0.5900232276746206
Mexico,MEX,1972,0.5600931702697425,0.5791979301322963,0.6174265709512303,0.5900232276746206
Mexico,MEX,1973,0.5818760172375299,0.6020402025037477,0.6382204312251822,0.5900232276746206
Mexico,MEX,1974,0.5770898037060395,0.6007615521423286,0.6356533662191044,0.5900232276746206
Mexico,MEX,1975,0.5574904872759907,0.5870144654605403,0.6213637801215421,0.5900232276746206
Mexico,MEX,1976,0.532343399494092,0.5653948188405717,0.5990649942970911,0.5900232276746206
Mexico,MEX,1977,0.5075018467517172,0.5390042365364867,0.5711384771619521,0.5900232276746206
Mexico,MEX,1978,0.530698346443021,0.5594788530636556,0.5895816921169068,0.5900232276746206
Mexico,MEX,1979,0.5554360180759259,0.5842519408700353,0.6124734446866791,0.5900232276746206
Mexico,MEX,1980,0.5673972242213692,0.5990199330740937,0.6257245311035744,0.5900232276746206
Mexico,MEX,1981,0.587539439115,0.6246274566874863,0.6501726210760754,0.5900232276746206
Mexico,MEX,1982,0.5118761959284601,0.5550398311681608,0.5795503325139588,0.5900232276746206
Mexico,MEX,1983,0.4313614283919538,0.46753624857406884,0.4903009345262692,0.5900232276746206
Mexico,MEX,1984,0.4295328197411763,0.4539337796446876,0.4746176491673477,0.5900232276746206
Mexico,MEX,1985,0.41536650067437986,0.43408284663568875,0.45296668281963104,0.5900232276746206
Mexico,MEX,1986,0.3384976914375937,0.3563700798587224,0.37381746920608805,0.5900232276746206
Mexico,MEX,1987,0.324851627173417,0.3377829903973941,0.3539879853102592,0.5900232276746206
Mexico,MEX,1988,0.30379897874674633,0.3147626993185302,0.32993619123902107,0.5900232276746206
Mexico,MEX,1989,0.3072956461294831,0.31929573455901394,0.33356276034011945,0.5900232276746206
Mexico,MEX,1990,0.32095894940628433,0.3331950784203741,0.34662461372442976,0.5900232276746206
Mexico,MEX,1991,0.32916119137135436,0.3426064413366161,0.35521569867186376,0.5900232276746206
Mexico,MEX,1992,0.3292186965576285,0.3455096579964003,0.357239168556319,0.5900232276746206
Mexico,MEX,1993,0.3276694827574351,0.34845739837278433,0.3591647337706787,0.5900232276746206
Mexico,MEX,1994,0.33284155705644203,0.3604075677746472,0.36999561661487057,0.5900232276746206
Mexico,MEX,1995,0.2250565727903302,0.2592447892995482,0.26787360841978813,0.5900232276746206
Mexico,MEX,1996,0.25405338350058315,0.2806737598479767,0.2885665901572576,0.5900232276746206
Mexico,MEX,1997,0.2786452194738107,0.3039421961248454,0.31115568712548836,0.5900232276746206
Mexico,MEX,1998,0.3014897281168558,0.3281844109226242,0.3346212760360672,0.5900232276746206
Mexico,MEX,1999,0.27297316685135353,0.301300676974976,0.30692465656916657,0.5900232276746206
Mexico,MEX,2000,0.2951437864947586,0.32426564430926774,0.32906873200949427,0.5900232276746206
Mexico,MEX,2001,0.2622897519137153,0.29271839957181545,0.2967116431358017,0.5900232276746206
Mexico,MEX,2002,0.2237060345766535,0.2521802266206743,0.25563306379140105,0.5900232276746206
Mexico,MEX,2003,0.22165132887209005,0.24884127459576533,0.2518680874611139,0.5900232276746206
Mexico,MEX,2004,0.2303141709035188,0.2572087483964296,0.25982611032256386,0.5900232276746206
Mexico,MEX,2005,0.23012779361378932,0.2583303900523397,0.26041291284801815,0.5900232276746206
Mexico,MEX,2006,0.24745388538565738,0.27649129643443704,0.27799644908419463,0.5900232276746206
Mexico,MEX,2007,0.24296259074172966,0.2741822431928771,0.27491696683414446,0.5900232276746206
Mexico,MEX,2008,0.21416352243036574,0.24659782485758175,0.24652057285025375,0.5900232276746206
Mexico,MEX,2009,0.16024585740632968,0.19388760581964615,0.1930319845836186,0.5900232276746206
Mexico,MEX,2010,0.1524673911392238,0.18341156203020859,0.1821659596598284,0.5900232276746206
Mexico,MEX,2011,0.16563315606753015,0.19641736730227066,0.19477084590372762,0.5900232276746206
Mexico,MEX,2012,0.1671286157665408,0.19918251693559252,0.19695338288592712,0.5900232276746206
Mexico,MEX,2013,0.15132722329599346,0.18511786996118396,0.1821339649436613,0.5900232276746206
Mexico,MEX,2014,0.157791939733257,0.19185824645763905,0.18819556967482765,0.5900232276746206
Mexico,MEX,2015,0.15985597091682724,0.1939018371638559,0.18962190610771845,0.5900232276746206
Mexico,MEX,2016,0.15988975987830312,0.19441255176016536,0.18950165185215528,0.5900232276746206
Mexico,MEX,2017,0.15617756605156075,0.19049068012096093,0.18508040687875038,0.5900232276746206
Mexico,MEX,2018,0.1490162974658258,0.18275123384018066,0.17697127518632705,0.5900232276746206
Mexico,MEX,2019,0.12271927552707584,0.15518834595845465,0.149233621427034,0.5900232276746206
Netherlands,NLD,1950,0.7023755253424033,0.7023755253424033,0.7023755253424033,0.32550668290683205
Netherlands,NLD,1951,0.714835762457156,0.7165896162026346,0.7288765737744569,0.32550668290683205
Netherlands,NLD,1952,0.7266210792791226,0.7285182426516021,0.7487443064142258,0.32550668290683205
Netherlands,NLD,1953,0.7960074575739364,0.7976605770582266,0.8216610243778879,0.32550668290683205
Netherlands,NLD,1954,0.8401543562817979,0.8423363486693605,0.8697409001674998,0.32550668290683205
Netherlands,NLD,1955,0.8906370648050368,0.8933164714992285,0.9233860948705157,0.32550668290683205
Netherlands,NLD,1956,0.9150689338034637,0.9183796572636975,0.9506312677977506,0.32550668290683205
Netherlands,NLD,1957,0.9286680193096348,0.9327482319694251,0.9668442486831301,0.32550668290683205
Netherlands,NLD,1958,0.9121228245311883,0.9164877790551182,0.9513445122180118,0.32550668290683205
Netherlands,NLD,1959,0.94475771292894,0.9481668822685902,0.981661794309149,0.32550668290683205
Netherlands,NLD,1960,1.0162081576421578,1.0199385655242734,1.0523218104513123,0.32550668290683205
Netherlands,NLD,1961,1.014508552265216,1.0191160512439428,1.050984181459385,0.32550668290683205
Netherlands,NLD,1962,1.024549262371786,1.0293824634545086,1.0604583231930587,0.32550668290683205
Netherlands,NLD,1963,1.0296591139795224,1.0343481119489777,1.0642089756609243,0.32550668290683205
Netherlands,NLD,1964,1.0894429769654979,1.0941845239064447,1.1227760311822186,0.32550668290683205
Netherlands,NLD,1965,1.1179383248916173,1.124065169579696,1.1521662003114956,0.32550668290683205
Netherlands,NLD,1966,1.1207616754138696,1.1277351290079167,1.1554168957398367,0.32550668290683205
Netherlands,NLD,1967,1.1565475794253492,1.1642964001415272,1.1915353052511417,0.32550668290683205
Netherlands,NLD,1968,1.1988877895256218,1.2072430800621587,1.2339264202055817,0.32550668290683205
Netherlands,NLD,1969,1.2885713472027076,1.2979292629281263,1.3241447626191478,0.32550668290683205
Netherlands,NLD,1970,1.2355663164829611,1.2445992552054772,1.2698711337823188,0.32550668290683205
Netherlands,NLD,1971,1.26197808966697,1.2717293623094807,1.2961828691281152,0.32550668290683205
Netherlands,NLD,1972,1.2706760763835963,1.2800399215509621,1.303388412608422,0.32550668290683205
Netherlands,NLD,1973,1.3135384854635532,1.3215350185932078,1.3433799610541115,0.32550668290683205
Netherlands,NLD,1974,1.352138660244182,1.3599300600656195,1.3804207577280385,0.32550668290683205
Netherlands,NLD,1975,1.357089569173068,1.3648506240080938,1.3841414235619816,0.32550668290683205
Netherlands,NLD,1976,1.3903659734437799,1.3970413657715994,1.4150162131659432,0.32550668290683205
Netherlands,NLD,1977,1.401088708967741,1.4074073903931215,1.4241968115678354,0.32550668290683205
Netherlands,NLD,1978,1.4111345356315255,1.417743572869444,1.4335691570846034,0.32550668290683205
Netherlands,NLD,1979,1.4113459921579548,1.4179882180645116,1.432946995841185,0.32550668290683205
Netherlands,NLD,1980,1.419784024606864,1.4259705010072157,1.4400646730006201,0.32550668290683205
Netherlands,NLD,1981,1.4032348493208104,1.409578404657207,1.4229189548901928,0.32550668290683205
Netherlands,NLD,1982,1.3964300369269393,1.4013733867951386,1.413851648328575,0.32550668290683205
Netherlands,NLD,1983,1.4190721018458392,1.4227741964026448,1.4343920990823902,0.32550668290683205
Netherlands,NLD,1984,1.4365130105980208,1.4399643847777286,1.4508540759841795,0.32550668290683205
Netherlands,NLD,1985,1.4456788251237374,1.4495372743642516,1.4598364992205273,0.32550668290683205
Netherlands,NLD,1986,1.4524741441070201,1.457192602776475,1.4670038812033273,0.32550668290683205
Netherlands,NLD,1987,1.4547152457305002,1.460687814375624,1.4700945300083683,0.32550668290683205
Netherlands,NLD,1988,1.4660575944894054,1.472745984105683,1.4818037645558144,0.32550668290683205
Netherlands,NLD,1989,1.4801210165253584,1.488124500932039,1.4968266927046008,0.32550668290683205
Netherlands,NLD,1990,1.4899354122510493,1.4993750983150873,1.507735809211872,0.32550668290683205
Netherlands,NLD,1991,1.4934685556616367,1.5035781932071854,1.5115617903315153,0.32550668290683205
Netherlands,NLD,1992,1.4862230618629546,1.4967063677393462,1.504311277106675,0.32550668290683205
Netherlands,NLD,1993,1.4883782362306386,1.4993230850492134,1.5065148179614285,0.32550668290683205
Netherlands,NLD,1994,1.4984751160000283,1.5086601412865885,1.5154312549758338,0.32550668290683205
Netherlands,NLD,1995,1.497535532702229,1.5074589727506824,1.5138490763579702,0.32550668290683205
Netherlands,NLD,1996,1.4993610775983344,1.5093061986104592,1.5153293378061763,0.32550668290683205
Netherlands,NLD,1997,1.5161395968154103,1.5265192652523076,1.5321899106495742,0.32550668290683205
Netherlands,NLD,1998,1.5366362598210648,1.5473139453862599,1.5526407857354316,0.32550668290683205
Netherlands,NLD,1999,1.5570723659414263,1.5681055284869032,1.573084787925655,0.32550668290683205
Netherlands,NLD,2000,1.582205475701083,1.5935370017331918,1.598184083527225,0.32550668290683205
Netherlands,NLD,2001,1.5891742877503834,1.599779262932664,1.604130237862753,0.32550668290683205
Netherlands,NLD,2002,1.5869284785961275,1.5970447362975273,1.6011253987795397,0.32550668290683205
Netherlands,NLD,2003,1.589655399237813,1.5980016559835821,1.601873383224973,0.32550668290683205
Netherlands,NLD,2004,1.600122123522456,1.6074496850777242,1.6111431256379634,0.32550668290683205
Netherlands,NLD,2005,1.6138316547966056,1.6211029881993841,1.6246101058178457,0.32550668290683205
Netherlands,NLD,2006,1.6255490381673896,1.6330532580771662,1.6363588769273472,0.32550668290683205
Netherlands,NLD,2007,1.6341777709522223,1.6424473929620493,1.6455309206126092,0.32550668290683205
Netherlands,NLD,2008,1.6345272544962386,1.645207109502354,1.6479321121709658,0.32550668290683205
Netherlands,NLD,2009,1.5977978781759683,1.610098985354548,1.6124434102164935,0.32550668290683205
Netherlands,NLD,2010,1.6093086118538,1.621060603297023,1.6231142844476114,0.32550668290683205
Netherlands,NLD,2011,1.6100112451351771,1.62253313140216,1.624260614518655,0.32550668290683205
Netherlands,NLD,2012,1.5966795215256333,1.6096453782444513,1.6110556579639859,0.32550668290683205
Netherlands,NLD,2013,1.5924586840836579,1.6054917417600336,1.6066412199006415,0.32550668290683205
Netherlands,NLD,2014,1.5950250522405263,1.6072525160385585,1.6082120495370908,0.32550668290683205
Netherlands,NLD,2015,1.6017579601566716,1.6133842837557264,1.614217737206653,0.32550668290683205
Netherlands,NLD,2016,1.5977485556566071,1.6124156278787192,1.6128441351710263,0.32550668290683205
Netherlands,NLD,2017,1.6042871829652396,1.619188228692047,1.619252915433795,0.32550668290683205
Netherlands,NLD,2018,1.603643743641637,1.619000512466453,1.6187302931869745,0.32550668290683205
Netherlands,NLD,2019,1.5980731678318385,1.6140107615460888,1.6133849320506446,0.32550668290683205
New Zealand,NZL,1950,0.8455418355263324,0.8455418355263324,0.8455418355263324,0.4091075267110552
New Zealand,NZL,1951,0.7712338940064187,0.8171898069729542,0.8056348221644782,0.4091075267110552
New Zealand,NZL,1952,0.706255219336855,0.7847405311137958,0.7576385991865546,0.4091075267110552
New Zealand,NZL,1953,0.6838849775879563,0.780264345234432,0.7393377019261962,0.4091075267110552
New Zealand,NZL,1954,0.7545644408618299,0.8579656112734781,0.8072829406233817,0.4091075267110552
New Zealand,NZL,1955,0.7433190416137263,0.8621050682248717,0.8018533073532152,0.4091075267110552
New Zealand,NZL,1956,0.712247070058015,0.8373803186552768,0.7701659110796015,0.4091075267110552
New Zealand,NZL,1957,0.7218373802658702,0.8473176274612788,0.776265042205007,0.4091075267110552
New Zealand,NZL,1958,0.6879754852568318,0.8137807080950683,0.7406908452961352,0.4091075267110552
New Zealand,NZL,1959,0.6892938774952375,0.8115146506509943,0.7384580497762121,0.4091075267110552
New Zealand,NZL,1960,0.8016840398352523,0.9194401731739985,0.847839394314545,0.4091075267110552
New Zealand,NZL,1961,0.8140006487363465,0.9282173063203176,0.8586470708209815,0.4091075267110552
New Zealand,NZL,1962,0.7952147415391835,0.9055566083303113,0.8384358796644937,0.4091075267110552
New Zealand,NZL,1963,0.826930363741301,0.9296461944949899,0.866227393523709,0.4091075267110552
New Zealand,NZL,1964,0.838311972075604,0.9365673661394371,0.876236907488976,0.4091075267110552
New Zealand,NZL,1965,0.8609839589962514,0.9587852311327278,0.900121098456224,0.4091075267110552
New Zealand,NZL,1966,0.8662107092638047,0.9669106608672253,0.9082222363276165,0.4091075267110552
New Zealand,NZL,1967,0.7599854818531373,0.862643327637393,0.8032760944361526,0.4091075267110552
New Zealand,NZL,1968,0.7324292925609965,0.8283490604827835,0.7702136553185381,0.4091075267110552
New Zealand,NZL,1969,0.8062013961451377,0.8917988690551457,0.8370538925197124,0.4091075267110552
New Zealand,NZL,1970,0.7471959292737695,0.8286101077506958,0.7768824493548623,0.4091075267110552
New Zealand,NZL,1971,0.746811367259939,0.8250882765486232,0.7758514272415162,0.4091075267110552
New Zealand,NZL,1972,0.7711041261425766,0.8475333666120948,0.8001641169681664,0.4091075267110552
New Zealand,NZL,1973,0.8136015050973544,0.8886955698567531,0.8427084166892289,0.4091075267110552
New Zealand,NZL,1974,0.818111641336011,0.8983070562994664,0.8516338441172078,0.4091075267110552
New Zealand,NZL,1975,0.7528671098911532,0.8441269936630729,0.793798314887459,0.4091075267110552
New Zealand,NZL,1976,0.7410579868113727,0.828750568530987,0.7773026545211357,0.4091075267110552
New Zealand,NZL,1977,0.6815843877606564,0.7657271971815076,0.7145230970184997,0.4091075267110552
New Zealand,NZL,1978,0.6388446155475602,0.7165084591822906,0.667131233412273,0.4091075267110552
New Zealand,NZL,1979,0.6514279039885249,0.7207034565883124,0.6745912872016726,0.4091075267110552
New Zealand,NZL,1980,0.6521717346845337,0.7169212309634645,0.6738233021544238,0.4091075267110552
New Zealand,NZL,1981,0.7020169661880971,0.7614100000055357,0.7216045257409585,0.4091075267110552
New Zealand,NZL,1982,0.6898233348880458,0.7478941582196557,0.7104674197774328,0.4091075267110552
New Zealand,NZL,1983,0.695028157631465,0.7528763188612917,0.7169135955266954,0.4091075267110552
New Zealand,NZL,1984,0.7260026768805297,0.78321436762681,0.7482150889897641,0.4091075267110552
New Zealand,NZL,1985,0.7075897563400186,0.7660109666008115,0.7311589306843471,0.4091075267110552
New Zealand,NZL,1986,0.715572800127342,0.7737161863634272,0.739019354802223,0.4091075267110552
New Zealand,NZL,1987,0.6547679521057859,0.711121324883977,0.6768447679341358,0.4091075267110552
New Zealand,NZL,1988,0.685745289489283,0.7384279460298373,0.7050359586936974,0.4091075267110552
New Zealand,NZL,1989,0.7038810076383264,0.752769174265195,0.7208576114043543,0.4091075267110552
New Zealand,NZL,1990,0.6999336271641505,0.7474528844990207,0.7167146759943686,0.4091075267110552
New Zealand,NZL,1991,0.6887123817859679,0.7330944320979036,0.703909948731253,0.4091075267110552
New Zealand,NZL,1992,0.6889644572147997,0.7280749365774586,0.7013594318963889,0.4091075267110552
New Zealand,NZL,1993,0.7147570720225138,0.7502424258831848,0.7260406552001228,0.4091075267110552
New Zealand,NZL,1994,0.7320339533189779,0.7673160885669263,0.74470529680596,0.4091075267110552
New Zealand,NZL,1995,0.7421353348553792,0.7787319445069114,0.7566310195698227,0.4091075267110552
New Zealand,NZL,1996,0.7496188271924851,0.7884286017034441,0.7658931293416558,0.4091075267110552
New Zealand,NZL,1997,0.7710932856970132,0.8116913619770365,0.7883292160370203,0.4091075267110552
New Zealand,NZL,1998,0.7748628422333432,0.8164776096419937,0.7921605560641645,0.4091075267110552
New Zealand,NZL,1999,0.8025199506139398,0.8424666557600258,0.8178992842676198,0.4091075267110552
New Zealand,NZL,2000,0.8033491500281853,0.8437173460043459,0.8187877350956185,0.4091075267110552
New Zealand,NZL,2001,0.8220267222366671,0.8621497609675206,0.8370438669457849,0.4091075267110552
New Zealand,NZL,2002,0.8458831569278065,0.8870866346769217,0.8615883468926899,0.4091075267110552
New Zealand,NZL,2003,0.8672597494192562,0.9109614850759247,0.8844753769407472,0.4091075267110552
New Zealand,NZL,2004,0.8599178943125292,0.9077076006565399,0.8794899607895408,0.4091075267110552
New Zealand,NZL,2005,0.8665436510899269,0.918843417156431,0.8883702744868778,0.4091075267110552
New Zealand,NZL,2006,0.8724069197466511,0.9283315003938757,0.8955786040178664,0.4091075267110552
New Zealand,NZL,2007,0.8961101488123457,0.9526030834687491,0.9183569465127395,0.4091075267110552
New Zealand,NZL,2008,0.8725655355787891,0.9299140606066656,0.8945571832418295,0.4091075267110552
New Zealand,NZL,2009,0.9043032505474917,0.9594994405051036,0.9240394309077038,0.4091075267110552
New Zealand,NZL,2010,0.9029292170465935,0.9532935427003011,0.9190845494598019,0.4091075267110552
New Zealand,NZL,2011,0.9130674776458632,0.9597037923880398,0.9273093035778821,0.4091075267110552
New Zealand,NZL,2012,0.9289453572391224,0.9730205061814177,0.9425512596550831,0.4091075267110552
New Zealand,NZL,2013,0.9208961357818213,0.9644655035600787,0.9354005654455557,0.4091075267110552
New Zealand,NZL,2014,0.9282974869884768,0.9728895439757315,0.9444956360088419,0.4091075267110552
New Zealand,NZL,2015,0.9511960710335501,0.9974876222298397,0.9690600584596707,0.4091075267110552
New Zealand,NZL,2016,0.9577674540647472,1.0052211477911817,0.9764415970684901,0.4091075267110552
New Zealand,NZL,2017,0.969138198057002,1.0174078160599764,0.988100428537587,0.4091075267110552
New Zealand,NZL,2018,0.9717500621680504,1.0217205105186302,0.9915078946060838,0.4091075267110552
New Zealand,NZL,2019,0.9797942307873502,1.0312566177935167,0.9999513392315107,0.4091075267110552
Norway,NOR,1950,0.30568697326413297,0.30568697326413297,0.30568697326413297,0.4438353674752372
Norway,NOR,1951,0.3136265927544297,0.31772433855762205,0.3355277287743226,0.4438353674752372
Norway,NOR,1952,0.35225947324254836,0.3570963303876713,0.3857225584927866,0.4438353674752372
Norway,NOR,1953,0.40799654368782523,0.4133026424684365,0.4479522169559864,0.4438353674752372
Norway,NOR,1954,0.4323418951336615,0.4385333237126172,0.4766293099359542,0.4438353674752372
Norway,NOR,1955,0.4432245248749629,0.4499571676081979,0.4893211969793301,0.4438353674752372
Norway,NOR,1956,0.45883732912366426,0.46609183761351325,0.505336861432772,0.4438353674752372
Norway,NOR,1957,0.4877018791167522,0.49499661126022065,0.5330076671411987,0.4438353674752372
Norway,NOR,1958,0.4975447090230478,0.5051924303587789,0.5415196463481022,0.4438353674752372
Norway,NOR,1959,0.5164324463437708,0.5248301914027271,0.5593501657606268,0.4438353674752372
Norway,NOR,1960,0.5459084316057163,0.5537548393844736,0.586032795947836,0.4438353674752372
Norway,NOR,1961,0.587144785293745,0.5954562381094437,0.6255838401312088,0.4438353674752372
Norway,NOR,1962,0.5977926524834469,0.6074482550698033,0.6356303270273491,0.4438353674752372
Norway,NOR,1963,0.6198902127979142,0.6291268679349615,0.6552371274100945,0.4438353674752372
Norway,NOR,1964,0.6500917980477539,0.6588499601188085,0.6829252655126314,0.4438353674752372
Norway,NOR,1965,0.6943895123025845,0.7034889894738869,0.7256768141822301,0.4438353674752372
Norway,NOR,1966,0.7104461038650909,0.7221487476899133,0.7426186033684328,0.4438353674752372
Norway,NOR,1967,0.7533930631348982,0.7673577114724628,0.786128124453354,0.4438353674752372
Norway,NOR,1968,0.7646720580926818,0.7821783161932458,0.7991965527207574,0.4438353674752372
Norway,NOR,1969,0.8029921271725122,0.818989279194108,0.8343378272260571,0.4438353674752372
Norway,NOR,1970,0.8055363598734049,0.8189090038165618,0.8328207983859759,0.4438353674752372
Norway,NOR,1971,0.8286968533990322,0.8527418957471165,0.8645080442929318,0.4438353674752372
Norway,NOR,1972,0.8519796041205012,0.8829041559410182,0.8923886716865503,0.4438353674752372
Norway,NOR,1973,0.8729129852667805,0.9029967083523047,0.9105677448436005,0.4438353674752372
Norway,NOR,1974,0.8819363626038674,0.9148469441295406,0.9205986730747888,0.4438353674752372
Norway,NOR,1975,0.8923453680163238,0.9303612730603561,0.9338690860145924,0.4438353674752372
Norway,NOR,1976,0.9167491000151538,0.9563506100549093,0.9578369067473664,0.4438353674752372
Norway,NOR,1977,0.9260206048343038,0.9649568370751576,0.9648579322305606,0.4438353674752372
Norway,NOR,1978,0.939553699350677,0.9775892078829731,0.9762695059017243,0.4438353674752372
Norway,NOR,1979,0.9661934831108603,0.9958350659495885,0.9944958440634046,0.4438353674752372
Norway,NOR,1980,0.9815073287963427,1.0049561917804848,1.0041071574311449,0.4438353674752372
Norway,NOR,1981,0.9769277857994698,0.9971102841605672,0.9967930656666875,0.4438353674752372
Norway,NOR,1982,0.9648456864094026,0.9838278701663219,0.983791633315823,0.4438353674752372
Norway,NOR,1983,0.9866970730217002,1.00643833435345,1.0062884854472864,0.4438353674752372
Norway,NOR,1984,1.025180732129165,1.0436243759935646,1.043393371000593,0.4438353674752372
Norway,NOR,1985,1.0441698111560171,1.0646172433045304,1.063863408972428,0.4438353674752372
Norway,NOR,1986,1.0437500547134002,1.0667877310315568,1.065138120514364,0.4438353674752372
Norway,NOR,1987,1.0285153595769891,1.0596187708580933,1.0559290019059961,0.4438353674752372
Norway,NOR,1988,1.0019867420389748,1.035504405270629,1.0298001061345126,0.4438353674752372
Norway,NOR,1989,1.0051231943149386,1.0387001887553824,1.031508627616164,0.4438353674752372
Norway,NOR,1990,1.0131297950439722,1.0429709442758783,1.0354064106806735,0.4438353674752372
Norway,NOR,1991,1.0380828131550723,1.061421483828961,1.0545951172162242,0.4438353674752372
Norway,NOR,1992,1.0582400430243766,1.077800141981668,1.0719605116871849,0.4438353674752372
Norway,NOR,1993,1.0753012683874639,1.0889659132719682,1.084708997286497,0.4438353674752372
Norway,NOR,1994,1.1058919088296317,1.1177661321124823,1.1147716283631723,0.4438353674752372
Norway,NOR,1995,1.1279898343064367,1.139602088017205,1.137359999605275,0.4438353674752372
Norway,NOR,1996,1.1536465634010478,1.1657878822500427,1.163824141249929,0.4438353674752372
Norway,NOR,1997,1.1787155841307762,1.1899660364089284,1.1882725997055923,0.4438353674752372
Norway,NOR,1998,1.175369571410572,1.1889890258018427,1.18688094459187,0.4438353674752372
Norway,NOR,1999,1.1721924451286858,1.1908768607386042,1.1873482690637562,0.4438353674752372
Norway,NOR,2000,1.195353089708088,1.2134919091694298,1.2090441254873223,0.4438353674752372
Norway,NOR,2001,1.2157794247087557,1.2298414034603091,1.2255522777114027,0.4438353674752372
Norway,NOR,2002,1.2315810949956543,1.2422553163495733,1.2386423616995854,0.4438353674752372
Norway,NOR,2003,1.2481326227218172,1.256173127610924,1.25342223522623,0.4438353674752372
Norway,NOR,2004,1.271979455386579,1.2773388443496145,1.275643181313022,0.4438353674752372
Norway,NOR,2005,1.2798015688892077,1.2864424291696333,1.2851112919016208,0.4438353674752372
Norway,NOR,2006,1.276651178914606,1.284659732092134,1.2832586985199361,0.4438353674752372
Norway,NOR,2007,1.269399084814503,1.28029730476886,1.2782322947158002,0.4438353674752372
Norway,NOR,2008,1.2403847428388888,1.2563754163355103,1.2528217596887945,0.4438353674752372
Norway,NOR,2009,1.219470542503963,1.2376685740664009,1.2326990088561933,0.4438353674752372
Norway,NOR,2010,1.2114523051521537,1.2315085928625926,1.2252539813574286,0.4438353674752372
Norway,NOR,2011,1.1992004810900703,1.221672925665752,1.2140399424547903,0.4438353674752372
Norway,NOR,2012,1.2069046961261378,1.229106202926273,1.2205522585163546,0.4438353674752372
Norway,NOR,2013,1.2032296933750146,1.226886753378782,1.2174327072402775,0.4438353674752372
Norway,NOR,2014,1.201639008964552,1.2284562926138376,1.2178234042112575,0.4438353674752372
Norway,NOR,2015,1.2028755554554662,1.2323849912030909,1.2204892766280349,0.4438353674752372
Norway,NOR,2016,1.1950103296905867,1.2277763976870038,1.2144149807081472,0.4438353674752372
Norway,NOR,2017,1.2005092285354202,1.236522060194421,1.2216088057812469,0.4438353674752372
Norway,NOR,2018,1.1872860979619082,1.225590181816541,1.2091988459039342,0.4438353674752372
Norway,NOR,2019,1.1756126195338945,1.2137817207814887,1.196480820235176,0.4438353674752372
Poland,POL,1970,0.868154572563844,0.868154572563844,0.868154572563844,0.3924822247028351
Poland,POL,1971,0.8732824318691437,0.8738437784925264,0.908834248399752,0.3924822247028351
Poland,POL,1972,0.8515402452937106,0.852071091609651,0.9050747886000527,0.3924822247028351
Poland,POL,1973,0.8312001061755057,0.831685439658834,0.8917808849155922,0.3924822247028351
Poland,POL,1974,0.8440558587434746,0.8445026704067544,0.9060382679965366,0.3924822247028351
Poland,POL,1975,0.8525988033974095,0.8530335483153806,0.9145094459610528,0.3924822247028351
Poland,POL,1976,0.8915638598788895,0.8919923580731934,0.9529506795726315,0.3924822247028351
Poland,POL,1977,0.9186786447967092,0.9190947427199498,0.9789357003626336,0.3924822247028351
Poland,POL,1978,0.9169059143824825,0.9173059848331455,0.9755027214565608,0.3924822247028351
Poland,POL,1979,0.914122666439015,0.9145076173127782,0.9708394286838251,0.3924822247028351
Poland,POL,1980,0.8136408946523312,0.81400489288822,0.8680158892062453,0.3924822247028351
Poland,POL,1981,0.6657032174751292,0.6660590879736832,0.7182664655319453,0.3924822247028351
Poland,POL,1982,0.6044091539936947,0.6046452068992298,0.6487679728600373,0.3924822247028351
Poland,POL,1983,0.6357761630832144,0.6359955206499892,0.6745833755975328,0.3924822247028351
Poland,POL,1984,0.6636503213951626,0.6638832605792713,0.7001405450510427,0.3924822247028351
Poland,POL,1985,0.6667844679296113,0.6670373459226235,0.7031554345605162,0.3924822247028351
Poland,POL,1986,0.6754130845585626,0.6756857406225958,0.7128985439996098,0.3924822247028351
Poland,POL,1987,0.6671490473715718,0.6674073025496909,0.7043699384773712,0.3924822247028351
Poland,POL,1988,0.684037001012471,0.6842668046740297,0.7193910215712132,0.3924822247028351
Poland,POL,1989,0.6585014441530346,0.658734296117176,0.6929946252198302,0.3924822247028351
Poland,POL,1990,0.5370208911288756,0.5372340941331837,0.5698342154298661,0.3924822247028351
Poland,POL,1991,0.4834966539598202,0.48361412786973546,0.5096196628724785,0.3924822247028351
Poland,POL,1992,0.5024946910803179,0.502547542222886,0.5209622264768043,0.3924822247028351
Poland,POL,1993,0.5448618508505332,0.5448814274998508,0.5569140565551143,0.3924822247028351
Poland,POL,1994,0.5795468893083138,0.5795829201066223,0.5888308575822787,0.3924822247028351
Poland,POL,1995,0.6185393155215868,0.6185838620160204,0.626694190327771,0.3924822247028351
Poland,POL,1996,0.6540085697536862,0.654086523863108,0.6635192071561278,0.3924822247028351
Poland,POL,1997,0.6857827670131718,0.6858904103245207,0.6978873379242394,0.3924822247028351
Poland,POL,1998,0.7054262315682784,0.7055635463508656,0.7208591833686624,0.3924822247028351
Poland,POL,1999,0.7273245918512083,0.7274817778355631,0.7459593947211101,0.3924822247028351
Poland,POL,2000,0.7774420683510233,0.7776018434367087,0.7981414908038822,0.3924822247028351
Poland,POL,2001,0.7862192532252212,0.7863729813118496,0.8077970077301959,0.3924822247028351
Poland,POL,2002,0.8153140741631502,0.8154171041181959,0.8343165417968796,0.3924822247028351
Poland,POL,2003,0.846571908894866,0.8466483906007198,0.862459406346682,0.3924822247028351
Poland,POL,2004,0.8788265077516293,0.8789097664172916,0.8932886240500402,0.3924822247028351
Poland,POL,2005,0.8877655453665296,0.8878930369397384,0.9041141900287739,0.3924822247028351
Poland,POL,2006,0.911811537727222,0.9119494515145652,0.9299132143078586,0.3924822247028351
Poland,POL,2007,0.9360548482524793,0.9362124372139142,0.956407530868753,0.3924822247028351
Poland,POL,2008,0.9362918806202094,0.9364785066949333,0.9598028282040625,0.3924822247028351
Poland,POL,2009,0.9457547203638521,0.9459401308651216,0.971165885968162,0.3924822247028351
Poland,POL,2010,0.98658966303634,0.9867115410673533,1.0091952389387684,0.3924822247028351
Poland,POL,2011,1.0163391936559636,1.016479130104618,1.0384292776114643,0.3924822247028351
Poland,POL,2012,1.0146004982412773,1.014746250517165,1.0367718546976494,0.3924822247028351
Poland,POL,2013,1.0125388390461447,1.0126708637914996,1.0338981310333013,0.3924822247028351
Poland,POL,2014,1.0213326655552564,1.0214350448759966,1.04038039393855,0.3924822247028351
Poland,POL,2015,1.03612340368693,1.0362538055791086,1.0555360184400735,0.3924822247028351
Poland,POL,2016,1.0456537288463146,1.0457884032308158,1.0655328491732412,0.3924822247028351
Poland,POL,2017,1.0773352366667268,1.0774544718331462,1.096519506642224,0.3924822247028351
Poland,POL,2018,1.1177790309128763,1.117920888996908,1.1379601742409395,0.3924822247028351
Poland,POL,2019,1.1390380901042088,1.1391976741795018,1.1609190697381928,0.3924822247028351
Portugal,PRT,1950,0.264467818965449,0.264467818965449,0.264467818965449,0.36397330250058857
Portugal,PRT,1951,0.3508658447788271,0.3509888350373762,0.3588890213047593,0.36397330250058857
Portugal,PRT,1952,0.39001015023107133,0.39012967103642016,0.40289363872213624,0.36397330250058857
Portugal,PRT,1953,0.4378871937109281,0.43801608856315166,0.45448124339553964,0.36397330250058857
Portugal,PRT,1954,0.4761680951786271,0.4763121605718217,0.49608353693692386,0.36397330250058857
Portugal,PRT,1955,0.510441469365639,0.5105787767539969,0.5319853509058863,0.36397330250058857
Portugal,PRT,1956,0.551856372481601,0.5519765613716086,0.5733006848745612,0.36397330250058857
Portugal,PRT,1957,0.6075776932489534,0.6077097975767467,0.629714821342521,0.36397330250058857
Portugal,PRT,1958,0.5846581649579843,0.5848245407384205,0.6094171243797,0.36397330250058857
Portugal,PRT,1959,0.6275997146562737,0.6277527211974689,0.6530812716212928,0.36397330250058857
Portugal,PRT,1960,0.6821391816851285,0.682292633555905,0.7080800376506486,0.36397330250058857
Portugal,PRT,1961,0.7337784193780141,0.7339716153526554,0.7625504725928911,0.36397330250058857
Portugal,PRT,1962,0.7729471259449552,0.7731609352887148,0.8047513621087976,0.36397330250058857
Portugal,PRT,1963,0.8174170637854958,0.8175893102214395,0.84835264713392,0.36397330250058857
Portugal,PRT,1964,0.8537349400634291,0.853927899263196,0.8854768816082821,0.36397330250058857
Portugal,PRT,1965,0.9060690395139472,0.9062781718907722,0.9393181063659037,0.36397330250058857
Portugal,PRT,1966,0.9202235773027185,0.9204544654485192,0.9557726874604198,0.36397330250058857
Portugal,PRT,1967,0.9730012667080352,0.9732202228541995,1.009142814681205,0.36397330250058857
Portugal,PRT,1968,1.0805359331732287,1.080734446509,1.1157045787386108,0.36397330250058857
Portugal,PRT,1969,1.0952941519692159,1.0954879721630313,1.1295586134075881,0.36397330250058857
Portugal,PRT,1970,1.1393719257481232,1.1395561955004334,1.1724543487849415,0.36397330250058857
Portugal,PRT,1971,1.1536113814756712,1.1538658017627421,1.1905091264722572,0.36397330250058857
Portugal,PRT,1972,1.1978269545014744,1.1980524033330884,1.2350958072739822,0.36397330250058857
Portugal,PRT,1973,1.2701802435164717,1.270428064324447,1.3091211131358698,0.36397330250058857
Portugal,PRT,1974,1.1986994315420088,1.1989897477259062,1.2413791534290093,0.36397330250058857
Portugal,PRT,1975,1.1056994493850993,1.1059515026645972,1.1480945284372446,0.36397330250058857
Portugal,PRT,1976,1.1493371917721324,1.1494423534262115,1.1822091857408497,0.36397330250058857
Portugal,PRT,1977,1.168655810882,1.168802236463005,1.1984135417966337,0.36397330250058857
Portugal,PRT,1978,1.1653761706079093,1.1655787069666284,1.1968165056369182,0.36397330250058857
Portugal,PRT,1979,1.1798941093697524,1.1800986829578237,1.2124544411895002,0.36397330250058857
Portugal,PRT,1980,1.1815341065051532,1.181745872833977,1.215235227644917,0.36397330250058857
Portugal,PRT,1981,1.164371540616452,1.164600993877447,1.1998996705014227,0.36397330250058857
Portugal,PRT,1982,1.1542431869676264,1.154474188298491,1.190957041970183,0.36397330250058857
Portugal,PRT,1983,1.096353209285457,1.0965768218096912,1.133294960705669,0.36397330250058857
Portugal,PRT,1984,1.0589894200734644,1.0591474806464998,1.091859704160714,0.36397330250058857
Portugal,PRT,1985,1.0745387157374209,1.0746450534178642,1.1016691035894892,0.36397330250058857
Portugal,PRT,1986,1.0998336209501067,1.099933370024445,1.1230523805764285,0.36397330250058857
Portugal,PRT,1987,1.1204430778998837,1.1205613736993767,1.142450333856365,0.36397330250058857
Portugal,PRT,1988,1.157632226894183,1.1578000254584158,1.1820892306627435,0.36397330250058857
Portugal,PRT,1989,1.1665961034187768,1.1668072615473593,1.1953438428481595,0.36397330250058857
Portugal,PRT,1990,1.1647305384691373,1.1649324304468474,1.1954589335907695,0.36397330250058857
Portugal,PRT,1991,1.1828049500296771,1.1830143120971517,1.215225694224566,0.36397330250058857
Portugal,PRT,1992,1.1628117977927932,1.1630105848486432,1.195567941136944,0.36397330250058857
Portugal,PRT,1993,1.1291015878841453,1.1293030153355588,1.1622366335173053,0.36397330250058857
Portugal,PRT,1994,1.1153631072528238,1.1155265744805956,1.1462814562791799,0.36397330250058857
Portugal,PRT,1995,1.1224437166785854,1.1226114459896097,1.152309848817719,0.36397330250058857
Portugal,PRT,1996,1.1186989570156882,1.1188737448773338,1.1483691305377652,0.36397330250058857
Portugal,PRT,1997,1.1210162724673065,1.1211847023631547,1.1501271706782967,0.36397330250058857
Portugal,PRT,1998,1.1192992628617047,1.1194716909831932,1.1482872032042595,0.36397330250058857
Portugal,PRT,1999,1.1209547034083265,1.1211356061058346,1.150383712336012,0.36397330250058857
Portugal,PRT,2000,1.1167999540190268,1.1169730061823753,1.1459785539113279,0.36397330250058857
Portugal,PRT,2001,1.1183738801062475,1.1185325685423866,1.1464958002068792,0.36397330250058857
Portugal,PRT,2002,1.1141482953696604,1.1142941325942335,1.140827194748801,0.36397330250058857
Portugal,PRT,2003,1.1022768793631021,1.1024057237723177,1.126990447218355,0.36397330250058857
Portugal,PRT,2004,1.113224463199959,1.1133280628636637,1.1351163121617978,0.36397330250058857
Portugal,PRT,2005,1.1121833806581796,1.112302684618819,1.1333637743479104,0.36397330250058857
Portugal,PRT,2006,1.111745700201758,1.11185587112855,1.1318968729470136,0.36397330250058857
Portugal,PRT,2007,1.1135103488184335,1.1136152185631518,1.1326938823112727,0.36397330250058857
Portugal,PRT,2008,1.1012799323245543,1.1013899439577717,1.1202134125113732,0.36397330250058857
Portugal,PRT,2009,1.069570472156908,1.069685378960994,1.08870957191876,0.36397330250058857
Portugal,PRT,2010,1.0808707294456577,1.0809605834754068,1.0985123610979315,0.36397330250058857
Portugal,PRT,2011,1.0722937716887397,1.0723869256836487,1.0892488445737767,0.36397330250058857
Portugal,PRT,2012,1.055154759224279,1.0552072275818336,1.0689768683017444,0.36397330250058857
Portugal,PRT,2013,1.0549105682231783,1.0549364126685594,1.064985328473453,0.36397330250058857
Portugal,PRT,2014,1.0459535666668405,1.0459729760554524,1.053204903762663,0.36397330250058857
Portugal,PRT,2015,1.0466780129962903,1.0467044403016494,1.0526048581009766,0.36397330250058857
Portugal,PRT,2016,1.048967941094273,1.0489943168257811,1.0540584706049634,0.36397330250058857
Portugal,PRT,2017,1.0609580174170459,1.0609890209706725,1.0658324497096867,0.36397330250058857
Portugal,PRT,2018,1.0693091053823345,1.0693569431699892,1.0751832721308743,0.36397330250058857
Portugal,PRT,2019,1.079673853147729,1.079732335832139,1.0869254785240878,0.36397330250058857
Slovakia,SVK,1990,0.11667794393390274,0.11667794393390274,0.11667794393390274,0.4580281525850296
Slovakia,SVK,1991,-0.006258554663649996,0.011382720740981789,0.006716393606585491,0.4580281525850296
Slovakia,SVK,1992,-0.04467856121287639,-0.01651601378798606,-0.026847202847146256,0.4580281525850296
Slovakia,SVK,1993,-0.026030292876134453,0.007373874557717208,-0.007768754755979934,0.4580281525850296
Slovakia,SVK,1994,0.04525191615746138,0.08210139135662065,0.06318235513164439,0.4580281525850296
Slovakia,SVK,1995,0.08420954838547878,0.12232655915399437,0.10087007477011056,0.4580281525850296
Slovakia,SVK,1996,0.14947141119347407,0.19070599249077524,0.16698741956805296,0.4580281525850296
Slovakia,SVK,1997,0.2057332912637575,0.2544159076878829,0.22741345065231844,0.4580281525850296
Slovakia,SVK,1998,0.2460787940805833,0.3011088291850532,0.2705238360251423,0.4580281525850296
Slovakia,SVK,1999,0.2561340794017095,0.31588770533749155,0.2821017960790364,0.4580281525850296
Slovakia,SVK,2000,0.2765671603687734,0.33668790406796933,0.3013110068994944,0.4580281525850296
Slovakia,SVK,2001,0.3027404419225723,0.360809172707091,0.32515736916626103,0.4580281525850296
Slovakia,SVK,2002,0.3520696687636322,0.4093492539023531,0.3739885646994372,0.4580281525850296
Slovakia,SVK,2003,0.40856124821358897,0.4647038247757669,0.4300691537298036,0.4580281525850296
Slovakia,SVK,2004,0.4390537912921575,0.49358670766818946,0.4597242451158081,0.4580281525850296
Slovakia,SVK,2005,0.47258274664085764,0.5297950579073474,0.4958621085731645,0.4580281525850296
Slovakia,SVK,2006,0.5270028428653273,0.590085802008498,0.5548534282054902,0.4580281525850296
Slovakia,SVK,2007,0.5965180852955934,0.6660455591761174,0.6287335208396998,0.4580281525850296
Slovakia,SVK,2008,0.613050777497059,0.6896935978573637,0.6494966661241763,0.4580281525850296
Slovakia,SVK,2009,0.5496128624106165,0.6333450981953854,0.5899996477427187,0.4580281525850296
Slovakia,SVK,2010,0.5979703017158728,0.6765358340026593,0.6324262738092763,0.4580281525850296
Slovakia,SVK,2011,0.6071958982320282,0.6839844695682693,0.6398134655799073,0.4580281525850296
Slovakia,SVK,2012,0.6113987365898765,0.6886257890470251,0.6443690988329918,0.4580281525850296
Slovakia,SVK,2013,0.6158529721204147,0.6895493063078977,0.6461907643309184,0.4580281525850296
Slovakia,SVK,2014,0.6257653371883451,0.6964152271603758,0.6543970572682998,0.4580281525850296
Slovakia,SVK,2015,0.6490000726968308,0.7189219860246157,0.6780204981134537,0.4580281525850296
Slovakia,SVK,2016,0.6437825887559194,0.7155329765914296,0.674937781626987,0.4580281525850296
Slovakia,SVK,2017,0.6532904633423611,0.7255556109652259,0.6851205285587048,0.4580281525850296
Slovakia,SVK,2018,0.6637915259752489,0.7377504518953355,0.697033347347868,0.4580281525850296
Slovakia,SVK,2019,0.6631528169166456,0.7389101657571304,0.697564163379357,0.4580281525850296
Slovenia,SVN,1990,0.6025863644687588,0.6025863644687588,0.6025863644687588,0.33522077997525535
Slovenia,SVN,1991,0.5596193619471652,0.5648952948277621,0.5661187513106789,0.33522077997525535
Slovenia,SVN,1992,0.5398506074616378,0.5467059549338344,0.549297327519362,0.33522077997525535
Slovenia,SVN,1993,0.5872518672192113,0.5944919313349111,0.5982138070079559,0.33522077997525535
Slovenia,SVN,1994,0.6546461943476691,0.6624697104176231,0.6672405061940747,0.33522077997525535
Slovenia,SVN,1995,0.6675013641514225,0.6758066578695345,0.6815744500225582,0.33522077997525535
Slovenia,SVN,1996,0.7188818531031842,0.7278992962722306,0.734865777602483,0.33522077997525535
Slovenia,SVN,1997,0.7802311357498901,0.7893026176799456,0.7972681571549947,0.33522077997525535
Slovenia,SVN,1998,0.80092651133908,0.8102777839868507,0.8193266221505526,0.33522077997525535
Slovenia,SVN,1999,0.8356613947427869,0.8451831896119746,0.8554488241279765,0.33522077997525535
Slovenia,SVN,2000,0.8620146980420218,0.8718497648713202,0.8838651585588027,0.33522077997525535
Slovenia,SVN,2001,0.8896108562350458,0.8991443153053682,0.9125094753139935,0.33522077997525535
Slovenia,SVN,2002,0.8991835279496101,0.9081580307777504,0.9219014316573704,0.33522077997525535
Slovenia,SVN,2003,0.9244256578597394,0.9329216874982258,0.9463808378536802,0.33522077997525535
Slovenia,SVN,2004,0.9536694751528376,0.9617651275373724,0.9757274611622293,0.33522077997525535
Slovenia,SVN,2005,1.0000397825761391,1.0076701864567408,1.0239042607095792,0.33522077997525535
Slovenia,SVN,2006,1.0444158849155176,1.0515681945549114,1.0696455053221534,0.33522077997525535
Slovenia,SVN,2007,1.0790397096066462,1.085716279911236,1.1059478660075373,0.33522077997525535
Slovenia,SVN,2008,1.0734491410834224,1.07964232189234,1.1027745868226342,0.33522077997525535
Slovenia,SVN,2009,0.9907179108507664,0.9964437026670039,1.021128886068496,0.33522077997525535
Slovenia,SVN,2010,1.0109628626336962,1.0163147620651385,1.0360549731468875,0.33522077997525535
Slovenia,SVN,2011,1.0301597626014232,1.035243242560802,1.0513442319979829,0.33522077997525535
Slovenia,SVN,2012,1.010998456811671,1.0158344450076466,1.0290937855250775,0.33522077997525535
Slovenia,SVN,2013,0.9963444463503182,1.0009572093410988,1.0110833367813488,0.33522077997525535
Slovenia,SVN,2014,1.007471947546497,1.0118855573175276,1.0205098275456201,0.33522077997525535
Slovenia,SVN,2015,1.0129750978829781,1.0171898269086128,1.0247867107688586,0.33522077997525535
Slovenia,SVN,2016,1.0410627344131749,1.0450873764136874,1.052067864117756,0.33522077997525535
Slovenia,SVN,2017,1.0755774077906697,1.0794189660585758,1.0860135677522242,0.33522077997525535
Slovenia,SVN,2018,1.1012613718242674,1.1049242075816466,1.1130618188097117,0.33522077997525535
Slovenia,SVN,2019,1.113115044466066,1.1165813174092527,1.126344953827786,0.33522077997525535
Spain,ESP,1950,0.1118324958215231,0.1118324958215231,0.1118324958215231,0.3817879319190979
Spain,ESP,1951,0.2643192736314841,0.26444601049100314,0.2727419970935987,0.3817879319190979
Spain,ESP,1952,0.3052972094969286,0.3054471362731599,0.32072561727364857,0.3817879319190979
Spain,ESP,1953,0.26346516937848374,0.26360240982231,0.2825874795332428,0.3817879319190979
Spain,ESP,1954,0.3793755291443057,0.3795168814755625,0.4011526729401371,0.3817879319190979
Spain,ESP,1955,0.4272401174687337,0.4274159864104776,0.45298646200328196,0.3817879319190979
Spain,ESP,1956,0.48270573974889963,0.48289207087473596,0.5116348845593164,0.3817879319190979
Spain,ESP,1957,0.5047627071310758,0.5049648615670739,0.5367218561116811,0.3817879319190979
Spain,ESP,1958,0.523133030311322,0.5233390421665014,0.5572141216413184,0.3817879319190979
Spain,ESP,1959,0.4874303997498508,0.4876481962451704,0.523578573956657,0.3817879319190979
Spain,ESP,1960,0.5944331425651761,0.5945908772749489,0.6278866530450671,0.3817879319190979
Spain,ESP,1961,0.6970365070333724,0.6972076731371057,0.7296558925117562,0.3817879319190979
Spain,ESP,1962,0.7820846855817267,0.7822953070148735,0.8167224765957979,0.3817879319190979
Spain,ESP,1963,0.8569927613168105,0.8572366994839982,0.8950346258146045,0.3817879319190979
Spain,ESP,1964,0.8963202938562755,0.8965792346502939,0.9374266703919609,0.3817879319190979
Spain,ESP,1965,0.9387261198693091,0.9389885704961607,0.9819221415246009,0.3817879319190979
Spain,ESP,1966,0.9794500832417983,0.9797398609519066,1.025702588635376,0.3817879319190979
Spain,ESP,1967,0.9825700532184438,0.9828719310548415,1.0314408694535357,0.3817879319190979
Spain,ESP,1968,1.023783575876946,1.024051567472931,1.071976313111552,0.3817879319190979
Spain,ESP,1969,1.0845932889829237,1.0848561235383327,1.1320184186042246,0.3817879319190979
Spain,ESP,1970,1.0838270646319463,1.0841190571251298,1.132674640140869,0.3817879319190979
Spain,ESP,1971,1.0945741498069816,1.094842016011044,1.1426535790246826,0.3817879319190979
Spain,ESP,1972,1.1399133392923488,1.1401539214186656,1.1857261185299341,0.3817879319190979
Spain,ESP,1973,1.172913963720105,1.1731788275166908,1.2189251874346958,0.3817879319190979
Spain,ESP,1974,1.1898892592794112,1.1901738233128567,1.2372816231210182,0.3817879319190979
Spain,ESP,1975,1.1685018519821666,1.1688113387929073,1.2183486258768488,0.3817879319190979
Spain,ESP,1976,1.1747427695558796,1.1750144766637511,1.2235549824905894,0.3817879319190979
Spain,ESP,1977,1.1821629184673705,1.1824139421887407,1.2289988938370637,0.3817879319190979
Spain,ESP,1978,1.1969672511760754,1.197191961586947,1.2408785111974918,0.3817879319190979
Spain,ESP,1979,1.2011387372610427,1.2013386581202212,1.2416496113029636,0.3817879319190979
Spain,ESP,1980,1.2177873485386357,1.217978928640516,1.255673497674711,0.3817879319190979
Spain,ESP,1981,1.2170127615887765,1.2172125662380173,1.2538204431081006,0.3817879319190979
Spain,ESP,1982,1.2205193179165184,1.220677123648925,1.2539054547267847,0.3817879319190979
Spain,ESP,1983,1.2306854662058706,1.2308335810383788,1.261340700405297,0.3817879319190979
Spain,ESP,1984,1.2593646349106606,1.2594909776389134,1.2869022331233548,0.3817879319190979
Spain,ESP,1985,1.275963714205231,1.2760732244533664,1.3004643341660174,0.3817879319190979
Spain,ESP,1986,1.2806128138400918,1.280722863258255,1.303255362438879,0.3817879319190979
Spain,ESP,1987,1.2909796022658337,1.2911068744859406,1.313591635958744,0.3817879319190979
Spain,ESP,1988,1.300991633432119,1.3011437995117916,1.3252278179590231,0.3817879319190979
Spain,ESP,1989,1.3075442305650888,1.3077251499509135,1.3346960461265134,0.3817879319190979
Spain,ESP,1990,1.296059978207185,1.2962574046140558,1.3261161981324259,0.3817879319190979
Spain,ESP,1991,1.2852527415583008,1.2854509656393986,1.317162717697686,0.3817879319190979
Spain,ESP,1992,1.2825880887332053,1.282779703634719,1.31521292747719,0.3817879319190979
Spain,ESP,1993,1.2709580722706075,1.2711359534075992,1.3031257596570232,0.3817879319190979
Spain,ESP,1994,1.2794055487414457,1.2795464824265341,1.3088758008195835,0.3817879319190979
Spain,ESP,1995,1.2761832497649461,1.2763228455304105,1.3039007141103625,0.3817879319190979
Spain,ESP,1996,1.2743176440335526,1.2744661114255136,1.3015110608154314,0.3817879319190979
Spain,ESP,1997,1.270467283688343,1.2706045218673152,1.2965743117969977,0.3817879319190979
Spain,ESP,1998,1.2679496411910103,1.2680744233282057,1.2925573083889974,0.3817879319190979
Spain,ESP,1999,1.2647358804022,1.2648655375979656,1.2887148344627475,0.3817879319190979
Spain,ESP,2000,1.2670725954778845,1.2672108434282077,1.2911990276570258,0.3817879319190979
Spain,ESP,2001,1.2628743522732053,1.2630112402522338,1.2870038379575321,0.3817879319190979
Spain,ESP,2002,1.2588067752734364,1.2589287281206705,1.2819773890168005,0.3817879319190979
Spain,ESP,2003,1.2585840767013439,1.258700401802911,1.2808023099367647,0.3817879319190979
Spain,ESP,2004,1.2564580571667996,1.2565905202186034,1.2791535496581155,0.3817879319190979
Spain,ESP,2005,1.2541709697212715,1.2543273186724493,1.2787490019971974,0.3817879319190979
Spain,ESP,2006,1.2536063918723528,1.253775379961045,1.2802053290450068,0.3817879319190979
Spain,ESP,2007,1.2532391019366491,1.2534313029618849,1.2826469856134404,0.3817879319190979
Spain,ESP,2008,1.2353190771342204,1.2355266141603947,1.2675320448152503,0.3817879319190979
Spain,ESP,2009,1.2128497305237103,1.2130298069817576,1.2450987104858973,0.3817879319190979
Spain,ESP,2010,1.212704761021202,1.212820474024241,1.240720614551952,0.3817879319190979
Spain,ESP,2011,1.2050114640388125,1.2051130276364086,1.2294427421594358,0.3817879319190979
Spain,ESP,2012,1.1954493213727808,1.1955185726020119,1.2154562302993135,0.3817879319190979
Spain,ESP,2013,1.190029064149324,1.1900767694718484,1.2057943968617773,0.3817879319190979
Spain,ESP,2014,1.189742853015737,1.1897807361928976,1.2021466983396323,0.3817879319190979
Spain,ESP,2015,1.2018604230430423,1.2019030432911606,1.2124171663604262,0.3817879319190979
Spain,ESP,2016,1.208251292673939,1.2083018288541485,1.2181327587189656,0.3817879319190979
Spain,ESP,2017,1.2178020416176718,1.217856706155791,1.2275436398734296,0.3817879319190979
Spain,ESP,2018,1.2179422232198949,1.218008534823623,1.2283848660405905,0.3817879319190979
Spain,ESP,2019,1.2188505777291692,1.2189268555571164,1.2304273260918954,0.3817879319190979
Sweden,SWE,1950,0.36290740098749286,0.36290740098749286,0.36290740098749286,0.421358380147389
Sweden,SWE,1951,0.37368177067934116,0.376844140160439,0.3872786744895471,0.421358380147389
Sweden,SWE,1952,0.37426604123243656,0.3796508272053174,0.39914724998755524,0.421358380147389
Sweden,SWE,1953,0.397834892279886,0.40355477624613023,0.4278299162575321,0.421358380147389
Sweden,SWE,1954,0.4309902313531193,0.4364474892904484,0.4626422045338128,0.421358380147389
Sweden,SWE,1955,0.43969161936513323,0.44648339799059045,0.4739149422598521,0.421358380147389
Sweden,SWE,1956,0.44965032930497717,0.4576291920061202,0.4855349932412727,0.421358380147389
Sweden,SWE,1957,0.45042268428642096,0.45914860752531705,0.48680876711191434,0.421358380147389
Sweden,SWE,1958,0.45836681582558736,0.4677828036214615,0.494724532967294,0.421358380147389
Sweden,SWE,1959,0.4897585717485491,0.49968408475655135,0.5255860851195209,0.421358380147389
Sweden,SWE,1960,0.48940564808664355,0.500603425063396,0.5253378605196035,0.421358380147389
Sweden,SWE,1961,0.5129849699675999,0.5274218288124395,0.550922690907627,0.421358380147389
Sweden,SWE,1962,0.5323766728756452,0.5478782195324952,0.5699432187077651,0.421358380147389
Sweden,SWE,1963,0.5624645922943206,0.5780381748278058,0.5985921468803497,0.421358380147389
Sweden,SWE,1964,0.609911862906368,0.6259915000049165,0.6450244237137657,0.421358380147389
Sweden,SWE,1965,0.6226133670910965,0.6414097671078336,0.6587659258644623,0.421358380147389
Sweden,SWE,1966,0.6220718471511386,0.6434285626874798,0.6589632426201613,0.421358380147389
Sweden,SWE,1967,0.6547642754847214,0.6767600831224261,0.6905647792573912,0.421358380147389
Sweden,SWE,1968,0.6703978256791894,0.6923308936818255,0.704578548271205,0.421358380147389
Sweden,SWE,1969,0.7017182454375659,0.7230538290671991,0.7339654697988411,0.421358380147389
Sweden,SWE,1970,0.7346473274915679,0.7567932472292584,0.7663397794904325,0.421358380147389
Sweden,SWE,1971,0.7334084128280338,0.7584957301479145,0.7663280772830081,0.421358380147389
Sweden,SWE,1972,0.7471031210087284,0.7721849179675537,0.7785668518205542,0.421358380147389
Sweden,SWE,1973,0.7703444979167848,0.7945551073806607,0.7998278169093425,0.421358380147389
Sweden,SWE,1974,0.7791257442416617,0.8027385382819494,0.8070865690283915,0.421358380147389
Sweden,SWE,1975,0.7811049128682157,0.8069460236952422,0.8099712102037806,0.421358380147389
Sweden,SWE,1976,0.7626183898113341,0.7914994855390862,0.7927938222885924,0.421358380147389
Sweden,SWE,1977,0.7363961102686378,0.7661819950391102,0.7659244841711548,0.421358380147389
Sweden,SWE,1978,0.7503459243685064,0.7771765617965407,0.7762850270025705,0.421358380147389
Sweden,SWE,1979,0.7717003129747466,0.7935763596623593,0.7930669696495052,0.421358380147389
Sweden,SWE,1980,0.7665051611777614,0.7872343351526094,0.7869575876153405,0.421358380147389
Sweden,SWE,1981,0.7570666379471929,0.7788772658045762,0.7783663782025316,0.421358380147389
Sweden,SWE,1982,0.7529464789861215,0.7726035046328059,0.772135762064563,0.421358380147389
Sweden,SWE,1983,0.7550800812982645,0.7728876027767555,0.7726033334865914,0.421358380147389
Sweden,SWE,1984,0.7796583129153873,0.7956764286080009,0.7956550514990006,0.421358380147389
Sweden,SWE,1985,0.7806372537184405,0.7965724930517188,0.796607887950926,0.421358380147389
Sweden,SWE,1986,0.7892972471788395,0.8069604936406858,0.8066167548742813,0.421358380147389
Sweden,SWE,1987,0.799928890516691,0.8183258651558454,0.8174789707734398,0.421358380147389
Sweden,SWE,1988,0.7949507741118094,0.8152780869831338,0.8136047617855509,0.421358380147389
Sweden,SWE,1989,0.7983272585326526,0.8211507927822685,0.8183024651092152,0.421358380147389
Sweden,SWE,1990,0.7853479548558076,0.8122222389631428,0.8076700954841405,0.421358380147389
Sweden,SWE,1991,0.7741573565564623,0.8037893188932603,0.7974800152479302,0.421358380147389
Sweden,SWE,1992,0.7720840694928759,0.8009086432720922,0.7935752420624462,0.421358380147389
Sweden,SWE,1993,0.7618255114303603,0.7889952982725417,0.7812640127350496,0.421358380147389
Sweden,SWE,1994,0.7877767204215793,0.8108645211198855,0.8034766954186789,0.421358380147389
Sweden,SWE,1995,0.8084756779359132,0.8299367801970199,0.8230214139992311,0.421358380147389
Sweden,SWE,1996,0.8154583902512034,0.8365599207104593,0.8299992023837239,0.421358380147389
Sweden,SWE,1997,0.8436707922097968,0.8638419815458978,0.8576636449102475,0.421358380147389
Sweden,SWE,1998,0.8701608813711923,0.8889647694132563,0.8832524482919579,0.421358380147389
Sweden,SWE,1999,0.8899604526557434,0.9080603239495533,0.9027262589285732,0.421358380147389
Sweden,SWE,2000,0.9235276079467916,0.9413645991929984,0.9362755694125147,0.421358380147389
Sweden,SWE,2001,0.925675377464394,0.9437019056863525,0.9386643299616368,0.421358380147389
Sweden,SWE,2002,0.9475266013454355,0.9656321539860997,0.9605183762754095,0.421358380147389
Sweden,SWE,2003,0.9718500332448956,0.9891925139815747,0.9840355463753943,0.421358380147389
Sweden,SWE,2004,1.0016754072365268,1.0193967782682103,1.0140009758801565,0.421358380147389
Sweden,SWE,2005,1.0214375802886009,1.039465860869461,1.0337609570241941,0.421358380147389
Sweden,SWE,2006,1.0489822540747484,1.0675365147419695,1.0614459734041661,0.421358380147389
Sweden,SWE,2007,1.0555016072372583,1.0760261669642848,1.0692503627835892,0.421358380147389
Sweden,SWE,2008,1.0314065980574254,1.0558490564313647,1.0477401888171256,0.421358380147389
Sweden,SWE,2009,0.993604242312319,1.0206768403346134,1.0111320222394724,0.421358380147389
Sweden,SWE,2010,1.0325425921406186,1.0574835007426229,1.0473878099581713,0.421358380147389
Sweden,SWE,2011,1.0418949756175442,1.068336645103205,1.0575365519353355,0.421358380147389
Sweden,SWE,2012,1.0273554152785582,1.0555724755036024,1.0438981532470182,0.421358380147389
Sweden,SWE,2013,1.0287530913361156,1.0582348654707436,1.0456923617302447,0.421358380147389
Sweden,SWE,2014,1.0391747739203314,1.0697381434909614,1.0563591559166978,0.421358380147389
Sweden,SWE,2015,1.0665825683901176,1.098671335447448,1.0843956504181786,0.421358380147389
Sweden,SWE,2016,1.064632016608904,1.0988297532649325,1.0835044706603023,0.421358380147389
Sweden,SWE,2017,1.0740591586453094,1.1100809960544318,1.0936518316841886,0.421358380147389
Sweden,SWE,2018,1.0754583242646616,1.1143867458419159,1.0965964877347805,0.421358380147389
Sweden,SWE,2019,1.0811419607873285,1.1225352327290015,1.1032964516843258,0.421358380147389
United Kingdom,GBR,1950,0.47669915504552307,0.47669915504552307,0.47669915504552307,0.4350660077163151
United Kingdom,GBR,1951,0.49291184167492474,0.4963903777558274,0.5088992376863706,0.4350660077163151
United Kingdom,GBR,1952,0.4856545064891815,0.4922964825369167,0.5177119854272298,0.4350660077163151
United Kingdom,GBR,1953,0.5103187235446667,0.5165050823544206,0.548167375991385,0.4350660077163151
United Kingdom,GBR,1954,0.5120745982667341,0.5190413896502815,0.5544679680752083,0.4350660077163151
United Kingdom,GBR,1955,0.516837331699608,0.5243653118050284,0.5616087117982884,0.4350660077163151
United Kingdom,GBR,1956,0.5046560363508936,0.5136497851070416,0.5518209689322964,0.4350660077163151
United Kingdom,GBR,1957,0.5019560212262935,0.5118061430335503,0.5499019241075196,0.4350660077163151
United Kingdom,GBR,1958,0.49902601572307503,0.5098856877450695,0.5472689150307772,0.4350660077163151
United Kingdom,GBR,1959,0.521693987501127,0.532381110247659,0.5683718163201315,0.4350660077163151
United Kingdom,GBR,1960,0.5352042373486494,0.547231195664434,0.5817112300646929,0.4350660077163151
United Kingdom,GBR,1961,0.5354525273172239,0.5505008269466511,0.5835022008735598,0.4350660077163151
United Kingdom,GBR,1962,0.5375526423505175,0.5536361460362969,0.5848992489774121,0.4350660077163151
United Kingdom,GBR,1963,0.5587830730162624,0.5739217767786018,0.6032438630961154,0.4350660077163151
United Kingdom,GBR,1964,0.5879002093551211,0.6030534136648011,0.6304519342868442,0.4350660077163151
United Kingdom,GBR,1965,0.5862848725913965,0.6059761284622427,0.6314362108215548,0.4350660077163151
United Kingdom,GBR,1966,0.5946050130293248,0.6165416927872229,0.6399846202768336,0.4350660077163151
United Kingdom,GBR,1967,0.6065910506638357,0.6291604878659776,0.6506048191836244,0.4350660077163151
United Kingdom,GBR,1968,0.6591114405800393,0.6828211494011036,0.7022865579369348,0.4350660077163151
United Kingdom,GBR,1969,0.6286458383856086,0.65481656758692,0.6722254236323781,0.4350660077163151
United Kingdom,GBR,1970,0.6419511919368439,0.668608352568385,0.6840804150123043,0.4350660077163151
United Kingdom,GBR,1971,0.6732921184274403,0.7001215873420135,0.7138028065796904,0.4350660077163151
United Kingdom,GBR,1972,0.687991050776799,0.7139683448426206,0.7261096247951944,0.4350660077163151
United Kingdom,GBR,1973,0.7222728195181594,0.7464542162668,0.7573802926485662,0.4350660077163151
United Kingdom,GBR,1974,0.6784436340387145,0.7041702355122075,0.7137064955234722,0.4350660077163151
United Kingdom,GBR,1975,0.656882240651278,0.6816497806279695,0.69003130752247,0.4350660077163151
United Kingdom,GBR,1976,0.6772503841303008,0.6982038273963447,0.7060380845815732,0.4350660077163151
United Kingdom,GBR,1977,0.6820279028938039,0.701786987324545,0.7091415580777136,0.4350660077163151
United Kingdom,GBR,1978,0.7047289140809712,0.7234641027382303,0.7303609627129477,0.4350660077163151
United Kingdom,GBR,1979,0.7226967400926574,0.7405085422716571,0.7469715662148895,0.4350660077163151
United Kingdom,GBR,1980,0.7001878928820302,0.7177080032469627,0.7236734220266818,0.4350660077163151
United Kingdom,GBR,1981,0.7095894290089095,0.7235956985437282,0.7295693148996882,0.4350660077163151
United Kingdom,GBR,1982,0.7327991981360293,0.7428737661105878,0.749262068542011,0.4350660077163151
United Kingdom,GBR,1983,0.7692759021920894,0.7784042511379283,0.7850138006332639,0.4350660077163151
United Kingdom,GBR,1984,0.7646058992477114,0.774893310493443,0.7812370790850149,0.4350660077163151
United Kingdom,GBR,1985,0.7830059559299416,0.7957668907966191,0.8012813009296753,0.4350660077163151
United Kingdom,GBR,1986,0.7970491354844587,0.8125240872165174,0.8167873315198504,0.4350660077163151
United Kingdom,GBR,1987,0.8209749607651551,0.839267080388626,0.8419334730817409,0.4350660077163151
United Kingdom,GBR,1988,0.8377071842137331,0.8602044889822311,0.8608071584712684,0.4350660077163151
United Kingdom,GBR,1989,0.824081042444357,0.8538867945424169,0.8513571397274919,0.4350660077163151
United Kingdom,GBR,1990,0.8102168859684333,0.8456331573030189,0.8396810893556852,0.4350660077163151
United Kingdom,GBR,1991,0.8029782059845667,0.8399192319291364,0.8313937242822496,0.4350660077163151
United Kingdom,GBR,1992,0.8058630840189558,0.8420041322825531,0.8318828175753259,0.4350660077163151
United Kingdom,GBR,1993,0.8193236320827966,0.85568508021667,0.844377316969072,0.4350660077163151
United Kingdom,GBR,1994,0.8308323455068107,0.8680034016293527,0.8556925670216717,0.4350660077163151
United Kingdom,GBR,1995,0.8283304941506211,0.8674362163464346,0.8541939435437058,0.4350660077163151
United Kingdom,GBR,1996,0.8298427418825076,0.868892513690227,0.8550280347561525,0.4350660077163151
United Kingdom,GBR,1997,0.85170523624602,0.8898782909038117,0.8756660966311767,0.4350660077163151
United Kingdom,GBR,1998,0.8686654228210875,0.9047589943322798,0.8907046063449258,0.4350660077163151
United Kingdom,GBR,1999,0.8804914982525966,0.9154507396380547,0.9016661377670525,0.4350660077163151
United Kingdom,GBR,2000,0.8990105690443642,0.9324473172677745,0.9190916230051549,0.4350660077163151
United Kingdom,GBR,2001,0.9082965321015903,0.9404390637387969,0.9275427019017419,0.4350660077163151
United Kingdom,GBR,2002,0.920429311322752,0.9507308522158828,0.9383772259071579,0.4350660077163151
United Kingdom,GBR,2003,0.9394686445451335,0.9689184017441068,0.956947534452012,0.4350660077163151
United Kingdom,GBR,2004,0.9450878106779772,0.9743678530614011,0.962575038077615,0.4350660077163151
United Kingdom,GBR,2005,0.9543068890199269,0.9839942960293664,0.9721637127021863,0.4350660077163151
United Kingdom,GBR,2006,0.9625384874992999,0.9937586522011506,0.9814760652303454,0.4350660077163151
United Kingdom,GBR,2007,0.9653814481842709,0.9979620074770015,0.9849946428845717,0.4350660077163151
United Kingdom,GBR,2008,0.9433312119972088,0.9778027297910548,0.9638763279984843,0.4350660077163151
United Kingdom,GBR,2009,0.9032628453708815,0.9381306358787906,0.9234208525580421,0.4350660077163151
United Kingdom,GBR,2010,0.9104389753858406,0.9425713752207354,0.9278629054610956,0.4350660077163151
United Kingdom,GBR,2011,0.9107105256254133,0.9430743680721934,0.928281446518116,0.4350660077163151
United Kingdom,GBR,2012,0.9059569356614352,0.9360857276995826,0.9216654429982203,0.4350660077163151
United Kingdom,GBR,2013,0.9076756210823715,0.9378938281287077,0.9236655504886775,0.4350660077163151
United Kingdom,GBR,2014,0.910666223700991,0.9417119675029184,0.9273883981389925,0.4350660077163151
United Kingdom,GBR,2015,0.9141137078469308,0.9474228304224335,0.9325072511191994,0.4350660077163151
United Kingdom,GBR,2016,0.9111254558605015,0.9473404047775213,0.9313521190394569,0.4350660077163151
United Kingdom,GBR,2017,0.910945107852883,0.948639837473416,0.9315855269784823,0.4350660077163151
United Kingdom,GBR,2018,0.9070657080615501,0.9460598310526347,0.9280047526359274,0.4350660077163151
United Kingdom,GBR,2019,0.9012042716487381,0.940803949672917,0.9219104461234648,0.4350660077163151
United States,USA,1950,0.7050005117467544,0.7050005117467544,0.7050005117467544,0.38081351263182506
United States,USA,1951,0.7364552968349933,0.7387772559904651,0.750102233061904,0.38081351263182506
United States,USA,1952,0.7566217620776854,0.7598565693845867,0.780383908727373,0.38081351263182506
United States,USA,1953,0.7826745254326362,0.786116907120638,0.8123928337293407,0.38081351263182506
United States,USA,1954,0.7819372828480917,0.7856812265502624,0.8155424167242744,0.38081351263182506
United States,USA,1955,0.8187641255709996,0.8221642140668282,0.8533690657636326,0.38081351263182506
United States,USA,1956,0.8152425662778091,0.8193238115777879,0.851451387738881,0.38081351263182506
United States,USA,1957,0.8274191126972852,0.8318133020924563,0.8641465045933749,0.38081351263182506
United States,USA,1958,0.8284718118708954,0.8328600989835246,0.8647215238788766,0.38081351263182506
United States,USA,1959,0.8604261068291459,0.8644941627199225,0.8953326254949934,0.38081351263182506
United States,USA,1960,0.8656126920306839,0.8710347170415211,0.9012399613970512,0.38081351263182506
United States,USA,1961,0.8760582209876508,0.8817812515368759,0.9111046787960975,0.38081351263182506
United States,USA,1962,0.901879632647165,0.9074864833472551,0.9356641151665874,0.38081351263182506
United States,USA,1963,0.9205181517821375,0.926736869232216,0.9538198099517574,0.38081351263182506
United States,USA,1964,0.9405283276220544,0.9477020756484684,0.973796746325144,0.38081351263182506
United States,USA,1965,0.9618030357962208,0.9701835921059132,0.9953664860378897,0.38081351263182506
United States,USA,1966,0.9830941892806386,0.9932355673130857,1.0175896839433012,0.38081351263182506
United States,USA,1967,0.98104029056333,0.9931377713997129,1.016677273798587,0.38081351263182506
United States,USA,1968,0.9974949027410691,1.0100289106291473,1.0325750188259715,0.38081351263182506
United States,USA,1969,0.9932927153474385,1.0063320003067542,1.0278006769053878,0.38081351263182506
United States,USA,1970,0.9862056489754814,0.9997600990021365,1.0201120083846718,0.38081351263182506
United States,USA,1971,1.0056075940239833,1.0184670605401838,1.0376454637230523,0.38081351263182506
United States,USA,1972,1.022594477359517,1.0357499621906125,1.053740586429786,0.38081351263182506
United States,USA,1973,1.0382138831144143,1.052546523625308,1.0693601237133716,0.38081351263182506
United States,USA,1974,1.0089033755224897,1.025179802960066,1.0407964114329662,0.38081351263182506
United States,USA,1975,1.0051469631439076,1.0220056889593856,1.0364601640073658,0.38081351263182506
United States,USA,1976,1.0252674467930571,1.0405215281839286,1.0539571410639024,0.38081351263182506
United States,USA,1977,1.032678353308155,1.0486075533213448,1.0610115605495931,0.38081351263182506
United States,USA,1978,1.041101517397875,1.0587098406596258,1.0699936778603885,0.38081351263182506
United States,USA,1979,1.035544772421476,1.055636018264769,1.0656538560482893,0.38081351263182506
United States,USA,1980,1.017004528979811,1.0389684621821118,1.0476861678384743,0.38081351263182506
United States,USA,1981,1.025131668678629,1.046571126651159,1.0542079338555173,0.38081351263182506
United States,USA,1982,1.0036544110448826,1.0254702324416343,1.0321009798485665,0.38081351263182506
United States,USA,1983,1.0255242972956093,1.0455220693901897,1.0514474141740866,0.38081351263182506
United States,USA,1984,1.0522603060885203,1.0718316996372508,1.0771162356978152,0.38081351263182506
United States,USA,1985,1.0614854192718202,1.0840854236570223,1.0883428906786587,0.38081351263182506
United States,USA,1986,1.0722553351711301,1.0968647020526188,1.099966111581006,0.38081351263182506
United States,USA,1987,1.072298290609682,1.097911646599833,1.0999171009828679,0.38081351263182506
United States,USA,1988,1.0812292146427467,1.107572405685536,1.1085620052446217,0.38081351263182506
United States,USA,1989,1.0865608224975496,1.1130598289905755,1.1131940357522083,0.38081351263182506
United States,USA,1990,1.090370133391735,1.1166782319917754,1.116112216238749,0.38081351263182506
United States,USA,1991,1.086206510650257,1.1111704708229677,1.1101751822214325,0.38081351263182506
United States,USA,1992,1.1123608750499745,1.135162373829564,1.134033993405959,0.38081351263182506
United States,USA,1993,1.115316488006549,1.1371465331275932,1.1359176979706884,0.38081351263182506
United States,USA,1994,1.1229685656873798,1.1446951330241326,1.1432685112229297,0.38081351263182506
United States,USA,1995,1.1240332291836275,1.1462714282694542,1.1444808211739605,0.38081351263182506
United States,USA,1996,1.1383875696535721,1.1605272852239832,1.158390854382091,0.38081351263182506
United States,USA,1997,1.1541347809513613,1.17666850149506,1.1741140416847085,0.38081351263182506
United States,USA,1998,1.1712874882945403,1.195343656861505,1.1921060496793334,0.38081351263182506
United States,USA,1999,1.1925560769287404,1.218814263899466,1.214590833441953,0.38081351263182506
United States,USA,2000,1.2082120592083836,1.237224502307102,1.2317363411609819,0.38081351263182506
United States,USA,2001,1.2094708563056944,1.2416072208573006,1.2346527297780039,0.38081351263182506
United States,USA,2002,1.2209096294749866,1.2541694612121947,1.2459830915486094,0.38081351263182506
United States,USA,2003,1.2386667155953148,1.2726694047680382,1.263462024704456,0.38081351263182506
United States,USA,2004,1.2559578412398107,1.2905537263132008,1.2804824324401363,0.38081351263182506
United States,USA,2005,1.2672945955517978,1.3030914441784667,1.2921752180406294,0.38081351263182506
United States,USA,2006,1.2684650734760403,1.3056827277538154,1.2938837511739507,0.38081351263182506
United States,USA,2007,1.2672051266431463,1.305000907059993,1.2924610728285195,0.38081351263182506
United States,USA,2008,1.2608529003611313,1.2975938723136373,1.2847227003139405,0.38081351263182506
United States,USA,2009,1.2596093839502789,1.2937536662572988,1.2810986434323688,0.38081351263182506
United States,USA,2010,1.279218738583129,1.3076774246607332,1.2961291972700089,0.38081351263182506
United States,USA,2011,1.2795834779254935,1.3045633164450319,1.2943186852863011,0.38081351263182506
United States,USA,2012,1.28528675692308,1.3077343758356577,1.2987501863623336,0.38081351263182506
United States,USA,2013,1.2883766516504966,1.3105840494523058,1.3023874733476202,0.38081351263182506
United States,USA,2014,1.2952105391117588,1.317012729256172,1.3093061443263938,0.38081351263182506
United States,USA,2015,1.30620033205056,1.3279807262511305,1.320506859679547,0.38081351263182506
United States,USA,2016,1.3088395580791694,1.330745170870106,1.323314221872307,0.38081351263182506
United States,USA,2017,1.3182166543276477,1.3394983437031005,1.3321262961737474,0.38081351263182506
United States,USA,2018,1.3301510533526901,1.3512996880055308,1.3438886503124152,0.38081351263182506
United States,USA,2019,1.3421364409039764,1.3638380031461121,1.3561851675860108,0.38081351263182506
