country,iso3,year,tfp_M0,tfp_M2,tfp_M4,mu0,mu1,mu_j,beta_j,alpha
Australia,AUS,1950,0.6475828693077306,0.6475828693077306,1.1369764258207535,2.25,0.020000000000000004,2.5058333333333334,0.3,0.36110738345554894
Australia,AUS,1951,0.6400248883171145,0.6587485393256349,1.1468310943476872,2.25,0.020000000000000004,2.5058333333333334,0.3,0.36110738345554894
Australia,AUS,1952,0.5649156213129967,0.6000751185960231,1.0849257569409425,2.25,0.020000000000000004,2.5058333333333334,0.3,0.36110738345554894
Australia,AUS,1953,0.6508590432495325,0.6868453172060276,1.1711512886102167,2.25,0.020000000000000004,2.5058333333333334,0.3,0.36110738345554894
Australia,AUS,1954,0.7036480810604777,0.7429813163384047,1.2234003879569175,2.25,0.020000000000000004,2.5058333333333334,0.3,0.36110738345554894
Australia,AUS,1955,0.7149335685820031,0.75836255036132,1.2324214480379694,2.25,0.020000000000000004,2.5058333333333334,0.3,0.36110738345554894
Australia,AUS,1956,0.6896362067534936,0.7351988131823557,1.2033919846659025,2.25,0.020000000000000004,2.5058333333333334,0.3,0.36110738345554894
Australia,AUS,1957,0.6930816682531482,0.7373591959061505,1.198921859568661,2.25,0.020000000000000004,2.5058333333333334,0.3,0.36110738345554894
Australia,AUS,1958,0.7426590543878842,0.786180778212703,1.2403790846691716,2.25,0.020000000000000004,2.5058333333333334,0.3,0.36110738345554894
Australia,AUS,1959,0.7816136864491003,0.8259310595017402,1.2718913536014766,2.25,0.020000000000000004,2.5058333333333334,0.3,0.36110738345554894
Australia,AUS,1960,0.7716357045455462,0.81679846055395,1.2587590979436025,2.25,0.020000000000000004,2.5058333333333334,0.3,0.36110738345554894
Australia,AUS,1961,0.7624079339144512,0.8078266640660559,1.2435868141270254,2.25,0.020000000000000004,2.5058333333333334,0.3,0.36110738345554894
Australia,AUS,1962,0.7917690805990736,0.8341051960287018,1.2712061841935172,2.25,0.020000000000000004,2.5058333333333334,0.3,0.36110738345554894
Australia,AUS,1963,0.8209750868524202,0.8622281852164164,1.3005290061670194,2.25,0.020000000000000004,2.5058333333333334,0.3,0.36110738345554894
Australia,AUS,1964,0.8414879656865324,0.882036559264554,1.3221678909053822,2.25,0.020000000000000004,2.5058333333333334,0.3,0.36110738345554894
Australia,AUS,1965,0.8238682102759292,0.8654588565637393,1.3047721547574964,2.25,0.020000000000000004,2.5058333333333334,0.3,0.36110738345554894
Australia,AUS,1966,0.8421580624770728,0.8833086561282393,1.3248557490112685,2.25,0.020000000000000004,2.5058333333333334,0.3,0.36110738345554894
Australia,AUS,1967,0.8532715220529647,0.8942037234096993,1.335596710663205,2.25,0.020000000000000004,2.5058333333333334,0.3,0.36110738345554894
Australia,AUS,1968,0.8879840341239769,0.9285673425425527,1.3675363353983996,2.25,0.020000000000000004,2.5058333333333334,0.3,0.36110738345554894
Australia,AUS,1969,0.9202756560348311,0.9615553206371015,1.3978102370997054,2.25,0.020000000000000004,2.5058333333333334,0.3,0.36110738345554894
Australia,AUS,1970,0.9144509876051439,0.9564757934448735,1.3917454593832401,2.25,0.020000000000000004,2.5058333333333334,0.3,0.36110738345554894
Australia,AUS,1971,0.9243073895163638,0.9664567108755673,1.3943368572338048,2.25,0.020000000000000004,2.5058333333333334,0.3,0.36110738345554894
Australia,AUS,1972,0.9285961703257231,0.9698796444094242,1.3884681018393863,2.25,0.020000000000000004,2.5058333333333334,0.3,0.36110738345554894
Australia,AUS,1973,0.9377009277650368,0.9775271671466701,1.3932177734784301,2.25,0.020000000000000004,2.5058333333333334,0.3,0.36110738345554894
Australia,AUS,1974,0.9141754540205937,0.9536382133563874,1.3689312064565118,2.25,0.020000000000000004,2.5058333333333334,0.3,0.36110738345554894
Australia,AUS,1975,0.9306367676986493,0.9669388163811661,1.3724209855600331,2.25,0.020000000000000004,2.5058333333333334,0.3,0.36110738345554894
Australia,AUS,1976,0.937180378121921,0.9710329764392798,1.3768037673674862,2.25,0.020000000000000004,2.5058333333333334,0.3,0.36110738345554894
Australia,AUS,1977,0.9233986776037648,0.9557638215131741,1.3588048090084444,2.25,0.020000000000000004,2.5058333333333334,0.3,0.36110738345554894
Australia,AUS,1978,0.9457225363311972,0.9761088717609923,1.3759275718005792,2.25,0.020000000000000004,2.5058333333333334,0.3,0.36110738345554894
Australia,AUS,1979,0.9480669231353636,0.97858943889283,1.3784467569394478,2.25,0.020000000000000004,2.5058333333333334,0.3,0.36110738345554894
Australia,AUS,1980,0.9477827931696972,0.9780553925489723,1.3809107963553289,2.25,0.020000000000000004,2.5058333333333334,0.3,0.36110738345554894
Australia,AUS,1981,0.9603364574566475,0.9916117515609528,1.3898588031132344,2.25,0.020000000000000004,2.5058333333333334,0.3,0.36110738345554894
Australia,AUS,1982,0.9296618654748086,0.9622673440581933,1.3498197874981193,2.25,0.020000000000000004,2.5058333333333334,0.3,0.36110738345554894
Australia,AUS,1983,0.9753374860707966,1.0059453157658647,1.3834303846399987,2.25,0.020000000000000004,2.5058333333333334,0.3,0.36110738345554894
Australia,AUS,1984,0.9825543281147713,1.012504583705601,1.3993764666239303,2.25,0.020000000000000004,2.5058333333333334,0.3,0.36110738345554894
Australia,AUS,1985,0.9872640981730205,1.017729850111544,1.4077883337575616,2.25,0.020000000000000004,2.5058333333333334,0.3,0.36110738345554894
Australia,AUS,1986,0.9668448438716233,0.9979015688776833,1.3955841576035422,2.25,0.020000000000000004,2.5058333333333334,0.3,0.36110738345554894
Australia,AUS,1987,0.9936412924946829,1.0241116138713782,1.4227444770598918,2.25,0.020000000000000004,2.5058333333333334,0.3,0.36110738345554894
Australia,AUS,1988,0.993085801347334,1.0238883404552714,1.4260736634854196,2.25,0.020000000000000004,2.5058333333333334,0.3,0.36110738345554894
Australia,AUS,1989,0.9813676833545193,1.0133857118662988,1.422256742731573,2.25,0.020000000000000004,2.5058333333333334,0.3,0.36110738345554894
Australia,AUS,1990,0.9555066241247134,0.9878637220405917,1.392138428368897,2.25,0.020000000000000004,2.5058333333333334,0.3,0.36110738345554894
Australia,AUS,1991,0.9677370876007192,0.9971917580140328,1.3863406118208013,2.25,0.020000000000000004,2.5058333333333334,0.3,0.36110738345554894
Australia,AUS,1992,1.002100672364378,1.0287707927755125,1.4108409005865639,2.25,0.020000000000000004,2.5058333333333334,0.3,0.36110738345554894
Australia,AUS,1993,1.0219436860555318,1.0472329942677998,1.42765009911373,2.25,0.020000000000000004,2.5058333333333334,0.3,0.36110738345554894
Australia,AUS,1994,1.0247879657885575,1.0499220215796727,1.4347878290815808,2.25,0.020000000000000004,2.5058333333333334,0.3,0.36110738345554894
Australia,AUS,1995,1.0266404689994992,1.0525191821509274,1.4414225991674652,2.25,0.020000000000000004,2.5058333333333334,0.3,0.36110738345554894
Australia,AUS,1996,1.0478542717127084,1.073499962652214,1.4578825396731898,2.25,0.020000000000000004,2.5058333333333334,0.3,0.36110738345554894
Australia,AUS,1997,1.0769541024555114,1.1025953730450038,1.4810548421476777,2.25,0.020000000000000004,2.5058333333333334,0.3,0.36110738345554894
Australia,AUS,1998,1.1077972822396571,1.1340677815901508,1.506994841356824,2.25,0.020000000000000004,2.5058333333333334,0.3,0.36110738345554894
Australia,AUS,1999,1.121186815090664,1.1484732750565447,1.5227204569785187,2.25,0.020000000000000004,2.5058333333333334,0.3,0.36110738345554894
Australia,AUS,2000,1.1111350149709232,1.1393813921803648,1.5158249455933408,2.25,0.020000000000000004,2.5058333333333334,0.3,0.36110738345554894
Australia,AUS,2001,1.1476144668006247,1.174815465325696,1.5382995081273743,2.25,0.020000000000000004,2.5058333333333334,0.3,0.36110738345554894
Australia,AUS,2002,1.15920860011395,1.1865791577530347,1.5431325816324701,2.25,0.020000000000000004,2.5058333333333334,0.3,0.36110738345554894
Australia,AUS,2003,1.1773250881202557,1.2060657885757902,1.5509646650777835,2.25,0.020000000000000004,2.5058333333333334,0.3,0.36110738345554894
Australia,AUS,2004,1.1879882451289001,1.218822817588987,1.551590633432272,2.25,0.020000000000000004,2.5058333333333334,0.3,0.36110738345554894
Australia,AUS,2005,1.18235591625752,1.2150443868973992,1.5389733931572214,2.25,0.020000000000000004,2.5058333333333334,0.3,0.36110738345554894
Australia,AUS,2006,1.197144812839162,1.2308876054530478,1.5431027990390351,2.25,0.020000000000000004,2.5058333333333334,0.3,0.36110738345554894
Australia,AUS,2007,1.2030282929492087,1.237477014541427,1.5321766229505815,2.25,0.020000000000000004,2.5058333333333334,0.3,0.36110738345554894
Australia,AUS,2008,1.1954371811240367,1.2307616263316135,1.5091794016046025,2.25,0.020000000000000004,2.5058333333333334,0.3,0.36110738345554894
Australia,AUS,2009,1.212407150645686,1.2466803451381034,1.4963889073494698,2.25,0.020000000000000004,2.5058333333333334,0.3,0.36110738345554894
Australia,AUS,2010,1.2121405434424988,1.2449258561446852,1.4803027656513263,2.25,0.020000000000000004,2.5058333333333334,0.3,0.36110738345554894
Australia,AUS,2011,1.2281813633142606,1.2587441386330278,1.4853946595079717,2.25,0.020000000000000004,2.5058333333333334,0.3,0.36110738345554894
Australia,AUS,2012,1.239318213867394,1.2685845406935101,1.487031618762833,2.25,0.020000000000000004,2.5058333333333334,0.3,0.36110738345554894
Australia,AUS,2013,1.24731985264245,1.2765030001395328,1.488311848985166,2.25,0.020000000000000004,2.5058333333333334,0.3,0.36110738345554894
Australia,AUS,2014,1.2534614735776284,1.2835847144508996,1.489469354070505,2.25,0.020000000000000004,2.5058333333333334,0.3,0.36110738345554894
Australia,AUS,2015,1.2551058369198511,1.2856699300404184,1.4910092649696347,2.25,0.020000000000000004,2.5058333333333334,0.3,0.36110738345554894
Australia,AUS,2016,1.262093751869032,1.2916189899130783,1.4990623941954024,2.25,0.020000000000000004,2.5058333333333334,0.3,0.36110738345554894
Australia,AUS,2017,1.268176734452414,1.2958062225715228,1.508859122421967,2.25,0.020000000000000004,2.5058333333333334,0.3,0.36110738345554894
Australia,AUS,2018,1.268050345220752,1.2939409563199646,1.5122608776084991,2.25,0.020000000000000004,2.5058333333333334,0.3,0.36110738345554894
Australia,AUS,2019,1.246128150974057,1.269689562199062,1.492346379406253,2.25,0.020000000000000004,2.5058333333333334,0.3,0.36110738345554894
Austria,AUT,1950,0.20735026537511647,0.20735026537511647,0.20735026537511647,0.05,0.039999999999999994,1.0083333333333333,0.0,0.38423703823770794
Austria,AUT,1951,0.25641532319284277,0.2577212212129405,0.2644244782560019,0.05,0.039999999999999994,1.0083333333333333,0.0,0.38423703823770794
Austria,AUT,1952,0.26387083408791234,0.2657584935831334,0.27746010626402917,0.05,0.039999999999999994,1.0083333333333333,0.0,0.38423703823770794
Austria,AUT,1953,0.3050232029788118,0.306372243000852,0.31896625630611464,0.05,0.039999999999999994,1.0083333333333333,0.0,0.38423703823770794
Austria,AUT,1954,0.37262657551889866,0.37318377761366683,0.3846227358364809,0.05,0.039999999999999994,1.0083333333333333,0.0,0.38423703823770794
Austria,AUT,1955,0.45281773938624603,0.4539425877807908,0.4655455161112778,0.05,0.039999999999999994,1.0083333333333333,0.0,0.38423703823770794
Austria,AUT,1956,0.4904177937677483,0.4929568825923907,0.5061198752281726,0.05,0.039999999999999994,1.0083333333333333,0.0,0.38423703823770794
Austria,AUT,1957,0.5312186826599143,0.533712376601704,0.5472764011073945,0.05,0.039999999999999994,1.0083333333333333,0.0,0.38423703823770794
Austria,AUT,1958,0.5593116424926761,0.5621149302066772,0.5758563800916692,0.05,0.039999999999999994,1.0083333333333333,0.0,0.38423703823770794
Austria,AUT,1959,0.5766927949348926,0.5795030568905677,0.5930493921041986,0.05,0.039999999999999994,1.0083333333333333,0.0,0.38423703823770794
Austria,AUT,1960,0.6487296315196591,0.6517318698422869,0.665016183070593,0.05,0.039999999999999994,1.0083333333333333,0.0,0.38423703823770794
Austria,AUT,1961,0.681074062415501,0.6861144556562584,0.6999829009089149,0.05,0.039999999999999994,1.0083333333333333,0.0,0.38423703823770794
Austria,AUT,1962,0.6895024932060698,0.6950045114621757,0.7089622938973497,0.05,0.039999999999999994,1.0083333333333333,0.0,0.38423703823770794
Austria,AUT,1963,0.7254158911135047,0.7301714595669964,0.7435441216646685,0.05,0.039999999999999994,1.0083333333333333,0.0,0.38423703823770794
Austria,AUT,1964,0.7738178478905731,0.7784745041423751,0.7912212981124362,0.05,0.039999999999999994,1.0083333333333333,0.0,0.38423703823770794
Austria,AUT,1965,0.7885484668376002,0.7947464032502403,0.8072566904483223,0.05,0.039999999999999994,1.0083333333333333,0.0,0.38423703823770794
Austria,AUT,1966,0.8330970439422298,0.8397799146336196,0.8519155954662132,0.05,0.039999999999999994,1.0083333333333333,0.0,0.38423703823770794
Austria,AUT,1967,0.8589741803523232,0.8668770636325309,0.8786781657538976,0.05,0.039999999999999994,1.0083333333333333,0.0,0.38423703823770794
Austria,AUT,1968,0.8963512004560501,0.9040783374141794,0.9153278070804509,0.05,0.039999999999999994,1.0083333333333333,0.0,0.38423703823770794
Austria,AUT,1969,0.9462529211959696,0.9541109653179198,0.964768947271252,0.05,0.039999999999999994,1.0083333333333333,0.0,0.38423703823770794
Austria,AUT,1970,1.0135259933569225,1.022189222265414,1.0322899102986938,0.05,0.039999999999999994,1.0083333333333333,0.0,0.38423703823770794
Austria,AUT,1971,1.0359650060166894,1.0468003615475876,1.0563910712942137,0.05,0.039999999999999994,1.0083333333333333,0.0,0.38423703823770794
Austria,AUT,1972,1.06428499253638,1.076187653257155,1.0851870648121862,0.05,0.039999999999999994,1.0083333333333333,0.0,0.38423703823770794
Austria,AUT,1973,1.08304858847693,1.0964803944454768,1.1048293350586365,0.05,0.039999999999999994,1.0083333333333333,0.0,0.38423703823770794
Austria,AUT,1974,1.0634831718135027,1.0787111556619697,1.0863383913782139,0.05,0.039999999999999994,1.0083333333333333,0.0,0.38423703823770794
Austria,AUT,1975,1.059935298286704,1.0765117303353575,1.0833599387847919,0.05,0.039999999999999994,1.0083333333333333,0.0,0.38423703823770794
Austria,AUT,1976,1.0830044729310675,1.0977301664193027,1.10393503166405,0.05,0.039999999999999994,1.0083333333333333,0.0,0.38423703823770794
Austria,AUT,1977,1.100647860592141,1.115954269428979,1.1214896643991894,0.05,0.039999999999999994,1.0083333333333333,0.0,0.38423703823770794
Austria,AUT,1978,1.0910925714121928,1.1078114632818012,1.1125856710831137,0.05,0.039999999999999994,1.0083333333333333,0.0,0.38423703823770794
Austria,AUT,1979,1.1098941342276092,1.1250318321581583,1.1292751698220078,0.05,0.039999999999999994,1.0083333333333333,0.0,0.38423703823770794
Austria,AUT,1980,1.0968260046833587,1.1135359229092794,1.1170634003414692,0.05,0.039999999999999994,1.0083333333333333,0.0,0.38423703823770794
Austria,AUT,1981,1.0976248064068495,1.1148375388735179,1.1176639902172543,0.05,0.039999999999999994,1.0083333333333333,0.0,0.38423703823770794
Austria,AUT,1982,1.101160413989457,1.1177939258285994,1.1200766849486223,0.05,0.039999999999999994,1.0083333333333333,0.0,0.38423703823770794
Austria,AUT,1983,1.11559804546203,1.1312156313163442,1.1331210145067203,0.05,0.039999999999999994,1.0083333333333333,0.0,0.38423703823770794
Austria,AUT,1984,1.0996687065632607,1.1144115262001115,1.1160296641523262,0.05,0.039999999999999994,1.0083333333333333,0.0,0.38423703823770794
Austria,AUT,1985,1.1039216828690908,1.1193828934034258,1.1205211271355902,0.05,0.039999999999999994,1.0083333333333333,0.0,0.38423703823770794
Austria,AUT,1986,1.1028828208334858,1.1201820034629888,1.120545647630503,0.05,0.039999999999999994,1.0083333333333333,0.0,0.38423703823770794
Austria,AUT,1987,1.0999003858237364,1.1176598394974944,1.1173341461699815,0.05,0.039999999999999994,1.0083333333333333,0.0,0.38423703823770794
Austria,AUT,1988,1.1056559810600648,1.1237326048714662,1.1227906479611756,0.05,0.039999999999999994,1.0083333333333333,0.0,0.38423703823770794
Austria,AUT,1989,1.1098469314416128,1.1291622533204846,1.1274655629758783,0.05,0.039999999999999994,1.0083333333333333,0.0,0.38423703823770794
Austria,AUT,1990,1.1225822073102707,1.1429934713298016,1.1404956429857025,0.05,0.039999999999999994,1.0083333333333333,0.0,0.38423703823770794
Austria,AUT,1991,1.1265989934177476,1.1478824972252584,1.1446033926700387,0.05,0.039999999999999994,1.0083333333333333,0.0,0.38423703823770794
Austria,AUT,1992,1.136035092065069,1.1583529974649105,1.1542680469918727,0.05,0.039999999999999994,1.0083333333333333,0.0,0.38423703823770794
Austria,AUT,1993,1.1254345293931962,1.1480667020388378,1.1433207370060883,0.05,0.039999999999999994,1.0083333333333333,0.0,0.38423703823770794
Austria,AUT,1994,1.1288825988762534,1.1511273976744834,1.145957642725019,0.05,0.039999999999999994,1.0083333333333333,0.0,0.38423703823770794
Austria,AUT,1995,1.144960773497803,1.1670993201801023,1.1615686548818074,0.05,0.039999999999999994,1.0083333333333333,0.0,0.38423703823770794
Austria,AUT,1996,1.1335604586310426,1.1561957694971339,1.1501996065013813,0.05,0.039999999999999994,1.0083333333333333,0.0,0.38423703823770794
Austria,AUT,1997,1.1285969787541754,1.1506180724314339,1.1443801962094406,0.05,0.039999999999999994,1.0083333333333333,0.0,0.38423703823770794
Austria,AUT,1998,1.1494442601598491,1.169789808691612,1.163694578050145,0.05,0.039999999999999994,1.0083333333333333,0.0,0.38423703823770794
Austria,AUT,1999,1.1601262258850245,1.1786104177965218,1.1729112538263564,0.05,0.039999999999999994,1.0083333333333333,0.0,0.38423703823770794
Austria,AUT,2000,1.173661945991035,1.1909473328904552,1.1856193664330688,0.05,0.039999999999999994,1.0083333333333333,0.0,0.38423703823770794
Austria,AUT,2001,1.1738201151123429,1.1897205860069722,1.1848142959579606,0.05,0.039999999999999994,1.0083333333333333,0.0,0.38423703823770794
Austria,AUT,2002,1.180957050910699,1.1950305205883893,1.1907010905276252,0.05,0.039999999999999994,1.0083333333333333,0.0,0.38423703823770794
Austria,AUT,2003,1.179978677195809,1.1918955695811748,1.1883244228755947,0.05,0.039999999999999994,1.0083333333333333,0.0,0.38423703823770794
Austria,AUT,2004,1.1928630298562197,1.20406896354754,1.2009679720088497,0.05,0.039999999999999994,1.0083333333333333,0.0,0.38423703823770794
Austria,AUT,2005,1.206984626717773,1.2181082677545012,1.2151649156494218,0.05,0.039999999999999994,1.0083333333333333,0.0,0.38423703823770794
Austria,AUT,2006,1.2263713240787029,1.2375691779340467,1.234586488806583,0.05,0.039999999999999994,1.0083333333333333,0.0,0.38423703823770794
Austria,AUT,2007,1.2449574061106121,1.2564202440456835,1.2532483256522582,0.05,0.039999999999999994,1.0083333333333333,0.0,0.38423703823770794
Austria,AUT,2008,1.2385402864131576,1.251213081428574,1.2475040964937998,0.05,0.039999999999999994,1.0083333333333333,0.0,0.38423703823770794
Austria,AUT,2009,1.2066440644814742,1.2205076683846112,1.2160886958645252,0.05,0.039999999999999994,1.0083333333333333,0.0,0.38423703823770794
Austria,AUT,2010,1.2117082779745836,1.22500496938442,1.2203094017946858,0.05,0.039999999999999994,1.0083333333333333,0.0,0.38423703823770794
Austria,AUT,2011,1.218976694002997,1.2320099296086973,1.2271706972425456,0.05,0.039999999999999994,1.0083333333333333,0.0,0.38423703823770794
Austria,AUT,2012,1.2167223287831481,1.2311299974509131,1.225726079402877,0.05,0.039999999999999994,1.0083333333333333,0.0,0.38423703823770794
Austria,AUT,2013,1.2093913494887412,1.2251567826058816,1.2189812027063036,0.05,0.039999999999999994,1.0083333333333333,0.0,0.38423703823770794
Austria,AUT,2014,1.2043635354987021,1.2206996374763666,1.2138915564294894,0.05,0.039999999999999994,1.0083333333333333,0.0,0.38423703823770794
Austria,AUT,2015,1.2104224919494433,1.2263024688772086,1.219252661203888,0.05,0.039999999999999994,1.0083333333333333,0.0,0.38423703823770794
Austria,AUT,2016,1.2100224123457846,1.2257326207820265,1.2185532264766374,0.05,0.039999999999999994,1.0083333333333333,0.0,0.38423703823770794
Austria,AUT,2017,1.217067287225774,1.2332181764527181,1.2257739737767634,0.05,0.039999999999999994,1.0083333333333333,0.0,0.38423703823770794
Austria,AUT,2018,1.218277228813382,1.2352838004112687,1.227375998118383,0.05,0.039999999999999994,1.0083333333333333,0.0,0.38423703823770794
Austria,AUT,2019,1.2141155740161045,1.232107918419815,1.2235957821239776,0.05,0.039999999999999994,1.0083333333333333,0.0,0.38423703823770794
Belgium,BEL,1950,0.43512898139226497,0.43512898139226497,0.9084398944100602,0.05,0.039999999999999994,6.0,0.2,0.36879603437014985
Belgium,BEL,1951,0.46753530032332513,0.46895268032120274,0.9527993768196916,0.05,0.039999999999999994,6.0,0.2,0.36879603437014985
Belgium,BEL,1952,0.4856875148468749,0.4873433733303658,0.980668023235495,0.05,0.039999999999999994,6.0,0.2,0.36879603437014985
Belgium,BEL,1953,0.5126108215730598,0.514298840525699,1.0150002945958296,0.05,0.039999999999999994,6.0,0.2,0.36879603437014985
Belgium,BEL,1954,0.5504652268686163,0.5521765696908076,1.0579608211312772,0.05,0.039999999999999994,6.0,0.2,0.36879603437014985
Belgium,BEL,1955,0.5778811591794852,0.5799324150076828,1.0896430485921051,0.05,0.039999999999999994,6.0,0.2,0.36879603437014985
Belgium,BEL,1956,0.6049173186586803,0.6068661613124036,1.1152756821622978,0.05,0.039999999999999994,6.0,0.2,0.36879603437014985
Belgium,BEL,1957,0.6135918251086157,0.6161673901361153,1.1244632904097465,0.05,0.039999999999999994,6.0,0.2,0.36879603437014985
Belgium,BEL,1958,0.6092556932086106,0.6119703859661945,1.115608704721621,0.05,0.039999999999999994,6.0,0.2,0.36879603437014985
Belgium,BEL,1959,0.6466691021383157,0.6484695841662917,1.146034413111297,0.05,0.039999999999999994,6.0,0.2,0.36879603437014985
Belgium,BEL,1960,0.682785572110455,0.6851302443785112,1.1825489057535474,0.05,0.039999999999999994,6.0,0.2,0.36879603437014985
Belgium,BEL,1961,0.7218100054617462,0.7250997757222271,1.2175960629641098,0.05,0.039999999999999994,6.0,0.2,0.36879603437014985
Belgium,BEL,1962,0.7569023946648246,0.7610297007610409,1.2496115837503177,0.05,0.039999999999999994,6.0,0.2,0.36879603437014985
Belgium,BEL,1963,0.7892367694630513,0.7934045654556598,1.274738648544902,0.05,0.039999999999999994,6.0,0.2,0.36879603437014985
Belgium,BEL,1964,0.8427488195539308,0.8468892413696505,1.3216906550047915,0.05,0.039999999999999994,6.0,0.2,0.36879603437014985
Belgium,BEL,1965,0.8650448085185953,0.8708560708655142,1.3374118920489204,0.05,0.039999999999999994,6.0,0.2,0.36879603437014985
Belgium,BEL,1966,0.8816472201295174,0.8877974668129864,1.3479714812266184,0.05,0.039999999999999994,6.0,0.2,0.36879603437014985
Belgium,BEL,1967,0.9107196734170255,0.9175395807815763,1.3701978869232532,0.05,0.039999999999999994,6.0,0.2,0.36879603437014985
Belgium,BEL,1968,0.9464176140137726,0.9531448707525536,1.3983102966620629,0.05,0.039999999999999994,6.0,0.2,0.36879603437014985
Belgium,BEL,1969,0.9863145767110861,0.9927849066575645,1.4331558926125196,0.05,0.039999999999999994,6.0,0.2,0.36879603437014985
Belgium,BEL,1970,1.039013271959539,1.0462960059536357,1.478297145866692,0.05,0.039999999999999994,6.0,0.2,0.36879603437014985
Belgium,BEL,1971,1.0560287551568264,1.0646351918336112,1.4914078403060973,0.05,0.039999999999999994,6.0,0.2,0.36879603437014985
Belgium,BEL,1972,1.1006854631908158,1.1094161012259507,1.527152290429561,0.05,0.039999999999999994,6.0,0.2,0.36879603437014985
Belgium,BEL,1973,1.147722414324786,1.1561721880666092,1.5662613427899412,0.05,0.039999999999999994,6.0,0.2,0.36879603437014985
Belgium,BEL,1974,1.1719494075951733,1.181547594052211,1.5847675438006545,0.05,0.039999999999999994,6.0,0.2,0.36879603437014985
Belgium,BEL,1975,1.1495123699931442,1.161793674162796,1.5561147394299448,0.05,0.039999999999999994,6.0,0.2,0.36879603437014985
Belgium,BEL,1976,1.187509206995105,1.1988581475245121,1.5911143593897377,0.05,0.039999999999999994,6.0,0.2,0.36879603437014985
Belgium,BEL,1977,1.185055632952296,1.1964046231418513,1.5827764116602951,0.05,0.039999999999999994,6.0,0.2,0.36879603437014985
Belgium,BEL,1978,1.1998561999789157,1.2107868941368167,1.5938744088660264,0.05,0.039999999999999994,6.0,0.2,0.36879603437014985
Belgium,BEL,1979,1.2049360288656477,1.2154739712951903,1.5969136942922906,0.05,0.039999999999999994,6.0,0.2,0.36879603437014985
Belgium,BEL,1980,1.240395542000308,1.2505006853115468,1.626866689123244,0.05,0.039999999999999994,6.0,0.2,0.36879603437014985
Belgium,BEL,1981,1.2385215883996779,1.2504803845920405,1.6172994849402333,0.05,0.039999999999999994,6.0,0.2,0.36879603437014985
Belgium,BEL,1982,1.243757944267191,1.2539537148485254,1.6135839101380984,0.05,0.039999999999999994,6.0,0.2,0.36879603437014985
Belgium,BEL,1983,1.2398851834872868,1.2481901737172594,1.6031162053983197,0.05,0.039999999999999994,6.0,0.2,0.36879603437014985
Belgium,BEL,1984,1.2450713026413052,1.2507021439140216,1.6055582735245957,0.05,0.039999999999999994,6.0,0.2,0.36879603437014985
Belgium,BEL,1985,1.2435038039638577,1.2490318937657827,1.6029529453643416,0.05,0.039999999999999994,6.0,0.2,0.36879603437014985
Belgium,BEL,1986,1.2526980237459302,1.2580067997419935,1.6085856147587623,0.05,0.039999999999999994,6.0,0.2,0.36879603437014985
Belgium,BEL,1987,1.2641482462644094,1.2695033636906636,1.6179392670693304,0.05,0.039999999999999994,6.0,0.2,0.36879603437014985
Belgium,BEL,1988,1.289337524242499,1.2955927750440432,1.645146009633343,0.05,0.039999999999999994,6.0,0.2,0.36879603437014985
Belgium,BEL,1989,1.3030561820283486,1.3118236147317681,1.6615523400028738,0.05,0.039999999999999994,6.0,0.2,0.36879603437014985
Belgium,BEL,1990,1.3044612487668,1.3159246012855146,1.66879444287884,0.05,0.039999999999999994,6.0,0.2,0.36879603437014985
Belgium,BEL,1991,1.3154899063022825,1.3291430887967781,1.679275105901862,0.05,0.039999999999999994,6.0,0.2,0.36879603437014985
Belgium,BEL,1992,1.3231053102273993,1.3371560041249246,1.6853970339207849,0.05,0.039999999999999994,6.0,0.2,0.36879603437014985
Belgium,BEL,1993,1.3182772885479492,1.3322958029727392,1.6749782399305473,0.05,0.039999999999999994,6.0,0.2,0.36879603437014985
Belgium,BEL,1994,1.3365578814568924,1.3500082894389918,1.6940560573914785,0.05,0.039999999999999994,6.0,0.2,0.36879603437014985
Belgium,BEL,1995,1.324654041389671,1.3376077834797764,1.689331468356627,0.05,0.039999999999999994,6.0,0.2,0.36879603437014985
Belgium,BEL,1996,1.3334238283134852,1.3460912467493618,1.693795383629515,0.05,0.039999999999999994,6.0,0.2,0.36879603437014985
Belgium,BEL,1997,1.349428974675269,1.3614953473612008,1.7107468377147366,0.05,0.039999999999999994,6.0,0.2,0.36879603437014985
Belgium,BEL,1998,1.342109252598143,1.3536426219895992,1.7042722070050313,0.05,0.039999999999999994,6.0,0.2,0.36879603437014985
Belgium,BEL,1999,1.3582136287268272,1.3687531693759771,1.7181482692615684,0.05,0.039999999999999994,6.0,0.2,0.36879603437014985
Belgium,BEL,2000,1.3654740210304661,1.3757918960876054,1.7257287341617977,0.05,0.039999999999999994,6.0,0.2,0.36879603437014985
Belgium,BEL,2001,1.3590910472131723,1.369697859157407,1.716154735007272,0.05,0.039999999999999994,6.0,0.2,0.36879603437014985
Belgium,BEL,2002,1.359082465541765,1.3693354970798142,1.7118757782888556,0.05,0.039999999999999994,6.0,0.2,0.36879603437014985
Belgium,BEL,2003,1.3593085002382503,1.3679321981287957,1.7082554206022067,0.05,0.039999999999999994,6.0,0.2,0.36879603437014985
Belgium,BEL,2004,1.3824491984289669,1.3905676430157037,1.7308440978684598,0.05,0.039999999999999994,6.0,0.2,0.36879603437014985
Belgium,BEL,2005,1.3879182578742455,1.3979330699273778,1.7393390278233434,0.05,0.039999999999999994,6.0,0.2,0.36879603437014985
Belgium,BEL,2006,1.389862941254627,1.4023403575448103,1.745189561789446,0.05,0.039999999999999994,6.0,0.2,0.36879603437014985
Belgium,BEL,2007,1.4036347962007154,1.4184199411740641,1.7617351060757058,0.05,0.039999999999999994,6.0,0.2,0.36879603437014985
Belgium,BEL,2008,1.3891719097102522,1.4066096224468483,1.7482366808360137,0.05,0.039999999999999994,6.0,0.2,0.36879603437014985
Belgium,BEL,2009,1.3644092817670233,1.3845684517973504,1.718997132107301,0.05,0.039999999999999994,6.0,0.2,0.36879603437014985
Belgium,BEL,2010,1.378280361487647,1.397113027154477,1.7292856812156483,0.05,0.039999999999999994,6.0,0.2,0.36879603437014985
Belgium,BEL,2011,1.3718203953921027,1.391024186208111,1.7219655293050824,0.05,0.039999999999999994,6.0,0.2,0.36879603437014985
Belgium,BEL,2012,1.365206885976348,1.385764265596901,1.7110351278345521,0.05,0.039999999999999994,6.0,0.2,0.36879603437014985
Belgium,BEL,2013,1.3593697116216026,1.3807361688651625,1.6984790549713478,0.05,0.039999999999999994,6.0,0.2,0.36879603437014985
Belgium,BEL,2014,1.3631590693006705,1.383611235038753,1.6951866763292727,0.05,0.039999999999999994,6.0,0.2,0.36879603437014985
Belgium,BEL,2015,1.3699247942948594,1.3900541411847263,1.6959477717658942,0.05,0.039999999999999994,6.0,0.2,0.36879603437014985
Belgium,BEL,2016,1.3641698299504545,1.3842807569120623,1.6853471779711584,0.05,0.039999999999999994,6.0,0.2,0.36879603437014985
Belgium,BEL,2017,1.3566443764588332,1.3769499260683755,1.6742999073154636,0.05,0.039999999999999994,6.0,0.2,0.36879603437014985
Belgium,BEL,2018,1.3525006042451047,1.3731867495432546,1.6652973954736794,0.05,0.039999999999999994,6.0,0.2,0.36879603437014985
Belgium,BEL,2019,1.3462917882789265,1.3679850743522897,1.653716662066525,0.05,0.039999999999999994,6.0,0.2,0.36879603437014985
Canada,CAN,1950,0.9259047434003955,0.9259047434003955,1.5531304858440915,0.05,0.08,0.5091666666666667,0.06,0.292327287367412
Canada,CAN,1951,0.9387704155624164,0.9411644585478509,1.5776913967933517,0.05,0.08,0.5091666666666667,0.06,0.292327287367412
Canada,CAN,1952,1.0001272199403637,1.0032462674044105,1.6449372778605875,0.05,0.08,0.5091666666666667,0.06,0.292327287367412
Canada,CAN,1953,1.0282165782565365,1.031498036849472,1.6765275057941018,0.05,0.08,0.5091666666666667,0.06,0.292327287367412
Canada,CAN,1954,1.0064316528664143,1.0103830773279032,1.657357592324769,0.05,0.08,0.5091666666666667,0.06,0.292327287367412
Canada,CAN,1955,1.0794112109234364,1.082445261137825,1.731049301941133,0.05,0.08,0.5091666666666667,0.06,0.292327287367412
Canada,CAN,1956,1.1266952660161857,1.1306242211831856,1.7815695615660525,0.05,0.08,0.5091666666666667,0.06,0.292327287367412
Canada,CAN,1957,1.1287289442662205,1.135037289781164,1.7854779469822981,0.05,0.08,0.5091666666666667,0.06,0.292327287367412
Canada,CAN,1958,1.1529039676091877,1.1596170131432686,1.8074796326129343,0.05,0.08,0.5091666666666667,0.06,0.292327287367412
Canada,CAN,1959,1.1664732102478306,1.1724355845319137,1.8215100170407128,0.05,0.08,0.5091666666666667,0.06,0.292327287367412
Canada,CAN,1960,1.1875912852016342,1.1939137217372853,1.8425752287243302,0.05,0.08,0.5091666666666667,0.06,0.292327287367412
Canada,CAN,1961,1.2042867271775242,1.210421184698606,1.8610603401521404,0.05,0.08,0.5091666666666667,0.06,0.292327287367412
Canada,CAN,1962,1.238138644752432,1.2434375420309323,1.8984630740181858,0.05,0.08,0.5091666666666667,0.06,0.292327287367412
Canada,CAN,1963,1.2617048373387707,1.2671033287509044,1.9254271038772632,0.05,0.08,0.5091666666666667,0.06,0.292327287367412
Canada,CAN,1964,1.2882831320434596,1.2940613749214984,1.9562619586259764,0.05,0.08,0.5091666666666667,0.06,0.292327287367412
Canada,CAN,1965,1.3102602954231335,1.3172108321851708,1.9829531713823139,0.05,0.08,0.5091666666666667,0.06,0.292327287367412
Canada,CAN,1966,1.3414540174051828,1.3507502739274608,2.018471759090925,0.05,0.08,0.5091666666666667,0.06,0.292327287367412
Canada,CAN,1967,1.3376667568917204,1.349112072498964,2.0180134414429967,0.05,0.08,0.5091666666666667,0.06,0.292327287367412
Canada,CAN,1968,1.3790033125884493,1.3901732153700594,2.0601162396938024,0.05,0.08,0.5091666666666667,0.06,0.292327287367412
Canada,CAN,1969,1.3982035085176108,1.4093415116190968,2.0824815316579555,0.05,0.08,0.5091666666666667,0.06,0.292327287367412
Canada,CAN,1970,1.4129053146907147,1.4250992236482283,2.09911046727653,0.05,0.08,0.5091666666666667,0.06,0.292327287367412
Canada,CAN,1971,1.4247081593209705,1.436488677178331,2.1143928296155527,0.05,0.08,0.5091666666666667,0.06,0.292327287367412
Canada,CAN,1972,1.4371323902807784,1.4494652395948115,2.1321813433026824,0.05,0.08,0.5091666666666667,0.06,0.292327287367412
Canada,CAN,1973,1.4504753956463183,1.4637133250489995,2.151812472656931,0.05,0.08,0.5091666666666667,0.06,0.292327287367412
Canada,CAN,1974,1.4293896458526794,1.444587536084991,2.1371248868962605,0.05,0.08,0.5091666666666667,0.06,0.292327287367412
Canada,CAN,1975,1.4213694227824902,1.439720334817851,2.1332521902701593,0.05,0.08,0.5091666666666667,0.06,0.292327287367412
Canada,CAN,1976,1.4508493033191838,1.471029844537159,2.166812614996485,0.05,0.08,0.5091666666666667,0.06,0.292327287367412
Canada,CAN,1977,1.4582715425112998,1.479881654457932,2.177964274564302,0.05,0.08,0.5091666666666667,0.06,0.292327287367412
Canada,CAN,1978,1.452478310054202,1.4743749550599095,2.177011363215814,0.05,0.08,0.5091666666666667,0.06,0.292327287367412
Canada,CAN,1979,1.4364306866061636,1.457942443373689,2.1667791965726417,0.05,0.08,0.5091666666666667,0.06,0.292327287367412
Canada,CAN,1980,1.4213932705861119,1.4441579563229539,2.1570508370815373,0.05,0.08,0.5091666666666667,0.06,0.292327287367412
Canada,CAN,1981,1.4245882305626516,1.4472680754035068,2.1632576919370354,0.05,0.08,0.5091666666666667,0.06,0.292327287367412
Canada,CAN,1982,1.4078083969712294,1.4314005276062156,2.146109695010373,0.05,0.08,0.5091666666666667,0.06,0.292327287367412
Canada,CAN,1983,1.4182406842999313,1.438245563098734,2.15785966677939,0.05,0.08,0.5091666666666667,0.06,0.292327287367412
Canada,CAN,1984,1.439515928537828,1.4576355505330891,2.183702320112655,0.05,0.08,0.5091666666666667,0.06,0.292327287367412
Canada,CAN,1985,1.4434984201124683,1.4613732672924966,2.193028669709742,0.05,0.08,0.5091666666666667,0.06,0.292327287367412
Canada,CAN,1986,1.4252311616740974,1.4439388490052538,2.179775960688602,0.05,0.08,0.5091666666666667,0.06,0.292327287367412
Canada,CAN,1987,1.4242398060682566,1.443731253175753,2.183721008469793,0.05,0.08,0.5091666666666667,0.06,0.292327287367412
Canada,CAN,1988,1.4264036753619695,1.4469413454980042,2.19071745556527,0.05,0.08,0.5091666666666667,0.06,0.292327287367412
Canada,CAN,1989,1.4193650027235831,1.4418689078429265,2.187668652945532,0.05,0.08,0.5091666666666667,0.06,0.292327287367412
Canada,CAN,1990,1.4038495617183768,1.4274850415486666,2.1746781116956964,0.05,0.08,0.5091666666666667,0.06,0.292327287367412
Canada,CAN,1991,1.3894944109114178,1.4118404984698039,2.1603445725804535,0.05,0.08,0.5091666666666667,0.06,0.292327287367412
Canada,CAN,1992,1.3935860427693703,1.4139569247761523,2.1662413268243963,0.05,0.08,0.5091666666666667,0.06,0.292327287367412
Canada,CAN,1993,1.4033415159098377,1.4214207018820213,2.1791414300368626,0.05,0.08,0.5091666666666667,0.06,0.292327287367412
Canada,CAN,1994,1.415852047730847,1.4329040976654985,2.1966226488273204,0.05,0.08,0.5091666666666667,0.06,0.292327287367412
Canada,CAN,1995,1.418455263754053,1.4353479455276208,2.203449482068904,0.05,0.08,0.5091666666666667,0.06,0.292327287367412
Canada,CAN,1996,1.4099359018151372,1.4263301454653625,2.198874805599652,0.05,0.08,0.5091666666666667,0.06,0.292327287367412
Canada,CAN,1997,1.4276599581011897,1.4432687178957053,2.220520413057508,0.05,0.08,0.5091666666666667,0.06,0.292327287367412
Canada,CAN,1998,1.4377949894915858,1.4544134094121386,2.235318763479028,0.05,0.08,0.5091666666666667,0.06,0.292327287367412
Canada,CAN,1999,1.4562333390378885,1.473528337487652,2.2575644441373424,0.05,0.08,0.5091666666666667,0.06,0.292327287367412
Canada,CAN,2000,1.4799652241374321,1.497880580826303,2.2842289578903907,0.05,0.08,0.5091666666666667,0.06,0.292327287367412
Canada,CAN,2001,1.4854521571485577,1.5043110830606565,2.2894219643020737,0.05,0.08,0.5091666666666667,0.06,0.292327287367412
Canada,CAN,2002,1.4957004593151613,1.5146290901879649,2.2991166558158636,0.05,0.08,0.5091666666666667,0.06,0.292327287367412
Canada,CAN,2003,1.4915936635423037,1.5107453834478548,2.2956130582409964,0.05,0.08,0.5091666666666667,0.06,0.292327287367412
Canada,CAN,2004,1.494430738483592,1.5143429063122333,2.300173921736395,0.05,0.08,0.5091666666666667,0.06,0.292327287367412
Canada,CAN,2005,1.5063522326773509,1.5274257294969935,2.3131948239300693,0.05,0.08,0.5091666666666667,0.06,0.292327287367412
Canada,CAN,2006,1.5077443091450444,1.5305346253968803,2.3164825918501393,0.05,0.08,0.5091666666666667,0.06,0.292327287367412
Canada,CAN,2007,1.499020713991392,1.5235729571767749,2.310219362797894,0.05,0.08,0.5091666666666667,0.06,0.292327287367412
Canada,CAN,2008,1.4861232744029316,1.5118060212047766,2.2993514333706067,0.05,0.08,0.5091666666666667,0.06,0.292327287367412
Canada,CAN,2009,1.4684367364372157,1.4945854412855937,2.2810877564272323,0.05,0.08,0.5091666666666667,0.06,0.292327287367412
Canada,CAN,2010,1.4745022399931589,1.4991936149181182,2.2894215264032063,0.05,0.08,0.5091666666666667,0.06,0.292327287367412
Canada,CAN,2011,1.4848350450869443,1.5092466422131423,2.3014409714292166,0.05,0.08,0.5091666666666667,0.06,0.292327287367412
Canada,CAN,2012,1.4814679922506766,1.506030491110236,2.2998516875995456,0.05,0.08,0.5091666666666667,0.06,0.292327287367412
Canada,CAN,2013,1.4868972988375226,1.512154315468905,2.306863148865612,0.05,0.08,0.5091666666666667,0.06,0.292327287367412
Canada,CAN,2014,1.5022109113725222,1.5285483668593898,2.3235853027564337,0.05,0.08,0.5091666666666667,0.06,0.292327287367412
Canada,CAN,2015,1.4901298735445163,1.516735953012713,2.3127659984213143,0.05,0.08,0.5091666666666667,0.06,0.292327287367412
Canada,CAN,2016,1.486778482826585,1.5122932635756658,2.3100937052925596,0.05,0.08,0.5091666666666667,0.06,0.292327287367412
Canada,CAN,2017,1.502416700789949,1.5260345868455918,2.3263637655283826,0.05,0.08,0.5091666666666667,0.06,0.292327287367412
Canada,CAN,2018,1.5087821798058627,1.5312974786378213,2.334241154473643,0.05,0.08,0.5091666666666667,0.06,0.292327287367412
Canada,CAN,2019,1.514772117825153,1.5362240811897898,2.3408543795169843,0.05,0.08,0.5091666666666667,0.06,0.292327287367412
Chile,CHL,1951,0.014346948565273188,0.014346948565273188,0.014346948565273188,0.05,0.12,6.0,0.0,0.5306073116219562
Chile,CHL,1952,0.05335225621385842,0.05612965109771473,0.06951302989442798,0.05,0.12,6.0,0.0,0.5306073116219562
Chile,CHL,1953,0.13312067105148628,0.13647659203738272,0.16131260297918626,0.05,0.12,6.0,0.0,0.5306073116219562
Chile,CHL,1954,0.061579991113870136,0.06702900138260492,0.10466131323144623,0.05,0.12,6.0,0.0,0.5306073116219562
Chile,CHL,1955,0.1053593133246995,0.10841768598947255,0.1523294895820131,0.05,0.12,6.0,0.0,0.5306073116219562
Chile,CHL,1956,0.10073332594247475,0.10493414147674596,0.1548725228768344,0.05,0.12,6.0,0.0,0.5306073116219562
Chile,CHL,1957,0.16188581797089796,0.1674861370308518,0.22295878553224746,0.05,0.12,6.0,0.0,0.5306073116219562
Chile,CHL,1958,0.19507973421553082,0.20099077280965183,0.26041475004778736,0.05,0.12,6.0,0.0,0.5306073116219562
Chile,CHL,1959,0.16645105548928374,0.17274873319575246,0.23483765409034874,0.05,0.12,6.0,0.0,0.5306073116219562
Chile,CHL,1960,0.25539603081236173,0.2609936627272038,0.3240505920290966,0.05,0.12,6.0,0.0,0.5306073116219562
Chile,CHL,1961,0.2810243195027198,0.28997346218307296,0.3546502382458323,0.05,0.12,6.0,0.0,0.5306073116219562
Chile,CHL,1962,0.301043622952208,0.314018946649842,0.3807760868628618,0.05,0.12,6.0,0.0,0.5306073116219562
Chile,CHL,1963,0.35032847757669394,0.36122563407660646,0.4278287533389822,0.05,0.12,6.0,0.0,0.5306073116219562
Chile,CHL,1964,0.3484409191309128,0.36103912933799087,0.42718386719020174,0.05,0.12,6.0,0.0,0.5306073116219562
Chile,CHL,1965,0.3243087543714145,0.340826626178095,0.40721814144236745,0.05,0.12,6.0,0.0,0.5306073116219562
Chile,CHL,1966,0.3960123875357464,0.4148975532952788,0.4814454495838625,0.05,0.12,6.0,0.0,0.5306073116219562
Chile,CHL,1967,0.42373862903898996,0.45118248852118015,0.519357431712927,0.05,0.12,6.0,0.0,0.5306073116219562
Chile,CHL,1968,0.40704350972936343,0.4359788238290374,0.5048374996570928,0.05,0.12,6.0,0.0,0.5306073116219562
Chile,CHL,1969,0.4035431848962743,0.4348361642049037,0.5038940758625898,0.05,0.12,6.0,0.0,0.5306073116219562
Chile,CHL,1970,0.4216351350589065,0.45495031115664286,0.5237474100364876,0.05,0.12,6.0,0.0,0.5306073116219562
Chile,CHL,1971,0.43820666829890786,0.4749805973478045,0.5433451335979562,0.05,0.12,6.0,0.0,0.5306073116219562
Chile,CHL,1972,0.3774357513058133,0.4144125972764856,0.48165379005861286,0.05,0.12,6.0,0.0,0.5306073116219562
Chile,CHL,1973,0.30243291574075926,0.33265159378051834,0.397307093018485,0.05,0.12,6.0,0.0,0.5306073116219562
Chile,CHL,1974,0.3155819857034148,0.3388323831918232,0.4000442876809531,0.05,0.12,6.0,0.0,0.5306073116219562
Chile,CHL,1975,0.15385387637099424,0.18593399763104212,0.2449825138910775,0.05,0.12,6.0,0.0,0.5306073116219562
Chile,CHL,1976,0.16607882749634584,0.19014510434163867,0.246071788529858,0.05,0.12,6.0,0.0,0.5306073116219562
Chile,CHL,1977,0.23432061733067755,0.2521790133070976,0.30464079402280486,0.05,0.12,6.0,0.0,0.5306073116219562
Chile,CHL,1978,0.2905113049612895,0.3058381034941595,0.3550360329444855,0.05,0.12,6.0,0.0,0.5306073116219562
Chile,CHL,1979,0.3382502326715455,0.3551971486687986,0.40164159056865056,0.05,0.12,6.0,0.0,0.5306073116219562
Chile,CHL,1980,0.3610346209846593,0.38447411426143674,0.42899361118473855,0.05,0.12,6.0,0.0,0.5306073116219562
Chile,CHL,1981,0.37024400184375583,0.4059514509814326,0.44942638935085544,0.05,0.12,6.0,0.0,0.5306073116219562
Chile,CHL,1982,0.22928081258707778,0.27898805861929254,0.32208870384011057,0.05,0.12,6.0,0.0,0.5306073116219562
Chile,CHL,1983,0.16825013489774676,0.20809152745636972,0.24992595551815278,0.05,0.12,6.0,0.0,0.5306073116219562
Chile,CHL,1984,0.19055447090580024,0.21972070957007084,0.25974856112960776,0.05,0.12,6.0,0.0,0.5306073116219562
Chile,CHL,1985,0.16245882447693027,0.19292335664944282,0.23132215516735855,0.05,0.12,6.0,0.0,0.5306073116219562
Chile,CHL,1986,0.170510385473837,0.19860225841519963,0.23529838276599246,0.05,0.12,6.0,0.0,0.5306073116219562
Chile,CHL,1987,0.19697691511366777,0.22461502886211182,0.25962730902558384,0.05,0.12,6.0,0.0,0.5306073116219562
Chile,CHL,1988,0.22621130499000408,0.25873068802183674,0.2923667085535637,0.05,0.12,6.0,0.0,0.5306073116219562
Chile,CHL,1989,0.27969547384324134,0.3178920702713972,0.350251831318384,0.05,0.12,6.0,0.0,0.5306073116219562
Chile,CHL,1990,0.2640512521306997,0.31275840012698986,0.34398797994083363,0.05,0.12,6.0,0.0,0.5306073116219562
Chile,CHL,1991,0.3074213960675678,0.3649072545286911,0.395039486503884,0.05,0.12,6.0,0.0,0.5306073116219562
Chile,CHL,1992,0.37277451064201017,0.43706377216334147,0.4660695942149262,0.05,0.12,6.0,0.0,0.5306073116219562
Chile,CHL,1993,0.3948927822861785,0.4704978380347429,0.49840299154853174,0.05,0.12,6.0,0.0,0.5306073116219562
Chile,CHL,1994,0.4049659214064194,0.4965706440400357,0.5234042799907703,0.05,0.12,6.0,0.0,0.5306073116219562
Chile,CHL,1995,0.45521844808665435,0.5556577159311971,0.5813231299381947,0.05,0.12,6.0,0.0,0.5306073116219562
Chile,CHL,1996,0.4582926124818405,0.5738940196391367,0.5982213442845072,0.05,0.12,6.0,0.0,0.5306073116219562
Chile,CHL,1997,0.46973532860744616,0.5975958255018696,0.6203842654781253,0.05,0.12,6.0,0.0,0.5306073116219562
Chile,CHL,1998,0.4310877088761176,0.5690763029088011,0.5901655940602417,0.05,0.12,6.0,0.0,0.5306073116219562
Chile,CHL,1999,0.38241196220041473,0.5253898143056732,0.5446601997451914,0.05,0.12,6.0,0.0,0.5306073116219562
Chile,CHL,2000,0.38219653846330903,0.5172937255537597,0.5347683688412301,0.05,0.12,6.0,0.0,0.5306073116219562
Chile,CHL,2001,0.37663787592105535,0.508089733877128,0.5238328406759711,0.05,0.12,6.0,0.0,0.5306073116219562
Chile,CHL,2002,0.3521467788905701,0.479622534825384,0.49373599185505856,0.05,0.12,6.0,0.0,0.5306073116219562
Chile,CHL,2003,0.3460745826045155,0.4693392964694505,0.4819466453643324,0.05,0.12,6.0,0.0,0.5306073116219562
Chile,CHL,2004,0.3729768619189757,0.4921772368188524,0.503408351870279,0.05,0.12,6.0,0.0,0.5306073116219562
Chile,CHL,2005,0.40179152983616717,0.5163577581249665,0.5263552367131554,0.05,0.12,6.0,0.0,0.5306073116219562
Chile,CHL,2006,0.41121012203993423,0.5252076391131482,0.5340316504191405,0.05,0.12,6.0,0.0,0.5306073116219562
Chile,CHL,2007,0.4237452107537498,0.5351891103168835,0.542923555720054,0.05,0.12,6.0,0.0,0.5306073116219562
Chile,CHL,2008,0.4300879076567137,0.5390503097369717,0.5457792730220588,0.05,0.12,6.0,0.0,0.5306073116219562
Chile,CHL,2009,0.377389959321607,0.49358619736239184,0.4991424491241636,0.05,0.12,6.0,0.0,0.5306073116219562
Chile,CHL,2010,0.4026070864007112,0.5112956962122484,0.5158811868179587,0.05,0.12,6.0,0.0,0.5306073116219562
Chile,CHL,2011,0.4244773702911697,0.5314499347401007,0.5350923547859514,0.05,0.12,6.0,0.0,0.5306073116219562
Chile,CHL,2012,0.43564684962826306,0.5438225466560773,0.5464727909747316,0.05,0.12,6.0,0.0,0.5306073116219562
Chile,CHL,2013,0.43524735889418587,0.5470014996249599,0.5485938526383514,0.05,0.12,6.0,0.0,0.5306073116219562
Chile,CHL,2014,0.4262247591085986,0.5376975261389152,0.5382787034005574,0.05,0.12,6.0,0.0,0.5306073116219562
Chile,CHL,2015,0.4205080892562991,0.5267358253791601,0.5265077541270982,0.05,0.12,6.0,0.0,0.5306073116219562
Chile,CHL,2016,0.41326180960704306,0.516279031292858,0.5153600511553984,0.05,0.12,6.0,0.0,0.5306073116219562
Chile,CHL,2017,0.40459586580360885,0.502955569601669,0.501502724834685,0.05,0.12,6.0,0.0,0.5306073116219562
Chile,CHL,2018,0.42206422331315707,0.5166424898320416,0.5147728198407364,0.05,0.12,6.0,0.0,0.5306073116219562
Chile,CHL,2019,0.4105132677090211,0.5032431942514197,0.5009722242239123,0.05,0.12,6.0,0.0,0.5306073116219562
China,CHN,1952,0.249504899722222,0.249504899722222,1.4520283499626045,5.0,-0.08,0.01,0.34,0.4143631107666913
China,CHN,1953,0.2599861671939383,0.3464850722919497,1.468633497696319,5.0,-0.08,0.01,0.34,0.4143631107666913
China,CHN,1954,0.08477942640358904,0.22938090796172528,1.292326241806951,5.0,-0.08,0.01,0.34,0.4143631107666913
China,CHN,1955,0.09204481410627174,0.26218302189236287,1.3052896320279572,5.0,-0.08,0.01,0.34,0.4143631107666913
China,CHN,1956,0.09310963164411312,0.2744353906202681,1.3109551727719655,5.0,-0.08,0.01,0.34,0.4143631107666913
China,CHN,1957,0.04785921683628125,0.2329318699522709,1.2683327039567365,5.0,-0.08,0.01,0.34,0.4143631107666913
China,CHN,1958,-0.020942414391486253,0.1616287613117917,1.216641008285527,5.0,-0.08,0.01,0.34,0.4143631107666913
China,CHN,1959,-0.1207673115795389,0.05869513812834448,1.1238899583992255,5.0,-0.08,0.01,0.34,0.4143631107666913
China,CHN,1960,-0.20596975277547802,-0.030487587201203148,1.0249570528790617,5.0,-0.08,0.01,0.34,0.4143631107666913
China,CHN,1961,-0.43951999941432174,-0.2799064189417573,0.7850296280168632,5.0,-0.08,0.01,0.34,0.4143631107666913
China,CHN,1962,-0.3934939154392474,-0.2609090254175168,0.8415598769198573,5.0,-0.08,0.01,0.34,0.4143631107666913
China,CHN,1963,-0.2787975098928763,-0.16945354167840154,0.9706579876382748,5.0,-0.08,0.01,0.34,0.4143631107666913
China,CHN,1964,-0.18604906318146686,-0.08967841323870207,1.0757840701354917,5.0,-0.08,0.01,0.34,0.4143631107666913
China,CHN,1965,-0.12094185559028858,-0.03204647580887876,1.1458393591933427,5.0,-0.08,0.01,0.34,0.4143631107666913
China,CHN,1966,-0.1400456432089614,-0.05265516249470803,1.12929799538405,5.0,-0.08,0.01,0.34,0.4143631107666913
China,CHN,1967,-0.19672181756386298,-0.10985878573902408,1.0813292254057125,5.0,-0.08,0.01,0.34,0.4143631107666913
China,CHN,1968,-0.27690337841588253,-0.19591846170374172,1.01194020086735,5.0,-0.08,0.01,0.34,0.4143631107666913
China,CHN,1969,-0.23406887662454512,-0.15937828064806947,1.070623037982343,5.0,-0.08,0.01,0.34,0.4143631107666913
China,CHN,1970,-0.1374380509272859,-0.06533458408780923,1.1651893238739843,5.0,-0.08,0.01,0.34,0.4143631107666913
China,CHN,1971,-0.11565208164890173,-0.03934599933169736,1.1930031980687161,5.0,-0.08,0.01,0.34,0.4143631107666913
China,CHN,1972,-0.18154194136583968,-0.10122787155642143,1.1267535945466665,5.0,-0.08,0.01,0.34,0.4143631107666913
China,CHN,1973,-0.1526392765083262,-0.07846621677980359,1.157996900109295,5.0,-0.08,0.01,0.34,0.4143631107666913
China,CHN,1974,-0.18098097403717261,-0.10379104111562398,1.1329306988159158,5.0,-0.08,0.01,0.34,0.4143631107666913
China,CHN,1975,-0.16202159729149201,-0.08938072583716128,1.1567563258772866,5.0,-0.08,0.01,0.34,0.4143631107666913
China,CHN,1976,-0.24272934818863412,-0.17222612395300452,1.0785552987370628,5.0,-0.08,0.01,0.34,0.4143631107666913
China,CHN,1977,-0.22254873549474574,-0.1619988264703025,1.1051004345372428,5.0,-0.08,0.01,0.34,0.4143631107666913
China,CHN,1978,-0.15898300197016368,-0.09947059514394851,1.1743777183694077,5.0,-0.08,0.01,0.34,0.4143631107666913
China,CHN,1979,-0.14494933595251425,-0.07695909110283239,1.1902963648920317,5.0,-0.08,0.01,0.34,0.4143631107666913
China,CHN,1980,-0.15872993219495868,-0.08620941784043978,1.177033008016465,5.0,-0.08,0.01,0.34,0.4143631107666913
China,CHN,1981,-0.1836530515501913,-0.11386242497147414,1.1539397591498193,5.0,-0.08,0.01,0.34,0.4143631107666913
China,CHN,1982,-0.155902563411912,-0.08905653727198093,1.187870351903241,5.0,-0.08,0.01,0.34,0.4143631107666913
China,CHN,1983,-0.1321120774462745,-0.06805552735377951,1.207661990121725,5.0,-0.08,0.01,0.34,0.4143631107666913
China,CHN,1984,-0.07569754403669116,-0.01390800923860347,1.2598248276793633,5.0,-0.08,0.01,0.34,0.4143631107666913
China,CHN,1985,-0.054924110172267504,0.009654049396427666,1.2735765316405314,5.0,-0.08,0.01,0.34,0.4143631107666913
China,CHN,1986,-0.05538144459303318,0.02014484713275877,1.264314601289359,5.0,-0.08,0.01,0.34,0.4143631107666913
China,CHN,1987,-0.03313258424458887,0.04348213689076097,1.2768078149638864,5.0,-0.08,0.01,0.34,0.4143631107666913
China,CHN,1988,-0.05108579847466643,0.02534561855105899,1.251532038889644,5.0,-0.08,0.01,0.34,0.4143631107666913
China,CHN,1989,-0.11683062237263897,-0.03893652537004755,1.182961333729395,5.0,-0.08,0.01,0.34,0.4143631107666913
China,CHN,1990,-0.17748074629730404,-0.10018190170377217,1.1212009682770305,5.0,-0.08,0.01,0.34,0.4143631107666913
China,CHN,1991,-0.18837810398928134,-0.11897133700053253,1.1136217982710277,5.0,-0.08,0.01,0.34,0.4143631107666913
China,CHN,1992,-0.15813060443901072,-0.0949484561551941,1.1433796018935718,5.0,-0.08,0.01,0.34,0.4143631107666913
China,CHN,1993,-0.1057267824007262,-0.04589193892476118,1.1928852015783464,5.0,-0.08,0.01,0.34,0.4143631107666913
China,CHN,1994,-0.06625794222929571,-0.01076372829077421,1.2267062218819222,5.0,-0.08,0.01,0.34,0.4143631107666913
China,CHN,1995,-0.02420005424394489,0.030575043560226334,1.2623785195592285,5.0,-0.08,0.01,0.34,0.4143631107666913
China,CHN,1996,-0.01211132144874938,0.04605197726595378,1.266094457956505,5.0,-0.08,0.01,0.34,0.4143631107666913
China,CHN,1997,-0.015287873965379006,0.04300552416469294,1.2557929703225006,5.0,-0.08,0.01,0.34,0.4143631107666913
China,CHN,1998,-0.06491596686188572,-0.009981422373368076,1.191524617851519,5.0,-0.08,0.01,0.34,0.4143631107666913
China,CHN,1999,-0.0637247984465219,-0.014592123359911113,1.1827608059957204,5.0,-0.08,0.01,0.34,0.4143631107666913
China,CHN,2000,-0.03857977513549926,0.0057402521170075715,1.1867769643649364,5.0,-0.08,0.01,0.34,0.4143631107666913
China,CHN,2001,-0.011359260735416044,0.02995572627888876,1.1768326421237587,5.0,-0.08,0.01,0.34,0.4143631107666913
China,CHN,2002,0.03449420423421046,0.07572374614018784,1.1871571795049038,5.0,-0.08,0.01,0.34,0.4143631107666913
China,CHN,2003,0.06159844707002904,0.10215250750819216,1.172318564131623,5.0,-0.08,0.01,0.34,0.4143631107666913
China,CHN,2004,0.10079985365869959,0.14187267565357686,1.1732201480320064,5.0,-0.08,0.01,0.34,0.4143631107666913
China,CHN,2005,0.13754678004655396,0.1788791270521557,1.1679895931749424,5.0,-0.08,0.01,0.34,0.4143631107666913
China,CHN,2006,0.19781047102101113,0.23670261889096444,1.1775265680612592,5.0,-0.08,0.01,0.34,0.4143631107666913
China,CHN,2007,0.2551151898412449,0.29233207525449956,1.181702085763487,5.0,-0.08,0.01,0.34,0.4143631107666913
China,CHN,2008,0.26653092918594545,0.30288487975272993,1.1462979001074411,5.0,-0.08,0.01,0.34,0.4143631107666913
China,CHN,2009,0.29135119899082795,0.32576307108770486,1.1314331493016492,5.0,-0.08,0.01,0.34,0.4143631107666913
China,CHN,2010,0.3301797551201062,0.3623094043179673,1.1269672226015786,5.0,-0.08,0.01,0.34,0.4143631107666913
China,CHN,2011,0.33403743756750437,0.36319319013092866,1.0912240917361675,5.0,-0.08,0.01,0.34,0.4143631107666913
China,CHN,2012,0.3071334630332725,0.3326268703285127,1.0282305272250332,5.0,-0.08,0.01,0.34,0.4143631107666913
China,CHN,2013,0.3297418290578573,0.35153826761502494,1.015752548833944,5.0,-0.08,0.01,0.34,0.4143631107666913
China,CHN,2014,0.3488648098451943,0.3676992176074432,1.0002904107741912,5.0,-0.08,0.01,0.34,0.4143631107666913
China,CHN,2015,0.3434311450924472,0.35967285728927756,0.9616203723302896,5.0,-0.08,0.01,0.34,0.4143631107666913
China,CHN,2016,0.34626326304391064,0.36043211105773487,0.9361638406131152,5.0,-0.08,0.01,0.34,0.4143631107666913
China,CHN,2017,0.33832526942914676,0.350775894025281,0.9034681540986207,5.0,-0.08,0.01,0.34,0.4143631107666913
China,CHN,2018,0.3128625427033249,0.32387173411075665,0.8567129717125472,5.0,-0.08,0.01,0.34,0.4143631107666913
China,CHN,2019,0.31614559349762317,0.32590956993607456,0.8426947984467517,5.0,-0.08,0.01,0.34,0.4143631107666913
Colombia,COL,1950,0.16319760942696604,0.16319760942696604,0.5974356952599904,0.6000000000000001,0.0,0.75875,0.08,0.5218912414142063
Colombia,COL,1951,0.13684397025816875,0.1571658385568213,0.5977285445154576,0.6000000000000001,0.0,0.75875,0.08,0.5218912414142063
Colombia,COL,1952,0.15506488691345854,0.1806647644367354,0.6266310579143615,0.6000000000000001,0.0,0.75875,0.08,0.5218912414142063
Colombia,COL,1953,0.18455167607945633,0.21153201684359146,0.6613516946747162,0.6000000000000001,0.0,0.75875,0.08,0.5218912414142063
Colombia,COL,1954,0.2093478232977839,0.2374352598963494,0.6900374416534514,0.6000000000000001,0.0,0.75875,0.08,0.5218912414142063
Colombia,COL,1955,0.19572942262384085,0.22578607356968483,0.6806981684977709,0.6000000000000001,0.0,0.75875,0.08,0.5218912414142063
Colombia,COL,1956,0.16679248385691903,0.1965204526408213,0.6533009031088599,0.6000000000000001,0.0,0.75875,0.08,0.5218912414142063
Colombia,COL,1957,0.12101581693139263,0.1490992828056683,0.6077264640211713,0.6000000000000001,0.0,0.75875,0.08,0.5218912414142063
Colombia,COL,1958,0.08729743046105032,0.11182735544864819,0.5724322225589051,0.6000000000000001,0.0,0.75875,0.08,0.5218912414142063
Colombia,COL,1959,0.1159646594519721,0.13619750455222768,0.5988743771875762,0.6000000000000001,0.0,0.75875,0.08,0.5218912414142063
Colombia,COL,1960,0.1335136476200356,0.15242034970790463,0.6171084835652514,0.6000000000000001,0.0,0.75875,0.08,0.5218912414142063
Colombia,COL,1961,0.14638928734507672,0.1659947761453422,0.6321691248685051,0.6000000000000001,0.0,0.75875,0.08,0.5218912414142063
Colombia,COL,1962,0.15017220586909374,0.1697432197376374,0.6372350153964028,0.6000000000000001,0.0,0.75875,0.08,0.5218912414142063
Colombia,COL,1963,0.1420698543818384,0.15932346710352885,0.6277635963420334,0.6000000000000001,0.0,0.75875,0.08,0.5218912414142063
Colombia,COL,1964,0.182874243243087,0.1982823754167029,0.6678347285464934,0.6000000000000001,0.0,0.75875,0.08,0.5218912414142063
Colombia,COL,1965,0.15372733064095723,0.16953120335629723,0.6401212522537274,0.6000000000000001,0.0,0.75875,0.08,0.5218912414142063
Colombia,COL,1966,0.1677837957788766,0.18266818036033872,0.6553545046686122,0.6000000000000001,0.0,0.75875,0.08,0.5218912414142063
Colombia,COL,1967,0.16442557538380775,0.1796038580992878,0.6543447586407645,0.6000000000000001,0.0,0.75875,0.08,0.5218912414142063
Colombia,COL,1968,0.18683262950989654,0.20159711165719862,0.6784184251558032,0.6000000000000001,0.0,0.75875,0.08,0.5218912414142063
Colombia,COL,1969,0.20551275275072722,0.2214780102169991,0.7002933108363911,0.6000000000000001,0.0,0.75875,0.08,0.5218912414142063
Colombia,COL,1970,0.22766371047350997,0.24370999799284387,0.724415625736111,0.6000000000000001,0.0,0.75875,0.08,0.5218912414142063
Colombia,COL,1971,0.2382321202231914,0.2558270222909229,0.7383693105670384,0.6000000000000001,0.0,0.75875,0.08,0.5218912414142063
Colombia,COL,1972,0.2666463086955497,0.2841620539003431,0.7682554889053739,0.6000000000000001,0.0,0.75875,0.08,0.5218912414142063
Colombia,COL,1973,0.2905831749907568,0.3068349709074498,0.7910843558914595,0.6000000000000001,0.0,0.75875,0.08,0.5218912414142063
Colombia,COL,1974,0.30463086065748257,0.32066908519416426,0.8050148884808301,0.6000000000000001,0.0,0.75875,0.08,0.5218912414142063
Colombia,COL,1975,0.26914013801344794,0.2872866336355786,0.7738958920694659,0.6000000000000001,0.0,0.75875,0.08,0.5218912414142063
Colombia,COL,1976,0.27788130631412944,0.29300966525791594,0.7800747429679036,0.6000000000000001,0.0,0.75875,0.08,0.5218912414142063
Colombia,COL,1977,0.27530466017601896,0.28921725527976605,0.7778879039095896,0.6000000000000001,0.0,0.75875,0.08,0.5218912414142063
Colombia,COL,1978,0.3192985643671493,0.3336199099429864,0.8228967195273489,0.6000000000000001,0.0,0.75875,0.08,0.5218912414142063
Colombia,COL,1979,0.3337551084126069,0.3482474700756857,0.8377827056213283,0.6000000000000001,0.0,0.75875,0.08,0.5218912414142063
Colombia,COL,1980,0.3418818738620706,0.355657099080366,0.8447532416219747,0.6000000000000001,0.0,0.75875,0.08,0.5218912414142063
Colombia,COL,1981,0.3196800561221922,0.3336221872643659,0.8251333884875409,0.6000000000000001,0.0,0.75875,0.08,0.5218912414142063
Colombia,COL,1982,0.29402092228450805,0.3092991085799026,0.8016899400071726,0.6000000000000001,0.0,0.75875,0.08,0.5218912414142063
Colombia,COL,1983,0.281959155765267,0.2977810816108608,0.7902933281890023,0.6000000000000001,0.0,0.75875,0.08,0.5218912414142063
Colombia,COL,1984,0.2859912628035923,0.3009742718973234,0.7944093007892072,0.6000000000000001,0.0,0.75875,0.08,0.5218912414142063
Colombia,COL,1985,0.28326990402547914,0.2965533604115995,0.792082883839246,0.6000000000000001,0.0,0.75875,0.08,0.5218912414142063
Colombia,COL,1986,0.30586480187366405,0.3171029275575741,0.8153818737974676,0.6000000000000001,0.0,0.75875,0.08,0.5218912414142063
Colombia,COL,1987,0.31704770857245546,0.3274504521317567,0.8294598272292166,0.6000000000000001,0.0,0.75875,0.08,0.5218912414142063
Colombia,COL,1988,0.31915979448196286,0.3303684929633892,0.8350913717371466,0.6000000000000001,0.0,0.75875,0.08,0.5218912414142063
Colombia,COL,1989,0.3089312639807309,0.3208785972343984,0.8292411664216561,0.6000000000000001,0.0,0.75875,0.08,0.5218912414142063
Colombia,COL,1990,0.3209569829244536,0.33152945100081155,0.8417889540686487,0.6000000000000001,0.0,0.75875,0.08,0.5218912414142063
Colombia,COL,1991,0.2938270956533673,0.30299853892080897,0.8201513592313061,0.6000000000000001,0.0,0.75875,0.08,0.5218912414142063
Colombia,COL,1992,0.31327704556062574,0.3209511827617666,0.8411772622403633,0.6000000000000001,0.0,0.75875,0.08,0.5218912414142063
Colombia,COL,1993,0.30980951605866736,0.32056500861712234,0.8492688764505081,0.6000000000000001,0.0,0.75875,0.08,0.5218912414142063
Colombia,COL,1994,0.3037682072106831,0.3186339717036599,0.8541330427422391,0.6000000000000001,0.0,0.75875,0.08,0.5218912414142063
Colombia,COL,1995,0.2983458235832357,0.3151188364606856,0.8569331901670241,0.6000000000000001,0.0,0.75875,0.08,0.5218912414142063
Colombia,COL,1996,0.27802294548785067,0.29503068924389275,0.8403624363475508,0.6000000000000001,0.0,0.75875,0.08,0.5218912414142063
Colombia,COL,1997,0.2765597737427239,0.2908523358136268,0.8398762759062759,0.6000000000000001,0.0,0.75875,0.08,0.5218912414142063
Colombia,COL,1998,0.25753665277494164,0.2703425143395455,0.8215788604913445,0.6000000000000001,0.0,0.75875,0.08,0.5218912414142063
Colombia,COL,1999,0.19948997608297248,0.21074280075185037,0.7634915775339701,0.6000000000000001,0.0,0.75875,0.08,0.5218912414142063
Colombia,COL,2000,0.1903651296048201,0.1961326855991956,0.7568854043004478,0.6000000000000001,0.0,0.75875,0.08,0.5218912414142063
Colombia,COL,2001,0.19294502386606194,0.19767771728853667,0.7614101009883889,0.6000000000000001,0.0,0.75875,0.08,0.5218912414142063
Colombia,COL,2002,0.17475532236948776,0.17991207785283247,0.7513241989966195,0.6000000000000001,0.0,0.75875,0.08,0.5218912414142063
Colombia,COL,2003,0.1830394639669901,0.1893295095758436,0.7637926429514854,0.6000000000000001,0.0,0.75875,0.08,0.5218912414142063
Colombia,COL,2004,0.20173503679642302,0.2092732548294478,0.7854763148148605,0.6000000000000001,0.0,0.75875,0.08,0.5218912414142063
Colombia,COL,2005,0.2058349327605855,0.2146522452239612,0.7944551189078917,0.6000000000000001,0.0,0.75875,0.08,0.5218912414142063
Colombia,COL,2006,0.22623271522496058,0.23627030620739475,0.8204464387590367,0.6000000000000001,0.0,0.75875,0.08,0.5218912414142063
Colombia,COL,2007,0.23594350004772746,0.2473934561852218,0.8373440150183731,0.6000000000000001,0.0,0.75875,0.08,0.5218912414142063
Colombia,COL,2008,0.22884958793580168,0.24146523547018983,0.8322808285307302,0.6000000000000001,0.0,0.75875,0.08,0.5218912414142063
Colombia,COL,2009,0.21845606805648465,0.23119033291228153,0.8196224345188172,0.6000000000000001,0.0,0.75875,0.08,0.5218912414142063
Colombia,COL,2010,0.2318510717061475,0.24286381002571478,0.8322737772941373,0.6000000000000001,0.0,0.75875,0.08,0.5218912414142063
Colombia,COL,2011,0.2677760192458525,0.27802477628457645,0.8691530148385436,0.6000000000000001,0.0,0.75875,0.08,0.5218912414142063
Colombia,COL,2012,0.27550487584613226,0.2863897799502091,0.8784777583732728,0.6000000000000001,0.0,0.75875,0.08,0.5218912414142063
Colombia,COL,2013,0.29883155803364136,0.30923707603167117,0.9005823210061434,0.6000000000000001,0.0,0.75875,0.08,0.5218912414142063
Colombia,COL,2014,0.3236728531260278,0.33362610611725785,0.9209157371441474,0.6000000000000001,0.0,0.75875,0.08,0.5218912414142063
Colombia,COL,2015,0.31731376146740686,0.32791681481963497,0.9117784011816692,0.6000000000000001,0.0,0.75875,0.08,0.5218912414142063
Colombia,COL,2016,0.3196226601682248,0.3294694170741108,0.9056331463379967,0.6000000000000001,0.0,0.75875,0.08,0.5218912414142063
Colombia,COL,2017,0.3182715474047484,0.3271730047139023,0.9031556160829002,0.6000000000000001,0.0,0.75875,0.08,0.5218912414142063
Colombia,COL,2018,0.329315363105362,0.33686335106408105,0.9128664511567219,0.6000000000000001,0.0,0.75875,0.08,0.5218912414142063
Colombia,COL,2019,0.35460668572100396,0.36135867567866686,0.9338942791920344,0.6000000000000001,0.0,0.75875,0.08,0.5218912414142063
Costa Rica,CRI,1950,0.4635471073222277,0.4635471073222277,0.7831400126843953,0.05,-0.020000000000000004,0.01,0.02,0.42373903564044413
Costa Rica,CRI,1951,0.47789189974129975,0.47846908743186667,0.798220499195637,0.05,-0.020000000000000004,0.01,0.02,0.42373903564044413
Costa Rica,CRI,1952,0.5738404878272414,0.5744194611739193,0.8947162731260532,0.05,-0.020000000000000004,0.01,0.02,0.42373903564044413
Costa Rica,CRI,1953,0.7065400924621361,0.7071500797349834,1.0276781930221066,0.05,-0.020000000000000004,0.01,0.02,0.42373903564044413
Costa Rica,CRI,1954,0.7171194632502038,0.7177030488063725,1.0380084205611917,0.05,-0.020000000000000004,0.01,0.02,0.42373903564044413
Costa Rica,CRI,1955,0.7919346183751701,0.7924630277495304,1.112691948134962,0.05,-0.020000000000000004,0.01,0.02,0.42373903564044413
Costa Rica,CRI,1956,0.7481116539463661,0.7486397897218255,1.0701046909181624,0.05,-0.020000000000000004,0.01,0.02,0.42373903564044413
Costa Rica,CRI,1957,0.7799721224016603,0.780500702059828,1.10353721725793,0.05,-0.020000000000000004,0.01,0.02,0.42373903564044413
Costa Rica,CRI,1958,0.8538015228411009,0.8543273354939078,1.1788885297973426,0.05,-0.020000000000000004,0.01,0.02,0.42373903564044413
Costa Rica,CRI,1959,0.8524335533037828,0.8528786276454436,1.1787423362464837,0.05,-0.020000000000000004,0.01,0.02,0.42373903564044413
Costa Rica,CRI,1960,0.8924777976878362,0.8929730492755139,1.220330230967034,0.05,-0.020000000000000004,0.01,0.02,0.42373903564044413
Costa Rica,CRI,1961,0.847066186047571,0.8475051229359405,1.1766608155276157,0.05,-0.020000000000000004,0.01,0.02,0.42373903564044413
Costa Rica,CRI,1962,0.8786890470475717,0.8791003926846308,1.2103309889680727,0.05,-0.020000000000000004,0.01,0.02,0.42373903564044413
Costa Rica,CRI,1963,0.9017688454892907,0.9021697950858023,1.2353989686184557,0.05,-0.020000000000000004,0.01,0.02,0.42373903564044413
Costa Rica,CRI,1964,0.9092493351524107,0.9096286544471646,1.2448225890855493,0.05,-0.020000000000000004,0.01,0.02,0.42373903564044413
Costa Rica,CRI,1965,0.9797183003502594,0.9800332722081109,1.3172747379621015,0.05,-0.020000000000000004,0.01,0.02,0.42373903564044413
Costa Rica,CRI,1966,1.0000604424099686,1.0004394580968379,1.3336336124526982,0.05,-0.020000000000000004,0.01,0.02,0.42373903564044413
Costa Rica,CRI,1967,1.018082513719559,1.0184466191045018,1.3476144300586679,0.05,-0.020000000000000004,0.01,0.02,0.42373903564044413
Costa Rica,CRI,1968,1.0615951969656,1.0619472900397051,1.3871162934970895,0.05,-0.020000000000000004,0.01,0.02,0.42373903564044413
Costa Rica,CRI,1969,1.0809576475838458,1.081278073928904,1.40236726675011,0.05,-0.020000000000000004,0.01,0.02,0.42373903564044413
Costa Rica,CRI,1970,1.1126209706895525,1.1129669047875694,1.4300821561489023,0.05,-0.020000000000000004,0.01,0.02,0.42373903564044413
Costa Rica,CRI,1971,1.1163899547527274,1.1167558189722415,1.4468756459123537,0.05,-0.020000000000000004,0.01,0.02,0.42373903564044413
Costa Rica,CRI,1972,1.1255228547044904,1.125953385217727,1.469074854492007,0.05,-0.020000000000000004,0.01,0.02,0.42373903564044413
Costa Rica,CRI,1973,1.1398781724050844,1.1402395666152705,1.4935573298239158,0.05,-0.020000000000000004,0.01,0.02,0.42373903564044413
Costa Rica,CRI,1974,1.131407372736346,1.131813004654222,1.494640216809941,0.05,-0.020000000000000004,0.01,0.02,0.42373903564044413
Costa Rica,CRI,1975,1.0762844716930662,1.076714682056818,1.449454360622461,0.05,-0.020000000000000004,0.01,0.02,0.42373903564044413
Costa Rica,CRI,1976,1.0693496824171769,1.069695848059716,1.4516857717366118,0.05,-0.020000000000000004,0.01,0.02,0.42373903564044413
Costa Rica,CRI,1977,1.082767804755668,1.0831643780871127,1.4745840557492533,0.05,-0.020000000000000004,0.01,0.02,0.42373903564044413
Costa Rica,CRI,1978,1.0763473351964477,1.0767785705581447,1.4771949080312252,0.05,-0.020000000000000004,0.01,0.02,0.42373903564044413
Costa Rica,CRI,1979,1.0656891017307828,1.0660694282874479,1.4753816017069257,0.05,-0.020000000000000004,0.01,0.02,0.42373903564044413
Costa Rica,CRI,1980,1.0163610893128032,1.0167424065992625,1.434912366911587,0.05,-0.020000000000000004,0.01,0.02,0.42373903564044413
Costa Rica,CRI,1981,0.9511621448248153,0.9515375767504226,1.377196544440035,0.05,-0.020000000000000004,0.01,0.02,0.42373903564044413
Costa Rica,CRI,1982,0.8424033116315242,0.8425481843312204,1.2764549304309334,0.05,-0.020000000000000004,0.01,0.02,0.42373903564044413
Costa Rica,CRI,1983,0.8314924754495188,0.8315454762823542,1.2745672634645953,0.05,-0.020000000000000004,0.01,0.02,0.42373903564044413
Costa Rica,CRI,1984,0.8573059633748761,0.8574365475353263,1.3096380353004182,0.05,-0.020000000000000004,0.01,0.02,0.42373903564044413
Costa Rica,CRI,1985,0.820191078881872,0.8203483179611606,1.2811583945841356,0.05,-0.020000000000000004,0.01,0.02,0.42373903564044413
Costa Rica,CRI,1986,0.8293290029377269,0.829496213915597,1.2984791062151997,0.05,-0.020000000000000004,0.01,0.02,0.42373903564044413
Costa Rica,CRI,1987,0.8028224428736888,0.8030570454163035,1.280841028100184,0.05,-0.020000000000000004,0.01,0.02,0.42373903564044413
Costa Rica,CRI,1988,0.7907050082196099,0.7909525993834707,1.276493982041714,0.05,-0.020000000000000004,0.01,0.02,0.42373903564044413
Costa Rica,CRI,1989,0.7914558465668895,0.7916554443584793,1.2854239255525988,0.05,-0.020000000000000004,0.01,0.02,0.42373903564044413
Costa Rica,CRI,1990,0.7742819694964034,0.7744813603994531,1.2763186479978792,0.05,-0.020000000000000004,0.01,0.02,0.42373903564044413
Costa Rica,CRI,1991,0.7820379936976032,0.782237702918021,1.2882290061824726,0.05,-0.020000000000000004,0.01,0.02,0.42373903564044413
Costa Rica,CRI,1992,0.8045698277628519,0.8047075176139984,1.3169006564721935,0.05,-0.020000000000000004,0.01,0.02,0.42373903564044413
Costa Rica,CRI,1993,0.830737793360905,0.8309581997648641,1.3480524717289217,0.05,-0.020000000000000004,0.01,0.02,0.42373903564044413
Costa Rica,CRI,1994,0.8189879169770533,0.8192517424819687,1.3414679456017922,0.05,-0.020000000000000004,0.01,0.02,0.42373903564044413
Costa Rica,CRI,1995,0.8231950876678127,0.8234359604593431,1.35020532395772,0.05,-0.020000000000000004,0.01,0.02,0.42373903564044413
Costa Rica,CRI,1996,0.7856282060842279,0.7858594967744903,1.315908560879051,0.05,-0.020000000000000004,0.01,0.02,0.42373903564044413
Costa Rica,CRI,1997,0.8002684398534239,0.8004625049455178,1.3336893950730548,0.05,-0.020000000000000004,0.01,0.02,0.42373903564044413
Costa Rica,CRI,1998,0.8219904156053879,0.8222422002930045,1.3586715524696977,0.05,-0.020000000000000004,0.01,0.02,0.42373903564044413
Costa Rica,CRI,1999,0.8066021017535432,0.806919343359815,1.346894458562903,0.05,-0.020000000000000004,0.01,0.02,0.42373903564044413
Costa Rica,CRI,2000,0.7916940433560935,0.7919894303746151,1.3342113392477684,0.05,-0.020000000000000004,0.01,0.02,0.42373903564044413
Costa Rica,CRI,2001,0.7916432408378515,0.7919013149358225,1.3378765368396133,0.05,-0.020000000000000004,0.01,0.02,0.42373903564044413
Costa Rica,CRI,2002,0.7721015395101327,0.7723531225598768,1.3230206108687232,0.05,-0.020000000000000004,0.01,0.02,0.42373903564044413
Costa Rica,CRI,2003,0.7679654584014468,0.7682371767643383,1.3235406940504637,0.05,-0.020000000000000004,0.01,0.02,0.42373903564044413
Costa Rica,CRI,2004,0.7551498522229423,0.7554194664427278,1.3163362366595122,0.05,-0.020000000000000004,0.01,0.02,0.42373903564044413
Costa Rica,CRI,2005,0.7506000637735379,0.7508468180656838,1.3169028203419444,0.05,-0.020000000000000004,0.01,0.02,0.42373903564044413
Costa Rica,CRI,2006,0.7749406845609466,0.7751812905723936,1.339821851787419,0.05,-0.020000000000000004,0.01,0.02,0.42373903564044413
Costa Rica,CRI,2007,0.7958719425742933,0.7961346881852496,1.3590569639795236,0.05,-0.020000000000000004,0.01,0.02,0.42373903564044413
Costa Rica,CRI,2008,0.7941318898545875,0.7944491630578643,1.3558079333056856,0.05,-0.020000000000000004,0.01,0.02,0.42373903564044413
Costa Rica,CRI,2009,0.7639548921762085,0.7642879171843227,1.3227777731054706,0.05,-0.020000000000000004,0.01,0.02,0.42373903564044413
Costa Rica,CRI,2010,0.8018518929626515,0.8020469719797978,1.3568526720200147,0.05,-0.020000000000000004,0.01,0.02,0.42373903564044413
Costa Rica,CRI,2011,0.793903707395442,0.794115030799742,1.3540247566522323,0.05,-0.020000000000000004,0.01,0.02,0.42373903564044413
Costa Rica,CRI,2012,0.8271419663838167,0.8273623542380255,1.3905164436808066,0.05,-0.020000000000000004,0.01,0.02,0.42373903564044413
Costa Rica,CRI,2013,0.8254928028553357,0.8257297907862666,1.3907697939981727,0.05,-0.020000000000000004,0.01,0.02,0.42373903564044413
Costa Rica,CRI,2014,0.8302774085309936,0.8304753643158858,1.3980976748285716,0.05,-0.020000000000000004,0.01,0.02,0.42373903564044413
Costa Rica,CRI,2015,0.8267674922472885,0.8269441183364368,1.3976278327321285,0.05,-0.020000000000000004,0.01,0.02,0.42373903564044413
Costa Rica,CRI,2016,0.8229123829715883,0.8230628262196378,1.3981724756399032,0.05,-0.020000000000000004,0.01,0.02,0.42373903564044413
Costa Rica,CRI,2017,0.8361513285548741,0.8362954304848449,1.4150112868027716,0.05,-0.020000000000000004,0.01,0.02,0.42373903564044413
Costa Rica,CRI,2018,0.8572484896770325,0.8573946200835412,1.4391376304943249,0.05,-0.020000000000000004,0.01,0.02,0.42373903564044413
Costa Rica,CRI,2019,0.8610356449094834,0.861161851210464,1.4468328480609003,0.05,-0.020000000000000004,0.01,0.02,0.42373903564044413
Czech Republic,CZE,1990,0.13639904701787753,0.13639904701787753,0.13639904701787753,5.0,0.12,0.75875,0.0,0.4774419764677683
Czech Republic,CZE,1991,0.019219315344369825,0.03206749639014994,0.025945738517413552,5.0,0.12,0.75875,0.0,0.4774419764677683
Czech Republic,CZE,1992,0.03102611504960251,0.05103962500491388,0.038802908583327245,5.0,0.12,0.75875,0.0,0.4774419764677683
Czech Republic,CZE,1993,0.01620579456562421,0.04271981641754685,0.024703718080063553,5.0,0.12,0.75875,0.0,0.4774419764677683
Czech Republic,CZE,1994,0.039387385448731216,0.07126981800827092,0.048182574592047445,5.0,0.12,0.75875,0.0,0.4774419764677683
Czech Republic,CZE,1995,0.0869120472697924,0.1243376280129187,0.09641862977316062,5.0,0.12,0.75875,0.0,0.4774419764677683
Czech Republic,CZE,1996,0.12037414052778495,0.1644733073724005,0.131294108823095,5.0,0.12,0.75875,0.0,0.4774419764677683
Czech Republic,CZE,1997,0.1088173446816425,0.1595782665777845,0.12097776658931014,5.0,0.12,0.75875,0.0,0.4774419764677683
Czech Republic,CZE,1998,0.10211509680401676,0.15672877260938556,0.1140310604095971,5.0,0.12,0.75875,0.0,0.4774419764677683
Czech Republic,CZE,1999,0.11644527703410024,0.1734682244895147,0.12796719105472576,5.0,0.12,0.75875,0.0,0.4774419764677683
Czech Republic,CZE,2000,0.15241634072476007,0.21073476423097048,0.16354756873031207,5.0,0.12,0.75875,0.0,0.4774419764677683
Czech Republic,CZE,2001,0.20175983376269624,0.261509809627114,0.2130642220084864,5.0,0.12,0.75875,0.0,0.4774419764677683
Czech Republic,CZE,2002,0.21207236527635942,0.2722933917567163,0.22325623329882305,5.0,0.12,0.75875,0.0,0.4774419764677683
Czech Republic,CZE,2003,0.2526207247645793,0.31261356968305876,0.26362531481899953,5.0,0.12,0.75875,0.0,0.4774419764677683
Czech Republic,CZE,2004,0.29468145441448,0.3548459348707782,0.30576682295268665,5.0,0.12,0.75875,0.0,0.4774419764677683
Czech Republic,CZE,2005,0.3433336191133378,0.4050244391980389,0.35518921708003504,5.0,0.12,0.75875,0.0,0.4774419764677683
Czech Republic,CZE,2006,0.40076747339888996,0.46440968033128893,0.41331521709304386,5.0,0.12,0.75875,0.0,0.4774419764677683
Czech Republic,CZE,2007,0.4401913614373134,0.507518786985,0.4540908798831653,5.0,0.12,0.75875,0.0,0.4774419764677683
Czech Republic,CZE,2008,0.4440607775516252,0.5162724724587964,0.4594380583463282,5.0,0.12,0.75875,0.0,0.4774419764677683
Czech Republic,CZE,2009,0.3979360011982189,0.47421349360276555,0.4138955049690356,5.0,0.12,0.75875,0.0,0.4774419764677683
Czech Republic,CZE,2010,0.41630958336300417,0.4901166453928836,0.42953641409165133,5.0,0.12,0.75875,0.0,0.4774419764677683
Czech Republic,CZE,2011,0.42892886819275855,0.5001819474371363,0.440769016014146,5.0,0.12,0.75875,0.0,0.4774419764677683
Czech Republic,CZE,2012,0.4223417339294251,0.4919552065884023,0.43387156678708827,5.0,0.12,0.75875,0.0,0.4774419764677683
Czech Republic,CZE,2013,0.41905406573450854,0.48675847472388956,0.4302145681685463,5.0,0.12,0.75875,0.0,0.4774419764677683
Czech Republic,CZE,2014,0.43156337780883813,0.49587213499573846,0.44168617596785786,5.0,0.12,0.75875,0.0,0.4774419764677683
Czech Republic,CZE,2015,0.4790593213559742,0.5409266227681648,0.4889751686370092,5.0,0.12,0.75875,0.0,0.4774419764677683
Czech Republic,CZE,2016,0.4826376091434401,0.5443637740299829,0.49344294125545574,5.0,0.12,0.75875,0.0,0.4774419764677683
Czech Republic,CZE,2017,0.5188834850775113,0.5785417472154064,0.5290974411897702,5.0,0.12,0.75875,0.0,0.4774419764677683
Czech Republic,CZE,2018,0.5365701785113028,0.5958671775013391,0.5472015431445909,5.0,0.12,0.75875,0.0,0.4774419764677683
Czech Republic,CZE,2019,0.5486379288140473,0.6085467261072628,0.5598543004277294,5.0,0.12,0.75875,0.0,0.4774419764677683
Denmark,DNK,1950,0.5259207670056236,0.5259207670056236,0.5259207670056236,0.05,0.08,1.2579166666666668,0.0,0.3603947068963732
Denmark,DNK,1951,0.5166126304266037,0.5189259321440609,0.5279512474226511,0.05,0.08,1.2579166666666668,0.0,0.3603947068963732
Denmark,DNK,1952,0.5638610625094564,0.5659986926172236,0.5788342691859114,0.05,0.08,1.2579166666666668,0.0,0.3603947068963732
Denmark,DNK,1953,0.6290993023733691,0.631202967070382,0.6457724846699575,0.05,0.08,1.2579166666666668,0.0,0.3603947068963732
Denmark,DNK,1954,0.6916350908510847,0.6946073986026287,0.7107302496186607,0.05,0.08,1.2579166666666668,0.0,0.3603947068963732
Denmark,DNK,1955,0.7128229744925765,0.7163555549883736,0.7333525276928379,0.05,0.08,1.2579166666666668,0.0,0.3603947068963732
Denmark,DNK,1956,0.7271282981648994,0.729813932414495,0.7464055864632106,0.05,0.08,1.2579166666666668,0.0,0.3603947068963732
Denmark,DNK,1957,0.7504894580408115,0.7537870439347092,0.770122389123256,0.05,0.08,1.2579166666666668,0.0,0.3603947068963732
Denmark,DNK,1958,0.7581183055522267,0.7624105305023887,0.7785787884329363,0.05,0.08,1.2579166666666668,0.0,0.3603947068963732
Denmark,DNK,1959,0.8117543304497046,0.8155568945459315,0.831125592728327,0.05,0.08,1.2579166666666668,0.0,0.3603947068963732
Denmark,DNK,1960,0.8414091612171237,0.8482900402326266,0.8637449676331279,0.05,0.08,1.2579166666666668,0.0,0.3603947068963732
Denmark,DNK,1961,0.8698702225599328,0.8798814533448223,0.8951942944339475,0.05,0.08,1.2579166666666668,0.0,0.3603947068963732
Denmark,DNK,1962,0.8955516041476743,0.9066964929898331,0.921480330596312,0.05,0.08,1.2579166666666668,0.0,0.3603947068963732
Denmark,DNK,1963,0.8748271349168295,0.887213893803998,0.9012474750701669,0.05,0.08,1.2579166666666668,0.0,0.3603947068963732
Denmark,DNK,1964,0.9223232664289815,0.9335499127185134,0.9466766952594465,0.05,0.08,1.2579166666666668,0.0,0.3603947068963732
Denmark,DNK,1965,0.9238015352778319,0.9378240927619412,0.9499671012950337,0.05,0.08,1.2579166666666668,0.0,0.3603947068963732
Denmark,DNK,1966,0.9206103001809804,0.9367459003941407,0.9477737512487181,0.05,0.08,1.2579166666666668,0.0,0.3603947068963732
Denmark,DNK,1967,0.9643188220044268,0.9809384990308789,0.9908430317171346,0.05,0.08,1.2579166666666668,0.0,0.3603947068963732
Denmark,DNK,1968,1.0077745052881415,1.0247096886927292,1.0335241083136637,0.05,0.08,1.2579166666666668,0.0,0.3603947068963732
Denmark,DNK,1969,1.0503421461839286,1.0678682817675211,1.075601813754509,0.05,0.08,1.2579166666666668,0.0,0.3603947068963732
Denmark,DNK,1970,1.0415561516284804,1.0614956963041493,1.0679278663657232,0.05,0.08,1.2579166666666668,0.0,0.3603947068963732
Denmark,DNK,1971,1.0620744011240388,1.0832418487025333,1.0883763339681396,0.05,0.08,1.2579166666666668,0.0,0.3603947068963732
Denmark,DNK,1972,1.0868620019134418,1.108327202698269,1.1123104143384968,0.05,0.08,1.2579166666666668,0.0,0.3603947068963732
Denmark,DNK,1973,1.1126937391642553,1.1350165972157908,1.1378525919916322,0.05,0.08,1.2579166666666668,0.0,0.3603947068963732
Denmark,DNK,1974,1.0892808360135877,1.113437054461179,1.1149576779948172,0.05,0.08,1.2579166666666668,0.0,0.3603947068963732
Denmark,DNK,1975,1.0889517171011622,1.1134746775366287,1.113852904485774,0.05,0.08,1.2579166666666668,0.0,0.3603947068963732
Denmark,DNK,1976,1.1152417260943128,1.13680059031996,1.1368008556590263,0.05,0.08,1.2579166666666668,0.0,0.3603947068963732
Denmark,DNK,1977,1.124344511217763,1.1468214107710875,1.1461367484145786,0.05,0.08,1.2579166666666668,0.0,0.3603947068963732
Denmark,DNK,1978,1.1319073307779064,1.1539567625406475,1.1527011450431548,0.05,0.08,1.2579166666666668,0.0,0.3603947068963732
Denmark,DNK,1979,1.1503750382120828,1.1713539422047656,1.1697504984264206,0.05,0.08,1.2579166666666668,0.0,0.3603947068963732
Denmark,DNK,1980,1.1260176662956152,1.1468331326682888,1.1448273289536388,0.05,0.08,1.2579166666666668,0.0,0.3603947068963732
Denmark,DNK,1981,1.1289552409640438,1.1469673683446757,1.1451571447161886,0.05,0.08,1.2579166666666668,0.0,0.3603947068963732
Denmark,DNK,1982,1.1502700139245476,1.1638156268593818,1.1629609666000063,0.05,0.08,1.2579166666666668,0.0,0.3603947068963732
Denmark,DNK,1983,1.1674751415586995,1.1792195660495448,1.1791419291860246,0.05,0.08,1.2579166666666668,0.0,0.3603947068963732
Denmark,DNK,1984,1.1906881658428699,1.2011747033558704,1.201665443700481,0.05,0.08,1.2579166666666668,0.0,0.3603947068963732
Denmark,DNK,1985,1.2078199795343831,1.2196171071628559,1.2199281995084617,0.05,0.08,1.2579166666666668,0.0,0.3603947068963732
Denmark,DNK,1986,1.2246733064272446,1.2387176348089755,1.2381826361423691,0.05,0.08,1.2579166666666668,0.0,0.3603947068963732
Denmark,DNK,1987,1.2219958704715106,1.239464440504288,1.2373858468327903,0.05,0.08,1.2579166666666668,0.0,0.3603947068963732
Denmark,DNK,1988,1.2193492911150994,1.237989841544346,1.2345782457565724,0.05,0.08,1.2579166666666668,0.0,0.3603947068963732
Denmark,DNK,1989,1.22117338053991,1.2397631089987415,1.235482479528761,0.05,0.08,1.2579166666666668,0.0,0.3603947068963732
Denmark,DNK,1990,1.2318102191822655,1.2503524838885998,1.245447173806662,0.05,0.08,1.2579166666666668,0.0,0.3603947068963732
Denmark,DNK,1991,1.2411531150664175,1.2590077462926264,1.2538015448235313,0.05,0.08,1.2579166666666668,0.0,0.3603947068963732
Denmark,DNK,1992,1.2481832936818762,1.2648739844404568,1.2596918994161923,0.05,0.08,1.2579166666666668,0.0,0.3603947068963732
Denmark,DNK,1993,1.2493374660434045,1.2652502076939127,1.2601685443104982,0.05,0.08,1.2579166666666668,0.0,0.3603947068963732
Denmark,DNK,1994,1.2980533716387699,1.3123411079728005,1.307670900022198,0.05,0.08,1.2579166666666668,0.0,0.3603947068963732
Denmark,DNK,1995,1.3082527141744995,1.3225524847402088,1.3180225824447271,0.05,0.08,1.2579166666666668,0.0,0.3603947068963732
Denmark,DNK,1996,1.321884585592814,1.3378476328274846,1.3328216289539405,0.05,0.08,1.2579166666666668,0.0,0.3603947068963732
Denmark,DNK,1997,1.326404934842473,1.3429477325292023,1.3373946062307223,0.05,0.08,1.2579166666666668,0.0,0.3603947068963732
Denmark,DNK,1998,1.3203916453700097,1.338511393699707,1.3321022314299906,0.05,0.08,1.2579166666666668,0.0,0.3603947068963732
Denmark,DNK,1999,1.3249808749843126,1.3439033369297375,1.3366797889649034,0.05,0.08,1.2579166666666668,0.0,0.3603947068963732
Denmark,DNK,2000,1.3428689036919943,1.3610634201673477,1.3534978307453391,0.05,0.08,1.2579166666666668,0.0,0.3603947068963732
Denmark,DNK,2001,1.3342132429801312,1.3529234282648996,1.3449119471271098,0.05,0.08,1.2579166666666668,0.0,0.3603947068963732
Denmark,DNK,2002,1.3323073997389132,1.3511938267228123,1.3427942154632673,0.05,0.08,1.2579166666666668,0.0,0.3603947068963732
Denmark,DNK,2003,1.3360847245163763,1.3545027226278439,1.3459490465213788,0.05,0.08,1.2579166666666668,0.0,0.3603947068963732
Denmark,DNK,2004,1.357511344472072,1.3754925861349152,1.3669145533314744,0.05,0.08,1.2579166666666668,0.0,0.3603947068963732
Denmark,DNK,2005,1.3642115818202418,1.3834024810171988,1.3743690231359231,0.05,0.08,1.2579166666666668,0.0,0.3603947068963732
Denmark,DNK,2006,1.37567377586781,1.396148166612722,1.386399906603165,0.05,0.08,1.2579166666666668,0.0,0.3603947068963732
Denmark,DNK,2007,1.3676629773455682,1.3908969079088225,1.3798365834501318,0.05,0.08,1.2579166666666668,0.0,0.3603947068963732
Denmark,DNK,2008,1.3448346451789153,1.370089118726833,1.3576126269088578,0.05,0.08,1.2579166666666668,0.0,0.3603947068963732
Denmark,DNK,2009,1.3101146808762225,1.3362301874928413,1.32263642282199,0.05,0.08,1.2579166666666668,0.0,0.3603947068963732
Denmark,DNK,2010,1.3350493795099538,1.3580259133203105,1.3447708409613082,0.05,0.08,1.2579166666666668,0.0,0.3603947068963732
Denmark,DNK,2011,1.3355458192675886,1.3556022428350598,1.3434001517630305,0.05,0.08,1.2579166666666668,0.0,0.3603947068963732
Denmark,DNK,2012,1.3410801568335975,1.3593571908765263,1.3482440335134855,0.05,0.08,1.2579166666666668,0.0,0.3603947068963732
Denmark,DNK,2013,1.341267710082617,1.3590008230069328,1.3486190758800678,0.05,0.08,1.2579166666666668,0.0,0.3603947068963732
Denmark,DNK,2014,1.3498207207378181,1.3670409223397604,1.3571722515564852,0.05,0.08,1.2579166666666668,0.0,0.3603947068963732
Denmark,DNK,2015,1.3608853886889776,1.3782003262682814,1.3685308826362412,0.05,0.08,1.2579166666666668,0.0,0.3603947068963732
Denmark,DNK,2016,1.3736061302173521,1.3916500025929306,1.3818082108110987,0.05,0.08,1.2579166666666668,0.0,0.3603947068963732
Denmark,DNK,2017,1.385950317056202,1.4058592559041267,1.3952675249738364,0.05,0.08,1.2579166666666668,0.0,0.3603947068963732
Denmark,DNK,2018,1.3993198989094724,1.4214095322596485,1.4096248288672735,0.05,0.08,1.2579166666666668,0.0,0.3603947068963732
Denmark,DNK,2019,1.4098962677204065,1.4345723288838244,1.4212127167519197,0.05,0.08,1.2579166666666668,0.0,0.3603947068963732
Estonia,EST,1990,0.44304833545140543,0.44304833545140543,0.44304833545140543,5.0,0.12,0.01,0.0,0.40406034787495926
Estonia,EST,1991,0.3598851304487365,0.38058777824036927,0.3601292431030467,5.0,0.12,0.01,0.0,0.40406034787495926
Estonia,EST,1992,0.14531408023548753,0.17671902772619408,0.14548378612495405,5.0,0.12,0.01,0.0,0.40406034787495926
Estonia,EST,1993,0.1260176143370444,0.16085124233010717,0.12612231733896184,5.0,0.12,0.01,0.0,0.40406034787495926
Estonia,EST,1994,0.11983609574619791,0.15602494300671488,0.1199235205582081,5.0,0.12,0.01,0.0,0.40406034787495926
Estonia,EST,1995,0.17855680483258496,0.21528281801764315,0.17863864023672082,5.0,0.12,0.01,0.0,0.40406034787495926
Estonia,EST,1996,0.23194131660957584,0.26856659894678625,0.232018497311274,5.0,0.12,0.01,0.0,0.40406034787495926
Estonia,EST,1997,0.34263102867154416,0.38024434583109734,0.3427230825083605,5.0,0.12,0.01,0.0,0.40406034787495926
Estonia,EST,1998,0.3784530918784377,0.4204425482487979,0.37858945634097907,5.0,0.12,0.01,0.0,0.40406034787495926
Estonia,EST,1999,0.38297751874961516,0.43002711856706455,0.3831332591831078,5.0,0.12,0.01,0.0,0.40406034787495926
Estonia,EST,2000,0.45953299232945355,0.507414192046685,0.4596520727402815,5.0,0.12,0.01,0.0,0.40406034787495926
Estonia,EST,2001,0.5083603808375026,0.5589226367534001,0.5085056126139804,5.0,0.12,0.01,0.0,0.40406034787495926
Estonia,EST,2002,0.5643507014504738,0.6183340780339215,0.5645133277394763,5.0,0.12,0.01,0.0,0.40406034787495926
Estonia,EST,2003,0.6112822988390327,0.6701666508701019,0.6114723187696116,5.0,0.12,0.01,0.0,0.40406034787495926
Estonia,EST,2004,0.659825328903195,0.7275430719875962,0.66006600452633,5.0,0.12,0.01,0.0,0.40406034787495926
Estonia,EST,2005,0.7108181158807163,0.7879479549232542,0.7110812186679336,5.0,0.12,0.01,0.0,0.40406034787495926
Estonia,EST,2006,0.7546246864514394,0.8403401065185934,0.7548978981214942,5.0,0.12,0.01,0.0,0.40406034787495926
Estonia,EST,2007,0.7949658457969955,0.8952173475355316,0.7953252856295112,5.0,0.12,0.01,0.0,0.40406034787495926
Estonia,EST,2008,0.7211082322756699,0.8331233251763104,0.7214695168423226,5.0,0.12,0.01,0.0,0.40406034787495926
Estonia,EST,2009,0.651423643023481,0.7631435155807811,0.6516759396317342,5.0,0.12,0.01,0.0,0.40406034787495926
Estonia,EST,2010,0.6897201688775851,0.7872614949447012,0.6898122851300776,5.0,0.12,0.01,0.0,0.40406034787495926
Estonia,EST,2011,0.7032078212030832,0.7894069796384127,0.7033057700695942,5.0,0.12,0.01,0.0,0.40406034787495926
Estonia,EST,2012,0.7219057662549391,0.8030998346571296,0.7220571453664562,5.0,0.12,0.01,0.0,0.40406034787495926
Estonia,EST,2013,0.7172437857853193,0.7971563133631676,0.717431222177936,5.0,0.12,0.01,0.0,0.40406034787495926
Estonia,EST,2014,0.731083282028699,0.8067252031678125,0.7312356856811402,5.0,0.12,0.01,0.0,0.40406034787495926
Estonia,EST,2015,0.7220095617444562,0.7939845248690958,0.7221614471312758,5.0,0.12,0.01,0.0,0.40406034787495926
Estonia,EST,2016,0.7400710762724723,0.8058405155057757,0.7401869620174946,5.0,0.12,0.01,0.0,0.40406034787495926
Estonia,EST,2017,0.766126226727482,0.8269287027636851,0.7662431058858123,5.0,0.12,0.01,0.0,0.40406034787495926
Estonia,EST,2018,0.801799734963561,0.8621752426868623,0.8019568823902103,5.0,0.12,0.01,0.0,0.40406034787495926
Estonia,EST,2019,0.8324725865959328,0.892860786675767,0.8326309026400249,5.0,0.12,0.01,0.0,0.40406034787495926
Finland,FIN,1950,0.33805666345510765,0.33805666345510765,0.33805666345510765,0.05,0.12,0.01,0.0,0.3541393646172115
Finland,FIN,1951,0.39416405495078966,0.3986976840175114,0.39447115007671485,0.05,0.12,0.01,0.0,0.3541393646172115
Finland,FIN,1952,0.4121222178122901,0.4195342038380341,0.41248172256086324,0.05,0.12,0.01,0.0,0.3541393646172115
Finland,FIN,1953,0.3733155625490179,0.38288364294196775,0.37369156266417125,0.05,0.12,0.01,0.0,0.3541393646172115
Finland,FIN,1954,0.4269097392119212,0.4346125709061015,0.42718809967082993,0.05,0.12,0.01,0.0,0.3541393646172115
Finland,FIN,1955,0.47630895190018396,0.48546358417121915,0.4766208175449318,0.05,0.12,0.01,0.0,0.3541393646172115
Finland,FIN,1956,0.4753465658597973,0.486222904275075,0.47566309867711176,0.05,0.12,0.01,0.0,0.3541393646172115
Finland,FIN,1957,0.45078895356742965,0.46309005903644884,0.4510982744614003,0.05,0.12,0.01,0.0,0.3541393646172115
Finland,FIN,1958,0.4251583772313321,0.43745128046302373,0.42543509827889636,0.05,0.12,0.01,0.0,0.3541393646172115
Finland,FIN,1959,0.47482695114766926,0.4861574494423673,0.47506922432110965,0.05,0.12,0.01,0.0,0.3541393646172115
Finland,FIN,1960,0.5328395562141042,0.5453971740146368,0.5330968908770917,0.05,0.12,0.01,0.0,0.3541393646172115
Finland,FIN,1961,0.5627622339283747,0.5789321092949331,0.5630531162333172,0.05,0.12,0.01,0.0,0.3541393646172115
Finland,FIN,1962,0.5671071671441084,0.5853383403602184,0.567382479242255,0.05,0.12,0.01,0.0,0.3541393646172115
Finland,FIN,1963,0.571705399836631,0.5897153403917548,0.5719435300709419,0.05,0.12,0.01,0.0,0.3541393646172115
Finland,FIN,1964,0.5962651730934452,0.612781579727506,0.5964695306411967,0.05,0.12,0.01,0.0,0.3541393646172115
Finland,FIN,1965,0.6119109970991925,0.6291239479192754,0.6121282921568163,0.05,0.12,0.01,0.0,0.3541393646172115
Finland,FIN,1966,0.6178031852916543,0.6381854499007051,0.6180492239602478,0.05,0.12,0.01,0.0,0.3541393646172115
Finland,FIN,1967,0.627915292070238,0.6493094179839893,0.6281357259764304,0.05,0.12,0.01,0.0,0.3541393646172115
Finland,FIN,1968,0.6373524802218045,0.6574209810145524,0.6375345975349775,0.05,0.12,0.01,0.0,0.3541393646172115
Finland,FIN,1969,0.7061290239184252,0.7243159416628524,0.7062885109883679,0.05,0.12,0.01,0.0,0.3541393646172115
Finland,FIN,1970,0.7441472141242294,0.762784570511049,0.7443228832567392,0.05,0.12,0.01,0.0,0.3541393646172115
Finland,FIN,1971,0.751645774685298,0.774645053159075,0.7518685937984904,0.05,0.12,0.01,0.0,0.3541393646172115
Finland,FIN,1972,0.7974962399752981,0.8230254923590898,0.7977046925546061,0.05,0.12,0.01,0.0,0.3541393646172115
Finland,FIN,1973,0.8316341003561218,0.8581495288731729,0.8318243097947695,0.05,0.12,0.01,0.0,0.3541393646172115
Finland,FIN,1974,0.8350345446785283,0.8638985149579561,0.8352389124340647,0.05,0.12,0.01,0.0,0.3541393646172115
Finland,FIN,1975,0.8281844991733891,0.8624823801336508,0.8284301184172449,0.05,0.12,0.01,0.0,0.3541393646172115
Finland,FIN,1976,0.8085222458728456,0.8470574731016676,0.8087650023874762,0.05,0.12,0.01,0.0,0.3541393646172115
Finland,FIN,1977,0.803665783512372,0.84001613842553,0.803834524107427,0.05,0.12,0.01,0.0,0.3541393646172115
Finland,FIN,1978,0.8176938697155647,0.8507260347020082,0.8178345324606013,0.05,0.12,0.01,0.0,0.3541393646172115
Finland,FIN,1979,0.8647627075465572,0.893002206830741,0.8648686318827963,0.05,0.12,0.01,0.0,0.3541393646172115
Finland,FIN,1980,0.906392501037721,0.9342611434409482,0.9065350555398703,0.05,0.12,0.01,0.0,0.3541393646172115
Finland,FIN,1981,0.8890630203713927,0.9189953698908484,0.8892313482256169,0.05,0.12,0.01,0.0,0.3541393646172115
Finland,FIN,1982,0.9001365080264296,0.9291969407870742,0.9002711326852948,0.05,0.12,0.01,0.0,0.3541393646172115
Finland,FIN,1983,0.9182642251529183,0.9470151199931172,0.9183996036426025,0.05,0.12,0.01,0.0,0.3541393646172115
Finland,FIN,1984,0.9321044762660611,0.9600791485528859,0.9322295796333258,0.05,0.12,0.01,0.0,0.3541393646172115
Finland,FIN,1985,0.9495575080256593,0.9761595482251426,0.9496697023196061,0.05,0.12,0.01,0.0,0.3541393646172115
Finland,FIN,1986,0.969066154438389,0.9946148379068376,0.9691754658243656,0.05,0.12,0.01,0.0,0.3541393646172115
Finland,FIN,1987,0.9798743225431394,1.0043044089916897,0.9799769839562451,0.05,0.12,0.01,0.0,0.3541393646172115
Finland,FIN,1988,1.0113651983194982,1.0359562701969178,1.0114768861401968,0.05,0.12,0.01,0.0,0.3541393646172115
Finland,FIN,1989,1.035699516459509,1.062368663077634,1.0358310504374968,0.05,0.12,0.01,0.0,0.3541393646172115
Finland,FIN,1990,1.033522627003732,1.06423865797509,1.0336800609393881,0.05,0.12,0.01,0.0,0.3541393646172115
Finland,FIN,1991,1.0017724251811515,1.0337166352308245,1.001903801414941,0.05,0.12,0.01,0.0,0.3541393646172115
Finland,FIN,1992,1.0034495471206286,1.031987211703406,1.0035262862582286,0.05,0.12,0.01,0.0,0.3541393646172115
Finland,FIN,1993,1.0272350820993807,1.0510955594017544,1.0272860009187417,0.05,0.12,0.01,0.0,0.3541393646172115
Finland,FIN,1994,1.0621213013052246,1.081072028678908,1.0621561599002858,0.05,0.12,0.01,0.0,0.3541393646172115
Finland,FIN,1995,1.080176905515569,1.0962753270214893,1.0802236120644135,0.05,0.12,0.01,0.0,0.3541393646172115
Finland,FIN,1996,1.0971808592076124,1.1116346765948828,1.0972339886893847,0.05,0.12,0.01,0.0,0.3541393646172115
Finland,FIN,1997,1.1300634006840706,1.1432798396767856,1.13011612764255,0.05,0.12,0.01,0.0,0.3541393646172115
Finland,FIN,1998,1.1651270160583511,1.1780914246687004,1.1651871720880447,0.05,0.12,0.01,0.0,0.3541393646172115
Finland,FIN,1999,1.1850803230865923,1.1985501554408335,1.1851472929685354,0.05,0.12,0.01,0.0,0.3541393646172115
Finland,FIN,2000,1.2230431486231748,1.2365114352777224,1.2231036947842302,0.05,0.12,0.01,0.0,0.3541393646172115
Finland,FIN,2001,1.2336110171877932,1.24832367436011,1.2336842758156612,0.05,0.12,0.01,0.0,0.3541393646172115
Finland,FIN,2002,1.2354026861539564,1.250759273993033,1.2354691800246753,0.05,0.12,0.01,0.0,0.3541393646172115
Finland,FIN,2003,1.2472926599195544,1.2623194796814898,1.2473459209245163,0.05,0.12,0.01,0.0,0.3541393646172115
Finland,FIN,2004,1.2732146368731128,1.2888054338473616,1.2732750268214632,0.05,0.12,0.01,0.0,0.3541393646172115
Finland,FIN,2005,1.284012022905351,1.3016357565816055,1.284089393442426,0.05,0.12,0.01,0.0,0.3541393646172115
Finland,FIN,2006,1.3004645824948202,1.3216371125984399,1.300562917878139,0.05,0.12,0.01,0.0,0.3541393646172115
Finland,FIN,2007,1.3275312004542128,1.3507390347491857,1.327618975441661,0.05,0.12,0.01,0.0,0.3541393646172115
Finland,FIN,2008,1.309993422626082,1.3357052415650408,1.3100901520487787,0.05,0.12,0.01,0.0,0.3541393646172115
Finland,FIN,2009,1.2376275126961058,1.2657611286486432,1.2377278530930855,0.05,0.12,0.01,0.0,0.3541393646172115
Finland,FIN,2010,1.2615632602553433,1.2882330658925314,1.2616232706080543,0.05,0.12,0.01,0.0,0.3541393646172115
Finland,FIN,2011,1.2700116123369716,1.2960456197072405,1.2700779553830204,0.05,0.12,0.01,0.0,0.3541393646172115
Finland,FIN,2012,1.2434382184928268,1.270331507616345,1.243520333493386,0.05,0.12,0.01,0.0,0.3541393646172115
Finland,FIN,2013,1.231824502507708,1.2587163820478544,1.2318983131790118,0.05,0.12,0.01,0.0,0.3541393646172115
Finland,FIN,2014,1.2228831387423371,1.2484905008220197,1.222941660676872,0.05,0.12,0.01,0.0,0.3541393646172115
Finland,FIN,2015,1.221501268390841,1.2449891408886558,1.221547484526253,0.05,0.12,0.01,0.0,0.3541393646172115
Finland,FIN,2016,1.2394153996170445,1.2602283364641567,1.2394514663299887,0.05,0.12,0.01,0.0,0.3541393646172115
Finland,FIN,2017,1.2588045235145477,1.27833255774709,1.258851666123629,0.05,0.12,0.01,0.0,0.3541393646172115
Finland,FIN,2018,1.249075034871293,1.2683872675624075,1.2491315782135999,0.05,0.12,0.01,0.0,0.3541393646172115
Finland,FIN,2019,1.2424430144431264,1.2623128688861858,1.2425066600919346,0.05,0.12,0.01,0.0,0.3541393646172115
France,FRA,1950,0.2304344228173365,0.2304344228173365,0.7343184760453116,0.05,-0.08,0.01,0.34,0.3527827262878418
France,FRA,1951,0.26999415329912324,0.2701314728742821,0.7701472921828301,0.05,-0.08,0.01,0.34,0.3527827262878418
France,FRA,1952,0.296818422998701,0.2969623461267581,0.7861738807633976,0.05,-0.08,0.01,0.34,0.3527827262878418
France,FRA,1953,0.3326037614664221,0.33274407887879054,0.8080316852516609,0.05,-0.08,0.01,0.34,0.3527827262878418
France,FRA,1954,0.3776424328449668,0.37777539127754256,0.8452154861187653,0.05,-0.08,0.01,0.34,0.3527827262878418
France,FRA,1955,0.42221739472273967,0.42236162470794536,0.8785436316898809,0.05,-0.08,0.01,0.34,0.3527827262878418
France,FRA,1956,0.4783457074775752,0.4784946683183886,0.9103719847216847,0.05,-0.08,0.01,0.34,0.3527827262878418
France,FRA,1957,0.5345034299139817,0.5346637128116773,0.9428000399884984,0.05,-0.08,0.01,0.34,0.3527827262878418
France,FRA,1958,0.5647368368220365,0.5649073636155872,0.9476079048300701,0.05,-0.08,0.01,0.34,0.3527827262878418
France,FRA,1959,0.5892899504558065,0.589466098764392,0.9499032954906723,0.05,-0.08,0.01,0.34,0.3527827262878418
France,FRA,1960,0.6590379791803063,0.6592028416296145,1.0021553836139843,0.05,-0.08,0.01,0.34,0.3527827262878418
France,FRA,1961,0.6966835348151319,0.6968694526415797,1.026143672957443,0.05,-0.08,0.01,0.34,0.3527827262878418
France,FRA,1962,0.7394660756140823,0.7396398406741724,1.0604452335560448,0.05,-0.08,0.01,0.34,0.3527827262878418
France,FRA,1963,0.7840533931708968,0.7842287806468082,1.0933519382056924,0.05,-0.08,0.01,0.34,0.3527827262878418
France,FRA,1964,0.8187039801302491,0.8188851513010151,1.1205223678485923,0.05,-0.08,0.01,0.34,0.3527827262878418
France,FRA,1965,0.8463809500441579,0.8465783474823949,1.1343348788656726,0.05,-0.08,0.01,0.34,0.3527827262878418
France,FRA,1966,0.8739091815608928,0.8740992086727539,1.1506942354989977,0.05,-0.08,0.01,0.34,0.3527827262878418
France,FRA,1967,0.9090585371930686,0.9092541639497718,1.1690668869093876,0.05,-0.08,0.01,0.34,0.3527827262878418
France,FRA,1968,0.939035657689347,0.9392279902396616,1.1822968837062389,0.05,-0.08,0.01,0.34,0.3527827262878418
France,FRA,1969,1.0002348678622708,1.0004255266776942,1.2247729490335928,0.05,-0.08,0.01,0.34,0.3527827262878418
France,FRA,1970,1.0342741162660287,1.0344800268380903,1.2474066548405847,0.05,-0.08,0.01,0.34,0.3527827262878418
France,FRA,1971,1.0591197252906168,1.0593277125116094,1.2616056612185815,0.05,-0.08,0.01,0.34,0.3527827262878418
France,FRA,1972,1.092243756414307,1.09244077007836,1.2764454307240047,0.05,-0.08,0.01,0.34,0.3527827262878418
France,FRA,1973,1.1259934912015757,1.1261846651737946,1.3016561874576307,0.05,-0.08,0.01,0.34,0.3527827262878418
France,FRA,1974,1.1475694614095353,1.1477647393897925,1.31001351760914,0.05,-0.08,0.01,0.34,0.3527827262878418
France,FRA,1975,1.1258955065813225,1.126089461195134,1.2714599211429625,0.05,-0.08,0.01,0.34,0.3527827262878418
France,FRA,1976,1.1329194127417113,1.13306572316636,1.2804716581708115,0.05,-0.08,0.01,0.34,0.3527827262878418
France,FRA,1977,1.1528700550316957,1.1530266097590145,1.290380891006658,0.05,-0.08,0.01,0.34,0.3527827262878418
France,FRA,1978,1.1782813041649263,1.1784315830849295,1.3062003659358208,0.05,-0.08,0.01,0.34,0.3527827262878418
France,FRA,1979,1.1905628795641503,1.1907082740156563,1.3135246063306285,0.05,-0.08,0.01,0.34,0.3527827262878418
France,FRA,1980,1.1883311199072173,1.18848345560479,1.3029107264560644,0.05,-0.08,0.01,0.34,0.3527827262878418
France,FRA,1981,1.1880997254916563,1.1882560683383518,1.2917694305964451,0.05,-0.08,0.01,0.34,0.3527827262878418
France,FRA,1982,1.2208860668170622,1.2210186154218299,1.306403474631613,0.05,-0.08,0.01,0.34,0.3527827262878418
France,FRA,1983,1.2230922695122182,1.2232253412606386,1.3002800358571176,0.05,-0.08,0.01,0.34,0.3527827262878418
France,FRA,1984,1.2292938529716357,1.2294059291828505,1.29956210427072,0.05,-0.08,0.01,0.34,0.3527827262878418
France,FRA,1985,1.2455353954969564,1.2456406415138694,1.3051724052993015,0.05,-0.08,0.01,0.34,0.3527827262878418
France,FRA,1986,1.2526540643161654,1.252759496574945,1.3105765039692754,0.05,-0.08,0.01,0.34,0.3527827262878418
France,FRA,1987,1.2529452310946638,1.2530512339026831,1.3138335308000517,0.05,-0.08,0.01,0.34,0.3527827262878418
France,FRA,1988,1.2745854393842047,1.2746945352713661,1.3379672092303796,0.05,-0.08,0.01,0.34,0.3527827262878418
France,FRA,1989,1.2994198526331653,1.2995390562916311,1.3597277921245943,0.05,-0.08,0.01,0.34,0.3527827262878418
France,FRA,1990,1.3092505231388456,1.3093754331515521,1.365968924305295,0.05,-0.08,0.01,0.34,0.3527827262878418
France,FRA,1991,1.3090255602916923,1.3091469000701768,1.3565852845373167,0.05,-0.08,0.01,0.34,0.3527827262878418
France,FRA,1992,1.3188043740297442,1.3189141259262858,1.3565924677348935,0.05,-0.08,0.01,0.34,0.3527827262878418
France,FRA,1993,1.3120480940076353,1.3121486116922254,1.3382232639662477,0.05,-0.08,0.01,0.34,0.3527827262878418
France,FRA,1994,1.324873561510418,1.3249522441212411,1.3476357180878238,0.05,-0.08,0.01,0.34,0.3527827262878418
France,FRA,1995,1.3391419558501854,1.3392230708373551,1.3560790173209862,0.05,-0.08,0.01,0.34,0.3527827262878418
France,FRA,1996,1.3422862392125152,1.3423654547760107,1.355700368907217,0.05,-0.08,0.01,0.34,0.3527827262878418
France,FRA,1997,1.353677330335807,1.3537424912726026,1.3650848042089114,0.05,-0.08,0.01,0.34,0.3527827262878418
France,FRA,1998,1.3753807876238593,1.375437216685512,1.3880407161440136,0.05,-0.08,0.01,0.34,0.3527827262878418
France,FRA,1999,1.3900318255158126,1.3900934801597664,1.4066273605186148,0.05,-0.08,0.01,0.34,0.3527827262878418
France,FRA,2000,1.4144090893550194,1.414474001160884,1.4307856111245445,0.05,-0.08,0.01,0.34,0.3527827262878418
France,FRA,2001,1.4248842324974502,1.4249551175146769,1.4381625265765803,0.05,-0.08,0.01,0.34,0.3527827262878418
France,FRA,2002,1.4393121896273797,1.4393766452912313,1.4421202053894682,0.05,-0.08,0.01,0.34,0.3527827262878418
France,FRA,2003,1.4383548641150066,1.4384098211691514,1.4373874801136974,0.05,-0.08,0.01,0.34,0.3527827262878418
France,FRA,2004,1.4477786328891113,1.4478358919298877,1.4502588980594533,0.05,-0.08,0.01,0.34,0.3527827262878418
France,FRA,2005,1.4494198497422097,1.449503828368698,1.4521350940906816,0.05,-0.08,0.01,0.34,0.3527827262878418
France,FRA,2006,1.4630073283686418,1.4631006490100091,1.464527762538991,0.05,-0.08,0.01,0.34,0.3527827262878418
France,FRA,2007,1.4562984303093929,1.4564017382104213,1.4660742990937128,0.05,-0.08,0.01,0.34,0.3527827262878418
France,FRA,2008,1.4398609474696888,1.4399729252865887,1.4514483484033924,0.05,-0.08,0.01,0.34,0.3527827262878418
France,FRA,2009,1.4098853559593802,1.409994016806543,1.4136055597858612,0.05,-0.08,0.01,0.34,0.3527827262878418
France,FRA,2010,1.415347307874371,1.4154216626119274,1.4184212879883504,0.05,-0.08,0.01,0.34,0.3527827262878418
France,FRA,2011,1.4184468142778934,1.418528224569081,1.4240471753491906,0.05,-0.08,0.01,0.34,0.3527827262878418
France,FRA,2012,1.41045015968741,1.4105336347001183,1.413983253909517,0.05,-0.08,0.01,0.34,0.3527827262878418
France,FRA,2013,1.4115542749504284,1.41163622177221,1.4095158089096316,0.05,-0.08,0.01,0.34,0.3527827262878418
France,FRA,2014,1.4123595544897807,1.4124338028399315,1.4078622324274912,0.05,-0.08,0.01,0.34,0.3527827262878418
France,FRA,2015,1.4109455420406434,1.4110222712183305,1.4053056158822437,0.05,-0.08,0.01,0.34,0.3527827262878418
France,FRA,2016,1.4062540010820017,1.406327127682176,1.4028947270926055,0.05,-0.08,0.01,0.34,0.3527827262878418
France,FRA,2017,1.4198167352059716,1.4198851727171036,1.4157425542732862,0.05,-0.08,0.01,0.34,0.3527827262878418
France,FRA,2018,1.4246055389091907,1.4246845159016992,1.4213368564932862,0.05,-0.08,0.01,0.34,0.3527827262878418
France,FRA,2019,1.4171845304762387,1.417264377824151,1.4194258618985516,0.05,-0.08,0.01,0.34,0.3527827262878418
Germany,DEU,1950,0.2701854534874677,0.2701854534874677,0.8702415876531271,0.05,-0.08,5.25125,0.08,0.3451319396495819
Germany,DEU,1951,0.3189380131532831,0.3193029829261649,0.9602593416616818,0.05,-0.08,5.25125,0.08,0.3451319396495819
Germany,DEU,1952,0.36469565113741886,0.36505108426455557,1.0394668132814333,0.05,-0.08,5.25125,0.08,0.3451319396495819
Germany,DEU,1953,0.3999396656796259,0.40030659057104945,1.103891450882566,0.05,-0.08,5.25125,0.08,0.3451319396495819
Germany,DEU,1954,0.42716760428112366,0.4275045226774701,1.149437601613399,0.05,-0.08,5.25125,0.08,0.3451319396495819
Germany,DEU,1955,0.4912860629535114,0.4916273581291577,1.2284235327462092,0.05,-0.08,5.25125,0.08,0.3451319396495819
Germany,DEU,1956,0.5247549317600466,0.5251401016178079,1.2686804348630503,0.05,-0.08,5.25125,0.08,0.3451319396495819
Germany,DEU,1957,0.5463518111574182,0.5467078898171867,1.2911497920901427,0.05,-0.08,5.25125,0.08,0.3451319396495819
Germany,DEU,1958,0.5622888535656259,0.5626171405562612,1.3030789472512376,0.05,-0.08,5.25125,0.08,0.3451319396495819
Germany,DEU,1959,0.6109890508588318,0.6112907514307739,1.3453331222860356,0.05,-0.08,5.25125,0.08,0.3451319396495819
Germany,DEU,1960,0.6625632908537842,0.6628824045738337,1.391851869366465,0.05,-0.08,5.25125,0.08,0.3451319396495819
Germany,DEU,1961,0.6738068919454498,0.6741479994324742,1.405153410065175,0.05,-0.08,5.25125,0.08,0.3451319396495819
Germany,DEU,1962,0.6949913150133078,0.6952931276331995,1.423763351414145,0.05,-0.08,5.25125,0.08,0.3451319396495819
Germany,DEU,1963,0.6981817247158908,0.698456257365045,1.4229091097019655,0.05,-0.08,5.25125,0.08,0.3451319396495819
Germany,DEU,1964,0.7240958066679575,0.724343203271296,1.44584313365538,0.05,-0.08,5.25125,0.08,0.3451319396495819
Germany,DEU,1965,0.751351451451546,0.7516121398335347,1.4717543416959513,0.05,-0.08,5.25125,0.08,0.3451319396495819
Germany,DEU,1966,0.7533635973264445,0.7536190315693219,1.4718362599082662,0.05,-0.08,5.25125,0.08,0.3451319396495819
Germany,DEU,1967,0.750229205262329,0.7504526540381384,1.4635093874996503,0.05,-0.08,5.25125,0.08,0.3451319396495819
Germany,DEU,1968,0.7817186755428462,0.7818899895326687,1.4902616041517245,0.05,-0.08,5.25125,0.08,0.3451319396495819
Germany,DEU,1969,0.8278832563164151,0.8280638376815936,1.5344674170782238,0.05,-0.08,5.25125,0.08,0.3451319396495819
Germany,DEU,1970,0.8495237129162376,0.8497224966718093,1.5563330743395172,0.05,-0.08,5.25125,0.08,0.3451319396495819
Germany,DEU,1971,0.8652258901389445,0.8654362113794303,1.571591894054941,0.05,-0.08,5.25125,0.08,0.3451319396495819
Germany,DEU,1972,0.8918411873490779,0.8920281084531574,1.5966820480396722,0.05,-0.08,5.25125,0.08,0.3451319396495819
Germany,DEU,1973,0.9227323585353808,0.9229010005958536,1.6255172557307427,0.05,-0.08,5.25125,0.08,0.3451319396495819
Germany,DEU,1974,0.9276499911107781,0.9278053816953555,1.6268517201515902,0.05,-0.08,5.25125,0.08,0.3451319396495819
Germany,DEU,1975,0.9261973743803473,0.926319849934707,1.619561935051257,0.05,-0.08,5.25125,0.08,0.3451319396495819
Germany,DEU,1976,0.9535832167823717,0.9536810920908927,1.6447641718661412,0.05,-0.08,5.25125,0.08,0.3451319396495819
Germany,DEU,1977,0.9747038739112774,0.9748146381418863,1.664613882665857,0.05,-0.08,5.25125,0.08,0.3451319396495819
Germany,DEU,1978,0.9900036545160091,0.9901127557735343,1.6797230969096546,0.05,-0.08,5.25125,0.08,0.3451319396495819
Germany,DEU,1979,1.0102884840423396,1.0104012052637934,1.7016079476276174,0.05,-0.08,5.25125,0.08,0.3451319396495819
Germany,DEU,1980,1.0072669629717108,1.0074010595708547,1.701673143489466,0.05,-0.08,5.25125,0.08,0.3451319396495819
Germany,DEU,1981,1.0048340296013425,1.0049613451683523,1.700351084685881,0.05,-0.08,5.25125,0.08,0.3451319396495819
Germany,DEU,1982,0.9962966826377464,0.996391729082502,1.690737288103878,0.05,-0.08,5.25125,0.08,0.3451319396495819
Germany,DEU,1983,1.008843832623187,1.0089261920526074,1.7022192553761482,0.05,-0.08,5.25125,0.08,0.3451319396495819
Germany,DEU,1984,1.0238075938444382,1.0238983536499582,1.7187455146850308,0.05,-0.08,5.25125,0.08,0.3451319396495819
Germany,DEU,1985,1.0363108240492291,1.0363991542485067,1.7326828422171952,0.05,-0.08,5.25125,0.08,0.3451319396495819
Germany,DEU,1986,1.0458835233545916,1.0459665466418802,1.7439820460901565,0.05,-0.08,5.25125,0.08,0.3451319396495819
Germany,DEU,1987,1.0504295069257719,1.050510984569124,1.7500704251433659,0.05,-0.08,5.25125,0.08,0.3451319396495819
Germany,DEU,1988,1.0724113657714742,1.0724883592184078,1.774292777233911,0.05,-0.08,5.25125,0.08,0.3451319396495819
Germany,DEU,1989,1.1028245635688556,1.1029105105998003,1.806837909618869,0.05,-0.08,5.25125,0.08,0.3451319396495819
Germany,DEU,1990,1.154175493295643,1.1542690992695004,1.8597836850496492,0.05,-0.08,5.25125,0.08,0.3451319396495819
Germany,DEU,1991,1.2193009522443035,1.2193998276445122,1.9224846668215454,0.05,-0.08,5.25125,0.08,0.3451319396495819
Germany,DEU,1992,1.2306961367200167,1.2308040419476978,1.9345166257444761,0.05,-0.08,5.25125,0.08,0.3451319396495819
Germany,DEU,1993,1.228086179340595,1.2281910170606078,1.9305089451664506,0.05,-0.08,5.25125,0.08,0.3451319396495819
Germany,DEU,1994,1.2413092190028152,1.2413976212099023,1.943755626467544,0.05,-0.08,5.25125,0.08,0.3451319396495819
Germany,DEU,1995,1.24535743084558,1.245442849893136,1.947837011780475,0.05,-0.08,5.25125,0.08,0.3451319396495819
Germany,DEU,1996,1.2496353484289093,1.2497133810961776,1.950932517182074,0.05,-0.08,5.25125,0.08,0.3451319396495819
Germany,DEU,1997,1.263582073946293,1.2636451050408803,1.9630696616057977,0.05,-0.08,5.25125,0.08,0.3451319396495819
Germany,DEU,1998,1.2692511094777572,1.2693086893012158,1.9680051615569871,0.05,-0.08,5.25125,0.08,0.3451319396495819
Germany,DEU,1999,1.2758089847058418,1.275865403461946,1.973800669944879,0.05,-0.08,5.25125,0.08,0.3451319396495819
Germany,DEU,2000,1.2951351084072726,1.2951877802685186,1.9914782040120373,0.05,-0.08,5.25125,0.08,0.3451319396495819
Germany,DEU,2001,1.3110119284552457,1.311068511751028,2.0041481277539575,0.05,-0.08,5.25125,0.08,0.3451319396495819
Germany,DEU,2002,1.3112335794157008,1.31127895929467,2.000580391539591,0.05,-0.08,5.25125,0.08,0.3451319396495819
Germany,DEU,2003,1.3097220390549449,1.3097500767398653,1.9943636615584426,0.05,-0.08,5.25125,0.08,0.3451319396495819
Germany,DEU,2004,1.315525817285586,1.3155527029480876,1.9976793087250693,0.05,-0.08,5.25125,0.08,0.3451319396495819
Germany,DEU,2005,1.3244545468673241,1.3244816077430936,2.0041352076944285,0.05,-0.08,5.25125,0.08,0.3451319396495819
Germany,DEU,2006,1.3443184111173654,1.3443450025113268,2.024439558085678,0.05,-0.08,5.25125,0.08,0.3451319396495819
Germany,DEU,2007,1.3579726838022896,1.3580106588594454,2.039032692272076,0.05,-0.08,5.25125,0.08,0.3451319396495819
Germany,DEU,2008,1.3565479843740906,1.3565919290448303,2.0384760394661985,0.05,-0.08,5.25125,0.08,0.3451319396495819
Germany,DEU,2009,1.3103208171163097,1.310368737491066,1.9898757954570208,0.05,-0.08,5.25125,0.08,0.3451319396495819
Germany,DEU,2010,1.3359224749605225,1.3359394719336741,2.0148353519545177,0.05,-0.08,5.25125,0.08,0.3451319396495819
Germany,DEU,2011,1.361279242572321,1.3613129268542234,2.039683816842933,0.05,-0.08,5.25125,0.08,0.3451319396495819
Germany,DEU,2012,1.3624898474652998,1.3625376107863065,2.03962823188341,0.05,-0.08,5.25125,0.08,0.3451319396495819
Germany,DEU,2013,1.3634262241488653,1.3634672140027941,2.0387139667165686,0.05,-0.08,5.25125,0.08,0.3451319396495819
Germany,DEU,2014,1.374408526239117,1.3744490351386371,2.049300857534422,0.05,-0.08,5.25125,0.08,0.3451319396495819
Germany,DEU,2015,1.381525281443336,1.3815709172045896,2.0557912580766393,0.05,-0.08,5.25125,0.08,0.3451319396495819
Germany,DEU,2016,1.3965384168331045,1.396579438185313,2.0695253960558597,0.05,-0.08,5.25125,0.08,0.3451319396495819
Germany,DEU,2017,1.4099296841103097,1.409970584914662,2.0822818997673602,0.05,-0.08,5.25125,0.08,0.3451319396495819
Germany,DEU,2018,1.4076841024955673,1.4077358865797382,2.079974569332669,0.05,-0.08,5.25125,0.08,0.3451319396495819
Germany,DEU,2019,1.4027621366105496,1.4028160654165855,2.0744067768781296,0.05,-0.08,5.25125,0.08,0.3451319396495819
Greece,GRC,1951,-0.5612072343651837,-0.5612072343651837,0.32373715383199686,1.1500000000000001,-0.08,0.25958333333333333,0.32,0.49804137582364294
Greece,GRC,1952,-0.5895926239675182,-0.5843560052241772,0.30324790131656565,1.1500000000000001,-0.08,0.25958333333333333,0.32,0.49804137582364294
Greece,GRC,1953,-0.5166181917375345,-0.5101629204122826,0.3842244052322705,1.1500000000000001,-0.08,0.25958333333333333,0.32,0.49804137582364294
Greece,GRC,1954,-0.4863697356729908,-0.4782758002932086,0.4192907240735302,1.1500000000000001,-0.08,0.25958333333333333,0.32,0.49804137582364294
Greece,GRC,1955,-0.44486776376460124,-0.4374280393958214,0.4638217023803075,1.1500000000000001,-0.08,0.25958333333333333,0.32,0.49804137582364294
Greece,GRC,1956,-0.37505995140293,-0.36717868175916113,0.5381600090972218,1.1500000000000001,-0.08,0.25958333333333333,0.32,0.49804137582364294
Greece,GRC,1957,-0.32171227485602305,-0.31265754263137513,0.5921871661026992,1.1500000000000001,-0.08,0.25958333333333333,0.32,0.49804137582364294
Greece,GRC,1958,-0.29536511214484396,-0.2854922799108657,0.6182779422791389,1.1500000000000001,-0.08,0.25958333333333333,0.32,0.49804137582364294
Greece,GRC,1959,-0.2775663407839968,-0.2669035970005016,0.6347174739848949,1.1500000000000001,-0.08,0.25958333333333333,0.32,0.49804137582364294
Greece,GRC,1960,-0.27607470464126926,-0.2649229999754814,0.6361236972443653,1.1500000000000001,-0.08,0.25958333333333333,0.32,0.49804137582364294
Greece,GRC,1961,-0.16390946067373413,-0.15240152163764975,0.7379456974073684,1.1500000000000001,-0.08,0.25958333333333333,0.32,0.49804137582364294
Greece,GRC,1962,-0.17141919273522888,-0.15895747716916464,0.7114223987769179,1.1500000000000001,-0.08,0.25958333333333333,0.32,0.49804137582364294
Greece,GRC,1963,-0.06571292477442725,-0.05401176858031942,0.7985290581775562,1.1500000000000001,-0.08,0.25958333333333333,0.32,0.49804137582364294
Greece,GRC,1964,0.010248339334233414,0.022009925061113655,0.8538950589522407,1.1500000000000001,-0.08,0.25958333333333333,0.32,0.49804137582364294
Greece,GRC,1965,0.09179577168151365,0.10291305567880205,0.914498617275977,1.1500000000000001,-0.08,0.25958333333333333,0.32,0.49804137582364294
Greece,GRC,1966,0.1304007739498365,0.14072850853300967,0.9292068666402549,1.1500000000000001,-0.08,0.25958333333333333,0.32,0.49804137582364294
Greece,GRC,1967,0.16562838810414515,0.1752115692434737,0.9388525426053853,1.1500000000000001,-0.08,0.25958333333333333,0.32,0.49804137582364294
Greece,GRC,1968,0.21671047796324494,0.22563744120863927,0.9654324510039549,1.1500000000000001,-0.08,0.25958333333333333,0.32,0.49804137582364294
Greece,GRC,1969,0.3008418569704503,0.30915444395813374,1.0285734269541946,1.1500000000000001,-0.08,0.25958333333333333,0.32,0.49804137582364294
Greece,GRC,1970,0.3607454883056871,0.36842988241221164,1.0615540383088375,1.1500000000000001,-0.08,0.25958333333333333,0.32,0.49804137582364294
Greece,GRC,1971,0.39519783554362053,0.40224390324222536,1.0773744841228476,1.1500000000000001,-0.08,0.25958333333333333,0.32,0.49804137582364294
Greece,GRC,1972,0.4487754719664405,0.4552243805130365,1.1127355782706705,1.1500000000000001,-0.08,0.25958333333333333,0.32,0.49804137582364294
Greece,GRC,1973,0.4751699555889486,0.48105106296525424,1.122567565785221,1.1500000000000001,-0.08,0.25958333333333333,0.32,0.49804137582364294
Greece,GRC,1974,0.35670722183237125,0.36203784589784327,0.9856813634199926,1.1500000000000001,-0.08,0.25958333333333333,0.32,0.49804137582364294
Greece,GRC,1975,0.38350992379958715,0.3883123965600772,0.9988645798577926,1.1500000000000001,-0.08,0.25958333333333333,0.32,0.49804137582364294
Greece,GRC,1976,0.41212729182348706,0.41656739037321344,1.0178811522707678,1.1500000000000001,-0.08,0.25958333333333333,0.32,0.49804137582364294
Greece,GRC,1977,0.40488724788976693,0.4090099147518833,0.9996063686835632,1.1500000000000001,-0.08,0.25958333333333333,0.32,0.49804137582364294
Greece,GRC,1978,0.44411784516239017,0.4479297644688325,1.028151460565204,1.1500000000000001,-0.08,0.25958333333333333,0.32,0.49804137582364294
Greece,GRC,1979,0.44241848688999763,0.4459847280457332,1.0174021518785856,1.1500000000000001,-0.08,0.25958333333333333,0.32,0.49804137582364294
Greece,GRC,1980,0.41668506919308257,0.42001307135988153,0.98459147288841,1.1500000000000001,-0.08,0.25958333333333333,0.32,0.49804137582364294
Greece,GRC,1981,0.35111758850224106,0.35424837839826306,0.9268228614728176,1.1500000000000001,-0.08,0.25958333333333333,0.32,0.49804137582364294
Greece,GRC,1982,0.3237954411032984,0.32673468764709845,0.8908420930359255,1.1500000000000001,-0.08,0.25958333333333333,0.32,0.49804137582364294
Greece,GRC,1983,0.29055256017574305,0.2933421566730381,0.8562622746954374,1.1500000000000001,-0.08,0.25958333333333333,0.32,0.49804137582364294
Greece,GRC,1984,0.29370609339355447,0.2963461374095022,0.8576318121030042,1.1500000000000001,-0.08,0.25958333333333333,0.32,0.49804137582364294
Greece,GRC,1985,0.28846049517515393,0.2909781893165464,0.8596416775135036,1.1500000000000001,-0.08,0.25958333333333333,0.32,0.49804137582364294
Greece,GRC,1986,0.2718010597052203,0.2742180532139704,0.8439424627732259,1.1500000000000001,-0.08,0.25958333333333333,0.32,0.49804137582364294
Greece,GRC,1987,0.22833180814493748,0.2306367863644283,0.800888690304709,1.1500000000000001,-0.08,0.25958333333333333,0.32,0.49804137582364294
Greece,GRC,1988,0.24689784038455365,0.24906032626564656,0.826014101664508,1.1500000000000001,-0.08,0.25958333333333333,0.32,0.49804137582364294
Greece,GRC,1989,0.26476154130306995,0.26685588863278653,0.8459381584761485,1.1500000000000001,-0.08,0.25958333333333333,0.32,0.49804137582364294
Greece,GRC,1990,0.24250974959886662,0.24451363389577807,0.8262349190676748,1.1500000000000001,-0.08,0.25958333333333333,0.32,0.49804137582364294
Greece,GRC,1991,0.2668665458604238,0.26878322616098593,0.8441729852175304,1.1500000000000001,-0.08,0.25958333333333333,0.32,0.49804137582364294
Greece,GRC,1992,0.24910951974467999,0.25095548643370247,0.8299496382601632,1.1500000000000001,-0.08,0.25958333333333333,0.32,0.49804137582364294
Greece,GRC,1993,0.2122205777538566,0.21397447069647235,0.7951907745509386,1.1500000000000001,-0.08,0.25958333333333333,0.32,0.49804137582364294
Greece,GRC,1994,0.20763566895967323,0.20930803690342614,0.7976486474856412,1.1500000000000001,-0.08,0.25958333333333333,0.32,0.49804137582364294
Greece,GRC,1995,0.2098142129430718,0.21141394318989448,0.8035489995671554,1.1500000000000001,-0.08,0.25958333333333333,0.32,0.49804137582364294
Greece,GRC,1996,0.22734479808831232,0.22888872092143497,0.8194003080666652,1.1500000000000001,-0.08,0.25958333333333333,0.32,0.49804137582364294
Greece,GRC,1997,0.2600583133308856,0.26154807070915265,0.8497698022369979,1.1500000000000001,-0.08,0.25958333333333333,0.32,0.49804137582364294
Greece,GRC,1998,0.26548457203014664,0.26690666963851317,0.8658070002605367,1.1500000000000001,-0.08,0.25958333333333333,0.32,0.49804137582364294
Greece,GRC,1999,0.283506565579299,0.2848879840827827,0.8801223420767905,1.1500000000000001,-0.08,0.25958333333333333,0.32,0.49804137582364294
Greece,GRC,2000,0.30833343217001463,0.3096543819339912,0.884407247658179,1.1500000000000001,-0.08,0.25958333333333333,0.32,0.49804137582364294
Greece,GRC,2001,0.3372641515604009,0.3385409438758362,0.8943494921873083,1.1500000000000001,-0.08,0.25958333333333333,0.32,0.49804137582364294
Greece,GRC,2002,0.3545577308714192,0.35578004045923617,0.9026651433176258,1.1500000000000001,-0.08,0.25958333333333333,0.32,0.49804137582364294
Greece,GRC,2003,0.39405556274678144,0.3952278929440025,0.9322720786239724,1.1500000000000001,-0.08,0.25958333333333333,0.32,0.49804137582364294
Greece,GRC,2004,0.4196133686799497,0.42077888240442984,0.952252014502829,1.1500000000000001,-0.08,0.25958333333333333,0.32,0.49804137582364294
Greece,GRC,2005,0.3953818540226006,0.39649796344279764,0.9280622006301296,1.1500000000000001,-0.08,0.25958333333333333,0.32,0.49804137582364294
Greece,GRC,2006,0.4359523648246748,0.4369897611333391,0.9566430742704481,1.1500000000000001,-0.08,0.25958333333333333,0.32,0.49804137582364294
Greece,GRC,2007,0.45247063694053313,0.4535076736489403,0.9623870543434923,1.1500000000000001,-0.08,0.25958333333333333,0.32,0.49804137582364294
Greece,GRC,2008,0.43019980673482294,0.43120641235279766,0.9291435896843385,1.1500000000000001,-0.08,0.25958333333333333,0.32,0.49804137582364294
Greece,GRC,2009,0.3854961014057956,0.38642244898925426,0.857842873985982,1.1500000000000001,-0.08,0.25958333333333333,0.32,0.49804137582364294
Greece,GRC,2010,0.3543239624368395,0.35514354967429096,0.7975286637603864,1.1500000000000001,-0.08,0.25958333333333333,0.32,0.49804137582364294
Greece,GRC,2011,0.2766381032144949,0.2774019372787757,0.6978555418643606,1.1500000000000001,-0.08,0.25958333333333333,0.32,0.49804137582364294
Greece,GRC,2012,0.2330146421948971,0.23369940789571686,0.6348680755721343,1.1500000000000001,-0.08,0.25958333333333333,0.32,0.49804137582364294
Greece,GRC,2013,0.21878344549635287,0.2194365357052721,0.6148080290942315,1.1500000000000001,-0.08,0.25958333333333333,0.32,0.49804137582364294
Greece,GRC,2014,0.23069882414542064,0.23134240454324306,0.6210230982170455,1.1500000000000001,-0.08,0.25958333333333333,0.32,0.49804137582364294
Greece,GRC,2015,0.22002689584179613,0.22065798070544584,0.6109547878701287,1.1500000000000001,-0.08,0.25958333333333333,0.32,0.49804137582364294
Greece,GRC,2016,0.21378872330130694,0.2144048610966971,0.5954969385473614,1.1500000000000001,-0.08,0.25958333333333333,0.32,0.49804137582364294
Greece,GRC,2017,0.21682163259121445,0.2174229361600073,0.5953803035626859,1.1500000000000001,-0.08,0.25958333333333333,0.32,0.49804137582364294
Greece,GRC,2018,0.22529697426111372,0.22588690721837779,0.5922845212218113,1.1500000000000001,-0.08,0.25958333333333333,0.32,0.49804137582364294
Greece,GRC,2019,0.23620869605044081,0.23678982582524988,0.591396207778683,1.1500000000000001,-0.08,0.25958333333333333,0.32,0.49804137582364294
Hungary,HUN,1970,0.5012453189555854,0.5012453189555854,1.3517148510171326,0.05,-0.08,0.01,0.28,0.37793298602104186
Hungary,HUN,1971,0.5285834969036252,0.5289370154735149,1.3781714870448352,0.05,-0.08,0.01,0.28,0.37793298602104186
Hungary,HUN,1972,0.5521284087185236,0.5525112719308902,1.3988528907615345,0.05,-0.08,0.01,0.28,0.37793298602104186
Hungary,HUN,1973,0.5910669412944483,0.5913750128651953,1.4335218229913909,0.05,-0.08,0.01,0.28,0.37793298602104186
Hungary,HUN,1974,0.6229616102098268,0.6232468733718246,1.4595567011211572,0.05,-0.08,0.01,0.28,0.37793298602104186
Hungary,HUN,1975,0.6523073305325902,0.6526412505670613,1.4820996500136747,0.05,-0.08,0.01,0.28,0.37793298602104186
Hungary,HUN,1976,0.6549680689274426,0.6553109767781002,1.4756895326628099,0.05,-0.08,0.01,0.28,0.37793298602104186
Hungary,HUN,1977,0.690911836585208,0.6912198613546563,1.5037595874286351,0.05,-0.08,0.01,0.28,0.37793298602104186
Hungary,HUN,1978,0.7057575664619966,0.7060602224132841,1.5100311331578964,0.05,-0.08,0.01,0.28,0.37793298602104186
Hungary,HUN,1979,0.6880536609954984,0.6883776393115202,1.4839652943745425,0.05,-0.08,0.01,0.28,0.37793298602104186
Hungary,HUN,1980,0.5854578004876041,0.5856894458383195,1.4105759804188382,0.05,-0.08,0.01,0.28,0.37793298602104186
Hungary,HUN,1981,0.6004570808616254,0.600654912314706,1.4174634160128692,0.05,-0.08,0.01,0.28,0.37793298602104186
Hungary,HUN,1982,0.6438568204602513,0.6440388638877428,1.440700435330645,0.05,-0.08,0.01,0.28,0.37793298602104186
Hungary,HUN,1983,0.6468386069837049,0.6470057396863931,1.4330905425794707,0.05,-0.08,0.01,0.28,0.37793298602104186
Hungary,HUN,1984,0.6864923525244313,0.6866314012680368,1.4565442124789092,0.05,-0.08,0.01,0.28,0.37793298602104186
Hungary,HUN,1985,0.6832930317472004,0.6834213941401703,1.4438773172551622,0.05,-0.08,0.01,0.28,0.37793298602104186
Hungary,HUN,1986,0.6915514135042304,0.6916636175899331,1.4475128674325353,0.05,-0.08,0.01,0.28,0.37793298602104186
Hungary,HUN,1987,0.7115731092959017,0.7116902426807101,1.4685961233341454,0.05,-0.08,0.01,0.28,0.37793298602104186
Hungary,HUN,1988,0.69840600717282,0.6985181458641785,1.452478211392842,0.05,-0.08,0.01,0.28,0.37793298602104186
Hungary,HUN,1989,0.706370915691581,0.706466363367479,1.4533969893642191,0.05,-0.08,0.01,0.28,0.37793298602104186
Hungary,HUN,1990,0.6829813976168655,0.683065109762353,1.4187672356537444,0.05,-0.08,0.01,0.28,0.37793298602104186
Hungary,HUN,1991,0.5948211187459638,0.5948817505194084,1.3108603533027652,0.05,-0.08,0.01,0.28,0.37793298602104186
Hungary,HUN,1992,0.6294604146327218,0.6294765383628951,1.3210248143002685,0.05,-0.08,0.01,0.28,0.37793298602104186
Hungary,HUN,1993,0.6643355504794481,0.6643175778375072,1.3449333607541893,0.05,-0.08,0.01,0.28,0.37793298602104186
Hungary,HUN,1994,0.6689203808015574,0.6689313593794433,1.366180250995734,0.05,-0.08,0.01,0.28,0.37793298602104186
Hungary,HUN,1995,0.6882864089216714,0.688317158390535,1.386501164527815,0.05,-0.08,0.01,0.28,0.37793298602104186
Hungary,HUN,1996,0.6859357233138068,0.6859639079343376,1.3877558232754246,0.05,-0.08,0.01,0.28,0.37793298602104186
Hungary,HUN,1997,0.7028949368752322,0.7029243681519208,1.4128852547535966,0.05,-0.08,0.01,0.28,0.37793298602104186
Hungary,HUN,1998,0.7320226519643303,0.7320660410757185,1.4412356143231881,0.05,-0.08,0.01,0.28,0.37793298602104186
Hungary,HUN,1999,0.7382528894183071,0.7383237050481952,1.4540591071240963,0.05,-0.08,0.01,0.28,0.37793298602104186
Hungary,HUN,2000,0.7759188849715422,0.7759847222172951,1.4887204768106752,0.05,-0.08,0.01,0.28,0.37793298602104186
Hungary,HUN,2001,0.8133839700771652,0.8134617934059252,1.5131312356127737,0.05,-0.08,0.01,0.28,0.37793298602104186
Hungary,HUN,2002,0.8515625212514024,0.8516499745571622,1.5329238819421653,0.05,-0.08,0.01,0.28,0.37793298602104186
Hungary,HUN,2003,0.8751322605349099,0.8752197183321666,1.5393190758623096,0.05,-0.08,0.01,0.28,0.37793298602104186
Hungary,HUN,2004,0.9142445247804698,0.9143391349074754,1.5639751201009529,0.05,-0.08,0.01,0.28,0.37793298602104186
Hungary,HUN,2005,0.9498431001373264,0.9499871489952447,1.5865248876200138,0.05,-0.08,0.01,0.28,0.37793298602104186
Hungary,HUN,2006,0.9743473173292969,0.9744779052102395,1.5993381434198075,0.05,-0.08,0.01,0.28,0.37793298602104186
Hungary,HUN,2007,0.972654061536927,0.972793317508482,1.5783467706914336,0.05,-0.08,0.01,0.28,0.37793298602104186
Hungary,HUN,2008,0.9765191851173824,0.9766465911503186,1.5696338395965923,0.05,-0.08,0.01,0.28,0.37793298602104186
Hungary,HUN,2009,0.9136233215986351,0.9137600951688531,1.4886974152578323,0.05,-0.08,0.01,0.28,0.37793298602104186
Hungary,HUN,2010,0.915374171894328,0.9154438689022131,1.4810785546858818,0.05,-0.08,0.01,0.28,0.37793298602104186
Hungary,HUN,2011,0.9310560521431732,0.9311182868828416,1.485400576316306,0.05,-0.08,0.01,0.28,0.37793298602104186
Hungary,HUN,2012,0.908710688721909,0.9087754584534027,1.4528209324510994,0.05,-0.08,0.01,0.28,0.37793298602104186
Hungary,HUN,2013,0.9134520261321235,0.9135163536954751,1.4496526575766633,0.05,-0.08,0.01,0.28,0.37793298602104186
Hungary,HUN,2014,0.9128135389963319,0.912890845594112,1.4496668010849527,0.05,-0.08,0.01,0.28,0.37793298602104186
Hungary,HUN,2015,0.9258582527469894,0.9259639219620004,1.4569158828829227,0.05,-0.08,0.01,0.28,0.37793298602104186
Hungary,HUN,2016,0.906865730313724,0.9069756742846442,1.4400039597554897,0.05,-0.08,0.01,0.28,0.37793298602104186
Hungary,HUN,2017,0.9317887953542456,0.9318772930202943,1.4655613785276027,0.05,-0.08,0.01,0.28,0.37793298602104186
Hungary,HUN,2018,0.9649003932164062,0.9650135628403929,1.492652206936031,0.05,-0.08,0.01,0.28,0.37793298602104186
Hungary,HUN,2019,0.9850717935322173,0.9852197972620536,1.499699357391365,0.05,-0.08,0.01,0.28,0.37793298602104186
Iceland,ISL,1950,0.4283764249920181,0.4283764249920181,0.836031035476374,1.1500000000000001,-0.020000000000000004,0.01,0.14,0.37374101536614557
Iceland,ISL,1951,0.398493609210834,0.40892809087605997,0.8064164966154701,1.1500000000000001,-0.020000000000000004,0.01,0.14,0.37374101536614557
Iceland,ISL,1952,0.36438026320127737,0.37988911739957754,0.7730757594954745,1.1500000000000001,-0.020000000000000004,0.01,0.14,0.37374101536614557
Iceland,ISL,1953,0.4848316145368603,0.5030386221277956,0.8958946381693518,1.1500000000000001,-0.020000000000000004,0.01,0.14,0.37374101536614557
Iceland,ISL,1954,0.5537287377737994,0.5739460878064642,0.9645455385379771,1.1500000000000001,-0.020000000000000004,0.01,0.14,0.37374101536614557
Iceland,ISL,1955,0.6338350975398774,0.6552060771111079,1.0428540496317313,1.1500000000000001,-0.020000000000000004,0.01,0.14,0.37374101536614557
Iceland,ISL,1956,0.6348203415539322,0.6598224014472756,1.039492985910393,1.1500000000000001,-0.020000000000000004,0.01,0.14,0.37374101536614557
Iceland,ISL,1957,0.6178265676456389,0.6425564320272255,1.0174017743347274,1.1500000000000001,-0.020000000000000004,0.01,0.14,0.37374101536614557
Iceland,ISL,1958,0.6798552133373996,0.7041435413175514,1.0771490124054632,1.1500000000000001,-0.020000000000000004,0.01,0.14,0.37374101536614557
Iceland,ISL,1959,0.6866149555631065,0.711417065563543,1.0790014434042048,1.1500000000000001,-0.020000000000000004,0.01,0.14,0.37374101536614557
Iceland,ISL,1960,0.6872778430715036,0.7120428654184923,1.0761683004745697,1.1500000000000001,-0.020000000000000004,0.01,0.14,0.37374101536614557
Iceland,ISL,1961,0.6539533075288908,0.677576172562528,1.0433926705487702,1.1500000000000001,-0.020000000000000004,0.01,0.14,0.37374101536614557
Iceland,ISL,1962,0.7055477613545853,0.7265732306279467,1.0965829620002019,1.1500000000000001,-0.020000000000000004,0.01,0.14,0.37374101536614557
Iceland,ISL,1963,0.7772906249908385,0.7955904250997579,1.168933949529432,1.1500000000000001,-0.020000000000000004,0.01,0.14,0.37374101536614557
Iceland,ISL,1964,0.6685705023205677,0.6879564852787694,1.097766550698557,1.1500000000000001,-0.020000000000000004,0.01,0.14,0.37374101536614557
Iceland,ISL,1965,0.6923265746627685,0.7141696472978065,1.1217987190859202,1.1500000000000001,-0.020000000000000004,0.01,0.14,0.37374101536614557
Iceland,ISL,1966,0.7378464796708841,0.7605348486654404,1.1658599825940437,1.1500000000000001,-0.020000000000000004,0.01,0.14,0.37374101536614557
Iceland,ISL,1967,0.7118162105411177,0.7347264391445858,1.132106570752014,1.1500000000000001,-0.020000000000000004,0.01,0.14,0.37374101536614557
Iceland,ISL,1968,0.6363550850131903,0.6596154329079278,1.0521698303608011,1.1500000000000001,-0.020000000000000004,0.01,0.14,0.37374101536614557
Iceland,ISL,1969,0.642270947982226,0.6625409137729736,1.0574704244407616,1.1500000000000001,-0.020000000000000004,0.01,0.14,0.37374101536614557
Iceland,ISL,1970,0.6816854185406713,0.6982891324598102,1.1009710842676745,1.1500000000000001,-0.020000000000000004,0.01,0.14,0.37374101536614557
Iceland,ISL,1971,0.767142644650689,0.7819074845787348,1.1913325796328418,1.1500000000000001,-0.020000000000000004,0.01,0.14,0.37374101536614557
Iceland,ISL,1972,0.7940873008534881,0.8127129711892964,1.217402410949282,1.1500000000000001,-0.020000000000000004,0.01,0.14,0.37374101536614557
Iceland,ISL,1973,0.8281969126911188,0.8451264106327261,1.2517366208693241,1.1500000000000001,-0.020000000000000004,0.01,0.14,0.37374101536614557
Iceland,ISL,1974,0.8439750027449939,0.8622534294423021,1.2680145583004303,1.1500000000000001,-0.020000000000000004,0.01,0.14,0.37374101536614557
Iceland,ISL,1975,0.8154448927419251,0.8363986943713826,1.2374877438270735,1.1500000000000001,-0.020000000000000004,0.01,0.14,0.37374101536614557
Iceland,ISL,1976,0.8294833683612732,0.8496230700604346,1.2544053302233031,1.1500000000000001,-0.020000000000000004,0.01,0.14,0.37374101536614557
Iceland,ISL,1977,0.903579603410078,0.920198034636238,1.3253827440603274,1.1500000000000001,-0.020000000000000004,0.01,0.14,0.37374101536614557
Iceland,ISL,1978,0.9296461263397777,0.9463740597941319,1.3513229407736618,1.1500000000000001,-0.020000000000000004,0.01,0.14,0.37374101536614557
Iceland,ISL,1979,0.953986585243888,0.9686285877825633,1.3745048210393795,1.1500000000000001,-0.020000000000000004,0.01,0.14,0.37374101536614557
Iceland,ISL,1980,0.9716256219548973,0.9853304093955315,1.3946202276327382,1.1500000000000001,-0.020000000000000004,0.01,0.14,0.37374101536614557
Iceland,ISL,1981,0.9622568883131373,0.9763820955962053,1.3895872781996643,1.1500000000000001,-0.020000000000000004,0.01,0.14,0.37374101536614557
Iceland,ISL,1982,0.9398603491312802,0.9539418919056435,1.3701199734010894,1.1500000000000001,-0.020000000000000004,0.01,0.14,0.37374101536614557
Iceland,ISL,1983,0.8897275689050148,0.9038053735228773,1.320090231178595,1.1500000000000001,-0.020000000000000004,0.01,0.14,0.37374101536614557
Iceland,ISL,1984,0.9066840659223896,0.9168495777899084,1.340353832392859,1.1500000000000001,-0.020000000000000004,0.01,0.14,0.37374101536614557
Iceland,ISL,1985,0.8949768690951934,0.9053176275057093,1.3353512109491512,1.1500000000000001,-0.020000000000000004,0.01,0.14,0.37374101536614557
Iceland,ISL,1986,0.9199485933685558,0.9292579360922373,1.3650557369003207,1.1500000000000001,-0.020000000000000004,0.01,0.14,0.37374101536614557
Iceland,ISL,1987,0.9531966320682699,0.9611457154714493,1.4052741432883775,1.1500000000000001,-0.020000000000000004,0.01,0.14,0.37374101536614557
Iceland,ISL,1988,0.9583240868740397,0.9669275056877673,1.4030709950114866,1.1500000000000001,-0.020000000000000004,0.01,0.14,0.37374101536614557
Iceland,ISL,1989,0.9546907882030311,0.9635158075557912,1.3958130867075829,1.1500000000000001,-0.020000000000000004,0.01,0.14,0.37374101536614557
Iceland,ISL,1990,0.9605731351696294,0.9682630520298474,1.3996968917553936,1.1500000000000001,-0.020000000000000004,0.01,0.14,0.37374101536614557
Iceland,ISL,1991,0.9457794365610477,0.9528905032461878,1.3849514976759774,1.1500000000000001,-0.020000000000000004,0.01,0.14,0.37374101536614557
Iceland,ISL,1992,0.8996946619480664,0.9068002237934669,1.3392707942777875,1.1500000000000001,-0.020000000000000004,0.01,0.14,0.37374101536614557
Iceland,ISL,1993,0.8982793573452446,0.9046100198863352,1.3408037263012487,1.1500000000000001,-0.020000000000000004,0.01,0.14,0.37374101536614557
Iceland,ISL,1994,0.9286813321874323,0.934569746169319,1.3721815650953975,1.1500000000000001,-0.020000000000000004,0.01,0.14,0.37374101536614557
Iceland,ISL,1995,0.9055778429855179,0.9108439551262686,1.3542133003574,1.1500000000000001,-0.020000000000000004,0.01,0.14,0.37374101536614557
Iceland,ISL,1996,0.9306336180416608,0.9357443028760501,1.3838791198876468,1.1500000000000001,-0.020000000000000004,0.01,0.14,0.37374101536614557
Iceland,ISL,1997,0.964208796943125,0.9695626680440954,1.421416410569964,1.1500000000000001,-0.020000000000000004,0.01,0.14,0.37374101536614557
Iceland,ISL,1998,1.0026882417890999,1.0079729992631323,1.4646352077197622,1.1500000000000001,-0.020000000000000004,0.01,0.14,0.37374101536614557
Iceland,ISL,1999,1.0127194321016075,1.0184222247355486,1.4753149433984807,1.1500000000000001,-0.020000000000000004,0.01,0.14,0.37374101536614557
Iceland,ISL,2000,1.0181047938176722,1.0233682670619846,1.4811947428685093,1.1500000000000001,-0.020000000000000004,0.01,0.14,0.37374101536614557
Iceland,ISL,2001,1.027782619848164,1.0331346916241602,1.484679517187986,1.1500000000000001,-0.020000000000000004,0.01,0.14,0.37374101536614557
Iceland,ISL,2002,1.0423270107637297,1.047244071441682,1.484234221804566,1.1500000000000001,-0.020000000000000004,0.01,0.14,0.37374101536614557
Iceland,ISL,2003,1.0640523187756736,1.0685143656160205,1.4969876404700306,1.1500000000000001,-0.020000000000000004,0.01,0.14,0.37374101536614557
Iceland,ISL,2004,1.1266798600444545,1.1310972659589158,1.556181908602495,1.1500000000000001,-0.020000000000000004,0.01,0.14,0.37374101536614557
Iceland,ISL,2005,1.152282517138592,1.1567057133557546,1.5813089524316868,1.1500000000000001,-0.020000000000000004,0.01,0.14,0.37374101536614557
Iceland,ISL,2006,1.1528761857880339,1.157174601489122,1.5830583199614505,1.1500000000000001,-0.020000000000000004,0.01,0.14,0.37374101536614557
Iceland,ISL,2007,1.195379731209325,1.1992925554240088,1.6233456596108953,1.1500000000000001,-0.020000000000000004,0.01,0.14,0.37374101536614557
Iceland,ISL,2008,1.1878905952759862,1.1914044147531957,1.6143397380707967,1.1500000000000001,-0.020000000000000004,0.01,0.14,0.37374101536614557
Iceland,ISL,2009,1.1856664697618555,1.1888942133151241,1.5925319552353674,1.1500000000000001,-0.020000000000000004,0.01,0.14,0.37374101536614557
Iceland,ISL,2010,1.1488908282732107,1.1519001565566143,1.5555052889215406,1.1500000000000001,-0.020000000000000004,0.01,0.14,0.37374101536614557
Iceland,ISL,2011,1.150667618460199,1.1535627497070111,1.5626810776827567,1.1500000000000001,-0.020000000000000004,0.01,0.14,0.37374101536614557
Iceland,ISL,2012,1.153662851525147,1.1564774291597502,1.5711317831753062,1.1500000000000001,-0.020000000000000004,0.01,0.14,0.37374101536614557
Iceland,ISL,2013,1.1764291523907096,1.1791646000525011,1.600582627018941,1.1500000000000001,-0.020000000000000004,0.01,0.14,0.37374101536614557
Iceland,ISL,2014,1.1854263778184135,1.1880680678721314,1.6209590174659092,1.1500000000000001,-0.020000000000000004,0.01,0.14,0.37374101536614557
Iceland,ISL,2015,1.2101560706336159,1.2127129279806983,1.6553571746873441,1.1500000000000001,-0.020000000000000004,0.01,0.14,0.37374101536614557
Iceland,ISL,2016,1.2458086381553812,1.2482712963429883,1.697849776302479,1.1500000000000001,-0.020000000000000004,0.01,0.14,0.37374101536614557
Iceland,ISL,2017,1.2640668613878576,1.2664260662075701,1.7212708503377359,1.1500000000000001,-0.020000000000000004,0.01,0.14,0.37374101536614557
Iceland,ISL,2018,1.2849571461297202,1.2871909369991972,1.7443551229385044,1.1500000000000001,-0.020000000000000004,0.01,0.14,0.37374101536614557
Iceland,ISL,2019,1.2914292176977327,1.2935186582424052,1.7528760036859787,1.1500000000000001,-0.020000000000000004,0.01,0.14,0.37374101536614557
Ireland,IRL,1950,0.2815424723495008,0.2815424723495008,0.2815424723495008,5.0,0.12,0.01,0.0,0.4793138384819031
Ireland,IRL,1951,0.3046831289938323,0.3287453844935877,0.30496699998195087,5.0,0.12,0.01,0.0,0.4793138384819031
Ireland,IRL,1952,0.27133570609725943,0.3203973181871893,0.2716800700640576,5.0,0.12,0.01,0.0,0.4793138384819031
Ireland,IRL,1953,0.30037071508690083,0.3623207574600906,0.3006273910793782,5.0,0.12,0.01,0.0,0.4793138384819031
Ireland,IRL,1954,0.30020270652009273,0.37361740237123886,0.30047095923768286,5.0,0.12,0.01,0.0,0.4793138384819031
Ireland,IRL,1955,0.3425955014338493,0.42226570468838265,0.34282998841802925,5.0,0.12,0.01,0.0,0.4793138384819031
Ireland,IRL,1956,0.2999801762802736,0.3877686431471803,0.30025331937711464,5.0,0.12,0.01,0.0,0.4793138384819031
Ireland,IRL,1957,0.281757906161741,0.3692001925155033,0.28195341935904317,5.0,0.12,0.01,0.0,0.4793138384819031
Ireland,IRL,1958,0.2825226313143787,0.364994629349197,0.28266643046687,5.0,0.12,0.01,0.0,0.4793138384819031
Ireland,IRL,1959,0.3384367023358248,0.4155679819474418,0.3385700927035673,5.0,0.12,0.01,0.0,0.4793138384819031
Ireland,IRL,1960,0.3662183757429043,0.44576590292899,0.3664370153707459,5.0,0.12,0.01,0.0,0.4793138384819031
Ireland,IRL,1961,0.4033215763382936,0.4822767868982307,0.4035156919116254,5.0,0.12,0.01,0.0,0.4793138384819031
Ireland,IRL,1962,0.4204643438337383,0.4995263017527378,0.4206701987900159,5.0,0.12,0.01,0.0,0.4793138384819031
Ireland,IRL,1963,0.44901177341426646,0.5286731427804483,0.4492286864938295,5.0,0.12,0.01,0.0,0.4793138384819031
Ireland,IRL,1964,0.46969818767616545,0.5518908958924422,0.4699365204076127,5.0,0.12,0.01,0.0,0.4793138384819031
Ireland,IRL,1965,0.47182053457432804,0.5585065759009726,0.4720826330935157,5.0,0.12,0.01,0.0,0.4793138384819031
Ireland,IRL,1966,0.4513419177704341,0.5431989538313111,0.4516191499974065,5.0,0.12,0.01,0.0,0.4793138384819031
Ireland,IRL,1967,0.48473877824736,0.576724412197466,0.48496647453517916,5.0,0.12,0.01,0.0,0.4793138384819031
Ireland,IRL,1968,0.551463847508475,0.6427850093614884,0.5516812127278312,5.0,0.12,0.01,0.0,0.4793138384819031
Ireland,IRL,1969,0.5953700241799078,0.6896376436118441,0.59562533440777,5.0,0.12,0.01,0.0,0.4793138384819031
Ireland,IRL,1970,0.5893726740046157,0.69152190366336,0.5896902295598325,5.0,0.12,0.01,0.0,0.4793138384819031
Ireland,IRL,1971,0.5914743577739117,0.6979440207744991,0.5917692412399234,5.0,0.12,0.01,0.0,0.4793138384819031
Ireland,IRL,1972,0.6381860298276649,0.7470750547675005,0.638469860641627,5.0,0.12,0.01,0.0,0.4793138384819031
Ireland,IRL,1973,0.6487880102450996,0.7621210854024421,0.6490996444370776,5.0,0.12,0.01,0.0,0.4793138384819031
Ireland,IRL,1974,0.6560396833945346,0.7762809608448658,0.6563891098607639,5.0,0.12,0.01,0.0,0.4793138384819031
Ireland,IRL,1975,0.6807173106099649,0.8072127585222342,0.6810743840127778,5.0,0.12,0.01,0.0,0.4793138384819031
Ireland,IRL,1976,0.6753014855703476,0.7964698768399394,0.6755406416579044,5.0,0.12,0.01,0.0,0.4793138384819031
Ireland,IRL,1977,0.7140892314879013,0.834214855189356,0.7143660509515444,5.0,0.12,0.01,0.0,0.4793138384819031
Ireland,IRL,1978,0.7463494958166077,0.8697371689850169,0.7466730487747322,5.0,0.12,0.01,0.0,0.4793138384819031
Ireland,IRL,1979,0.7210918478065933,0.8492037304713982,0.7214380840617158,5.0,0.12,0.01,0.0,0.4793138384819031
Ireland,IRL,1980,0.72229621977307,0.8592197786873443,0.722698330888706,5.0,0.12,0.01,0.0,0.4793138384819031
Ireland,IRL,1981,0.7323812589212633,0.8687181247920615,0.7326976316464275,5.0,0.12,0.01,0.0,0.4793138384819031
Ireland,IRL,1982,0.725885482273867,0.8623119260814143,0.7262081500053243,5.0,0.12,0.01,0.0,0.4793138384819031
Ireland,IRL,1983,0.6980568046915909,0.833221310043732,0.6983636326329767,5.0,0.12,0.01,0.0,0.4793138384819031
Ireland,IRL,1984,0.73192816521028,0.8587734147772714,0.7321520032345568,5.0,0.12,0.01,0.0,0.4793138384819031
Ireland,IRL,1985,0.7405568138125549,0.8587352237508963,0.7407595548986237,5.0,0.12,0.01,0.0,0.4793138384819031
Ireland,IRL,1986,0.7123944987655113,0.8195123940114915,0.7125520002156884,5.0,0.12,0.01,0.0,0.4793138384819031
Ireland,IRL,1987,0.7447655566418971,0.8405160476520681,0.7448960105184756,5.0,0.12,0.01,0.0,0.4793138384819031
Ireland,IRL,1988,0.779042596176204,0.8636339719219599,0.7791513234886089,5.0,0.12,0.01,0.0,0.4793138384819031
Ireland,IRL,1989,0.8181531033366598,0.893908006936095,0.8182678873196378,5.0,0.12,0.01,0.0,0.4793138384819031
Ireland,IRL,1990,0.8606752505773185,0.9326681132296066,0.8608303846899874,5.0,0.12,0.01,0.0,0.4793138384819031
Ireland,IRL,1991,0.8666988293171807,0.9423525714444434,0.8669273587999831,5.0,0.12,0.01,0.0,0.4793138384819031
Ireland,IRL,1992,0.8898671760823866,0.9660467192691611,0.890063129357336,5.0,0.12,0.01,0.0,0.4793138384819031
Ireland,IRL,1993,0.8981840878598968,0.9713538187968886,0.8983344118399588,5.0,0.12,0.01,0.0,0.4793138384819031
Ireland,IRL,1994,0.921079240138206,0.9906111498954573,0.92121258810017,5.0,0.12,0.01,0.0,0.4793138384819031
Ireland,IRL,1995,0.9730348157939366,1.0422892025468524,0.9731945894366527,5.0,0.12,0.01,0.0,0.4793138384819031
Ireland,IRL,1996,1.0024720501708275,1.077231765850609,1.0026909830766497,5.0,0.12,0.01,0.0,0.4793138384819031
Ireland,IRL,1997,1.0589255070715078,1.141470365493702,1.0591769218267766,5.0,0.12,0.01,0.0,0.4793138384819031
Ireland,IRL,1998,1.0792844827295411,1.1702604460117483,1.0795548473746637,5.0,0.12,0.01,0.0,0.4793138384819031
Ireland,IRL,1999,1.1185709644309032,1.2168932593038102,1.11884420053096,5.0,0.12,0.01,0.0,0.4793138384819031
Ireland,IRL,2000,1.156683511891159,1.261783230012453,1.1569647007637371,5.0,0.12,0.01,0.0,0.4793138384819031
Ireland,IRL,2001,1.1656832104879031,1.2743465663091076,1.165943424561335,5.0,0.12,0.01,0.0,0.4793138384819031
Ireland,IRL,2002,1.1929206798574334,1.3025175059007648,1.1931606333728055,5.0,0.12,0.01,0.0,0.4793138384819031
Ireland,IRL,2003,1.19091102804971,1.3001968342290313,1.1911404685410503,5.0,0.12,0.01,0.0,0.4793138384819031
Ireland,IRL,2004,1.2157131089047608,1.3251918739498736,1.2159471868282967,5.0,0.12,0.01,0.0,0.4793138384819031
Ireland,IRL,2005,1.2150444336813226,1.3281721326279916,1.215317839261509,5.0,0.12,0.01,0.0,0.4793138384819031
Ireland,IRL,2006,1.2097391820692263,1.3298856233723555,1.2100583209633538,5.0,0.12,0.01,0.0,0.4793138384819031
Ireland,IRL,2007,1.2058080915741485,1.337126826099821,1.2061876534833162,5.0,0.12,0.01,0.0,0.4793138384819031
Ireland,IRL,2008,1.1294652096794042,1.2692816272083167,1.1298380614560202,5.0,0.12,0.01,0.0,0.4793138384819031
Ireland,IRL,2009,1.0955958603971334,1.2336261636739048,1.095872086633805,5.0,0.12,0.01,0.0,0.4793138384819031
Ireland,IRL,2010,1.139225556832506,1.2661091740422794,1.1393939671671633,5.0,0.12,0.01,0.0,0.4793138384819031
Ireland,IRL,2011,1.136100396917084,1.2500671625800424,1.1362288774348848,5.0,0.12,0.01,0.0,0.4793138384819031
Ireland,IRL,2012,1.1263623668689577,1.229449413447946,1.1264916155057882,5.0,0.12,0.01,0.0,0.4793138384819031
Ireland,IRL,2013,1.1041064597823365,1.203444574352618,1.1042967174612475,5.0,0.12,0.01,0.0,0.4793138384819031
Ireland,IRL,2014,1.1563793395759374,1.249236263380391,1.1565326915704919,5.0,0.12,0.01,0.0,0.4793138384819031
Ireland,IRL,2015,1.3381265862585243,1.4318717644398964,1.3383504671089046,5.0,0.12,0.01,0.0,0.4793138384819031
Ireland,IRL,2016,1.3067817544426985,1.413519680692782,1.3071381940042972,5.0,0.12,0.01,0.0,0.4793138384819031
Ireland,IRL,2017,1.324339481225028,1.4568916461120427,1.324850936309434,5.0,0.12,0.01,0.0,0.4793138384819031
Ireland,IRL,2018,1.3449679699058112,1.4934852072446292,1.3454144210746692,5.0,0.12,0.01,0.0,0.4793138384819031
Ireland,IRL,2019,1.3576301169889895,1.5106585476481849,1.357976136993086,5.0,0.12,0.01,0.0,0.4793138384819031
Israel,ISR,1950,-0.17648891688311963,-0.17648891688311963,-0.17648891688311963,0.05,0.12,6.0,0.0,0.42368098752839223
Israel,ISR,1951,-0.018574032687563857,-0.013325835867866509,0.012508768070359721,0.05,0.12,6.0,0.0,0.42368098752839223
Israel,ISR,1952,-0.050056523581584855,-0.041945495915003406,0.010402170836498748,0.05,0.12,6.0,0.0,0.42368098752839223
Israel,ISR,1953,-0.1009983084358872,-0.09312913152479485,-0.02227644180918098,0.05,0.12,6.0,0.0,0.42368098752839223
Israel,ISR,1954,0.04964026030258584,0.05498044579984196,0.13526368283770207,0.05,0.12,6.0,0.0,0.42368098752839223
Israel,ISR,1955,0.1443101272549292,0.14962772005120506,0.23599813554980376,0.05,0.12,6.0,0.0,0.42368098752839223
Israel,ISR,1956,0.18736119396908357,0.1950797763899228,0.2868024181454416,0.05,0.12,6.0,0.0,0.42368098752839223
Israel,ISR,1957,0.22960542964401398,0.23724667583476222,0.3313115764176935,0.05,0.12,6.0,0.0,0.42368098752839223
Israel,ISR,1958,0.2590485638479745,0.2692028736681795,0.36492246321590915,0.05,0.12,6.0,0.0,0.42368098752839223
Israel,ISR,1959,0.34509075912777387,0.3572542349005481,0.4534968555411334,0.05,0.12,6.0,0.0,0.42368098752839223
Israel,ISR,1960,0.3732307480527659,0.38792651700215863,0.4839073178000719,0.05,0.12,6.0,0.0,0.42368098752839223
Israel,ISR,1961,0.4272964757578439,0.44429062297374067,0.5391624553371894,0.05,0.12,6.0,0.0,0.42368098752839223
Israel,ISR,1962,0.4670686152115273,0.48738637936388685,0.5807881903940766,0.05,0.12,6.0,0.0,0.42368098752839223
Israel,ISR,1963,0.5124457776981224,0.5354342942789305,0.6267625046534597,0.05,0.12,6.0,0.0,0.42368098752839223
Israel,ISR,1964,0.555443181892807,0.5799536341103311,0.668881294557143,0.05,0.12,6.0,0.0,0.42368098752839223
Israel,ISR,1965,0.4888744783674923,0.5185397553998241,0.6058336538748019,0.05,0.12,6.0,0.0,0.42368098752839223
Israel,ISR,1966,0.5310234348456815,0.5621389953334095,0.6472731558995788,0.05,0.12,6.0,0.0,0.42368098752839223
Israel,ISR,1967,0.4987307669751164,0.5295219238376969,0.6116513441257263,0.05,0.12,6.0,0.0,0.42368098752839223
Israel,ISR,1968,0.48844845802501613,0.5142658649488077,0.5920142278027773,0.05,0.12,6.0,0.0,0.42368098752839223
Israel,ISR,1969,0.6040160243869668,0.6213795335122114,0.6934508972774003,0.05,0.12,6.0,0.0,0.42368098752839223
Israel,ISR,1970,0.6921658003845765,0.7108361496821534,0.7779756690186117,0.05,0.12,6.0,0.0,0.42368098752839223
Israel,ISR,1971,0.7464577799143495,0.7713783502811413,0.8348883477872757,0.05,0.12,6.0,0.0,0.42368098752839223
Israel,ISR,1972,0.7966356006041648,0.8305241552833378,0.891659931830528,0.05,0.12,6.0,0.0,0.42368098752839223
Israel,ISR,1973,0.7865073760445664,0.8289807451809521,0.8885361400549154,0.05,0.12,6.0,0.0,0.42368098752839223
Israel,ISR,1974,0.8080400350976022,0.8559969064975261,0.9141179735179055,0.05,0.12,6.0,0.0,0.42368098752839223
Israel,ISR,1975,0.7913142976937406,0.8426020032922352,0.8991573008447045,0.05,0.12,6.0,0.0,0.42368098752839223
Israel,ISR,1976,0.7484286073305624,0.8023425610283299,0.8571667485458061,0.05,0.12,6.0,0.0,0.42368098752839223
Israel,ISR,1977,0.7128492555763959,0.7634882208995499,0.8159604158594442,0.05,0.12,6.0,0.0,0.42368098752839223
Israel,ISR,1978,0.7159589763332388,0.7616717222078044,0.8113622276011885,0.05,0.12,6.0,0.0,0.42368098752839223
Israel,ISR,1979,0.7406751429256575,0.7829764230505196,0.8297503863183913,0.05,0.12,6.0,0.0,0.42368098752839223
Israel,ISR,1980,0.7260597061501111,0.7686745095955478,0.8127149885826119,0.05,0.12,6.0,0.0,0.42368098752839223
Israel,ISR,1981,0.7429543159754068,0.7819287032039206,0.8231229539980385,0.05,0.12,6.0,0.0,0.42368098752839223
Israel,ISR,1982,0.744258775246518,0.7792536532568652,0.8175189997215373,0.05,0.12,6.0,0.0,0.42368098752839223
Israel,ISR,1983,0.7432370519805316,0.7781327320846732,0.8137185926291117,0.05,0.12,6.0,0.0,0.42368098752839223
Israel,ISR,1984,0.7215552453133727,0.7582074174372186,0.7914490196337223,0.05,0.12,6.0,0.0,0.42368098752839223
Israel,ISR,1985,0.7473764085547554,0.7831223794516582,0.81422153389319,0.05,0.12,6.0,0.0,0.42368098752839223
Israel,ISR,1986,0.7665060950752078,0.7990095463012326,0.8280917344416592,0.05,0.12,6.0,0.0,0.42368098752839223
Israel,ISR,1987,0.8060218227868434,0.8368313797112714,0.8640760426384215,0.05,0.12,6.0,0.0,0.42368098752839223
Israel,ISR,1988,0.8097250494439319,0.8402251843165729,0.8658264113416356,0.05,0.12,6.0,0.0,0.42368098752839223
Israel,ISR,1989,0.7829143587045921,0.8132999766799411,0.837426414588565,0.05,0.12,6.0,0.0,0.42368098752839223
Israel,ISR,1990,0.8275570773209733,0.857282222118644,0.8800317924567507,0.05,0.12,6.0,0.0,0.42368098752839223
Israel,ISR,1991,0.8542756546910502,0.8878061253110117,0.9093197019264423,0.05,0.12,6.0,0.0,0.42368098752839223
Israel,ISR,1992,0.8593259144957228,0.9052120177418761,0.9256857759878052,0.05,0.12,6.0,0.0,0.42368098752839223
Israel,ISR,1993,0.8328529615775224,0.8897145671440416,0.9092305513753951,0.05,0.12,6.0,0.0,0.42368098752839223
Israel,ISR,1994,0.8223644223130604,0.8886676826583999,0.9072054708661685,0.05,0.12,6.0,0.0,0.42368098752839223
Israel,ISR,1995,0.8400368377064114,0.9141712770270152,0.9316636990878688,0.05,0.12,6.0,0.0,0.42368098752839223
Israel,ISR,1996,0.826834031509815,0.9096681296686242,0.9260460549426215,0.05,0.12,6.0,0.0,0.42368098752839223
Israel,ISR,1997,0.8166702075536874,0.9063121733489714,0.9214987276612634,0.05,0.12,6.0,0.0,0.42368098752839223
Israel,ISR,1998,0.8219427181482626,0.913698210071078,0.9276331074252155,0.05,0.12,6.0,0.0,0.42368098752839223
Israel,ISR,1999,0.8137858955852186,0.9035713266024228,0.9162459711642068,0.05,0.12,6.0,0.0,0.42368098752839223
Israel,ISR,2000,0.8507672150048791,0.9386349850613751,0.950079842587976,0.05,0.12,6.0,0.0,0.42368098752839223
Israel,ISR,2001,0.8358452159766196,0.9217341765278446,0.9320056442660611,0.05,0.12,6.0,0.0,0.42368098752839223
Israel,ISR,2002,0.8048681665718878,0.8871136840284004,0.8963043644667348,0.05,0.12,6.0,0.0,0.42368098752839223
Israel,ISR,2003,0.7993093820881612,0.8751711160036679,0.8834249903649329,0.05,0.12,6.0,0.0,0.42368098752839223
Israel,ISR,2004,0.8322913075527039,0.9004560483159985,0.9079428633962499,0.05,0.12,6.0,0.0,0.42368098752839223
Israel,ISR,2005,0.8418317583857577,0.9036855037579619,0.9105407134705139,0.05,0.12,6.0,0.0,0.42368098752839223
Israel,ISR,2006,0.8659749331554405,0.9235522491719861,0.9298671145789106,0.05,0.12,6.0,0.0,0.42368098752839223
Israel,ISR,2007,0.8748686701939432,0.9296924089628922,0.9355198982747419,0.05,0.12,6.0,0.0,0.42368098752839223
Israel,ISR,2008,0.8658043561159277,0.9191558087042884,0.9245142124594015,0.05,0.12,6.0,0.0,0.42368098752839223
Israel,ISR,2009,0.8423373871631012,0.894858962019577,0.899738183081153,0.05,0.12,6.0,0.0,0.42368098752839223
Israel,ISR,2010,0.8658514037087857,0.9139390765112747,0.9184112282190293,0.05,0.12,6.0,0.0,0.42368098752839223
Israel,ISR,2011,0.8838580490329191,0.9298907338727158,0.933969995891851,0.05,0.12,6.0,0.0,0.42368098752839223
Israel,ISR,2012,0.8752180576750659,0.9223865184778113,0.9260138084622183,0.05,0.12,6.0,0.0,0.42368098752839223
Israel,ISR,2013,0.8871424394026342,0.9359352167694199,0.939041541575472,0.05,0.12,6.0,0.0,0.42368098752839223
Israel,ISR,2014,0.8916735800981117,0.944362465243179,0.9468177231185351,0.05,0.12,6.0,0.0,0.42368098752839223
Israel,ISR,2015,0.8786254113979455,0.9352222391356904,0.9369199350134663,0.05,0.12,6.0,0.0,0.42368098752839223
Israel,ISR,2016,0.8766578084325118,0.933733080221085,0.9347116596709624,0.05,0.12,6.0,0.0,0.42368098752839223
Israel,ISR,2017,0.8766184880897443,0.9349776148726656,0.9352628171240873,0.05,0.12,6.0,0.0,0.42368098752839223
Israel,ISR,2018,0.8805914661848044,0.9404113348946455,0.9400229470724542,0.05,0.12,6.0,0.0,0.42368098752839223
Israel,ISR,2019,0.88677051331935,0.948386332499429,0.947326328760222,0.05,0.12,6.0,0.0,0.42368098752839223
Italy,ITA,1950,0.20236293749545542,0.20236293749545542,0.8197528194172325,0.05,-0.08,0.01,0.34,0.43799737649304527
Italy,ITA,1951,0.271877247831509,0.27207652730877907,0.8846073198242403,0.05,-0.08,0.01,0.34,0.43799737649304527
Italy,ITA,1952,0.2928560790119503,0.2930821368342169,0.8998134917954541,0.05,-0.08,0.01,0.34,0.43799737649304527
Italy,ITA,1953,0.33021547191791,0.33043752337236487,0.9319681132514166,0.05,-0.08,0.01,0.34,0.43799737649304527
Italy,ITA,1954,0.34418917850522135,0.34442586118996044,0.9404982309953658,0.05,-0.08,0.01,0.34,0.43799737649304527
Italy,ITA,1955,0.37701571377128573,0.377256575193897,0.9633444793792849,0.05,-0.08,0.01,0.34,0.43799737649304527
Italy,ITA,1956,0.3931067672595496,0.39337066035350166,0.9700173252008719,0.05,-0.08,0.01,0.34,0.43799737649304527
Italy,ITA,1957,0.4046808082589486,0.4049476523920603,0.9727634220253174,0.05,-0.08,0.01,0.34,0.43799737649304527
Italy,ITA,1958,0.42440653242280746,0.42467574687277665,0.9837652378294264,0.05,-0.08,0.01,0.34,0.43799737649304527
Italy,ITA,1959,0.4628800552396193,0.463140716004129,1.012599569552599,0.05,-0.08,0.01,0.34,0.43799737649304527
Italy,ITA,1960,0.5141317801027787,0.5144022455449617,1.0538404457053554,0.05,-0.08,0.01,0.34,0.43799737649304527
Italy,ITA,1961,0.5675038588188288,0.5677944822625021,1.0929990745367335,0.05,-0.08,0.01,0.34,0.43799737649304527
Italy,ITA,1962,0.6139571244992332,0.6142485290949544,1.1150573056450495,0.05,-0.08,0.01,0.34,0.43799737649304527
Italy,ITA,1963,0.6540429718830252,0.6543251799319663,1.1314251115086313,0.05,-0.08,0.01,0.34,0.43799737649304527
Italy,ITA,1964,0.6567535159806264,0.6570375139559861,1.1166386186583512,0.05,-0.08,0.01,0.34,0.43799737649304527
Italy,ITA,1965,0.6956568606914271,0.6958947580195574,1.1242630034032208,0.05,-0.08,0.01,0.34,0.43799737649304527
Italy,ITA,1966,0.7379730600554693,0.7381742742893191,1.152014201135192,0.05,-0.08,0.01,0.34,0.43799737649304527
Italy,ITA,1967,0.7721677444698649,0.7723689734010923,1.1817382402670336,0.05,-0.08,0.01,0.34,0.43799737649304527
Italy,ITA,1968,0.8156060753177261,0.8158228943516175,1.2100113884288017,0.05,-0.08,0.01,0.34,0.43799737649304527
Italy,ITA,1969,0.8556122731267859,0.8558276579995985,1.2327380811119473,0.05,-0.08,0.01,0.34,0.43799737649304527
Italy,ITA,1970,0.951822637938907,0.9520572401588732,1.3121679551493886,0.05,-0.08,0.01,0.34,0.43799737649304527
Italy,ITA,1971,0.9471144444736064,0.9474395878747064,1.2814626158439166,0.05,-0.08,0.01,0.34,0.43799737649304527
Italy,ITA,1972,0.9592731138640662,0.9595414382904828,1.275494218925835,0.05,-0.08,0.01,0.34,0.43799737649304527
Italy,ITA,1973,0.9962342332800143,0.9964881082436303,1.3014419739641117,0.05,-0.08,0.01,0.34,0.43799737649304527
Italy,ITA,1974,1.0187348051902898,1.0190142449862911,1.3097848374719407,0.05,-0.08,0.01,0.34,0.43799737649304527
Italy,ITA,1975,0.9682289306856973,0.968523728978055,1.243297486934202,0.05,-0.08,0.01,0.34,0.43799737649304527
Italy,ITA,1976,1.0087388040181695,1.0089323665629921,1.2785397949429589,0.05,-0.08,0.01,0.34,0.43799737649304527
Italy,ITA,1977,1.015916287773475,1.0161392364179473,1.2706497663402003,0.05,-0.08,0.01,0.34,0.43799737649304527
Italy,ITA,1978,1.0258592380448945,1.0260462309758465,1.2714102454844403,0.05,-0.08,0.01,0.34,0.43799737649304527
Italy,ITA,1979,1.0573492014076153,1.05752312668404,1.2978700167621802,0.05,-0.08,0.01,0.34,0.43799737649304527
Italy,ITA,1980,1.0584935849750767,1.0586838617854974,1.2955942897202681,0.05,-0.08,0.01,0.34,0.43799737649304527
Italy,ITA,1981,1.0394644486871103,1.0396764907605522,1.26938754403522,0.05,-0.08,0.01,0.34,0.43799737649304527
Italy,ITA,1982,1.0163761904147322,1.0165513991960102,1.2433726568021748,0.05,-0.08,0.01,0.34,0.43799737649304527
Italy,ITA,1983,1.0038870486534375,1.0040488763631092,1.2288118956465315,0.05,-0.08,0.01,0.34,0.43799737649304527
Italy,ITA,1984,1.0201262264371636,1.0202671018432028,1.24010869567879,0.05,-0.08,0.01,0.34,0.43799737649304527
Italy,ITA,1985,1.0235275222150806,1.023684446710866,1.2424764524747731,0.05,-0.08,0.01,0.34,0.43799737649304527
Italy,ITA,1986,1.023293850357514,1.023449941244773,1.2437778243129163,0.05,-0.08,0.01,0.34,0.43799737649304527
Italy,ITA,1987,1.0287894277424758,1.0289413635147744,1.2494967219838609,0.05,-0.08,0.01,0.34,0.43799737649304527
Italy,ITA,1988,1.040262320266689,1.0404266921025966,1.2624518846592818,0.05,-0.08,0.01,0.34,0.43799737649304527
Italy,ITA,1989,1.0511279985367734,1.0513024272010014,1.2691368601745583,0.05,-0.08,0.01,0.34,0.43799737649304527
Italy,ITA,1990,1.045226548726487,1.0454020911799384,1.26115788270483,0.05,-0.08,0.01,0.34,0.43799737649304527
Italy,ITA,1991,1.0320980525232226,1.0322695028650886,1.2477450361808535,0.05,-0.08,0.01,0.34,0.43799737649304527
Italy,ITA,1992,1.0226877700360708,1.0228584193087666,1.2319649318090398,0.05,-0.08,0.01,0.34,0.43799737649304527
Italy,ITA,1993,1.0093377488089716,1.0095026252993904,1.206032756779822,0.05,-0.08,0.01,0.34,0.43799737649304527
Italy,ITA,1994,1.0238421760938659,1.0239737455041737,1.2132316954162667,0.05,-0.08,0.01,0.34,0.43799737649304527
Italy,ITA,1995,1.0346279841602568,1.0347640985789894,1.2224009126479252,0.05,-0.08,0.01,0.34,0.43799737649304527
Italy,ITA,1996,1.023772128583074,1.0239211614306507,1.212402471186365,0.05,-0.08,0.01,0.34,0.43799737649304527
Italy,ITA,1997,1.0276505461461607,1.0277802958297597,1.2131936744462393,0.05,-0.08,0.01,0.34,0.43799737649304527
Italy,ITA,1998,1.022841252938,1.022957120302558,1.2089085562177955,0.05,-0.08,0.01,0.34,0.43799737649304527
Italy,ITA,1999,1.0213849880596717,1.0214877728380456,1.2051261155171935,0.05,-0.08,0.01,0.34,0.43799737649304527
Italy,ITA,2000,1.0403472361056325,1.0404480017769195,1.224406718075655,0.05,-0.08,0.01,0.34,0.43799737649304527
Italy,ITA,2001,1.0376548424507765,1.0377611838713552,1.2217758815884214,0.05,-0.08,0.01,0.34,0.43799737649304527
Italy,ITA,2002,1.0191593457301318,1.01926256126879,1.2014023795424773,0.05,-0.08,0.01,0.34,0.43799737649304527
Italy,ITA,2003,1.001655567404594,1.00175827153826,1.1803425956371236,0.05,-0.08,0.01,0.34,0.43799737649304527
Italy,ITA,2004,1.000288786712355,1.0003846354836359,1.1769440975763819,0.05,-0.08,0.01,0.34,0.43799737649304527
Italy,ITA,2005,0.9927641761500983,0.9928690332436299,1.168004215035924,0.05,-0.08,0.01,0.34,0.43799737649304527
Italy,ITA,2006,0.985708128170355,0.985808853341668,1.166364740235256,0.05,-0.08,0.01,0.34,0.43799737649304527
Italy,ITA,2007,0.9787806597372777,0.9788912409877017,1.160298630751253,0.05,-0.08,0.01,0.34,0.43799737649304527
Italy,ITA,2008,0.9596390551760914,0.9597485770187717,1.1328248809552055,0.05,-0.08,0.01,0.34,0.43799737649304527
Italy,ITA,2009,0.9126337436495371,0.9127329604071894,1.0686809430281499,0.05,-0.08,0.01,0.34,0.43799737649304527
Italy,ITA,2010,0.9224821973401625,0.9225519858280542,1.0737736721253106,0.05,-0.08,0.01,0.34,0.43799737649304527
Italy,ITA,2011,0.9196411879077608,0.9197034854654458,1.0680449964886427,0.05,-0.08,0.01,0.34,0.43799737649304527
Italy,ITA,2012,0.8938094651843267,0.8938722106329724,1.0321920359785022,0.05,-0.08,0.01,0.34,0.43799737649304527
Italy,ITA,2013,0.8877054761679357,0.8877462233396303,1.0123093880308613,0.05,-0.08,0.01,0.34,0.43799737649304527
Italy,ITA,2014,0.8857213240142094,0.8857509767978247,1.006126946052075,0.05,-0.08,0.01,0.34,0.43799737649304527
Italy,ITA,2015,0.8818787593757911,0.8819085243222728,1.0031551799207863,0.05,-0.08,0.01,0.34,0.43799737649304527
Italy,ITA,2016,0.8781917384702611,0.8782247586974021,1.0036454625781506,0.05,-0.08,0.01,0.34,0.43799737649304527
Italy,ITA,2017,0.881536752836305,0.881577152377389,1.00778356204354,0.05,-0.08,0.01,0.34,0.43799737649304527
Italy,ITA,2018,0.8775548498858097,0.877601933388461,1.004292914665565,0.05,-0.08,0.01,0.34,0.43799737649304527
Italy,ITA,2019,0.8710974252193502,0.871148001895568,0.9943437849577972,0.05,-0.08,0.01,0.34,0.43799737649304527
Japan,JPN,1950,-0.18923350711324982,-0.18923350711324982,-0.18923350711324982,0.05,-0.08,0.01,0.0,0.40173733830451963
Japan,JPN,1951,-0.13073539914165355,-0.13053658154614656,-0.13053658154614656,0.05,-0.08,0.01,0.0,0.40173733830451963
Japan,JPN,1952,-0.05100436680225329,-0.05071303830830942,-0.05071303830830942,0.05,-0.08,0.01,0.0,0.40173733830451963
Japan,JPN,1953,-0.017868728297563585,-0.01762217994251003,-0.01762217994251003,0.05,-0.08,0.01,0.0,0.40173733830451963
Japan,JPN,1954,-0.008370867317565533,-0.008143421136246332,-0.008143421136246332,0.05,-0.08,0.01,0.0,0.40173733830451963
Japan,JPN,1955,0.008868504235754138,0.00910826667425102,0.00910826667425102,0.05,-0.08,0.01,0.0,0.40173733830451963
Japan,JPN,1956,0.030129572854339592,0.030386261111935653,0.030386261111935653,0.05,-0.08,0.01,0.0,0.40173733830451963
Japan,JPN,1957,0.05493565535995071,0.05522214980739282,0.05522214980739282,0.05,-0.08,0.01,0.0,0.40173733830451963
Japan,JPN,1958,0.07237982264252274,0.07270931553171955,0.07270931553171955,0.05,-0.08,0.01,0.0,0.40173733830451963
Japan,JPN,1959,0.12021423632190409,0.12051879311461633,0.12051879311461633,0.05,-0.08,0.01,0.0,0.40173733830451963
Japan,JPN,1960,0.19130298583483274,0.1916430785214862,0.1916430785214862,0.05,-0.08,0.01,0.0,0.40173733830451963
Japan,JPN,1961,0.25254374016110503,0.25295386102855844,0.25295386102855844,0.05,-0.08,0.01,0.0,0.40173733830451963
Japan,JPN,1962,0.28695525720319814,0.28740620065718137,0.28740620065718137,0.05,-0.08,0.01,0.0,0.40173733830451963
Japan,JPN,1963,0.32465567078153246,0.32507328750908115,0.32507328750908115,0.05,-0.08,0.01,0.0,0.40173733830451963
Japan,JPN,1964,0.37626882101937564,0.3766953345271755,0.3766953345271755,0.05,-0.08,0.01,0.0,0.40173733830451963
Japan,JPN,1965,0.37958334508239666,0.3800302427681954,0.3800302427681954,0.05,-0.08,0.01,0.0,0.40173733830451963
Japan,JPN,1966,0.41945674437172364,0.41986229426409505,0.41986229426409505,0.05,-0.08,0.01,0.0,0.40173733830451963
Japan,JPN,1967,0.46485949994276776,0.46526988673841263,0.46526988673841263,0.05,-0.08,0.01,0.0,0.40173733830451963
Japan,JPN,1968,0.5178927937757809,0.5183352044663199,0.5183352044663199,0.05,-0.08,0.01,0.0,0.40173733830451963
Japan,JPN,1969,0.577732567802296,0.5782045255826764,0.5782045255826764,0.05,-0.08,0.01,0.0,0.40173733830451963
Japan,JPN,1970,0.6173366952894117,0.6178269522958573,0.6178269522958573,0.05,-0.08,0.01,0.0,0.40173733830451963
Japan,JPN,1971,0.6027331753811049,0.6032537103647657,0.6032537103647657,0.05,-0.08,0.01,0.0,0.40173733830451963
Japan,JPN,1972,0.6291587465744177,0.6296128250761717,0.6296128250761717,0.05,-0.08,0.01,0.0,0.40173733830451963
Japan,JPN,1973,0.6474805453388655,0.6479237166591112,0.6479237166591112,0.05,-0.08,0.01,0.0,0.40173733830451963
Japan,JPN,1974,0.6039571739359761,0.6044067079833031,0.6044067079833031,0.05,-0.08,0.01,0.0,0.40173733830451963
Japan,JPN,1975,0.6014528959852248,0.601833217803855,0.601833217803855,0.05,-0.08,0.01,0.0,0.40173733830451963
Japan,JPN,1976,0.5907560619945489,0.591075327852467,0.591075327852467,0.05,-0.08,0.01,0.0,0.40173733830451963
Japan,JPN,1977,0.590048304328346,0.5903453761896875,0.5903453761896875,0.05,-0.08,0.01,0.0,0.40173733830451963
Japan,JPN,1978,0.6019362004336211,0.60221365630174,0.60221365630174,0.05,-0.08,0.01,0.0,0.40173733830451963
Japan,JPN,1979,0.6148748080976061,0.6151549752937262,0.6151549752937262,0.05,-0.08,0.01,0.0,0.40173733830451963
Japan,JPN,1980,0.604524756296839,0.6048098350230893,0.6048098350230893,0.05,-0.08,0.01,0.0,0.40173733830451963
Japan,JPN,1981,0.6125592940643951,0.6128183213325826,0.6128183213325826,0.05,-0.08,0.01,0.0,0.40173733830451963
Japan,JPN,1982,0.6126179644648593,0.6128549799393932,0.6128549799393932,0.05,-0.08,0.01,0.0,0.40173733830451963
Japan,JPN,1983,0.6116896888814365,0.6119016097794914,0.6119016097794914,0.05,-0.08,0.01,0.0,0.40173733830451963
Japan,JPN,1984,0.6282411670413097,0.6284207923274892,0.6284207923274892,0.05,-0.08,0.01,0.0,0.40173733830451963
Japan,JPN,1985,0.6594032837067969,0.6595735714403377,0.6595735714403377,0.05,-0.08,0.01,0.0,0.40173733830451963
Japan,JPN,1986,0.6684423848377294,0.6686165801538335,0.6686165801538335,0.05,-0.08,0.01,0.0,0.40173733830451963
Japan,JPN,1987,0.6907831402881035,0.6909526254875074,0.6909526254875074,0.05,-0.08,0.01,0.0,0.40173733830451963
Japan,JPN,1988,0.72953196566871,0.7297110061921588,0.7297110061921588,0.05,-0.08,0.01,0.0,0.40173733830451963
Japan,JPN,1989,0.7500273245548081,0.750233596486356,0.750233596486356,0.05,-0.08,0.01,0.0,0.40173733830451963
Japan,JPN,1990,0.7732147473639497,0.773427158042745,0.773427158042745,0.05,-0.08,0.01,0.0,0.40173733830451963
Japan,JPN,1991,0.7764937382723938,0.7767066644972926,0.7767066644972926,0.05,-0.08,0.01,0.0,0.40173733830451963
Japan,JPN,1992,0.7700481799815924,0.7702547032731379,0.7702547032731379,0.05,-0.08,0.01,0.0,0.40173733830451963
Japan,JPN,1993,0.7532160291636982,0.7533986992342525,0.7533986992342525,0.05,-0.08,0.01,0.0,0.40173733830451963
Japan,JPN,1994,0.7498362105680867,0.7499968659834435,0.7499968659834435,0.05,-0.08,0.01,0.0,0.40173733830451963
Japan,JPN,1995,0.757926478258546,0.7580674744957863,0.7580674744957863,0.05,-0.08,0.01,0.0,0.40173733830451963
Japan,JPN,1996,0.7705756614712698,0.7707167009732281,0.7707167009732281,0.05,-0.08,0.01,0.0,0.40173733830451963
Japan,JPN,1997,0.7685901570576004,0.7687412294101712,0.7687412294101712,0.05,-0.08,0.01,0.0,0.40173733830451963
Japan,JPN,1998,0.755612557653838,0.7557470295395143,0.7557470295395143,0.05,-0.08,0.01,0.0,0.40173733830451963
Japan,JPN,1999,0.7531969439435349,0.7533072452517375,0.7533072452517375,0.05,-0.08,0.01,0.0,0.40173733830451963
Japan,JPN,2000,0.77158972707592,0.7716805946250602,0.7716805946250602,0.05,-0.08,0.01,0.0,0.40173733830451963
Japan,JPN,2001,0.7726386323441643,0.7727290167058252,0.7727290167058252,0.05,-0.08,0.01,0.0,0.40173733830451963
Japan,JPN,2002,0.7753766881130968,0.7754599031170475,0.7754599031170475,0.05,-0.08,0.01,0.0,0.40173733830451963
Japan,JPN,2003,0.7813891906217458,0.7814531727791865,0.7814531727791865,0.05,-0.08,0.01,0.0,0.40173733830451963
Japan,JPN,2004,0.7894470417652082,0.7895071813298893,0.7895071813298893,0.05,-0.08,0.01,0.0,0.40173733830451963
Japan,JPN,2005,0.7976572054096884,0.7977160535214107,0.7977160535214107,0.05,-0.08,0.01,0.0,0.40173733830451963
Japan,JPN,2006,0.797009738276909,0.797068509064097,0.797068509064097,0.05,-0.08,0.01,0.0,0.40173733830451963
Japan,JPN,2007,0.8045164252124586,0.8045718513522182,0.8045718513522182,0.05,-0.08,0.01,0.0,0.40173733830451963
Japan,JPN,2008,0.7938968196145888,0.7939466694649573,0.7939466694649573,0.05,-0.08,0.01,0.0,0.40173733830451963
Japan,JPN,2009,0.7554088285686609,0.7554550961824829,0.7554550961824829,0.05,-0.08,0.01,0.0,0.40173733830451963
Japan,JPN,2010,0.7874983883550133,0.7875098789358201,0.7875098789358201,0.05,-0.08,0.01,0.0,0.40173733830451963
Japan,JPN,2011,0.7856381768010712,0.7856537291977856,0.7856537291977856,0.05,-0.08,0.01,0.0,0.40173733830451963
Japan,JPN,2012,0.7952297866855833,0.7952534556504354,0.7952534556504354,0.05,-0.08,0.01,0.0,0.40173733830451963
Japan,JPN,2013,0.8141072117641315,0.8141391611272351,0.8141391611272351,0.05,-0.08,0.01,0.0,0.40173733830451963
Japan,JPN,2014,0.8127610807968697,0.812782332413164,0.812782332413164,0.05,-0.08,0.01,0.0,0.40173733830451963
Japan,JPN,2015,0.8205715110247365,0.8206002998172774,0.8206002998172774,0.05,-0.08,0.01,0.0,0.40173733830451963
Japan,JPN,2016,0.8203049396829467,0.820330563658354,0.820330563658354,0.05,-0.08,0.01,0.0,0.40173733830451963
Japan,JPN,2017,0.8341796042562191,0.8342056931800741,0.8342056931800741,0.05,-0.08,0.01,0.0,0.40173733830451963
Japan,JPN,2018,0.8288609850639546,0.8288948616698129,0.8288948616698129,0.05,-0.08,0.01,0.0,0.40173733830451963
Japan,JPN,2019,0.8396645718227367,0.8396984637663403,0.8396984637663403,0.05,-0.08,0.01,0.0,0.40173733830451963
Republic of Korea,KOR,1953,-0.6352835430151558,-0.6352835430151558,-0.6352835430151558,0.05,0.08,4.752083333333333,0.0,0.42195217244660677
Republic of Korea,KOR,1954,-0.6278279944721552,-0.6262756019317983,-0.6167702603033316,0.05,0.08,4.752083333333333,0.0,0.42195217244660677
Republic of Korea,KOR,1955,-0.563913193868129,-0.5624384348169063,-0.546156833937582,0.05,0.08,4.752083333333333,0.0,0.42195217244660677
Republic of Korea,KOR,1956,-0.5183490352270139,-0.5167499926000003,-0.4948788774791,0.05,0.08,4.752083333333333,0.0,0.42195217244660677
Republic of Korea,KOR,1957,-0.4554628306988837,-0.453931996939442,-0.42792833322117474,0.05,0.08,4.752083333333333,0.0,0.42195217244660677
Republic of Korea,KOR,1958,-0.42996541091273954,-0.42666690766918336,-0.39476598937938867,0.05,0.08,4.752083333333333,0.0,0.42195217244660677
Republic of Korea,KOR,1959,-0.41544222667438824,-0.41225682836512956,-0.37628664393847444,0.05,0.08,4.752083333333333,0.0,0.42195217244660677
Republic of Korea,KOR,1960,-0.40422599803994874,-0.40248104281995456,-0.36529085352737667,0.05,0.08,4.752083333333333,0.0,0.42195217244660677
Republic of Korea,KOR,1961,-0.4070305814193551,-0.4057111873604571,-0.3682626061560059,0.05,0.08,4.752083333333333,0.0,0.42195217244660677
Republic of Korea,KOR,1962,-0.43189134781388905,-0.4299278915391245,-0.39207275273232156,0.05,0.08,4.752083333333333,0.0,0.42195217244660677
Republic of Korea,KOR,1963,-0.402214820587691,-0.40023107844679107,-0.3624430549200959,0.05,0.08,4.752083333333333,0.0,0.42195217244660677
Republic of Korea,KOR,1964,-0.34420866671196215,-0.33592671310435485,-0.2944414292796518,0.05,0.08,4.752083333333333,0.0,0.42195217244660677
Republic of Korea,KOR,1965,-0.3692943143721372,-0.36128046784362144,-0.3177600381572896,0.05,0.08,4.752083333333333,0.0,0.42195217244660677
Republic of Korea,KOR,1966,-0.2917654802828382,-0.2837580965351343,-0.23926176415724765,0.05,0.08,4.752083333333333,0.0,0.42195217244660677
Republic of Korea,KOR,1967,-0.296743910797578,-0.28200998750345896,-0.2338543598827476,0.05,0.08,4.752083333333333,0.0,0.42195217244660677
Republic of Korea,KOR,1968,-0.2681414931450794,-0.24850047548149234,-0.19596900346237334,0.05,0.08,4.752083333333333,0.0,0.42195217244660677
Republic of Korea,KOR,1969,-0.20249536814626357,-0.17512272287562514,-0.11680530287264101,0.05,0.08,4.752083333333333,0.0,0.42195217244660677
Republic of Korea,KOR,1970,-0.1587633995759017,-0.12713235812623136,-0.06377480052653617,0.05,0.08,4.752083333333333,0.0,0.42195217244660677
Republic of Korea,KOR,1971,-0.11366478056016849,-0.08093708499699748,-0.014369465797389402,0.05,0.08,4.752083333333333,0.0,0.42195217244660677
Republic of Korea,KOR,1972,-0.10744164988067872,-0.07219569645250701,-0.003424308117124575,0.05,0.08,4.752083333333333,0.0,0.42195217244660677
Republic of Korea,KOR,1973,-0.03095776523819005,0.001608442671696686,0.07018259465986354,0.05,0.08,4.752083333333333,0.0,0.42195217244660677
Republic of Korea,KOR,1974,-0.0037350969623100028,0.03253794228294726,0.10094950435560701,0.05,0.08,4.752083333333333,0.0,0.42195217244660677
Republic of Korea,KOR,1975,0.009870037140966126,0.054568642294746894,0.12388352568652738,0.05,0.08,4.752083333333333,0.0,0.42195217244660677
Republic of Korea,KOR,1976,0.05575606375643272,0.10353248704251161,0.17304030302533224,0.05,0.08,4.752083333333333,0.0,0.42195217244660677
Republic of Korea,KOR,1977,0.1054330599083606,0.15884120910038835,0.22861468758419434,0.05,0.08,4.752083333333333,0.0,0.42195217244660677
Republic of Korea,KOR,1978,0.1265375449403967,0.18942330940738827,0.2600750118637869,0.05,0.08,4.752083333333333,0.0,0.42195217244660677
Republic of Korea,KOR,1979,0.13577581189481602,0.2105553097489965,0.2827548230538195,0.05,0.08,4.752083333333333,0.0,0.42195217244660677
Republic of Korea,KOR,1980,0.049568324245159445,0.1335098237589163,0.20707314064889637,0.05,0.08,4.752083333333333,0.0,0.42195217244660677
Republic of Korea,KOR,1981,0.05001533567935912,0.12962207322562502,0.2020874036635334,0.05,0.08,4.752083333333333,0.0,0.42195217244660677
Republic of Korea,KOR,1982,0.06577392918295999,0.13997875021049566,0.20970915612642926,0.05,0.08,4.752083333333333,0.0,0.42195217244660677
Republic of Korea,KOR,1983,0.13603847675703662,0.20675042253052123,0.27301393754247893,0.05,0.08,4.752083333333333,0.0,0.42195217244660677
Republic of Korea,KOR,1984,0.1952963255766731,0.26504377447442895,0.3277204952166137,0.05,0.08,4.752083333333333,0.0,0.42195217244660677
Republic of Korea,KOR,1985,0.2098684287925181,0.278707544737709,0.33778965827052776,0.05,0.08,4.752083333333333,0.0,0.42195217244660677
Republic of Korea,KOR,1986,0.24832925960418084,0.31632849163793164,0.37183756349613706,0.05,0.08,4.752083333333333,0.0,0.42195217244660677
Republic of Korea,KOR,1987,0.299424524721001,0.36865742768522924,0.4208980390018322,0.05,0.08,4.752083333333333,0.0,0.42195217244660677
Republic of Korea,KOR,1988,0.3572378658921016,0.43003536757675587,0.4794962830175473,0.05,0.08,4.752083333333333,0.0,0.42195217244660677
Republic of Korea,KOR,1989,0.3716718593957218,0.45122789400991703,0.4985044421147462,0.05,0.08,4.752083333333333,0.0,0.42195217244660677
Republic of Korea,KOR,1990,0.40571068182073144,0.49210549428155037,0.5376083782697867,0.05,0.08,4.752083333333333,0.0,0.42195217244660677
Republic of Korea,KOR,1991,0.4387607658487376,0.5319668617357634,0.575977736878456,0.05,0.08,4.752083333333333,0.0,0.42195217244660677
Republic of Korea,KOR,1992,0.4323310516642689,0.534522002199652,0.5773792877223762,0.05,0.08,4.752083333333333,0.0,0.42195217244660677
Republic of Korea,KOR,1993,0.4329614247405198,0.5384230007534159,0.579946267783364,0.05,0.08,4.752083333333333,0.0,0.42195217244660677
Republic of Korea,KOR,1994,0.45354438954835796,0.5604411363001551,0.6003420866418772,0.05,0.08,4.752083333333333,0.0,0.42195217244660677
Republic of Korea,KOR,1995,0.47241204738400633,0.5820879005361297,0.6202396603062104,0.05,0.08,4.752083333333333,0.0,0.42195217244660677
Republic of Korea,KOR,1996,0.4841945018636249,0.5959321701397977,0.632217724482552,0.05,0.08,4.752083333333333,0.0,0.42195217244660677
Republic of Korea,KOR,1997,0.4916331143726964,0.6057740150283886,0.6401441910205872,0.05,0.08,4.752083333333333,0.0,0.42195217244660677
Republic of Korea,KOR,1998,0.45269058092334724,0.5604292581951933,0.5925352479236574,0.05,0.08,4.752083333333333,0.0,0.42195217244660677
Republic of Korea,KOR,1999,0.5264727268519538,0.6151643910597935,0.6444577080920855,0.05,0.08,4.752083333333333,0.0,0.42195217244660677
Republic of Korea,KOR,2000,0.560197251643821,0.6372850671952737,0.663774579188658,0.05,0.08,4.752083333333333,0.0,0.42195217244660677
Republic of Korea,KOR,2001,0.5723492188409844,0.6440847933341924,0.6680308375310693,0.05,0.08,4.752083333333333,0.0,0.42195217244660677
Republic of Korea,KOR,2002,0.6119895885700544,0.6797692593041109,0.7014472330474826,0.05,0.08,4.752083333333333,0.0,0.42195217244660677
Republic of Korea,KOR,2003,0.6248163740791313,0.6909555011080633,0.7106478599688106,0.05,0.08,4.752083333333333,0.0,0.42195217244660677
Republic of Korea,KOR,2004,0.6421097615075029,0.7084877136834171,0.7264535274484736,0.05,0.08,4.752083333333333,0.0,0.42195217244660677
Republic of Korea,KOR,2005,0.6584194748886718,0.7261293161908737,0.7425886981557364,0.05,0.08,4.752083333333333,0.0,0.42195217244660677
Republic of Korea,KOR,2006,0.6719635901422034,0.7410933415644934,0.7562032449377103,0.05,0.08,4.752083333333333,0.0,0.42195217244660677
Republic of Korea,KOR,2007,0.6992367542400393,0.7698362851709426,0.783710859485999,0.05,0.08,4.752083333333333,0.0,0.42195217244660677
Republic of Korea,KOR,2008,0.71833255894229,0.7900117341329382,0.8027355644888639,0.05,0.08,4.752083333333333,0.0,0.42195217244660677
Republic of Korea,KOR,2009,0.7125149509555282,0.785206830174868,0.7968425379617816,0.05,0.08,4.752083333333333,0.0,0.42195217244660677
Republic of Korea,KOR,2010,0.7521241372465681,0.8201417524242434,0.8307466373753991,0.05,0.08,4.752083333333333,0.0,0.42195217244660677
Republic of Korea,KOR,2011,0.7606496684208492,0.8273093560429912,0.8369360468330536,0.05,0.08,4.752083333333333,0.0,0.42195217244660677
Republic of Korea,KOR,2012,0.7545322893151507,0.8197471594347006,0.8284428570788203,0.05,0.08,4.752083333333333,0.0,0.42195217244660677
Republic of Korea,KOR,2013,0.7579294725160581,0.8205665266256741,0.8283954434894465,0.05,0.08,4.752083333333333,0.0,0.42195217244660677
Republic of Korea,KOR,2014,0.763317502431951,0.8238429291561227,0.8308690231652074,0.05,0.08,4.752083333333333,0.0,0.42195217244660677
Republic of Korea,KOR,2015,0.7625014360085043,0.8210327017427659,0.8273189345693979,0.05,0.08,4.752083333333333,0.0,0.42195217244660677
Republic of Korea,KOR,2016,0.7722441796699382,0.827706847987681,0.8333300141729163,0.05,0.08,4.752083333333333,0.0,0.42195217244660677
Republic of Korea,KOR,2017,0.7924780859147837,0.8459021441454349,0.8509184992125425,0.05,0.08,4.752083333333333,0.0,0.42195217244660677
Republic of Korea,KOR,2018,0.8058354704799919,0.8599318146055026,0.864341798581651,0.05,0.08,4.752083333333333,0.0,0.42195217244660677
Republic of Korea,KOR,2019,0.8035013382234357,0.8569210465015997,0.8607493670164628,0.05,0.08,4.752083333333333,0.0,0.42195217244660677
Latvia,LVA,1990,0.08595404270133056,0.08595404270133056,0.08595404270133056,5.0,0.12,0.01,0.0,0.47641586860020957
Latvia,LVA,1991,-0.03564533669078607,-0.024268335648849337,-0.035509372009776996,5.0,0.12,0.01,0.0,0.47641586860020957
Latvia,LVA,1992,-0.4388039652309095,-0.4199079565222048,-0.43868983177895604,5.0,0.12,0.01,0.0,0.47641586860020957
Latvia,LVA,1993,-0.5712900980396878,-0.5495863188222705,-0.57121688554433,5.0,0.12,0.01,0.0,0.47641586860020957
Latvia,LVA,1994,-0.5118299573663885,-0.49224021750152946,-0.511809841689737,5.0,0.12,0.01,0.0,0.47641586860020957
Latvia,LVA,1995,-0.5147747890074887,-0.49670579303523343,-0.5147513322664574,5.0,0.12,0.01,0.0,0.47641586860020957
Latvia,LVA,1996,-0.4889653690044664,-0.47245972849534024,-0.48894433262205794,5.0,0.12,0.01,0.0,0.47641586860020957
Latvia,LVA,1997,-0.42460673186106046,-0.4088313201559943,-0.424577695165425,5.0,0.12,0.01,0.0,0.47641586860020957
Latvia,LVA,1998,-0.3597869856172622,-0.3443013681353131,-0.3597528817730318,5.0,0.12,0.01,0.0,0.47641586860020957
Latvia,LVA,1999,-0.32307403168889515,-0.3063263977689399,-0.32302088428800424,5.0,0.12,0.01,0.0,0.47641586860020957
Latvia,LVA,2000,-0.24998844309358415,-0.23232665192215318,-0.24993563240488292,5.0,0.12,0.01,0.0,0.47641586860020957
Latvia,LVA,2001,-0.20289170477657237,-0.1838870713514087,-0.20283081303080674,5.0,0.12,0.01,0.0,0.47641586860020957
Latvia,LVA,2002,-0.1322172513379405,-0.11072146712712172,-0.13213893417507983,5.0,0.12,0.01,0.0,0.47641586860020957
Latvia,LVA,2003,-0.05425027767386137,-0.030310795952671832,-0.054166287881171726,5.0,0.12,0.01,0.0,0.47641586860020957
Latvia,LVA,2004,0.03431522808584386,0.06261218573201965,0.03442287363300078,5.0,0.12,0.01,0.0,0.47641586860020957
Latvia,LVA,2005,0.11575649634974017,0.15068337459152037,0.1158959731070679,5.0,0.12,0.01,0.0,0.47641586860020957
Latvia,LVA,2006,0.19201833059516105,0.23487956481712313,0.1921839288288325,5.0,0.12,0.01,0.0,0.47641586860020957
Latvia,LVA,2007,0.2644584518457531,0.31804036374392997,0.26467149283557223,5.0,0.12,0.01,0.0,0.47641586860020957
Latvia,LVA,2008,0.18643316671023058,0.2511755025223028,0.18667239920352685,5.0,0.12,0.01,0.0,0.47641586860020957
Latvia,LVA,2009,0.11253311693267687,0.18324112407811555,0.11273597757408371,5.0,0.12,0.01,0.0,0.47641586860020957
Latvia,LVA,2010,0.10275665475501583,0.16845410856602605,0.10284626091907878,5.0,0.12,0.01,0.0,0.47641586860020957
Latvia,LVA,2011,0.15056803026940724,0.20981331161892758,0.15063438503639226,5.0,0.12,0.01,0.0,0.47641586860020957
Latvia,LVA,2012,0.18483320614935472,0.2422350285884436,0.18494449822504855,5.0,0.12,0.01,0.0,0.47641586860020957
Latvia,LVA,2013,0.19341670948634526,0.24910408130614847,0.1935295080046311,5.0,0.12,0.01,0.0,0.47641586860020957
Latvia,LVA,2014,0.2057740470977123,0.2588559044446104,0.20587617094044575,5.0,0.12,0.01,0.0,0.47641586860020957
Latvia,LVA,2015,0.2461931646451605,0.296422419521881,0.246289855596304,5.0,0.12,0.01,0.0,0.47641586860020957
Latvia,LVA,2016,0.26872013935024164,0.316384737332176,0.26881700499187744,5.0,0.12,0.01,0.0,0.47641586860020957
Latvia,LVA,2017,0.304082252791364,0.3485032497370044,0.30416784156722265,5.0,0.12,0.01,0.0,0.47641586860020957
Latvia,LVA,2018,0.3294168554366168,0.37220352486964803,0.329514955773206,5.0,0.12,0.01,0.0,0.47641586860020957
Latvia,LVA,2019,0.3554161834974092,0.39872697527305423,0.35553462503387223,5.0,0.12,0.01,0.0,0.47641586860020957
Lithuania,LTU,1990,0.42408390706145216,0.42408390706145216,0.42408390706145216,5.0,0.12,0.01,0.0,0.4895071436961492
Lithuania,LTU,1991,0.3489373309199726,0.36872112733260387,0.3491718502456722,5.0,0.12,0.01,0.0,0.4895071436961492
Lithuania,LTU,1992,0.11134929318063769,0.1430677436168999,0.11153300737401217,5.0,0.12,0.01,0.0,0.4895071436961492
Lithuania,LTU,1993,-0.043975512589749854,-0.011309956604908855,-0.04389830542379425,5.0,0.12,0.01,0.0,0.4895071436961492
Lithuania,LTU,1994,-0.11664667408388496,-0.0838337581966897,-0.11657701821074617,5.0,0.12,0.01,0.0,0.4895071436961492
Lithuania,LTU,1995,-0.040125187887198877,-0.00865971553212308,-0.04007172963184136,5.0,0.12,0.01,0.0,0.4895071436961492
Lithuania,LTU,1996,0.005081659040210518,0.0363481569676507,0.005147764852637238,5.0,0.12,0.01,0.0,0.4895071436961492
Lithuania,LTU,1997,0.0772702217566108,0.1098148391675986,0.07735547605254922,5.0,0.12,0.01,0.0,0.4895071436961492
Lithuania,LTU,1998,0.13270269710495786,0.16969073645640265,0.13282987905435562,5.0,0.12,0.01,0.0,0.4895071436961492
Lithuania,LTU,1999,0.13842822211411132,0.18139029619590108,0.13858426977436178,5.0,0.12,0.01,0.0,0.4895071436961492
Lithuania,LTU,2000,0.1565565717876547,0.20132695090081132,0.15667793485643067,5.0,0.12,0.01,0.0,0.4895071436961492
Lithuania,LTU,2001,0.2392102043099147,0.28355457574553355,0.23931137280444847,5.0,0.12,0.01,0.0,0.4895071436961492
Lithuania,LTU,2002,0.28818328271360105,0.3336664824093454,0.28830508041585023,5.0,0.12,0.01,0.0,0.4895071436961492
Lithuania,LTU,2003,0.3737963086056997,0.42166514889024587,0.3739383329552757,5.0,0.12,0.01,0.0,0.4895071436961492
Lithuania,LTU,2004,0.4046755855480191,0.4575321901524285,0.40484799465248233,5.0,0.12,0.01,0.0,0.4895071436961492
Lithuania,LTU,2005,0.45721538277508333,0.517381880433029,0.457421135436225,5.0,0.12,0.01,0.0,0.4895071436961492
Lithuania,LTU,2006,0.5146432163828099,0.5834889195550135,0.5148792985677648,5.0,0.12,0.01,0.0,0.4895071436961492
Lithuania,LTU,2007,0.5817426028318424,0.6623040617571441,0.5820310904965096,5.0,0.12,0.01,0.0,0.4895071436961492
Lithuania,LTU,2008,0.5761639271314722,0.6755871862326019,0.5765576270515309,5.0,0.12,0.01,0.0,0.4895071436961492
Lithuania,LTU,2009,0.4508927631374471,0.5602649568718245,0.4512261837916558,5.0,0.12,0.01,0.0,0.4895071436961492
Lithuania,LTU,2010,0.4762324155917055,0.5704452364541011,0.4762970815920404,5.0,0.12,0.01,0.0,0.4895071436961492
Lithuania,LTU,2011,0.5249102931935861,0.6141648610422878,0.5250660783268195,5.0,0.12,0.01,0.0,0.4895071436961492
Lithuania,LTU,2012,0.5392101400087164,0.6278363845529809,0.5394090148519579,5.0,0.12,0.01,0.0,0.4895071436961492
Lithuania,LTU,2013,0.5608662215877578,0.6467313894700588,0.5610422399929185,5.0,0.12,0.01,0.0,0.4895071436961492
Lithuania,LTU,2014,0.5774506854264301,0.6607522133583483,0.5776268136323148,5.0,0.12,0.01,0.0,0.4895071436961492
Lithuania,LTU,2015,0.5731285388622291,0.6537728805964678,0.5733013588513476,5.0,0.12,0.01,0.0,0.4895071436961492
Lithuania,LTU,2016,0.5670510834524105,0.6466657382540983,0.5672394349850123,5.0,0.12,0.01,0.0,0.4895071436961492
Lithuania,LTU,2017,0.6138659732465177,0.6898595925312012,0.6140237107122974,5.0,0.12,0.01,0.0,0.4895071436961492
Lithuania,LTU,2018,0.6337710770841882,0.7082637911129526,0.6339460001714379,5.0,0.12,0.01,0.0,0.4895071436961492
Lithuania,LTU,2019,0.6635845473815492,0.7373445772801581,0.6637641702955968,5.0,0.12,0.01,0.0,0.4895071436961492
Luxembourg,LUX,1950,1.1389180753611354,1.1389180753611354,1.208630289408862,3.35,0.0,3.504166666666667,0.16,0.4496406487056187
Luxembourg,LUX,1951,1.052444179493928,1.0879442917929105,1.1641596273253016,3.35,0.0,3.504166666666667,0.16,0.4496406487056187
Luxembourg,LUX,1952,1.0810733930587997,1.1310322595339501,1.2158021437862194,3.35,0.0,3.504166666666667,0.16,0.4496406487056187
Luxembourg,LUX,1953,1.0723794578692085,1.1364730867730244,1.2288047764847216,3.35,0.0,3.504166666666667,0.16,0.4496406487056187
Luxembourg,LUX,1954,1.0229538191058052,1.1035189893913304,1.2034404538711154,3.35,0.0,3.504166666666667,0.16,0.4496406487056187
Luxembourg,LUX,1955,1.0339260752542705,1.1219770718574722,1.2302424962583647,3.35,0.0,3.504166666666667,0.16,0.4496406487056187
Luxembourg,LUX,1956,1.0455098259990492,1.1344948889957274,1.2493008481529095,3.35,0.0,3.504166666666667,0.16,0.4496406487056187
Luxembourg,LUX,1957,1.0666072740196286,1.154206060656053,1.2749035973688563,3.35,0.0,3.504166666666667,0.16,0.4496406487056187
Luxembourg,LUX,1958,1.0461122069893296,1.1353993648299525,1.2612626090394805,3.35,0.0,3.504166666666667,0.16,0.4496406487056187
Luxembourg,LUX,1959,1.0126798622580138,1.1015308985470478,1.233652786479368,3.35,0.0,3.504166666666667,0.16,0.4496406487056187
Luxembourg,LUX,1960,1.0260752895815166,1.111205095094137,1.2477432140730467,3.35,0.0,3.504166666666667,0.16,0.4496406487056187
Luxembourg,LUX,1961,1.0230969280821505,1.1065347360824376,1.250070654399217,3.35,0.0,3.504166666666667,0.16,0.4496406487056187
Luxembourg,LUX,1962,1.0006823786859864,1.0832822290688555,1.2323580656642465,3.35,0.0,3.504166666666667,0.16,0.4496406487056187
Luxembourg,LUX,1963,0.9909792967820361,1.0709069979517083,1.2248339748793349,3.35,0.0,3.504166666666667,0.16,0.4496406487056187
Luxembourg,LUX,1964,1.0382134791637037,1.1149132735606098,1.277180212859713,3.35,0.0,3.504166666666667,0.16,0.4496406487056187
Luxembourg,LUX,1965,1.018932820826858,1.0945414285213748,1.2620955053610055,3.35,0.0,3.504166666666667,0.16,0.4496406487056187
Luxembourg,LUX,1966,1.0001266259384707,1.0720701894988087,1.2446183087134401,3.35,0.0,3.504166666666667,0.16,0.4496406487056187
Luxembourg,LUX,1967,0.9902708032529359,1.0562889534662556,1.2317915802037547,3.35,0.0,3.504166666666667,0.16,0.4496406487056187
Luxembourg,LUX,1968,1.0265715566710822,1.0827862446355354,1.2629148588040637,3.35,0.0,3.504166666666667,0.16,0.4496406487056187
Luxembourg,LUX,1969,1.1053644751482254,1.1532822504089983,1.3401007422038917,3.35,0.0,3.504166666666667,0.16,0.4496406487056187
Luxembourg,LUX,1970,1.014284693450343,1.0576260828837953,1.2711413922352754,3.35,0.0,3.504166666666667,0.16,0.4496406487056187
Luxembourg,LUX,1971,0.9892744327609231,1.0324829065917562,1.2670665455984973,3.35,0.0,3.504166666666667,0.16,0.4496406487056187
Luxembourg,LUX,1972,1.0068335927847678,1.0528007347593582,1.3062246979097951,3.35,0.0,3.504166666666667,0.16,0.4496406487056187
Luxembourg,LUX,1973,1.0470894524275596,1.0946435982498284,1.3642976083357041,3.35,0.0,3.504166666666667,0.16,0.4496406487056187
Luxembourg,LUX,1974,1.0424301211031168,1.0918576875633117,1.3781013304676684,3.35,0.0,3.504166666666667,0.16,0.4496406487056187
Luxembourg,LUX,1975,0.939403830483442,0.9886482648992128,1.2890550214980427,3.35,0.0,3.504166666666667,0.16,0.4496406487056187
Luxembourg,LUX,1976,0.9395919269675006,0.9878903875585769,1.2896329606835448,3.35,0.0,3.504166666666667,0.16,0.4496406487056187
Luxembourg,LUX,1977,0.9424067131794582,0.9894639293350349,1.28889212513252,3.35,0.0,3.504166666666667,0.16,0.4496406487056187
Luxembourg,LUX,1978,0.9758166029286715,1.018547543575199,1.3147589287198973,3.35,0.0,3.504166666666667,0.16,0.4496406487056187
Luxembourg,LUX,1979,0.9795213476299249,1.024692701814863,1.318808957569713,3.35,0.0,3.504166666666667,0.16,0.4496406487056187
Luxembourg,LUX,1980,0.9716706521923362,1.0164127940407113,1.3084235739213526,3.35,0.0,3.504166666666667,0.16,0.4496406487056187
Luxembourg,LUX,1981,0.946262681530976,0.9968790888478947,1.2859805362526324,3.35,0.0,3.504166666666667,0.16,0.4496406487056187
Luxembourg,LUX,1982,0.9392614889040858,0.9933524316449147,1.2801406403295474,3.35,0.0,3.504166666666667,0.16,0.4496406487056187
Luxembourg,LUX,1983,0.9484199284579171,1.003730857395361,1.2894566526803772,3.35,0.0,3.504166666666667,0.16,0.4496406487056187
Luxembourg,LUX,1984,0.9895635176443252,1.0430110171233915,1.3279732213901818,3.35,0.0,3.504166666666667,0.16,0.4496406487056187
Luxembourg,LUX,1985,0.9850544637707497,1.0383925535728906,1.324791249628254,3.35,0.0,3.504166666666667,0.16,0.4496406487056187
Luxembourg,LUX,1986,1.052797299171623,1.1027810986440998,1.3903697581034855,3.35,0.0,3.504166666666667,0.16,0.4496406487056187
Luxembourg,LUX,1987,1.054739784885717,1.1063423077828212,1.3943266098158373,3.35,0.0,3.504166666666667,0.16,0.4496406487056187
Luxembourg,LUX,1988,1.08709058146498,1.1432812022273504,1.4339801906935246,3.35,0.0,3.504166666666667,0.16,0.4496406487056187
Luxembourg,LUX,1989,1.1332308765936845,1.1952130895041093,1.4861094279650038,3.35,0.0,3.504166666666667,0.16,0.4496406487056187
Luxembourg,LUX,1990,1.1350264549971687,1.2008170113709928,1.4915254654033312,3.35,0.0,3.504166666666667,0.16,0.4496406487056187
Luxembourg,LUX,1991,1.1739029130296483,1.2422567671705957,1.5316427010719034,3.35,0.0,3.504166666666667,0.16,0.4496406487056187
Luxembourg,LUX,1992,1.1527786210893094,1.224899996882347,1.5099948470261348,3.35,0.0,3.504166666666667,0.16,0.4496406487056187
Luxembourg,LUX,1993,1.1562451589242535,1.2268713562461127,1.510267971689808,3.35,0.0,3.504166666666667,0.16,0.4496406487056187
Luxembourg,LUX,1994,1.1583877540755818,1.2296509621411529,1.5103560830808247,3.35,0.0,3.504166666666667,0.16,0.4496406487056187
Luxembourg,LUX,1995,1.1301966514108979,1.1998583615900693,1.481239919551835,3.35,0.0,3.504166666666667,0.16,0.4496406487056187
Luxembourg,LUX,1996,1.1063349758969436,1.1725302681924945,1.4548598466754394,3.35,0.0,3.504166666666667,0.16,0.4496406487056187
Luxembourg,LUX,1997,1.1256040639786633,1.1866216013421367,1.471223909353625,3.35,0.0,3.504166666666667,0.16,0.4496406487056187
Luxembourg,LUX,1998,1.143688843339688,1.2011074912973978,1.4885529596790077,3.35,0.0,3.504166666666667,0.16,0.4496406487056187
Luxembourg,LUX,1999,1.1821826048768709,1.2371544120233247,1.5274640020829544,3.35,0.0,3.504166666666667,0.16,0.4496406487056187
Luxembourg,LUX,2000,1.210630418973433,1.265297040568373,1.5590841123698476,3.35,0.0,3.504166666666667,0.16,0.4496406487056187
Luxembourg,LUX,2001,1.1923144482450265,1.245447498233614,1.5416255547035433,3.35,0.0,3.504166666666667,0.16,0.4496406487056187
Luxembourg,LUX,2002,1.1973547082549851,1.2493573080481815,1.5457308336108007,3.35,0.0,3.504166666666667,0.16,0.4496406487056187
Luxembourg,LUX,2003,1.189418224948465,1.2382281275065683,1.53361166327212,3.35,0.0,3.504166666666667,0.16,0.4496406487056187
Luxembourg,LUX,2004,1.1943712025188007,1.2431687816859456,1.5386238166509303,3.35,0.0,3.504166666666667,0.16,0.4496406487056187
Luxembourg,LUX,2005,1.1954777640805005,1.2483018479840151,1.5430988880182985,3.35,0.0,3.504166666666667,0.16,0.4496406487056187
Luxembourg,LUX,2006,1.1958570975617269,1.2514254647436172,1.5539314276300473,3.35,0.0,3.504166666666667,0.16,0.4496406487056187
Luxembourg,LUX,2007,1.2207405857254265,1.2755053638914324,1.5862168053010963,3.35,0.0,3.504166666666667,0.16,0.4496406487056187
Luxembourg,LUX,2008,1.1530011869148895,1.2089435785556217,1.5274884733576317,3.35,0.0,3.504166666666667,0.16,0.4496406487056187
Luxembourg,LUX,2009,1.086582582825148,1.1471802886975038,1.464689828776597,3.35,0.0,3.504166666666667,0.16,0.4496406487056187
Luxembourg,LUX,2010,1.1024260177371819,1.1570944838211341,1.4813773303283528,3.35,0.0,3.504166666666667,0.16,0.4496406487056187
Luxembourg,LUX,2011,1.0886484128929688,1.1415570154411165,1.4760959218752383,3.35,0.0,3.504166666666667,0.16,0.4496406487056187
Luxembourg,LUX,2012,1.0455708483289818,1.1020550324867031,1.4448741744090339,3.35,0.0,3.504166666666667,0.16,0.4496406487056187
Luxembourg,LUX,2013,1.0475666650004811,1.104381877596877,1.4592569329594443,3.35,0.0,3.504166666666667,0.16,0.4496406487056187
Luxembourg,LUX,2014,1.051729433302186,1.106856949147649,1.4742542644444439,3.35,0.0,3.504166666666667,0.16,0.4496406487056187
Luxembourg,LUX,2015,1.0560501997832858,1.1089219444834715,1.4886098190387695,3.35,0.0,3.504166666666667,0.16,0.4496406487056187
Luxembourg,LUX,2016,1.067432528661885,1.1160281820881126,1.5060702057637378,3.35,0.0,3.504166666666667,0.16,0.4496406487056187
Luxembourg,LUX,2017,1.0521722975578056,1.0962574435548733,1.495948111906145,3.35,0.0,3.504166666666667,0.16,0.4496406487056187
Luxembourg,LUX,2018,1.0455227617120872,1.0855342799375425,1.497016525556861,3.35,0.0,3.504166666666667,0.16,0.4496406487056187
Luxembourg,LUX,2019,1.0324737265822783,1.0691829496020215,1.4932049403516192,3.35,0.0,3.504166666666667,0.16,0.4496406487056187
Mexico,MEX,1950,0.09156481114658277,0.09156481114658277,0.44275642239583757,0.05,0.039999999999999994,4.003333333333334,0.08,0.5900232276746206
Mexico,MEX,1951,0.16878168819090877,0.1711926828661099,0.5421019421269437,0.05,0.039999999999999994,4.003333333333334,0.08,0.5900232276746206
Mexico,MEX,1952,0.1837924608359094,0.1873328622103685,0.5785327128560414,0.05,0.039999999999999994,4.003333333333334,0.08,0.5900232276746206
Mexico,MEX,1953,0.1515057654042824,0.15560790391062174,0.563798133045442,0.05,0.039999999999999994,4.003333333333334,0.08,0.5900232276746206
Mexico,MEX,1954,0.23203973610420192,0.23598668547781898,0.655836408768153,0.05,0.039999999999999994,4.003333333333334,0.08,0.5900232276746206
Mexico,MEX,1955,0.28484692978547344,0.28936546309776023,0.7172669187262648,0.05,0.039999999999999994,4.003333333333334,0.08,0.5900232276746206
Mexico,MEX,1956,0.3299041974005119,0.33531401439742936,0.771317942198305,0.05,0.039999999999999994,4.003333333333334,0.08,0.5900232276746206
Mexico,MEX,1957,0.36566717245042923,0.3737691562916412,0.8194235719279037,0.05,0.039999999999999994,4.003333333333334,0.08,0.5900232276746206
Mexico,MEX,1958,0.3660250796324327,0.37552032405562485,0.8283805830393884,0.05,0.039999999999999994,4.003333333333334,0.08,0.5900232276746206
Mexico,MEX,1959,0.34967048005074197,0.35806264418024103,0.8122897119672228,0.05,0.039999999999999994,4.003333333333334,0.08,0.5900232276746206
Mexico,MEX,1960,0.40006083030386996,0.40786531948776705,0.8606974882505805,0.05,0.039999999999999994,4.003333333333334,0.08,0.5900232276746206
Mexico,MEX,1961,0.38451408576886603,0.39332841959291276,0.8464449444330344,0.05,0.039999999999999994,4.003333333333334,0.08,0.5900232276746206
Mexico,MEX,1962,0.3818245050862421,0.39045141056463795,0.8425482413912833,0.05,0.039999999999999994,4.003333333333334,0.08,0.5900232276746206
Mexico,MEX,1963,0.4360301282827894,0.44371905313463067,0.8930078205536152,0.05,0.039999999999999994,4.003333333333334,0.08,0.5900232276746206
Mexico,MEX,1964,0.5205927654626414,0.5304242481911396,0.9783487255820451,0.05,0.039999999999999994,4.003333333333334,0.08,0.5900232276746206
Mexico,MEX,1965,0.5233074706525187,0.5371178422627203,0.985806353322876,0.05,0.039999999999999994,4.003333333333334,0.08,0.5900232276746206
Mexico,MEX,1966,0.5282152188092901,0.5453236761863121,0.9965165024214975,0.05,0.039999999999999994,4.003333333333334,0.08,0.5900232276746206
Mexico,MEX,1967,0.5279266367248958,0.5471046863185727,1.0006324702628762,0.05,0.039999999999999994,4.003333333333334,0.08,0.5900232276746206
Mexico,MEX,1968,0.5614588418641375,0.581163729467459,1.035708210225625,0.05,0.039999999999999994,4.003333333333334,0.08,0.5900232276746206
Mexico,MEX,1969,0.5402441807568596,0.5627662787505869,1.0177467817915993,0.05,0.039999999999999994,4.003333333333334,0.08,0.5900232276746206
Mexico,MEX,1970,0.5547924664007136,0.5755058982893653,1.0287005395582858,0.05,0.039999999999999994,4.003333333333334,0.08,0.5900232276746206
Mexico,MEX,1971,0.5346180531213607,0.5554709111370704,1.0092968204928692,0.05,0.039999999999999994,4.003333333333334,0.08,0.5900232276746206
Mexico,MEX,1972,0.5600931702697425,0.5791979301322963,1.0324748700176154,0.05,0.039999999999999994,4.003333333333334,0.08,0.5900232276746206
Mexico,MEX,1973,0.5818760172375299,0.6020402025037477,1.0550181742493638,0.05,0.039999999999999994,4.003333333333334,0.08,0.5900232276746206
Mexico,MEX,1974,0.5770898037060395,0.6007615521423286,1.0549280706618442,0.05,0.039999999999999994,4.003333333333334,0.08,0.5900232276746206
Mexico,MEX,1975,0.5574904872759907,0.5870144654605403,1.045407761434995,0.05,0.039999999999999994,4.003333333333334,0.08,0.5900232276746206
Mexico,MEX,1976,0.532343399494092,0.5653948188405717,1.0270767837729884,0.05,0.039999999999999994,4.003333333333334,0.08,0.5900232276746206
Mexico,MEX,1977,0.5075018467517172,0.5390042365364867,1.002143963385934,0.05,0.039999999999999994,4.003333333333334,0.08,0.5900232276746206
Mexico,MEX,1978,0.530698346443021,0.5594788530636556,1.0230105939665268,0.05,0.039999999999999994,4.003333333333334,0.08,0.5900232276746206
Mexico,MEX,1979,0.5554360180759259,0.5842519408700353,1.048701412320705,0.05,0.039999999999999994,4.003333333333334,0.08,0.5900232276746206
Mexico,MEX,1980,0.5673972242213692,0.5990199330740937,1.0652189057010695,0.05,0.039999999999999994,4.003333333333334,0.08,0.5900232276746206
Mexico,MEX,1981,0.587539439115,0.6246274566874863,1.0929551055813622,0.05,0.039999999999999994,4.003333333333334,0.08,0.5900232276746206
Mexico,MEX,1982,0.5118761959284601,0.5550398311681608,1.0266164319585718,0.05,0.039999999999999994,4.003333333333334,0.08,0.5900232276746206
Mexico,MEX,1983,0.4313614283919538,0.46753624857406884,0.9375591439386546,0.05,0.039999999999999994,4.003333333333334,0.08,0.5900232276746206
Mexico,MEX,1984,0.4295328197411763,0.4539337796446876,0.9229403334531319,0.05,0.039999999999999994,4.003333333333334,0.08,0.5900232276746206
Mexico,MEX,1985,0.41536650067437986,0.43408284663568875,0.9019989223618499,0.05,0.039999999999999994,4.003333333333334,0.08,0.5900232276746206
Mexico,MEX,1986,0.3384976914375937,0.3563700798587224,0.823108409935128,0.05,0.039999999999999994,4.003333333333334,0.08,0.5900232276746206
Mexico,MEX,1987,0.324851627173417,0.3377829903973941,0.8043366943479873,0.05,0.039999999999999994,4.003333333333334,0.08,0.5900232276746206
Mexico,MEX,1988,0.30379897874674633,0.3147626993185302,0.7819496004182027,0.05,0.039999999999999994,4.003333333333334,0.08,0.5900232276746206
Mexico,MEX,1989,0.3072956461294831,0.31929573455901394,0.7888126657450916,0.05,0.039999999999999994,4.003333333333334,0.08,0.5900232276746206
Mexico,MEX,1990,0.32095894940628433,0.3331950784203741,0.8054268334371475,0.05,0.039999999999999994,4.003333333333334,0.08,0.5900232276746206
Mexico,MEX,1991,0.32916119137135436,0.3426064413366161,0.8164905425588858,0.05,0.039999999999999994,4.003333333333334,0.08,0.5900232276746206
Mexico,MEX,1992,0.3292186965576285,0.3455096579964003,0.8218398647574392,0.05,0.039999999999999994,4.003333333333334,0.08,0.5900232276746206
Mexico,MEX,1993,0.3276694827574351,0.34845739837278433,0.8277926008802372,0.05,0.039999999999999994,4.003333333333334,0.08,0.5900232276746206
Mexico,MEX,1994,0.33284155705644203,0.3604075677746472,0.8442693727953698,0.05,0.039999999999999994,4.003333333333334,0.08,0.5900232276746206
Mexico,MEX,1995,0.2250565727903302,0.2592447892995482,0.7477076720085778,0.05,0.039999999999999994,4.003333333333334,0.08,0.5900232276746206
Mexico,MEX,1996,0.25405338350058315,0.2806737598479767,0.7752168532514805,0.05,0.039999999999999994,4.003333333333334,0.08,0.5900232276746206
Mexico,MEX,1997,0.2786452194738107,0.3039421961248454,0.8033472667001371,0.05,0.039999999999999994,4.003333333333334,0.08,0.5900232276746206
Mexico,MEX,1998,0.3014897281168558,0.3281844109226242,0.8271535286773024,0.05,0.039999999999999994,4.003333333333334,0.08,0.5900232276746206
Mexico,MEX,1999,0.27297316685135353,0.301300676974976,0.8041863118024386,0.05,0.039999999999999994,4.003333333333334,0.08,0.5900232276746206
Mexico,MEX,2000,0.2951437864947586,0.32426564430926774,0.8237372157092548,0.05,0.039999999999999994,4.003333333333334,0.08,0.5900232276746206
Mexico,MEX,2001,0.2622897519137153,0.29271839957181545,0.7910031850697252,0.05,0.039999999999999994,4.003333333333334,0.08,0.5900232276746206
Mexico,MEX,2002,0.2237060345766535,0.2521802266206743,0.7516788573981015,0.05,0.039999999999999994,4.003333333333334,0.08,0.5900232276746206
Mexico,MEX,2003,0.22165132887209005,0.24884127459576533,0.7445918904627549,0.05,0.039999999999999994,4.003333333333334,0.08,0.5900232276746206
Mexico,MEX,2004,0.2303141709035188,0.2572087483964296,0.7507917800259865,0.05,0.039999999999999994,4.003333333333334,0.08,0.5900232276746206
Mexico,MEX,2005,0.23012779361378932,0.2583303900523397,0.7490532628512576,0.05,0.039999999999999994,4.003333333333334,0.08,0.5900232276746206
Mexico,MEX,2006,0.24745388538565738,0.27649129643443704,0.7655198473492395,0.05,0.039999999999999994,4.003333333333334,0.08,0.5900232276746206
Mexico,MEX,2007,0.24296259074172966,0.2741822431928771,0.7630144336269038,0.05,0.039999999999999994,4.003333333333334,0.08,0.5900232276746206
Mexico,MEX,2008,0.21416352243036574,0.24659782485758175,0.7365460282311425,0.05,0.039999999999999994,4.003333333333334,0.08,0.5900232276746206
Mexico,MEX,2009,0.16024585740632968,0.19388760581964615,0.6757856949310983,0.05,0.039999999999999994,4.003333333333334,0.08,0.5900232276746206
Mexico,MEX,2010,0.1524673911392238,0.18341156203020859,0.6699625681915626,0.05,0.039999999999999994,4.003333333333334,0.08,0.5900232276746206
Mexico,MEX,2011,0.16563315606753015,0.19641736730227066,0.6806079281557147,0.05,0.039999999999999994,4.003333333333334,0.08,0.5900232276746206
Mexico,MEX,2012,0.1671286157665408,0.19918251693559252,0.6842309212162285,0.05,0.039999999999999994,4.003333333333334,0.08,0.5900232276746206
Mexico,MEX,2013,0.15132722329599346,0.18511786996118396,0.6719346420652674,0.05,0.039999999999999994,4.003333333333334,0.08,0.5900232276746206
Mexico,MEX,2014,0.157791939733257,0.19185824645763905,0.6791938768826977,0.05,0.039999999999999994,4.003333333333334,0.08,0.5900232276746206
Mexico,MEX,2015,0.15985597091682724,0.1939018371638559,0.6831909593248597,0.05,0.039999999999999994,4.003333333333334,0.08,0.5900232276746206
Mexico,MEX,2016,0.15988975987830312,0.19441255176016536,0.6854279106564869,0.05,0.039999999999999994,4.003333333333334,0.08,0.5900232276746206
Mexico,MEX,2017,0.15617756605156075,0.19049068012096093,0.6839661902472729,0.05,0.039999999999999994,4.003333333333334,0.08,0.5900232276746206
Mexico,MEX,2018,0.1490162974658258,0.18275123384018066,0.6813999536631896,0.05,0.039999999999999994,4.003333333333334,0.08,0.5900232276746206
Mexico,MEX,2019,0.12271927552707584,0.15518834595845465,0.6586593813999979,0.05,0.039999999999999994,4.003333333333334,0.08,0.5900232276746206
Netherlands,NLD,1950,0.7023755253424033,0.7023755253424033,1.1939332604780533,0.05,0.039999999999999994,6.0,0.34,0.32550668290683205
Netherlands,NLD,1951,0.714835762457156,0.7165896162026346,1.2156434300762613,0.05,0.039999999999999994,6.0,0.34,0.32550668290683205
Netherlands,NLD,1952,0.7266210792791226,0.7285182426516021,1.2301104246619943,0.05,0.039999999999999994,6.0,0.34,0.32550668290683205
Netherlands,NLD,1953,0.7960074575739364,0.7976605770582266,1.305920419238681,0.05,0.039999999999999994,6.0,0.34,0.32550668290683205
Netherlands,NLD,1954,0.8401543562817979,0.8423363486693605,1.3561890638337313,0.05,0.039999999999999994,6.0,0.34,0.32550668290683205
Netherlands,NLD,1955,0.8906370648050368,0.8933164714992285,1.406663815254003,0.05,0.039999999999999994,6.0,0.34,0.32550668290683205
Netherlands,NLD,1956,0.9150689338034637,0.9183796572636975,1.4258646036585239,0.05,0.039999999999999994,6.0,0.34,0.32550668290683205
Netherlands,NLD,1957,0.9286680193096348,0.9327482319694251,1.4303689365159906,0.05,0.039999999999999994,6.0,0.34,0.32550668290683205
Netherlands,NLD,1958,0.9121228245311883,0.9164877790551182,1.3983870533595737,0.05,0.039999999999999994,6.0,0.34,0.32550668290683205
Netherlands,NLD,1959,0.94475771292894,0.9481668822685902,1.4205071400075568,0.05,0.039999999999999994,6.0,0.34,0.32550668290683205
Netherlands,NLD,1960,1.0162081576421578,1.0199385655242734,1.4840766689295255,0.05,0.039999999999999994,6.0,0.34,0.32550668290683205
Netherlands,NLD,1961,1.014508552265216,1.0191160512439428,1.4772996038104598,0.05,0.039999999999999994,6.0,0.34,0.32550668290683205
Netherlands,NLD,1962,1.024549262371786,1.0293824634545086,1.4837180555427834,0.05,0.039999999999999994,6.0,0.34,0.32550668290683205
Netherlands,NLD,1963,1.0296591139795224,1.0343481119489777,1.4815893022147106,0.05,0.039999999999999994,6.0,0.34,0.32550668290683205
Netherlands,NLD,1964,1.0894429769654979,1.0941845239064447,1.5354036700935958,0.05,0.039999999999999994,6.0,0.34,0.32550668290683205
Netherlands,NLD,1965,1.1179383248916173,1.124065169579696,1.5532093129095106,0.05,0.039999999999999994,6.0,0.34,0.32550668290683205
Netherlands,NLD,1966,1.1207616754138696,1.1277351290079167,1.5446160021510575,0.05,0.039999999999999994,6.0,0.34,0.32550668290683205
Netherlands,NLD,1967,1.1565475794253492,1.1642964001415272,1.5669045470882068,0.05,0.039999999999999994,6.0,0.34,0.32550668290683205
Netherlands,NLD,1968,1.1988877895256218,1.2072430800621587,1.599272633773138,0.05,0.039999999999999994,6.0,0.34,0.32550668290683205
Netherlands,NLD,1969,1.2885713472027076,1.2979292629281263,1.6544845954197003,0.05,0.039999999999999994,6.0,0.34,0.32550668290683205
Netherlands,NLD,1970,1.2355663164829611,1.2445992552054772,1.6329029481690083,0.05,0.039999999999999994,6.0,0.34,0.32550668290683205
Netherlands,NLD,1971,1.26197808966697,1.2717293623094807,1.6410127238776986,0.05,0.039999999999999994,6.0,0.34,0.32550668290683205
Netherlands,NLD,1972,1.2706760763835963,1.2800399215509621,1.63170528689241,0.05,0.039999999999999994,6.0,0.34,0.32550668290683205
Netherlands,NLD,1973,1.3135384854635532,1.3215350185932078,1.656542450185944,0.05,0.039999999999999994,6.0,0.34,0.32550668290683205
Netherlands,NLD,1974,1.352138660244182,1.3599300600656195,1.672318837841218,0.05,0.039999999999999994,6.0,0.34,0.32550668290683205
Netherlands,NLD,1975,1.357089569173068,1.3648506240080938,1.6519889026852712,0.05,0.039999999999999994,6.0,0.34,0.32550668290683205
Netherlands,NLD,1976,1.3903659734437799,1.3970413657715994,1.671349318981623,0.05,0.039999999999999994,6.0,0.34,0.32550668290683205
Netherlands,NLD,1977,1.401088708967741,1.4074073903931215,1.6658603971674202,0.05,0.039999999999999994,6.0,0.34,0.32550668290683205
Netherlands,NLD,1978,1.4111345356315255,1.417743572869444,1.664246602872101,0.05,0.039999999999999994,6.0,0.34,0.32550668290683205
Netherlands,NLD,1979,1.4113459921579548,1.4179882180645116,1.6573838779866028,0.05,0.039999999999999994,6.0,0.34,0.32550668290683205
Netherlands,NLD,1980,1.419784024606864,1.4259705010072157,1.6616422793837375,0.05,0.039999999999999994,6.0,0.34,0.32550668290683205
Netherlands,NLD,1981,1.4032348493208104,1.409578404657207,1.6335067199332833,0.05,0.039999999999999994,6.0,0.34,0.32550668290683205
Netherlands,NLD,1982,1.3964300369269393,1.4013733867951386,1.6097013892291252,0.05,0.039999999999999994,6.0,0.34,0.32550668290683205
Netherlands,NLD,1983,1.4190721018458392,1.4227741964026448,1.619686214948043,0.05,0.039999999999999994,6.0,0.34,0.32550668290683205
Netherlands,NLD,1984,1.4365130105980208,1.4399643847777286,1.6328593052530276,0.05,0.039999999999999994,6.0,0.34,0.32550668290683205
Netherlands,NLD,1985,1.4456788251237374,1.4495372743642516,1.6397374000058926,0.05,0.039999999999999994,6.0,0.34,0.32550668290683205
Netherlands,NLD,1986,1.4524741441070201,1.457192602776475,1.6467969936239064,0.05,0.039999999999999994,6.0,0.34,0.32550668290683205
Netherlands,NLD,1987,1.4547152457305002,1.460687814375624,1.6475643779436027,0.05,0.039999999999999994,6.0,0.34,0.32550668290683205
Netherlands,NLD,1988,1.4660575944894054,1.472745984105683,1.660377992022446,0.05,0.039999999999999994,6.0,0.34,0.32550668290683205
Netherlands,NLD,1989,1.4801210165253584,1.488124500932039,1.6790338161859233,0.05,0.039999999999999994,6.0,0.34,0.32550668290683205
Netherlands,NLD,1990,1.4899354122510493,1.4993750983150873,1.6934276800201298,0.05,0.039999999999999994,6.0,0.34,0.32550668290683205
Netherlands,NLD,1991,1.4934685556616367,1.5035781932071854,1.694809355806247,0.05,0.039999999999999994,6.0,0.34,0.32550668290683205
Netherlands,NLD,1992,1.4862230618629546,1.4967063677393462,1.6873629897811813,0.05,0.039999999999999994,6.0,0.34,0.32550668290683205
Netherlands,NLD,1993,1.4883782362306386,1.4993230850492134,1.6830295742488826,0.05,0.039999999999999994,6.0,0.34,0.32550668290683205
Netherlands,NLD,1994,1.4984751160000283,1.5086601412865885,1.6912027115052477,0.05,0.039999999999999994,6.0,0.34,0.32550668290683205
Netherlands,NLD,1995,1.497535532702229,1.5074589727506824,1.6945647002469526,0.05,0.039999999999999994,6.0,0.34,0.32550668290683205
Netherlands,NLD,1996,1.4993610775983344,1.5093061986104592,1.7009655685475984,0.05,0.039999999999999994,6.0,0.34,0.32550668290683205
Netherlands,NLD,1997,1.5161395968154103,1.5265192652523076,1.7185688034833335,0.05,0.039999999999999994,6.0,0.34,0.32550668290683205
Netherlands,NLD,1998,1.5366362598210648,1.5473139453862599,1.7386054607664776,0.05,0.039999999999999994,6.0,0.34,0.32550668290683205
Netherlands,NLD,1999,1.5570723659414263,1.5681055284869032,1.762977645416198,0.05,0.039999999999999994,6.0,0.34,0.32550668290683205
Netherlands,NLD,2000,1.582205475701083,1.5935370017331918,1.7815341686810515,0.05,0.039999999999999994,6.0,0.34,0.32550668290683205
Netherlands,NLD,2001,1.5891742877503834,1.599779262932664,1.7820624519522865,0.05,0.039999999999999994,6.0,0.34,0.32550668290683205
Netherlands,NLD,2002,1.5869284785961275,1.5970447362975273,1.7683214616896605,0.05,0.039999999999999994,6.0,0.34,0.32550668290683205
Netherlands,NLD,2003,1.589655399237813,1.5980016559835821,1.759785645019182,0.05,0.039999999999999994,6.0,0.34,0.32550668290683205
Netherlands,NLD,2004,1.600122123522456,1.6074496850777242,1.7647268738949253,0.05,0.039999999999999994,6.0,0.34,0.32550668290683205
Netherlands,NLD,2005,1.6138316547966056,1.6211029881993841,1.7722613633408701,0.05,0.039999999999999994,6.0,0.34,0.32550668290683205
Netherlands,NLD,2006,1.6255490381673896,1.6330532580771662,1.7866129364809566,0.05,0.039999999999999994,6.0,0.34,0.32550668290683205
Netherlands,NLD,2007,1.6341777709522223,1.6424473929620493,1.8016714458361194,0.05,0.039999999999999994,6.0,0.34,0.32550668290683205
Netherlands,NLD,2008,1.6345272544962386,1.645207109502354,1.8070497849447262,0.05,0.039999999999999994,6.0,0.34,0.32550668290683205
Netherlands,NLD,2009,1.5977978781759683,1.610098985354548,1.7652824221785486,0.05,0.039999999999999994,6.0,0.34,0.32550668290683205
Netherlands,NLD,2010,1.6093086118538,1.621060603297023,1.7732205660996656,0.05,0.039999999999999994,6.0,0.34,0.32550668290683205
Netherlands,NLD,2011,1.6100112451351771,1.62253313140216,1.7758132047720365,0.05,0.039999999999999994,6.0,0.34,0.32550668290683205
Netherlands,NLD,2012,1.5966795215256333,1.6096453782444513,1.7526214942992313,0.05,0.039999999999999994,6.0,0.34,0.32550668290683205
Netherlands,NLD,2013,1.5924586840836579,1.6054917417600336,1.7395175332821182,0.05,0.039999999999999994,6.0,0.34,0.32550668290683205
Netherlands,NLD,2014,1.5950250522405263,1.6072525160385585,1.7316272060215105,0.05,0.039999999999999994,6.0,0.34,0.32550668290683205
Netherlands,NLD,2015,1.6017579601566716,1.6133842837557264,1.7300111886792164,0.05,0.039999999999999994,6.0,0.34,0.32550668290683205
Netherlands,NLD,2016,1.5977485556566071,1.6124156278787192,1.7280232142991339,0.05,0.039999999999999994,6.0,0.34,0.32550668290683205
Netherlands,NLD,2017,1.6042871829652396,1.619188228692047,1.7341016082541643,0.05,0.039999999999999994,6.0,0.34,0.32550668290683205
Netherlands,NLD,2018,1.603643743641637,1.619000512466453,1.7332628131150933,0.05,0.039999999999999994,6.0,0.34,0.32550668290683205
Netherlands,NLD,2019,1.5980731678318385,1.6140107615460888,1.7281473687273432,0.05,0.039999999999999994,6.0,0.34,0.32550668290683205
New Zealand,NZL,1950,0.8455418355263324,0.8455418355263324,1.4272273184387823,5.0,0.12,1.0083333333333333,0.26,0.4091075267110552
New Zealand,NZL,1951,0.7712338940064187,0.8171898069729542,1.378120059103681,5.0,0.12,1.0083333333333333,0.26,0.4091075267110552
New Zealand,NZL,1952,0.706255219336855,0.7847405311137958,1.3295290729787652,5.0,0.12,1.0083333333333333,0.26,0.4091075267110552
New Zealand,NZL,1953,0.6838849775879563,0.780264345234432,1.3088900456946475,5.0,0.12,1.0083333333333333,0.26,0.4091075267110552
New Zealand,NZL,1954,0.7545644408618299,0.8579656112734781,1.3793912986749968,5.0,0.12,1.0083333333333333,0.26,0.4091075267110552
New Zealand,NZL,1955,0.7433190416137263,0.8621050682248717,1.3703243662003306,5.0,0.12,1.0083333333333333,0.26,0.4091075267110552
New Zealand,NZL,1956,0.712247070058015,0.8373803186552768,1.335660534427928,5.0,0.12,1.0083333333333333,0.26,0.4091075267110552
New Zealand,NZL,1957,0.7218373802658702,0.8473176274612788,1.3412543191359947,5.0,0.12,1.0083333333333333,0.26,0.4091075267110552
New Zealand,NZL,1958,0.6879754852568318,0.8137807080950683,1.303604042331881,5.0,0.12,1.0083333333333333,0.26,0.4091075267110552
New Zealand,NZL,1959,0.6892938774952375,0.8115146506509943,1.3009319823411731,5.0,0.12,1.0083333333333333,0.26,0.4091075267110552
New Zealand,NZL,1960,0.8016840398352523,0.9194401731739985,1.4095023968661358,5.0,0.12,1.0083333333333333,0.26,0.4091075267110552
New Zealand,NZL,1961,0.8140006487363465,0.9282173063203176,1.4152116584590164,5.0,0.12,1.0083333333333333,0.26,0.4091075267110552
New Zealand,NZL,1962,0.7952147415391835,0.9055566083303113,1.3903658351080308,5.0,0.12,1.0083333333333333,0.26,0.4091075267110552
New Zealand,NZL,1963,0.826930363741301,0.9296461944949899,1.4135447579158558,5.0,0.12,1.0083333333333333,0.26,0.4091075267110552
New Zealand,NZL,1964,0.838311972075604,0.9365673661394371,1.4211341282940846,5.0,0.12,1.0083333333333333,0.26,0.4091075267110552
New Zealand,NZL,1965,0.8609839589962514,0.9587852311327278,1.4426254746462792,5.0,0.12,1.0083333333333333,0.26,0.4091075267110552
New Zealand,NZL,1966,0.8662107092638047,0.9669106608672253,1.4524126376995294,5.0,0.12,1.0083333333333333,0.26,0.4091075267110552
New Zealand,NZL,1967,0.7599854818531373,0.862643327637393,1.346920475862146,5.0,0.12,1.0083333333333333,0.26,0.4091075267110552
New Zealand,NZL,1968,0.7324292925609965,0.8283490604827835,1.3126309279566186,5.0,0.12,1.0083333333333333,0.26,0.4091075267110552
New Zealand,NZL,1969,0.8062013961451377,0.8917988690551457,1.381580113101685,5.0,0.12,1.0083333333333333,0.26,0.4091075267110552
New Zealand,NZL,1970,0.7471959292737695,0.8286101077506958,1.332836679982678,5.0,0.12,1.0083333333333333,0.26,0.4091075267110552
New Zealand,NZL,1971,0.746811367259939,0.8250882765486232,1.3364756684717767,5.0,0.12,1.0083333333333333,0.26,0.4091075267110552
New Zealand,NZL,1972,0.7711041261425766,0.8475333666120948,1.3592858049431853,5.0,0.12,1.0083333333333333,0.26,0.4091075267110552
New Zealand,NZL,1973,0.8136015050973544,0.8886955698567531,1.4024008734370934,5.0,0.12,1.0083333333333333,0.26,0.4091075267110552
New Zealand,NZL,1974,0.818111641336011,0.8983070562994664,1.415127337934536,5.0,0.12,1.0083333333333333,0.26,0.4091075267110552
New Zealand,NZL,1975,0.7528671098911532,0.8441269936630729,1.3530981910465112,5.0,0.12,1.0083333333333333,0.26,0.4091075267110552
New Zealand,NZL,1976,0.7410579868113727,0.828750568530987,1.329304908132511,5.0,0.12,1.0083333333333333,0.26,0.4091075267110552
New Zealand,NZL,1977,0.6815843877606564,0.7657271971815076,1.260603587481055,5.0,0.12,1.0083333333333333,0.26,0.4091075267110552
New Zealand,NZL,1978,0.6388446155475602,0.7165084591822906,1.2245463217954606,5.0,0.12,1.0083333333333333,0.26,0.4091075267110552
New Zealand,NZL,1979,0.6514279039885249,0.7207034565883124,1.229752832103514,5.0,0.12,1.0083333333333333,0.26,0.4091075267110552
New Zealand,NZL,1980,0.6521717346845337,0.7169212309634645,1.2260257773212038,5.0,0.12,1.0083333333333333,0.26,0.4091075267110552
New Zealand,NZL,1981,0.7020169661880971,0.7614100000055357,1.2655114458771761,5.0,0.12,1.0083333333333333,0.26,0.4091075267110552
New Zealand,NZL,1982,0.6898233348880458,0.7478941582196557,1.2537951332372916,5.0,0.12,1.0083333333333333,0.26,0.4091075267110552
New Zealand,NZL,1983,0.695028157631465,0.7528763188612917,1.2627220211497225,5.0,0.12,1.0083333333333333,0.26,0.4091075267110552
New Zealand,NZL,1984,0.7260026768805297,0.78321436762681,1.2903099752705516,5.0,0.12,1.0083333333333333,0.26,0.4091075267110552
New Zealand,NZL,1985,0.7075897563400186,0.7660109666008115,1.2755448248665409,5.0,0.12,1.0083333333333333,0.26,0.4091075267110552
New Zealand,NZL,1986,0.715572800127342,0.7737161863634272,1.2792426866806093,5.0,0.12,1.0083333333333333,0.26,0.4091075267110552
New Zealand,NZL,1987,0.6547679521057859,0.711121324883977,1.2132317819708955,5.0,0.12,1.0083333333333333,0.26,0.4091075267110552
New Zealand,NZL,1988,0.685745289489283,0.7384279460298373,1.2301636860572063,5.0,0.12,1.0083333333333333,0.26,0.4091075267110552
New Zealand,NZL,1989,0.7038810076383264,0.752769174265195,1.2342275102851552,5.0,0.12,1.0083333333333333,0.26,0.4091075267110552
New Zealand,NZL,1990,0.6999336271641505,0.7474528844990207,1.227716174563108,5.0,0.12,1.0083333333333333,0.26,0.4091075267110552
New Zealand,NZL,1991,0.6887123817859679,0.7330944320979036,1.2071652777625315,5.0,0.12,1.0083333333333333,0.26,0.4091075267110552
New Zealand,NZL,1992,0.6889644572147997,0.7280749365774586,1.207381016377087,5.0,0.12,1.0083333333333333,0.26,0.4091075267110552
New Zealand,NZL,1993,0.7147570720225138,0.7502424258831848,1.245012225361552,5.0,0.12,1.0083333333333333,0.26,0.4091075267110552
New Zealand,NZL,1994,0.7320339533189779,0.7673160885669263,1.270525555257639,5.0,0.12,1.0083333333333333,0.26,0.4091075267110552
New Zealand,NZL,1995,0.7421353348553792,0.7787319445069114,1.287260158252376,5.0,0.12,1.0083333333333333,0.26,0.4091075267110552
New Zealand,NZL,1996,0.7496188271924851,0.7884286017034441,1.2955575954807412,5.0,0.12,1.0083333333333333,0.26,0.4091075267110552
New Zealand,NZL,1997,0.7710932856970132,0.8116913619770365,1.3093029473503868,5.0,0.12,1.0083333333333333,0.26,0.4091075267110552
New Zealand,NZL,1998,0.7748628422333432,0.8164776096419937,1.3044295447493943,5.0,0.12,1.0083333333333333,0.26,0.4091075267110552
New Zealand,NZL,1999,0.8025199506139398,0.8424666557600258,1.3312931457348207,5.0,0.12,1.0083333333333333,0.26,0.4091075267110552
New Zealand,NZL,2000,0.8033491500281853,0.8437173460043459,1.3346507309916036,5.0,0.12,1.0083333333333333,0.26,0.4091075267110552
New Zealand,NZL,2001,0.8220267222366671,0.8621497609675206,1.3541253055984792,5.0,0.12,1.0083333333333333,0.26,0.4091075267110552
New Zealand,NZL,2002,0.8458831569278065,0.8870866346769217,1.3750929587899217,5.0,0.12,1.0083333333333333,0.26,0.4091075267110552
New Zealand,NZL,2003,0.8672597494192562,0.9109614850759247,1.391980342813333,5.0,0.12,1.0083333333333333,0.26,0.4091075267110552
New Zealand,NZL,2004,0.8599178943125292,0.9077076006565399,1.3848163117842454,5.0,0.12,1.0083333333333333,0.26,0.4091075267110552
New Zealand,NZL,2005,0.8665436510899269,0.918843417156431,1.3859438848617702,5.0,0.12,1.0083333333333333,0.26,0.4091075267110552
New Zealand,NZL,2006,0.8724069197466511,0.9283315003938757,1.382981377204056,5.0,0.12,1.0083333333333333,0.26,0.4091075267110552
New Zealand,NZL,2007,0.8961101488123457,0.9526030834687491,1.395388891127134,5.0,0.12,1.0083333333333333,0.26,0.4091075267110552
New Zealand,NZL,2008,0.8725655355787891,0.9299140606066656,1.3573402028691142,5.0,0.12,1.0083333333333333,0.26,0.4091075267110552
New Zealand,NZL,2009,0.9043032505474917,0.9594994405051036,1.3682778726517157,5.0,0.12,1.0083333333333333,0.26,0.4091075267110552
New Zealand,NZL,2010,0.9029292170465935,0.9532935427003011,1.3542960533649895,5.0,0.12,1.0083333333333333,0.26,0.4091075267110552
New Zealand,NZL,2011,0.9130674776458632,0.9597037923880398,1.3610368309151446,5.0,0.12,1.0083333333333333,0.26,0.4091075267110552
New Zealand,NZL,2012,0.9289453572391224,0.9730205061814177,1.3719282761867109,5.0,0.12,1.0083333333333333,0.26,0.4091075267110552
New Zealand,NZL,2013,0.9208961357818213,0.9644655035600787,1.3680532353964114,5.0,0.12,1.0083333333333333,0.26,0.4091075267110552
New Zealand,NZL,2014,0.9282974869884768,0.9728895439757315,1.382667892688556,5.0,0.12,1.0083333333333333,0.26,0.4091075267110552
New Zealand,NZL,2015,0.9511960710335501,0.9974876222298397,1.407202932840518,5.0,0.12,1.0083333333333333,0.26,0.4091075267110552
New Zealand,NZL,2016,0.9577674540647472,1.0052211477911817,1.4163213923804072,5.0,0.12,1.0083333333333333,0.26,0.4091075267110552
New Zealand,NZL,2017,0.969138198057002,1.0174078160599764,1.42892609219443,5.0,0.12,1.0083333333333333,0.26,0.4091075267110552
New Zealand,NZL,2018,0.9717500621680504,1.0217205105186302,1.4269247227147552,5.0,0.12,1.0083333333333333,0.26,0.4091075267110552
New Zealand,NZL,2019,0.9797942307873502,1.0312566177935167,1.4264881626741617,5.0,0.12,1.0083333333333333,0.26,0.4091075267110552
Norway,NOR,1950,0.30568697326413297,0.30568697326413297,0.7721132971376312,0.05,0.08,0.01,0.34,0.4438353674752372
Norway,NOR,1951,0.3136265927544297,0.31772433855762205,0.7685544111853833,0.05,0.08,0.01,0.34,0.4438353674752372
Norway,NOR,1952,0.35225947324254836,0.3570963303876713,0.7958272573899465,0.05,0.08,0.01,0.34,0.4438353674752372
Norway,NOR,1953,0.40799654368782523,0.4133026424684365,0.8390034809776343,0.05,0.08,0.01,0.34,0.4438353674752372
Norway,NOR,1954,0.4323418951336615,0.4385333237126172,0.8486197036940866,0.05,0.08,0.01,0.34,0.4438353674752372
Norway,NOR,1955,0.4432245248749629,0.4499571676081979,0.8447165119700402,0.05,0.08,0.01,0.34,0.4438353674752372
Norway,NOR,1956,0.45883732912366426,0.46609183761351325,0.8466984553951855,0.05,0.08,0.01,0.34,0.4438353674752372
Norway,NOR,1957,0.4877018791167522,0.49499661126022065,0.8622712205592564,0.05,0.08,0.01,0.34,0.4438353674752372
Norway,NOR,1958,0.4975447090230478,0.5051924303587789,0.8546974335952038,0.05,0.08,0.01,0.34,0.4438353674752372
Norway,NOR,1959,0.5164324463437708,0.5248301914027271,0.8607413851586831,0.05,0.08,0.01,0.34,0.4438353674752372
Norway,NOR,1960,0.5459084316057163,0.5537548393844736,0.8805562011185606,0.05,0.08,0.01,0.34,0.4438353674752372
Norway,NOR,1961,0.587144785293745,0.5954562381094437,0.9163905417069145,0.05,0.08,0.01,0.34,0.4438353674752372
Norway,NOR,1962,0.5977926524834469,0.6074482550698033,0.9173171302147767,0.05,0.08,0.01,0.34,0.4438353674752372
Norway,NOR,1963,0.6198902127979142,0.6291268679349615,0.9307224055802317,0.05,0.08,0.01,0.34,0.4438353674752372
Norway,NOR,1964,0.6500917980477539,0.6588499601188085,0.9550076671321224,0.05,0.08,0.01,0.34,0.4438353674752372
Norway,NOR,1965,0.6943895123025845,0.7034889894738869,0.9852465490374744,0.05,0.08,0.01,0.34,0.4438353674752372
Norway,NOR,1966,0.7104461038650909,0.7221487476899133,0.9927604349195076,0.05,0.08,0.01,0.34,0.4438353674752372
Norway,NOR,1967,0.7533930631348982,0.7673577114724628,1.0250635757648987,0.05,0.08,0.01,0.34,0.4438353674752372
Norway,NOR,1968,0.7646720580926818,0.7821783161932458,1.0186156105785693,0.05,0.08,0.01,0.34,0.4438353674752372
Norway,NOR,1969,0.8029921271725122,0.818989279194108,1.0413548044517678,0.05,0.08,0.01,0.34,0.4438353674752372
Norway,NOR,1970,0.8055363598734049,0.8189090038165618,1.036700917101942,0.05,0.08,0.01,0.34,0.4438353674752372
Norway,NOR,1971,0.8286968533990322,0.8527418957471165,1.0511619515891355,0.05,0.08,0.01,0.34,0.4438353674752372
Norway,NOR,1972,0.8519796041205012,0.8829041559410182,1.0627176875883495,0.05,0.08,0.01,0.34,0.4438353674752372
Norway,NOR,1973,0.8729129852667805,0.9029967083523047,1.0733049990724313,0.05,0.08,0.01,0.34,0.4438353674752372
Norway,NOR,1974,0.8819363626038674,0.9148469441295406,1.0725040748942334,0.05,0.08,0.01,0.34,0.4438353674752372
Norway,NOR,1975,0.8923453680163238,0.9303612730603561,1.0754641239727292,0.05,0.08,0.01,0.34,0.4438353674752372
Norway,NOR,1976,0.9167491000151538,0.9563506100549093,1.0901344676619358,0.05,0.08,0.01,0.34,0.4438353674752372
Norway,NOR,1977,0.9260206048343038,0.9649568370751576,1.090216057946927,0.05,0.08,0.01,0.34,0.4438353674752372
Norway,NOR,1978,0.939553699350677,0.9775892078829731,1.0911331226888776,0.05,0.08,0.01,0.34,0.4438353674752372
Norway,NOR,1979,0.9661934831108603,0.9958350659495885,1.1073295959553895,0.05,0.08,0.01,0.34,0.4438353674752372
Norway,NOR,1980,0.9815073287963427,1.0049561917804848,1.1205316908061693,0.05,0.08,0.01,0.34,0.4438353674752372
Norway,NOR,1981,0.9769277857994698,0.9971102841605672,1.1069649093202754,0.05,0.08,0.01,0.34,0.4438353674752372
Norway,NOR,1982,0.9648456864094026,0.9838278701663219,1.0830199655181134,0.05,0.08,0.01,0.34,0.4438353674752372
Norway,NOR,1983,0.9866970730217002,1.00643833435345,1.0956781138354883,0.05,0.08,0.01,0.34,0.4438353674752372
Norway,NOR,1984,1.025180732129165,1.0436243759935646,1.128164286738833,0.05,0.08,0.01,0.34,0.4438353674752372
Norway,NOR,1985,1.0441698111560171,1.0646172433045304,1.1462426367242915,0.05,0.08,0.01,0.34,0.4438353674752372
Norway,NOR,1986,1.0437500547134002,1.0667877310315568,1.145974456496557,0.05,0.08,0.01,0.34,0.4438353674752372
Norway,NOR,1987,1.0285153595769891,1.0596187708580933,1.121322613454276,0.05,0.08,0.01,0.34,0.4438353674752372
Norway,NOR,1988,1.0019867420389748,1.035504405270629,1.084455840265329,0.05,0.08,0.01,0.34,0.4438353674752372
Norway,NOR,1989,1.0051231943149386,1.0387001887553824,1.0710366630660557,0.05,0.08,0.01,0.34,0.4438353674752372
Norway,NOR,1990,1.0131297950439722,1.0429709442758783,1.0694484895189165,0.05,0.08,0.01,0.34,0.4438353674752372
Norway,NOR,1991,1.0380828131550723,1.061421483828961,1.0844125292339597,0.05,0.08,0.01,0.34,0.4438353674752372
Norway,NOR,1992,1.0582400430243766,1.077800141981668,1.0993698010543038,0.05,0.08,0.01,0.34,0.4438353674752372
Norway,NOR,1993,1.0753012683874639,1.0889659132719682,1.1107384836325849,0.05,0.08,0.01,0.34,0.4438353674752372
Norway,NOR,1994,1.1058919088296317,1.1177661321124823,1.1383127629938137,0.05,0.08,0.01,0.34,0.4438353674752372
Norway,NOR,1995,1.1279898343064367,1.139602088017205,1.1552664209273755,0.05,0.08,0.01,0.34,0.4438353674752372
Norway,NOR,1996,1.1536465634010478,1.1657878822500427,1.1777252835333294,0.05,0.08,0.01,0.34,0.4438353674752372
Norway,NOR,1997,1.1787155841307762,1.1899660364089284,1.2016588053293913,0.05,0.08,0.01,0.34,0.4438353674752372
Norway,NOR,1998,1.175369571410572,1.1889890258018427,1.1958728901564195,0.05,0.08,0.01,0.34,0.4438353674752372
Norway,NOR,1999,1.1721924451286858,1.1908768607386042,1.1851154475240817,0.05,0.08,0.01,0.34,0.4438353674752372
Norway,NOR,2000,1.195353089708088,1.2134919091694298,1.196093883833218,0.05,0.08,0.01,0.34,0.4438353674752372
Norway,NOR,2001,1.2157794247087557,1.2298414034603091,1.2032273236194395,0.05,0.08,0.01,0.34,0.4438353674752372
Norway,NOR,2002,1.2315810949956543,1.2422553163495733,1.2076632832845011,0.05,0.08,0.01,0.34,0.4438353674752372
Norway,NOR,2003,1.2481326227218172,1.256173127610924,1.2075364570364258,0.05,0.08,0.01,0.34,0.4438353674752372
Norway,NOR,2004,1.271979455386579,1.2773388443496145,1.2286102734730293,0.05,0.08,0.01,0.34,0.4438353674752372
Norway,NOR,2005,1.2798015688892077,1.2864424291696333,1.2376520974821557,0.05,0.08,0.01,0.34,0.4438353674752372
Norway,NOR,2006,1.276651178914606,1.284659732092134,1.2428528746579572,0.05,0.08,0.01,0.34,0.4438353674752372
Norway,NOR,2007,1.269399084814503,1.28029730476886,1.2493255717120966,0.05,0.08,0.01,0.34,0.4438353674752372
Norway,NOR,2008,1.2403847428388888,1.2563754163355103,1.2253179672300685,0.05,0.08,0.01,0.34,0.4438353674752372
Norway,NOR,2009,1.219470542503963,1.2376685740664009,1.1943214280417038,0.05,0.08,0.01,0.34,0.4438353674752372
Norway,NOR,2010,1.2114523051521537,1.2315085928625926,1.1795597968302012,0.05,0.08,0.01,0.34,0.4438353674752372
Norway,NOR,2011,1.1992004810900703,1.221672925665752,1.167635465959708,0.05,0.08,0.01,0.34,0.4438353674752372
Norway,NOR,2012,1.2069046961261378,1.229106202926273,1.177081357648644,0.05,0.08,0.01,0.34,0.4438353674752372
Norway,NOR,2013,1.2032296933750146,1.226886753378782,1.1706105360523122,0.05,0.08,0.01,0.34,0.4438353674752372
Norway,NOR,2014,1.201639008964552,1.2284562926138376,1.168398261502838,0.05,0.08,0.01,0.34,0.4438353674752372
Norway,NOR,2015,1.2028755554554662,1.2323849912030909,1.1650036314170744,0.05,0.08,0.01,0.34,0.4438353674752372
Norway,NOR,2016,1.1950103296905867,1.2277763976870038,1.1447646917103234,0.05,0.08,0.01,0.34,0.4438353674752372
Norway,NOR,2017,1.2005092285354202,1.236522060194421,1.1354890385303265,0.05,0.08,0.01,0.34,0.4438353674752372
Norway,NOR,2018,1.1872860979619082,1.225590181816541,1.1132755979515547,0.05,0.08,0.01,0.34,0.4438353674752372
Norway,NOR,2019,1.1756126195338945,1.2137817207814887,1.0961857032625757,0.05,0.08,0.01,0.34,0.4438353674752372
Poland,POL,1970,0.868154572563844,0.868154572563844,0.868154572563844,0.05,-0.08,0.01,0.0,0.3924822247028351
Poland,POL,1971,0.8732824318691437,0.8738437784925264,0.8738437784925264,0.05,-0.08,0.01,0.0,0.3924822247028351
Poland,POL,1972,0.8515402452937106,0.852071091609651,0.852071091609651,0.05,-0.08,0.01,0.0,0.3924822247028351
Poland,POL,1973,0.8312001061755057,0.831685439658834,0.831685439658834,0.05,-0.08,0.01,0.0,0.3924822247028351
Poland,POL,1974,0.8440558587434746,0.8445026704067544,0.8445026704067544,0.05,-0.08,0.01,0.0,0.3924822247028351
Poland,POL,1975,0.8525988033974095,0.8530335483153806,0.8530335483153806,0.05,-0.08,0.01,0.0,0.3924822247028351
Poland,POL,1976,0.8915638598788895,0.8919923580731934,0.8919923580731934,0.05,-0.08,0.01,0.0,0.3924822247028351
Poland,POL,1977,0.9186786447967092,0.9190947427199498,0.9190947427199498,0.05,-0.08,0.01,0.0,0.3924822247028351
Poland,POL,1978,0.9169059143824825,0.9173059848331455,0.9173059848331455,0.05,-0.08,0.01,0.0,0.3924822247028351
Poland,POL,1979,0.914122666439015,0.9145076173127782,0.9145076173127782,0.05,-0.08,0.01,0.0,0.3924822247028351
Poland,POL,1980,0.8136408946523312,0.81400489288822,0.81400489288822,0.05,-0.08,0.01,0.0,0.3924822247028351
Poland,POL,1981,0.6657032174751292,0.6660590879736832,0.6660590879736832,0.05,-0.08,0.01,0.0,0.3924822247028351
Poland,POL,1982,0.6044091539936947,0.6046452068992298,0.6046452068992298,0.05,-0.08,0.01,0.0,0.3924822247028351
Poland,POL,1983,0.6357761630832144,0.6359955206499892,0.6359955206499892,0.05,-0.08,0.01,0.0,0.3924822247028351
Poland,POL,1984,0.6636503213951626,0.6638832605792713,0.6638832605792713,0.05,-0.08,0.01,0.0,0.3924822247028351
Poland,POL,1985,0.6667844679296113,0.6670373459226235,0.6670373459226235,0.05,-0.08,0.01,0.0,0.3924822247028351
Poland,POL,1986,0.6754130845585626,0.6756857406225958,0.6756857406225958,0.05,-0.08,0.01,0.0,0.3924822247028351
Poland,POL,1987,0.6671490473715718,0.6674073025496909,0.6674073025496909,0.05,-0.08,0.01,0.0,0.3924822247028351
Poland,POL,1988,0.684037001012471,0.6842668046740297,0.6842668046740297,0.05,-0.08,0.01,0.0,0.3924822247028351
Poland,POL,1989,0.6585014441530346,0.658734296117176,0.658734296117176,0.05,-0.08,0.01,0.0,0.3924822247028351
Poland,POL,1990,0.5370208911288756,0.5372340941331837,0.5372340941331837,0.05,-0.08,0.01,0.0,0.3924822247028351
Poland,POL,1991,0.4834966539598202,0.48361412786973546,0.48361412786973546,0.05,-0.08,0.01,0.0,0.3924822247028351
Poland,POL,1992,0.5024946910803179,0.502547542222886,0.502547542222886,0.05,-0.08,0.01,0.0,0.3924822247028351
Poland,POL,1993,0.5448618508505332,0.5448814274998508,0.5448814274998508,0.05,-0.08,0.01,0.0,0.3924822247028351
Poland,POL,1994,0.5795468893083138,0.5795829201066223,0.5795829201066223,0.05,-0.08,0.01,0.0,0.3924822247028351
Poland,POL,1995,0.6185393155215868,0.6185838620160204,0.6185838620160204,0.05,-0.08,0.01,0.0,0.3924822247028351
Poland,POL,1996,0.6540085697536862,0.654086523863108,0.654086523863108,0.05,-0.08,0.01,0.0,0.3924822247028351
Poland,POL,1997,0.6857827670131718,0.6858904103245207,0.6858904103245207,0.05,-0.08,0.01,0.0,0.3924822247028351
Poland,POL,1998,0.7054262315682784,0.7055635463508656,0.7055635463508656,0.05,-0.08,0.01,0.0,0.3924822247028351
Poland,POL,1999,0.7273245918512083,0.7274817778355631,0.7274817778355631,0.05,-0.08,0.01,0.0,0.3924822247028351
Poland,POL,2000,0.7774420683510233,0.7776018434367087,0.7776018434367087,0.05,-0.08,0.01,0.0,0.3924822247028351
Poland,POL,2001,0.7862192532252212,0.7863729813118496,0.7863729813118496,0.05,-0.08,0.01,0.0,0.3924822247028351
Poland,POL,2002,0.8153140741631502,0.8154171041181959,0.8154171041181959,0.05,-0.08,0.01,0.0,0.3924822247028351
Poland,POL,2003,0.846571908894866,0.8466483906007198,0.8466483906007198,0.05,-0.08,0.01,0.0,0.3924822247028351
Poland,POL,2004,0.8788265077516293,0.8789097664172916,0.8789097664172916,0.05,-0.08,0.01,0.0,0.3924822247028351
Poland,POL,2005,0.8877655453665296,0.8878930369397384,0.8878930369397384,0.05,-0.08,0.01,0.0,0.3924822247028351
Poland,POL,2006,0.911811537727222,0.9119494515145652,0.9119494515145652,0.05,-0.08,0.01,0.0,0.3924822247028351
Poland,POL,2007,0.9360548482524793,0.9362124372139142,0.9362124372139142,0.05,-0.08,0.01,0.0,0.3924822247028351
Poland,POL,2008,0.9362918806202094,0.9364785066949333,0.9364785066949333,0.05,-0.08,0.01,0.0,0.3924822247028351
Poland,POL,2009,0.9457547203638521,0.9459401308651216,0.9459401308651216,0.05,-0.08,0.01,0.0,0.3924822247028351
Poland,POL,2010,0.98658966303634,0.9867115410673533,0.9867115410673533,0.05,-0.08,0.01,0.0,0.3924822247028351
Poland,POL,2011,1.0163391936559636,1.016479130104618,1.016479130104618,0.05,-0.08,0.01,0.0,0.3924822247028351
Poland,POL,2012,1.0146004982412773,1.014746250517165,1.014746250517165,0.05,-0.08,0.01,0.0,0.3924822247028351
Poland,POL,2013,1.0125388390461447,1.0126708637914996,1.0126708637914996,0.05,-0.08,0.01,0.0,0.3924822247028351
Poland,POL,2014,1.0213326655552564,1.0214350448759966,1.0214350448759966,0.05,-0.08,0.01,0.0,0.3924822247028351
Poland,POL,2015,1.03612340368693,1.0362538055791086,1.0362538055791086,0.05,-0.08,0.01,0.0,0.3924822247028351
Poland,POL,2016,1.0456537288463146,1.0457884032308158,1.0457884032308158,0.05,-0.08,0.01,0.0,0.3924822247028351
Poland,POL,2017,1.0773352366667268,1.0774544718331462,1.0774544718331462,0.05,-0.08,0.01,0.0,0.3924822247028351
Poland,POL,2018,1.1177790309128763,1.117920888996908,1.117920888996908,0.05,-0.08,0.01,0.0,0.3924822247028351
Poland,POL,2019,1.1390380901042088,1.1391976741795018,1.1391976741795018,0.05,-0.08,0.01,0.0,0.3924822247028351
Portugal,PRT,1950,0.264467818965449,0.264467818965449,0.4820247419083685,0.05,-0.08,0.01,0.04,0.36397330250058857
Portugal,PRT,1951,0.3508658447788271,0.3509888350373762,0.5701650872155195,0.05,-0.08,0.01,0.04,0.36397330250058857
Portugal,PRT,1952,0.39001015023107133,0.39012967103642016,0.6104483029977894,0.05,-0.08,0.01,0.04,0.36397330250058857
Portugal,PRT,1953,0.4378871937109281,0.43801608856315166,0.6595556539529568,0.05,-0.08,0.01,0.04,0.36397330250058857
Portugal,PRT,1954,0.4761680951786271,0.4763121605718217,0.6989878419277575,0.05,-0.08,0.01,0.04,0.36397330250058857
Portugal,PRT,1955,0.510441469365639,0.5105787767539969,0.7344098365853444,0.05,-0.08,0.01,0.04,0.36397330250058857
Portugal,PRT,1956,0.551856372481601,0.5519765613716086,0.7765434138667695,0.05,-0.08,0.01,0.04,0.36397330250058857
Portugal,PRT,1957,0.6075776932489534,0.6077097975767467,0.8321288583328528,0.05,-0.08,0.01,0.04,0.36397330250058857
Portugal,PRT,1958,0.5846581649579843,0.5848245407384205,0.8112523150295026,0.05,-0.08,0.01,0.04,0.36397330250058857
Portugal,PRT,1959,0.6275997146562737,0.6277527211974689,0.8553513290290251,0.05,-0.08,0.01,0.04,0.36397330250058857
Portugal,PRT,1960,0.6821391816851285,0.682292633555905,0.9111656795507574,0.05,-0.08,0.01,0.04,0.36397330250058857
Portugal,PRT,1961,0.7337784193780141,0.7339716153526554,0.9652674424938583,0.05,-0.08,0.01,0.04,0.36397330250058857
Portugal,PRT,1962,0.7729471259449552,0.7731609352887148,1.006560898254926,0.05,-0.08,0.01,0.04,0.36397330250058857
Portugal,PRT,1963,0.8174170637854958,0.8175893102214395,1.0530523413023678,0.05,-0.08,0.01,0.04,0.36397330250058857
Portugal,PRT,1964,0.8537349400634291,0.853927899263196,1.0914172916317746,0.05,-0.08,0.01,0.04,0.36397330250058857
Portugal,PRT,1965,0.9060690395139472,0.9062781718907722,1.1458019833323831,0.05,-0.08,0.01,0.04,0.36397330250058857
Portugal,PRT,1966,0.9202235773027185,0.9204544654485192,1.1621465733249856,0.05,-0.08,0.01,0.04,0.36397330250058857
Portugal,PRT,1967,0.9730012667080352,0.9732202228541995,1.2172126403779684,0.05,-0.08,0.01,0.04,0.36397330250058857
Portugal,PRT,1968,1.0805359331732287,1.080734446509,1.3268856191595173,0.05,-0.08,0.01,0.04,0.36397330250058857
Portugal,PRT,1969,1.0952941519692159,1.0954879721630313,1.3432568603494275,0.05,-0.08,0.01,0.04,0.36397330250058857
Portugal,PRT,1970,1.1393719257481232,1.1395561955004334,1.3901315228595532,0.05,-0.08,0.01,0.04,0.36397330250058857
Portugal,PRT,1971,1.1536113814756712,1.1538658017627421,1.4114442172910575,0.05,-0.08,0.01,0.04,0.36397330250058857
Portugal,PRT,1972,1.1978269545014744,1.1980524033330884,1.4617335029076104,0.05,-0.08,0.01,0.04,0.36397330250058857
Portugal,PRT,1973,1.2701802435164717,1.270428064324447,1.5399853777411128,0.05,-0.08,0.01,0.04,0.36397330250058857
Portugal,PRT,1974,1.1986994315420088,1.1989897477259062,1.4768643949399047,0.05,-0.08,0.01,0.04,0.36397330250058857
Portugal,PRT,1975,1.1056994493850993,1.1059515026645972,1.390747674804504,0.05,-0.08,0.01,0.04,0.36397330250058857
Portugal,PRT,1976,1.1493371917721324,1.1494423534262115,1.4453284855855966,0.05,-0.08,0.01,0.04,0.36397330250058857
Portugal,PRT,1977,1.168655810882,1.168802236463005,1.4760597213118034,0.05,-0.08,0.01,0.04,0.36397330250058857
Portugal,PRT,1978,1.1653761706079093,1.1655787069666284,1.483500329531668,0.05,-0.08,0.01,0.04,0.36397330250058857
Portugal,PRT,1979,1.1798941093697524,1.1800986829578237,1.5093939266947602,0.05,-0.08,0.01,0.04,0.36397330250058857
Portugal,PRT,1980,1.1815341065051532,1.181745872833977,1.5224462710344024,0.05,-0.08,0.01,0.04,0.36397330250058857
Portugal,PRT,1981,1.164371540616452,1.164600993877447,1.5168257884863516,0.05,-0.08,0.01,0.04,0.36397330250058857
Portugal,PRT,1982,1.1542431869676264,1.154474188298491,1.5176494463566366,0.05,-0.08,0.01,0.04,0.36397330250058857
Portugal,PRT,1983,1.096353209285457,1.0965768218096912,1.469989951058988,0.05,-0.08,0.01,0.04,0.36397330250058857
Portugal,PRT,1984,1.0589894200734644,1.0591474806464998,1.441126114556698,0.05,-0.08,0.01,0.04,0.36397330250058857
Portugal,PRT,1985,1.0745387157374209,1.0746450534178642,1.4654530365189755,0.05,-0.08,0.01,0.04,0.36397330250058857
Portugal,PRT,1986,1.0998336209501067,1.099933370024445,1.499188154381832,0.05,-0.08,0.01,0.04,0.36397330250058857
Portugal,PRT,1987,1.1204430778998837,1.1205613736993767,1.5296411877208635,0.05,-0.08,0.01,0.04,0.36397330250058857
Portugal,PRT,1988,1.157632226894183,1.1578000254584158,1.575734603661938,0.05,-0.08,0.01,0.04,0.36397330250058857
Portugal,PRT,1989,1.1665961034187768,1.1668072615473593,1.5941827547685063,0.05,-0.08,0.01,0.04,0.36397330250058857
Portugal,PRT,1990,1.1647305384691373,1.1649324304468474,1.6008383990040729,0.05,-0.08,0.01,0.04,0.36397330250058857
Portugal,PRT,1991,1.1828049500296771,1.1830143120971517,1.6254288240412071,0.05,-0.08,0.01,0.04,0.36397330250058857
Portugal,PRT,1992,1.1628117977927932,1.1630105848486432,1.612397778124711,0.05,-0.08,0.01,0.04,0.36397330250058857
Portugal,PRT,1993,1.1291015878841453,1.1293030153355588,1.5847655072037403,0.05,-0.08,0.01,0.04,0.36397330250058857
Portugal,PRT,1994,1.1153631072528238,1.1155265744805956,1.578371682854275,0.05,-0.08,0.01,0.04,0.36397330250058857
Portugal,PRT,1995,1.1224437166785854,1.1226114459896097,1.5936501227733002,0.05,-0.08,0.01,0.04,0.36397330250058857
Portugal,PRT,1996,1.1186989570156882,1.1188737448773338,1.599580048044328,0.05,-0.08,0.01,0.04,0.36397330250058857
Portugal,PRT,1997,1.1210162724673065,1.1211847023631547,1.6117100449386488,0.05,-0.08,0.01,0.04,0.36397330250058857
Portugal,PRT,1998,1.1192992628617047,1.1194716909831932,1.6200056747937142,0.05,-0.08,0.01,0.04,0.36397330250058857
Portugal,PRT,1999,1.1209547034083265,1.1211356061058346,1.6300135716867663,0.05,-0.08,0.01,0.04,0.36397330250058857
Portugal,PRT,2000,1.1167999540190268,1.1169730061823753,1.6340199198422285,0.05,-0.08,0.01,0.04,0.36397330250058857
Portugal,PRT,2001,1.1183738801062475,1.1185325685423866,1.6319944410060128,0.05,-0.08,0.01,0.04,0.36397330250058857
Portugal,PRT,2002,1.1141482953696604,1.1142941325942335,1.6238811273113347,0.05,-0.08,0.01,0.04,0.36397330250058857
Portugal,PRT,2003,1.1022768793631021,1.1024057237723177,1.60865756806787,0.05,-0.08,0.01,0.04,0.36397330250058857
Portugal,PRT,2004,1.113224463199959,1.1133280628636637,1.6173637369154683,0.05,-0.08,0.01,0.04,0.36397330250058857
Portugal,PRT,2005,1.1121833806581796,1.112302684618819,1.6139388378113368,0.05,-0.08,0.01,0.04,0.36397330250058857
Portugal,PRT,2006,1.111745700201758,1.11185587112855,1.6191187650821206,0.05,-0.08,0.01,0.04,0.36397330250058857
Portugal,PRT,2007,1.1135103488184335,1.1136152185631518,1.6252883197800108,0.05,-0.08,0.01,0.04,0.36397330250058857
Portugal,PRT,2008,1.1012799323245543,1.1013899439577717,1.6159973725890753,0.05,-0.08,0.01,0.04,0.36397330250058857
Portugal,PRT,2009,1.069570472156908,1.069685378960994,1.5847603900533258,0.05,-0.08,0.01,0.04,0.36397330250058857
Portugal,PRT,2010,1.0808707294456577,1.0809605834754068,1.5978903416450088,0.05,-0.08,0.01,0.04,0.36397330250058857
Portugal,PRT,2011,1.0722937716887397,1.0723869256836487,1.5888169521937057,0.05,-0.08,0.01,0.04,0.36397330250058857
Portugal,PRT,2012,1.055154759224279,1.0552072275818336,1.5717341095396646,0.05,-0.08,0.01,0.04,0.36397330250058857
Portugal,PRT,2013,1.0549105682231783,1.0549364126685594,1.5738130473207752,0.05,-0.08,0.01,0.04,0.36397330250058857
Portugal,PRT,2014,1.0459535666668405,1.0459729760554524,1.5693729714244196,0.05,-0.08,0.01,0.04,0.36397330250058857
Portugal,PRT,2015,1.0466780129962903,1.0467044403016494,1.5748050866803283,0.05,-0.08,0.01,0.04,0.36397330250058857
Portugal,PRT,2016,1.048967941094273,1.0489943168257811,1.5820018553037336,0.05,-0.08,0.01,0.04,0.36397330250058857
Portugal,PRT,2017,1.0609580174170459,1.0609890209706725,1.5989060983674177,0.05,-0.08,0.01,0.04,0.36397330250058857
Portugal,PRT,2018,1.0693091053823345,1.0693569431699892,1.6115606248099859,0.05,-0.08,0.01,0.04,0.36397330250058857
Portugal,PRT,2019,1.079673853147729,1.079732335832139,1.625470501817782,0.05,-0.08,0.01,0.04,0.36397330250058857
Slovakia,SVK,1990,0.11667794393390274,0.11667794393390274,0.11667794393390274,5.0,0.039999999999999994,0.01,0.0,0.4580281525850296
Slovakia,SVK,1991,-0.006258554663649996,0.011382720740981789,-0.0060487921342922135,5.0,0.039999999999999994,0.01,0.0,0.4580281525850296
Slovakia,SVK,1992,-0.04467856121287639,-0.01651601378798606,-0.044516465643588354,5.0,0.039999999999999994,0.01,0.0,0.4580281525850296
Slovakia,SVK,1993,-0.026030292876134453,0.007373874557717208,-0.025909723091503523,5.0,0.039999999999999994,0.01,0.0,0.4580281525850296
Slovakia,SVK,1994,0.04525191615746138,0.08210139135662065,0.04536263979269073,5.0,0.039999999999999994,0.01,0.0,0.4580281525850296
Slovakia,SVK,1995,0.08420954838547878,0.12232655915399437,0.08430291606871076,5.0,0.039999999999999994,0.01,0.0,0.4580281525850296
Slovakia,SVK,1996,0.14947141119347407,0.19070599249077524,0.14959162479392418,5.0,0.039999999999999994,0.01,0.0,0.4580281525850296
Slovakia,SVK,1997,0.2057332912637575,0.2544159076878829,0.20591415241827882,5.0,0.039999999999999994,0.01,0.0,0.4580281525850296
Slovakia,SVK,1998,0.2460787940805833,0.3011088291850532,0.24626530679283487,5.0,0.039999999999999994,0.01,0.0,0.4580281525850296
Slovakia,SVK,1999,0.2561340794017095,0.31588770533749155,0.2563178918277087,5.0,0.039999999999999994,0.01,0.0,0.4580281525850296
Slovakia,SVK,2000,0.2765671603687734,0.33668790406796933,0.27671268363785906,5.0,0.039999999999999994,0.01,0.0,0.4580281525850296
Slovakia,SVK,2001,0.3027404419225723,0.360809172707091,0.30286145008064036,5.0,0.039999999999999994,0.01,0.0,0.4580281525850296
Slovakia,SVK,2002,0.3520696687636322,0.4093492539023531,0.35220543460762954,5.0,0.039999999999999994,0.01,0.0,0.4580281525850296
Slovakia,SVK,2003,0.40856124821358897,0.4647038247757669,0.408695497689493,5.0,0.039999999999999994,0.01,0.0,0.4580281525850296
Slovakia,SVK,2004,0.4390537912921575,0.49358670766818946,0.4391783323218146,5.0,0.039999999999999994,0.01,0.0,0.4580281525850296
Slovakia,SVK,2005,0.47258274664085764,0.5297950579073474,0.47275440727538065,5.0,0.039999999999999994,0.01,0.0,0.4580281525850296
Slovakia,SVK,2006,0.5270028428653273,0.590085802008498,0.5272188047203556,5.0,0.039999999999999994,0.01,0.0,0.4580281525850296
Slovakia,SVK,2007,0.5965180852955934,0.6660455591761174,0.596754661616548,5.0,0.039999999999999994,0.01,0.0,0.4580281525850296
Slovakia,SVK,2008,0.613050777497059,0.6896935978573637,0.6133110426791077,5.0,0.039999999999999994,0.01,0.0,0.4580281525850296
Slovakia,SVK,2009,0.5496128624106165,0.6333450981953854,0.5498900169311689,5.0,0.039999999999999994,0.01,0.0,0.4580281525850296
Slovakia,SVK,2010,0.5979703017158728,0.6765358340026593,0.5981188284866299,5.0,0.039999999999999994,0.01,0.0,0.4580281525850296
Slovakia,SVK,2011,0.6071958982320282,0.6839844695682693,0.607372539729095,5.0,0.039999999999999994,0.01,0.0,0.4580281525850296
Slovakia,SVK,2012,0.6113987365898765,0.6886257890470251,0.6115982159507212,5.0,0.039999999999999994,0.01,0.0,0.4580281525850296
Slovakia,SVK,2013,0.6158529721204147,0.6895493063078977,0.616007772249227,5.0,0.039999999999999994,0.01,0.0,0.4580281525850296
Slovakia,SVK,2014,0.6257653371883451,0.6964152271603758,0.6259195053481514,5.0,0.039999999999999994,0.01,0.0,0.4580281525850296
Slovakia,SVK,2015,0.6490000726968308,0.7189219860246157,0.6491762788942381,5.0,0.039999999999999994,0.01,0.0,0.4580281525850296
Slovakia,SVK,2016,0.6437825887559194,0.7155329765914296,0.6439885808861412,5.0,0.039999999999999994,0.01,0.0,0.4580281525850296
Slovakia,SVK,2017,0.6532904633423611,0.7255556109652259,0.65348656419207,5.0,0.039999999999999994,0.01,0.0,0.4580281525850296
Slovakia,SVK,2018,0.6637915259752489,0.7377504518953355,0.6640027152069008,5.0,0.039999999999999994,0.01,0.0,0.4580281525850296
Slovakia,SVK,2019,0.6631528169166456,0.7389101657571304,0.6633682717543836,5.0,0.039999999999999994,0.01,0.0,0.4580281525850296
Slovenia,SVN,1990,0.6025863644687588,0.6025863644687588,0.6025863644687588,1.1500000000000001,-0.08,0.25958333333333333,0.0,0.33522077997525535
Slovenia,SVN,1991,0.5596193619471652,0.5648952948277621,0.5617132556314353,1.1500000000000001,-0.08,0.25958333333333333,0.0,0.33522077997525535
Slovenia,SVN,1992,0.5398506074616378,0.5467059549338344,0.5419781514723745,1.1500000000000001,-0.08,0.25958333333333333,0.0,0.33522077997525535
Slovenia,SVN,1993,0.5872518672192113,0.5944919313349111,0.5892661758506303,1.1500000000000001,-0.08,0.25958333333333333,0.0,0.33522077997525535
Slovenia,SVN,1994,0.6546461943476691,0.6624697104176231,0.6568537540459163,1.1500000000000001,-0.08,0.25958333333333333,0.0,0.33522077997525535
Slovenia,SVN,1995,0.6675013641514225,0.6758066578695345,0.6698935181334651,1.1500000000000001,-0.08,0.25958333333333333,0.0,0.33522077997525535
Slovenia,SVN,1996,0.7188818531031842,0.7278992962722306,0.7216218686557259,1.1500000000000001,-0.08,0.25958333333333333,0.0,0.33522077997525535
Slovenia,SVN,1997,0.7802311357498901,0.7893026176799456,0.7829877715686369,1.1500000000000001,-0.08,0.25958333333333333,0.0,0.33522077997525535
Slovenia,SVN,1998,0.80092651133908,0.8102777839868507,0.8039236852385612,1.1500000000000001,-0.08,0.25958333333333333,0.0,0.33522077997525535
Slovenia,SVN,1999,0.8356613947427869,0.8451831896119746,0.8388834386105986,1.1500000000000001,-0.08,0.25958333333333333,0.0,0.33522077997525535
Slovenia,SVN,2000,0.8620146980420218,0.8718497648713202,0.8656795574885408,1.1500000000000001,-0.08,0.25958333333333333,0.0,0.33522077997525535
Slovenia,SVN,2001,0.8896108562350458,0.8991443153053682,0.8932869674755279,1.1500000000000001,-0.08,0.25958333333333333,0.0,0.33522077997525535
Slovenia,SVN,2002,0.8991835279496101,0.9081580307777504,0.9025892590963789,1.1500000000000001,-0.08,0.25958333333333333,0.0,0.33522077997525535
Slovenia,SVN,2003,0.9244256578597394,0.9329216874982258,0.9275738960310571,1.1500000000000001,-0.08,0.25958333333333333,0.0,0.33522077997525535
Slovenia,SVN,2004,0.9536694751528376,0.9617651275373724,0.9569611997213903,1.1500000000000001,-0.08,0.25958333333333333,0.0,0.33522077997525535
Slovenia,SVN,2005,1.0000397825761391,1.0076701864567408,1.0039143305640286,1.1500000000000001,-0.08,0.25958333333333333,0.0,0.33522077997525535
Slovenia,SVN,2006,1.0444158849155176,1.0515681945549114,1.0485042209244382,1.1500000000000001,-0.08,0.25958333333333333,0.0,0.33522077997525535
Slovenia,SVN,2007,1.0790397096066462,1.085716279911236,1.0834403708687805,1.1500000000000001,-0.08,0.25958333333333333,0.0,0.33522077997525535
Slovenia,SVN,2008,1.0734491410834224,1.07964232189234,1.0783391351096645,1.1500000000000001,-0.08,0.25958333333333333,0.0,0.33522077997525535
Slovenia,SVN,2009,0.9907179108507664,0.9964437026670039,0.9955045979536781,1.1500000000000001,-0.08,0.25958333333333333,0.0,0.33522077997525535
Slovenia,SVN,2010,1.0109628626336962,1.0163147620651385,1.0138336890586048,1.1500000000000001,-0.08,0.25958333333333333,0.0,0.33522077997525535
Slovenia,SVN,2011,1.0301597626014232,1.035243242560802,1.032484005376805,1.1500000000000001,-0.08,0.25958333333333333,0.0,0.33522077997525535
Slovenia,SVN,2012,1.010998456811671,1.0158344450076466,1.0130372512124062,1.1500000000000001,-0.08,0.25958333333333333,0.0,0.33522077997525535
Slovenia,SVN,2013,0.9963444463503182,1.0009572093410988,0.9978952826928875,1.1500000000000001,-0.08,0.25958333333333333,0.0,0.33522077997525535
Slovenia,SVN,2014,1.007471947546497,1.0118855573175276,1.0090672201765898,1.1500000000000001,-0.08,0.25958333333333333,0.0,0.33522077997525535
Slovenia,SVN,2015,1.0129750978829781,1.0171898269086128,1.0145268752676113,1.1500000000000001,-0.08,0.25958333333333333,0.0,0.33522077997525535
Slovenia,SVN,2016,1.0410627344131749,1.0450873764136874,1.0425908452670534,1.1500000000000001,-0.08,0.25958333333333333,0.0,0.33522077997525535
Slovenia,SVN,2017,1.0755774077906697,1.0794189660585758,1.0770798558975025,1.1500000000000001,-0.08,0.25958333333333333,0.0,0.33522077997525535
Slovenia,SVN,2018,1.1012613718242674,1.1049242075816466,1.1032997163680864,1.1500000000000001,-0.08,0.25958333333333333,0.0,0.33522077997525535
Slovenia,SVN,2019,1.113115044466066,1.1165813174092527,1.1154223332264985,1.1500000000000001,-0.08,0.25958333333333333,0.0,0.33522077997525535
Spain,ESP,1950,0.1118324958215231,0.1118324958215231,0.6114956400434197,0.05,-0.08,0.01,0.08,0.3817879319190979
Spain,ESP,1951,0.2643192736314841,0.26444601049100314,0.7616515848946879,0.05,-0.08,0.01,0.08,0.3817879319190979
Spain,ESP,1952,0.3052972094969286,0.3054471362731599,0.7983960508582086,0.05,-0.08,0.01,0.08,0.3817879319190979
Spain,ESP,1953,0.26346516937848374,0.26360240982231,0.7525752449988712,0.05,-0.08,0.01,0.08,0.3817879319190979
Spain,ESP,1954,0.3793755291443057,0.3795168814755625,0.8666590567830506,0.05,-0.08,0.01,0.08,0.3817879319190979
Spain,ESP,1955,0.4272401174687337,0.4274159864104776,0.9104821631068267,0.05,-0.08,0.01,0.08,0.3817879319190979
Spain,ESP,1956,0.48270573974889963,0.48289207087473596,0.9670028285017027,0.05,-0.08,0.01,0.08,0.3817879319190979
Spain,ESP,1957,0.5047627071310758,0.5049648615670739,0.989800665930467,0.05,-0.08,0.01,0.08,0.3817879319190979
Spain,ESP,1958,0.523133030311322,0.5233390421665014,1.0094636346128594,0.05,-0.08,0.01,0.08,0.3817879319190979
Spain,ESP,1959,0.4874303997498508,0.4876481962451704,0.972950721556801,0.05,-0.08,0.01,0.08,0.3817879319190979
Spain,ESP,1960,0.5944331425651761,0.5945908772749489,1.0803845584912652,0.05,-0.08,0.01,0.08,0.3817879319190979
Spain,ESP,1961,0.6970365070333724,0.6972076731371057,1.1830163251461316,0.05,-0.08,0.01,0.08,0.3817879319190979
Spain,ESP,1962,0.7820846855817267,0.7822953070148735,1.266218577676801,0.05,-0.08,0.01,0.08,0.3817879319190979
Spain,ESP,1963,0.8569927613168105,0.8572366994839982,1.338703686646344,0.05,-0.08,0.01,0.08,0.3817879319190979
Spain,ESP,1964,0.8963202938562755,0.8965792346502939,1.373957587204,0.05,-0.08,0.01,0.08,0.3817879319190979
Spain,ESP,1965,0.9387261198693091,0.9389885704961607,1.4143610865261982,0.05,-0.08,0.01,0.08,0.3817879319190979
Spain,ESP,1966,0.9794500832417983,0.9797398609519066,1.4536664968115565,0.05,-0.08,0.01,0.08,0.3817879319190979
Spain,ESP,1967,0.9825700532184438,0.9828719310548415,1.4553620450100802,0.05,-0.08,0.01,0.08,0.3817879319190979
Spain,ESP,1968,1.023783575876946,1.024051567472931,1.4938316114059162,0.05,-0.08,0.01,0.08,0.3817879319190979
Spain,ESP,1969,1.0845932889829237,1.0848561235383327,1.5533508468956532,0.05,-0.08,0.01,0.08,0.3817879319190979
Spain,ESP,1970,1.0838270646319463,1.0841190571251298,1.5516152658765137,0.05,-0.08,0.01,0.08,0.3817879319190979
Spain,ESP,1971,1.0945741498069816,1.094842016011044,1.562435974710465,0.05,-0.08,0.01,0.08,0.3817879319190979
Spain,ESP,1972,1.1399133392923488,1.1401539214186656,1.6082483334433677,0.05,-0.08,0.01,0.08,0.3817879319190979
Spain,ESP,1973,1.172913963720105,1.1731788275166908,1.6422604350352907,0.05,-0.08,0.01,0.08,0.3817879319190979
Spain,ESP,1974,1.1898892592794112,1.1901738233128567,1.6592020180899683,0.05,-0.08,0.01,0.08,0.3817879319190979
Spain,ESP,1975,1.1685018519821666,1.1688113387929073,1.636191867785132,0.05,-0.08,0.01,0.08,0.3817879319190979
Spain,ESP,1976,1.1747427695558796,1.1750144766637511,1.6421150251694545,0.05,-0.08,0.01,0.08,0.3817879319190979
Spain,ESP,1977,1.1821629184673705,1.1824139421887407,1.649057035275046,0.05,-0.08,0.01,0.08,0.3817879319190979
Spain,ESP,1978,1.1969672511760754,1.197191961586947,1.6613233456629395,0.05,-0.08,0.01,0.08,0.3817879319190979
Spain,ESP,1979,1.2011387372610427,1.2013386581202212,1.66326495973348,0.05,-0.08,0.01,0.08,0.3817879319190979
Spain,ESP,1980,1.2177873485386357,1.217978928640516,1.6794974953671788,0.05,-0.08,0.01,0.08,0.3817879319190979
Spain,ESP,1981,1.2170127615887765,1.2172125662380173,1.6789461210437935,0.05,-0.08,0.01,0.08,0.3817879319190979
Spain,ESP,1982,1.2205193179165184,1.220677123648925,1.6848367904459014,0.05,-0.08,0.01,0.08,0.3817879319190979
Spain,ESP,1983,1.2306854662058706,1.2308335810383788,1.697500254878622,0.05,-0.08,0.01,0.08,0.3817879319190979
Spain,ESP,1984,1.2593646349106606,1.2594909776389134,1.726631823049643,0.05,-0.08,0.01,0.08,0.3817879319190979
Spain,ESP,1985,1.275963714205231,1.2760732244533664,1.7461882978969845,0.05,-0.08,0.01,0.08,0.3817879319190979
Spain,ESP,1986,1.2806128138400918,1.280722863258255,1.7564776863360398,0.05,-0.08,0.01,0.08,0.3817879319190979
Spain,ESP,1987,1.2909796022658337,1.2911068744859406,1.7742220139807632,0.05,-0.08,0.01,0.08,0.3817879319190979
Spain,ESP,1988,1.300991633432119,1.3011437995117916,1.790356205822949,0.05,-0.08,0.01,0.08,0.3817879319190979
Spain,ESP,1989,1.3075442305650888,1.3077251499509135,1.8024831684149074,0.05,-0.08,0.01,0.08,0.3817879319190979
Spain,ESP,1990,1.296059978207185,1.2962574046140558,1.7971849683485042,0.05,-0.08,0.01,0.08,0.3817879319190979
Spain,ESP,1991,1.2852527415583008,1.2854509656393986,1.790789970500727,0.05,-0.08,0.01,0.08,0.3817879319190979
Spain,ESP,1992,1.2825880887332053,1.282779703634719,1.7896679571256158,0.05,-0.08,0.01,0.08,0.3817879319190979
Spain,ESP,1993,1.2709580722706075,1.2711359534075992,1.7787281538515929,0.05,-0.08,0.01,0.08,0.3817879319190979
Spain,ESP,1994,1.2794055487414457,1.2795464824265341,1.7906690828649987,0.05,-0.08,0.01,0.08,0.3817879319190979
Spain,ESP,1995,1.2761832497649461,1.2763228455304105,1.7929379570457797,0.05,-0.08,0.01,0.08,0.3817879319190979
Spain,ESP,1996,1.2743176440335526,1.2744661114255136,1.7951817242146246,0.05,-0.08,0.01,0.08,0.3817879319190979
Spain,ESP,1997,1.270467283688343,1.2706045218673152,1.7963263686738928,0.05,-0.08,0.01,0.08,0.3817879319190979
Spain,ESP,1998,1.2679496411910103,1.2680744233282057,1.7996588597699743,0.05,-0.08,0.01,0.08,0.3817879319190979
Spain,ESP,1999,1.2647358804022,1.2648655375979656,1.8009652760542219,0.05,-0.08,0.01,0.08,0.3817879319190979
Spain,ESP,2000,1.2670725954778845,1.2672108434282077,1.8080903066840035,0.05,-0.08,0.01,0.08,0.3817879319190979
Spain,ESP,2001,1.2628743522732053,1.2630112402522338,1.806876959025593,0.05,-0.08,0.01,0.08,0.3817879319190979
Spain,ESP,2002,1.2588067752734364,1.2589287281206705,1.8045916405664597,0.05,-0.08,0.01,0.08,0.3817879319190979
Spain,ESP,2003,1.2585840767013439,1.258700401802911,1.8052198679066231,0.05,-0.08,0.01,0.08,0.3817879319190979
Spain,ESP,2004,1.2564580571667996,1.2565905202186034,1.803641919251957,0.05,-0.08,0.01,0.08,0.3817879319190979
Spain,ESP,2005,1.2541709697212715,1.2543273186724493,1.8026078389626958,0.05,-0.08,0.01,0.08,0.3817879319190979
Spain,ESP,2006,1.2536063918723528,1.253775379961045,1.803011982628333,0.05,-0.08,0.01,0.08,0.3817879319190979
Spain,ESP,2007,1.2532391019366491,1.2534313029618849,1.8020112929342886,0.05,-0.08,0.01,0.08,0.3817879319190979
Spain,ESP,2008,1.2353190771342204,1.2355266141603947,1.781906963370127,0.05,-0.08,0.01,0.08,0.3817879319190979
Spain,ESP,2009,1.2128497305237103,1.2130298069817576,1.7521677514233804,0.05,-0.08,0.01,0.08,0.3817879319190979
Spain,ESP,2010,1.212704761021202,1.212820474024241,1.749324040226644,0.05,-0.08,0.01,0.08,0.3817879319190979
Spain,ESP,2011,1.2050114640388125,1.2051130276364086,1.7402617416981467,0.05,-0.08,0.01,0.08,0.3817879319190979
Spain,ESP,2012,1.1954493213727808,1.1955185726020119,1.7282664009829274,0.05,-0.08,0.01,0.08,0.3817879319190979
Spain,ESP,2013,1.190029064149324,1.1900767694718484,1.7234188683829395,0.05,-0.08,0.01,0.08,0.3817879319190979
Spain,ESP,2014,1.189742853015737,1.1897807361928976,1.7274915910821909,0.05,-0.08,0.01,0.08,0.3817879319190979
Spain,ESP,2015,1.2018604230430423,1.2019030432911606,1.7457040236453754,0.05,-0.08,0.01,0.08,0.3817879319190979
Spain,ESP,2016,1.208251292673939,1.2083018288541485,1.7576650443598698,0.05,-0.08,0.01,0.08,0.3817879319190979
Spain,ESP,2017,1.2178020416176718,1.217856706155791,1.7723093288289897,0.05,-0.08,0.01,0.08,0.3817879319190979
Spain,ESP,2018,1.2179422232198949,1.218008534823623,1.7774398973223207,0.05,-0.08,0.01,0.08,0.3817879319190979
Spain,ESP,2019,1.2188505777291692,1.2189268555571164,1.7820482351766271,0.05,-0.08,0.01,0.08,0.3817879319190979
Sweden,SWE,1950,0.36290740098749286,0.36290740098749286,0.36290740098749286,0.05,0.12,1.2579166666666668,0.0,0.421358380147389
Sweden,SWE,1951,0.37368177067934116,0.376844140160439,0.38593332753724585,0.05,0.12,1.2579166666666668,0.0,0.421358380147389
Sweden,SWE,1952,0.37426604123243656,0.3796508272053174,0.395922151746781,0.05,0.12,1.2579166666666668,0.0,0.421358380147389
Sweden,SWE,1953,0.397834892279886,0.40355477624613023,0.42306937138673106,0.05,0.12,1.2579166666666668,0.0,0.421358380147389
Sweden,SWE,1954,0.4309902313531193,0.4364474892904484,0.4568924391673459,0.05,0.12,1.2579166666666668,0.0,0.421358380147389
Sweden,SWE,1955,0.43969161936513323,0.44648339799059045,0.4673865233661134,0.05,0.12,1.2579166666666668,0.0,0.421358380147389
Sweden,SWE,1956,0.44965032930497717,0.4576291920061202,0.4784358549523757,0.05,0.12,1.2579166666666668,0.0,0.421358380147389
Sweden,SWE,1957,0.45042268428642096,0.45914860752531705,0.4793671951653007,0.05,0.12,1.2579166666666668,0.0,0.421358380147389
Sweden,SWE,1958,0.45836681582558736,0.4677828036214615,0.48711555796254924,0.05,0.12,1.2579166666666668,0.0,0.421358380147389
Sweden,SWE,1959,0.4897585717485491,0.49968408475655135,0.5179523369532655,0.05,0.12,1.2579166666666668,0.0,0.421358380147389
Sweden,SWE,1960,0.48940564808664355,0.500603425063396,0.5176932579891815,0.05,0.12,1.2579166666666668,0.0,0.421358380147389
Sweden,SWE,1961,0.5129849699675999,0.5274218288124395,0.5430883263667203,0.05,0.12,1.2579166666666668,0.0,0.421358380147389
Sweden,SWE,1962,0.5323766728756452,0.5478782195324952,0.5620559036640387,0.05,0.12,1.2579166666666668,0.0,0.421358380147389
Sweden,SWE,1963,0.5624645922943206,0.5780381748278058,0.5908282627997457,0.05,0.12,1.2579166666666668,0.0,0.421358380147389
Sweden,SWE,1964,0.609911862906368,0.6259915000049165,0.6374293092512762,0.05,0.12,1.2579166666666668,0.0,0.421358380147389
Sweden,SWE,1965,0.6226133670910965,0.6414097671078336,0.6511616006693677,0.05,0.12,1.2579166666666668,0.0,0.421358380147389
Sweden,SWE,1966,0.6220718471511386,0.6434285626874798,0.651284620897731,0.05,0.12,1.2579166666666668,0.0,0.421358380147389
Sweden,SWE,1967,0.6547642754847214,0.6767600831224261,0.6829566822111053,0.05,0.12,1.2579166666666668,0.0,0.421358380147389
Sweden,SWE,1968,0.6703978256791894,0.6923308936818255,0.6971682161534893,0.05,0.12,1.2579166666666668,0.0,0.421358380147389
Sweden,SWE,1969,0.7017182454375659,0.7230538290671991,0.7268505200035689,0.05,0.12,1.2579166666666668,0.0,0.421358380147389
Sweden,SWE,1970,0.7346473274915679,0.7567932472292584,0.759438193030185,0.05,0.12,1.2579166666666668,0.0,0.421358380147389
Sweden,SWE,1971,0.7334084128280338,0.7584957301479145,0.7594219673167668,0.05,0.12,1.2579166666666668,0.0,0.421358380147389
Sweden,SWE,1972,0.7471031210087284,0.7721849179675537,0.7718017908123898,0.05,0.12,1.2579166666666668,0.0,0.421358380147389
Sweden,SWE,1973,0.7703444979167848,0.7945551073806607,0.7933317716282051,0.05,0.12,1.2579166666666668,0.0,0.421358380147389
Sweden,SWE,1974,0.7791257442416617,0.8027385382819494,0.8008821745094954,0.05,0.12,1.2579166666666668,0.0,0.421358380147389
Sweden,SWE,1975,0.7811049128682157,0.8069460236952422,0.803834823027584,0.05,0.12,1.2579166666666668,0.0,0.421358380147389
Sweden,SWE,1976,0.7626183898113341,0.7914994855390862,0.7865659768888094,0.05,0.12,1.2579166666666668,0.0,0.421358380147389
Sweden,SWE,1977,0.7363961102686378,0.7661819950391102,0.759711329494742,0.05,0.12,1.2579166666666668,0.0,0.421358380147389
Sweden,SWE,1978,0.7503459243685064,0.7771765617965407,0.77042855993533,0.05,0.12,1.2579166666666668,0.0,0.421358380147389
Sweden,SWE,1979,0.7717003129747466,0.7935763596623593,0.7878440436925045,0.05,0.12,1.2579166666666668,0.0,0.421358380147389
Sweden,SWE,1980,0.7665051611777614,0.7872343351526094,0.7821651808672501,0.05,0.12,1.2579166666666668,0.0,0.421358380147389
Sweden,SWE,1981,0.7570666379471929,0.7788772658045762,0.7736379155510145,0.05,0.12,1.2579166666666668,0.0,0.421358380147389
Sweden,SWE,1982,0.7529464789861215,0.7726035046328059,0.7677217208522578,0.05,0.12,1.2579166666666668,0.0,0.421358380147389
Sweden,SWE,1983,0.7550800812982645,0.7728876027767555,0.7685712844799104,0.05,0.12,1.2579166666666668,0.0,0.421358380147389
Sweden,SWE,1984,0.7796583129153873,0.7956764286080009,0.7920182313707596,0.05,0.12,1.2579166666666668,0.0,0.421358380147389
Sweden,SWE,1985,0.7806372537184405,0.7965724930517188,0.7931252031052951,0.05,0.12,1.2579166666666668,0.0,0.421358380147389
Sweden,SWE,1986,0.7892972471788395,0.8069604936406858,0.8029233492287604,0.05,0.12,1.2579166666666668,0.0,0.421358380147389
Sweden,SWE,1987,0.799928890516691,0.8183258651558454,0.8135741562102199,0.05,0.12,1.2579166666666668,0.0,0.421358380147389
Sweden,SWE,1988,0.7949507741118094,0.8152780869831338,0.8093361826170069,0.05,0.12,1.2579166666666668,0.0,0.421358380147389
Sweden,SWE,1989,0.7983272585326526,0.8211507927822685,0.8135577449338802,0.05,0.12,1.2579166666666668,0.0,0.421358380147389
Sweden,SWE,1990,0.7853479548558076,0.8122222389631428,0.8022300868103693,0.05,0.12,1.2579166666666668,0.0,0.421358380147389
Sweden,SWE,1991,0.7741573565564623,0.8037893188932603,0.7914548397969297,0.05,0.12,1.2579166666666668,0.0,0.421358380147389
Sweden,SWE,1992,0.7720840694928759,0.8009086432720922,0.7874763536353795,0.05,0.12,1.2579166666666668,0.0,0.421358380147389
Sweden,SWE,1993,0.7618255114303603,0.7889952982725417,0.7753994112569957,0.05,0.12,1.2579166666666668,0.0,0.421358380147389
Sweden,SWE,1994,0.7877767204215793,0.8108645211198855,0.7983992870548198,0.05,0.12,1.2579166666666668,0.0,0.421358380147389
Sweden,SWE,1995,0.8084756779359132,0.8299367801970199,0.8185472238577765,0.05,0.12,1.2579166666666668,0.0,0.421358380147389
Sweden,SWE,1996,0.8154583902512034,0.8365599207104593,0.8258061238633463,0.05,0.12,1.2579166666666668,0.0,0.421358380147389
Sweden,SWE,1997,0.8436707922097968,0.8638419815458978,0.853685736431161,0.05,0.12,1.2579166666666668,0.0,0.421358380147389
Sweden,SWE,1998,0.8701608813711923,0.8889647694132563,0.8795210593501883,0.05,0.12,1.2579166666666668,0.0,0.421358380147389
Sweden,SWE,1999,0.8899604526557434,0.9080603239495533,0.8991483137705139,0.05,0.12,1.2579166666666668,0.0,0.421358380147389
Sweden,SWE,2000,0.9235276079467916,0.9413645991929984,0.9327476949804492,0.05,0.12,1.2579166666666668,0.0,0.421358380147389
Sweden,SWE,2001,0.925675377464394,0.9437019056863525,0.9350785444787428,0.05,0.12,1.2579166666666668,0.0,0.421358380147389
Sweden,SWE,2002,0.9475266013454355,0.9656321539860997,0.9568611944662502,0.05,0.12,1.2579166666666668,0.0,0.421358380147389
Sweden,SWE,2003,0.9718500332448956,0.9891925139815747,0.9804523899267812,0.05,0.12,1.2579166666666668,0.0,0.421358380147389
Sweden,SWE,2004,1.0016754072365268,1.0193967782682103,1.0103968925958657,0.05,0.12,1.2579166666666668,0.0,0.421358380147389
Sweden,SWE,2005,1.0214375802886009,1.039465860869461,1.0301203383220567,0.05,0.12,1.2579166666666668,0.0,0.421358380147389
Sweden,SWE,2006,1.0489822540747484,1.0675365147419695,1.0577407255182196,0.05,0.12,1.2579166666666668,0.0,0.421358380147389
Sweden,SWE,2007,1.0555016072372583,1.0760261669642848,1.0652719863431477,0.05,0.12,1.2579166666666668,0.0,0.421358380147389
Sweden,SWE,2008,1.0314065980574254,1.0558490564313647,1.043146444556001,0.05,0.12,1.2579166666666668,0.0,0.421358380147389
Sweden,SWE,2009,0.993604242312319,1.0206768403346134,1.0059222292527386,0.05,0.12,1.2579166666666668,0.0,0.421358380147389
Sweden,SWE,2010,1.0325425921406186,1.0574835007426229,1.0423152118629417,0.05,0.12,1.2579166666666668,0.0,0.421358380147389
Sweden,SWE,2011,1.0418949756175442,1.068336645103205,1.0523867774616216,0.05,0.12,1.2579166666666668,0.0,0.421358380147389
Sweden,SWE,2012,1.0273554152785582,1.0555724755036024,1.038539048711674,0.05,0.12,1.2579166666666668,0.0,0.421358380147389
Sweden,SWE,2013,1.0287530913361156,1.0582348654707436,1.040132958112081,0.05,0.12,1.2579166666666668,0.0,0.421358380147389
Sweden,SWE,2014,1.0391747739203314,1.0697381434909614,1.050639496151569,0.05,0.12,1.2579166666666668,0.0,0.421358380147389
Sweden,SWE,2015,1.0665825683901176,1.098671335447448,1.0784656418306673,0.05,0.12,1.2579166666666668,0.0,0.421358380147389
Sweden,SWE,2016,1.064632016608904,1.0988297532649325,1.077273911727553,0.05,0.12,1.2579166666666668,0.0,0.421358380147389
Sweden,SWE,2017,1.0740591586453094,1.1100809960544318,1.0871334703530948,0.05,0.12,1.2579166666666668,0.0,0.421358380147389
Sweden,SWE,2018,1.0754583242646616,1.1143867458419159,1.0896442965956687,0.05,0.12,1.2579166666666668,0.0,0.421358380147389
Sweden,SWE,2019,1.0811419607873285,1.1225352327290015,1.095941176715125,0.05,0.12,1.2579166666666668,0.0,0.421358380147389
Switzerland,CHE,1950,1.029902106596892,1.029902106596892,1.6480599448476942,0.05,0.12,0.01,0.1,0.3180431919438499
Switzerland,CHE,1951,1.0744428814276654,1.077684401844472,1.6945077828153403,0.05,0.12,0.01,0.1,0.3180431919438499
Switzerland,CHE,1952,1.0543271815774666,1.0599692806635748,1.6735719446767394,0.05,0.12,0.01,0.1,0.3180431919438499
Switzerland,CHE,1953,1.0728864552167545,1.0783591171593132,1.6905923889349843,0.05,0.12,0.01,0.1,0.3180431919438499
Switzerland,CHE,1954,1.1092095384210268,1.1145423364533,1.7257718083080853,0.05,0.12,0.01,0.1,0.3180431919438499
Switzerland,CHE,1955,1.1466517708876989,1.153486046720822,1.762634328499713,0.05,0.12,0.01,0.1,0.3180431919438499
Switzerland,CHE,1956,1.174232318901363,1.1833711227307262,1.7896835440483523,0.05,0.12,0.01,0.1,0.3180431919438499
Switzerland,CHE,1957,1.1781222661505968,1.1900100943433616,1.7920199602216957,0.05,0.12,0.01,0.1,0.3180431919438499
Switzerland,CHE,1958,1.1426924554194473,1.1563800717677895,1.752060401897241,0.05,0.12,0.01,0.1,0.3180431919438499
Switzerland,CHE,1959,1.191874405954179,1.2032545515247692,1.7987035014383563,0.05,0.12,0.01,0.1,0.3180431919438499
Switzerland,CHE,1960,1.2255677485979426,1.2378385813989858,1.8321686436902986,0.05,0.12,0.01,0.1,0.3180431919438499
Switzerland,CHE,1961,1.247033266305312,1.2623164143644985,1.8581565856936315,0.05,0.12,0.01,0.1,0.3180431919438499
Switzerland,CHE,1962,1.241024633655976,1.2596170238245907,1.8552126826808513,0.05,0.12,0.01,0.1,0.3180431919438499
Switzerland,CHE,1963,1.2535178404866407,1.273427084486391,1.8685384542613646,0.05,0.12,0.01,0.1,0.3180431919438499
Switzerland,CHE,1964,1.2702632830665381,1.2911122228155723,1.886186779982478,0.05,0.12,0.01,0.1,0.3180431919438499
Switzerland,CHE,1965,1.2816159840475514,1.3040834639455463,1.896179943267554,0.05,0.12,0.01,0.1,0.3180431919438499
Switzerland,CHE,1966,1.2871092005458404,1.3090979878778803,1.9009173866707032,0.05,0.12,0.01,0.1,0.3180431919438499
Switzerland,CHE,1967,1.2937937558822545,1.3148503343076898,1.9081781755577154,0.05,0.12,0.01,0.1,0.3180431919438499
Switzerland,CHE,1968,1.30568491758864,1.3261498175202933,1.920946403255268,0.05,0.12,0.01,0.1,0.3180431919438499
Switzerland,CHE,1969,1.3310843265685532,1.3508185376223727,1.948338833956826,0.05,0.12,0.01,0.1,0.3180431919438499
Switzerland,CHE,1970,1.364172800652545,1.3841179061965914,1.982967191419558,0.05,0.12,0.01,0.1,0.3180431919438499
Switzerland,CHE,1971,1.3777522083761609,1.400658930246105,1.9960249032431676,0.05,0.12,0.01,0.1,0.3180431919438499
Switzerland,CHE,1972,1.3887608524814823,1.4141134901735057,2.005737119487259,0.05,0.12,0.01,0.1,0.3180431919438499
Switzerland,CHE,1973,1.4024435595594582,1.4289142132422477,2.0179585614485562,0.05,0.12,0.01,0.1,0.3180431919438499
Switzerland,CHE,1974,1.4081138576246826,1.4354829376527771,2.021338646324166,0.05,0.12,0.01,0.1,0.3180431919438499
Switzerland,CHE,1975,1.3425056647568452,1.3712381275908934,1.9510716907799344,0.05,0.12,0.01,0.1,0.3180431919438499
Switzerland,CHE,1976,1.3318242057276688,1.3555370355199745,1.9397569333597735,0.05,0.12,0.01,0.1,0.3180431919438499
Switzerland,CHE,1977,1.3535337587683065,1.3723541494127671,1.962481982595131,0.05,0.12,0.01,0.1,0.3180431919438499
Switzerland,CHE,1978,1.35132639189073,1.3664886678507564,1.9616884535254835,0.05,0.12,0.01,0.1,0.3180431919438499
Switzerland,CHE,1979,1.36735358531676,1.3805268199087823,1.9794915562726736,0.05,0.12,0.01,0.1,0.3180431919438499
Switzerland,CHE,1980,1.3942545174316576,1.4078698084406929,2.0090228156569117,0.05,0.12,0.01,0.1,0.3180431919438499
Switzerland,CHE,1981,1.3900018630327526,1.4063876480484279,2.0064544775050317,0.05,0.12,0.01,0.1,0.3180431919438499
Switzerland,CHE,1982,1.3674092737731325,1.3841234003279208,1.9843534430421919,0.05,0.12,0.01,0.1,0.3180431919438499
Switzerland,CHE,1983,1.3675315486895485,1.3843326869809793,1.9851028273836828,0.05,0.12,0.01,0.1,0.3180431919438499
Switzerland,CHE,1984,1.3851000700613856,1.4021851822924685,2.004260716638285,0.05,0.12,0.01,0.1,0.3180431919438499
Switzerland,CHE,1985,1.399987310743918,1.4157657382663933,2.022089522404552,0.05,0.12,0.01,0.1,0.3180431919438499
Switzerland,CHE,1986,1.3968160808750447,1.4119538429195888,2.021555614185883,0.05,0.12,0.01,0.1,0.3180431919438499
Switzerland,CHE,1987,1.3857929812075565,1.4020851242788694,2.013679118053777,0.05,0.12,0.01,0.1,0.3180431919438499
Switzerland,CHE,1988,1.3913053947379694,1.4081869396467592,2.0224683926482596,0.05,0.12,0.01,0.1,0.3180431919438499
Switzerland,CHE,1989,1.412045773939128,1.4295463993049493,2.0455177122673485,0.05,0.12,0.01,0.1,0.3180431919438499
Switzerland,CHE,1990,1.4212165547883595,1.4396459911677058,2.057350872012381,0.05,0.12,0.01,0.1,0.3180431919438499
Switzerland,CHE,1991,1.3918603722471072,1.411977787305121,2.028067156999243,0.05,0.12,0.01,0.1,0.3180431919438499
Switzerland,CHE,1992,1.3862942505498603,1.4056725940573118,2.0213396907455525,0.05,0.12,0.01,0.1,0.3180431919438499
Switzerland,CHE,1993,1.383902587052714,1.401547270463264,2.0177741582974518,0.05,0.12,0.01,0.1,0.3180431919438499
Switzerland,CHE,1994,1.3844316478841812,1.400350734132049,2.019104712830207,0.05,0.12,0.01,0.1,0.3180431919438499
Switzerland,CHE,1995,1.391835609229502,1.406285406495706,2.025189658045125,0.05,0.12,0.01,0.1,0.3180431919438499
Switzerland,CHE,1996,1.401409572383706,1.4144748177488573,2.0333285398344865,0.05,0.12,0.01,0.1,0.3180431919438499
Switzerland,CHE,1997,1.4222750700976965,1.43397783150792,2.0538477962768455,0.05,0.12,0.01,0.1,0.3180431919438499
Switzerland,CHE,1998,1.4363112333173769,1.445883118489136,2.0696852696923784,0.05,0.12,0.01,0.1,0.3180431919438499
Switzerland,CHE,1999,1.4362550295086356,1.4446095341465055,2.071282822336852,0.05,0.12,0.01,0.1,0.3180431919438499
Switzerland,CHE,2000,1.4679306483015315,1.4751635104985423,2.1031765027937643,0.05,0.12,0.01,0.1,0.3180431919438499
Switzerland,CHE,2001,1.4847298626771943,1.4914925983327079,2.119979448577954,0.05,0.12,0.01,0.1,0.3180431919438499
Switzerland,CHE,2002,1.4855792957813634,1.4919968096122744,2.120840659223335,0.05,0.12,0.01,0.1,0.3180431919438499
Switzerland,CHE,2003,1.4800495764560804,1.4849322600150732,2.116641900154357,0.05,0.12,0.01,0.1,0.3180431919438499
Switzerland,CHE,2004,1.4908026267278363,1.4944384455707755,2.130706920454772,0.05,0.12,0.01,0.1,0.3180431919438499
Switzerland,CHE,2005,1.5129842127545263,1.5152630721157347,2.151983896915328,0.05,0.12,0.01,0.1,0.3180431919438499
Switzerland,CHE,2006,1.535247407124535,1.5388220671412594,2.1747037608523803,0.05,0.12,0.01,0.1,0.3180431919438499
Switzerland,CHE,2007,1.5544041200156986,1.560342342298572,2.1944573831423027,0.05,0.12,0.01,0.1,0.3180431919438499
Switzerland,CHE,2008,1.5649144292350892,1.5727231131408397,2.205050997174401,0.05,0.12,0.01,0.1,0.3180431919438499
Switzerland,CHE,2009,1.539211762581183,1.5489679660857147,2.1775091529704946,0.05,0.12,0.01,0.1,0.3180431919438499
Switzerland,CHE,2010,1.5744528455197724,1.5858781536323487,2.2108242577990795,0.05,0.12,0.01,0.1,0.3180431919438499
Switzerland,CHE,2011,1.5735941537337972,1.585502581069285,2.210938727608063,0.05,0.12,0.01,0.1,0.3180431919438499
Switzerland,CHE,2012,1.5734439951227266,1.5876436989708154,2.210507217653163,0.05,0.12,0.01,0.1,0.3180431919438499
Switzerland,CHE,2013,1.586108372588737,1.6014366444434431,2.220831388722294,0.05,0.12,0.01,0.1,0.3180431919438499
Switzerland,CHE,2014,1.597490850443461,1.6126804513281323,2.2315007505862408,0.05,0.12,0.01,0.1,0.3180431919438499
Switzerland,CHE,2015,1.5928801043587244,1.6090705305019428,2.2273937476740775,0.05,0.12,0.01,0.1,0.3180431919438499
Switzerland,CHE,2016,1.5993461188756752,1.6160750039648368,2.232572973215264,0.05,0.12,0.01,0.1,0.3180431919438499
Switzerland,CHE,2017,1.6132971789250323,1.6304548473464457,2.243841274767571,0.05,0.12,0.01,0.1,0.3180431919438499
Switzerland,CHE,2018,1.6341445397974104,1.6524674176983956,2.2632800472745336,0.05,0.12,0.01,0.1,0.3180431919438499
Switzerland,CHE,2019,1.6357470714641718,1.6550928369109705,2.2635723873247855,0.05,0.12,0.01,0.1,0.3180431919438499
Turkey,TUR,1950,0.335221368040147,0.335221368040147,0.5666350265988056,0.05,0.12,0.01,0.08,0.6
Turkey,TUR,1951,0.5059891153405252,0.5141079643489022,0.7394171819397779,0.05,0.12,0.01,0.08,0.6
Turkey,TUR,1952,0.5440547392425583,0.5551079444832117,0.7762038685708208,0.05,0.12,0.01,0.08,0.6
Turkey,TUR,1953,0.6085668659742636,0.6252428711339393,0.8393234502353377,0.05,0.12,0.01,0.08,0.6
Turkey,TUR,1954,0.4484003892216144,0.46889358415494087,0.6768055306265786,0.05,0.12,0.01,0.08,0.6
Turkey,TUR,1955,0.4870288667983811,0.5096758053996453,0.7159930015317797,0.05,0.12,0.01,0.08,0.6
Turkey,TUR,1956,0.46462855781395795,0.48970729372980415,0.6882276972701855,0.05,0.12,0.01,0.08,0.6
Turkey,TUR,1957,0.6050148120728505,0.6323334284196465,0.8286632630438469,0.05,0.12,0.01,0.08,0.6
Turkey,TUR,1958,0.6142711398501781,0.6489068657450936,0.8356439197511891,0.05,0.12,0.01,0.08,0.6
Turkey,TUR,1959,0.5158704877383578,0.562607941961824,0.7349543648154504,0.05,0.12,0.01,0.08,0.6
Turkey,TUR,1960,0.43875294943466514,0.484226577834165,0.6576138014575021,0.05,0.12,0.01,0.08,0.6
Turkey,TUR,1961,0.4025260743827923,0.44458308141290104,0.6229678079759431,0.05,0.12,0.01,0.08,0.6
Turkey,TUR,1962,0.4193494042035386,0.4576371825048273,0.6407199273414865,0.05,0.12,0.01,0.08,0.6
Turkey,TUR,1963,0.4624445694912227,0.4987550068644717,0.6858140634707968,0.05,0.12,0.01,0.08,0.6
Turkey,TUR,1964,0.45331932624881244,0.49177449527161077,0.6778377314891699,0.05,0.12,0.01,0.08,0.6
Turkey,TUR,1965,0.432469006712207,0.4721120096922746,0.6579658445349597,0.05,0.12,0.01,0.08,0.6
Turkey,TUR,1966,0.505266039697343,0.5441651974526831,0.7295631354287067,0.05,0.12,0.01,0.08,0.6
Turkey,TUR,1967,0.49262652914615845,0.5410088785929679,0.7140208009868179,0.05,0.12,0.01,0.08,0.6
Turkey,TUR,1968,0.5099236671574365,0.5624111212857246,0.7287558109797709,0.05,0.12,0.01,0.08,0.6
Turkey,TUR,1969,0.5146211821984439,0.571921099159793,0.7305923379970434,0.05,0.12,0.01,0.08,0.6
Turkey,TUR,1970,0.4729369058807782,0.5331536608731202,0.6952920944257781,0.05,0.12,0.01,0.08,0.6
Turkey,TUR,1971,0.46721638913327457,0.5364266600437055,0.6892839527502477,0.05,0.12,0.01,0.08,0.6
Turkey,TUR,1972,0.4849823916057101,0.5551443270080396,0.7073077332076032,0.05,0.12,0.01,0.08,0.6
Turkey,TUR,1973,0.4612690278215128,0.5379540752475069,0.6828387020577376,0.05,0.12,0.01,0.08,0.6
Turkey,TUR,1974,0.4595028739354525,0.5415938889668439,0.6809503598720483,0.05,0.12,0.01,0.08,0.6
Turkey,TUR,1975,0.4555243963213691,0.5588525412292995,0.6759979429328209,0.05,0.12,0.01,0.08,0.6
Turkey,TUR,1976,0.48284411539184013,0.598798946932444,0.7054588769093382,0.05,0.12,0.01,0.08,0.6
Turkey,TUR,1977,0.43217351893800426,0.5616863424035454,0.6577828787730167,0.05,0.12,0.01,0.08,0.6
Turkey,TUR,1978,0.39578674335370234,0.5173549398643358,0.6232080127372108,0.05,0.12,0.01,0.08,0.6
Turkey,TUR,1979,0.3502157086275952,0.45685895398861565,0.580379826972726,0.05,0.12,0.01,0.08,0.6
Turkey,TUR,1980,0.2847219952426805,0.3806328501230425,0.5188448160697092,0.05,0.12,0.01,0.08,0.6
Turkey,TUR,1981,0.3001206115129609,0.3792580148606213,0.5440486046691868,0.05,0.12,0.01,0.08,0.6
Turkey,TUR,1982,0.2823901420930266,0.3561206108554149,0.5382251131698386,0.05,0.12,0.01,0.08,0.6
Turkey,TUR,1983,0.28701071182490345,0.3549094328882223,0.5533134108040949,0.05,0.12,0.01,0.08,0.6
Turkey,TUR,1984,0.32015507768151075,0.3830938650929987,0.5945226981005467,0.05,0.12,0.01,0.08,0.6
Turkey,TUR,1985,0.307592308835968,0.3660409596789638,0.5943160304228514,0.05,0.12,0.01,0.08,0.6
Turkey,TUR,1986,0.32964934987217553,0.3871948259344098,0.6211089986128164,0.05,0.12,0.01,0.08,0.6
Turkey,TUR,1987,0.38263360657416445,0.4385157883794788,0.6767868255942648,0.05,0.12,0.01,0.08,0.6
Turkey,TUR,1988,0.34611628984094,0.41204325719127066,0.6436836051745036,0.05,0.12,0.01,0.08,0.6
Turkey,TUR,1989,0.29878403189082015,0.367495561817865,0.600031862031762,0.05,0.12,0.01,0.08,0.6
Turkey,TUR,1990,0.36495586501519117,0.4323503747177755,0.6661286314800274,0.05,0.12,0.01,0.08,0.6
Turkey,TUR,1991,0.3287481509575496,0.3970333626758755,0.6316695690609992,0.05,0.12,0.01,0.08,0.6
Turkey,TUR,1992,0.35320071674797937,0.42121595880797713,0.6565059484737894,0.05,0.12,0.01,0.08,0.6
Turkey,TUR,1993,0.4221135911489391,0.4896793056649429,0.720738792218528,0.05,0.12,0.01,0.08,0.6
Turkey,TUR,1994,0.310877441703024,0.3837892605593929,0.6125248563187666,0.05,0.12,0.01,0.08,0.6
Turkey,TUR,1995,0.3547065085691177,0.42182590231142747,0.6575101743200671,0.05,0.12,0.01,0.08,0.6
Turkey,TUR,1996,0.3890102884996889,0.45001175422452455,0.697399423174832,0.05,0.12,0.01,0.08,0.6
Turkey,TUR,1997,0.4461758259290871,0.5029184842699195,0.7561077294974643,0.05,0.12,0.01,0.08,0.6
Turkey,TUR,1998,0.43893665544190874,0.49819335314013635,0.7518611991584985,0.05,0.12,0.01,0.08,0.6
Turkey,TUR,1999,0.3676284708139521,0.4283231083994492,0.6887018796732489,0.05,0.12,0.01,0.08,0.6
Turkey,TUR,2000,0.42274048127341235,0.4793460710259305,0.7453445053805656,0.05,0.12,0.01,0.08,0.6
Turkey,TUR,2001,0.3414017225488388,0.3993417084364692,0.6643994964410753,0.05,0.12,0.01,0.08,0.6
Turkey,TUR,2002,0.4019616333010152,0.4461543115556186,0.7245009883802576,0.05,0.12,0.01,0.08,0.6
Turkey,TUR,2003,0.45249456750036643,0.4884906709748158,0.7748004650494429,0.05,0.12,0.01,0.08,0.6
Turkey,TUR,2004,0.534151122244964,0.5714321955473807,0.8567758024030003,0.05,0.12,0.01,0.08,0.6
Turkey,TUR,2005,0.5775452856991299,0.6250011316245301,0.9027719306034423,0.05,0.12,0.01,0.08,0.6
Turkey,TUR,2006,0.5958671440344689,0.6619531494276059,0.9201096306203009,0.05,0.12,0.01,0.08,0.6
Turkey,TUR,2007,0.5952733347500789,0.6868282381729287,0.9172708566067702,0.05,0.12,0.01,0.08,0.6
Turkey,TUR,2008,0.5446906582704889,0.6590989328284911,0.8623380900695645,0.05,0.12,0.01,0.08,0.6
Turkey,TUR,2009,0.45623442883000376,0.5811935425770427,0.7695896152440316,0.05,0.12,0.01,0.08,0.6
Turkey,TUR,2010,0.4914078623235465,0.6081936279215849,0.8054891707036322,0.05,0.12,0.01,0.08,0.6
Turkey,TUR,2011,0.5371040195718839,0.6580538094009265,0.8542181446560888,0.05,0.12,0.01,0.08,0.6
Turkey,TUR,2012,0.5277230139253533,0.6593079154033425,0.8449621101535003,0.05,0.12,0.01,0.08,0.6
Turkey,TUR,2013,0.5596346765578231,0.6971808484742974,0.8763701998598816,0.05,0.12,0.01,0.08,0.6
Turkey,TUR,2014,0.5515576234146602,0.6993940236043885,0.8683475998390078,0.05,0.12,0.01,0.08,0.6
Turkey,TUR,2015,0.5497169962176436,0.7055428115315916,0.8670665953383736,0.05,0.12,0.01,0.08,0.6
Turkey,TUR,2016,0.5272363257873209,0.685736215671847,0.8430642213446844,0.05,0.12,0.01,0.08,0.6
Turkey,TUR,2017,0.5429188733326935,0.6998934731647495,0.8569883598251509,0.05,0.12,0.01,0.08,0.6
Turkey,TUR,2018,0.519007552569879,0.6767886961839649,0.830211559187894,0.05,0.12,0.01,0.08,0.6
Turkey,TUR,2019,0.49813261180579804,0.6514133642989313,0.8033852363410023,0.05,0.12,0.01,0.08,0.6
United Kingdom,GBR,1950,0.47669915504552307,0.47669915504552307,0.47669915504552307,0.05,0.12,1.7570833333333336,0.0,0.4350660077163151
United Kingdom,GBR,1951,0.49291184167492474,0.4963903777558274,0.5083542835463133,0.05,0.12,1.7570833333333336,0.0,0.4350660077163151
United Kingdom,GBR,1952,0.4856545064891815,0.4922964825369167,0.5162607422499592,0.05,0.12,1.7570833333333336,0.0,0.4350660077163151
United Kingdom,GBR,1953,0.5103187235446667,0.5165050823544206,0.5459521437349997,0.05,0.12,1.7570833333333336,0.0,0.4350660077163151
United Kingdom,GBR,1954,0.5120745982667341,0.5190413896502815,0.5516290491783478,0.05,0.12,1.7570833333333336,0.0,0.4350660077163151
United Kingdom,GBR,1955,0.516837331699608,0.5243653118050284,0.5583136587047228,0.05,0.12,1.7570833333333336,0.0,0.4350660077163151
United Kingdom,GBR,1956,0.5046560363508936,0.5136497851070416,0.5481755388588461,0.05,0.12,1.7570833333333336,0.0,0.4350660077163151
United Kingdom,GBR,1957,0.5019560212262935,0.5118061430335503,0.546028035764329,0.05,0.12,1.7570833333333336,0.0,0.4350660077163151
United Kingdom,GBR,1958,0.49902601572307503,0.5098856877450695,0.5432581866715056,0.05,0.12,1.7570833333333336,0.0,0.4350660077163151
United Kingdom,GBR,1959,0.521693987501127,0.532381110247659,0.5643428938256996,0.05,0.12,1.7570833333333336,0.0,0.4350660077163151
United Kingdom,GBR,1960,0.5352042373486494,0.547231195664434,0.5776889652998483,0.05,0.12,1.7570833333333336,0.0,0.4350660077163151
United Kingdom,GBR,1961,0.5354525273172239,0.5505008269466511,0.5794435354834961,0.05,0.12,1.7570833333333336,0.0,0.4350660077163151
United Kingdom,GBR,1962,0.5375526423505175,0.5536361460362969,0.5808531211088148,0.05,0.12,1.7570833333333336,0.0,0.4350660077163151
United Kingdom,GBR,1963,0.5587830730162624,0.5739217767786018,0.5993125788380578,0.05,0.12,1.7570833333333336,0.0,0.4350660077163151
United Kingdom,GBR,1964,0.5879002093551211,0.6030534136648011,0.6266569267500435,0.05,0.12,1.7570833333333336,0.0,0.4350660077163151
United Kingdom,GBR,1965,0.5862848725913965,0.6059761284622427,0.6276362080854714,0.05,0.12,1.7570833333333336,0.0,0.4350660077163151
United Kingdom,GBR,1966,0.5946050130293248,0.6165416927872229,0.63617520482281,0.05,0.12,1.7570833333333336,0.0,0.4350660077163151
United Kingdom,GBR,1967,0.6065910506638357,0.6291604878659776,0.6468365484486043,0.05,0.12,1.7570833333333336,0.0,0.4350660077163151
United Kingdom,GBR,1968,0.6591114405800393,0.6828211494011036,0.6985723459746547,0.05,0.12,1.7570833333333336,0.0,0.4350660077163151
United Kingdom,GBR,1969,0.6286458383856086,0.65481656758692,0.6685306120463856,0.05,0.12,1.7570833333333336,0.0,0.4350660077163151
United Kingdom,GBR,1970,0.6419511919368439,0.668608352568385,0.6804465581815595,0.05,0.12,1.7570833333333336,0.0,0.4350660077163151
United Kingdom,GBR,1971,0.6732921184274403,0.7001215873420135,0.7102605397327677,0.05,0.12,1.7570833333333336,0.0,0.4350660077163151
United Kingdom,GBR,1972,0.687991050776799,0.7139683448426206,0.7227039556922072,0.05,0.12,1.7570833333333336,0.0,0.4350660077163151
United Kingdom,GBR,1973,0.7222728195181594,0.7464542162668,0.7541585326118954,0.05,0.12,1.7570833333333336,0.0,0.4350660077163151
United Kingdom,GBR,1974,0.6784436340387145,0.7041702355122075,0.7105906953626331,0.05,0.12,1.7570833333333336,0.0,0.4350660077163151
United Kingdom,GBR,1975,0.656882240651278,0.6816497806279695,0.6870502200027726,0.05,0.12,1.7570833333333336,0.0,0.4350660077163151
United Kingdom,GBR,1976,0.6772503841303008,0.6982038273963447,0.7032850131294559,0.05,0.12,1.7570833333333336,0.0,0.4350660077163151
United Kingdom,GBR,1977,0.6820279028938039,0.701786987324545,0.7065840781911659,0.05,0.12,1.7570833333333336,0.0,0.4350660077163151
United Kingdom,GBR,1978,0.7047289140809712,0.7234641027382303,0.7279706753763735,0.05,0.12,1.7570833333333336,0.0,0.4350660077163151
United Kingdom,GBR,1979,0.7226967400926574,0.7405085422716571,0.7447272198291959,0.05,0.12,1.7570833333333336,0.0,0.4350660077163151
United Kingdom,GBR,1980,0.7001878928820302,0.7177080032469627,0.7215433965187943,0.05,0.12,1.7570833333333336,0.0,0.4350660077163151
United Kingdom,GBR,1981,0.7095894290089095,0.7235956985437282,0.7276314774750761,0.05,0.12,1.7570833333333336,0.0,0.4350660077163151
United Kingdom,GBR,1982,0.7327991981360293,0.7428737661105878,0.7475790629532364,0.05,0.12,1.7570833333333336,0.0,0.4350660077163151
United Kingdom,GBR,1983,0.7692759021920894,0.7784042511379283,0.7835064084191226,0.05,0.12,1.7570833333333336,0.0,0.4350660077163151
United Kingdom,GBR,1984,0.7646058992477114,0.774893310493443,0.7797925194610418,0.05,0.12,1.7570833333333336,0.0,0.4350660077163151
United Kingdom,GBR,1985,0.7830059559299416,0.7957668907966191,0.7998111381447597,0.05,0.12,1.7570833333333336,0.0,0.4350660077163151
United Kingdom,GBR,1986,0.7970491354844587,0.8125240872165174,0.8152559485126831,0.05,0.12,1.7570833333333336,0.0,0.4350660077163151
United Kingdom,GBR,1987,0.8209749607651551,0.839267080388626,0.8403418612149887,0.05,0.12,1.7570833333333336,0.0,0.4350660077163151
United Kingdom,GBR,1988,0.8377071842137331,0.8602044889822311,0.8591151758167657,0.05,0.12,1.7570833333333336,0.0,0.4350660077163151
United Kingdom,GBR,1989,0.824081042444357,0.8538867945424169,0.8496415787100569,0.05,0.12,1.7570833333333336,0.0,0.4350660077163151
United Kingdom,GBR,1990,0.8102168859684333,0.8456331573030189,0.8379800232457892,0.05,0.12,1.7570833333333336,0.0,0.4350660077163151
United Kingdom,GBR,1991,0.8029782059845667,0.8399192319291364,0.8296590828058195,0.05,0.12,1.7570833333333336,0.0,0.4350660077163151
United Kingdom,GBR,1992,0.8058630840189558,0.8420041322825531,0.8301859257899169,0.05,0.12,1.7570833333333336,0.0,0.4350660077163151
United Kingdom,GBR,1993,0.8193236320827966,0.85568508021667,0.8427251677308139,0.05,0.12,1.7570833333333336,0.0,0.4350660077163151
United Kingdom,GBR,1994,0.8308323455068107,0.8680034016293527,0.8540757525708216,0.05,0.12,1.7570833333333336,0.0,0.4350660077163151
United Kingdom,GBR,1995,0.8283304941506211,0.8674362163464346,0.8524086025147266,0.05,0.12,1.7570833333333336,0.0,0.4350660077163151
United Kingdom,GBR,1996,0.8298427418825076,0.868892513690227,0.8531447509215635,0.05,0.12,1.7570833333333336,0.0,0.4350660077163151
United Kingdom,GBR,1997,0.85170523624602,0.8898782909038117,0.8738307383763573,0.05,0.12,1.7570833333333336,0.0,0.4350660077163151
United Kingdom,GBR,1998,0.8686654228210875,0.9047589943322798,0.8889543641486988,0.05,0.12,1.7570833333333336,0.0,0.4350660077163151
United Kingdom,GBR,1999,0.8804914982525966,0.9154507396380547,0.8999949676242851,0.05,0.12,1.7570833333333336,0.0,0.4350660077163151
United Kingdom,GBR,2000,0.8990105690443642,0.9324473172677745,0.9175013263814984,0.05,0.12,1.7570833333333336,0.0,0.4350660077163151
United Kingdom,GBR,2001,0.9082965321015903,0.9404390637387969,0.9260250237749652,0.05,0.12,1.7570833333333336,0.0,0.4350660077163151
United Kingdom,GBR,2002,0.920429311322752,0.9507308522158828,0.9369405110249698,0.05,0.12,1.7570833333333336,0.0,0.4350660077163151
United Kingdom,GBR,2003,0.9394686445451335,0.9689184017441068,0.9555639486255743,0.05,0.12,1.7570833333333336,0.0,0.4350660077163151
United Kingdom,GBR,2004,0.9450878106779772,0.9743678530614011,0.9612082162887496,0.05,0.12,1.7570833333333336,0.0,0.4350660077163151
United Kingdom,GBR,2005,0.9543068890199269,0.9839942960293664,0.9707685511184714,0.05,0.12,1.7570833333333336,0.0,0.4350660077163151
United Kingdom,GBR,2006,0.9625384874992999,0.9937586522011506,0.9800042680711112,0.05,0.12,1.7570833333333336,0.0,0.4350660077163151
United Kingdom,GBR,2007,0.9653814481842709,0.9979620074770015,0.98342326600413,0.05,0.12,1.7570833333333336,0.0,0.4350660077163151
United Kingdom,GBR,2008,0.9433312119972088,0.9778027297910548,0.9621589039173282,0.05,0.12,1.7570833333333336,0.0,0.4350660077163151
United Kingdom,GBR,2009,0.9032628453708815,0.9381306358787906,0.9215991133925909,0.05,0.12,1.7570833333333336,0.0,0.4350660077163151
United Kingdom,GBR,2010,0.9104389753858406,0.9425713752207354,0.9261146776503271,0.05,0.12,1.7570833333333336,0.0,0.4350660077163151
United Kingdom,GBR,2011,0.9107105256254133,0.9430743680721934,0.9265484121397893,0.05,0.12,1.7570833333333336,0.0,0.4350660077163151
United Kingdom,GBR,2012,0.9059569356614352,0.9360857276995826,0.9200328949281245,0.05,0.12,1.7570833333333336,0.0,0.4350660077163151
United Kingdom,GBR,2013,0.9076756210823715,0.9378938281287077,0.9220590812404987,0.05,0.12,1.7570833333333336,0.0,0.4350660077163151
United Kingdom,GBR,2014,0.910666223700991,0.9417119675029184,0.9257456867264251,0.05,0.12,1.7570833333333336,0.0,0.4350660077163151
United Kingdom,GBR,2015,0.9141137078469308,0.9474228304224335,0.9307488151342929,0.05,0.12,1.7570833333333336,0.0,0.4350660077163151
United Kingdom,GBR,2016,0.9111254558605015,0.9473404047775213,0.9294210839170054,0.05,0.12,1.7570833333333336,0.0,0.4350660077163151
United Kingdom,GBR,2017,0.910945107852883,0.948639837473416,0.9295171236132349,0.05,0.12,1.7570833333333336,0.0,0.4350660077163151
United Kingdom,GBR,2018,0.9070657080615501,0.9460598310526347,0.9258020862351151,0.05,0.12,1.7570833333333336,0.0,0.4350660077163151
United Kingdom,GBR,2019,0.9012042716487381,0.940803949672917,0.9196193897187417,0.05,0.12,1.7570833333333336,0.0,0.4350660077163151
United States,USA,1950,0.7050005117467544,0.7050005117467544,0.7050005117467544,0.05,0.08,3.504166666666667,0.0,0.38081351263182506
United States,USA,1951,0.7364552968349933,0.7387772559904651,0.7522553248877077,0.05,0.08,3.504166666666667,0.0,0.38081351263182506
United States,USA,1952,0.7566217620776854,0.7598565693845867,0.7858334400836267,0.05,0.08,3.504166666666667,0.0,0.38081351263182506
United States,USA,1953,0.7826745254326362,0.786116907120638,0.8213082121276685,0.05,0.08,3.504166666666667,0.0,0.38081351263182506
United States,USA,1954,0.7819372828480917,0.7856812265502624,0.8276657401625451,0.05,0.08,3.504166666666667,0.0,0.38081351263182506
United States,USA,1955,0.8187641255709996,0.8221642140668282,0.8679912098166573,0.05,0.08,3.504166666666667,0.0,0.38081351263182506
United States,USA,1956,0.8152425662778091,0.8193238115777879,0.8681084696963177,0.05,0.08,3.504166666666667,0.0,0.38081351263182506
United States,USA,1957,0.8274191126972852,0.8318133020924563,0.8822955013628473,0.05,0.08,3.504166666666667,0.0,0.38081351263182506
United States,USA,1958,0.8284718118708954,0.8328600989835246,0.8837867327945661,0.05,0.08,3.504166666666667,0.0,0.38081351263182506
United States,USA,1959,0.8604261068291459,0.8644941627199225,0.9147449502943887,0.05,0.08,3.504166666666667,0.0,0.38081351263182506
United States,USA,1960,0.8656126920306839,0.8710347170415211,0.920901309561863,0.05,0.08,3.504166666666667,0.0,0.38081351263182506
United States,USA,1961,0.8760582209876508,0.8817812515368759,0.9307386589082585,0.05,0.08,3.504166666666667,0.0,0.38081351263182506
United States,USA,1962,0.901879632647165,0.9074864833472551,0.95496248943991,0.05,0.08,3.504166666666667,0.0,0.38081351263182506
United States,USA,1963,0.9205181517821375,0.926736869232216,0.9726811041739287,0.05,0.08,3.504166666666667,0.0,0.38081351263182506
United States,USA,1964,0.9405283276220544,0.9477020756484684,0.9923319263510546,0.05,0.08,3.504166666666667,0.0,0.38081351263182506
United States,USA,1965,0.9618030357962208,0.9701835921059132,1.013719793460952,0.05,0.08,3.504166666666667,0.0,0.38081351263182506
United States,USA,1966,0.9830941892806386,0.9932355673130857,1.0359643322212122,0.05,0.08,3.504166666666667,0.0,0.38081351263182506
United States,USA,1967,0.98104029056333,0.9931377713997129,1.0352577981153601,0.05,0.08,3.504166666666667,0.0,0.38081351263182506
United States,USA,1968,0.9974949027410691,1.0100289106291473,1.0512159784294148,0.05,0.08,3.504166666666667,0.0,0.38081351263182506
United States,USA,1969,0.9932927153474385,1.0063320003067542,1.0464006345359405,0.05,0.08,3.504166666666667,0.0,0.38081351263182506
United States,USA,1970,0.9862056489754814,0.9997600990021365,1.0385883330056522,0.05,0.08,3.504166666666667,0.0,0.38081351263182506
United States,USA,1971,1.0056075940239833,1.0184670605401838,1.0557444879934437,0.05,0.08,3.504166666666667,0.0,0.38081351263182506
United States,USA,1972,1.022594477359517,1.0357499621906125,1.0714701748603854,0.05,0.08,3.504166666666667,0.0,0.38081351263182506
United States,USA,1973,1.0382138831144143,1.052546523625308,1.0868705370302099,0.05,0.08,3.504166666666667,0.0,0.38081351263182506
United States,USA,1974,1.0089033755224897,1.025179802960066,1.0583117681313077,0.05,0.08,3.504166666666667,0.0,0.38081351263182506
United States,USA,1975,1.0051469631439076,1.0220056889593856,1.0538865543046363,0.05,0.08,3.504166666666667,0.0,0.38081351263182506
United States,USA,1976,1.0252674467930571,1.0405215281839286,1.070880149008472,0.05,0.08,3.504166666666667,0.0,0.38081351263182506
United States,USA,1977,1.032678353308155,1.0486075533213448,1.0775478531329714,0.05,0.08,3.504166666666667,0.0,0.38081351263182506
United States,USA,1978,1.041101517397875,1.0587098406596258,1.0864047841687938,0.05,0.08,3.504166666666667,0.0,0.38081351263182506
United States,USA,1979,1.035544772421476,1.055636018264769,1.0822650503206948,0.05,0.08,3.504166666666667,0.0,0.38081351263182506
United States,USA,1980,1.017004528979811,1.0389684621821118,1.064592961688449,0.05,0.08,3.504166666666667,0.0,0.38081351263182506
United States,USA,1981,1.025131668678629,1.046571126651159,1.0710666827217903,0.05,0.08,3.504166666666667,0.0,0.38081351263182506
United States,USA,1982,1.0036544110448826,1.0254702324416343,1.0488289583519883,0.05,0.08,3.504166666666667,0.0,0.38081351263182506
United States,USA,1983,1.0255242972956093,1.0455220693901897,1.067650197375274,0.05,0.08,3.504166666666667,0.0,0.38081351263182506
United States,USA,1984,1.0522603060885203,1.0718316996372508,1.0927571527931619,0.05,0.08,3.504166666666667,0.0,0.38081351263182506
United States,USA,1985,1.0614854192718202,1.0840854236570223,1.1039623241923362,0.05,0.08,3.504166666666667,0.0,0.38081351263182506
United States,USA,1986,1.0722553351711301,1.0968647020526188,1.11575091745798,0.05,0.08,3.504166666666667,0.0,0.38081351263182506
United States,USA,1987,1.072298290609682,1.097911646599833,1.1158205914506034,0.05,0.08,3.504166666666667,0.0,0.38081351263182506
United States,USA,1988,1.0812292146427467,1.107572405685536,1.1245106908696378,0.05,0.08,3.504166666666667,0.0,0.38081351263182506
United States,USA,1989,1.0865608224975496,1.1130598289905755,1.1290293389902235,0.05,0.08,3.504166666666667,0.0,0.38081351263182506
United States,USA,1990,1.090370133391735,1.1166782319917754,1.1316963851888087,0.05,0.08,3.504166666666667,0.0,0.38081351263182506
United States,USA,1991,1.086206510650257,1.1111704708229677,1.1252684392132473,0.05,0.08,3.504166666666667,0.0,0.38081351263182506
United States,USA,1992,1.1123608750499745,1.135162373829564,1.1483941226117036,0.05,0.08,3.504166666666667,0.0,0.38081351263182506
United States,USA,1993,1.115316488006549,1.1371465331275932,1.1495695135350719,0.05,0.08,3.504166666666667,0.0,0.38081351263182506
United States,USA,1994,1.1229685656873798,1.1446951330241326,1.1563539389248039,0.05,0.08,3.504166666666667,0.0,0.38081351263182506
United States,USA,1995,1.1240332291836275,1.1462714282694542,1.1571944010655386,0.05,0.08,3.504166666666667,0.0,0.38081351263182506
United States,USA,1996,1.1383875696535721,1.1605272852239832,1.1707512196850889,0.05,0.08,3.504166666666667,0.0,0.38081351263182506
United States,USA,1997,1.1541347809513613,1.17666850149506,1.1862153447283692,0.05,0.08,3.504166666666667,0.0,0.38081351263182506
United States,USA,1998,1.1712874882945403,1.195343656861505,1.204195134773352,0.05,0.08,3.504166666666667,0.0,0.38081351263182506
United States,USA,1999,1.1925560769287404,1.218814263899466,1.2269280445721815,0.05,0.08,3.504166666666667,0.0,0.38081351263182506
United States,USA,2000,1.2082120592083836,1.237224502307102,1.2445403889653655,0.05,0.08,3.504166666666667,0.0,0.38081351263182506
United States,USA,2001,1.2094708563056944,1.2416072208573006,1.2480546449984598,0.05,0.08,3.504166666666667,0.0,0.38081351263182506
United States,USA,2002,1.2209096294749866,1.2541694612121947,1.2597690113637796,0.05,0.08,3.504166666666667,0.0,0.38081351263182506
United States,USA,2003,1.2386667155953148,1.2726694047680382,1.2774578324067019,0.05,0.08,3.504166666666667,0.0,0.38081351263182506
United States,USA,2004,1.2559578412398107,1.2905537263132008,1.2945760973889815,0.05,0.08,3.504166666666667,0.0,0.38081351263182506
United States,USA,2005,1.2672945955517978,1.3030914441784667,1.3063634718701564,0.05,0.08,3.504166666666667,0.0,0.38081351263182506
United States,USA,2006,1.2684650734760403,1.3056827277538154,1.3082055825730912,0.05,0.08,3.504166666666667,0.0,0.38081351263182506
United States,USA,2007,1.2672051266431463,1.305000907059993,1.3068204519785542,0.05,0.08,3.504166666666667,0.0,0.38081351263182506
United States,USA,2008,1.2608529003611313,1.2975938723136373,1.2988392476425528,0.05,0.08,3.504166666666667,0.0,0.38081351263182506
United States,USA,2009,1.2596093839502789,1.2937536662572988,1.2946256050504026,0.05,0.08,3.504166666666667,0.0,0.38081351263182506
United States,USA,2010,1.279218738583129,1.3076774246607332,1.3085237823463451,0.05,0.08,3.504166666666667,0.0,0.38081351263182506
United States,USA,2011,1.2795834779254935,1.3045633164450319,1.3055258348154215,0.05,0.08,3.504166666666667,0.0,0.38081351263182506
United States,USA,2012,1.28528675692308,1.3077343758356577,1.308866038066391,0.05,0.08,3.504166666666667,0.0,0.38081351263182506
United States,USA,2013,1.2883766516504966,1.3105840494523058,1.3117751729713465,0.05,0.08,3.504166666666667,0.0,0.38081351263182506
United States,USA,2014,1.2952105391117588,1.317012729256172,1.318181066891336,0.05,0.08,3.504166666666667,0.0,0.38081351263182506
United States,USA,2015,1.30620033205056,1.3279807262511305,1.3290461446098956,0.05,0.08,3.504166666666667,0.0,0.38081351263182506
United States,USA,2016,1.3088395580791694,1.330745170870106,1.3316356088718404,0.05,0.08,3.504166666666667,0.0,0.38081351263182506
United States,USA,2017,1.3182166543276477,1.3394983437031005,1.3402112624953109,0.05,0.08,3.504166666666667,0.0,0.38081351263182506
United States,USA,2018,1.3301510533526901,1.3512996880055308,1.3517888600162813,0.05,0.08,3.504166666666667,0.0,0.38081351263182506
United States,USA,2019,1.3421364409039764,1.3638380031461121,1.3640082965396427,0.05,0.08,3.504166666666667,0.0,0.38081351263182506
