fips,state_abbr,population,violent_crimes,property_crimes,murder,grand_total,has_r1_state,violent_crimes_rate,property_crimes_rate,murder_rate,grand_total_rate
01001,AL,50935.5,67.25,315.0,2.75,2626.0,0,132.02972386645854,618.4291898577613,5.398984990821726,5155.539849417401
01003,AL,167967.5,198.75,726.0,11.5,11019.5,0,118.32646196436811,432.22647238305024,6.846562579070356,6560.495333918764
01005,AL,28338.0,43.75,120.0,1.5,1273.75,0,154.3863363681276,423.45966546686424,5.293245818335803,4494.847907403487
01007,AL,21610.0,31.25,78.75,0.25,1054.0,0,144.60897732531237,364.41462285978713,1.1568718186024989,4877.3715872281355
01009,AL,56575.0,57.75,182.75,3.5,2257.75,0,102.07688908528503,323.02253645603184,6.18647812638091,3990.720282810429
01011,AL,10995.0,19.0,21.0,0.5,218.75,0,172.80582082764894,190.99590723055934,4.547521600727603,1989.5407003183266
01013,AL,20586.0,34.75,112.0,1.5,1110.75,0,168.80404158165743,544.0590692703779,7.286505392013991,5395.65724278636
01015,AL,115747.25,285.75,869.0,15.75,8009.0,0,246.8741157997274,750.7737764828106,13.607234729118835,6919.386853683349
01017,AL,35301.75,78.0,205.0,5.5,2361.5,0,220.9522190826234,580.7077552812538,15.579964166082418,6689.470068764296
01019,AL,24768.5,23.25,74.0,2.0,923.75,0,93.86922906110584,298.76657851706807,8.074772392353191,3729.53549871813
01021,AL,41990.75,106.75,198.75,3.75,2036.75,0,254.22265618023016,473.3185284854402,8.930538273310194,4850.473020843876
01023,AL,14696.5,13.75,32.0,1.0,458.0,0,93.5596910829109,217.73891742931988,6.804341169666246,3116.388255707141
01025,AL,27172.75,42.0,124.75,1.75,1315.75,0,154.5666154511413,459.0996494649971,6.440275643797555,4842.167244758076
01027,AL,13952.75,20.5,40.0,0.25,632.75,0,146.92444141835838,286.68183691387003,1.7917614807116877,4534.948307681281
01029,AL,14683.5,17.75,53.5,2.75,693.25,0,120.88398542581808,364.3545476214799,18.728504784281675,4721.285796983008
01031,AL,46484.0,67.75,205.75,2.0,2215.5,0,145.7490749505206,442.6254194991825,4.302555718096549,4766.156096721452
01033,AL,54939.0,105.0,297.75,5.5,3341.75,0,191.12106154098183,541.9647245126413,10.011103223575237,6082.655308615009
01035,AL,13328.75,22.25,59.75,0.75,554.5,0,166.93238300665854,448.2790959392291,5.626934258651412,4160.180061896277
01037,AL,11102.75,23.5,49.0,1.0,496.25,0,211.65927360338654,441.3321024070613,9.006777600144108,4469.613384071514
01039,AL,37175.75,48.5,175.25,2.5,2124.0,0,130.46138948104613,471.4094537433677,6.7248138907755735,5713.401881602927
01041,AL,13782.75,20.25,54.0,0.5,822.75,0,146.92278391467596,391.79409043913586,3.6277230596216286,5969.41829460739
01043,AL,80494.75,40.25,277.75,4.75,4437.0,0,50.00326108224449,345.05355939362505,5.901005966227611,5512.160730979349
01045,AL,47648.5,81.25,235.5,2.5,2802.0,0,170.51953366842608,494.24430989433034,5.246754882105418,5880.562871863753
01047,AL,44100.0,96.25,189.25,5.25,1686.0,0,218.25396825396825,429.1383219954648,11.904761904761905,3823.1292517006805
01049,AL,68110.25,53.25,216.75,2.5,2917.5,0,78.18206510767469,318.2340396636336,3.670519488623225,4283.496243223303
01051,AL,76134.25,149.25,409.75,6.25,4647.0,0,196.0352929200721,538.1940453869316,8.209183120606035,6103.691833832999
01053,AL,38098.0,75.0,120.5,1.75,1832.0,0,196.8607275972492,316.28956900624706,4.593416977269148,4808.651372775474
01055,AL,103162.0,184.75,738.0,10.5,7544.75,0,179.0872608130901,715.3796940733992,10.178166379093078,7313.497217967857
01057,AL,17243.75,17.0,71.75,0.75,808.25,0,98.58644436389996,416.09278724175425,4.349401957230881,4687.205509242479
01059,AL,30816.75,38.5,120.5,1.75,1477.25,0,124.93205805284464,391.0211167627994,5.678729911492939,4793.659292430253
01061,AL,25835.0,43.75,83.5,1.5,978.0,0,169.3439132959164,323.2049545190633,5.806077027288562,3785.5622217921423
01063,AL,9497.25,25.25,30.5,0.5,412.0,0,265.86643502066386,321.1455947774356,5.264681881597304,4338.09787043618
01065,AL,18662.0,41.5,57.75,2.5,691.75,0,222.37702282713536,309.4523630907727,13.396206194405744,3706.7302539920693
01067,AL,16748.25,28.25,72.75,1.25,864.5,0,168.67433911005628,434.3737405400564,7.463466332303375,5161.733315421014
01069,AL,96892.5,134.0,614.5,14.5,8041.25,0,138.29759785329102,634.2080140361742,14.965038573677013,8299.145960729675
01071,AL,53768.0,65.0,257.5,2.75,3083.5,0,120.88974854932303,478.90938848385656,5.114566284779051,5734.823686951347
01073,AL,682026.5,1472.0,4360.0,97.75,31156.25,0,215.82739087117582,639.2713479608198,14.332287675039021,4568.18759974869
01075,AL,14712.0,8.25,25.25,0.25,284.25,0,56.076672104404565,171.62860250135944,1.6992930940728654,1932.0962479608481
01077,AL,88334.5,97.75,425.75,6.5,3911.25,0,110.65891582564005,481.97476637101016,7.358393379710079,4427.771708675546
01079,AL,34511.75,34.0,122.25,1.5,1521.25,0,98.5171716879034,354.22718349547614,4.346345809760444,4407.919042065383
01081,AL,124141.75,166.5,635.0,9.75,5623.25,0,134.12087392033703,511.5120416781623,7.8539250493891055,4529.700926561773
01083,AL,71038.0,97.0,335.25,3.25,4300.25,0,136.54663701117713,471.9305160618261,4.575016188518821,6053.450266054788
01085,AL,12943.75,40.5,46.5,2.0,572.0,0,312.89232254949303,359.24674070497343,15.451472718493482,4419.121197489136
01087,AL,22759.25,39.0,78.25,4.0,847.25,0,171.35889803047112,343.8162505354966,17.575271592868834,3722.66221426453
01089,AL,306766.5,556.0,2117.0,22.5,14560.25,0,181.24534458619178,690.1014289369928,7.3345688007002074,4746.362461350897
01091,AL,21807.5,43.5,115.25,1.5,940.25,0,199.47265848905192,528.4879055370859,6.878367534105239,4311.590049294968
01093,AL,30890.5,17.5,78.25,0.25,805.25,0,56.651721403020346,253.31412570207667,0.8093103057574336,2606.7884948446936
01095,AL,87806.0,94.5,509.75,2.5,6383.0,0,107.62362480923855,580.541193084755,2.8471858415142473,7269.434890554176
01097,AL,404770.5,667.75,3034.25,36.25,29825.0,0,164.97002622473724,749.6223168437424,8.955692176183788,7368.372942198109
01099,AL,23421.75,63.5,85.25,1.5,1295.75,0,271.11552296476566,363.9779264999413,6.404303692081078,5532.251006009371
01101,AL,224496.5,684.5,2134.75,39.5,15056.25,0,304.90453080560275,950.9056934072469,17.59492909689015,6706.674714305123
01103,AL,115310.25,137.25,666.25,6.75,6892.25,0,119.02671271634568,577.789051710494,5.853772756541591,5977.135597225745
01105,AL,11165.5,34.0,31.25,1.5,362.25,0,304.5094263579777,279.8799874613766,13.434239398146076,3244.3688146522773
01107,AL,20118.25,37.75,57.0,0.0,979.25,0,187.6405750997229,283.32484187242926,0.0,4867.4710772557255
01109,AL,29784.0,53.5,154.75,3.25,1665.0,0,179.62664517861938,519.5742680633897,10.911899006177814,5590.2497985495565
01111,AL,22718.25,29.75,68.5,1.5,1279.5,0,130.95198793921188,301.5197033222189,6.602621240632531,5632.035918259548
01113,AL,52333.75,97.75,243.0,3.75,2494.75,0,186.78195237299067,464.3275133159768,7.165548044999642,4767.000262736762
01115,AL,73503.25,107.25,328.0,5.75,4307.0,0,145.9119154595205,446.2387717549904,7.822783346314619,5859.604847404707
01117,AL,158233.25,130.25,567.5,6.0,7128.25,0,82.31518975942161,358.6477557656182,3.791870545539575,4504.900202707079
01119,AL,13700.5,25.0,46.0,0.75,546.25,0,182.47509214992155,335.75416955585564,5.474252764497646,3987.0807634757857
01121,AL,78044.0,99.75,363.0,3.75,4615.5,0,127.81251601660601,465.12223873712264,4.804981805135564,5913.971605760853
01123,AL,39358.5,100.75,241.5,4.0,2919.0,0,255.98028380146602,613.59045695339,10.162988935045798,7416.441175349671
01125,AL,172404.25,274.5,1013.5,18.75,10934.0,0,159.21881276128636,587.8625381914889,10.87560196456874,6342.0710336317115
01127,AL,69987.0,85.75,388.5,3.75,3755.25,0,122.5227542257848,555.1030905739638,5.358137939903125,5365.639333018989
01129,AL,17677.5,19.0,23.0,1.0,466.5,0,107.48126149059539,130.10889548861547,5.65690849950502,2638.947815019092
01131,AL,12946.25,47.25,46.5,1.75,597.0,0,364.9705513179492,359.17736796369604,13.517427826590712,4611.373949985517
01133,AL,24591.0,37.25,91.5,1.5,1051.25,0,151.47818307510877,372.087349030133,6.09979260705136,4274.9379854418285
01777,AL,0.0,0.0,0.0,0.0,0.0,0,,,,
02013,AK,930.0,3.0,7.5,0.0,76.5,0,322.5806451612903,806.4516129032257,0.0,8225.806451612903
02016,AK,4631.75,17.75,33.75,0.5,332.75,0,383.22448318670047,728.6662708479516,10.795055864414097,7184.109677767582
02020,AK,279502.75,917.5,2576.25,15.5,18366.75,0,328.2615287327227,921.7261726405195,5.545562610743544,6571.223360056386
02050,AK,6387.5,23.25,25.5,0.25,582.0,0,363.9921722113503,399.2172211350294,3.913894324853229,9111.545988258316
02060,AK,1057.75,0.25,0.0,0.0,4.25,0,23.63507445048452,0.0,0.0,401.79626565823685
02070,AK,3315.5,28.25,25.75,0.75,428.5,0,852.0585130447896,776.6551048107375,22.621022470215653,12924.144171316542
02090,AK,34120.25,124.25,317.25,3.5,2779.75,0,364.15325210102503,929.7997523464805,10.257838087352818,8146.921549519713
02100,AK,2155.5,5.25,9.75,0.0,125.5,0,243.56297842727906,452.3312456506611,0.0,5822.315008118766
02110,AK,31058.0,38.25,114.75,0.5,1480.5,0,123.15667460879645,369.47002382638937,1.6098911713568165,4766.887758387533
02122,AK,20692.5,82.75,256.25,0.75,1806.75,0,399.9033466231727,1238.371390600459,3.624501631025734,8731.424429140994
02130,AK,7421.5,23.75,57.75,0.25,609.0,0,320.01616923802464,778.1445799366704,3.3685912551371016,8205.88829751398
02150,AK,6269.25,18.5,18.0,0.0,410.0,0,295.0911193523946,287.1156836942218,0.0,6539.857239701719
02164,AK,0.0,0.0,0.0,0.0,0.0,0,,,,
02170,AK,18370.25,86.75,236.25,0.25,2007.0,0,472.2309168356446,1286.0467331691186,1.360896013935575,10925.273199874799
02180,AK,3602.25,11.5,28.0,0.0,295.5,0,319.2449163717121,777.2919702963426,0.0,8203.206329377474
02185,AK,6767.25,20.75,37.25,0.0,410.5,0,306.6238132180723,550.4451586685876,0.0,6065.979533784033
02188,AK,3218.25,7.75,21.0,0.0,345.0,0,240.8141070457547,652.5285481239805,0.0,10720.111862036822
02201,AK,1973.25,21.0,25.5,0.0,394.5,0,1064.2341315089318,1292.2843025465602,0.0,19992.39832763208
02220,AK,8961.0,7.5,40.75,0.25,465.5,0,83.69601606963508,454.7483539783507,2.7898672023211697,5194.732730722018
02232,AK,1572.5,3.75,8.75,0.0,75.25,0,238.47376788553257,556.4387917329093,0.0,4785.373608903021
02240,AK,0.0,0.0,0.0,0.0,0.0,0,,,,
02261,AK,6476.25,25.5,37.5,0.0,416.75,0,393.7463810075275,579.0387955993051,0.0,6435.051148426945
02270,AK,833.75,3.0,6.25,0.0,68.5,0,359.82008995502247,749.6251874062968,0.0,8215.892053973013
02280,AK,5699.75,12.0,25.75,1.0,400.75,0,210.53554980481601,451.7742006228343,17.544629150401335,7031.010132023334
02282,AK,0.0,0.0,0.0,0.0,0.0,0,,,,
02290,AK,0.0,0.0,0.0,0.0,0.0,0,,,,
04001,AZ,71099.0,88.25,191.75,1.5,4642.75,1,124.12270214770955,269.6943698223604,2.1097343141253746,6529.979324603722
04003,AZ,129242.75,240.75,898.5,5.25,7048.75,1,186.27737339231794,695.2034059937598,4.062123407309114,5453.884260432404
04005,AZ,124211.75,317.25,1323.25,6.25,13084.25,1,255.41061936572024,1065.3178946436228,5.0317300899472075,10533.826308702679
04007,AZ,52747.75,133.5,338.75,5.25,4482.0,1,253.0913640866198,642.2074875231644,9.953031171945723,8497.044897649663
04009,AZ,34231.0,60.75,168.75,0.75,2192.25,1,177.47071368058192,492.9742046682831,2.1909964651923697,6404.282667757297
04011,AZ,7707.0,15.25,16.25,0.5,550.5,1,197.872064357078,210.84728169196836,6.48760866744518,7142.857142857142
04012,AZ,20521.0,32.5,89.5,1.25,1505.0,1,158.37434822864384,436.1385897373423,6.0913210857170705,7333.950587203352
04013,AZ,3811020.5,5141.75,23329.75,144.0,170246.25,1,134.91793077470982,612.1654291809766,3.7785154921103152,4467.208979851985
04015,AZ,194752.0,394.75,1670.25,18.5,16381.25,1,202.69368222149194,857.629189944134,9.499260598093986,8411.338522839304
04017,AZ,112180.0,274.5,694.0,3.75,7322.25,1,244.6960242467463,618.6486004635407,3.3428418612943482,6527.233018363345
04019,AZ,967934.5,1237.0,7815.25,67.25,69795.0,1,127.79790368046598,807.4151711711897,6.947784173412561,7210.715187856204
04021,AZ,266439.5,477.5,1428.5,21.25,14126.25,1,179.21516892202544,536.1442278641117,7.975544166686996,5301.860272219397
04023,AZ,43196.75,129.5,217.0,4.25,3272.5,1,299.7910722450184,502.3526075457065,9.83870314317628,7575.801420245735
04025,AZ,211889.0,326.5,1140.5,12.0,12966.25,1,154.09011321965747,538.2535195314528,5.663342599191086,6119.359664730118
04027,AZ,188963.75,373.5,1141.5,7.25,11001.0,1,197.65695801443397,604.0841166625873,3.8367147138009274,5821.751526417103
04777,AZ,0.0,0.0,0.0,0.0,0.0,1,,,,
05001,AR,19912.0,17.75,45.5,1.0,616.75,0,89.14222579349136,228.505423865006,5.02209722780233,3097.378465247087
05003,AR,23033.25,29.25,92.0,0.5,862.25,0,126.99032919800723,399.42257388774925,2.170774858085594,3743.5012427686065
05005,AR,41289.0,18.25,158.0,0.75,2252.25,0,44.200634551575476,382.6685073506261,1.8164644336263898,5454.842694180048
05007,AR,191249.75,195.75,1065.25,2.25,12574.5,0,102.35307497133982,556.9941921492708,1.1764721261073543,6574.910555438634
05009,AR,36394.0,49.75,253.0,0.25,1998.25,0,136.69835687201189,695.1695334395779,0.6869264164422707,5490.602846623069
05011,AR,12187.0,20.25,17.0,1.25,118.0,0,166.16066300155904,139.49290227291377,10.256831049478953,968.2448510708132
05013,AR,5573.75,3.0,8.75,0.5,119.5,0,53.82372729311504,156.98587127158558,8.970621215519174,2143.9784705090824
05015,AR,27361.75,18.5,73.75,0.0,716.0,0,67.61263442579514,269.5368534541833,0.0,2616.791689128071
05017,AR,12863.0,22.25,32.75,0.5,371.75,0,172.9767550338179,254.6062349374174,3.887118090647594,2890.072300396486
05019,AR,23235.25,24.75,45.25,0.25,459.25,0,106.51918959339797,194.74720521621245,1.0759514100343228,1976.5227402330513
05021,AR,16502.75,20.25,43.75,0.0,435.5,0,122.706821590341,265.10733059641575,0.0,2638.954113708321
05023,AR,25437.5,22.0,71.0,0.25,690.0,0,86.48648648648648,279.1154791154791,0.9828009828009828,2712.530712530712
05025,AR,8909.25,2.75,11.5,0.5,30.5,0,30.86679574599433,129.0793276650672,5.6121446810898785,342.34082554648256
05027,AR,24615.75,48.75,127.25,1.25,1454.0,0,198.0439352853356,516.9454515909529,5.078049622700913,5906.787321125702
05029,AR,20827.5,22.5,79.0,0.0,1018.75,0,108.03024846957148,379.3062057376065,0.0,4891.369583483375
05031,AR,89156.75,199.75,802.75,4.25,5686.75,0,224.04360858824484,900.3805096080779,4.766885289111593,6378.372921848318
05033,AR,58703.25,60.25,216.0,1.25,3770.75,0,102.63486263537368,367.9523706098044,2.1293539965845163,6423.409266096851
05035,AR,52241.0,228.5,430.75,5.25,5352.25,0,437.3959150858521,824.543940583067,10.049577917727456,10245.305411458434
05037,AR,19078.0,25.0,51.75,0.5,361.0,0,131.04098962155362,271.254848516616,2.6208197924310723,1892.2318901352344
05039,AR,8438.0,23.5,53.0,2.25,633.25,0,278.50201469542543,628.1109267598957,26.665086513391802,7504.740459824603
05041,AR,14245.5,33.0,57.0,1.5,717.0,0,231.65210066336738,400.12635569127093,10.529640939243972,5033.168368958618
05043,AR,18677.25,30.75,47.75,0.25,608.25,0,164.6387985383287,255.6586221204942,1.3385268173847862,3256.6357466971854
05045,AR,101136.25,57.0,437.5,2.0,4912.75,0,56.35961388720661,432.58475571320866,1.977530311831811,4857.556019725865
05047,AR,18308.75,19.5,33.25,1.0,678.0,0,106.50645183313989,181.60715504881546,5.461869324776405,3703.1474021984027
05049,AR,11067.25,4.25,5.75,0.25,233.5,0,38.401590277620905,51.955092728545935,2.258917075154171,2109.8285481939956
05051,AR,95321.25,274.5,997.25,5.75,9072.75,0,287.9735630827334,1046.199037465413,6.032233106468914,9518.07702899406
05053,AR,17546.5,13.25,18.75,0.0,353.75,0,75.51363519790272,106.8589177328812,0.0,2016.0715812270253
05055,AR,40116.25,40.75,386.0,0.75,5117.25,0,101.57978375346649,962.2035957997072,1.86956657214969,12756.052721777334
05057,AR,23463.5,51.0,119.5,0.75,1278.25,0,217.35887655294394,509.3016813348392,3.196454066955058,5447.823214780404
05059,AR,31630.75,40.0,97.0,2.0,1040.5,0,126.45922085312552,306.66361056882937,6.322961042656276,3289.5204824419275
05061,AR,14436.25,16.25,76.25,1.25,642.25,0,112.56385834271364,528.1842583773487,8.658758334054896,4448.870032037406
05063,AR,34932.25,33.5,101.75,0.5,1097.5,0,95.89992056051356,291.278116926336,1.4313420979181128,3141.7959049302576
05065,AR,13351.0,3.5,12.0,0.0,91.75,0,26.215264774174216,89.88090779716875,0.0,687.2144408658527
05067,AR,17410.75,30.25,90.75,0.5,1092.25,0,173.74323334721365,521.229700041641,2.8717889809456802,6273.423028875838
05069,AR,81157.5,160.75,708.75,9.5,4139.5,0,198.071650802452,873.3019129470474,11.70563410652127,5100.576040415242
05071,AR,24493.0,22.5,78.25,0.5,1113.5,0,91.86298125995182,319.47903482627686,2.041399583554485,4546.196872575838
05073,AR,7974.75,5.5,18.75,0.0,183.75,0,68.96767923759366,235.11708830997836,0.0,2304.147465437788
05075,AR,17121.25,12.25,28.0,0.25,271.75,0,71.5485142731985,163.53946119588232,1.4601737606775207,1587.208877856465
05077,AR,11352.5,11.25,29.0,0.75,303.5,0,99.09711517286941,255.45034133450784,6.60647434485796,2673.4199515525215
05079,AR,14163.0,10.0,15.75,0.5,152.25,0,70.60650992021465,111.20525312433806,3.5303254960107324,1074.984113535268
05081,AR,13119.5,1.75,5.25,0.0,157.25,0,13.33892297724761,40.016768931742824,0.0,1198.5975075269637
05083,AR,22976.5,11.75,25.0,0.25,161.75,0,51.13920745109133,108.80682436402412,1.0880682436402411,703.980153635236
05085,AR,62515.5,76.75,104.25,1.25,1424.0,0,122.7695531508186,166.75864385632363,1.9995041229775017,2277.83509689597
05087,AR,15263.75,18.5,59.0,0.75,545.25,0,121.20219474244533,386.53672917860945,4.913602489558595,3572.1890099090983
05089,AR,16801.25,13.0,23.0,0.0,264.75,0,77.3751952979689,136.8945762964065,0.0,1575.775611933636
05091,AR,43234.5,194.0,416.25,8.0,5190.0,0,448.71572471058994,962.7727856225931,18.503741225178967,12004.302119834854
05093,AR,47604.0,154.25,372.25,4.75,3003.0,0,324.0273926560793,781.9721031846063,9.978153096378456,6308.293420720948
05095,AR,9103.25,3.0,12.25,0.0,92.0,0,32.955263230165045,134.5673248565073,0.0,1010.6280723917282
05097,AR,9261.25,3.25,8.25,0.0,236.0,0,35.092455122148735,89.08084761776219,0.0,2548.2521257929548
05099,AR,9523.0,5.25,12.75,0.0,159.25,0,55.12968602331198,133.8863803423291,0.0,1672.26714270713
05101,AR,8449.25,6.0,4.0,0.5,65.5,0,71.01222001952836,47.34148001301891,5.917685001627364,775.2167352131846
05103,AR,26810.25,29.25,94.0,0.5,415.5,0,109.10006434106359,350.61217258324706,1.8649583648045058,1549.7804011525443
05105,AR,10498.25,8.25,5.25,0.0,95.25,0,78.5845259924273,50.008334722453746,0.0,907.2940728216608
05107,AR,23357.75,67.75,107.25,1.25,911.5,0,290.05362245935504,459.16237651314873,5.351542849803598,3902.345046076784
05109,AR,10942.25,7.75,23.25,0.0,291.0,0,70.82638397039,212.47915191117002,0.0,2659.4164819849666
05111,AR,25249.25,40.5,101.0,0.25,1663.5,0,160.40080398427676,400.01188154103585,0.9901284196560293,6588.31450439122
05113,AR,20316.25,17.0,77.0,1.25,684.0,0,83.67685965667877,379.00695256260383,6.152710268873438,3366.7630591275456
05115,AR,57851.25,31.75,151.75,0.5,931.5,0,54.88213305676195,262.3106674445237,0.8642855599490072,1610.163998185
05117,AR,8997.75,4.5,6.0,0.0,92.5,0,50.01250312578145,66.68333750104192,0.0,1028.0347864743965
05119,AR,370946.25,1846.25,3538.75,56.75,38741.5,0,497.71361753892916,953.9791816199787,15.29871241453445,10443.965938461435
05121,AR,18459.5,3.0,6.0,0.0,94.75,0,16.251794468972616,32.50358893794523,0.0,513.2858419783852
05123,AR,27659.75,38.5,143.75,1.75,955.0,0,139.19142436211462,519.7082403130903,6.326882925550665,3452.6703965147913
05125,AR,93948.5,81.5,359.75,2.5,3147.5,0,86.74965539630756,382.92255863584836,2.6610323741198636,3350.2397590169085
05127,AR,11100.75,16.75,31.0,0.25,408.0,0,150.89070558295612,279.2604103326352,2.252100083327703,3675.4273359908116
05129,AR,8075.5,4.0,6.5,0.0,79.25,0,49.532536685034984,80.49037211318185,0.0,981.3633830722555
05131,AR,120867.75,310.0,987.75,3.0,12017.75,0,256.47867193688967,817.2155103408477,2.4820516639053842,9942.89212796631
05133,AR,16425.25,22.5,60.0,0.25,492.25,0,136.98421637418,365.29124366448,1.5220468486019998,2996.910244897338
05135,AR,18648.0,11.5,28.5,0.25,472.0,0,61.668811668811664,152.8314028314028,1.3406263406263406,2531.102531102531
05137,AR,11935.75,5.75,14.0,0.0,181.75,0,48.17460151226358,117.29468194290261,0.0,1522.7363173658966
05139,AR,44163.0,111.0,299.0,4.5,2506.0,0,251.34162081380342,677.0373389488939,10.189525168127165,5674.433349183706
05141,AR,16852.75,10.25,24.5,0.75,282.5,0,60.82093426888787,145.37686727685391,4.450312263577161,1676.2842859473974
05143,AR,191739.5,278.5,992.5,3.75,14329.25,0,145.24915314789075,517.6293877891619,1.955778543283987,7473.290584360552
05145,AR,72768.25,45.75,205.75,1.25,2249.5,0,62.870826218852315,282.7469397711227,1.7177821371271123,3091.3207339739515
05147,AR,7933.25,11.0,37.0,0.25,947.25,0,138.65691866511204,466.3914536917405,3.1512936060252734,11940.25147322976
05149,AR,21740.75,33.0,33.25,0.25,697.0,0,151.78869174246518,152.9386060738475,1.1499143313823121,3205.9611558938864
06001,CA,1458195.5,4148.0,6915.25,56.75,56948.0,1,284.46117135871015,474.2333932589972,3.891796401785632,3905.3748279980286
06003,CA,1166.75,7.5,4.5,0.0,101.5,1,642.811227769445,385.686736661667,0.0,8699.378615813157
06005,CA,38764.5,99.75,93.5,0.5,1695.75,1,257.32306620748363,241.2000670716764,1.2898399308645798,4374.492125527222
06007,CA,216529.0,656.25,1055.25,12.75,11156.5,1,303.07718596585215,487.34811503309027,5.888356755907984,5152.427619395093
06009,CA,47355.5,179.0,109.75,1.75,2048.75,1,377.99199670576803,231.75766278468183,3.6954524817603023,4326.319012575097
06011,CA,21192.0,81.25,67.75,1.25,1343.25,1,383.39939599849004,319.6961117402794,5.898452246130615,6338.47678369196
06013,CA,1023220.0,2683.25,4402.25,63.5,31261.75,1,262.2358828013526,430.2349445866969,6.205899024647681,3055.232501319364
06015,CA,28864.5,160.0,176.0,4.25,2045.5,1,554.3141228845121,609.7455351729633,14.723968889119853,7086.559614751685
06017,CA,177409.0,540.75,511.25,4.5,6731.25,1,304.80415311511814,288.17590990310526,2.5365116764087503,3794.1987159614227
06019,CA,891056.5,4785.0,5381.5,55.0,54708.5,1,537.002984659222,603.9459899568658,6.1724480995312865,6139.734124603771
06021,CA,27987.0,116.25,123.25,0.25,2513.5,1,415.3714224461357,440.38303498052665,0.8932718762282489,8980.955443598814
06023,CA,128771.0,462.25,655.25,3.0,9225.75,1,358.97057567309406,508.8490420979879,2.3297170946874686,7164.462495437638
06025,CA,159031.25,579.75,747.75,8.5,9167.25,1,364.55099233641187,470.19060719198274,5.344861465906858,5764.433090980546
06027,CA,17960.25,65.5,50.75,0.75,1182.5,1,364.6942553694965,282.56844977102213,4.17588842026141,6583.984075945491
06029,CA,774967.5,4076.75,4764.75,69.5,45839.75,1,526.054318406901,614.8322349001733,8.968118017852362,5915.05450228558
06031,CA,146610.25,548.75,708.0,4.0,10067.5,1,374.2917019785452,482.91302961423224,2.728322201210352,6866.8459401713035
06033,CA,65575.0,327.5,263.25,4.5,4258.25,1,499.4281357224552,401.44872283644685,6.862371330537552,6493.709492947007
06035,CA,34891.0,98.5,76.75,0.25,1201.75,1,282.3077584477372,219.97076610014042,0.7165171534206528,3444.2979564930783
06037,CA,9957690.25,35518.0,44383.25,711.0,393216.75,1,356.6891428461535,445.71832308200186,7.1402100502172186,3948.8750917914927
06039,CA,145412.0,505.0,397.25,12.0,5637.0,1,347.28908205650157,273.18928286523806,8.25241383104558,3876.571397133662
06041,CA,247694.75,533.5,759.5,3.25,8147.25,1,215.38607499755244,306.62741136015194,1.3120988636214534,3289.2299897353496
06043,CA,18215.5,67.75,39.0,1.25,980.5,1,371.9359885811534,214.10337350059018,6.862287612198402,5382.778403008428
06045,CA,87900.25,436.25,352.5,4.25,6123.0,1,496.30120505914374,401.0227502197093,4.835026066478764,6965.850495305759
06047,CA,245094.5,1247.25,1549.0,20.25,16497.25,1,508.88534830442956,632.0011260962609,8.262119305002765,6730.97519528182
06049,CA,9486.75,54.25,27.5,0.5,521.0,1,571.8502121379819,289.8779877197143,5.27050886763117,5491.870240071678
06051,CA,12710.0,50.5,43.75,0.0,643.75,1,397.3249409913454,344.2171518489379,0.0,5064.909520062943
06053,CA,411863.5,1522.25,2029.5,16.5,17668.25,1,369.60060796841674,492.76034414314455,4.006181659700362,4289.831461151571
06055,CA,133483.0,345.0,353.5,6.0,5382.25,1,258.45987878606263,264.8277308720961,4.494954413670654,4032.1613988298136
06057,CA,98409.5,241.75,274.5,4.0,3691.25,1,245.6571774066528,278.9364847905944,4.064648230099736,3750.908194838913
06059,CA,3005659.5,5977.75,10755.0,113.25,98582.0,1,198.88314028917782,357.8249632069102,3.7678918719835033,3279.879174603777
06061,CA,327047.25,766.0,1523.5,3.25,11729.75,1,234.21692125526204,465.83482967675155,0.9937402011483051,3586.561269052102
06063,CA,21209.0,100.0,76.5,0.5,1501.75,1,471.4979489839219,360.69593097270024,2.3574897449196097,7080.720448866047
06065,CA,2018710.75,5760.25,8554.0,84.5,66607.0,1,285.3430091458125,423.7357927578282,4.185839898063652,3299.482107577819
06067,CA,1380973.25,5783.25,8623.0,113.75,57008.75,1,418.78074032208804,624.4147017329989,8.23694448824407,4128.157442586234
06069,CA,55815.25,215.75,198.5,2.75,2214.25,1,386.54310425914065,355.6375721688965,4.926968883951966,3967.1057641056877
06071,CA,1994902.75,8589.25,12712.25,138.0,102240.75,1,430.5598355609064,637.2365770712381,6.917630445895169,5125.099456602584
06073,CA,2956555.5,9555.0,12412.25,97.0,115892.0,1,323.1801330974507,419.82130895225885,3.2808448885874117,3919.831709568787
06075,CA,756800.0,3591.25,3627.75,31.25,31833.0,1,474.53091966173355,479.3538583509514,4.129228329809725,4206.263213530656
06077,CA,672618.0,3369.75,4351.5,44.75,37852.75,1,500.99016083423277,646.9496802048117,6.653107707495191,5627.674251952818
06079,CA,258356.25,619.25,792.75,5.75,12406.0,1,239.68841473740233,306.843747732056,2.2256090185548056,4801.896605946246
06081,CA,703182.0,1374.25,2598.25,15.25,20070.25,1,195.43304578331072,369.4989348419044,2.1687130785486546,2854.2041747371236
06083,CA,402246.25,1175.5,1527.0,15.75,29015.0,1,292.23392387126046,379.6182065090725,3.9155119531878793,7213.243131539449
06085,CA,1720870.0,4756.0,7541.25,51.75,61961.75,1,276.3718351763933,438.223108079053,3.0071998465892253,3600.6060887806752
06087,CA,250286.0,731.5,1323.25,6.25,12827.0,1,292.26564809857524,528.6951727224056,2.497143268101292,5124.937071989643
06089,CA,180525.25,470.75,951.25,4.5,10179.25,1,260.7668456351674,526.9345977917217,2.4927260867939527,5638.6848931105205
06091,CA,3418.25,13.25,11.5,0.25,208.75,1,387.6252468368317,336.4294595187596,7.31368390258173,6106.926058655745
06093,CA,44951.5,205.25,205.25,2.0,2594.5,1,456.6032279234286,456.6032279234286,4.4492397361600835,5771.776247733668
06095,CA,412425.25,1787.25,2699.75,23.5,20496.0,1,433.35125577301585,654.6034705683029,5.698002244043011,4969.627829527896
06097,CA,467276.75,1418.25,1545.25,11.75,22988.75,1,303.5139240289614,330.69267837528827,2.5145697918845737,4919.729047079702
06099,CA,511609.5,2322.25,3593.0,23.75,27907.5,1,453.9106486490184,702.2934484211103,4.6422124686894986,5454.843977682197
06101,CA,90734.0,415.75,601.25,3.25,4134.5,1,458.20750765975265,662.6512663389689,3.5818987369673994,4556.7262547666805
06103,CA,61431.0,253.0,251.5,4.5,3966.75,1,411.84418290439675,409.4024189741335,7.325291790789666,6457.244713581091
06105,CA,14041.25,63.5,41.5,2.5,855.0,1,452.2389388409152,295.55773168343273,17.804682631532092,6089.201459983976
06107,CA,417443.5,2272.5,2613.75,52.5,25542.5,1,544.3850485155476,626.1326383091365,12.576552275936743,6118.792123964081
06109,CA,57417.0,148.25,220.25,2.25,3191.0,1,258.19879129874425,383.59719246912937,3.918700036574534,5557.5874740930385
06111,CA,801490.25,2134.75,3455.0,19.25,37186.75,1,266.3475943718592,431.0719937017325,2.401775941753502,4639.700857246859
06113,CA,189991.75,689.5,873.25,8.0,9171.5,1,362.9104947978004,459.6252205687878,4.2107091492130575,4827.314870250945
06115,CA,69400.75,413.5,502.0,5.75,5402.5,1,595.8148867267284,723.3351224590513,8.28521305605487,7784.498006145467
08001,CO,415896.5,561.75,3300.0,13.5,32269.75,1,135.0696627646542,793.4666437442969,3.2459999062266696,7759.081886959857
08003,CO,15405.75,36.75,143.75,0.5,1246.5,1,238.54729565259726,933.093163266962,3.245541437450303,8091.134803563605
08005,CO,587144.25,733.0,3778.5,17.0,33475.25,1,124.84155299144972,643.5386193426914,2.8953702603746865,5701.367253447514
08007,CO,12424.75,17.0,34.5,0.0,452.25,1,136.82367854483994,277.671582929234,0.0,3639.9122718766976
08009,CO,4027.75,3.0,7.75,0.0,93.5,1,74.48327229842964,192.41512010427658,0.0,2321.395319967724
08011,CO,5681.25,9.5,29.25,0.25,249.75,1,167.2167216721672,514.8514851485148,4.400440044004401,4396.039603960396
08013,CO,293037.5,489.25,1530.75,4.0,17336.75,1,166.9581538199036,522.3734163716248,1.3650130102802542,5916.222326494049
08014,CO,47502.25,25.75,485.5,0.0,3602.25,1,54.207958570383504,1022.0568499386872,0.0,7583.325000394718
08015,CO,17115.0,15.25,56.5,0.0,762.0,1,89.10312591294186,330.1197779725387,0.0,4452.234881682734
08017,CO,1910.75,0.5,4.5,0.0,76.5,1,26.167735182519955,235.50961664267956,0.0,4003.6634829255527
08019,CO,9205.25,24.25,27.0,0.0,700.5,1,263.436625838516,293.3108823769045,0.0,7609.787892778577
08021,CO,8425.25,7.5,12.75,0.0,496.75,1,89.01813002581527,151.33082104388595,0.0,5895.967478709831
08023,CO,3444.5,4.75,3.25,0.0,125.0,1,137.90100159674844,94.35331688198578,0.0,3628.9737262302224
08025,CO,5819.5,3.0,0.25,0.0,104.5,1,51.55082051722657,4.295901709768881,0.0,1795.686914683392
08027,CO,3986.25,5.25,3.75,0.0,57.0,1,131.7027281279398,94.07337723424271,0.0,1429.915333960489
08029,CO,30600.5,33.5,78.0,0.5,945.0,1,109.47533537033708,254.89779578765052,1.6339602294080164,3088.1848335811505
08031,CO,574821.25,1296.0,2283.0,19.25,17544.75,1,225.46139343317594,397.1669453764975,3.3488671478307386,3052.209708670304
08033,CO,1884.0,0.0,0.5,0.0,45.0,1,0.0,26.53927813163482,0.0,2388.5350318471337
08035,CO,265622.0,160.75,847.0,1.0,7209.75,1,60.518330559968675,318.8741896379065,0.37647484018643035,2714.289479034116
08037,CO,50512.75,59.25,207.5,0.75,2448.25,1,117.29711805435262,410.7873754646104,1.484773646257628,4846.79610593365
08039,CO,23240.25,13.25,34.0,0.0,551.5,1,57.013156054689595,146.29790987618463,0.0,2373.0381557857595
08041,CO,581496.5,1343.75,4407.75,18.75,37988.75,1,231.08479586721504,758.0011229646266,3.2244390121006745,6532.928401116774
08043,CO,48242.5,87.75,139.0,0.5,2662.75,1,181.89355858423588,288.1276882416956,1.0364305332435093,5519.5108047883095
08045,CO,52114.0,102.5,282.0,0.25,3812.25,1,196.68419234754575,541.1213877269064,0.4797175423110872,7315.212802701769
08047,CO,5056.5,12.75,45.75,0.0,465.5,1,252.15069712251557,904.7760308513795,0.0,9205.972510629883
08049,CO,13580.75,15.5,31.5,0.0,478.0,1,114.13213555952358,231.94595291128988,0.0,3519.687793384018
08051,CO,14616.25,28.0,44.75,0.0,957.0,1,191.56760454973062,306.16608227144445,0.0,6547.5070555032935
08053,CO,819.25,0.0,1.25,0.0,27.25,1,0.0,152.57857796765333,0.0,3326.212999694843
08055,CO,7873.5,13.25,27.0,0.0,430.75,1,168.2860227344891,342.9224614212231,0.0,5470.883342858957
08057,CO,1425.75,2.25,1.0,0.0,20.75,1,157.81167806417673,70.13852358407856,0.0,1455.37436436963
08059,CO,489273.5,509.5,3438.5,12.25,27217.75,1,104.13398641046369,702.7766678555041,2.5037121364635526,5562.890694059662
08061,CO,1403.5,0.5,0.75,0.0,11.5,1,35.62522265764161,53.437833986462415,0.0,819.3801211257571
08063,CO,7785.25,8.25,21.0,0.0,438.0,1,105.96962204168139,269.7408561060981,0.0,5626.023570212903
08065,CO,7879.5,23.75,14.75,0.0,547.5,1,301.4150644076401,187.1946189479028,0.0,6948.410432134018
08067,CO,48665.75,59.75,281.0,2.0,3233.25,1,122.77628516975491,577.4081361121528,4.109666449196817,6643.789523432804
08069,CO,279313.75,229.75,1252.75,3.75,13658.25,1,82.25517003727887,448.5099641532148,1.3425762247651611,4889.931125839669
08071,CO,15788.25,30.75,59.25,0.75,835.0,1,194.76509429480785,375.27908412902,4.750368153531899,5288.743210932181
08073,CO,5553.75,9.0,20.75,0.0,257.5,1,162.05266711681298,373.6214269637632,0.0,4636.506864731037
08075,CO,21100.75,27.0,85.0,0.25,1188.0,1,127.9575370543701,402.8292833193133,1.184792009762686,5630.131630392285
08077,CO,135347.75,176.5,978.75,3.0,7981.25,1,130.4048275645513,723.1372520045586,2.216512649822402,5896.847195465015
08079,CO,956.5,0.75,1.75,0.0,14.5,1,78.41087297438578,182.95870360690017,0.0,1515.9435441714584
08081,CO,13728.0,21.0,58.25,0.0,798.5,1,152.97202797202797,424.31526806526807,0.0,5816.5792540792545
08083,CO,25355.75,43.5,92.25,1.25,1609.0,1,171.55871942261618,363.8228015341688,4.92984825927058,6345.700679333089
08085,CO,38847.75,37.75,184.0,1.25,2181.25,1,97.17422501946703,473.64390473064725,3.2176895701810273,5614.868299965892
08087,CO,28395.0,21.5,142.0,0.25,2176.5,1,75.71755590773024,500.0880436696602,0.8804366966015144,7665.081880612784
08089,CO,19484.5,36.25,76.75,0.25,1213.75,1,186.04531807334035,393.90284585183093,1.2830711591264852,6229.3104775590855
08091,CO,4356.5,4.25,10.0,0.0,155.0,1,97.55537702283944,229.54206358315162,0.0,3557.90198553885
08093,CO,17338.0,18.5,17.25,0.5,410.5,1,106.70204175798823,99.49244434190796,2.8838389664321147,2367.631791440766
08095,CO,4619.75,3.0,12.5,0.0,121.25,1,64.93857892743114,270.5774121976297,0.0,2624.6008983170086
08097,CO,14205.0,36.25,48.0,0.0,732.25,1,255.1918338613164,337.909186906019,0.0,5154.875043998592
08099,CO,13811.25,15.5,66.0,0.0,563.0,1,112.2273508914834,477.8713005701873,0.0,4076.387003348719
08101,CO,154647.0,108.75,1401.5,18.0,9185.25,1,70.32144173504821,906.257476705012,11.639411045801081,5939.494461580244
08103,CO,6191.5,17.0,8.25,0.25,359.25,1,274.56997496567874,133.2471937333441,4.037793749495276,5802.309618024711
08105,CO,12130.5,17.0,52.0,0.25,743.75,1,140.14261572070401,428.6715304398005,2.060920819422118,6131.2394377808005
08107,CO,21945.0,46.0,95.25,0.5,1275.75,1,209.61494645705173,434.0396445659604,2.2784233310549102,5813.397129186603
08109,CO,7169.0,8.5,12.5,0.0,310.25,1,118.56604826335612,174.36183568140603,0.0,4327.660761612498
08111,CO,579.0,1.75,3.25,0.0,38.5,1,302.24525043177897,561.3126079447323,0.0,6649.395509499137
08113,CO,7377.0,9.25,29.5,0.25,470.25,1,125.38972482038768,399.89155483258776,3.3889114816320993,6374.542496949979
08115,CO,2473.75,2.0,2.75,0.0,23.25,1,80.84891359272359,111.16725618999494,0.0,939.8686205154117
08117,CO,25869.5,26.75,64.0,0.0,1209.25,1,103.40362202593788,247.3955816695336,0.0,4674.42354896693
08119,CO,22190.0,27.25,75.0,0.0,1624.0,1,122.80306444344298,337.99008562415503,0.0,7318.611987381704
08121,CO,4664.75,7.5,7.5,0.0,154.0,1,160.78032048877216,160.78032048877216,0.0,3301.355914036122
08123,CO,233638.5,396.5,1251.75,8.0,12218.75,1,169.70661941418047,535.7635834847424,3.4240932038170078,5229.767354267383
08125,CO,9863.75,7.0,25.0,0.0,260.75,1,70.96692434418958,253.4533012292485,0.0,2643.517931821062
08777,CO,0.0,0.0,0.0,0.0,0.0,1,,,,
09001,CT,883006.0,1175.25,3124.5,22.25,23358.75,1,133.0964908505718,353.8481052223881,2.5198016774517953,2645.36707564841
09003,CT,855393.75,3078.75,6321.75,58.5,47265.75,1,359.92196576138184,739.0456149580237,6.838955744065233,5525.613204445322
09005,CT,117734.0,147.25,450.0,0.5,3446.5,1,125.07007321589346,382.21754123702584,0.42468615693002876,2927.361679718688
09007,CT,107328.25,69.5,452.75,0.75,3459.0,1,64.75461958990293,421.8367484795475,0.6987908588838446,3222.8234411722915
09009,CT,794950.75,1362.25,5124.25,19.75,39642.75,1,171.3628171304952,644.5996811752175,2.484430639256583,4986.8183657918435
09011,CT,140812.5,277.25,954.25,4.0,8840.75,1,196.8930315135375,677.6742121615623,2.840656901908566,6278.384376387039
09013,CT,41848.75,35.75,186.0,0.5,1525.75,1,85.42668538486812,444.45771976462856,1.194778816571582,3645.867558768183
09015,CT,41053.75,46.5,174.75,0.25,2868.25,1,113.26614499284474,425.66148037633593,0.6089577687787352,6986.572481198429
09777,CT,0.0,0.0,0.0,0.0,0.0,1,,,,
10001,DE,144929.5,540.75,1347.0,5.75,8980.25,0,373.1124443263794,929.4174063941434,3.967446241103433,6196.288540290279
10003,DE,529200.75,1704.75,3299.75,19.25,23893.25,0,322.1367316656297,623.5346416270196,3.6375609822926367,4514.969035852651
10005,DE,184583.75,600.25,1371.75,3.75,9121.5,0,325.1911395233871,743.1585933214598,2.0315981228033344,4941.659273906831
12001,FL,230520.75,0.0,0.0,0.0,0.0,1,0.0,0.0,0.0,0.0
12003,FL,25207.75,0.0,0.0,0.0,0.0,1,0.0,0.0,0.0,0.0
12005,FL,163541.0,0.0,0.0,0.0,0.0,1,0.0,0.0,0.0,0.0
12007,FL,28520.25,0.0,0.0,0.0,0.0,1,0.0,0.0,0.0,0.0
12009,FL,536689.5,0.0,0.0,0.0,0.0,1,0.0,0.0,0.0,0.0
12011,FL,1787870.0,0.0,0.0,0.0,0.0,1,0.0,0.0,0.0,0.0
12013,FL,13459.75,0.0,0.0,0.0,0.0,1,0.0,0.0,0.0,0.0
12015,FL,157019.0,0.0,0.0,0.0,0.0,1,0.0,0.0,0.0,0.0
12017,FL,137836.0,0.0,0.0,0.0,0.0,1,0.0,0.0,0.0,0.0
12019,FL,177738.25,0.0,0.0,0.0,0.0,1,0.0,0.0,0.0,0.0
12021,FL,314484.75,0.0,0.0,0.0,0.0,1,0.0,0.0,0.0,0.0
12023,FL,66277.75,0.0,0.0,0.0,0.0,1,0.0,0.0,0.0,0.0
12027,FL,35423.25,0.0,0.0,0.0,0.0,1,0.0,0.0,0.0,0.0
12029,FL,14854.25,0.0,0.0,0.0,0.0,1,0.0,0.0,0.0,0.0
12031,FL,841774.0,0.0,0.0,0.0,0.0,1,0.0,0.0,0.0,0.0
12033,FL,301113.0,0.0,0.0,0.0,0.0,1,0.0,0.0,0.0,0.0
12035,FL,82670.75,0.0,0.0,0.0,0.0,1,0.0,0.0,0.0,0.0
12037,FL,10216.5,0.0,0.0,0.0,0.0,1,0.0,0.0,0.0,0.0
12039,FL,46931.25,0.0,0.0,0.0,0.0,1,0.0,0.0,0.0,0.0
12041,FL,16820.5,0.0,0.0,0.0,0.0,1,0.0,0.0,0.0,0.0
12043,FL,11271.0,0.0,0.0,0.0,0.0,1,0.0,0.0,0.0,0.0
12045,FL,14017.25,0.0,0.0,0.0,0.0,1,0.0,0.0,0.0,0.0
12047,FL,14298.5,0.0,0.0,0.0,0.0,1,0.0,0.0,0.0,0.0
12049,FL,28680.75,0.0,0.0,0.0,0.0,1,0.0,0.0,0.0,0.0
12051,FL,39880.0,0.0,0.0,0.0,0.0,1,0.0,0.0,0.0,0.0
12053,FL,164155.0,0.0,0.0,0.0,0.0,1,0.0,0.0,0.0,0.0
12055,FL,97690.25,0.0,0.0,0.0,0.0,1,0.0,0.0,0.0,0.0
12057,FL,1158009.5,0.0,0.0,0.0,0.0,1,0.0,0.0,0.0,0.0
12059,FL,19337.5,0.0,0.0,0.0,0.0,1,0.0,0.0,0.0,0.0
12061,FL,130471.75,0.0,0.0,0.0,0.0,1,0.0,0.0,0.0,0.0
12063,FL,49202.0,0.0,0.0,0.0,0.0,1,0.0,0.0,0.0,0.0
12065,FL,14714.0,0.0,0.0,0.0,0.0,1,0.0,0.0,0.0,0.0
12067,FL,7972.5,0.0,0.0,0.0,0.0,1,0.0,0.0,0.0,0.0
12069,FL,289984.5,0.0,0.0,0.0,0.0,1,0.0,0.0,0.0,0.0
12071,FL,567889.25,0.0,0.0,0.0,0.0,1,0.0,0.0,0.0,0.0
12073,FL,250982.25,0.0,0.0,0.0,0.0,1,0.0,0.0,0.0,0.0
12075,FL,38848.0,0.0,0.0,0.0,0.0,1,0.0,0.0,0.0,0.0
12077,FL,7794.25,0.0,0.0,0.0,0.0,1,0.0,0.0,0.0,0.0
12079,FL,19198.5,0.0,0.0,0.0,0.0,1,0.0,0.0,0.0,0.0
12081,FL,310102.5,0.0,0.0,0.0,0.0,1,0.0,0.0,0.0,0.0
12083,FL,314648.0,0.0,0.0,0.0,0.0,1,0.0,0.0,0.0,0.0
12085,FL,140545.5,0.0,0.0,0.0,0.0,1,0.0,0.0,0.0,0.0
12086,FL,2402187.0,0.0,0.0,0.0,0.0,1,0.0,0.0,0.0,0.0
12087,FL,75671.5,0.0,0.0,0.0,0.0,1,0.0,0.0,0.0,0.0
12089,FL,66728.0,0.0,0.0,0.0,0.0,1,0.0,0.0,0.0,0.0
12091,FL,182872.5,0.0,0.0,0.0,0.0,1,0.0,0.0,0.0,0.0
12093,FL,40375.25,0.0,0.0,0.0,0.0,1,0.0,0.0,0.0,0.0
12095,FL,1045926.5,0.0,0.0,0.0,0.0,1,0.0,0.0,0.0,0.0
12097,FL,244751.5,0.0,0.0,0.0,0.0,1,0.0,0.0,0.0,0.0
12099,FL,1278248.5,0.0,0.0,0.0,0.0,1,0.0,0.0,0.0,0.0
12101,FL,447535.25,0.0,0.0,0.0,0.0,1,0.0,0.0,0.0,0.0
12103,FL,928812.5,0.0,0.0,0.0,0.0,1,0.0,0.0,0.0,0.0
12105,FL,559123.5,0.0,0.0,0.0,0.0,1,0.0,0.0,0.0,0.0
12107,FL,74065.75,0.0,0.0,0.0,0.0,1,0.0,0.0,0.0,0.0
12109,FL,169088.5,0.0,0.0,0.0,0.0,1,0.0,0.0,0.0,0.0
12111,FL,251296.0,0.0,0.0,0.0,0.0,1,0.0,0.0,0.0,0.0
12113,FL,145896.75,0.0,0.0,0.0,0.0,1,0.0,0.0,0.0,0.0
12115,FL,373161.75,0.0,0.0,0.0,0.0,1,0.0,0.0,0.0,0.0
12117,FL,406998.0,0.0,0.0,0.0,0.0,1,0.0,0.0,0.0,0.0
12119,FL,68021.0,0.0,0.0,0.0,0.0,1,0.0,0.0,0.0,0.0
12121,FL,39315.0,0.0,0.0,0.0,0.0,1,0.0,0.0,0.0,0.0
12123,FL,19759.0,0.0,0.0,0.0,0.0,1,0.0,0.0,0.0,0.0
12125,FL,15025.25,0.0,0.0,0.0,0.0,1,0.0,0.0,0.0,0.0
12127,FL,497250.0,0.0,0.0,0.0,0.0,1,0.0,0.0,0.0,0.0
12129,FL,29288.5,0.0,0.0,0.0,0.0,1,0.0,0.0,0.0,0.0
12131,FL,52093.0,0.0,0.0,0.0,0.0,1,0.0,0.0,0.0,0.0
12133,FL,22682.25,0.0,0.0,0.0,0.0,1,0.0,0.0,0.0,0.0
13001,GA,18209.5,31.0,95.25,1.75,749.0,1,170.24080836925782,523.0786128119938,9.610368214393587,4113.237595760455
13003,GA,8223.0,14.0,33.75,0.0,355.0,1,170.2541651465402,410.43414812112366,0.0,4317.159187644412
13005,GA,10590.5,13.25,38.5,0.5,345.5,1,125.11212879467448,363.5333553656579,4.721212407346206,3262.3577734762284
13007,GA,4122.0,6.25,3.75,0.0,109.5,1,151.62542455118873,90.97525473071325,0.0,2656.4774381368265
13009,GA,46117.75,153.75,327.0,3.0,3243.75,1,333.38573542724873,709.0545397379534,6.505087520531682,7033.6258815748815
13011,GA,16578.75,11.75,111.0,0.0,648.5,1,70.87385960943979,669.5317801402398,0.0,3911.6338686571667
13013,GA,63896.75,162.5,248.0,0.5,2821.25,1,254.3165340960221,388.1261566511599,0.782512412603145,4415.326288113245
13015,GA,92404.25,146.25,537.5,1.25,4823.25,1,158.27194095509677,581.683201800783,1.3527516320948443,5219.727447601165
13017,GA,17769.75,37.25,118.25,1.5,1127.0,1,209.62590919962298,665.4567453115548,8.441311779850588,6342.238917261076
13019,GA,16976.25,18.0,74.25,0.5,653.5,1,106.03048376408216,437.37574552683895,2.9452912156689495,3849.4956188793167
13021,GA,157632.0,327.5,1761.75,13.75,8134.5,1,207.76238327243198,1117.6347442143729,8.722848152659358,5160.436967113276
13023,GA,12421.0,20.25,79.5,0.75,821.75,1,163.03035182352468,640.0450849368005,6.038161178649061,6615.811931406489
13025,GA,15826.75,26.75,109.75,0.5,789.5,1,169.0176441783689,693.4462223766724,3.1592083023994184,4988.389909488682
13027,GA,16183.0,89.5,48.0,0.75,610.25,1,553.0494963850954,296.60755113390593,4.63449298646728,3770.9324599888773
13029,GA,29832.25,29.5,89.75,0.0,1489.25,1,98.8862724065399,300.8489135080324,0.0,4992.0807180148995
13031,GA,64228.75,99.75,550.25,5.25,3351.75,1,155.30428351789502,856.7035790047292,8.17390965883658,5218.457466477239
13033,GA,23403.25,44.0,119.0,1.25,800.75,1,188.00807580143783,508.47638682661596,5.341138517086302,3421.5333340454854
13035,GA,23265.0,29.0,89.25,1.0,1270.5,1,124.65076294863528,383.6234687298517,4.298302170642597,5460.992907801418
13037,GA,6568.0,15.25,30.25,0.0,326.75,1,232.1863580998782,460.56638246041416,0.0,4974.878197320341
13039,GA,46999.5,108.75,252.5,2.25,2836.5,1,231.38544027064117,537.2397578697645,4.787284971116714,6035.170586921137
13043,GA,10647.25,11.25,22.25,0.5,389.5,1,105.66108619596609,208.97414825424406,4.696048275376271,3658.221606518115
13045,GA,111090.0,238.25,596.25,8.25,4333.75,1,214.46574849221352,536.7269781258439,7.426411018093439,3901.116212080295
13047,GA,63110.25,82.5,358.75,2.25,3304.5,1,130.72361462678407,568.4496575437429,3.565189489821384,5236.074964051006
13049,GA,10925.25,26.25,58.5,0.5,501.5,1,240.26910139356082,535.4568545342212,4.576554312258301,4590.283975195076
13051,GA,245793.5,512.25,1986.25,20.5,13074.75,1,208.4066502979127,808.0970408086462,8.340334467754436,5319.404296696211
13053,GA,13036.75,12.5,34.5,0.25,294.75,1,95.88279287399084,264.6365083322147,1.9176558574798168,2260.916255968704
13055,GA,27028.75,21.0,66.0,0.0,552.5,1,77.69504694075754,244.1844332423808,0.0,2044.1196873699303
13057,GA,196166.25,250.25,673.75,5.25,7698.75,1,127.57036442303404,343.4586734466301,2.6763013515321825,3924.604767639693
13059,GA,111043.5,192.25,932.5,3.75,7367.0,1,173.1303498178642,839.7609945651928,3.37705493792973,6634.336994060885
13061,GA,3270.25,10.25,8.25,0.0,134.5,1,313.4316948245547,252.2742909563489,0.0,4112.8354101368395
13063,GA,273427.5,1471.25,2965.25,36.75,22411.25,1,538.0768210951715,1084.4739464757567,13.440491537976246,8196.414040284903
13065,GA,7058.75,12.25,48.25,0.0,455.75,1,173.54347441119177,683.5487869665309,0.0,6456.5255888082165
13067,GA,686538.75,1287.5,3352.25,38.25,33104.5,1,187.53493520941097,488.2827080044644,5.571426230493181,4821.941951565006
13069,GA,40563.25,89.75,400.25,3.25,2986.0,1,221.2593911976974,986.7305997423778,8.012178511337233,7361.343087647069
13071,GA,45109.5,49.5,160.75,3.0,1329.5,1,109.73298307451869,356.3550914995733,6.650483822698102,2947.2727474257085
13073,GA,107826.5,54.5,460.5,4.25,3319.0,1,50.54416122196306,427.0749769305319,3.941517159510881,3078.0930476274384
13075,GA,16605.75,26.0,92.5,0.5,1179.75,1,156.57227165289132,557.0359664574017,3.011005224094064,7104.466826249943
13077,GA,115424.25,97.5,524.25,2.75,3486.25,1,84.4709842169215,454.19398436637016,2.3825149394516316,3020.3791664230007
13079,GA,12958.0,12.5,19.25,0.0,236.75,1,96.46550393579255,148.55687606112053,0.0,1827.056644543911
13081,GA,22362.0,103.75,324.25,4.0,2584.25,1,463.9567122797603,1450.0044718719257,17.887487702352203,11556.435023700922
13083,GA,16376.75,20.75,34.0,0.0,688.5,1,126.70401636466332,207.611400308364,0.0,4204.130856244371
13085,GA,20859.25,15.25,72.5,0.25,1243.0,1,73.10905233889042,347.5676258734135,1.1985090547359085,5958.9870201469375
13087,GA,29025.25,60.0,265.5,2.0,2095.25,1,206.71656574878767,914.7208034383856,6.890552191626256,7218.714739752458
13089,GA,682760.75,968.25,2746.5,43.75,18833.75,1,141.81395166608507,402.2638969800182,6.407808298880685,2758.469932549579
13091,GA,20541.25,34.25,119.25,1.0,1141.5,1,166.737662021542,580.5391590093105,4.868252905738453,5557.110691900444
13093,GA,11844.5,30.75,52.0,0.25,649.25,1,259.61416691291316,439.0223310397231,2.1106842838448223,5481.447085145004
13095,GA,96508.25,575.75,806.5,7.25,5770.25,1,596.581121303101,835.6798512044306,7.512311123660412,5979.022518800206
13097,GA,117992.75,239.5,1272.25,3.75,10058.75,1,202.9785728360429,1078.2442141572258,3.1781613700841786,8524.888181689128
13099,GA,11717.25,24.75,37.75,0.5,738.5,1,211.22703706074378,322.1745716785082,4.267212869914016,6302.673408863001
13101,GA,4266.0,8.5,16.5,0.0,200.5,1,199.2498827941866,386.7791842475387,0.0,4699.953117674637
13103,GA,49370.75,34.25,99.25,1.0,795.0,1,69.37305995959146,201.02996207268473,2.0254908017398963,1610.2651873832178
13105,GA,21044.5,40.25,122.25,0.5,1128.75,1,191.2613747059802,580.9118772125734,2.3759176982109342,5363.6342037111835
13107,GA,22542.75,33.0,166.25,1.0,1203.25,1,146.38852846258774,737.487662330461,4.43601601401781,5337.636268866931
13109,GA,11622.5,16.5,54.0,0.5,476.5,1,141.9660141966014,464.6160464616046,4.302000430200043,4099.806409980641
13111,GA,22573.25,17.0,52.0,0.5,509.75,1,75.31037843465162,230.36115756481678,2.2150111304309306,2258.2038474743335
13113,GA,107036.0,49.5,422.75,4.75,3044.75,1,46.246122799805676,394.96057401248174,4.437759258567211,2844.603684741582
13115,GA,96386.75,184.25,663.75,3.75,6706.0,1,191.15697956409983,688.6319955803054,3.8905762462164146,6957.387815233939
13117,GA,151973.25,190.25,484.5,4.75,4658.5,1,125.18650486187536,318.80610567978243,3.125550055684142,3065.3420914535945
13119,GA,22789.0,34.5,133.5,1.25,1186.75,1,151.38882794330598,585.8089429110536,5.485102461713985,5207.556277151258
13121,GA,980380.0,3961.0,7728.75,98.0,81004.5,1,404.0270099349232,788.3422754442156,9.996123951937003,8262.561455762052
13123,GA,28363.5,23.0,113.5,1.5,1458.0,1,81.0901334461544,400.1621802668923,5.288486963879635,5140.409328891004
13125,GA,2755.5,3.75,14.5,0.0,117.0,1,136.09145345672292,526.2202866993285,0.0,4246.053347849755
13127,GA,74383.75,230.0,977.25,4.5,4616.75,1,309.2073201472096,1313.7950157124371,6.049708437662796,6206.664762128825
13129,GA,51913.5,77.75,379.5,3.25,3001.25,1,149.76836468356015,731.0237221531971,6.260413957833705,5781.251504907201
13131,GA,25146.0,24.0,97.0,0.25,1112.5,1,95.44261512765449,385.74723614093693,0.9941939075797344,4424.1628887298175
13133,GA,15928.5,31.0,61.5,0.0,900.25,1,194.61970681482876,386.1003861003861,0.0,5651.819066453213
13135,GA,759564.5,1386.25,3824.5,38.5,32562.0,1,182.50589647093827,503.5122099571531,5.0686939687149675,4286.930208033683
13137,GA,42280.5,40.0,168.5,2.75,2010.75,1,94.60626056929317,398.52887264814746,6.504180414138906,4755.738460992656
13139,GA,174808.5,314.5,1150.25,6.25,8437.25,1,179.91115992643378,658.005760589445,3.5753410160261083,4826.567357994606
13141,GA,9779.75,18.0,50.0,0.25,489.75,1,184.05378460594596,511.26051279429436,2.5563025639714714,5007.796722820113
13143,GA,29147.75,37.0,122.75,1.5,1240.75,1,126.93947217195152,421.13027592181214,5.146194817781819,4256.760813441861
13145,GA,28155.5,12.0,43.75,1.0,515.0,1,42.62044715952479,155.38704693576744,3.5517039299603983,1829.127523929605
13147,GA,23619.25,29.25,134.75,1.0,1034.75,1,123.83966468029256,570.5092244673307,4.233834689924532,4380.96044539941
13149,GA,11550.5,18.5,46.0,0.0,570.5,1,160.16622657027833,398.2511579585299,0.0,4939.1801220726375
13151,GA,180101.5,415.0,582.75,5.0,5228.5,1,230.42562110809737,323.5675438572139,2.7762123025071976,2903.0852047317762
13153,GA,130458.75,273.75,1042.0,5.5,9474.25,1,209.83644255368077,798.7199018846954,4.215891996512307,7262.257226901224
13155,GA,10206.75,13.25,25.25,1.25,312.0,1,129.81605310211378,247.38530874176402,12.246797462463565,3056.8006466309057
13157,GA,56512.25,104.75,212.0,0.75,2887.5,1,185.35804184048592,375.1399032953032,1.3271458842994217,5109.5116545527735
13159,GA,13659.0,15.5,46.5,0.0,465.25,1,113.47829270078337,340.43487810235007,0.0,3406.179076067062
13161,GA,13332.25,14.5,79.0,1.25,974.75,1,108.75883665547826,592.5481445367436,9.375761780644678,7311.2190365467195
13163,GA,16947.75,58.75,116.25,2.75,1025.5,1,346.65368559248276,685.9317608532106,16.226342729860896,6050.950716171763
13165,GA,8805.5,13.25,43.0,0.5,423.75,1,150.47413548350463,488.33115666344895,5.678269263528477,4812.333200840384
13167,GA,9897.25,16.0,40.75,0.0,338.0,1,161.66106746823613,411.7305312081639,0.0,3415.090050266488
13169,GA,26895.25,42.5,161.75,2.75,1313.5,1,158.02046829830547,601.4073117000214,10.224853831066824,4883.7620025841
13171,GA,16887.5,25.75,60.25,0.75,521.5,1,152.47964470762398,356.77276091783864,4.441154700222057,3088.082901554404
13173,GA,7814.0,15.5,43.75,0.25,378.0,1,198.36191451241362,559.8925006398772,3.199385717942155,4837.471205528539
13175,GA,47915.0,136.0,487.0,5.75,3662.75,1,283.8359595116352,1016.3831785453407,12.000417405822812,7644.26588750913
13177,GA,32667.5,69.25,253.25,2.75,1305.0,1,211.98438815336345,775.2353256294482,8.418152598148007,3994.7960511211445
13179,GA,61423.25,83.0,388.5,2.25,2838.25,1,135.1279849242754,632.4966523262772,3.6631080250556587,4620.807267606321
13181,GA,8342.0,9.25,29.25,0.25,288.0,1,110.88467993286982,350.6353392471829,2.9968832414289137,3452.4094941261087
13183,GA,11414.0,22.5,37.5,1.0,512.75,1,197.1263360785001,328.54389346416684,8.761170492377783,4492.290169966707
13185,GA,99862.75,429.0,757.0,3.5,5239.5,1,429.58961174211606,758.040410463361,3.504810352208406,5246.701097255984
13187,GA,25753.0,16.0,56.0,0.25,802.0,1,62.128684036811244,217.45039412883935,0.9707606880751757,3114.200287345164
13189,GA,22009.5,24.75,40.75,1.75,670.25,1,112.45144142302188,185.14732274699563,7.951112019809627,3045.2759035870877
13191,GA,11398.5,20.0,43.0,0.75,369.5,1,175.46168355485372,377.2426196429355,6.579813133307015,3241.6546036759223
13193,GA,13919.75,15.75,34.75,0.0,315.0,1,113.14858384669266,249.64528816968698,0.0,2262.9716769338534
13195,GA,28127.0,58.75,150.0,0.75,1069.75,1,208.87403562413343,533.2954101041704,2.666477050520852,3803.2850997262417
13197,GA,7260.75,18.0,29.25,0.0,275.5,1,247.9082739386427,402.8509451502944,0.0,3794.373859449782
13199,GA,23226.25,44.25,99.25,0.5,983.0,1,190.51719498412356,427.31822829772346,2.152736666487272,4232.280286313977
13201,GA,6272.0,11.0,42.0,0.25,324.25,1,175.3826530612245,669.6428571428571,3.9859693877551017,5169.802295918367
13205,GA,24201.25,36.5,61.25,0.0,635.75,1,150.81865606115386,253.086100924539,0.0,2626.930427147358
13207,GA,24730.25,27.25,127.75,0.5,1544.25,1,110.18893864801204,516.5738316434326,2.0218153880369183,6244.376825952022
13209,GA,8983.25,15.5,47.75,0.5,460.5,1,172.54334455792724,531.5448195252275,5.565914340578298,5126.207107672613
13211,GA,18061.5,25.75,75.25,1.0,738.5,1,142.56844669601085,416.63206267475016,5.536638706641198,4088.807684854525
13213,GA,41716.0,36.5,151.25,0.5,1836.25,1,87.49640425735929,362.57071627193403,1.1985808802377984,4401.788282673315
13215,GA,188567.0,628.0,2288.5,34.25,15333.25,1,333.0381243801938,1213.6269866943844,18.163305350352925,8131.45990549778
13217,GA,92623.25,127.75,371.25,9.25,4532.75,1,137.92433325325985,400.8172893954811,9.986693405813336,4893.749679481123
13219,GA,30971.25,49.5,143.25,1.25,1140.5,1,159.82564475118053,462.5257295072043,4.036001130080316,3682.4474310852806
13221,GA,14055.25,11.25,44.5,1.75,253.0,1,80.04126571921523,316.6076732893403,12.45086355632237,1800.0391312854629
13223,GA,121935.25,138.0,417.25,3.0,3708.25,1,113.17482024271078,342.1898097555875,2.460322179189365,3041.1632403263206
13225,GA,25066.75,71.75,152.25,1.25,1335.0,1,286.2357505460421,607.3782999391624,4.986685549582615,5325.780166954232
13227,GA,30360.25,51.0,120.0,1.0,1225.0,1,167.98280646569114,395.2536622722145,3.293780518935121,4034.881135695523
13229,GA,17661.25,23.75,81.25,1.0,725.75,1,134.47519286573714,460.04671243541657,5.662113383820511,4109.278788307736
13231,GA,16926.25,12.25,28.25,0.5,399.75,1,72.37279373753785,166.90052433350564,2.953991581123994,2361.7162691086332
13233,GA,41540.0,61.5,183.75,0.75,1646.25,1,148.05007221954742,442.344727973038,1.805488685604237,3963.0476649013
13235,GA,9978.25,15.25,61.5,0.0,543.75,1,152.83241049282188,616.3405406759703,0.0,5449.35234134242
13237,GA,20292.75,72.75,77.5,2.0,1213.0,1,358.5024208153158,381.9097953702677,9.855736654716585,5977.504281085609
13239,GA,2552.75,6.0,3.5,0.0,58.0,1,235.0406424444227,137.10704142591322,0.0,2272.0595436294193
13241,GA,16458.25,21.75,86.75,0.0,875.5,1,132.15256786110308,527.0912764115261,0.0,5319.520605167621
13243,GA,7395.0,4.5,10.5,0.0,96.75,1,60.851926977687626,141.98782961460446,0.0,1308.3164300202839
13245,GA,198380.0,258.0,1698.5,22.5,9578.5,1,130.05343280572637,856.1850993043654,11.341869140034277,4828.359713680815
13247,GA,81255.75,199.5,558.5,2.25,4099.0,1,245.52108620005353,687.3359731465157,2.7690348067675212,5044.566076862253
13249,GA,4203.5,5.5,19.0,0.25,177.25,1,130.8433448316879,452.00428214583087,5.947424765076722,4216.724158439396
13251,GA,15442.0,29.0,87.5,2.0,791.0,1,187.79950783577257,566.6364460562104,12.951690195570523,5122.393472348142
13253,GA,9296.25,20.5,36.75,2.25,346.5,1,220.51902648917576,395.3206938281565,24.20330778539734,3727.3093989511904
13255,GA,62904.25,208.0,891.75,4.0,7853.0,1,330.6612828227028,1417.630764217044,6.358870823513515,12484.053144262907
13257,GA,25436.5,40.75,287.75,1.25,1216.5,1,160.20285809761563,1131.2484028856172,4.914198101153854,4782.49759204293
13259,GA,4849.5,8.5,23.5,0.5,151.25,1,175.2758016290339,484.58603979791735,10.310341272296114,3118.878234869574
13261,GA,33101.5,67.0,246.75,2.25,1892.25,1,202.40774587254353,745.4344969261213,6.797275047958552,5716.5083153331425
13263,GA,6629.25,4.75,16.0,0.0,151.25,1,71.65214767884754,241.35460270769696,0.0,2281.5552287211976
13265,GA,1883.75,5.0,8.0,0.75,130.75,1,265.42800265428,424.68480424684805,39.814200398142006,6940.942269409423
13267,GA,23604.25,24.25,125.75,0.5,1413.5,1,102.73573614921042,532.743044155184,2.118262601014648,5988.328373068409
13269,GA,8968.75,16.75,32.0,1.5,285.25,1,186.7595818815331,356.794425087108,16.72473867595819,3180.487804878049
13271,GA,12955.25,19.75,77.25,1.75,577.0,1,152.44784932749272,596.2833600277879,13.508037282182897,4453.792863896876
13273,GA,10760.5,22.5,28.5,1.0,299.25,1,209.09809023744248,264.85758096742717,9.293248454997444,2781.0046001579854
13275,GA,45967.5,57.5,432.75,1.5,2347.5,1,125.08837765812804,941.4260075053027,3.26317506934247,5106.868983520966
13277,GA,41843.25,92.5,315.5,9.75,2649.25,1,221.0631344362591,754.0045288069163,23.30124930544353,6331.367663840644
13279,GA,28047.0,49.5,249.75,1.25,1312.5,1,176.48946411380896,890.4695689378543,4.45680464933861,4679.6448818055405
13281,GA,10701.0,11.0,27.0,0.25,472.25,1,102.79413138958977,252.3128679562658,2.3362302588543127,4413.138958975796
13283,GA,6992.0,10.5,56.0,0.0,414.5,1,150.1716247139588,800.9153318077804,0.0,5928.203661327231
13285,GA,64371.5,143.5,498.75,3.0,5288.5,1,222.9247415393458,774.7994065696776,4.66044755831385,8215.5923040476
13287,GA,9481.75,36.0,83.0,1.25,687.5,1,379.67674743586366,875.3658343660189,13.183220397078598,7250.771218393229
13289,GA,10434.0,20.0,63.0,1.5,842.75,1,191.68104274487254,603.7952846463485,14.37607820586544,8076.959938662067
13291,GA,20769.5,32.0,85.25,1.5,988.5,1,154.07207684344834,410.4576422157491,7.222128602036641,4759.382748742146
13293,GA,28135.5,27.5,134.25,1.25,1168.0,1,97.74128769703755,477.15519539371974,4.442785804410798,4151.33905564145
13295,GA,64764.75,136.5,276.5,1.0,2536.0,1,210.76279920790245,426.929772754469,1.5440498110469045,3915.7103208149497
13297,GA,82508.0,135.75,294.25,4.0,3969.75,1,164.52950016968052,356.63208416153583,4.848014737964803,4811.351626508945
13299,GA,35921.0,105.25,487.25,1.75,2436.25,1,293.0040923136884,1356.448873917764,4.871802009966315,6782.2443695888205
13301,GA,6113.5,6.5,26.0,0.0,229.75,1,106.32207409830701,425.28829639322805,0.0,3758.0763883209293
13303,GA,20969.0,25.5,97.25,0.75,1200.5,1,121.6080881300968,463.77986551576134,3.576708474414612,5725.118031379656
13305,GA,29182.25,49.25,174.0,1.75,1574.25,1,168.76697307438596,596.2528591866632,5.996795997567014,5394.546342382784
13307,GA,2301.0,2.5,6.75,0.0,74.75,1,108.64841373315949,293.3507170795306,0.0,3248.587570621469
13309,GA,6899.0,8.75,25.25,0.0,145.75,1,126.82997535874763,365.9950717495289,0.0,2112.625018118568
13311,GA,25033.25,55.75,78.0,3.75,1127.75,1,222.7038039407588,311.5855911637522,14.980076498257317,4505.008338909251
13313,GA,93548.25,163.5,602.0,4.5,4801.0,1,174.77611820638015,643.5181844663049,4.81035187723982,5132.110969472972
13315,GA,8809.5,8.5,29.0,0.25,245.5,1,96.48674726147908,329.19007889210513,2.8378455076905613,2786.764288552131
13317,GA,10566.25,25.75,39.25,0.0,523.5,1,243.70046137465988,371.46575180409326,0.0,4954.454039985804
13319,GA,10211.25,8.5,46.0,0.5,508.0,1,83.24152283021178,450.48353531644017,4.896560166483045,4974.905129146774
13321,GA,22085.25,29.0,86.75,0.5,738.5,1,131.30935805571593,392.7960969425296,2.2639544492364814,3343.860721522283
15001,HI,170378.5,212.5,993.0,4.25,9396.75,0,124.72230944632098,582.8200154362199,2.4944461889264193,5515.220523716314
15003,HI,908366.5,953.25,3307.25,22.5,38931.75,0,104.94112233333131,364.0876232225649,2.476973776553847,4285.907725571121
15005,HI,0.0,0.0,0.0,0.0,0.0,0,,,,
15007,HI,62971.5,76.75,374.75,1.5,3458.5,0,121.88053325710838,595.11048648992,2.3820299659369715,5492.167091462011
15009,HI,141353.0,162.5,945.75,1.0,8560.25,0,114.9604182436878,669.069634178263,0.7074487276534633,6055.937970895559
16001,ID,361645.25,390.25,2021.25,7.25,20289.25,0,107.9096158459153,558.9040641346735,2.0047270080278947,5610.263096224822
16003,ID,3569.0,3.0,3.25,0.25,98.5,0,84.05715886803026,91.06192210703279,7.004763239002522,2759.8767161669934
16005,ID,79464.75,88.25,478.25,0.75,6205.75,0,111.05553091150479,601.8391802654636,0.9438147102960747,7809.437517893154
16007,ID,6190.75,1.5,12.0,0.0,109.0,0,24.229697532609134,193.83758026087307,0.0,1760.6913540362639
16009,ID,9321.75,15.75,21.25,0.75,381.25,0,168.9596910451364,227.96148791804114,8.045699573577922,4089.8972832354443
16011,ID,44337.0,32.75,182.5,1.0,1908.25,0,73.86607122719174,411.6200915713738,2.255452556555473,4303.967341046981
16013,ID,21789.25,25.75,43.75,0.5,821.0,0,118.17754167766216,200.78708537466872,2.294709547139071,3767.9130764023544
16015,ID,7689.5,5.0,8.75,0.0,223.0,0,65.02373366278691,113.7915339098771,0.0,2900.0585213602963
16017,ID,41615.0,34.0,143.25,0.75,2478.75,0,81.70130962393368,344.22684128319116,1.802234771116184,5956.385918538988
16019,ID,95310.0,109.5,683.5,0.75,5952.0,0,114.88825936418004,717.1335641590599,0.7869058860560277,6244.885111740636
16021,ID,10886.75,7.25,39.75,0.0,504.5,0,66.59471375754931,365.1227409465635,0.0,4634.073529749467
16023,ID,2829.5,6.0,6.25,0.0,81.5,0,212.05159922247748,220.88708252341405,0.0,2880.367556105319
16025,ID,1085.25,0.25,2.5,0.0,35.5,0,23.0361667818475,230.361667818475,0.0,3271.135683022345
16027,ID,174378.5,155.75,873.0,5.25,9482.75,0,89.31720366903029,500.63511270024685,3.0106922585066394,5438.027050353111
16029,ID,7122.75,3.25,17.5,0.0,320.0,0,45.62844407005721,245.6916219156927,0.0,4492.646800744094
16031,ID,21532.5,25.0,95.75,0.25,1259.0,0,116.10356437942646,444.6766515732033,1.1610356437942646,5846.975502147916
16033,ID,924.5,0.5,0.25,0.0,22.5,0,54.08328826392645,27.041644131963224,0.0,2433.7479718766904
16035,ID,8403.75,12.0,20.5,0.0,415.5,0,142.793395805444,243.93871783430018,0.0,4944.221329763498
16037,ID,4179.0,2.5,5.25,0.0,111.5,0,59.82292414453219,125.62814070351759,0.0,2668.1024168461354
16039,ID,28964.5,15.0,45.0,0.25,678.5,0,51.7875330145523,155.36259904365687,0.8631255502425382,2342.522743358249
16041,ID,12552.5,7.0,36.75,0.0,341.5,0,55.765783708424614,292.77036446922926,0.0,2720.5735909181435
16043,ID,12557.0,9.25,35.25,0.5,367.5,0,73.66409174165804,280.7199171776698,3.9818427968463808,2926.6544556820895
16045,ID,16632.0,16.5,44.75,0.0,814.0,0,99.2063492063492,269.0596440596441,0.0,4894.179894179894
16047,ID,14567.5,18.75,40.0,0.0,643.75,0,128.71117212974085,274.5838338767805,0.0,4419.083576454436
16049,ID,15822.5,22.5,52.0,0.25,836.5,0,142.2025596460736,328.6459156264813,1.5800284405119291,5286.775161952915
16051,ID,22422.75,14.0,60.75,0.0,466.0,0,62.43658784047452,270.9301936649162,0.0,2078.2464238329376
16053,ID,20157.0,25.75,81.5,0.75,1107.75,0,127.74718460088307,404.3260405814358,3.7207917844917398,5495.6094656943
16055,ID,132418.5,202.25,664.5,0.75,8329.25,0,152.73545614849888,501.81809943474667,0.5663861167435064,6290.095417181134
16057,ID,35822.25,17.5,131.0,0.75,1182.5,0,48.8523194383379,365.69450550984374,2.0936708330716245,3301.0210134762615
16059,ID,7956.0,5.5,16.5,0.25,162.0,0,69.13021618903973,207.39064856711914,3.1422825540472594,2036.1990950226245
16061,ID,3756.25,4.75,6.75,0.0,154.0,0,126.4559068219634,179.70049916805326,0.0,4099.833610648918
16063,ID,4564.75,4.5,13.5,0.0,147.25,0,98.58152144148092,295.7445643244427,0.0,3225.806451612903
16065,ID,33353.75,14.5,101.0,0.0,792.75,0,43.47337255930743,302.81452610276204,0.0,2376.7942135442045
16067,ID,19137.0,17.0,50.75,0.25,678.5,0,88.833150441553,265.19308146522445,1.3063698594346032,3545.487798505513
16069,ID,38844.25,24.0,309.0,0.75,2024.25,0,61.78520630466543,795.4845311725674,1.9307876970207947,5211.195994259125
16071,ID,4215.75,4.5,11.5,0.0,127.0,0,106.74257249599715,272.7865741564372,0.0,3012.512601553697
16073,ID,11170.75,5.75,17.25,0.0,284.25,0,51.47371483561981,154.42114450685943,0.0,2544.5919029608576
16075,ID,22720.5,23.75,67.75,0.5,1451.75,0,104.53115028278427,298.18886028036354,2.2006557954270374,6389.604102022403
16077,ID,7689.25,6.75,25.25,0.0,357.5,0,87.78489449556199,328.3805312611763,0.0,4649.348115876061
16079,ID,13129.25,18.75,27.25,0.25,540.0,0,142.81089932783672,207.55184035645598,1.9041453243711561,4112.953900641697
16081,ID,7980.5,4.75,16.5,0.0,320.0,0,59.52008019547647,206.7539627842867,0.0,4009.773823695257
16083,ID,71987.25,87.0,428.5,4.0,3172.75,0,120.85473469260182,595.244296733102,5.5565395260966355,4407.377695355774
16085,ID,8722.75,12.25,29.5,0.0,705.0,0,140.43736207044796,338.19609641454815,0.0,8082.313490584965
16087,ID,10275.5,14.0,52.25,0.0,534.25,0,136.24641136684346,508.4910709941122,0.0,5199.260376624008
16777,ID,0.0,0.0,0.0,0.0,0.0,0,,,,
17001,IL,67067.0,0.0,0.0,0.0,0.0,1,0.0,0.0,0.0,0.0
17003,IL,8750.0,0.0,0.0,0.0,0.0,1,0.0,0.0,0.0,0.0
17005,IL,18092.5,0.0,0.0,0.0,0.0,1,0.0,0.0,0.0,0.0
17007,IL,52040.75,0.0,0.0,0.0,0.0,1,0.0,0.0,0.0,0.0
17009,IL,6714.5,0.0,0.0,0.0,0.0,1,0.0,0.0,0.0,0.0
17011,IL,35216.0,0.0,0.0,0.0,0.0,1,0.0,0.0,0.0,0.0
17013,IL,5186.25,0.0,0.0,0.0,0.0,1,0.0,0.0,0.0,0.0
17015,IL,16075.25,0.0,0.0,0.0,0.0,1,0.0,0.0,0.0,0.0
17017,IL,13823.0,0.0,0.0,0.0,0.0,1,0.0,0.0,0.0,0.0
17019,IL,187073.75,0.0,0.0,0.0,0.0,1,0.0,0.0,0.0,0.0
17021,IL,35022.5,0.0,0.0,0.0,0.0,1,0.0,0.0,0.0,0.0
17023,IL,16957.0,0.0,0.0,0.0,0.0,1,0.0,0.0,0.0,0.0
17025,IL,14036.5,0.0,0.0,0.0,0.0,1,0.0,0.0,0.0,0.0
17027,IL,33632.25,0.0,0.0,0.0,0.0,1,0.0,0.0,0.0,0.0
17029,IL,51065.5,0.0,0.0,0.0,0.0,1,0.0,0.0,0.0,0.0
17031,IL,5272043.75,8737.75,22373.75,347.75,180262.25,1,165.73743341944004,424.3847559117847,6.5961136987909095,3419.210054924146
17033,IL,19828.75,0.0,0.0,0.0,0.0,1,0.0,0.0,0.0,0.0
17035,IL,10959.75,0.0,0.0,0.0,0.0,1,0.0,0.0,0.0,0.0
17037,IL,100341.25,0.0,0.0,0.0,0.0,1,0.0,0.0,0.0,0.0
17039,IL,16613.5,0.0,0.0,0.0,0.0,1,0.0,0.0,0.0,0.0
17041,IL,19978.5,0.0,0.0,0.0,0.0,1,0.0,0.0,0.0,0.0
17043,IL,932803.0,435.75,1131.0,17.5,9169.75,1,46.71404358690956,121.24746597084273,1.8760660075064082,983.0317869903935
17045,IL,19118.0,0.0,0.0,0.0,0.0,1,0.0,0.0,0.0,0.0
17047,IL,6032.75,0.0,0.0,0.0,0.0,1,0.0,0.0,0.0,0.0
17049,IL,34499.75,0.0,0.0,0.0,0.0,1,0.0,0.0,0.0,0.0
17051,IL,21666.25,0.0,0.0,0.0,0.0,1,0.0,0.0,0.0,0.0
17053,IL,14218.0,0.0,0.0,0.0,0.0,1,0.0,0.0,0.0,0.0
17055,IL,39727.5,0.0,0.0,0.0,0.0,1,0.0,0.0,0.0,0.0
17057,IL,37369.5,0.0,0.0,0.0,0.0,1,0.0,0.0,0.0,0.0
17059,IL,6114.5,0.0,0.0,0.0,0.0,1,0.0,0.0,0.0,0.0
17061,IL,14289.75,0.0,0.0,0.0,0.0,1,0.0,0.0,0.0,0.0
17063,IL,47175.25,0.0,0.0,0.0,0.0,1,0.0,0.0,0.0,0.0
17065,IL,8310.25,0.0,0.0,0.0,0.0,1,0.0,0.0,0.0,0.0
17067,IL,19274.25,0.0,0.0,0.0,0.0,1,0.0,0.0,0.0,0.0
17069,IL,4613.0,0.0,0.0,0.0,0.0,1,0.0,0.0,0.0,0.0
17071,IL,7633.5,0.0,0.0,0.0,0.0,1,0.0,0.0,0.0,0.0
17073,IL,50092.5,0.0,0.0,0.0,0.0,1,0.0,0.0,0.0,0.0
17075,IL,30539.75,0.0,0.0,0.0,0.0,1,0.0,0.0,0.0,0.0
17077,IL,58197.5,0.0,0.0,0.0,0.0,1,0.0,0.0,0.0,0.0
17079,IL,9901.0,0.0,0.0,0.0,0.0,1,0.0,0.0,0.0,0.0
17081,IL,40433.25,0.0,0.0,0.0,0.0,1,0.0,0.0,0.0,0.0
17083,IL,22262.75,0.0,0.0,0.0,0.0,1,0.0,0.0,0.0,0.0
17085,IL,22557.25,0.0,0.0,0.0,0.0,1,0.0,0.0,0.0,0.0
17087,IL,13184.5,0.0,0.0,0.0,0.0,1,0.0,0.0,0.0,0.0
17089,IL,560946.0,674.5,1751.25,27.25,14155.5,1,120.24330327696426,312.1958263362249,4.857865106445184,2523.5049363040293
17091,IL,109280.0,0.0,0.0,0.0,0.0,1,0.0,0.0,0.0,0.0
17093,IL,78035.5,0.0,0.0,0.0,0.0,1,0.0,0.0,0.0,0.0
17095,IL,52834.75,0.0,0.0,0.0,0.0,1,0.0,0.0,0.0,0.0
17097,IL,713859.75,0.0,0.0,0.0,0.0,1,0.0,0.0,0.0,0.0
17099,IL,112979.75,0.0,0.0,0.0,0.0,1,0.0,0.0,0.0,0.0
17101,IL,15894.5,0.0,0.0,0.0,0.0,1,0.0,0.0,0.0,0.0
17103,IL,35653.0,0.0,0.0,0.0,0.0,1,0.0,0.0,0.0,0.0
17105,IL,38550.25,0.0,0.0,0.0,0.0,1,0.0,0.0,0.0,0.0
17107,IL,30372.75,0.0,0.0,0.0,0.0,1,0.0,0.0,0.0,0.0
17109,IL,32020.25,0.0,0.0,0.0,0.0,1,0.0,0.0,0.0,0.0
17111,IL,326503.0,0.0,0.0,0.0,0.0,1,0.0,0.0,0.0,0.0
17113,IL,161617.25,0.0,0.0,0.0,0.0,1,0.0,0.0,0.0,0.0
17115,IL,109580.25,0.0,0.0,0.0,0.0,1,0.0,0.0,0.0,0.0
17117,IL,49242.25,0.0,0.0,0.0,0.0,1,0.0,0.0,0.0,0.0
17119,IL,269138.5,0.0,0.0,0.0,0.0,1,0.0,0.0,0.0,0.0
17121,IL,43315.25,0.0,0.0,0.0,0.0,1,0.0,0.0,0.0,0.0
17123,IL,13007.25,0.0,0.0,0.0,0.0,1,0.0,0.0,0.0,0.0
17125,IL,15560.0,0.0,0.0,0.0,0.0,1,0.0,0.0,0.0,0.0
17127,IL,15237.75,0.0,0.0,0.0,0.0,1,0.0,0.0,0.0,0.0
17129,IL,12641.0,0.0,0.0,0.0,0.0,1,0.0,0.0,0.0,0.0
17131,IL,16436.75,0.0,0.0,0.0,0.0,1,0.0,0.0,0.0,0.0
17133,IL,31874.5,0.0,0.0,0.0,0.0,1,0.0,0.0,0.0,0.0
17135,IL,30243.5,0.0,0.0,0.0,0.0,1,0.0,0.0,0.0,0.0
17137,IL,35648.25,0.0,0.0,0.0,0.0,1,0.0,0.0,0.0,0.0
17139,IL,13670.25,0.0,0.0,0.0,0.0,1,0.0,0.0,0.0,0.0
17141,IL,54778.75,0.0,0.0,0.0,0.0,1,0.0,0.0,0.0,0.0
17143,IL,182851.25,345.25,896.5,13.75,7267.0,1,188.81467859804076,490.28923783676623,7.5197735864534705,3974.2687020187177
17145,IL,22759.0,0.0,0.0,0.0,0.0,1,0.0,0.0,0.0,0.0
17147,IL,17227.0,0.0,0.0,0.0,0.0,1,0.0,0.0,0.0,0.0
17149,IL,16917.5,0.0,0.0,0.0,0.0,1,0.0,0.0,0.0,0.0
17151,IL,4212.25,0.0,0.0,0.0,0.0,1,0.0,0.0,0.0,0.0
17153,IL,6713.5,0.0,0.0,0.0,0.0,1,0.0,0.0,0.0,0.0
17155,IL,6058.75,0.0,0.0,0.0,0.0,1,0.0,0.0,0.0,0.0
17157,IL,33043.25,0.0,0.0,0.0,0.0,1,0.0,0.0,0.0,0.0
17159,IL,15720.5,0.0,0.0,0.0,0.0,1,0.0,0.0,0.0,0.0
17161,IL,147869.0,0.0,0.0,0.0,0.0,1,0.0,0.0,0.0,0.0
17163,IL,257563.75,0.0,0.0,0.0,0.0,1,0.0,0.0,0.0,0.0
17165,IL,26115.75,0.0,0.0,0.0,0.0,1,0.0,0.0,0.0,0.0
17167,IL,193567.0,355.25,922.0,14.0,7476.0,1,183.52818403963485,476.3208604772508,7.232637794665413,3862.2285823513307
17169,IL,7008.0,0.0,0.0,0.0,0.0,1,0.0,0.0,0.0,0.0
17171,IL,5349.5,0.0,0.0,0.0,0.0,1,0.0,0.0,0.0,0.0
17173,IL,22156.25,0.0,0.0,0.0,0.0,1,0.0,0.0,0.0,0.0
17175,IL,6185.0,0.0,0.0,0.0,0.0,1,0.0,0.0,0.0,0.0
17177,IL,47454.5,0.0,0.0,0.0,0.0,1,0.0,0.0,0.0,0.0
17179,IL,130527.25,0.0,0.0,0.0,0.0,1,0.0,0.0,0.0,0.0
17181,IL,18250.25,0.0,0.0,0.0,0.0,1,0.0,0.0,0.0,0.0
17183,IL,82021.75,0.0,0.0,0.0,0.0,1,0.0,0.0,0.0,0.0
17185,IL,12427.5,0.0,0.0,0.0,0.0,1,0.0,0.0,0.0,0.0
17187,IL,17855.25,0.0,0.0,0.0,0.0,1,0.0,0.0,0.0,0.0
17189,IL,14810.5,0.0,0.0,0.0,0.0,1,0.0,0.0,0.0,0.0
17191,IL,16702.75,0.0,0.0,0.0,0.0,1,0.0,0.0,0.0,0.0
17193,IL,15688.25,0.0,0.0,0.0,0.0,1,0.0,0.0,0.0,0.0
17195,IL,59745.25,0.0,0.0,0.0,0.0,1,0.0,0.0,0.0,0.0
17197,IL,615124.75,429.5,1114.5,17.25,9033.25,1,69.823235042973,181.18276008240605,2.804309207197402,1468.523254835706
17199,IL,64021.0,0.0,0.0,0.0,0.0,1,0.0,0.0,0.0,0.0
17201,IL,294201.5,411.75,1377.25,17.25,12301.75,1,139.95509880133176,468.1315356991722,5.863328365083115,4181.402882038331
17203,IL,37762.25,0.0,0.0,0.0,0.0,1,0.0,0.0,0.0,0.0
18001,IN,33854.5,27.0,108.5,0.5,981.75,0,79.75306089293889,320.48915210681,1.476908535054424,2899.9099085793614
18003,IN,347761.0,882.0,2118.0,15.5,12446.75,0,253.62245910265958,609.0389664165907,4.45708403184946,3579.1103660272433
18005,IN,73992.25,82.0,465.5,1.0,4201.5,0,110.82241721261349,629.1199416155071,1.3514928928367498,5678.297389253605
18007,IN,9005.25,9.25,35.0,0.0,306.0,0,102.7178590266789,388.6621692901363,0.0,3398.0178229366206
18009,IN,13480.25,5.5,63.0,0.25,571.25,0,40.80043025908274,467.35038296767493,1.8545650117764878,4237.681051909275
18011,IN,53325.0,40.25,176.0,1.5,1570.5,0,75.48054383497421,330.05157055789965,2.8129395218002813,2945.147679324895
18013,IN,15065.5,2.25,12.0,0.25,217.75,0,14.934784773157215,79.65218545683847,1.6594205303508014,1445.355281935548
18015,IN,20381.75,27.5,67.5,0.25,674.25,0,134.92462619745606,331.17862793921034,1.226587510885964,3308.106516859445
18017,IN,39929.75,28.25,226.0,0.75,1673.0,0,70.74925337624202,565.9940270099362,1.8782987622011158,4189.858438883289
18019,IN,103526.25,92.75,838.75,1.75,4642.75,0,89.59080426461887,810.1809927433864,1.6903925332946959,4484.611390830828
18021,IN,27099.5,22.0,87.5,0.75,864.0,0,81.18230963670916,322.88418605509327,2.767578737615085,3188.250705732578
18023,IN,34160.0,24.0,120.5,0.5,1180.5,0,70.2576112412178,352.75175644028104,1.4637002341920375,3455.7962529274005
18025,IN,11118.5,11.25,41.25,0.0,397.0,0,101.18271349552548,371.00328281692674,0.0,3570.6255340198773
18027,IN,30346.0,19.25,161.0,0.25,1489.25,0,63.435049100375664,530.5476833849601,0.8238318064983853,4907.566071310882
18029,IN,49640.5,50.5,145.5,1.25,1441.25,0,101.73144911916681,293.1074425116588,2.5181051762170004,2903.375268178201
18031,IN,25110.75,21.75,137.75,0.5,1099.75,0,86.61628983602641,548.5698356281672,1.9911790766902622,4379.598379180232
18033,IN,41933.75,33.0,165.75,1.0,1519.75,0,78.69556145109846,395.2663427430172,2.3847139833666198,3624.1690762214207
18035,IN,116190.5,57.5,496.0,3.5,3464.75,0,49.48769477711172,426.8851584251725,3.012294464693757,2981.956356156484
18037,IN,41233.0,49.25,233.25,0.75,1708.0,0,119.44316445565445,565.6876773458152,1.8189314384109814,4142.313195741275
18039,IN,197671.0,173.5,1000.25,6.75,7569.25,0,87.77210617642446,506.0175746568794,3.4147649376995104,3829.2162229158553
18041,IN,24683.5,10.75,186.0,1.0,1215.0,0,43.55136022039014,753.5398140458201,4.05128932282699,4922.316527234792
18043,IN,72620.5,38.5,876.25,0.75,4541.5,0,53.01533313596023,1206.6152119580559,1.0327662299213032,6253.743777583465
18045,IN,17450.0,20.0,69.5,0.75,639.5,0,114.61318051575931,398.2808022922636,4.297994269340974,3664.7564469914037
18047,IN,21822.25,7.0,29.0,0.25,415.5,0,32.07735224369623,132.8918878667415,1.145619722989151,1904.019979607969
18049,IN,20596.0,22.25,100.5,0.5,851.25,0,108.0306855700136,487.9588269566906,2.4276558555059236,4133.084093998835
18051,IN,33340.5,38.75,131.75,0.75,1103.5,0,116.22501162250117,395.16503951650395,2.2495163539838936,3309.7883954949684
18053,IN,70135.75,170.5,547.0,4.0,4609.75,0,243.09998823709734,779.9160912943827,5.703225530489087,6572.610972293018
18055,IN,33339.75,10.75,94.75,0.0,979.75,0,32.243793069834055,284.1952924062118,0.0,2938.68430327162
18057,IN,252594.5,152.0,603.25,3.0,6547.0,0,60.175498674753406,238.8215103654276,1.1876743159490804,2591.9012488395433
18059,IN,64755.75,54.5,221.5,2.0,2442.75,0,84.16241028788949,342.05456658289035,3.088528817904202,3772.2518849677444
18061,IN,37019.0,14.5,74.0,0.5,561.25,0,39.16907533969043,199.89735000945458,1.3506577703341527,1516.1133472000863
18063,IN,131615.0,190.0,611.25,4.75,4212.75,0,144.3604452380048,464.4227481670022,3.6090111309501194,3200.812977244235
18065,IN,47334.0,42.0,184.25,0.75,1692.25,0,88.73114463176576,389.2550809143533,1.5844847255672456,3575.125702454895
18067,IN,84647.25,167.0,444.75,3.25,5341.25,0,197.2893389921114,525.4157695613266,3.839463183978215,6310.010071207275
18069,IN,38123.75,19.25,133.5,1.25,842.0,0,50.49345880192793,350.17541558739634,3.2787960260992164,2208.5970031804322
18071,IN,42372.5,51.0,114.75,1.5,1760.0,0,120.36108324974926,270.8124373119358,3.540031860286742,4153.637382736445
18073,IN,32250.75,27.25,103.0,1.0,930.5,0,84.49415905056472,319.3724176957125,3.100703084424393,2885.204220056898
18075,IN,21777.75,17.75,158.75,1.5,1015.5,0,81.50520600153827,728.9550114222085,6.887763887453938,4663.016151806316
18077,IN,32632.25,31.5,173.25,1.25,1444.25,0,96.53027296616078,530.9165013138843,3.8305663875460625,4425.836404170721
18079,IN,28471.75,13.0,82.75,1.0,853.0,0,45.65929386145917,290.6389666950574,3.512253373958398,2995.952127986513
18081,IN,132970.75,215.5,894.25,1.5,5879.75,0,162.06571746041894,672.5163240787917,1.1280676389356306,4421.837133354516
18083,IN,38284.25,22.5,102.75,0.5,1385.5,0,58.77090448422001,268.38713047793806,1.3060200996493336,3618.981696128303
18085,IN,76120.25,68.75,463.0,1.5,3111.0,0,90.31762244606395,608.2481337094925,1.970566307914123,4086.9545226138907
18087,IN,37183.0,12.0,65.5,0.0,772.25,0,32.27281284457951,176.1557701099965,0.0,2076.889976602211
18089,IN,494552.25,675.75,3325.0,69.75,24020.25,0,136.6387474730931,672.3253205298328,14.103666498332583,4856.969106904276
18091,IN,110435.75,127.0,737.5,4.5,7395.75,0,114.99899262693468,667.809110727278,4.0747674552850865,6696.88031276104
18093,IN,46459.5,18.25,110.25,0.25,926.25,0,39.28152476888473,237.3034578503858,0.5381030790258181,1993.6719077906566
18095,IN,130942.0,124.5,739.0,5.25,6832.25,0,95.08026454460753,564.3720120358632,4.009408745856945,5217.76817216783
18097,IN,870317.75,4543.0,6419.5,101.5,60774.5,0,521.993260507441,737.6041681328458,11.662407207022952,6983.024303479965
18099,IN,47167.5,38.25,260.75,0.75,2237.0,0,81.09397360470663,552.8170880373137,1.590077913817777,4742.672390947157
18101,IN,10332.0,8.25,33.25,0.25,282.5,0,79.84901277584206,321.8157181571816,2.419667053813395,2734.2237708091366
18103,IN,36033.5,38.75,180.75,1.0,1511.25,0,107.53881804431987,501.61655126479525,2.775195304369545,4194.013903728474
18105,IN,124078.75,127.5,460.0,2.5,5217.25,0,102.75732145915396,370.7322970291045,2.014849440375568,4204.7892971197725
18107,IN,38191.25,27.25,144.25,1.0,1743.25,0,71.35142211894086,377.7043170883383,2.6184008117042517,4564.527215003437
18109,IN,70253.25,85.5,322.75,1.75,2321.75,0,121.70255468608214,459.4093511688072,2.490987961411038,3304.8293139463303
18111,IN,14310.5,1.25,27.5,0.0,362.0,0,8.734845043848923,192.1665909646763,0.0,2529.611124698648
18113,IN,47765.5,85.75,232.25,1.25,2375.25,0,179.52287739058528,486.2296008625472,2.6169515654604263,4972.731364687903
18115,IN,5857.0,5.5,15.75,0.0,160.25,0,93.9047293836435,268.90899778043365,0.0,2736.0423424961587
18117,IN,19764.0,20.0,73.25,0.5,704.25,0,101.19409026512851,370.62335559603315,2.529852256628213,3563.2969034608377
18119,IN,22869.75,30.5,69.5,0.75,581.75,0,133.36394145104342,303.8948829786071,3.2794411832223793,2543.753211119492
18121,IN,17240.0,19.5,66.25,0.25,577.75,0,113.10904872389791,384.2807424593967,1.4501160092807424,3351.218097447796
18123,IN,18999.75,14.25,101.25,0.0,893.0,0,75.0009868550902,532.9017487072199,0.0,4700.061842918986
18125,IN,12821.25,13.25,57.0,0.0,502.5,0,103.34405771668129,444.5744369698743,0.0,3919.2746417081016
18127,IN,159706.0,351.25,729.75,2.5,5503.5,0,219.9353812630709,456.9333650582946,1.56537637909659,3446.019560943233
18129,IN,26756.25,25.25,95.5,1.0,895.25,0,94.37047418827377,356.9259518804018,3.737444522307872,3345.947208596122
18131,IN,13855.0,18.0,49.5,0.25,462.0,0,129.91699747383615,357.2717430530495,1.8044027426921687,3334.536268495128
18133,IN,37095.25,45.5,157.0,0.0,1429.0,0,122.65721352464264,423.2347807333823,0.0,3852.2452335541616
18135,IN,26454.5,32.0,115.25,0.75,981.0,0,120.96240715190233,435.65366950802326,2.8350564176227104,3708.253794250506
18137,IN,29179.5,30.5,132.25,1.0,1156.0,0,104.5254373789818,453.22915060230645,3.4270635206223545,3961.685429839442
18139,IN,17766.0,16.75,73.0,0.0,797.75,0,94.28121130248789,410.8972194078577,0.0,4490.318586063267
18141,IN,267110.25,328.0,1692.75,15.75,10389.25,0,122.79573696629014,633.7270846027062,5.896441637863017,3889.4988118202127
18143,IN,23811.0,25.25,179.5,0.5,1020.0,0,106.04342530763093,753.8532610978119,2.0998698080718996,4283.734408466676
18145,IN,44029.0,48.25,181.0,0.75,2257.75,0,109.58686320379749,411.0926889095823,1.703422744100479,5127.8702673238095
18147,IN,20502.75,20.75,75.5,0.5,730.5,0,101.20593578910146,368.2432844374535,2.438697247930156,3562.9366792259575
18149,IN,23159.75,23.75,103.0,0.25,860.0,0,102.54860264035665,444.7370977665994,1.079458975161649,3713.338874556073
18151,IN,33767.75,53.5,249.25,0.75,1453.75,0,158.43519334276047,738.1303166482812,2.221054112281689,4305.143220972674
18153,IN,21674.5,18.5,58.5,1.0,588.75,0,85.35375671872477,269.9024198943459,4.613716579390528,2716.3256361161734
18155,IN,9726.5,9.75,35.75,0.0,346.25,0,100.24160797820387,367.5525625867475,0.0,3559.8622320464706
18157,IN,157502.0,173.25,1116.0,2.5,7158.25,0,109.99860319234041,708.5624309532577,1.5872814313469035,4544.862922375589
18159,IN,16376.25,8.5,55.0,0.25,513.5,0,51.9044347759713,335.8522250209908,1.5266010228226854,3135.6385008777957
18161,IN,7245.75,2.0,22.0,0.0,330.25,0,27.602387606527966,303.6262636718076,0.0,4557.84425352793
18163,IN,174139.5,616.25,1234.5,7.75,11263.0,0,353.88295016351833,708.9144048306099,4.450454951346478,6467.803111872952
18165,IN,16561.25,17.75,42.25,0.75,547.75,0,107.17790021888445,255.11359347875313,4.528643671220469,3307.4194278813493
18167,IN,103590.5,127.75,735.25,3.5,7294.75,0,123.32211930630703,709.765856907728,3.378688200172796,7041.9102137744285
18169,IN,33604.5,15.25,73.0,0.0,817.0,0,45.38082697257808,217.23281108184915,0.0,2431.2220089571338
18171,IN,8716.75,8.75,32.25,0.0,311.0,0,100.38144950813091,369.9773424728253,0.0,3567.843519660424
18173,IN,56974.5,68.25,123.25,0.25,1058.75,0,119.7904325619356,216.32484708071155,0.43879279326716336,1858.2874794864367
18175,IN,28063.75,28.75,64.5,1.0,817.5,0,102.44532537526169,229.83386040710883,3.5633156652264932,2913.0105563226584
18177,IN,69049.0,102.0,684.25,2.25,4988.75,0,147.72118350736434,990.9629393619024,3.2585555185448016,7224.941708062391
18179,IN,28152.0,35.5,74.75,0.0,590.0,0,126.10116510372265,265.52287581699346,0.0,2095.7658425689115
18181,IN,24377.0,4.75,50.75,0.0,740.75,0,19.485580670303975,208.1880461090372,0.0,3038.725027690036
18183,IN,32589.75,28.25,95.75,1.0,912.75,0,86.68369656103529,293.80403347678333,3.0684494357888603,2800.727222516282
19001,IA,7769.5,2.75,0.75,0.0,65.0,0,35.394813051032884,9.653130832099878,0.0,836.6046721153227
19003,IA,4208.0,1.5,4.0,0.0,100.0,0,35.646387832699624,95.05703422053232,0.0,2376.425855513308
19005,IA,14760.75,8.5,27.75,0.0,274.25,0,57.58514980607354,187.99857730806363,0.0,1857.9679216841962
19007,IA,13442.25,15.25,50.75,0.0,734.25,0,113.44826944893899,377.54096226450184,0.0,5462.25520281203
19009,IA,6301.75,2.75,5.25,0.0,52.0,0,43.638671797516565,83.31019161344071,0.0,825.1676121712223
19011,IA,26967.25,13.25,36.75,0.0,639.0,0,49.13367139771389,136.27640934837626,0.0,2369.540831935032
19013,IA,126626.0,422.75,999.75,1.0,5662.75,0,333.8571857280495,789.5297964083206,0.7897272282153744,4472.027861576611
19015,IA,26600.0,12.5,32.0,0.0,823.0,0,46.992481203007515,120.30075187969925,0.0,3093.984962406015
19017,IA,23766.75,47.5,37.5,0.0,608.5,0,199.85904677753587,157.78345798226513,0.0,2560.2995781922223
19019,IA,21059.25,8.5,53.5,0.5,801.5,0,40.36231109844843,254.04513456082242,2.3742535940263783,3805.9285112242837
19021,IA,20069.25,28.25,95.5,0.25,1296.25,0,140.7626094647284,475.8523611993473,1.245686809422375,6458.886106855015
19023,IA,14979.25,2.25,4.75,0.25,180.75,0,15.020778743929101,31.710532903850325,1.6689754159921224,1206.6692257623044
19025,IA,10331.0,1.5,6.75,0.0,120.75,0,14.519407608169587,65.33733423676314,0.0,1168.8123124576518
19027,IA,20983.25,5.5,52.75,0.0,474.5,0,26.21138288873268,251.39099043284523,0.0,2261.3274874006647
19029,IA,14117.0,4.5,37.75,0.0,318.25,0,31.876461004462705,267.4080895374371,0.0,2254.374158815612
19031,IA,18245.0,10.0,23.0,0.0,387.25,0,54.80953685941354,126.06193477665113,0.0,2122.4993148807894
19033,IA,44498.5,47.75,414.5,0.75,3128.75,0,107.30698787599582,931.4920727664978,1.68545007135072,7031.1358809847525
19035,IA,12085.0,4.5,42.5,0.0,451.25,0,37.23624327678941,351.6756309474555,0.0,3733.9677285891603
19037,IA,12439.75,2.25,1.75,0.5,57.25,0,18.087180208605478,14.067806828915373,4.019373379690106,460.2182519745172
19039,IA,9149.5,6.75,23.0,0.0,390.75,0,73.77452319798897,251.37985682277719,0.0,4270.725176239139
19041,IA,16817.0,15.25,86.0,0.0,820.25,0,90.68204792769222,511.3872866741987,0.0,4877.504905750134
19043,IA,18146.0,0.25,0.0,0.0,98.25,0,1.3777140967706383,0.0,0.0,541.4416400308609
19045,IA,49695.5,84.25,290.25,0.75,2889.25,0,169.53245263655663,584.0569065609562,1.5091909730257267,5813.906691752774
19047,IA,16868.5,9.75,51.75,0.0,359.75,0,57.80004149746569,306.7848356403948,0.0,2132.673326021875
19049,IA,44611.0,33.0,95.25,0.0,1386.25,0,73.9727869807895,213.51236242182424,0.0,3107.4174530945284
19051,IA,8660.75,8.75,21.75,0.0,234.75,0,101.03051121438675,251.1329850186185,0.0,2710.5042865802616
19053,IA,8566.0,4.5,3.0,0.0,74.75,0,52.533271071678726,35.02218071445249,0.0,872.6360028017745
19055,IA,17710.25,16.0,49.5,0.0,458.5,0,90.34316285766717,279.4991600909078,0.0,2588.8962606400246
19057,IA,40822.25,120.5,355.75,1.0,3366.5,0,295.1821616887849,871.4610292181347,2.4496444953426133,8246.728193570909
19059,IA,16809.5,4.25,49.75,0.75,393.0,0,25.283321931050892,295.9635920164193,4.461762693714864,2337.9636515065886
19061,IA,92433.75,148.75,273.75,0.25,4555.25,0,160.92606867080477,296.15805915047264,0.2704639809593357,4928.124197060057
19063,IA,10500.5,11.25,6.25,0.0,141.25,0,107.13775534498357,59.52097519165754,0.0,1345.1740393314603
19065,IA,20952.25,11.0,10.5,0.0,423.25,0,52.5003281270508,50.11394957582121,0.0,2020.0694436158406
19067,IA,16442.5,7.5,25.25,0.75,353.0,0,45.61350159647256,153.56545537479093,4.561350159647255,2146.875475140642
19069,IA,10713.0,5.5,15.0,0.0,223.25,0,51.339494072622045,140.01680201624194,0.0,2083.9167366750676
19071,IA,7695.5,2.25,2.5,0.0,64.0,0,29.23786628549152,32.48651809499058,0.0,831.6548632317589
19073,IA,9818.25,1.5,7.5,0.0,110.75,0,15.277671682835535,76.38835841417767,0.0,1128.001425916024
19075,IA,12318.25,2.25,25.0,0.25,162.5,0,18.265581555821647,202.9509061757961,2.0295090617579605,1319.1808901426746
19077,IA,11407.75,0.25,0.0,0.25,5.75,0,2.191492625627315,0.0,2.191492625627315,50.40433038942824
19079,IA,16052.75,31.0,54.5,0.0,695.25,0,193.11332949183162,339.5056921711233,0.0,4331.0336235224495
19081,IA,11293.75,3.5,27.75,0.0,218.5,0,30.990592141671282,245.71112340896514,0.0,1934.69839513005
19083,IA,17848.75,10.0,53.25,0.25,758.25,0,56.02633237621682,298.3402199033546,1.4006583094054206,4248.19665242664
19085,IA,15751.25,4.5,11.75,0.0,268.25,0,28.569161177684315,74.5972541861757,0.0,1703.0394413141814
19087,IA,20311.0,28.5,83.25,0.0,935.5,0,140.3180542563143,409.8764216434445,0.0,4605.878587957265
19089,IA,9696.25,6.5,33.5,0.0,252.0,0,67.03622534484981,345.49439216191826,0.0,2598.942890292639
19091,IA,9891.0,2.5,12.5,0.25,211.75,0,25.27550298250935,126.37751491254676,2.5275502982509352,2140.835102618542
19093,IA,7210.5,3.75,8.5,0.0,166.25,0,52.0074890784273,117.88364191110186,0.0,2305.66534914361
19095,IA,16098.5,7.5,24.5,0.0,589.25,0,46.58819144640805,152.1880920582663,0.0,3660.2789079727922
19097,IA,20275.25,20.75,51.5,0.0,545.0,0,102.34152476541597,254.00426628524926,0.0,2688.0063131157444
19099,IA,37487.0,32.0,90.5,0.5,1102.25,0,85.36292581428228,241.41702456851706,1.3337957158481606,2940.35265558727
19101,IA,15909.0,16.5,38.0,0.0,528.5,0,103.71487837073354,238.85850776290152,0.0,3322.018982965617
19103,IA,120277.75,188.5,725.25,0.75,8020.25,0,156.72059046664907,602.9793540368023,0.623556725994625,6668.107775544521
19105,IA,20589.0,8.0,27.75,0.0,356.0,0,38.855699645441746,134.78070814512603,0.0,1729.0786342221572
19107,IA,11069.25,0.0,0.25,0.0,36.0,0,0.0,2.258508932402828,0.0,325.22528626600723
19109,IA,15995.0,19.75,37.0,0.0,394.25,0,123.47608627696154,231.3222882150672,0.0,2464.832760237574
19111,IA,36319.5,124.25,223.75,0.0,1784.0,0,342.10272718512095,616.0602431200871,0.0,4911.9618937485375
19113,IA,202261.25,280.75,1415.0,2.25,9916.0,0,138.80562885871615,699.5902576494509,1.1124226711740386,4902.570314383007
19115,IA,11913.25,2.75,10.5,0.25,254.0,0,23.083541434956878,88.13715820619898,2.0985037668142614,2132.0798270832897
19117,IA,9624.25,12.25,28.5,0.25,190.75,0,127.28264540094034,296.12697093279996,2.5976050081824558,1981.9726212432138
19119,IA,11615.75,13.75,43.75,0.0,324.0,0,118.37375976583519,376.64378107311194,0.0,2789.316230118589
19121,IA,15403.75,4.5,16.5,0.0,197.25,0,29.213665503529985,107.11677351294328,0.0,1280.5323379047309
19123,IA,22345.5,29.75,128.75,0.0,878.75,0,133.13642567854825,576.1786489449777,0.0,3932.55912823611
19125,IA,33015.25,37.25,100.25,0.0,979.5,0,112.82664829131991,303.64755681086774,0.0,2966.810791982493
19127,IA,39565.5,146.75,230.5,0.5,2489.5,0,370.90394409270704,582.5782563091583,1.2637272371131414,6292.097913586331
19129,IA,15365.25,11.25,31.5,0.0,511.0,0,73.21716210279689,205.00805388783132,0.0,3325.6862075137083
19131,IA,10896.5,6.25,22.5,0.0,224.75,0,57.357867205065844,206.48832193823702,0.0,2062.588904694168
19133,IA,9411.5,6.25,20.5,0.0,197.25,0,66.40811772831111,217.81862614886046,0.0,2095.8401955054983
19135,IA,7752.75,7.5,7.25,0.0,146.75,0,96.73986649898423,93.51520428235142,0.0,1892.8767211634581
19137,IA,11259.25,10.75,58.75,0.25,569.25,0,95.4770522015232,521.7931922641384,2.220396562826121,5055.842973555077
19139,IA,42828.0,83.25,211.25,1.0,2506.25,0,194.38217988231997,493.2520780797609,2.3349210796675073,5851.895955916691
19141,IA,14421.75,10.75,34.75,0.0,392.75,0,74.54019103090818,240.9555012394474,0.0,2723.317211850157
19143,IA,6635.0,2.0,17.5,0.0,242.25,0,30.143180105501127,263.7528259231349,0.0,3651.0926902788246
19145,IA,16146.5,9.5,30.5,0.0,413.5,0,58.83628030842597,188.8954262533676,0.0,2560.9265165825414
19147,IA,9603.0,4.25,10.75,0.0,199.75,0,44.257003019889616,111.94418410913256,0.0,2080.079141934812
19149,IA,24844.0,16.0,69.5,0.5,623.25,0,64.40186765416198,279.74561262276603,2.0125583641925617,2508.654000966028
19151,IA,7849.0,1.25,10.75,0.0,102.75,0,15.925595617276086,136.96012230857434,0.0,1309.0839597400943
19153,IA,418979.0,737.0,2684.0,8.25,15527.75,0,175.9038042479456,640.6048990522198,1.9690724356113312,3706.092668128952
19155,IA,90011.0,262.25,852.5,2.25,5679.5,0,291.35327904367244,947.1064647654176,2.4996944817855593,6309.784359689372
19157,IA,18959.75,8.25,51.25,0.0,365.5,0,43.51323197826976,270.3094713801606,0.0,1927.7680349160723
19159,IA,5245.75,1.5,2.75,0.25,64.75,0,28.594576561978748,52.423390363627696,4.765762760329791,1234.332554925416
19161,IA,10593.0,1.5,6.0,0.0,94.0,0,14.16029453412631,56.64117813650524,0.0,887.3784574719153
19163,IA,162280.5,514.25,1587.25,6.5,11142.5,0,316.8895831600223,978.0904051934767,4.0054103851048035,6866.197725543119
19165,IA,12540.75,8.75,28.75,0.0,250.0,0,69.7725415146622,229.25263640531864,0.0,1993.5011861332057
19167,IA,32367.0,18.0,68.0,0.0,674.0,0,55.61219760867551,210.09052429944077,0.0,2082.367843791516
19169,IA,81673.75,103.75,255.0,0.75,3854.0,0,127.02979843584995,312.21781784233,0.9182876995362648,4718.774392017019
19171,IA,17938.5,21.75,31.75,0.5,483.75,0,121.24759595283885,176.99361708058086,2.7873010563871006,2696.7137720545197
19173,IA,6543.25,0.5,0.0,0.0,10.75,0,7.641462575937035,0.0,0.0,164.29144538264623
19175,IA,12067.25,3.75,5.5,0.0,31.5,0,31.075845780936003,45.577907145372805,0.0,261.0371045598624
19177,IA,7768.75,5.75,6.25,0.25,125.0,0,74.01448109412712,80.45052292839902,3.2180209171359615,1609.0104585679808
19179,IA,35912.5,93.0,243.25,0.25,2465.25,0,258.96275670031326,677.3407587887226,0.6961364427427776,6864.60146188653
19181,IA,43832.75,38.75,120.25,0.0,1298.5,0,88.40421830708775,274.3382516497368,0.0,2962.3968379807334
19183,IA,21514.75,20.0,35.25,0.0,802.75,0,92.95948128609442,163.84108576674143,0.0,3731.161180120615
19185,IA,6504.5,6.0,3.75,0.0,239.25,0,92.24383119378892,57.65239449611807,0.0,3678.222768852333
19187,IA,38965.75,169.0,291.5,0.25,1749.75,0,433.71422338848856,748.0928764363575,0.6415890878527938,4490.4820258817035
19189,IA,11585.25,7.75,17.25,0.0,190.0,0,66.89540579616323,148.8962258043633,0.0,1640.0164001640017
19191,IA,21191.0,8.75,17.5,0.0,458.0,0,41.291114152234435,82.58222830446887,0.0,2161.294889339814
19193,IA,102920.0,152.5,750.5,0.25,7902.5,0,148.17333851535173,729.2071511853867,0.24290711232024872,7678.293820443062
19195,IA,7724.75,1.0,10.75,0.0,210.0,0,12.94540276384349,139.16307971131752,0.0,2718.534580407133
19197,IA,13415.5,7.5,26.5,0.0,354.75,0,55.905482464313664,197.5327047072416,0.0,2644.3293205620366
20001,KS,13697.5,20.75,45.75,0.5,667.75,1,151.48749771856177,334.00255521080487,3.650301149844862,4874.977185617813
20003,KS,8106.5,7.5,13.75,0.0,244.0,1,92.51834947264541,169.61697403318325,0.0,3009.930302843397
20005,KS,16791.0,23.75,108.25,0.5,981.5,1,141.44482163063546,644.6906080638438,2.977785718539694,5845.393365493419
20007,KS,4916.5,4.75,9.5,0.0,148.25,1,96.61344452354318,193.22688904708636,0.0,3015.3564527611106
20009,KS,27745.5,23.25,65.25,0.75,895.5,1,83.7973725468995,235.17327134129857,2.7031410498999837,3227.550413580581
20011,KS,14968.0,13.0,20.0,0.0,414.75,1,86.851950828434,133.61838588989846,0.0,2770.911277391769
20013,KS,10189.5,11.75,30.0,0.0,558.25,1,115.31478482751854,294.42072721919624,0.0,5478.679032337211
20015,KS,63025.0,40.5,148.75,0.0,2027.25,1,64.260214200714,236.0174533915113,0.0,3216.58072193574
20017,KS,3032.75,0.75,1.0,0.0,37.0,1,24.73003050037095,32.9733740004946,0.0,1220.0148380183002
20019,KS,3999.25,6.5,10.5,0.0,141.25,1,162.53047446396198,262.5492279802463,0.0,3531.9122335437896
20021,KS,21564.0,19.75,41.25,0.0,578.25,1,91.58783157113709,191.29104062326098,0.0,2681.552587646077
20023,KS,2899.5,0.25,0.0,0.0,23.25,1,8.62217623728229,0.0,0.0,801.862390067253
20025,KS,2225.5,0.5,0.0,0.0,18.0,1,22.46686137946529,0.0,0.0,808.8070096607504
20027,KS,8649.75,10.0,13.25,0.0,238.5,1,115.6102777536923,153.1836180236423,0.0,2757.305124425561
20029,KS,9616.25,5.25,20.0,0.25,225.5,1,54.5950864422202,207.9812816846484,2.599766021058105,2344.9889509944105
20031,KS,8655.75,6.25,16.75,0.25,188.25,1,72.20633682812003,193.5129826993617,2.8882534731248017,2174.8548652629756
20033,KS,1906.25,1.25,4.5,0.0,61.75,1,65.57377049180327,236.06557377049182,0.0,3239.3442622950815
20035,KS,35071.75,54.0,124.0,0.75,1953.5,1,153.9700756306714,353.5609144111714,2.138473272648214,5570.010050824381
20037,KS,38442.0,47.5,166.0,0.5,1454.0,1,123.56276988710266,431.8193642370324,1.300660735653712,3782.321419280995
20039,KS,3119.5,1.25,3.0,0.0,35.75,1,40.070524122455524,96.16925789389325,0.0,1146.016989902228
20041,KS,19198.0,10.25,37.75,0.25,452.5,1,53.39097822689864,196.63506615272422,1.3022189811438691,2357.0163558704035
20043,KS,7869.0,8.5,26.25,1.0,335.25,1,108.01880798068369,333.58749523446437,12.708095056551024,4260.388867708731
20045,KS,109128.75,141.75,514.5,1.25,6953.0,1,129.8924435586406,471.4614618054363,1.1454360102172891,6371.373263232649
20047,KS,3205.25,2.75,6.75,0.0,83.5,1,85.7967397238905,210.59199750409485,0.0,2605.101006161766
20049,KS,3077.25,0.5,1.75,0.0,42.5,1,16.248273620927776,56.868957673247216,0.0,1381.103257778861
20051,KS,27119.5,34.75,90.25,0.25,1565.75,1,128.13658068917198,332.7863714301517,0.9218459042386475,5773.520898246649
20053,KS,6338.5,3.5,15.75,0.0,198.0,1,55.21811154058532,248.4815019326339,0.0,3123.7674528673974
20055,KS,39609.5,79.75,220.0,2.0,2160.75,1,201.34058748532547,555.4223103043462,5.04929373003951,5455.130713591437
20057,KS,33721.5,52.5,185.5,0.75,2355.0,1,155.68702459854987,550.0941535815429,2.2241003514078552,6983.675103420666
20059,KS,26518.5,43.25,104.0,0.25,988.5,1,163.09368931123555,392.1790448177687,0.9427380885042518,3727.5864019458113
20061,KS,25875.75,76.5,133.25,0.75,1754.0,1,295.64360453320194,514.9609190071785,2.898466711109823,6778.547481715506
20063,KS,2726.5,1.5,4.0,0.0,52.75,1,55.01558774986246,146.70823399963322,0.0,1934.7148358701631
20065,KS,2678.75,1.75,1.5,0.0,42.5,1,65.32897806812879,55.99626691553896,0.0,1586.5608959402707
20067,KS,7565.75,10.75,15.25,0.0,255.5,1,142.08769784885834,201.56626904140367,0.0,3377.0610977100746
20069,KS,5843.5,1.5,3.5,0.0,78.0,1,25.66954736031488,59.89561050740138,0.0,1334.8164627363738
20071,KS,1339.25,0.5,1.0,0.0,22.75,1,37.334328915437744,74.66865783087549,0.0,1698.7119656524173
20073,KS,7225.25,6.75,6.5,0.0,158.75,1,93.42237292827238,89.96228504204007,0.0,2197.155807757517
20075,KS,2626.0,1.75,3.25,0.0,92.75,1,66.64127951256664,123.76237623762377,0.0,3531.987814166032
20077,KS,6004.5,4.75,8.75,0.0,105.25,1,79.10733616454326,145.724040303106,0.0,1752.8520276459324
20079,KS,34080.25,43.75,89.25,0.0,2041.25,1,128.37347143873652,261.8818817350225,0.0,5989.539395984478
20081,KS,4178.5,2.5,4.5,0.0,140.75,1,59.83008256551394,107.69414861792511,0.0,3368.433648438435
20083,KS,2063.25,2.25,2.0,0.0,29.5,1,109.05125408942203,96.93444807948624,0.0,1429.783109172422
20085,KS,13508.25,17.5,47.25,0.0,822.25,1,129.55045990413265,349.78624174115816,0.0,6087.020894638462
20087,KS,18916.0,5.75,18.25,0.0,307.25,1,30.397547050116305,96.47917107210827,0.0,1624.2863184605626
20089,KS,3302.0,2.25,6.0,0.0,82.25,1,68.14052089642641,181.70805572380377,0.0,2490.91459721381
20091,KS,518979.25,696.5,2233.0,17.0,19283.0,1,134.20575100064212,430.2676841126114,3.275660828443526,3715.5628091103836
20093,KS,4416.5,2.25,7.75,0.0,86.5,1,50.94531869127137,175.47831993660137,0.0,1958.5644741310994
20095,KS,8069.5,4.75,12.25,0.0,203.25,1,58.863622281430075,151.80618377842492,0.0,2518.7434165685604
20097,KS,2988.0,2.0,3.25,0.0,121.75,1,66.93440428380187,108.76840696117806,0.0,4074.631860776439
20099,KS,22178.75,28.5,59.75,0.25,579.0,1,128.50138082624133,269.40201769712,1.1272050949670294,2610.60699994364
20101,KS,1832.0,0.5,0.25,0.0,28.75,1,27.292576419213972,13.646288209606986,0.0,1569.3231441048033
20103,KS,73755.25,81.0,126.0,1.0,2943.0,1,109.82269058812763,170.83529647042076,1.3558356862731806,3990.2244247019707
20105,KS,3373.25,0.75,1.25,0.0,27.25,1,22.233750833765654,37.05625138960942,0.0,807.8262802934855
20107,KS,9907.5,5.75,9.75,0.0,155.5,1,58.036840777189,98.4102952308857,0.0,1569.518041887459
20109,KS,2767.25,1.25,9.5,0.0,70.75,1,45.17119884361731,343.30111121149156,0.0,2556.6898545487397
20111,KS,35771.75,31.0,141.25,0.0,1105.0,1,86.66056315388539,394.86466275762297,0.0,3089.029751130431
20113,KS,29460.5,12.75,57.75,0.0,707.75,1,43.27828787698783,196.02518626635666,0.0,2402.369274112795
20115,KS,12729.75,3.5,14.75,0.0,199.0,1,27.494648363086473,115.8703038158644,0.0,1563.2671497869164
20117,KS,10326.5,3.0,6.25,0.0,102.0,1,29.051469520166563,60.523894833680345,0.0,987.7499636856631
20119,KS,4552.5,1.0,2.25,0.0,33.25,1,21.965952773201536,49.423393739703464,0.0,730.3679297089511
20121,KS,29918.5,14.5,39.5,0.25,523.25,1,48.46499657402611,132.02533549476078,0.8356033892073467,1748.9178936109763
20123,KS,6380.75,6.0,10.5,0.25,173.5,1,94.03283313090154,164.5574579790777,3.918034713787564,2719.1160913685694
20125,KS,34685.25,44.0,123.0,1.5,1653.25,1,126.85507528416258,354.6175968170908,4.324604839232815,4766.435300307768
20127,KS,6023.5,1.25,1.75,0.0,73.0,1,20.752054453390887,29.052876234747238,0.0,1211.9199800780277
20129,KS,3146.5,6.0,5.25,0.0,97.25,1,190.68806610519624,166.85205784204672,0.0,3090.7357381217225
20131,KS,10407.5,5.25,11.0,0.25,184.25,1,50.44439106413645,105.69300984866682,2.4021138601969736,1770.3579149651694
20133,KS,16417.0,10.0,15.25,0.0,331.75,1,60.91246878235975,92.89151489309862,0.0,2020.7711518547846
20135,KS,2986.75,0.25,0.25,0.0,19.5,1,8.37030216790826,8.37030216790826,0.0,652.8835690968444
20137,KS,5608.0,1.25,6.25,0.0,124.5,1,22.289586305278174,111.44793152639087,0.0,2220.042796005706
20139,KS,16973.75,17.0,19.0,0.0,462.0,1,100.1546505633699,111.93755062964873,0.0,2721.849915310406
20141,KS,3981.5,2.0,6.25,0.0,79.0,1,50.232324500816276,156.97601406505086,0.0,1984.176817782243
20143,KS,6130.5,2.5,4.5,0.0,108.5,1,40.779708017290595,73.40347443112307,0.0,1769.8393279504116
20145,KS,6594.25,9.25,25.25,0.0,188.0,1,140.2737233195587,382.9093528452819,0.0,2850.968646927247
20147,KS,5451.0,3.5,4.25,0.0,97.5,1,64.2084021280499,77.96734544120345,0.0,1788.6626307099616
20149,KS,19287.25,14.75,40.25,0.25,854.75,1,76.4753917743587,208.6870860283348,1.296193080921334,4431.684143670041
20151,KS,9463.0,8.25,13.0,0.5,385.25,1,87.18165486632147,137.37715312268836,5.283736658564937,4071.119095424284
20153,KS,2645.5,1.0,4.25,0.0,55.0,1,37.8000378000378,160.65016065016064,0.0,2079.002079002079
20155,KS,63637.0,56.25,209.25,1.5,2269.75,1,88.39197322312491,328.81814039002467,2.3571192859499974,3566.7143328566713
20157,KS,5047.0,3.0,8.25,0.0,121.0,1,59.44125222904695,163.46344362987915,0.0,2397.463839904894
20159,KS,10332.0,11.75,10.25,0.25,165.75,1,113.72435152922958,99.2063492063492,2.419667053813395,1604.239256678281
20161,KS,64753.25,80.5,257.0,1.5,2675.0,1,124.3180844204731,396.89127572747316,2.3164860451019833,4131.06678043187
20163,KS,5285.25,1.75,4.75,0.0,83.5,1,33.1110165082068,89.87275909370418,0.0,1579.8685019630102
20165,KS,3346.0,1.75,5.0,0.0,95.75,1,52.30125523012552,149.43215780035865,0.0,2861.625821876868
20167,KS,6808.0,6.0,14.0,0.25,331.25,1,88.1316098707403,205.64042303172738,3.672150411280846,4865.599294947121
20169,KS,54377.75,63.25,368.0,2.0,4161.25,1,116.31595643438722,676.7473828909802,3.677974907016197,7652.486540910575
20171,KS,4609.0,6.25,8.25,0.0,128.75,1,135.60425254935993,178.99761336515513,0.0,2793.4476025168146
20173,KS,472847.25,782.5,2257.5,21.0,17498.0,1,165.486845910598,477.4269068922364,4.441180529230105,3700.560804784209
20175,KS,23381.25,53.5,113.0,1.0,1289.25,1,228.8158246458166,483.29323710237907,4.276931301790965,5514.033680834002
20177,KS,173316.5,280.5,750.75,7.25,5971.25,1,161.84264048720115,433.16706718633253,4.183098550916965,3445.2865134017825
20179,KS,2566.5,0.0,2.25,0.0,18.25,1,0.0,87.66803039158387,0.0,711.0851353984025
20181,KS,6051.5,7.0,19.5,0.0,208.75,1,115.67379988432619,322.234156820623,0.0,3449.557960836156
20183,KS,4050.25,2.75,6.75,0.25,97.25,1,67.89704339238318,166.65637923584964,6.172458490216653,2401.086352694278
20185,KS,4448.75,2.5,3.5,0.0,53.25,1,56.19556055071649,78.67378477100308,0.0,1196.9654397302613
20187,KS,2248.25,1.25,1.0,0.75,34.5,1,55.59879906594017,44.479039252752145,33.359279439564105,1534.526854219949
20189,KS,5325.25,3.75,2.25,0.0,71.0,1,70.41922914417164,42.25153748650298,0.0,1333.270738462983
20191,KS,23504.25,12.0,17.25,0.5,328.5,1,51.05459650914196,73.39098248189157,2.127274854547582,1397.6195794377613
20193,KS,7483.0,9.5,24.75,0.0,332.0,1,126.95443004142723,330.74969931845516,0.0,4436.72323934251
20195,KS,3021.75,2.0,3.75,0.0,42.75,1,66.18681227765369,124.10027302060065,0.0,1414.7431124348473
20197,KS,6931.5,3.75,14.25,0.0,170.75,1,54.10084397316598,205.58320709803073,0.0,2463.3917622448243
20199,KS,1531.25,0.75,3.0,0.0,25.75,1,48.97959183673469,195.91836734693877,0.0,1681.6326530612246
20201,KS,5958.0,1.25,6.0,0.0,88.5,1,20.98019469620678,100.70493454179255,0.0,1485.3977844914402
20203,KS,2279.75,1.5,4.75,0.0,88.0,1,65.79668823335892,208.35617940563657,0.0,3860.0723763570563
20205,KS,9867.75,8.0,17.5,0.0,269.5,1,81.07217957487775,177.34539282004508,0.0,2731.1190494286943
20207,KS,3478.5,2.5,4.5,0.0,96.25,1,71.87005893344833,129.366106080207,0.0,2766.9972689377605
20209,KS,155687.0,295.5,870.25,8.5,6635.0,1,189.80390141758787,558.9740954607643,5.4596722911996505,4261.755959071727
21001,KY,17762.75,13.0,55.5,1.0,823.75,1,73.1868657724733,312.4516192594052,5.629758905574869,4637.513898467298
21003,KY,18885.75,12.25,53.25,1.25,765.75,1,64.8637200005295,281.95861959413844,6.618746938829541,4054.644374726977
21005,KY,20868.75,15.5,98.25,0.75,1106.0,1,74.27373465109314,470.7996406109614,3.5938903863432166,5299.79035639413
21007,KY,8316.5,3.0,15.25,0.0,228.25,1,36.07286719172729,183.37040822461373,0.0,2744.543978837251
21009,KY,40731.75,33.5,155.75,1.75,2232.75,1,82.24542279671265,382.3798388235222,4.296402683410362,5481.596052219706
21011,KY,11702.25,6.25,23.25,0.75,430.5,1,53.40853254715974,198.6797410754342,6.409023905659168,3678.7797218483624
21013,KY,29548.5,24.25,114.75,1.0,1407.0,1,82.06846371220198,388.3445860195949,3.384266544833071,4761.66302858013
21015,KY,109870.5,172.5,740.25,4.0,7020.5,1,157.00301718841726,673.747730282469,3.6406496739343135,6389.795258963963
21017,KY,19883.25,25.0,103.5,1.0,1344.25,1,125.7339720619114,520.5386443363132,5.029358882476457,6760.715677768976
21019,KY,49469.75,55.75,274.75,2.25,2786.0,1,112.69513187351866,555.3899099955023,4.548234021801202,5631.724437661399
21021,KY,28614.75,33.0,169.75,1.0,1844.75,1,115.32513825911461,593.2255218025668,3.4947011593671093,6446.849963742475
21023,KY,8716.0,10.0,36.5,0.25,515.75,1,114.73152822395595,418.7700780174392,2.8682882055988985,5917.2785681505275
21025,KY,15921.25,9.25,45.25,0.75,692.75,1,58.09845332495878,284.21135275182536,4.710685404726388,4351.103085498939
21027,KY,19314.5,9.75,47.5,0.5,697.5,1,50.48020916927696,245.929224158016,2.5887286753475367,3611.2765021098144
21029,KY,71664.25,82.0,398.5,2.5,4461.5,1,114.42246308305745,556.0652626658341,3.4884897281419955,6225.558768842205
21031,KY,13439.25,8.5,28.75,0.0,482.0,1,63.24757705973176,213.92562829026917,0.0,3586.50966385773
21033,KY,12927.75,12.75,64.5,0.0,695.5,1,98.62505076289378,498.9267273887568,0.0,5379.899827889617
21035,KY,35639.25,31.0,154.25,1.5,2112.75,1,86.98275075934538,432.80933240738796,4.208842778678003,5928.155053767967
21037,KY,87325.75,119.75,610.75,4.5,7084.75,1,137.13022791101136,699.3927907862228,5.153119211687274,8113.013630000315
21039,KY,5296.75,1.75,9.5,0.0,161.5,1,33.039127767026955,179.35526502100345,0.0,3049.0395053570587
21041,KY,10532.0,10.25,29.25,0.75,915.0,1,97.32244587922521,277.7250284846183,7.121154576528674,8687.808583364982
21043,KY,27544.5,9.0,45.25,0.25,619.75,1,32.674399607907205,164.27962025086677,0.9076222113307556,2249.9954618889433
21045,KY,16338.0,3.5,17.0,0.25,283.0,1,21.422450728363327,104.05190353776472,1.5301750520259518,1732.1581588933773
21047,KY,72659.0,125.25,414.25,6.0,5338.0,1,172.38057226221116,570.128958559848,8.257751964656821,7346.646664556352
21049,KY,35322.25,44.0,198.75,1.5,2607.0,1,124.5673760873104,562.6764999398396,4.246615093885582,7380.617033173141
21051,KY,24115.0,15.0,72.5,2.0,1200.75,1,62.201948994401825,300.64275347294216,8.293593199253577,4979.266017001866
21053,KY,9590.5,4.5,19.25,0.0,344.5,1,46.92143266774412,200.71946196757207,0.0,3592.0963453417444
21055,KY,9060.75,4.75,26.75,0.0,347.75,1,52.42391634246613,295.2294236128356,0.0,3837.9825069668623
21057,KY,7078.75,4.25,19.5,0.25,323.25,1,60.03884866678439,275.47236447112834,3.5316969803990816,4566.484195656013
21059,KY,93789.5,136.25,541.75,4.25,7312.0,1,145.2721253445215,577.6232947184919,4.5314240933153505,7796.1818753698435
21061,KY,12074.5,12.5,37.75,0.25,623.5,1,103.52395544328957,312.64234543873454,2.0704791088657917,5163.7748975112845
21063,KY,7067.0,3.0,8.25,0.5,224.0,1,42.450827791141926,116.73977642564031,7.075137965190322,3169.6618084052634
21065,KY,15145.25,7.25,35.25,0.75,468.75,1,47.86979415988511,232.7462405704759,4.952047671712253,3095.0297948201583
21067,KY,273147.75,679.5,2782.5,16.25,18584.25,1,248.76646430365986,1018.6794509564879,5.9491612140316,6803.735341037955
21069,KY,14714.0,6.25,31.25,0.25,408.75,1,42.47655294277559,212.38276471387792,1.6990621177110237,2777.966562457523
21071,KY,42400.0,12.0,70.0,0.5,1065.0,1,28.30188679245283,165.0943396226415,1.1792452830188678,2511.7924528301887
21073,KY,48486.75,69.75,319.5,2.5,3538.25,1,143.85373323639962,658.9429070828628,5.156047786250883,7297.3544318808745
21075,KY,7064.75,10.5,44.0,1.0,585.25,1,148.62521674510776,622.8104320747373,14.15478254715312,8284.086485721364
21077,KY,8129.5,9.75,34.25,0.25,524.0,1,119.93357525063041,421.30512331631707,3.0752198782212927,6445.660864751831
21079,KY,16901.5,9.25,39.5,0.25,601.0,1,54.72887021861965,233.70706742005146,1.479158654557288,3555.8974055557196
21081,KY,25001.25,23.0,84.5,1.25,1256.75,1,91.99540022998849,337.9831008449578,4.999750012499375,5026.748662566872
21083,KY,37821.25,38.5,138.0,2.25,2415.0,1,101.79462603695012,364.87424397660044,5.949036586575007,6385.299269590508
21085,KY,25444.5,15.75,92.25,1.25,1091.5,1,61.89942816718741,362.5537935506691,4.9126530291418575,4289.7286250466705
21087,KY,11672.0,8.25,33.75,0.75,523.5,1,70.68197395476354,289.15352981494175,6.425633995887594,4485.092529129541
21089,KY,37471.25,44.75,196.0,1.5,2318.0,1,119.4248924175201,523.0676852253395,4.003069019581679,6186.075991593555
21091,KY,8633.5,9.5,38.5,0.5,535.5,1,110.03648578212776,445.9373371170441,5.79139398853304,6202.582961718886
21093,KY,97669.25,137.25,530.25,4.0,6816.5,1,140.5252932729595,542.9037286556413,4.095454813055286,6979.16693329784
21095,KY,31602.75,17.5,98.0,0.5,1505.75,1,55.37492781482624,310.09959576302697,1.5821407947093213,4764.617003267121
21097,KY,18597.5,12.5,60.0,0.25,892.0,1,67.21333512568893,322.6240086033069,1.3442667025137787,4796.343594569163
21099,KY,18524.25,8.5,54.0,0.25,698.75,1,45.88579834541209,291.50977772379446,1.3495823042768265,3772.08254045373
21101,KY,45740.5,55.0,304.5,2.0,3182.25,1,120.2435478405352,665.7120057716903,4.372492648746734,6957.182365737148
21103,KY,16033.75,16.5,67.5,0.75,915.75,1,102.9079285881344,420.9869805878226,4.677633117642473,5711.390036641459
21105,KY,5046.25,3.25,13.5,0.25,211.5,1,64.4042605895467,267.52539014119395,4.954173891503592,4191.231112212038
21107,KY,46871.25,48.5,274.0,2.0,3039.0,1,103.47494466223964,584.5800997413126,4.267008027308851,6483.7186974957995
21109,KY,13730.25,2.75,11.75,0.25,234.75,1,20.028768594890842,85.5774658145336,1.8207971449900766,1709.728519145682
21111,KY,706606.25,1693.75,7113.0,41.25,49316.75,1,239.70209717222284,1006.6426669732967,5.837763252164837,6979.382081604854
21113,KY,44632.0,62.75,291.0,2.25,3224.25,1,140.59419250761786,651.9985660512637,5.041226026169564,7224.076895500986
21115,KY,24169.25,12.75,48.5,0.5,899.5,1,52.75298157783134,200.6682044333192,2.068744375601229,3721.671131706611
21117,KY,155451.5,226.25,1209.5,8.0,12626.5,1,145.543786968926,778.0561782935513,5.14629964972998,8122.469065914449
21119,KY,17557.5,7.0,35.5,0.25,477.25,1,39.8690018510608,202.19279510180834,1.4238929232521713,2718.2115904883954
21121,KY,30528.75,6.25,31.5,0.25,530.25,1,20.47250542521394,103.18142734307824,0.8189002170085575,1736.8873602751505
21123,KY,13739.5,11.5,41.0,0.25,612.0,1,83.70028021398159,298.40969467593436,1.8195713089996,4454.31056443102
21125,KY,57211.25,17.25,133.5,0.75,1526.5,1,30.151412528130397,233.34571434813958,1.3109309794839301,2668.1815202429593
21127,KY,16334.0,10.0,36.25,1.0,648.25,1,61.22199093914534,221.92971715440183,6.122199093914534,3968.7155626300964
21129,KY,7655.5,4.5,17.5,0.5,345.0,1,58.78126836914636,228.5938214355692,6.531252041016263,4506.563908301221
21131,KY,11967.75,5.5,16.25,0.75,405.25,1,45.956842347141276,135.7815796620083,6.266842138246537,3386.1837020325456
21133,KY,24454.25,11.75,45.25,0.5,726.25,1,48.04890765408876,185.0394103274482,2.0446343682590964,2969.831419896337
21135,KY,13941.75,8.75,29.75,0.75,586.75,1,62.761131134900566,213.38784585866193,5.37952552584862,4208.582136388904
21137,KY,25348.5,17.0,68.0,1.25,1090.5,1,67.06511233406316,268.26044933625263,4.931258259857585,4302.029705899758
21139,KY,9768.5,1.0,3.0,0.0,126.0,1,10.23698623125352,30.710958693760556,0.0,1289.8602651379433
21141,KY,27339.5,31.5,104.5,1.25,1597.5,1,115.2179081548675,382.23083816456045,4.572139212494742,5843.19391356828
21143,KY,8265.25,5.0,22.0,0.5,358.5,1,60.49423792383776,266.1746468648861,6.0494237923837755,4337.436859139167
21145,KY,65016.0,77.75,341.75,3.5,3853.25,1,119.58594807432016,525.6398425003076,5.383290267011197,5926.61806324597
21147,KY,17335.25,7.75,21.0,1.0,561.25,1,44.70659494382833,121.14045081553482,5.768592895977848,3237.6227628675674
21149,KY,9906.5,9.25,33.75,0.0,478.25,1,93.3730379044062,340.68540857013073,0.0,4827.638419219704
21151,KY,79484.25,55.25,277.25,3.75,3659.0,1,69.51062631905063,348.8112424788559,4.717915813510224,4603.427723102375
21153,KY,13451.0,3.75,18.25,0.25,278.25,1,27.878968106460487,135.67764478477434,1.8585978737640323,2068.619433499368
21155,KY,19029.0,11.0,58.5,0.25,690.75,1,57.80650585947764,307.42550843449476,1.3137842240790372,3629.9858111303797
21157,KY,31288.25,15.25,67.25,0.5,1028.5,1,48.74034182161035,214.93691721333087,1.5980439941511588,3287.176495968934
21159,KY,12082.5,3.75,15.25,0.25,303.0,1,31.036623215394165,126.21560107593628,2.069108214359611,2507.759155803849
21161,KY,17239.0,16.0,87.0,0.75,932.25,1,92.81280816752712,504.66964441092875,4.350600382852834,5407.796275886072
21163,KY,28226.25,25.75,86.5,1.25,1501.25,1,91.22713785926221,306.45232717771574,4.428501837828263,5318.630707231743
21165,KY,6824.75,0.5,1.75,0.0,77.0,1,7.326275687754131,25.641964907139453,0.0,1128.246455914136
21167,KY,21847.5,19.0,81.75,1.0,1068.0,1,86.96647213640004,374.1846893237213,4.577182744021055,4888.431170614486
21169,KY,10303.5,6.5,25.5,0.5,428.25,1,63.08535934391226,247.48871742611735,4.852719949531712,4156.354636773912
21171,KY,11738.0,9.75,43.75,0.5,586.0,1,83.06355426818878,372.7210768444369,4.2596694496507075,4992.332594990629
21173,KY,24764.5,11.75,87.25,0.25,1081.5,1,47.44695027155808,352.3188435058249,1.0095095802459166,4367.138444143835
21175,KY,14396.25,5.0,26.5,0.25,367.75,1,34.731266822957366,184.07571416167403,1.7365633411478685,2554.4846748285145
21177,KY,31667.75,18.25,107.0,0.75,1157.5,1,57.629607408167615,337.8831776807636,2.3683400304726416,3655.1381136961104
21179,KY,42025.75,49.75,229.5,1.75,2771.25,1,118.37980285896147,546.0937639423449,4.16411366840568,6594.171430610994
21181,KY,7031.75,5.25,21.25,0.25,344.5,1,74.66135741458385,302.2007323923632,3.5553027340278027,4899.207167490312
21183,KY,23821.5,16.25,65.75,0.25,880.0,1,68.21568750918289,276.01116638330916,1.0494721155258906,3694.1418466511345
21185,KY,54942.75,59.0,201.25,2.25,3054.75,1,107.38450477997552,366.2903658808487,4.095171792456694,5559.878236892037
21187,KY,11486.0,7.0,25.5,0.75,458.0,1,60.9437576179697,222.00940275117534,6.52968831621104,3987.4629984328744
21189,KY,4708.5,1.0,2.75,0.0,70.25,1,21.238186258893492,58.4050122119571,0.0,1491.9825846872677
21191,KY,15278.0,16.25,55.25,0.5,825.5,1,106.36208927870139,361.63110354758476,3.272679670113889,5403.194135358031
21193,KY,29683.0,23.5,133.5,1.75,1599.5,1,79.16989522622377,449.7523835191861,5.895630495569855,5388.606272950848
21195,KY,66738.0,18.0,128.5,0.75,1791.25,1,26.971140879259192,192.54397794360034,1.1237975366357997,2684.0031166651684
21197,KY,13831.75,7.0,37.0,0.25,437.25,1,50.60820214361885,267.50049704484246,1.8074357908435303,3161.205198185334
21199,KY,60003.75,31.0,189.75,1.25,2110.5,1,51.6634377018103,316.23023561027435,2.0832031331375123,3517.2801699893757
21201,KY,2288.5,1.5,5.25,0.25,92.0,1,65.5451168887918,229.40790911077127,10.924186148131964,4020.100502512563
21203,KY,16842.25,12.0,47.25,0.25,693.0,1,71.24938770057446,280.5444640710119,1.4843622437619677,4114.652139708174
21205,KY,22415.75,14.75,69.25,1.0,967.5,1,65.80194729152493,308.9345660974984,4.461148968916945,4316.161627427144
21207,KY,17173.25,7.5,37.0,0.25,467.5,1,43.672572168925505,215.45135603336587,1.4557524056308504,2722.25699852969
21209,KY,41307.75,50.25,221.0,1.75,2721.5,1,121.64787479347096,535.0085637683001,4.236493152011426,6588.352064685199
21211,KY,39469.75,44.75,174.5,1.5,2306.25,1,113.37796667067818,442.1107303694601,3.8003787710841848,5843.082360541934
21213,KY,17162.0,15.5,73.25,1.25,962.25,1,90.31581400769142,426.81505652021906,7.283533387717049,5606.864001864585
21215,KY,16385.0,16.75,52.5,0.5,859.0,1,102.22764723832773,320.415013732072,3.051571559353067,5242.5999389685685
21217,KY,23889.75,24.5,144.0,1.5,1481.0,1,102.55444280496866,602.7689699557342,6.278843437038898,6199.311420169738
21219,KY,12044.0,9.5,41.75,0.5,632.25,1,78.87744935237463,346.6456326801727,4.151444702756559,5249.501826635669
21221,KY,13463.75,15.25,54.75,0.75,809.5,1,113.26710611828057,406.64747934267945,5.570513415653143,6012.440813294958
21223,KY,9137.75,9.0,25.5,0.25,458.5,1,98.4925173045881,279.06213236299965,2.7359032584607808,5017.646576017072
21225,KY,15492.75,11.75,65.0,0.25,759.25,1,75.84192606219038,419.5510803440319,1.6136580013231996,4900.679350018558
21227,KY,101442.75,125.0,550.0,4.75,6784.25,1,123.2222115429639,542.1777307890411,4.682444038632628,6687.762309282822
21229,KY,11506.75,8.0,32.25,0.5,502.75,1,69.52440958567797,280.2702761422643,4.345275599104873,4369.17461489995
21231,KY,20603.0,19.5,72.75,3.5,957.25,1,94.6464107168859,353.103916905305,16.987817308159006,4646.168033781488
21233,KY,14122.75,16.25,76.5,0.5,981.25,1,115.0625763395939,541.6792055371652,3.5403869642951977,6948.009417429325
21235,KY,40260.75,35.0,176.25,2.25,2282.75,1,86.93330352762926,437.77127847841876,5.588569512490452,5669.914246505592
21237,KY,7093.75,1.25,5.5,0.0,112.5,1,17.62114537444934,77.53303964757708,0.0,1585.9030837004407
21239,KY,24405.5,27.5,99.25,1.25,1379.5,1,112.67951896088996,406.6706275224847,5.121796316404089,5652.414414783552
22001,LA,58848.5,143.25,330.25,2.5,2659.25,0,243.42166750214537,561.1867762134974,4.248196640526096,4518.806766527609
22003,LA,25117.5,78.5,166.5,1.25,1602.0,0,312.5311038120832,662.8844431173485,4.976609933313427,6378.023290534487
22005,LA,93919.0,330.0,796.0,16.75,4131.75,0,351.3666031367455,847.5388366571194,17.834516977395413,4399.269583364388
22007,LA,22932.25,57.25,81.0,4.25,1347.5,0,249.6484208919753,353.21435968995627,18.532852205954498,5876.004317064396
22009,LA,41778.5,104.25,194.0,0.25,1610.0,0,249.5302607800663,464.35367473700586,0.5983939107435643,3853.6567851885543
22011,LA,34693.5,45.0,151.75,1.75,1297.75,0,129.70729387349215,437.4018187844986,5.044172539524695,3740.6142360960985
22013,LA,14931.25,21.5,46.0,0.75,447.5,0,143.99330263708666,308.07869401423187,5.023022185014651,2997.069903725408
22015,LA,104947.5,476.75,596.25,1.5,3536.75,0,454.2747564258319,568.1412134638748,1.4292860716072322,3370.0183425045852
22017,LA,250068.25,824.25,2082.5,34.25,15747.5,0,329.61001646550494,832.772653065713,13.69626092076863,6297.280842330044
22019,LA,182798.75,479.0,1184.75,20.25,9059.25,0,262.0368027680715,648.1171233391914,11.077756275685694,4955.859927926203
22021,LA,10452.25,39.0,50.75,1.0,468.25,0,373.12540362122985,485.54139060967736,9.567318041569997,4479.896672965151
22023,LA,8424.5,23.0,27.0,0.0,299.0,0,273.0132352068372,320.49379785150455,0.0,3549.1720576888833
22025,LA,10371.0,30.75,21.5,1.25,195.25,0,296.4998553659242,207.30884196316651,12.05283964902131,1882.6535531771285
22027,LA,16091.25,43.25,74.75,0.5,776.0,0,268.77961625106815,464.5381806882623,3.1072788005903833,4822.496698516275
22029,LA,19084.0,60.75,100.25,2.5,853.25,0,318.3294906728149,525.3091595053448,13.099979040033535,4471.022846363446
22031,LA,26071.5,79.75,143.25,4.0,1169.5,0,305.8895729052797,549.4505494505495,15.342423719387071,4485.741134955794
22033,LA,416590.75,1259.5,5287.75,72.0,38519.5,0,302.3350854525695,1269.2912648684592,17.283148989745932,9246.364687646088
22035,LA,8520.0,55.25,51.25,2.25,584.25,0,648.4741784037558,601.5258215962441,26.40845070422535,6857.394366197183
22037,LA,20597.75,62.5,93.25,1.25,828.0,0,303.4312000097098,452.71935041448705,6.068624000194196,4019.8565377286354
22039,LA,35311.75,87.5,213.25,1.0,1562.75,0,247.7928734769588,603.9066316452739,2.831918554022386,4425.580720298484
22041,LA,20120.0,84.75,140.75,0.0,1013.5,0,421.22266401590457,699.5526838966204,0.0,5037.27634194831
22043,LA,19411.75,57.0,96.75,0.0,892.5,0,293.63658608832276,498.4094684920216,0.0,4597.730755856634
22045,LA,74067.5,177.75,311.25,2.75,3143.75,0,239.98379856212236,420.2247949505519,3.712829513619334,4244.4391939784655
22047,LA,32143.75,150.5,215.5,5.5,1914.75,0,468.20921641065524,670.4258215049582,17.110635815671788,5956.8345323741005
22049,LA,14994.5,22.75,57.75,0.25,581.0,0,151.72229817599785,385.1412184467638,1.6672780019340425,3874.7540764947144
22051,LA,438758.5,3000.0,4603.75,36.75,33877.5,0,683.7474373715836,1049.2674215998095,8.375906107801901,7721.217936518608
22053,LA,30899.25,70.75,170.25,1.5,1114.75,0,228.96995881777067,550.9842471904658,4.854486759387363,3607.692743351376
22055,LA,198869.75,738.0,1963.0,33.25,15262.25,0,371.09716284150807,987.078225823686,16.71948599523055,7674.4954926528535
22057,LA,91760.25,252.25,309.0,4.25,5602.5,0,274.90116907920367,336.7471208938511,4.631635157925136,6105.584934653077
22059,LA,13904.0,52.75,75.75,0.75,796.75,0,379.3872266973533,544.807249712313,5.3941311852704255,5730.365362485615
22061,LA,41721.75,123.5,309.25,1.5,2820.0,0,296.00867652962785,741.2201070185215,3.5952470833558037,6759.0645167089115
22063,LA,111963.0,300.75,684.5,8.0,4252.0,0,268.6155247715763,611.3626823146932,7.145217616534034,3797.6831631878385
22065,LA,12164.0,57.75,102.25,1.25,660.25,0,474.7615915817165,840.5951989477146,10.276224926011182,5427.902005919105
22067,LA,29315.5,56.0,167.25,1.75,1377.0,0,191.02522556326858,570.5173031331549,5.969538298852143,4697.173850011086
22069,LA,38410.0,184.75,297.25,1.75,2968.0,0,480.9945326737829,773.8870085915127,4.556105180942463,7727.1543868784165
22071,LA,349069.75,1337.5,4204.25,72.25,35929.5,0,383.16124499473244,1204.4154499208253,20.69786912214536,10292.92856227158
22073,LA,147225.75,459.25,1306.75,7.0,11137.5,0,311.9359215354651,887.5825050984627,4.754603050077857,7564.9130671774465
22075,LA,25113.25,50.75,105.5,1.75,901.5,0,202.08455695698487,420.09696076772224,6.968432998516719,3589.7384846644695
22077,LA,22199.75,51.75,87.5,2.25,699.75,0,233.1107332289778,394.1485827543103,10.135249270825122,3152.0625232266125
22079,LA,127891.5,451.0,1354.5,9.5,13004.75,0,352.6426697630413,1059.100878479023,7.428171536028586,10168.580398228185
22081,LA,9297.75,25.25,44.5,1.0,343.0,0,271.57107902449513,478.6104164986153,10.75529025839585,3689.064558629776
22083,LA,20235.0,34.25,142.25,0.5,1077.75,0,169.26118112181862,702.9898690387942,2.4709661477637757,5326.167531504819
22085,LA,23496.0,48.5,93.0,0.5,893.75,0,206.4181137214845,395.81205311542396,2.128021790943139,3803.838951310862
22087,LA,44788.0,109.75,254.75,2.5,2075.25,0,245.0433151737072,568.7907475216576,5.581852281861213,4633.495579172993
22089,LA,51029.25,116.75,253.75,4.0,3827.25,0,228.79035063223543,497.26382417926976,7.83864156341706,7500.110230896985
22091,LA,10357.0,22.25,38.5,0.75,326.75,0,214.83054938688807,371.7292652312446,7.241479192816453,3154.871101670368
22093,LA,21154.5,79.75,116.5,1.25,1130.5,0,376.9883476328913,550.7102507740669,5.908908270108015,5344.016639485689
22095,LA,46804.0,145.5,275.25,3.5,1841.25,0,310.8708657379711,588.0907614733783,7.477993333903085,3933.9586360140156
22097,LA,90084.25,245.75,723.0,3.5,6027.75,0,272.80018427194545,802.5820273799249,3.885251861451919,6691.236259390515
22099,LA,50425.25,165.5,341.75,5.0,3288.0,0,328.2085859762718,677.7358565401262,9.915667250038423,6520.5427836252675
22101,LA,50958.5,198.25,417.75,2.0,4427.0,0,389.0420636400208,819.784726787484,3.9247623065828074,8687.461365621046
22103,LA,222727.0,522.0,1639.5,9.75,12492.5,0,234.36763391955174,736.1029421668679,4.377556380681283,5608.884419042146
22105,LA,109575.0,776.5,1205.5,8.25,10342.75,0,708.6470454026922,1100.1597079625826,7.529089664613278,9438.96874287018
22107,LA,5966.0,19.75,47.5,0.0,423.0,0,331.04257458933955,796.1783439490446,0.0,7090.177673483071
22109,LA,106947.0,336.5,968.25,5.75,6616.25,0,314.64183193544466,905.3549889197453,5.376494899342665,6186.475543961027
22111,LA,22622.75,41.25,91.25,0.25,1320.25,0,182.3385751069167,403.3550297819673,1.1050822733752528,5835.93948569471
22113,LA,54889.25,155.0,276.0,5.0,2243.25,0,282.3868061596761,502.83070000045547,9.109251811602455,4086.865825275441
22115,LA,46907.75,88.0,285.25,1.0,2244.5,0,187.60226188636207,608.1084682168724,2.1318438850722963,4784.923600044769
22117,LA,44148.75,195.0,312.5,7.25,3722.0,0,441.68860953028116,707.8343101446814,16.42175599535661,8430.589767547213
22119,LA,40683.25,72.25,226.5,2.0,2209.25,0,177.59151493550786,556.7401817701387,4.916028095100564,5430.36753455046
22121,LA,21940.5,121.5,217.25,2.5,1930.5,0,553.7704245573256,990.1779813586746,11.394453180191883,8798.796745744172
22123,LA,11585.75,25.25,74.5,1.25,464.75,0,217.94014198476575,643.0313100144574,10.78911593983989,4011.393306432471
22125,LA,15065.0,50.0,36.0,1.0,420.25,0,331.8951211417192,238.96448722203783,6.637902422834384,2789.5784931961502
22127,LA,15608.25,40.25,64.5,0.25,589.5,0,257.8764435474829,413.24299649223974,1.6017170406675956,3776.8487818941903
22777,LA,0.0,0.0,0.0,0.0,0.0,0,,,,
23001,ME,107324.0,89.0,763.5,1.25,6433.75,1,82.92646565539862,711.3972643583915,1.164697551339868,5994.698296746301
23003,ME,72653.25,30.75,456.5,0.75,2985.0,1,42.324328230326934,628.3270190941217,1.0323006885445591,4108.556740407346
23005,ME,274577.25,198.5,1988.0,1.0,12364.5,1,72.29295216555633,724.0221103532795,0.3641962325720722,4503.104317637386
23007,ME,29802.25,34.75,174.25,0.0,1503.25,1,116.60193441770336,584.6873977635917,0.0,5044.082242112592
23009,ME,53560.5,29.75,156.0,0.25,1730.25,1,55.54466444488009,291.2594169210519,0.4667618860914294,3230.4590136387824
23011,ME,120853.75,53.0,762.0,0.75,5487.25,1,43.85465904036904,630.5141545049285,0.6205847977410713,4540.405241872924
23013,ME,41019.25,10.75,177.25,0.0,1640.25,1,26.20720759155762,432.1141902887059,0.0,3998.7323025165015
23015,ME,35140.25,15.75,111.0,0.25,1224.75,1,44.82039826125312,315.8770925078791,0.7114348930357639,3485.319540982207
23017,ME,56778.0,24.5,157.0,0.0,1791.0,1,43.15051604494698,276.51555179823174,0.0,3154.3907851632675
23019,ME,147650.5,62.0,1173.25,1.0,6759.5,1,41.99105319656892,794.6129542399111,0.6772750515575633,4578.040711003349
23021,ME,17460.5,20.75,55.75,0.25,477.5,1,118.839666676212,319.29211649150943,1.4318032129664098,2734.744136765843
23023,ME,36790.0,9.25,96.25,0.0,1467.25,1,25.14270182114705,261.6200054362599,0.0,3988.176134819244
23025,ME,51717.0,29.75,333.5,0.5,1851.5,1,57.52460506216524,644.8556567472978,0.9668000850784074,3580.0607150453434
23027,ME,38639.75,12.5,115.25,0.0,865.75,1,32.350105784845915,298.26797533627933,0.0,2240.5683266584283
23029,ME,33118.75,30.0,137.0,0.0,1223.0,1,90.58312889224382,413.66295527458004,0.0,3692.772221173806
23031,ME,202100.5,96.75,885.75,1.25,8831.25,1,47.872221988565094,438.27204781779363,0.6185041600589806,4369.731890816698
23777,ME,0.0,0.0,0.0,0.0,0.0,1,,,,
24001,MD,73014.5,196.5,734.5,0.5,5706.25,1,269.12462593046587,1005.9645686815633,0.6847954858281574,7815.228482013846
24003,MD,511007.75,746.0,4405.5,11.75,27081.0,1,145.98604424296892,862.119997201608,2.299378042700918,5299.52823611775
24005,MD,787039.75,2549.0,7041.75,44.0,39435.5,1,323.87182477123935,894.713386458562,5.590568964274041,5010.610963423385
24009,MD,88757.5,230.25,511.0,1.25,5831.25,1,259.41469734951977,575.7259949863392,1.4083316902796945,6569.867335154776
24011,MD,32244.25,76.75,254.5,1.0,1984.5,1,238.0269350349287,789.2880125913923,3.101328143777573,6154.585701326593
24013,MD,169654.25,175.5,656.25,1.25,5150.25,1,103.44568438456449,386.8161275063843,0.7367926238216844,3035.732968670104
24015,MD,98940.25,274.25,867.5,5.5,5912.5,1,277.1874944726742,876.7918011122874,5.558910554602399,5975.828846197579
24017,MD,140100.5,684.75,1567.0,6.5,9453.25,1,488.75628566636095,1118.4828034161192,4.63952662552953,6747.477703505697
24019,MD,31478.5,142.5,348.75,2.5,3088.75,1,452.68993122289817,1107.8990422034087,7.941928617945582,9812.252807471767
24021,MD,223217.75,353.25,934.0,2.5,8722.25,1,158.2535439049986,418.42550603614626,1.1199826178697705,3907.507355485843
24023,MD,29838.5,47.25,239.5,0.75,1768.5,1,158.35246409839635,802.6542889220302,2.5135311761650216,5926.906513397121
24025,MD,240270.75,382.0,1282.5,4.75,10390.0,1,158.98730910857856,533.7728375176754,1.9769364352506495,4324.288328895631
24027,MD,271870.0,380.5,1340.0,3.5,8685.0,1,139.95659690293155,492.8826277264869,1.287379997793063,3194.5415088093573
24029,MD,19886.75,57.25,99.5,0.75,1292.25,1,287.88012118621697,500.33313638477887,3.7713552993827553,6498.045180836487
24031,MD,933676.0,1015.25,2973.0,19.5,20179.25,1,108.73686375145125,318.4188090943754,2.0885189294787483,2161.2690055222583
24033,MD,841284.25,1802.5,4159.75,79.25,22680.5,1,214.25576432697983,494.4523803934283,9.420121677066938,2695.937787971188
24035,MD,46219.25,94.25,228.5,0.5,1905.5,1,203.91936260324434,494.38275177550474,1.0818003321127019,4122.741065681507
24037,MD,98467.0,241.75,632.0,2.25,5894.25,1,245.51372541054363,641.8393979708937,2.2850295022697957,5986.015619446109
24039,MD,25923.5,83.0,138.5,2.0,1774.0,1,320.17281617065595,534.2642775859741,7.715007618570024,6843.211757671611
24041,MD,35840.0,71.5,282.5,0.5,2491.75,1,199.49776785714283,788.2254464285714,1.3950892857142856,6952.427455357142
24043,MD,143242.75,361.75,863.5,4.5,8182.75,1,252.54332243691215,602.8228304748408,3.141520251461243,5712.505519476553
24045,MD,91589.25,477.75,1078.75,5.0,7353.25,1,521.6223519681622,1177.8128983477864,5.459155959897041,8028.507712422582
24047,MD,49091.25,197.25,630.0,3.0,7321.25,1,401.80276525857465,1283.324421358185,6.111068673134214,14913.553841061288
24510,MD,634359.75,2091.25,4936.0,119.25,91555.75,1,329.66309731977793,778.1073751920736,18.798481461032168,14432.780453047344
25001,MA,226138.0,447.0,825.0,1.75,7289.5,1,197.66691135501333,364.82148068878297,0.7738637469156001,3223.47416179501
25003,MA,131331.75,207.25,295.0,1.25,3601.0,1,157.80647101709982,224.62199734641473,0.9517881243492149,2741.911228625218
25005,MA,547576.25,1553.75,2781.25,6.25,20466.75,1,283.7504365830329,507.9201298449303,1.1413935502133263,3737.698631012576
25007,MA,15633.25,15.75,49.0,0.25,552.5,1,100.74680568659747,313.43450658052546,1.5991556458190077,3534.1339772600068
25009,MA,738848.75,898.75,1769.25,2.5,16085.25,1,121.64194633881428,239.46037670091476,0.3383642457268825,2177.069393431335
25011,MA,72286.0,139.5,178.5,0.5,2700.5,1,192.9834269429765,246.93578286251835,0.6916968707633566,3735.8547989928893
25013,MA,461713.5,884.5,1415.25,8.75,15742.0,1,191.5690141180624,306.52125181524906,1.8951146111170674,3409.4736237948428
25015,MA,153869.75,151.5,309.75,0.0,4580.75,1,98.4598987130349,201.3066245964525,0.0,2977.0308978860367
25017,MA,1469269.25,1571.75,2932.75,13.75,21227.25,1,106.97494689962375,199.60602864315032,0.9358393636836815,1444.7488096548675
25019,MA,10498.25,19.0,21.0,0.0,287.0,1,180.9825447098326,200.03333888981498,0.0,2733.7889648274713
25021,MA,655851.0,651.25,1534.25,1.75,9699.0,1,99.29846870706913,233.9327072765003,0.266828898637038,1478.8419930746466
25023,MA,494089.5,927.75,1299.75,3.25,13710.25,1,187.76962473398038,263.0596278609442,0.6577755649533131,2774.851519815742
25025,MA,682620.25,3957.0,3130.75,30.25,23732.75,1,579.6780860222063,458.6371412216382,4.431453652305216,3476.7134435288144
25027,MA,786189.0,1475.0,2078.25,11.0,22974.75,1,187.61391980808685,264.3448331126485,1.399154656195902,2922.2934943124365
26001,MI,11599.5,7.25,13.75,0.0,245.5,1,62.502694081641444,118.53959222380276,0.0,2116.4705375231692
26003,MI,9624.5,8.75,19.75,0.75,269.75,1,90.91381370460803,205.20546521897242,7.792612603252117,2802.7429996363444
26005,MI,105686.25,113.75,264.25,1.25,3805.25,1,107.62989509042094,250.0325255177471,1.1827460998947357,3600.5156772995538
26007,MI,30039.0,37.5,110.25,0.0,1266.0,1,124.83771097573154,367.02287026865076,0.0,4214.521122540697
26009,MI,24411.75,12.75,18.25,0.0,426.75,1,52.22894712587176,74.75908118016937,0.0,1748.1335832130019
26011,MI,16938.25,12.25,24.5,0.0,293.5,1,72.32152081826635,144.6430416365327,0.0,1732.7646008294835
26013,MI,8651.5,7.5,13.5,0.0,266.75,1,86.69016933479743,156.04230480263539,0.0,3083.2803560076286
26015,MI,59561.75,44.5,155.0,0.5,2197.75,1,74.71237833005242,260.2341267675983,0.8394649250567688,3689.8680780870272
26017,MI,107840.75,112.5,290.5,0.75,4022.0,1,104.32049109450742,269.37869033737246,0.6954699406300494,3729.5734682854118
26019,MI,17612.25,9.75,14.5,0.0,342.25,1,55.35919601413788,82.32906073897429,0.0,1943.2497267526862
26021,MI,161055.5,218.25,676.25,1.25,7226.0,1,135.51229234642716,419.8863124823431,0.7761299676198578,4486.652116816874
26023,MI,46157.75,72.25,126.0,0.5,1660.75,1,156.5284269705521,272.9769107029697,1.0832417091387687,3597.98733690442
26025,MI,137618.75,226.75,438.5,2.5,4295.5,1,164.76679231572732,318.6339070802489,1.8166129252009626,3121.3043280802945
26027,MI,51207.25,31.5,82.5,0.25,1025.25,1,61.51472691855157,161.109999072397,0.48821211840120293,2002.1578975633333
26029,MI,26417.75,14.25,34.0,0.25,823.0,1,53.94100557390391,128.70134663247248,0.9463334311211212,3115.3296552507313
26031,MI,26829.5,23.0,49.25,0.0,763.0,1,85.72653236176596,183.5665964703032,0.0,2843.8845300881494
26033,MI,38669.0,28.0,122.5,0.0,1570.5,1,72.40942356926737,316.79122811554475,0.0,4061.3928469833713
26035,MI,31292.25,33.25,142.75,0.0,1032.75,1,106.25634142639151,456.1832402591696,0.0,3300.3379431009275
26037,MI,68706.5,22.75,60.25,0.5,1981.75,1,33.11185986769811,87.69184866060708,0.7277331839054529,2884.3704744092624
26039,MI,14835.5,11.5,37.0,0.0,449.75,1,77.51676721377777,249.40177277476323,0.0,3031.5796569040476
26041,MI,37869.75,49.0,133.0,0.0,1394.0,1,129.3908726622172,351.20379722601814,0.0,3681.0382957373627
26043,MI,27326.25,8.5,68.75,0.25,877.75,1,31.105621883719866,251.58958876538125,0.9148712318741138,3212.1128951100136
26045,MI,102321.5,47.0,139.0,0.0,1881.5,1,45.93365030809752,135.84632750692668,0.0,1838.811979886925
26047,MI,33789.5,31.75,84.75,0.25,1725.0,1,93.96410127406443,250.81756166856567,0.7398748131816097,5105.1362109531065
26049,MI,439581.25,568.75,1994.25,9.0,11899.0,1,129.38449945260405,453.6703965421637,2.0474030682609867,2706.894345470832
26051,MI,26862.0,40.25,83.25,0.0,1363.5,1,149.8399225671953,309.91735537190084,0.0,5075.9437123073485
26053,MI,16565.0,22.0,63.5,0.0,815.5,1,132.8101418653788,383.3383640205252,0.0,4923.030485964382
26055,MI,84623.75,91.25,375.0,1.0,4786.25,1,107.83024860042246,443.13800794694157,1.1817013545251775,5655.918108096132
26057,MI,42081.75,23.75,71.5,0.0,1325.25,1,56.43776696548979,169.90738265400086,0.0,3149.2273966743305
26059,MI,46978.5,46.5,118.25,0.5,1919.5,1,98.98144896069478,251.71088902370235,1.0643166554913417,4085.9116404312613
26061,MI,35281.5,16.25,72.0,0.0,745.5,1,46.058132449017194,204.07295608179925,0.0,2113.005399430296
26063,MI,33987.0,14.75,54.5,0.25,1044.25,1,43.398946656074386,160.35543001735957,0.7355753670521081,3072.4983081766554
26065,MI,283230.75,531.0,603.75,9.0,13949.75,1,187.47964336499479,213.16541371302375,3.1776210739829627,4925.224397421537
26067,MI,64420.75,40.5,124.0,0.0,2562.5,1,62.867942394337234,192.48456436784733,0.0,3977.755614456522
26069,MI,26585.75,36.0,104.5,0.0,1378.0,1,135.41088741148923,393.06771484723964,0.0,5183.227857028672
26071,MI,12251.0,14.5,31.5,0.0,445.25,1,118.35768508693168,257.12186760264467,0.0,3634.3971920659537
26073,MI,65555.75,90.5,249.25,0.25,3653.0,1,138.05043798598905,380.2107366630692,0.381354801066268,5572.356353180308
26075,MI,163087.25,154.5,407.75,2.75,5942.5,1,94.73456692659911,250.01954475288537,1.6862139744216669,3643.755106545729
26077,MI,241169.75,346.0,1362.5,4.25,9769.0,1,143.46741247606718,564.9547673371143,1.7622442283909985,4050.6738510945092
26079,MI,17218.0,17.5,43.25,0.0,841.75,1,101.63782088512022,251.1906144732257,0.0,4888.779184574283
26081,MI,598078.25,863.0,3564.25,6.25,20732.0,1,144.2954997945503,595.9504462835757,1.0450137586511463,3466.436039096891
26083,MI,2165.0,0.25,2.25,0.0,38.5,1,11.547344110854503,103.92609699769054,0.0,1778.2909930715934
26085,MI,11699.0,17.0,32.75,0.25,427.25,1,145.3115650910334,279.9384562783144,2.1369347807504915,3652.02154030259
26087,MI,92887.25,110.0,141.5,0.25,3169.5,1,118.4231420351017,152.3352236178808,0.2691435046252311,3412.20135163868
26089,MI,21905.0,5.25,4.5,0.0,221.75,1,23.967130792056608,20.54325496461995,0.0,1012.325952978772
26091,MI,101608.5,77.25,322.75,0.0,3650.75,1,76.0271040316509,317.6407485594217,0.0,3592.9572821171455
26093,MI,182885.0,69.75,309.75,0.25,3264.5,1,38.13872105421439,169.36872898269402,0.13669792492549962,1785.0015036771742
26095,MI,6719.75,10.5,26.75,0.0,336.75,1,156.25581308828453,398.08028572491537,0.0,5011.3471483314115
26097,MI,11062.0,11.75,28.5,0.0,523.25,1,106.2194901464473,257.638763333936,0.0,4730.157295244982
26099,MI,829069.5,1179.75,2947.25,9.5,21870.25,1,142.29808236824536,355.4888944774835,1.1458629222278711,2637.9272184056945
26101,MI,24979.0,15.5,75.0,0.25,1481.5,1,62.05212378397854,300.2522118579607,1.0008407061932023,5930.982024900916
26103,MI,64660.0,39.5,227.5,0.0,2586.75,1,61.08877203835446,351.84039591710484,0.0,4000.5412929167956
26105,MI,28892.75,29.25,97.5,1.0,1388.5,1,101.23646935649947,337.4548978549982,3.461075875435879,4805.703853042718
26107,MI,42234.75,28.5,120.5,0.5,2109.25,1,67.47997798021771,285.31008233741176,1.183859262810837,4994.1103001675165
26109,MI,24639.75,13.25,50.5,0.0,894.0,1,53.77489625503505,204.95337817956755,0.0,3628.2835661887802
26111,MI,83776.0,160.75,216.5,0.25,1395.25,1,191.8807295645531,258.4272345301757,0.298414820473644,1665.4531130634073
26113,MI,15175.75,7.0,17.0,0.25,437.75,1,46.12622110933562,112.02082269410077,1.6473650396191293,2884.5361843730952
26115,MI,151767.5,117.5,276.5,1.25,3556.5,1,77.42105523251026,182.1865682705454,0.8236282471543643,2343.3870888035976
26117,MI,63522.25,57.0,240.5,0.5,2491.75,1,89.7323378816084,378.6074957987162,0.7871257708913019,3922.641279236803
26119,MI,10400.5,9.75,16.75,0.25,262.5,1,93.74549300514398,161.04994952165762,2.4037305898754866,2523.9171193692614
26121,MI,174549.25,221.25,438.0,1.75,4828.5,1,126.75505623770943,250.9320435349908,1.0025823657219954,2766.267973079231
26123,MI,49300.75,54.5,127.5,0.25,1671.25,1,110.5459856087382,258.61675532319487,0.5070916771043037,3389.90786144227
26125,MI,1211502.25,1318.0,4746.75,12.75,31104.75,1,108.79055321605883,391.8069487695958,1.052412407818475,2567.4529287915066
26127,MI,28682.0,40.25,68.75,0.5,1087.0,1,140.33191548706506,239.69737117355834,1.7432536085349697,3789.833344955024
26129,MI,21620.0,21.25,102.0,0.0,953.25,1,98.2886216466235,471.78538390379276,0.0,4409.111933395005
26131,MI,7200.75,7.0,12.25,0.0,247.25,1,97.21209596222616,170.12116793389578,0.0,3433.6701038086308
26133,MI,23509.25,15.5,47.25,0.0,588.5,1,65.93149504982081,200.98471878090538,0.0,2503.269989472229
26135,MI,9125.0,6.25,16.75,0.25,433.75,1,68.4931506849315,183.56164383561642,2.7397260273972606,4753.424657534247
26137,MI,24512.75,29.75,139.25,0.0,1060.75,1,121.36541187749232,568.0717177795229,0.0,4327.33985374958
26139,MI,263890.0,188.5,947.25,1.0,11725.5,1,71.43127818409185,358.9563833415438,0.3789457728599038,4443.328659668801
26141,MI,14083.75,7.5,22.25,0.0,407.75,1,53.252862341350856,157.9834916126742,0.0,2895.180615958108
26143,MI,25867.5,22.25,117.0,0.0,1613.25,1,86.01527012660675,452.30501594665117,0.0,6236.590316033633
26145,MI,205415.25,422.75,564.25,4.25,7161.0,1,205.80263636706624,274.68749277378384,2.0689797860674903,3486.109234830423
26147,MI,170514.5,179.75,476.75,0.75,4386.0,1,105.41625492260188,279.59499045535716,0.439845291749382,2572.215266150386
26149,MI,62570.5,92.75,239.5,0.5,2798.25,1,148.23279340903463,382.768237428181,0.7990986167602944,4472.155408698988
26151,MI,44233.0,27.0,66.25,0.25,1122.5,1,61.04039970158026,149.77505482332197,0.5651888861257433,2537.6980987045868
26153,MI,8689.0,11.25,28.75,0.0,386.5,1,129.47404764644955,330.87812176314884,0.0,4448.152836920244
26155,MI,72544.0,56.5,142.25,0.0,2195.0,1,77.88376709307455,196.08789148654608,0.0,3025.7498897220994
26157,MI,57679.0,44.5,96.25,0.25,1586.5,1,77.15112952721094,166.87182510098995,0.4334333119506233,2750.5677976386555
26159,MI,78441.25,107.0,231.0,1.5,4978.25,1,136.4078211400252,294.48791292846556,1.9122591748601663,6346.469491498415
26161,MI,346045.5,448.25,1062.5,5.5,8902.25,1,129.53498889596887,307.040548136011,1.589386366821704,2572.566324370639
26163,MI,1977528.25,5291.0,10922.0,146.25,73438.25,1,267.5562283370667,552.3056371002538,7.395595992117937,3713.6384777309754
26165,MI,31763.75,49.25,168.25,0.25,2111.5,1,155.0509621817323,529.6918657274409,0.7870607217346818,6647.514855771122
26777,MI,0.0,0.0,0.0,0.0,0.0,1,,,,
27001,MN,16154.0,10.5,41.25,0.5,400.25,0,64.99938095827659,255.35471090751514,3.09520861706079,2477.714497957162
27003,MN,327039.5,290.0,2144.75,8.5,11691.5,0,88.67430386849294,655.8076317998284,2.59907442373169,3574.9504264775355
27005,MN,32182.25,19.75,129.75,0.0,1444.5,0,61.36923303995214,403.17255630044514,0.0,4488.499094998019
27007,MN,43329.25,48.25,386.75,1.0,3024.25,0,111.35664706866609,892.5841088871836,2.307909783806551,6979.696163676961
27009,MN,27993.5,16.5,86.25,0.25,772.0,0,58.94225445192634,308.10723918052406,0.8930644613928233,2757.7830567810383
27011,MN,5484.75,2.25,14.75,0.25,135.0,0,41.022836045398606,268.9274807420575,4.558092893933178,2461.370162723916
27013,MN,58699.75,71.0,530.75,0.5,4343.25,0,120.95451854564968,904.1776157479377,0.8517923841242935,7399.094544695677
27015,MN,26428.5,6.25,49.25,0.0,467.25,0,23.64871256408801,186.35185500501353,0.0,1767.9777512912196
27017,MN,34165.5,22.25,121.75,0.5,833.0,0,65.12417497182831,356.35363158742007,1.4634646061085013,2438.132033776763
27019,MN,87226.75,45.25,260.25,1.25,2412.75,0,51.876287950657336,298.36030804770326,1.4330466284711971,2766.0666022751047
27021,MN,28963.75,39.0,68.25,2.0,845.25,0,134.65107246126624,235.63937680721594,6.905183203141859,2918.303051227828
27023,MN,11610.25,6.5,32.5,1.0,267.25,0,55.98501324260891,279.92506621304454,8.61307896040137,2301.845352167266
27025,MN,50330.0,42.0,182.25,1.5,1875.25,0,83.44923504867872,362.1100735148023,2.9803298231670974,3725.9090005960657
27027,MN,54353.75,30.5,179.25,0.75,2705.25,0,56.113883586689056,329.78405353816436,1.3798495963939932,4977.117494193133
27029,MN,8418.25,8.25,23.5,0.25,255.25,0,98.00136607964838,279.1554064086954,2.969738366049951,3032.102871737
27031,MN,5376.25,4.0,9.25,0.0,174.25,0,74.4013020227854,172.05301092769125,0.0,3241.106719367589
27033,MN,11691.75,13.75,51.0,2.0,375.0,0,117.60429362584729,436.2050163576881,17.106079072850513,3207.3898261594713
27035,MN,61054.0,64.25,283.75,1.25,2821.25,0,105.23471025649425,464.75251416778593,2.0473679038228454,4620.909358928162
27037,MN,387688.5,230.25,2309.25,4.0,12660.0,0,59.39046425158342,595.6457310443823,1.03175616506551,3265.5082624323395
27039,MN,19743.0,0.75,8.0,0.25,234.75,0,3.798814769791825,40.520690877779465,1.2662715899306083,1189.0290229448412
27041,MN,35740.5,21.5,219.75,0.75,1732.5,0,60.15584560932276,614.8487010534268,2.098459730557771,4847.44197758845
27043,MN,15293.5,8.75,47.75,0.25,342.5,0,57.21384902082585,312.2241475136496,1.6346814005950239,2239.5135188151826
27045,MN,21267.25,3.5,16.5,0.0,188.75,0,16.45722883776699,77.5840788066158,0.0,887.5148408938627
27047,MN,31704.75,34.75,173.0,1.0,1584.0,0,109.60502763781453,545.6595620530046,3.154101514757252,4996.0967993754875
27049,MN,45112.75,37.25,207.75,2.0,1917.0,0,82.57089182104838,460.51282619658525,4.433336473613336,4249.353009958382
27051,MN,6081.75,3.25,11.0,0.0,167.0,0,53.43856620216221,180.86899329962594,0.0,2745.9201710034117
27053,MN,1130321.75,2278.5,7732.25,32.75,62238.75,0,201.5797714234907,684.0751317047558,2.897405097265447,5506.286152593278
27055,MN,19838.25,5.0,45.75,0.0,638.25,0,25.20383602384283,230.61509961816188,0.0,3217.269668443537
27057,MN,18917.5,16.75,85.0,0.25,706.25,0,88.54235496233646,449.3194132417075,1.3215276860050218,3733.3157129641863
27059,MN,38557.0,12.0,96.0,0.75,539.0,0,31.122753326244265,248.98202660995412,1.9451720828902666,1397.9303369038046
27061,MN,44629.25,26.75,21.5,0.25,779.0,0,59.938269184447414,48.17468364357456,0.5601707400415646,1745.4920259695157
27063,MN,11125.25,12.25,15.5,0.0,319.25,0,110.10988517111974,139.32271184917195,0.0,2869.5984359902027
27065,MN,16278.75,16.25,62.5,0.0,532.25,0,99.82338938800584,383.93611303079166,0.0,3269.5999385702216
27067,MN,41148.75,37.25,303.5,0.5,1830.25,0,90.52522859139098,737.5679698654272,1.215103739481758,4447.887238372976
27069,MN,4673.5,1.25,15.5,0.0,151.75,0,26.746549695089335,331.65721621910774,0.0,3247.031132983845
27071,MN,13709.0,9.75,47.25,0.0,361.75,0,71.12116128091034,344.6640892844117,0.0,2638.7774454737764
27073,MN,7497.5,1.75,4.25,0.0,43.0,0,23.34111370456819,56.68556185395131,0.0,573.5245081693898
27075,MN,11036.0,1.5,17.5,0.0,153.5,0,13.591881116346501,158.57194635737585,0.0,1390.9025009061254
27077,MN,4304.75,3.25,4.75,0.0,142.5,0,75.49799639932633,110.34322550670771,0.0,3310.2967652012308
27079,MN,25817.5,15.5,67.5,0.0,624.25,0,60.036796746392945,261.4505664762273,0.0,2417.9335721894067
27081,MN,6001.25,0.0,0.0,0.0,4.5,0,0.0,0.0,0.0,74.9843782545303
27083,MN,24629.5,29.75,167.75,0.0,1230.5,0,120.79010942162853,681.0938102681744,0.0,4996.041332548367
27085,MN,37065.0,35.0,176.0,0.0,1518.75,0,94.42870632672333,474.841494671523,0.0,4097.531363820316
27087,MN,5105.0,6.0,9.25,0.0,119.0,0,117.53183153770813,181.1949069539667,0.0,2331.0479921645447
27089,MN,9888.75,1.5,4.75,0.5,85.5,0,15.168752370117556,48.034382505372264,5.0562507900391855,864.6188850967008
27091,MN,20794.75,9.25,78.0,0.0,729.25,0,44.48238137029779,375.0946753387273,0.0,3506.894769112396
27093,MN,23409.5,14.5,51.0,0.25,550.25,0,61.940665114590225,217.8602704030415,1.0679425019756936,2350.541446848502
27095,MN,26261.0,30.5,112.0,0.5,2044.75,0,116.14180724267926,426.48794790754346,1.9039640531586763,7786.260995392407
27097,MN,32928.0,16.25,43.0,1.0,599.75,0,49.35009718172983,130.5879494655005,3.0369290573372205,1821.3982021379982
27099,MN,38691.5,47.0,220.75,0.75,2845.5,0,121.47370869570837,570.5387488208005,1.9384102451442824,7354.3284700774075
27101,MN,8773.5,0.0,0.0,0.0,3.5,0,0.0,0.0,0.0,39.8928591782071
27103,MN,31338.25,15.5,65.25,0.25,1211.5,0,49.460324044897206,208.21200928577696,0.7977471620144712,3865.882747122127
27105,MN,20404.25,20.5,87.5,0.25,596.25,0,100.46926498156022,428.83222857983014,1.2252349387995147,2922.185329036843
27107,MN,6883.25,0.0,0.25,0.0,3.0,0,0.0,3.632005230087531,0.0,43.584062761050376
27109,MN,137694.75,160.5,899.25,2.5,4440.25,0,116.56217829655814,653.075008306417,1.8156102538404695,3224.705371846058
27111,MN,57705.75,41.25,186.75,1.25,1560.5,0,71.48334438075928,323.62459546925567,2.1661619509320995,2704.236579543633
27113,MN,13694.25,11.25,88.75,0.5,849.5,0,82.15126786790076,648.0822242912171,3.6511674607955893,6203.333515891706
27115,MN,28480.75,32.25,155.0,0.0,1097.75,0,113.23437760592681,544.2272412067799,0.0,3854.3577679660825
27117,MN,9420.0,3.0,8.5,0.0,125.75,0,31.84713375796178,90.23354564755839,0.0,1334.9256900212315
27119,MN,31051.5,16.75,78.75,0.5,987.5,0,53.942643672608405,253.6109366697261,1.6102281693315943,3180.2006344298984
27121,MN,11207.5,5.75,14.75,0.0,337.5,0,51.30492973455276,131.6082980147223,0.0,3011.3763105063576
27123,MN,494841.5,1379.25,4142.0,17.25,28801.0,0,278.72561214045305,837.0356972889299,3.485964697787069,5820.247493389297
27125,MN,4227.25,1.25,2.25,0.25,114.75,0,29.570051451889523,53.22609261340115,5.914010290377905,2714.5307232834584
27127,MN,15850.0,11.5,57.75,0.5,533.0,0,72.55520504731861,364.35331230283913,3.154574132492114,3362.7760252365933
27129,MN,16522.0,14.75,27.75,0.5,353.75,0,89.2749061856918,167.95787434935238,3.0262680062946377,2141.0846144534557
27131,MN,62498.0,43.75,204.75,0.25,1758.25,0,70.0022400716823,327.6104835354731,0.4000128004096131,2813.290025280809
27133,MN,9542.25,5.25,3.25,0.0,72.0,0,55.01847048652047,34.0590531583222,0.0,754.539023815138
27135,MN,16268.5,1.75,10.0,0.0,297.0,0,10.756984356271323,61.46848203583612,0.0,1825.6139164643328
27137,MN,197207.75,253.25,1254.75,5.75,8722.5,0,128.41787404399676,636.2579563937015,2.9157069131410913,4423.000617369246
27139,MN,126508.75,84.75,359.0,1.0,6475.0,0,66.99141363739662,283.77483770885414,0.790459157963382,5118.223047812899
27141,MN,78440.5,59.5,253.75,1.0,2627.5,0,75.85367252885946,323.4936034319006,1.274851639140495,3349.6726818416505
27143,MN,15115.5,0.25,0.75,0.0,31.5,0,1.6539313949257384,4.961794184777215,0.0,208.39535576064307
27145,MN,161892.5,216.5,1306.5,3.25,8491.75,0,133.730716370431,807.0170020229474,2.007504980156585,5245.301666229134
27147,MN,36126.0,30.0,203.25,0.5,1230.0,0,83.04268393954493,562.6141836904169,1.3840447323257488,3404.750041521342
27149,MN,9804.25,7.75,18.0,0.75,304.75,0,79.0473519137109,183.59384960603822,7.649743733584925,3108.3458704133413
27151,MN,11029.5,10.0,52.5,0.0,359.5,0,90.66594133913595,475.9961920304637,0.0,3259.4405911419376
27153,MN,25002.0,7.25,58.0,0.0,588.75,0,28.997680185585153,231.98144148468123,0.0,2354.8116150707942
27155,MN,3783.0,2.25,3.75,0.0,62.5,0,59.47660586835844,99.12767644726407,0.0,1652.1279407877346
27157,MN,22980.75,7.75,40.75,0.0,334.25,0,33.72387759320301,177.32232411909968,0.0,1454.4782045842717
27159,MN,12910.25,12.75,52.5,0.5,564.5,0,98.7587382118859,406.6536279312949,3.8728916945837613,4372.4947231850665
27161,MN,19436.25,13.25,40.75,0.75,565.75,0,68.17158659720883,209.6597851951894,3.8587690526721974,2910.798122065728
27163,MN,223826.75,129.25,933.5,0.25,6736.0,0,57.74555543517475,417.0636440907979,0.1116935308223883,3009.4704944784303
27165,MN,11182.25,10.0,47.5,0.0,422.0,0,89.42744081021262,424.78034384851,0.0,3773.8380021909725
27167,MN,6640.0,2.0,17.25,0.25,311.5,0,30.120481927710845,259.78915662650604,3.7650602409638556,4691.265060240964
27169,MN,49430.0,34.5,192.75,0.75,1994.0,0,69.79567064535706,389.94537730123403,1.517297187942545,4033.987457009913
27171,MN,114577.0,74.75,510.75,1.25,3749.5,0,65.23996962741214,445.7700934742575,1.0909693917627448,3272.471787531529
27173,MN,11419.5,5.5,12.0,0.0,217.0,0,48.163229563466,105.08340995665309,0.0,1900.2583300494769
27777,MN,0.0,0.0,0.0,0.0,0.0,0,,,,
28001,MS,32127.5,56.0,146.5,2.5,1629.0,0,174.30550151739163,455.9956423624621,7.781495603454983,5070.422535211268
28003,MS,35529.0,46.0,201.0,2.5,2318.5,0,129.47169917532156,565.7350333530355,7.0365053899631285,6525.655098651806
28005,MS,13415.25,18.5,43.25,1.0,566.5,0,137.90275991874918,322.394290080319,7.454203238851307,4222.806134809266
28007,MS,19626.0,19.0,59.5,1.5,748.5,0,96.81035361255478,303.1692652603689,7.642922653622745,3813.8184041577497
28009,MS,7901.5,11.25,25.25,0.75,339.0,0,142.3780294880719,319.55957729545025,9.491868632538125,4290.3246219072325
28011,MS,38259.25,57.25,318.5,3.5,2992.75,0,149.63701588504742,832.4784202513117,9.148114508256173,7822.291341309618
28013,MS,14671.75,19.0,63.5,1.0,840.5,0,129.50057082488456,432.80453933579844,6.815819517099187,5728.696304121867
28015,MS,10368.0,14.0,30.0,1.0,429.75,0,135.03086419753086,289.35185185185185,9.645061728395062,4144.965277777777
28017,MS,19112.25,34.25,98.0,1.75,2055.0,0,179.20443694489137,512.7601407474265,9.156431084775472,10752.266216693482
28019,MS,9385.0,13.5,39.75,1.0,492.75,0,143.84656366542356,423.54821523708046,10.655301012253595,5250.3995737879595
28021,MS,11354.75,35.5,83.0,2.5,707.25,0,312.64448798960785,730.9716198066889,22.01721746405689,6228.670820581695
28023,MS,17572.0,25.25,72.5,1.25,895.25,0,143.69451399954474,412.5882085135443,7.11358980195766,5094.753016162076
28025,MS,21221.5,26.25,91.5,1.25,1077.5,0,123.6953090026624,431.16650566642323,5.89025280965059,5077.397921918809
28027,MS,28407.75,38.5,193.5,5.0,2125.5,0,135.52639684593112,681.152150381498,17.600830759211835,7482.113155740951
28029,MS,29269.75,35.25,179.0,2.75,1983.25,0,120.43150351472083,611.5528830960292,9.39536552242503,6775.766789945251
28031,MS,20405.5,28.5,77.25,2.0,1017.25,0,139.66822670358482,378.57440395971673,9.801279066918234,4985.175565411286
28033,MS,143506.25,139.0,1051.5,8.0,11797.75,0,96.85989286180916,732.7207003179303,5.574670092765994,8221.070510866251
28035,MS,79459.0,131.5,676.25,10.25,6563.25,0,165.49415421789854,851.067846310676,12.899734454246845,8259.920210422986
28037,MS,8349.0,10.75,24.75,0.75,334.25,0,128.75793508204575,296.44268774703556,8.983111749910169,4003.473469876632
28039,MS,21670.25,19.75,87.25,0.75,1158.25,0,91.13877320289338,402.6257195925289,3.460966070995951,5344.885268974746
28041,MS,13149.25,15.75,41.5,1.0,634.25,0,119.77869460235374,315.60735403159873,7.604996482689126,4823.469019145578
28043,MS,22883.5,66.75,194.25,2.5,2367.75,0,291.6948893307405,848.8649026591213,10.924902222125112,10346.974894574694
28045,MS,43267.0,49.75,274.25,3.25,3405.75,0,114.98370582661151,633.854900963783,7.511498370582661,7871.472484803661
28047,MS,183504.0,237.25,1822.0,16.25,20446.5,0,129.28873485046648,992.8938878716541,8.855392797977157,11142.263928851688
28049,MS,250042.75,309.25,1280.25,42.25,13006.75,0,123.67885091649329,512.0124458717559,16.89711059408841,5201.81049040614
28051,MS,20854.0,32.0,104.75,1.75,1224.5,0,153.447779802436,502.30171669703657,8.391675457945718,5871.775199002589
28053,MS,10334.0,13.75,49.5,1.0,488.75,0,133.0559318753629,479.00135475130634,9.676795045480937,4729.533578478808
28055,MS,1815.5,0.5,1.25,0.0,17.0,0,27.54062241806665,68.85155604516662,0.0,936.3811622142659
28057,MS,23312.5,20.0,66.5,1.0,822.75,0,85.79088471849866,285.25469168900804,4.289544235924933,3529.2225201072383
28059,MS,133257.0,103.25,609.75,5.75,5338.5,0,77.48185836391333,457.57446137913956,4.3149703205084915,4006.168531484275
28061,MS,18119.25,26.5,76.25,1.25,924.0,0,146.2532941484885,420.8231576914055,6.898740290023041,5099.5488223850325
28063,MS,9232.75,61.25,62.0,1.0,535.75,0,663.3993122309171,671.5225691153773,10.83100917928028,5802.713167799409
28065,MS,13009.75,18.25,41.25,1.0,558.5,0,140.2794058302427,317.0698898902746,7.686542785218778,4292.934145544687
28067,MS,66499.75,151.25,426.25,8.25,6364.75,0,227.4444640769326,640.9798533077192,12.406061676923597,9571.088613115086
28069,MS,10193.25,14.5,38.25,1.0,488.75,0,142.2509994359012,375.2483260981532,9.810413754200082,4794.839722365291
28071,MS,41534.25,51.25,203.75,2.5,3664.5,0,123.39214022162432,490.5589964908479,6.019128791298747,8822.838982285704
28073,MS,42967.75,9.75,32.5,0.0,683.5,0,22.691437182538067,75.63812394179355,0.0,1590.7279296681813
28075,MS,77128.0,73.5,528.75,8.5,5646.75,0,95.29613110673166,685.5486982678145,11.020641012343118,7321.271133699824
28077,MS,13457.0,18.75,42.5,1.0,577.75,0,139.33268930668055,315.8207624284759,7.431076763022961,4293.304599836516
28079,MS,22745.75,33.5,103.75,1.75,1247.25,0,147.28026114768693,456.1291669872394,7.693744985326928,5483.44196168515
28081,MS,78084.0,76.5,540.75,6.25,6181.75,0,97.97141539880128,692.5234362993699,8.00420060447723,7916.794733876338
28083,MS,35734.0,48.75,233.25,3.75,2370.25,0,136.4246935691498,652.7396876923939,10.49420719762691,6633.038562713382
28085,MS,34244.0,35.75,88.0,2.25,2051.5,0,104.39785071837402,256.9793248452284,6.570494101156408,5990.830510454386
28087,MS,59874.75,108.0,304.0,2.75,2719.25,0,180.37653601893953,507.7265458310891,4.592921056037812,4541.563847865753
28089,MS,86226.5,83.5,708.75,6.25,6215.75,0,96.8379790435655,821.9630855943358,7.248351724817777,7208.630757365775
28091,MS,25554.75,54.25,124.5,4.25,1408.75,0,212.28930042360034,487.1892700965574,16.630959019360393,5512.6737690644595
28093,MS,36039.75,69.25,203.5,4.0,2123.0,0,192.14894664918597,564.6543053156583,11.098856124140706,5890.717887887679
28095,MS,37567.75,72.0,201.75,2.75,2523.0,0,191.65374556634347,537.0297662223583,7.320108337603396,6715.866667553952
28097,MS,11674.5,18.75,55.5,0.25,701.25,0,160.6064499550302,475.39509186688935,2.141419332733736,6006.68122831813
28099,MS,30075.5,44.5,146.0,2.25,1726.0,0,147.9609649049891,485.4449635085036,7.481172382836529,5738.890459011488
28101,MS,22371.5,30.5,92.75,2.25,1113.25,0,136.33417517824017,414.58999173055,10.057439152493128,4976.197394005767
28103,MS,12078.25,17.75,55.0,1.0,663.5,0,146.95837559249065,455.36398070912594,8.279345103802289,5493.34547637282
28105,MS,42027.75,67.75,196.0,2.25,2332.5,0,161.20301467482795,466.3585369190594,5.35360565340757,5549.904527365848
28107,MS,35696.5,36.0,148.5,1.0,1326.5,0,100.85022341125881,416.00717157144254,2.801395094757189,3716.0505931954112
28109,MS,55185.75,92.25,311.75,4.0,4109.5,0,167.16271863660455,564.9103255822381,7.248247962562799,7446.668750537956
28111,MS,12192.0,11.5,50.75,1.25,616.25,0,94.3241469816273,416.25656167979,10.25262467191601,5054.543963254593
28113,MS,39759.0,77.5,333.5,2.25,2673.0,0,194.92441962826027,838.8037928519328,5.659096053723685,6723.006111823738
28115,MS,28683.5,35.25,92.75,1.5,1353.75,0,122.89295239423363,323.3566336046856,5.229487335924835,4719.612320672163
28117,MS,27096.75,35.75,142.25,1.75,1726.0,0,131.93464160831098,524.9707068190835,6.45833909970753,6369.767592054398
28119,MS,9103.75,13.5,41.0,1.0,495.0,0,148.29053961279692,450.3638610462721,10.984484415762735,5437.319785802554
28121,MS,135218.75,115.25,848.5,5.0,8573.5,0,85.23226253755489,627.501733302519,3.697712040674832,6340.466836145135
28123,MS,28826.0,39.0,126.75,2.0,1642.0,0,135.2945257753417,439.70720876986053,6.938180808991882,5696.246444182335
28125,MS,5824.5,7.5,29.75,0.0,331.0,0,128.76641771825908,510.77345694909434,0.0,5682.891235299167
28127,MS,27926.75,37.75,149.0,6.0,1686.5,0,135.17505617374024,533.5386323148953,21.48477714019712,6039.0127744904075
28129,MS,15973.75,22.25,50.75,1.0,685.75,0,139.29102433680256,317.70874090304403,6.260270756710227,4292.980671414039
28131,MS,15302.75,13.25,72.0,0.25,656.0,0,86.58574439234778,470.503667641437,1.6336932904216561,4286.811194066427
28133,MS,31969.5,95.25,248.25,4.0,3115.5,0,297.94022427626334,776.5213719326233,12.511925428924442,9745.225918453527
28135,MS,13811.75,19.25,52.5,1.0,655.75,0,139.37408366065128,380.1111372563216,7.24021213821565,4747.769109634913
28137,MS,26696.25,28.25,113.5,1.25,1030.0,0,105.82010582010582,425.1533455073278,4.682305567261319,3858.2197874233275
28139,MS,21195.25,41.75,74.25,1.5,1262.0,0,196.9780965074722,350.31433929772,7.077057359549899,5954.164258501315
28141,MS,19118.75,16.5,50.5,0.5,977.75,0,86.30271330500163,264.1386073880353,2.615233736515201,5114.089571755476
28143,MS,10412.5,28.75,74.0,0.75,924.75,0,276.11044417767107,710.6842737094838,7.202881152460985,8881.152460984395
28145,MS,26910.25,10.5,74.75,0.75,1223.75,0,39.018589570888416,277.77519718322947,2.7870421122063154,4547.523713083305
28147,MS,15421.0,22.25,61.5,1.0,769.5,0,144.28376888658323,398.8068218662862,6.4846637701835155,4989.948771156216
28149,MS,49100.5,174.5,508.25,9.0,5273.0,0,355.39352959745827,1035.1218419364366,18.32975224284885,10739.198175171332
28151,MS,57807.75,112.0,517.75,7.0,4894.5,0,193.74564829110284,895.6411553814152,12.109103018193927,8466.857817507169
28153,MS,21191.75,28.0,82.25,1.5,1126.75,0,132.12688900161618,388.1227364422476,7.078226196515153,5316.927577948966
28155,MS,9994.25,15.5,34.0,1.0,410.0,0,155.0891762763589,340.1956124771744,10.005753308152187,4102.358856342396
28157,MS,10242.5,14.25,32.5,1.0,440.0,0,139.12618989504517,317.3053453746644,9.76324139614352,4295.826214303149
28159,MS,19760.5,21.25,35.5,0.5,582.5,0,107.53776473267378,179.6513246122315,2.530300346651148,2947.799903848587
28161,MS,13497.25,20.0,67.75,1.0,797.25,0,148.17833262331217,501.95410176146993,7.408916631165607,5906.758784196781
28163,MS,27867.0,42.25,165.0,2.25,1859.75,0,151.6130189830265,592.0981806437721,8.074066099687803,6673.66419061973
28777,MS,0.0,0.0,0.0,0.0,0.0,0,,,,
29001,MO,24624.75,47.25,68.25,0.75,748.0,0,191.88012061036153,277.1601742149667,3.0457162001644686,3037.5942902973634
29003,MO,17025.0,10.25,38.75,0.5,384.75,0,60.20558002936858,227.6064610866373,2.936857562408223,2259.9118942731275
29005,MO,6202.0,4.75,9.25,0.0,122.0,0,76.5881973556917,149.1454369558207,0.0,1967.1073847146083
29007,MO,25847.75,36.0,216.25,0.25,1311.0,0,139.27711309495024,836.6298807439719,0.9672021742704877,5072.008201874438
29009,MO,38800.5,21.75,211.0,1.5,1675.25,0,56.05597866006881,543.8074251620469,3.8659295627633665,4317.599000012887
29011,MO,13037.0,25.75,36.25,0.25,535.5,0,197.5147656669479,278.05476720104315,1.9176190841451255,4107.540078238859
29013,MO,16993.25,30.0,70.75,0.25,763.0,0,176.54068527209333,416.3417827666867,1.4711723772674443,4490.018095420241
29015,MO,18812.5,34.0,42.5,0.0,571.5,0,180.73089700996678,225.91362126245846,0.0,3037.873754152824
29017,MO,12331.5,8.75,22.75,0.5,224.25,0,70.95649353282245,184.48688318533837,4.05465677330414,1818.5135628269068
29019,MO,147165.5,441.0,1307.25,5.5,11641.0,0,299.66262473201937,888.2856375984861,3.7372889705807406,7910.141983005528
29021,MO,85522.5,128.0,766.5,2.5,6097.75,0,149.6682159665585,896.255371393493,2.923207343096846,7129.995030547518
29023,MO,41488.25,58.5,405.25,3.0,2744.75,0,141.00377817815888,976.7825830204937,7.230962983495326,6615.7285496496
29025,MO,9328.75,20.75,26.5,0.0,295.75,0,222.43065791236768,284.06806914109603,0.0,3170.306847112421
29027,MO,43043.0,47.5,170.0,0.5,1657.25,0,110.35476151755222,394.95388332597634,1.1616290686058126,3850.219547893966
29029,MO,40182.25,47.25,167.25,1.0,1879.5,0,117.58923405234898,416.22855862974325,2.488661038144952,4677.4384211934375
29031,MO,72102.0,178.0,538.25,0.75,4290.0,0,246.8724862001054,746.5118859393637,1.0401930598319047,5949.904302238496
29033,MO,10077.25,7.5,13.75,0.25,199.25,0,74.42506636235083,136.44595499764318,2.480835545411695,1977.2259296931206
29035,MO,5957.75,4.25,38.5,0.75,369.75,0,71.33565523897445,646.2171121648273,12.588645042171962,6206.202005790777
29037,MO,94691.5,100.25,484.75,2.75,5395.5,0,105.87011505784575,511.92556882085506,2.9041677447289356,5697.977115158172
29039,MO,14009.0,10.75,60.5,0.0,587.25,0,76.73638375330145,431.8652294953244,0.0,4191.948033407095
29041,MO,8009.5,4.75,27.75,0.0,188.5,0,59.30457581621824,346.46357450527495,0.0,2353.455271864661
29043,MO,70267.25,110.0,155.0,1.75,2211.0,0,156.54518997114587,220.586404050251,2.4904916586318664,3146.558318420032
29045,MO,7317.75,6.75,11.5,0.0,179.0,0,92.24146766424106,157.1521300946329,0.0,2446.1070684295037
29047,MO,112999.0,129.25,504.75,1.0,8201.25,0,114.38154319949734,446.6853688970699,0.8849635837485288,7257.807591217622
29049,MO,25454.25,26.5,61.0,1.0,595.0,0,104.10835125764854,239.64563874402114,3.9286170285905104,2337.5271320113534
29051,MO,73342.25,133.5,539.75,4.0,3609.25,0,182.02332216423684,735.9332444805007,5.4538823120370585,4921.106183679939
29053,MO,17495.25,26.25,78.5,0.5,1147.5,0,150.04072533973508,448.69321673025536,2.8579185778997154,6558.923136279847
29055,MO,22614.5,53.0,121.25,0.25,1370.75,0,234.36290875323354,536.1604280439541,1.1054854186473282,6061.3765504432995
29057,MO,7757.5,10.5,17.75,0.0,225.25,0,135.3528843055108,228.81082823074445,0.0,2903.641637125362
29059,MO,16697.5,24.75,69.75,0.5,833.75,0,148.22578230273993,417.72720467135804,2.9944602485402005,4993.262464440785
29061,MO,8110.0,6.75,28.0,0.0,350.5,0,83.23057953144266,345.25277435265104,0.0,4321.824907521578
29063,MO,7760.5,10.75,17.75,0.0,137.25,0,138.52200244829586,228.72237613555828,0.0,1768.5716126538239
29065,MO,15001.25,32.75,75.5,0.0,751.5,0,218.31514040496626,503.291392383968,0.0,5009.582534788768
29067,MO,13619.5,45.0,65.5,2.0,542.75,0,330.4086053085649,480.92808106024455,14.684826902602884,3985.0949006938577
29069,MO,32273.25,52.25,287.5,1.0,1937.5,0,161.89878614642157,890.8306414755253,3.0985413616540014,6003.423888204628
29071,MO,102406.25,142.5,504.75,1.75,4484.0,0,139.15166310649985,492.88983826670733,1.7088800732377174,4378.638999084528
29073,MO,15665.5,20.5,31.75,0.0,295.0,0,130.86080878363282,202.6746672624557,0.0,1883.1189556669115
29075,MO,6420.25,10.0,8.5,0.0,86.75,0,155.75717456485341,132.39359838012538,0.0,1351.1934893501032
29077,MO,256323.75,525.25,2354.25,7.0,14786.25,0,204.9166337493112,918.4673679282548,2.730921344588631,5768.583675917663
29079,MO,10232.0,12.25,59.5,0.25,602.25,0,119.72243940578578,581.5089913995309,2.4433150899139955,5885.946051602815
29081,MO,8894.75,10.5,35.75,0.25,306.0,0,118.04716265212626,401.9224823631918,2.81064672981253,3440.2315972905362
29083,MO,22765.5,27.0,107.0,2.25,902.0,0,118.60051393556039,470.0094441149986,9.883376161296699,3962.1356877731655
29085,MO,9250.25,1.25,20.75,0.25,227.75,0,13.51314829328937,224.31826166860353,2.702629658657874,2462.0956190373236
29087,MO,5028.25,5.0,11.5,0.0,204.0,0,99.43817431511957,228.70780092477503,0.0,4057.0775120568787
29089,MO,9973.25,14.5,21.5,1.0,302.0,0,145.3889153485574,215.576667585792,10.02682174817637,3028.1001679492642
29091,MO,38669.0,94.25,207.75,0.75,1859.0,0,243.73529183583747,537.2520623755463,1.9395381313196618,4807.468514831002
29093,MO,10225.25,19.75,29.5,0.0,268.25,0,193.14931175276888,288.50150363071805,0.0,2623.4077406420383
29095,MO,800830.75,2122.5,8122.75,117.5,57868.75,0,265.0372753543742,1014.2904727372169,14.672263771090208,7226.089907261928
29097,MO,118473.0,210.5,1112.25,2.25,10894.25,0,177.67761430874546,938.8215036337393,1.8991668987870653,9195.55510538266
29099,MO,216074.25,525.5,1019.25,2.75,9965.0,0,243.20343585596157,471.71284870825656,1.2727106538608834,4611.840605717711
29101,MO,51386.0,55.0,234.75,1.25,2819.5,0,107.03304401977192,456.83649242984467,2.4325691822675437,5486.903047522672
29103,MO,4127.75,6.0,5.75,0.5,48.0,0,145.35764036097146,139.30107201259767,12.113136696747622,1162.8611228877717
29105,MO,34847.25,59.0,163.5,1.5,1348.25,0,169.310347301437,469.19053870821944,4.30450035512128,3869.0284025281767
29107,MO,32947.75,50.0,196.5,1.5,1663.25,0,151.75543094748505,596.3988436236161,4.552662928424551,5048.1444104680895
29109,MO,34838.25,43.5,169.5,1.0,959.25,0,124.86275860584273,486.5341973262148,2.8704082438124763,2753.4391078771177
29111,MO,10165.25,22.25,37.25,0.0,386.25,0,218.8829591008583,366.4445045621111,0.0,3799.7097956272596
29113,MO,49824.5,99.0,319.5,1.0,2425.5,0,198.69742797218237,641.2507902738613,2.007044726991741,4868.086985318468
29115,MO,12980.75,13.5,30.0,0.0,392.25,0,104.00015407430233,231.11145349844963,0.0,3021.782254492229
29117,MO,14291.75,22.5,77.5,0.0,543.75,0,157.43348435286092,542.2708905487432,0.0,3804.6425385274724
29119,MO,22928.5,87.75,166.25,3.0,1306.75,0,382.71147262141005,725.0801404365747,13.084152910133678,5699.238938439061
29121,MO,15637.5,21.25,42.5,0.5,576.5,0,135.89128697042366,271.7825739408473,3.19744204636291,3686.6506794564343
29123,MO,12162.0,18.75,31.25,0.5,341.5,0,154.16872224963,256.94787041604997,4.1111659266568,2807.9263279065945
29125,MO,9214.5,9.25,14.5,0.0,179.25,0,100.38526235823973,157.36068153453795,0.0,1945.3035975907535
29127,MO,28194.5,62.25,287.25,0.5,3973.0,0,220.787742290163,1018.815726471475,1.7733955204029157,14091.400805121564
29129,MO,3573.5,4.75,3.5,0.0,66.25,0,132.92290471526516,97.94319294809011,0.0,1853.924723660277
29131,MO,24751.75,45.75,72.5,0.5,1121.25,0,184.83541567767935,292.9085822214591,2.0200591877342005,4529.982728493945
29133,MO,13754.0,40.25,74.25,2.0,595.75,0,292.6421404682274,539.8429547767922,14.541224371092046,4331.467209539043
29135,MO,15170.0,8.5,23.5,0.5,235.5,0,56.03164139749506,154.91100856954517,3.2959789057350033,1552.4060646011865
29137,MO,9903.75,10.5,16.75,0.0,410.0,0,106.02044680045437,169.12785561024864,0.0,4139.846017922504
29139,MO,12121.0,18.75,38.0,0.25,474.25,0,154.69020707862387,313.5054863460111,2.0625360943816515,3912.630971041993
29141,MO,20721.5,62.0,86.5,0.25,945.0,0,299.20613855174577,417.4408223342905,1.206476365128007,4560.480660183866
29143,MO,17372.5,49.25,79.5,2.75,933.0,0,283.49402791768597,457.6198014102749,15.829615772053533,5370.556914663981
29145,MO,50457.75,78.25,279.5,1.25,2835.25,0,155.08024039914582,553.9287820007828,2.4773201341716584,5619.057528328156
29147,MO,21887.0,17.25,59.0,1.0,1085.75,0,78.81390779915019,269.56640928404994,4.5689221912550835,4960.707269155206
29149,MO,10425.25,6.5,22.0,1.25,267.0,0,62.34862473321983,211.02611448166712,11.990120141003814,2561.0896621184143
29151,MO,13341.0,9.0,10.5,0.0,221.0,0,67.46120980436248,78.70474477175624,0.0,1656.5474851960123
29153,MO,9408.75,15.25,15.25,1.25,304.25,0,162.0831672645144,162.0831672645144,13.28550551348479,3233.692041982197
29155,MO,19233.0,36.0,151.0,2.25,1343.5,0,187.17828731867104,785.1089273644257,11.69864295741694,6985.389694795404
29157,MO,18672.75,12.5,74.0,0.75,736.75,0,66.94246964159002,396.2994202782129,4.016548178495401,3945.5891606753153
29159,MO,40449.0,86.0,311.0,0.0,2713.75,0,212.6134144231007,768.8694405300502,0.0,6709.065737101041
29161,MO,42493.5,153.5,257.75,0.75,1700.0,0,361.2317177921329,606.5633567486792,1.7649758198312684,4000.611858284208
29163,MO,18633.5,29.25,90.0,0.25,704.25,0,156.9753401132369,483.0010465022674,1.3416695736174094,3779.483188880243
29165,MO,44919.0,36.5,221.75,0.5,2653.5,0,81.25737438500411,493.66637725684006,1.113114717602796,5907.299806318039
29167,MO,29542.0,31.25,122.5,0.5,945.0,0,105.78159907927696,414.66386839076574,1.6925055852684312,3198.8355561573353
29169,MO,44786.25,156.75,167.25,4.25,2162.25,0,349.9958134472076,373.44050908481955,9.489519662842948,4827.932680231098
29171,MO,5080.0,3.0,3.25,0.0,82.25,0,59.05511811023622,63.976377952755904,0.0,1619.0944881889766
29173,MO,9583.0,19.75,12.25,0.0,268.0,0,206.09412501304396,127.83053323593865,0.0,2796.619012835229
29175,MO,25516.5,26.25,91.75,0.25,1682.75,0,102.87461054611722,359.5712578135716,0.9797581956773068,6594.752415103952
29177,MO,23998.25,19.5,87.25,0.0,1164.5,0,81.25592491119144,363.56817684622837,0.0,4852.4371568760225
29179,MO,6741.0,8.5,16.0,0.75,220.5,0,126.09405132769618,237.35350838154577,11.125945705384957,3271.0280373831774
29181,MO,13860.25,21.25,69.75,0.75,436.0,0,153.31613787630093,503.2376760880936,5.411157807398856,3145.6864053678687
29183,MO,338505.25,335.0,2052.25,3.0,15082.5,0,98.9644916880905,606.2682927369665,0.886249179296333,4455.617748912314
29185,MO,9584.0,10.0,22.5,0.5,246.75,0,104.3405676126878,234.76627712854759,5.217028380634391,2574.603505843072
29186,MO,18208.25,24.0,32.75,0.25,619.0,0,131.80838356239616,179.8635234028531,1.3730039954416269,3399.557892713468
29187,MO,62549.0,98.0,385.75,0.75,2955.5,0,156.6771651025596,616.7164942684934,1.1990599370093846,4725.095525108315
29189,MO,1003782.5,2505.0,10396.5,37.25,74605.75,0,249.55605422489432,1035.732342414816,3.7109632813881497,7432.4617135684275
29195,MO,23047.75,28.5,128.25,1.0,1230.5,0,123.65632220064866,556.453449902919,4.338818322829777,5338.915946242041
29197,MO,4275.25,4.5,7.0,0.25,71.25,0,105.25700251447284,163.7331150225133,5.8476112508040465,1666.5692064791533
29199,MO,4902.25,2.0,12.25,0.25,87.5,0,40.79759294201642,249.88525676985057,5.099699117752053,1784.8946912132183
29201,MO,42134.25,211.0,277.75,3.5,2329.0,0,500.78024410070196,659.2024303268719,8.30678130024861,5527.569613794003
29203,MO,8383.5,10.75,17.0,1.75,263.75,0,128.22806703644065,202.7792688018131,20.874336494304288,3146.0607144987175
29205,MO,6665.0,1.0,20.5,0.0,173.0,0,15.003750937734434,307.5768942235559,0.0,2595.648912228057
29207,MO,29849.75,41.5,112.0,1.5,1035.75,0,139.02964011423882,375.2125227179457,5.025167714972487,3469.8783071885023
29209,MO,31435.25,136.5,161.75,1.75,1431.0,0,434.2259088125591,514.5497490874099,5.566998830930245,4552.214472606389
29211,MO,6819.75,6.5,8.5,0.0,126.25,0,95.31141170864034,124.63799992668352,0.0,1851.2408812639758
29213,MO,44073.75,71.0,310.75,1.25,2189.25,0,161.0936214867126,705.0682095351542,2.836155307864659,4967.242406194163
29215,MO,24042.75,29.0,99.75,2.0,751.25,0,120.61848166287133,414.88598434039363,8.318515976749747,3124.642563766624
29217,MO,20377.75,37.25,143.5,0.0,1296.75,0,182.79741384598398,704.1994332053342,0.0,6363.558292745764
29219,MO,29632.75,62.5,142.0,0.5,1226.5,0,210.91528798373423,479.1995342990441,1.6873223038698735,4139.0016113928
29221,MO,24256.25,62.75,106.5,2.0,1360.75,0,258.69621231641327,439.062097397578,8.245297603710384,5609.894357124453
29223,MO,12986.0,13.0,39.75,0.25,730.0,0,100.1078084090559,306.0988757123055,1.9251501617126134,5621.438472200832
29225,MO,35605.75,34.0,145.0,0.25,1313.0,0,95.49019470169847,407.2375950513611,0.7021337845713123,3687.6066365685315
29227,MO,2181.0,2.0,1.5,0.0,17.25,0,91.70105456212747,68.7757909215956,0.0,790.9215955983494
29229,MO,18506.5,36.0,52.75,0.0,608.25,0,194.52624753465,285.03498770702186,0.0,3286.6830573041907
29510,MO,349321.25,3507.25,5197.25,101.5,44594.0,0,1004.0185073195519,1487.813867607539,29.056348561674966,12765.899583835797
30001,MT,8826.0,12.25,24.75,0.0,371.75,0,138.79447088148652,280.4214819850442,0.0,4211.987310219805
30003,MT,13112.5,17.5,29.0,0.0,572.5,0,133.4604385128694,221.163012392755,0.0,4366.06291706387
30005,MT,6636.0,3.75,7.5,0.0,104.25,0,56.50994575045208,113.01989150090417,0.0,1570.9764918625676
30007,MT,4598.0,8.5,5.0,0.25,69.5,0,184.8629839060461,108.74293170943889,5.437146585471944,1511.5267507612004
30009,MT,9911.25,2.25,5.5,0.0,103.5,0,22.701475595913735,55.49249590112247,0.0,1044.2678774120318
30011,MT,1314.5,0.0,0.0,0.0,0.0,0,0.0,0.0,0.0,0.0
30013,MT,80740.25,120.25,842.25,1.75,4073.0,0,148.93439145903068,1043.160010032171,2.1674443663476395,5044.571945219393
30015,MT,5425.5,4.25,8.75,0.5,54.5,0,78.33379412035758,161.2754584830891,9.215740484747949,1004.5157128375264
30017,MT,11315.75,11.25,64.75,0.25,394.0,0,99.41895146145859,572.211298411506,2.2093100324768575,3481.872611183527
30019,MT,1772.25,1.0,2.0,0.0,23.25,0,56.42544787699252,112.85089575398504,0.0,1311.8916631400762
30021,MT,8657.25,9.5,40.0,0.0,571.0,0,109.7346154956828,462.04048629761184,0.0,6595.627941898409
30023,MT,8976.5,3.25,4.25,0.0,46.0,0,36.20564808110065,47.34584749067008,0.0,512.4491728401939
30025,MT,2737.75,0.5,0.5,0.0,27.25,0,18.263172313030775,18.263172313030775,0.0,995.3428910601772
30027,MT,11488.0,8.5,24.25,0.0,203.75,0,73.99025069637882,211.08983286908077,0.0,1773.5898328690807
30029,MT,85536.25,82.25,436.0,1.0,3206.25,0,96.15806164053252,509.7254088178988,1.169094974352979,3748.410761519239
30031,MT,82254.75,48.25,292.5,0.0,2291.75,0,58.659226366866356,355.60256398566645,0.0,2786.161285518466
30033,MT,1224.0,0.0,0.25,0.0,12.25,0,0.0,20.42483660130719,0.0,1000.8169934640522
30035,MT,13622.0,18.75,24.5,0.0,170.5,0,137.64498605197477,179.85611510791367,0.0,1251.6517398326237
30037,MT,1155.0,0.5,0.5,0.0,5.0,0,43.29004329004329,43.29004329004329,0.0,432.9004329004329
30039,MT,2919.75,0.0,0.5,0.0,16.0,0,0.0,17.12475383166367,0.0,547.9921226132375
30041,MT,16514.75,48.0,203.25,0.5,1412.25,0,290.6492680785359,1230.7179945200503,3.0275965424847486,8551.446434248171
30043,MT,11263.0,2.75,5.75,0.0,55.5,0,24.4162301340673,51.05211755304981,0.0,492.76391725117645
30045,MT,2145.75,1.0,0.5,0.0,7.0,0,46.60375160200396,23.30187580100198,0.0,326.2262612140277
30047,MT,28651.25,36.5,18.5,1.25,409.25,0,127.39409275337027,64.56960865581782,4.362811395663366,1428.3844509401858
30049,MT,59598.75,42.75,324.75,0.75,1182.25,0,71.72969231737243,544.8939784810923,1.2584156546907443,1983.68254367751
30051,MT,1917.75,1.0,2.5,0.0,25.5,0,52.14444009907443,130.3611002476861,0.0,1329.6832225263981
30053,MT,19256.5,32.25,69.75,0.75,485.5,0,167.47591722275595,362.21535585386755,3.8947887726222317,2521.226598810791
30055,MT,1764.5,0.25,0.75,0.0,10.25,0,14.168319637291019,42.504958911873054,0.0,580.9011051289317
30057,MT,7383.25,2.5,3.0,0.25,59.5,0,33.86042731859276,40.63251278231131,3.386042731859276,805.8781701825077
30059,MT,1975.75,0.5,0.25,0.0,5.0,0,25.306845501708214,12.653422750854107,0.0,253.06845501708213
30061,MT,3996.75,10.25,2.75,0.0,75.5,0,256.45837242759745,68.80590479764808,0.0,1889.0348408081566
30063,MT,102755.25,117.5,789.75,1.5,5583.5,0,114.34938847406823,768.5738684884714,1.4597794273285307,5433.785621659234
30065,MT,4555.0,4.75,2.25,0.0,32.75,0,104.28100987925357,49.39626783754117,0.0,718.9901207464325
30067,MT,16123.25,11.5,12.0,0.0,202.25,0,71.32557021692277,74.42668196548462,0.0,1254.3997022932722
30069,MT,469.5,0.0,0.75,0.0,7.5,0,0.0,159.7444089456869,0.0,1597.444089456869
30071,MT,4102.5,3.75,13.0,0.0,123.75,0,91.40767824497257,316.8799512492383,0.0,3016.453382084095
30073,MT,6071.5,2.0,5.75,0.0,78.0,0,32.94078893189492,94.70476817919788,0.0,1284.690768343902
30075,MT,1738.5,1.25,2.75,0.0,29.0,0,71.90106413574921,158.18234109864827,0.0,1668.1046879493815
30077,MT,7036.5,6.5,9.75,0.0,104.25,0,92.3754707596106,138.5632061394159,0.0,1481.5604348752931
30079,MT,1092.75,0.75,1.5,0.0,16.5,0,68.63417982155113,137.26835964310226,0.0,1509.9519560741248
30081,MT,40656.25,31.75,100.75,0.0,855.5,0,78.09377401998464,247.80937740199846,0.0,2104.227517294389
30083,MT,9205.5,6.5,27.75,0.0,176.5,0,70.60996143609798,301.45021997718754,0.0,1917.3320297648147
30085,MT,10518.25,10.5,25.5,0.25,316.0,0,99.82649204953294,242.4357664060086,2.376821239274594,3004.302046443087
30087,MT,9287.5,3.75,11.5,0.0,236.75,0,40.37685060565276,123.82234185733512,0.0,2549.1251682368775
30089,MT,11182.75,7.75,11.5,0.0,156.5,0,69.30316782544544,102.8369587087255,0.0,1399.476872862221
30091,MT,3475.5,1.5,6.25,0.25,55.0,0,43.15925766076823,179.83024025320097,7.193209610128039,1582.5061142281688
30093,MT,32996.75,55.5,161.25,0.75,1288.25,0,168.19838317410048,488.6844916544811,2.2729511239743307,3904.1723806132427
30095,MT,8634.25,7.75,15.75,0.0,163.0,0,89.75880939282509,182.41306424993488,0.0,1887.8304427136113
30097,MT,3769.5,6.5,8.75,0.25,110.75,0,172.43666268735907,232.1262766945218,6.632179334129194,2938.0554450192335
30099,MT,6187.0,1.75,1.25,0.0,20.0,0,28.285113948601907,20.203652820429934,0.0,323.25844512687894
30101,MT,5115.0,3.5,6.0,0.0,99.5,0,68.42619745845552,117.30205278592375,0.0,1945.2590420332353
30103,MT,685.0,1.0,1.0,0.0,11.5,0,145.98540145985402,145.98540145985402,0.0,1678.8321167883212
30105,MT,7086.75,2.75,20.5,0.0,206.25,0,38.80481179666278,289.27223339330436,0.0,2910.360884749709
30107,MT,2010.25,0.5,1.0,0.0,10.0,0,24.87252829250093,49.74505658500186,0.0,497.4505658500186
30109,MT,929.5,0.0,0.25,0.0,5.0,0,0.0,26.896180742334586,0.0,537.9236148466917
30111,MT,139025.0,123.25,888.0,1.75,3892.75,0,88.6531199424564,638.7340406401727,1.2587664089192592,2800.0359647545406
30113,MT,0.0,0.0,0.0,0.0,0.0,0,,,,
30777,MT,0.0,0.0,0.0,0.0,0.0,0,,,,
31001,NE,32771.75,16.0,149.0,0.5,1422.5,1,48.8225377039676,454.65988236819817,1.5257043032489874,4340.628742743369
31003,NE,6934.0,0.75,3.0,0.0,59.75,1,10.816267666570523,43.26507066628209,0.0,861.6959907701182
31005,NE,373.5,0.0,0.0,0.0,1.75,1,0.0,0.0,0.0,468.5408299866131
31007,NE,749.75,0.5,0.0,0.0,20.75,1,66.68889629876625,0.0,0.0,2767.5891963987997
31009,NE,479.5,0.0,0.25,0.0,2.25,1,0.0,52.13764337851929,0.0,469.2387904066737
31011,NE,5678.5,0.5,0.0,0.0,28.25,1,8.805142203046579,0.0,0.0,497.49053447213174
31013,NE,11190.75,22.25,54.25,0.0,796.0,1,198.82492236892074,484.77537251748095,0.0,7113.017447445435
31015,NE,2198.5,0.0,0.25,0.0,36.75,1,0.0,11.37138958380714,0.0,1671.5942688196496
31017,NE,3322.5,1.25,3.0,0.0,79.0,1,37.62227238525207,90.29345372460496,0.0,2377.7276147479306
31019,NE,44239.5,24.25,180.25,0.0,2723.75,1,54.815266899490275,407.4413137580669,0.0,6156.828173916975
31021,NE,7319.75,2.75,6.5,0.0,141.5,1,37.56958912531166,88.80084702346392,0.0,1933.1261313569455
31023,NE,8628.0,5.5,8.5,0.0,102.75,1,63.745943439962915,98.51645804357905,0.0,1190.8901251738525
31025,NE,25905.25,3.5,12.5,0.0,385.75,1,13.510774842937243,48.25276729620444,0.0,1489.0803987608688
31027,NE,8840.5,1.25,1.0,0.25,84.0,1,14.139471749335446,11.311577399468357,2.827894349867089,950.1725015553419
31029,NE,3827.25,3.25,5.25,0.0,97.75,1,84.91736886798616,137.1742112482853,0.0,2554.053171337122
31031,NE,5957.0,3.0,5.5,0.0,166.25,1,50.36091992613731,92.32835319791842,0.0,2790.8343125734427
31033,NE,9973.0,10.0,42.75,0.0,542.75,1,100.27073097362882,428.65737491226315,0.0,5442.1939235937025
31035,NE,6585.5,0.75,1.0,0.0,37.5,1,11.388656897729861,15.184875863639814,0.0,569.4328448864931
31037,NE,10263.5,3.75,5.0,0.0,262.5,1,36.53724363034053,48.716324840454035,0.0,2557.607054123837
31039,NE,9610.5,0.5,9.25,0.0,152.25,1,5.202642942614848,96.24889443837469,0.0,1584.2047760262212
31041,NE,11241.5,5.0,19.0,0.0,360.0,1,44.4780500822844,169.01659031268068,0.0,3202.419605924476
31043,NE,20187.25,11.5,98.25,0.0,1084.5,1,56.96664974179247,486.6933336635747,0.0,5372.202751736864
31045,NE,8667.25,4.75,27.25,0.25,320.0,1,54.80400357668234,314.40191525570395,2.8844212408780177,3692.059188323863
31047,NE,24817.0,30.5,118.5,0.5,1603.5,1,122.89962525688036,477.4952653423057,2.0147479550308254,6461.296691783858
31049,NE,1963.0,0.25,6.25,0.0,75.5,1,12.735608762098828,318.39021905247074,0.0,3846.153846153846
31051,NE,6633.5,2.75,11.0,0.0,121.25,1,41.4562448179694,165.8249792718776,0.0,1827.8435215195595
31053,NE,36166.5,18.25,154.75,0.75,1577.0,1,50.46106203254393,427.8821561389684,2.0737422753100243,4360.388757551878
31055,NE,492987.0,785.25,4136.0,25.25,30810.0,1,159.2841190538493,838.9673561371802,5.121838912587958,6249.6576988845545
31057,NE,2111.5,0.0,0.0,0.0,6.5,1,0.0,0.0,0.0,307.83802983660905
31059,NE,6279.25,0.25,0.0,0.0,35.0,1,3.9813672014969943,0.0,0.0,557.3914082095793
31061,NE,3331.0,1.0,3.25,0.0,72.5,1,30.02101471029721,97.56829780846593,0.0,2176.5235664965476
31063,NE,2749.0,0.75,2.75,0.0,95.75,1,27.28264823572208,100.0363768643143,0.0,3483.0847580938525
31065,NE,4957.25,1.25,15.25,0.25,110.0,1,25.21559332291089,307.63023853951285,5.0431186645821775,2218.972212416158
31067,NE,23416.0,28.75,72.5,0.25,904.0,1,122.7792962077212,309.6173556542535,1.0676460539801844,3860.608131192347
31069,NE,1982.0,0.5,0.25,0.0,8.5,1,25.22704339051463,12.613521695257315,0.0,428.8597376387487
31071,NE,1788.25,0.0,0.0,0.0,10.75,1,0.0,0.0,0.0,601.1463721515448
31073,NE,1996.0,1.0,3.0,0.0,34.5,1,50.1002004008016,150.3006012024048,0.0,1728.4569138276554
31075,NE,648.0,0.0,0.0,0.0,2.75,1,0.0,0.0,0.0,424.3827160493827
31077,NE,2444.5,0.0,0.25,0.0,10.75,1,0.0,10.22704029453876,0.0,439.7627326651667
31079,NE,55575.5,95.25,569.5,1.5,4436.0,1,171.3884715387176,1024.7321211685005,2.6990310478538206,7981.934485519699
31081,NE,9488.75,4.0,5.75,0.0,369.5,1,42.15518377025425,60.59807666974048,0.0,3894.0851007772367
31083,NE,3473.0,1.0,0.5,0.0,104.0,1,28.793550244745177,14.396775122372588,0.0,2994.5292254534984
31085,NE,1037.0,0.0,1.0,0.0,6.75,1,0.0,96.43201542912247,0.0,650.9161041465767
31087,NE,2934.75,1.5,2.5,0.0,46.0,1,51.111679018655764,85.1861316977596,0.0,1567.4248232387768
31089,NE,10609.5,1.25,13.75,0.0,244.0,1,11.781893585937132,129.60082944530845,0.0,2299.825627974928
31091,NE,745.75,0.25,0.0,0.0,13.75,1,33.523298692591354,0.0,0.0,1843.7814280925243
31093,NE,6720.75,4.75,9.5,0.0,180.25,1,70.6766357921363,141.3532715842726,0.0,2681.992337164751
31095,NE,7833.25,4.75,30.75,0.5,248.25,1,60.63894296747837,392.55736763157057,6.383046628155619,3169.1826508792647
31097,NE,4627.0,0.75,0.75,0.0,46.75,1,16.209206829479143,16.209206829479143,0.0,1010.3738923708667
31099,NE,6744.5,1.5,15.0,0.0,168.25,1,22.240343983986953,222.40343983986952,0.0,2494.6252502038697
31101,NE,8228.25,2.0,29.75,0.25,544.75,1,24.30650502840823,361.5592622975724,3.0383131285510285,6620.484307112691
31103,NE,891.5,0.0,1.0,0.0,19.25,1,0.0,112.17049915872126,0.0,2159.282108805384
31105,NE,3705.0,0.75,2.0,0.0,87.0,1,20.242914979757085,53.98110661268556,0.0,2348.178137651822
31107,NE,8831.5,2.5,5.25,0.0,106.5,1,28.3077619883372,59.44630017550813,0.0,1205.910660703165
31109,NE,269406.25,447.0,1766.5,8.0,20362.75,1,165.92042686463287,655.7011947569888,2.969493098248463,7558.380698294862
31111,NE,35657.0,44.75,215.75,1.5,2561.0,1,125.50130409176319,605.0705331351488,4.206747623187593,7182.32044198895
31113,NE,735.75,0.5,0.0,0.0,12.0,1,67.95786612300374,0.0,0.0,1630.9887869520899
31115,NE,670.75,0.0,0.0,0.0,3.0,1,0.0,0.0,0.0,447.26052925829293
31117,NE,507.0,0.0,0.0,0.0,2.75,1,0.0,0.0,0.0,542.4063116370809
31119,NE,35245.5,20.5,268.0,0.5,2477.0,1,58.163453490516524,760.3807578272404,1.4186208168418664,7027.847526634607
31121,NE,7955.0,2.5,7.5,0.0,157.25,1,31.426775612822127,94.28032683846638,0.0,1976.7441860465117
31123,NE,5150.0,1.5,9.5,0.0,211.0,1,29.12621359223301,184.46601941747574,0.0,4097.087378640777
31125,NE,3657.5,0.25,1.0,0.0,46.5,1,6.835269993164729,27.341079972658918,0.0,1271.3602187286397
31127,NE,7065.0,3.5,19.5,0.25,391.75,1,49.53998584571833,276.0084925690021,3.5385704175513095,5544.939844302901
31129,NE,4676.5,0.5,3.25,0.0,14.75,1,10.691756655618518,69.49641826152038,0.0,315.4068213407463
31131,NE,15651.5,7.25,32.5,0.5,512.5,1,46.32143883972782,207.64782928153852,3.194581988946746,3274.4465386704146
31133,NE,2790.5,1.75,2.5,0.5,46.75,1,62.71277548826375,89.58967926894822,17.917935853789643,1675.3270023293317
31135,NE,3012.25,1.5,2.0,0.0,35.25,1,49.79666362353722,66.39555149804963,0.0,1170.2215951531248
31137,NE,9423.0,1.25,21.0,0.0,275.75,1,13.265414411546217,222.85896211397642,0.0,2926.350419187095
31139,NE,7532.0,1.75,4.0,0.0,125.25,1,23.234200743494423,53.10674455655868,0.0,1662.9049389272436
31141,NE,31679.25,13.25,145.0,0.0,1607.0,1,41.825485136169576,457.71285620713877,0.0,5072.721102930152
31143,NE,5340.5,0.0,2.0,0.0,65.0,1,0.0,37.449676996535906,0.0,1217.114502387417
31145,NE,10944.75,6.5,57.75,0.0,714.25,1,59.3892048699148,527.6502432673199,0.0,6525.959935128715
31147,NE,8617.0,3.5,52.0,0.25,383.75,1,40.61738424045491,603.4582801439016,2.9012417314610652,4453.406057792735
31149,NE,1541.0,0.0,3.0,0.0,24.0,1,0.0,194.6787800129786,0.0,1557.4302401038287
31151,NE,14180.0,11.0,47.0,0.5,624.5,1,77.57404795486602,331.4527503526093,3.5260930888575457,4404.090267983075
31153,NE,143114.5,59.0,712.75,1.0,5520.25,1,41.22573184408289,498.02780291305214,0.69874121769632,3857.2262069881112
31155,NE,20424.5,4.25,31.25,0.0,630.75,1,20.808342921491345,153.002521481554,0.0,3088.202893583686
31157,NE,36644.0,36.5,273.75,0.75,2363.25,1,99.60702980024016,747.0527235018011,2.0467197904158936,6449.21405960048
31159,NE,16752.0,4.5,37.5,0.25,635.0,1,26.86246418338109,223.8538681948424,1.4923591212989493,3790.592168099331
31161,NE,5601.25,6.5,19.0,0.5,380.25,1,116.04552555233207,339.20999776835527,8.926578888640929,6788.663244811426
31163,NE,3088.75,0.25,0.5,0.0,10.5,1,8.093889113719143,16.187778227438287,0.0,339.94334277620396
31165,NE,1414.0,0.25,0.5,0.0,12.0,1,17.68033946251768,35.36067892503536,0.0,848.6562942008486
31167,NE,6526.25,3.25,19.5,0.25,337.0,1,49.79888910170466,298.79333461022793,3.830683777054204,5163.761731469067
31169,NE,5320.5,1.75,11.75,0.25,113.75,1,32.89164552203741,220.8439056479654,4.6988065031482,2137.9569589324315
31171,NE,617.25,0.0,0.0,0.0,8.5,1,0.0,0.0,0.0,1377.075739165654
31173,NE,7154.0,1.75,0.5,0.0,70.5,1,24.46183953033268,6.98909700866648,0.0,985.4626782219736
31175,NE,4381.5,1.75,5.75,0.0,57.5,1,39.94065959146411,131.23359580052494,0.0,1312.3359580052493
31177,NE,19982.0,5.75,46.25,0.0,789.0,1,28.77589830847763,231.45831248123312,0.0,3948.5536983284956
31179,NE,9226.75,2.0,8.25,0.0,212.5,1,21.676104803966727,89.41393231636276,0.0,2303.086135421465
31181,NE,3723.75,2.25,8.75,0.0,76.75,1,60.42296072507553,234.97818059751594,0.0,2061.094326955354
31183,NE,812.75,0.5,0.5,0.0,20.0,1,61.519532451553374,61.519532451553374,0.0,2460.7812980621347
31185,NE,14398.25,2.25,49.0,0.0,583.25,1,15.626899102321463,340.3191360061118,0.0,4050.8395117462187
31777,NE,0.0,0.0,0.0,0.0,0.0,1,,,,
32001,NV,25058.25,57.0,118.25,1.5,1332.0,1,227.4699949118554,471.9004719004719,5.986052497680404,5315.614617940199
32003,NV,1794607.25,3913.75,12281.5,116.75,119429.0,1,218.08392894879927,684.3558667223706,6.5056017131324975,6654.8822869182095
32005,NV,46824.5,27.25,140.0,1.25,2178.5,1,58.19602985616504,298.9887772426828,2.669542653952525,4652.47893730846
32007,NV,46665.0,60.5,175.75,3.0,2976.5,1,129.64748741026466,376.6205935926283,6.428801028608165,6378.4420872174005
32009,NV,772.75,2.0,2.25,0.0,41.75,1,258.81591717890655,291.1679068262698,0.0,5402.782271109673
32011,NV,1476.25,4.75,5.5,0.0,72.25,1,321.76121930567314,372.5656223539374,0.0,4894.15749364945
32013,NV,17557.75,17.75,50.5,0.25,651.0,1,101.0949580669505,287.6222750637183,1.4238726488302886,3707.7643775540714
32015,NV,5171.25,12.25,12.25,0.5,153.0,1,236.88663282571912,236.88663282571912,9.6688421561518,2958.665699782451
32017,NV,4629.0,3.0,8.75,0.5,113.75,1,64.80881399870383,189.0257074962195,10.801468999783971,2457.334197450853
32019,NV,50479.75,38.0,101.5,2.5,1813.5,1,75.27771036900936,201.07072638038025,4.952480945329563,3592.529677742065
32021,NV,4914.25,8.0,11.75,0.0,380.0,1,162.79188075494733,239.10057485882894,0.0,7732.614335859998
32023,NV,42467.25,103.5,333.5,3.25,2501.5,1,243.7172173851615,785.3110337966315,7.652956101466425,5890.421442405618
32027,NV,6446.25,17.5,13.25,0.75,140.5,1,271.4756641458212,205.54585999612178,11.634671320535196,2179.5617607135932
32029,NV,4138.75,3.5,5.0,0.0,209.75,1,84.56659619450316,120.80942313500454,0.0,5067.95530051344
32031,NV,402237.5,944.25,3440.75,36.0,29287.0,1,234.74937070760436,855.402591752385,8.949936293856242,7281.021784393549
32033,NV,9061.0,13.75,41.25,1.0,441.25,1,151.74925504911158,455.24776514733475,11.036309458117206,4869.771548394217
32510,NV,56464.5,168.25,315.5,1.75,3372.5,1,297.9748337450965,558.7581577805524,3.0992924758033813,5972.779356941087
32777,NV,0.0,0.0,0.0,0.0,0.0,1,,,,
33001,NH,61554.75,39.0,195.75,0.5,4471.25,0,63.35822986853167,318.00957684013014,0.8122849983145086,7263.858597427493
33003,NH,47469.5,29.0,114.25,0.25,6866.0,0,61.09185898313654,240.68085823528793,0.5266539567511771,14464.024268214325
33005,NH,77498.5,54.5,245.25,0.0,14158.75,0,70.32394175371137,316.45773789170113,0.0,18269.70844596992
33007,NH,33200.5,31.0,86.0,0.25,12091.25,0,93.3720877697625,259.0322434903089,0.7530007078206653,36418.879233746484
33009,NH,85096.75,54.5,286.25,0.25,20771.5,0,64.0447490650348,336.38182421772865,0.29378325259190274,24409.27532485083
33011,NH,402285.25,297.5,1313.25,3.0,13954.5,0,73.9525001227363,326.44746482750736,0.7457394970359962,3468.8072704629362
33013,NH,147875.75,79.5,491.0,0.0,17768.75,0,53.7613503228217,332.0355095409491,0.0,12015.999918850792
33015,NH,296069.5,119.5,702.0,1.5,11371.25,0,40.36214469913314,237.10649019909178,0.5066377995707089,3840.7367189122824
33017,NH,120147.5,55.75,340.25,0.75,5858.25,0,46.40129840404503,283.19357456459767,0.6242327139557627,4875.881728708462
33019,NH,42920.0,30.25,116.5,0.0,7911.75,0,70.47996272134203,271.43522833178,0.0,18433.713886300095
34001,NJ,270678.5,749.0,1959.0,12.25,16659.5,1,276.71204029873076,723.7368317025549,4.525664210493261,6154.718605282651
34003,NJ,900382.0,794.25,2731.0,11.0,23006.0,1,88.21255866954249,303.3157037790627,1.2217036768838114,2555.137708217179
34005,NJ,449551.25,427.75,1530.25,6.5,20452.25,1,95.15044169046354,340.3950050188938,1.4458863144079792,4549.481288284706
34007,NJ,515790.0,1362.5,3115.0,29.0,31739.0,1,264.157893716435,603.9279551755559,5.622443242404855,6153.473312782334
34009,NJ,98235.75,239.5,755.5,0.25,8413.25,1,243.8012637965303,769.0682872579483,0.25448983694836147,8564.346482823208
34011,NJ,153774.5,498.25,1268.25,9.0,7701.25,1,324.01340924535606,824.746625740939,5.852725907091227,5008.1450435540355
34013,NJ,785897.25,2386.0,2715.25,64.5,48890.75,1,303.6020294001538,345.4968190816293,8.207179755368784,6221.010443795292
34015,NJ,279689.5,382.0,1604.5,3.25,16794.25,1,136.5800289249328,573.6718754189915,1.1620028638901354,6004.605106734432
34017,NJ,601070.0,1788.75,2027.5,32.25,26178.25,1,297.59429018250785,337.3151213668957,5.3654316468963685,4355.2747600113125
34019,NJ,130104.75,46.0,195.0,0.75,3377.0,1,35.35612650575786,149.87923192658224,0.5764585843330086,2595.600852390093
34021,NJ,366067.75,687.5,1425.25,22.5,22725.0,1,187.8067652777389,389.3404977630507,6.146403227271455,6207.867259544169
34023,NJ,787579.0,787.75,2429.5,13.25,26164.5,1,100.0217121076108,308.4769908796451,1.6823709113625425,3322.1429215354906
34025,NJ,637280.0,723.75,2634.0,13.0,31606.75,1,113.56860406728597,413.3191062013558,2.0399196585488326,4959.633128295255
34027,NJ,489947.0,326.5,1205.5,1.5,13701.0,1,66.6398610461948,246.04702141252014,0.3061555637650603,2796.4249194300605
34029,NJ,560755.75,540.0,1499.75,7.75,22469.25,1,96.29861129377629,267.45155979229816,1.382063402827345,4006.9584663197834
34031,NJ,496516.25,1226.0,1863.0,27.75,22574.5,1,246.92041801250213,375.2143056747891,5.588940946041545,4546.5782841951295
34033,NJ,66038.25,102.0,266.0,4.5,4365.5,1,154.4559403073219,402.79686393870224,6.814232660617143,6610.562817760919
34035,NJ,321436.0,127.0,863.5,3.5,8581.25,1,39.510197986535424,268.63823591632547,1.0888637240383778,2669.6605234012372
34037,NJ,152556.25,55.75,251.75,1.25,4058.75,1,36.54389774263591,165.021098775042,0.8193699045434061,2660.4940800524396
34039,NJ,529090.5,678.0,1616.5,18.5,19945.75,1,128.14442897765127,305.52429121293994,3.496566277413789,3769.818206904112
34041,NJ,110326.25,94.25,288.25,2.25,3727.75,1,85.42844517963766,261.27054984647805,2.0394058530947983,3378.842297277393
35001,NM,617920.5,1617.5,2838.75,37.75,28587.0,1,261.76506524706656,459.40375825045453,6.109200131732157,4626.323289160984
35003,NM,3446.75,2.5,5.75,0.75,137.25,1,72.53209545223761,166.82381954014653,21.759628635671284,3982.012040327845
35005,NM,62544.0,163.25,479.75,6.25,5667.25,1,261.01624456382706,767.0599897672039,9.992964952673319,9061.220900486058
35006,NM,27766.0,14.0,97.75,1.25,1325.0,1,50.421378664553764,352.0492688900094,4.501908809335158,4772.023337895267
35007,NM,13604.75,22.25,30.25,0.0,633.25,1,163.5458203936125,222.34881199581028,0.0,4654.624304011466
35009,NM,45885.5,100.75,351.0,1.25,3441.0,1,219.568273201774,764.94753244489,2.724172124091489,7499.101023199049
35011,NM,1985.0,2.75,2.75,0.0,80.25,1,138.5390428211587,138.5390428211587,0.0,4042.821158690176
35013,NM,194510.75,320.75,1182.75,5.75,11891.0,1,164.90091164627148,608.0640787205848,2.9561348151708837,6113.286797773388
35015,NM,51749.0,205.5,248.75,2.0,3499.5,1,397.1091228816016,480.6856171133742,3.8648089818160734,6762.449515932675
35017,NM,29743.5,58.5,254.0,2.5,1891.25,1,196.68162791870495,853.9680938692487,8.40519777430363,6358.532116260695
35019,NM,4433.0,13.0,11.25,0.0,231.5,1,293.2551319648094,253.77847958493123,0.0,5222.197157681028
35021,NM,736.25,2.0,1.0,0.0,22.0,1,271.6468590831919,135.82342954159594,0.0,2988.1154499151103
35023,NM,5070.0,4.0,5.25,0.0,334.75,1,78.89546351084812,103.55029585798817,0.0,6602.5641025641025
35025,NM,57540.5,115.25,397.75,5.0,4262.0,1,200.29370617217438,691.2522484163328,8.689531721135548,7406.95683909594
35027,NM,21153.0,53.25,108.5,0.75,1107.5,1,251.73734222096155,512.9296080934147,3.545596369309318,5235.663972013426
35028,NM,18937.75,16.75,35.25,0.5,323.75,1,88.44767725838604,186.13615661839447,2.6402291718921203,1709.548388800148
35029,NM,26988.5,86.0,148.0,1.0,1137.25,1,318.65424162143137,548.3817181392075,3.7052818793189695,4213.831817255498
35031,NM,71706.75,120.0,256.0,2.5,3412.5,1,167.3482621928898,357.0096260114982,3.4864221290185373,4758.966206110304
35033,NM,5156.0,3.75,5.75,0.5,168.0,1,72.73079906904577,111.52055857253686,9.69743987587277,3258.3397982932506
35035,NM,63588.5,141.5,356.25,1.5,4421.25,1,222.52451308019533,560.2428112001385,2.358917099790056,6952.908151631192
35037,NM,9204.25,28.5,35.25,2.0,592.5,1,309.6395686775131,382.97525599587146,21.72909253877285,6437.243664611457
35039,NM,43778.75,108.75,160.75,2.5,2200.75,1,248.40818890443424,367.18727693230164,5.710533078262856,5026.982268794792
35041,NM,18605.0,24.5,72.25,1.5,1341.75,1,131.68503090567052,388.336468691212,8.062348830959419,7211.7710292932015
35043,NM,112859.25,246.25,103.25,1.25,4976.25,1,218.1921286912681,91.48563365430836,1.1075742573160818,4409.253118375321
35045,NM,126294.25,372.5,950.25,5.5,10070.25,1,294.946127792833,752.4095515037303,4.35490926942438,7973.640921894702
35047,NM,29349.75,79.75,102.5,1.75,1570.75,1,271.72292779325204,349.23636487533963,5.962572083237506,5351.834342711608
35049,NM,140146.5,200.75,418.25,10.75,7816.25,1,143.2429636130763,298.4377062573807,7.670544751385158,5577.19957330365
35051,NM,12715.0,16.75,17.5,0.0,296.5,1,131.73417223751474,137.6327172630751,0.0,2331.8914667715294
35053,NM,18278.25,43.0,73.25,1.0,2060.0,1,235.2522807161517,400.74952470832824,5.4709832724686445,11270.225541285407
35055,NM,31945.75,60.0,139.75,2.5,1874.25,1,187.81841089972843,437.4603820539508,7.825767120822018,5866.977610480268
35057,NM,17233.75,30.0,35.0,0.75,783.0,1,174.07702908537027,203.08986726626532,4.351925727134257,4543.410459128165
35059,NM,3814.0,6.75,12.25,0.0,203.25,1,176.97954902988988,321.18510749868904,0.0,5329.050865233351
35061,NM,70623.0,154.75,199.5,3.25,2794.75,1,219.12124945131188,282.4858757062147,4.601900230802996,3957.2802061651305
35777,NM,0.0,0.0,0.0,0.0,0.0,1,,,,
36001,NY,298503.0,644.5,2335.25,7.5,13984.25,1,215.91072786538157,782.3204456906631,2.5125375624365582,4684.793787667126
36003,NY,50289.0,88.0,193.5,1.5,1813.5,1,174.98856608801128,384.775994750343,2.9827596492274653,3606.1564159160057
36005,NY,1365553.0,5776.0,11177.0,166.75,79259.0,1,422.97882249901687,818.4962429140429,12.21117012668128,5804.1687140667555
36007,NY,195697.25,337.0,1622.75,5.25,7870.5,1,172.20477037873553,829.2145137450833,2.6827152655440996,4021.7734280885397
36009,NY,82451.5,101.25,399.5,1.75,3530.5,1,122.79946392727847,484.5272675451629,2.1224598703480226,4281.911184150682
36011,NY,81108.75,76.0,328.5,1.5,2047.25,1,93.70135774500285,405.01178972675575,1.8493689028618983,2524.0803242560146
36013,NY,135460.5,195.5,754.5,2.0,6411.75,1,144.32251468140157,556.9889377346163,1.4764451629810904,4733.298636872003
36015,NY,88885.25,129.75,722.25,10.5,4217.25,1,145.9747258403391,812.5645143598067,11.812983594015881,4744.600482082235
36017,NY,51593.5,43.75,350.75,1.0,2801.0,1,84.79750356149515,679.8336999815868,1.9382286528341748,5428.978456588524
36019,NY,82248.5,147.5,462.5,1.0,2928.0,1,179.3345775302893,562.3202854763308,1.2158276442731477,3559.9433424317767
36021,NY,63142.5,57.25,278.5,2.25,1910.75,1,90.66793364215862,441.0658431325969,3.5633685710892027,3026.091776537198
36023,NY,48623.0,80.0,214.75,0.25,2498.5,1,164.5311889435041,441.6634103202188,0.5141599654484503,5138.514694691813
36025,NY,47757.5,58.75,246.0,0.75,1822.0,1,123.01732712139454,515.1023399466053,1.5704339632518454,3815.1075747264827
36027,NY,295012.5,396.25,1191.75,7.25,7609.0,1,134.316342527859,403.9659336468794,2.4575229863141392,2579.21274522266
36029,NY,922801.75,2274.5,6184.0,73.5,37141.75,1,246.47764267893942,670.1331028035004,7.964874362234359,4024.8894196397005
36031,NY,37310.75,54.25,123.25,1.0,1530.0,1,145.40045429266365,330.33375099669666,2.6801927058555512,4100.694839958993
36033,NY,52106.75,60.75,264.0,1.25,2357.0,1,116.58758222303253,506.6522091667586,2.398921444918365,4523.406276538069
36035,NY,55343.0,70.0,303.0,1.0,2590.0,1,126.48392750664041,547.4947147787435,1.8069132500948628,4679.905317745695
36037,NY,58755.75,60.0,398.5,2.75,2408.75,1,102.11766507958797,678.23149223693,4.680392982814448,4099.598762674291
36039,NY,49587.5,61.5,258.0,1.5,2402.75,1,124.0231913284598,520.2924124023191,3.024955886059995,4845.475170153769
36041,NY,5157.25,6.25,17.0,0.5,177.0,1,121.18861796500073,329.63304086480196,9.695089437200059,3432.0616607688203
36043,NY,63403.75,129.5,310.25,0.25,2346.5,1,204.2465942471857,489.32436961536183,0.39429844449263646,3700.8852000078864
36045,NY,115143.25,148.0,715.25,2.75,4459.25,1,128.53554159709753,621.1827441035406,2.3883293202163394,3872.7845531544403
36047,NY,2510477.75,10615.25,20545.75,306.5,145402.75,1,422.8378443107094,818.4000037443071,12.208831566023639,5791.835836824285
36049,NY,26553.75,18.75,76.75,0.25,692.0,1,70.61149555147578,289.0363884573742,0.9414866073530104,2606.034929153133
36051,NY,64070.5,53.0,254.0,0.75,2179.25,1,82.7213772328919,396.43829843687814,1.1705855268805456,3401.331345939239
36053,NY,70330.5,45.25,312.75,0.75,2354.75,1,64.3390847498596,444.68616034295223,1.0663936698871754,3348.120658889102
36055,NY,732084.0,1229.75,5131.75,25.0,28083.5,1,167.97935756006143,700.9783030362636,3.4149086716824844,3836.1035072478016
36057,NY,48977.0,49.25,276.75,0.25,1921.75,1,100.55740449598791,565.0611511525818,0.5104436776446086,3923.7805500541067
36059,NY,1338384.75,1686.0,4845.5,46.0,26230.75,1,125.97274438460242,362.04088547781197,3.4369787910389746,1959.881117892295
36061,NY,1605220.75,6829.75,13224.25,196.25,94477.75,1,425.471076174414,823.8275016068662,12.225732815875947,5885.654667745854
36063,NY,216298.25,420.5,1160.0,5.25,9028.0,1,194.40749058302598,536.2965257462786,2.427204103593071,4173.866408997761
36065,NY,233754.25,277.0,1588.75,9.0,9354.0,1,118.50051924189614,679.6667868070848,3.850197376090488,4001.638472883381
36067,NY,457082.75,1162.75,3526.5,20.75,22799.25,1,254.3850101540695,771.5233182612996,4.53965939427817,4987.991780481761
36069,NY,104352.5,81.0,634.75,2.5,3737.5,1,77.62152320260655,608.2748376895618,2.395726024771807,3581.6104070338515
36071,NY,376670.0,640.5,2202.75,9.5,14571.25,1,170.04274298457537,584.7957097724799,2.522101574322351,3868.439217352059
36073,NY,43199.5,49.25,226.25,0.5,1476.5,1,114.00594914292988,523.7329135753886,1.1574208034815219,3417.8636326809333
36075,NY,122938.0,128.5,597.75,3.5,3595.25,1,104.52423172656135,486.2206966113,2.8469635100619826,2924.441588442955
36077,NY,62633.25,60.5,250.75,0.75,1863.75,1,96.59406146096522,400.34646134441374,1.1974470429045276,2975.6559016177507
36079,NY,100586.75,60.25,186.0,0.75,1831.75,1,59.89854528553712,184.9150111719486,0.7456250450481798,1821.0649016893378
36081,NY,2253086.25,9535.75,18477.0,275.25,131307.25,1,423.230579832441,820.0751302796331,12.216576262892733,5827.883863744675
36083,NY,155209.25,297.75,629.5,6.5,5266.75,1,191.83779317276517,405.58149723679486,4.187894729212338,3393.322240781397
36085,NY,477153.25,2021.5,3905.0,58.5,28076.5,1,423.6584367810552,818.3953478258819,12.26021199687941,5884.168241545038
36087,NY,295273.75,366.0,1065.5,3.5,6286.25,1,123.95277263894945,360.8515826415318,1.1853407219571668,2128.956603829497
36089,NY,110891.75,116.25,489.25,3.25,4486.25,1,104.83196450592582,441.19603126472435,2.930786104466743,4045.612049588901
36091,NY,215761.25,157.75,735.5,0.75,4834.75,1,73.11322121094497,340.88604881553107,0.3476064399886449,2240.7869809801346
36093,NY,149913.75,321.25,1135.5,7.75,6485.5,1,214.28988334959266,757.4355254271206,5.169639209211963,4326.154205334734
36095,NY,32181.75,22.25,95.0,0.75,1094.25,1,69.1385645591057,295.1983655332603,2.3305134121046867,3400.2190682607375
36097,NY,19324.5,13.25,71.75,0.0,627.75,1,68.56581024088592,371.2903309270615,0.0,3248.4669719785766
36099,NY,34808.0,29.5,137.0,0.75,1446.5,1,84.75063203861181,393.5876809928752,2.154677085727419,4155.653872672949
36101,NY,98085.25,87.0,355.5,1.5,2842.75,1,88.69835168896445,362.4398163842168,1.5292819256718009,2898.244129469008
36103,NY,1487861.75,1805.0,5750.25,30.75,40324.75,1,121.3150348142225,386.4774398562232,2.0667242773060064,2710.248448822614
36105,NY,76569.0,172.75,523.25,1.75,3668.25,1,225.6134989356006,683.3705546631143,2.2855202497094127,4790.776946283744
36107,NY,51144.75,26.0,146.5,0.25,1158.75,1,50.836107322843496,286.4419124152528,0.4888087242581105,2265.6284369363425
36109,NY,100710.5,76.0,385.5,1.25,3853.0,1,75.46382949146316,382.78034564419795,1.2411814061095914,3825.817566192204
36111,NY,182614.5,328.5,874.25,5.25,8972.75,1,179.88713930164363,478.7407352647243,2.8749086189760393,4913.492630650906
36113,NY,65936.5,77.0,407.0,2.25,3062.75,1,116.77902224109559,617.2605461315053,3.4123740265255207,4644.999355440462
36115,NY,63142.5,61.5,217.25,1.0,2178.25,1,97.39874094310488,344.0630320307242,1.5837193649285346,3449.7367066555803
36117,NY,92829.75,94.5,345.0,1.0,2532.5,1,101.79926155138844,371.6480977272911,1.0772408629776553,2728.112485490912
36119,NY,947866.5,1706.75,3561.75,23.25,24628.25,1,180.06227670246813,375.7649415819633,2.4528770665489286,2598.28256405306
36121,NY,42609.25,35.5,101.75,0.25,1264.25,1,83.31524258230313,238.79791359857307,0.5867270604387544,2967.0787446387817
36123,NY,24686.75,7.75,58.75,0.0,878.0,1,31.39335878558336,237.9819133745835,0.0,3556.56374370867
36777,NY,0.0,0.0,0.0,0.0,0.0,1,,,,
37001,NC,142958.5,481.75,1217.25,4.75,8990.25,1,336.9859084979207,851.4708814096399,3.3226425850858816,6288.713158014389
37003,NC,36350.0,77.5,245.5,1.75,1623.75,1,213.20495185694634,675.3782668500688,4.814305364511692,4466.987620357634
37005,NC,11039.25,21.5,53.25,0.75,517.25,1,194.75960776320855,482.36972620422586,6.793939805693322,4685.553819326494
37007,NC,25651.5,46.5,169.0,0.25,1045.0,1,181.27594877492544,658.8308675905893,0.9746018751340078,4073.8358380601526
37009,NC,25785.75,64.5,122.25,1.5,1346.75,1,250.1381577033827,474.09906634478347,5.817166458218202,5222.845951736909
37011,NC,17943.0,23.5,64.0,1.0,794.0,1,130.97029482249346,356.6850582399822,5.573204034999722,4425.124003789779
37013,NC,46618.75,118.25,298.5,3.0,3087.5,1,253.65330473253786,640.300308352326,6.435178978415337,6622.8716986191175
37015,NC,19369.5,63.75,113.25,1.25,1160.25,1,329.1256872918764,584.6821033067451,6.453444848860322,5990.08750871215
37017,NC,33229.25,125.5,262.25,7.0,2309.0,1,377.67930362557087,789.2143217195693,21.065777891466105,6948.697307342176
37019,NC,94796.25,176.25,489.5,3.0,4527.5,1,185.92507615016416,516.3706370241439,3.164682147236837,4776.032807204926
37021,NC,224749.25,437.5,1963.75,8.75,15419.0,1,194.6613837421037,873.7515253109856,3.893227674842074,6860.534573530279
37023,NC,89222.75,376.0,663.0,8.25,5629.75,1,421.41718339773206,743.0840228529158,9.246520646359814,6309.769649556868
37025,NC,166942.5,437.5,1713.25,8.75,11351.5,1,262.0662803060934,1026.2515536786618,5.241325606121868,6799.646584901988
37027,NC,80845.0,170.5,527.75,6.25,5225.5,1,210.89739625208733,652.7923804811677,7.730842971117571,6463.603191291978
37029,NC,9351.25,14.0,24.5,0.75,363.5,1,149.71260526667558,261.99705921668226,8.020318139286191,3887.1808581740406
37031,NC,63898.75,170.5,477.0,1.0,3907.5,1,266.82838083687085,746.4934760069641,1.5649758406854597,6115.1430974784325
37033,NC,23804.25,55.75,95.0,2.75,813.75,1,234.20187571547095,399.0883980801748,11.552558891794533,3418.507199344655
37035,NC,156254.25,290.75,904.5,11.25,6791.5,1,186.07493876166566,578.864254892267,7.199804165326703,4346.441776783671
37037,NC,60433.25,90.75,196.5,1.5,1726.0,1,150.16567866199486,325.1521306565508,2.4820773332561132,2856.043651466701
37039,NC,26422.5,70.0,160.0,2.25,1667.0,1,264.92572618033876,605.5445169836314,8.515469770082316,6309.01693632321
37041,NC,14803.5,33.0,85.0,1.5,665.0,1,222.92025534501977,574.1885364947478,10.13273887931908,4492.180903164792
37043,NC,10082.0,14.5,32.75,0.25,325.25,1,143.82067050188454,324.8363419956358,2.479666732791113,3226.046419361238
37045,NC,100625.0,553.5,863.75,26.25,5587.75,1,550.0621118012423,858.3850931677019,26.08695652173913,5553.04347826087
37047,NC,55175.75,170.75,454.75,6.25,3059.0,1,309.46566199825105,824.1845375912426,11.327440043859847,5544.102255066764
37049,NC,94906.5,173.75,567.75,2.5,4964.5,1,183.07492110656275,598.2203537165526,2.6341715267131334,5230.937817746941
37051,NC,308392.25,664.75,2136.0,35.25,14140.5,1,215.55340641666578,692.6244093358378,11.430248328224849,4585.231957028752
37053,NC,23955.5,36.75,90.25,0.5,1311.25,1,153.40944668239027,376.74020579825094,2.0872033562229966,5473.690801694809
37055,NC,34482.25,83.75,280.5,1.25,3502.5,1,242.87858245909126,813.4619985644789,3.625053469538676,10157.39982164737
37057,NC,156247.25,478.25,1709.0,9.75,10454.5,1,306.085387102813,1093.779250514809,6.240109825932936,6690.997761560603
37059,NC,40275.0,55.75,273.75,1.5,1657.75,1,138.423339540658,679.7020484171322,3.7243947858473,4116.076970825574
37061,NC,53258.0,118.25,120.75,2.0,2346.5,1,222.03237072364715,226.72650118292086,3.755304367418979,4405.910849074317
37063,NC,248551.0,753.75,1957.75,28.5,13201.5,1,303.2576815221021,787.6653081258978,11.466459599840677,5311.384786220937
37065,NC,37829.25,127.0,328.25,6.0,3716.25,1,335.7190533780078,867.7147974120554,15.860742679275956,9823.747496976546
37067,NC,334730.5,717.0,2954.25,22.25,23416.0,1,214.20217159774805,882.5756840204283,6.647138518898038,6995.478452068156
37069,NC,56479.5,54.25,207.75,2.75,1294.75,1,96.05255004028011,367.8325764215335,4.86902327393125,2292.424685062722
37071,NC,200259.25,629.25,2276.75,11.25,14965.5,1,314.21769531245127,1136.901291700633,5.617718032999724,7473.063042031767
37073,NC,11567.25,9.5,27.5,0.25,356.5,1,82.12842291815255,237.74017160517843,2.1612742873198036,3081.97713371804
37075,NC,8099.25,21.0,35.5,0.75,380.75,1,259.28326696916383,438.3121894002531,9.260116677470137,4701.052566595672
37077,NC,55108.25,166.5,368.5,3.25,2953.75,1,302.1326207963417,668.6839084892008,5.8974835891177815,5359.905277340507
37079,NC,20541.0,50.75,91.75,1.75,771.75,1,247.0668419259043,446.6676403290979,8.519546273307045,3757.119906528407
37081,NC,461612.25,1579.75,5627.0,41.75,41943.5,1,342.22445353215824,1218.9884475552803,9.04438736190385,9086.305660215905
37083,NC,56216.5,279.25,734.0,9.5,5505.5,1,496.74028087838974,1305.6664858182207,16.89895315432302,9793.388062223725
37085,NC,107503.25,270.75,889.75,10.0,5599.25,1,251.8528509603198,827.6493966461479,9.302044356798516,5208.447186480409
37087,NC,57263.5,147.75,386.5,1.25,3321.0,1,258.01776000419113,674.9500117876133,2.182891370593834,5799.505793393698
37089,NC,100016.25,201.0,770.25,4.25,5919.25,1,200.96734280679388,770.1248547111094,4.249309487208329,5918.2882781548
37091,NC,23804.5,101.0,235.5,1.75,2031.5,1,424.289525089794,989.3087441450145,7.35155117729841,8534.100695246698
37093,NC,42393.5,77.25,164.25,5.5,1438.75,1,182.22133110028662,387.441470980221,12.9736870039039,3393.7985776121336
37095,NC,5397.25,10.75,22.5,0.5,281.75,1,199.175506044745,416.878966140164,9.263977025336978,5220.251053777387
37097,NC,147403.25,416.5,1693.25,13.5,11453.25,1,282.55822039201985,1148.7195838626353,9.158549760605684,7770.011855233856
37099,NC,36304.75,76.25,163.75,1.25,1523.75,1,210.02761346655743,451.04290760850853,3.443075630599302,4197.1091937005485
37101,NC,153777.25,307.75,827.75,9.25,6772.0,1,200.12713193921726,538.2785815196982,6.015194055037401,4403.77233953657
37103,NC,10379.0,14.5,19.5,1.25,256.0,1,139.70517390885442,187.87937180845938,12.043549474901242,2466.5189324597745
37105,NC,56194.0,127.25,548.0,9.5,2780.0,1,226.44766345161406,975.1930811118624,16.905719471829734,4947.147382282806
37107,NC,58089.0,215.75,459.5,7.0,4643.25,1,371.4128320336036,791.027561156157,12.050474272237429,7993.337809223777
37109,NC,72132.0,166.0,414.75,4.75,3360.75,1,230.13364387511783,574.9875228747297,6.585149448233794,4659.166528031942
37111,NC,43981.0,113.0,395.75,4.75,2436.5,1,256.92912848730134,899.820376980969,10.800118232873286,5539.892226188582
37113,NC,32712.0,61.0,149.75,1.5,1382.5,1,186.47591098067988,457.783076546833,4.58547322083639,4226.27781853754
37115,NC,20510.0,20.75,59.25,0.5,550.25,1,101.17016089712335,288.8834714773281,2.4378352023403216,2682.837640175524
37117,NC,24550.5,81.0,170.5,4.25,1065.5,1,329.9321806073196,694.4868739944197,17.311256389890225,4340.03380786542
37119,NC,835942.5,2787.5,4363.75,51.0,35647.75,1,333.45594942235863,522.0155692526699,6.100898088086202,4264.378231756371
37121,NC,15974.5,43.5,102.0,1.75,994.75,1,272.30899245672794,638.5176374847413,10.954959466649974,6227.11195968575
37123,NC,27853.0,123.0,259.75,1.5,1718.25,1,441.60413599971275,932.5745880156536,5.385416292679424,6168.994363264281
37125,NC,83928.75,157.25,679.75,7.0,4173.0,1,187.36130348658833,809.9131703975098,8.340407786366411,4972.074527501005
37127,NC,110868.75,492.0,1522.25,18.75,9010.0,1,443.76796888212414,1373.0198996561248,16.91188905800778,8126.726422008004
37129,NC,185616.25,495.75,1474.25,14.25,14452.0,1,267.08329685574404,794.246193423259,7.67712956166284,7785.956240361498
37131,NC,21497.25,85.0,128.25,1.5,1266.25,1,395.3994115526404,596.5879356661899,6.9776366744583616,5890.2882926885995
37133,NC,157057.0,256.0,1133.0,11.75,7090.5,1,162.99814716949896,721.3941435275091,7.481360270475051,4514.602978536454
37135,NC,123082.0,359.25,685.5,8.0,5996.5,1,291.8785850083684,556.9457759867406,6.4997318860597,4871.955281844624
37137,NC,12868.5,19.25,49.75,0.5,590.75,1,149.59008431441117,386.6029451762055,3.885456735439251,4590.667132921475
37139,NC,39626.75,138.0,306.0,4.75,2823.5,1,348.2496041184301,772.2056439147798,11.986852315670601,7125.237371220199
37141,NC,48923.5,87.25,230.25,0.75,2351.75,1,178.33965272312898,470.6327225157644,1.5330056108005354,4806.994593600212
37143,NC,12383.5,12.5,64.25,2.0,443.75,1,100.94076795736262,518.8355473008438,16.15052287317802,3583.3972624863727
37145,NC,37789.5,129.75,287.0,6.5,2559.25,1,343.3493430714881,759.470223210151,17.200545124968578,6772.383863242436
37147,NC,148137.5,508.75,1428.75,25.5,10078.0,1,343.4309340983883,964.4755716817147,17.213737237363937,6803.1389756138715
37149,NC,19399.25,35.0,84.0,1.5,673.0,1,180.4193461087413,433.0064306609792,7.732257690374628,3469.206283748083
37151,NC,141362.75,299.75,1119.25,8.25,8056.25,1,212.04313017396734,791.7573759706854,5.836049454329376,5698.990717144367
37153,NC,47059.0,195.75,579.0,9.0,3880.5,1,415.967190123037,1230.370386111052,19.124928281518944,8246.031577381586
37155,NC,129933.25,689.0,1924.0,41.25,10731.75,1,530.2722744178261,1480.7603134686465,31.747070130239948,8259.433208974608
37157,NC,93841.75,248.5,592.5,9.75,4392.0,1,264.80750838512705,631.382087397134,10.389831817927522,4680.219625060275
37159,NC,128609.75,491.0,996.75,14.0,7500.25,1,381.7750986997487,775.019001281007,10.88564436211096,5831.789580494481
37161,NC,64375.5,393.0,687.5,5.5,4916.5,1,610.4806952955705,1067.9528702689688,8.543622962151751,7637.222235167105
37163,NC,64162.0,142.0,502.0,8.0,4051.5,1,221.3147969202955,782.3945637604813,12.46843926311524,6314.485209313924
37165,NC,37029.75,163.25,415.75,5.25,2253.25,1,440.8617395472559,1122.7459002558753,14.177789480080206,6084.972218283948
37167,NC,59998.75,189.25,456.0,6.5,3678.75,1,315.4232379841247,760.0158336632013,10.833559032479842,6131.377737036188
37169,NC,47235.5,119.5,294.0,1.25,2886.25,1,252.9876893438198,622.4132273396068,2.646314742090165,6110.3407394861915
37171,NC,73548.5,165.25,558.25,2.25,4245.5,1,224.68167263778324,759.0229576401965,3.059205830166489,5772.381489765256
37173,NC,13544.25,77.75,159.75,3.5,1155.75,1,574.04433615741,1179.4673016224597,25.841224135703346,8533.141369954039
37175,NC,30126.75,34.0,112.0,1.5,957.5,1,112.8565145593202,371.7626361954077,4.978963877617068,3178.238608545562
37177,NC,4199.75,12.0,14.5,0.25,278.0,1,285.7312935293768,345.2586463479969,5.952735281862015,6619.4416334305615
37179,NC,175456.5,444.5,1234.75,13.75,8973.75,1,253.33914674007517,703.735683773471,7.836700264737984,5114.515563686726
37181,NC,44142.5,123.5,511.0,8.5,3845.75,1,279.775726340828,1157.6145438069886,19.25581922183836,8712.125502633517
37183,NC,795312.5,1448.75,4894.25,53.5,48136.5,1,182.16110019646365,615.3870333988212,6.726915520628684,6052.526522593321
37185,NC,19880.5,35.0,97.0,3.25,761.25,1,176.05191016322527,487.91529388093863,16.34767737229949,3829.1290460501496
37187,NC,13313.75,57.25,70.25,0.75,557.0,1,430.00657215284946,527.6499859168152,5.633273870998028,4183.644728194536
37189,NC,43713.75,48.5,185.5,2.0,1873.25,1,110.94907208830175,424.35160561608194,4.575219467558835,4285.264933802294
37191,NC,115512.25,360.75,995.0,15.5,7545.5,1,312.30453912896684,861.3805029336716,13.418490246705435,6532.207623001024
37193,NC,68011.5,210.25,648.25,3.0,4932.5,1,309.13889562794526,953.1476294450202,4.411018724774487,7252.449953316718
37195,NC,76370.5,142.0,488.5,5.5,3350.5,1,185.93566887738066,639.6448890605666,7.201733653701364,4387.165201222985
37197,NC,38262.25,69.25,167.75,0.5,1433.5,1,180.9877882246862,438.421681944998,1.306771034113258,3746.5125548027104
37199,NC,18573.0,45.0,106.75,0.0,922.25,1,242.28719108383137,574.7590588488666,0.0,4965.541377268078
38001,ND,2359.25,2.0,1.25,0.0,31.25,0,84.77270318957297,52.982939493483094,0.0,1324.5734873370775
38003,ND,10964.0,3.25,22.75,0.75,296.25,0,29.642466253192264,207.49726377234586,6.840569135352061,2702.0248084640643
38005,ND,7008.25,1.5,8.75,0.0,168.75,0,21.403346056433488,124.85285199586203,0.0,2407.8764313487677
38007,ND,814.5,0.0,1.0,0.0,19.75,0,0.0,122.77470841006752,0.0,2424.800491098834
38009,ND,6645.25,0.0,7.75,0.0,99.25,0,0.0,116.62465670967984,0.0,1493.5480230239643
38011,ND,3013.75,1.0,9.5,0.0,102.5,0,33.181252592285354,315.2218996267109,0.0,3401.0783907092496
38013,ND,1966.0,0.0,3.75,0.0,57.25,0,0.0,190.74262461851475,0.0,2912.004069175992
38015,ND,75458.0,56.0,494.0,1.5,4785.75,0,74.21346974475867,654.668822391264,1.9878607967346071,6342.269871981765
38017,ND,133619.5,91.25,775.5,1.25,6673.5,0,68.29093059022074,580.3793607968896,0.9354921998660375,4994.405756644801
38019,ND,4146.5,1.75,11.25,0.25,32.0,0,42.204268660315925,271.31315567345956,6.02918123718799,771.7351983600627
38021,ND,5417.25,1.25,9.5,0.0,147.0,0,23.074438137431354,175.3657298444783,0.0,2713.5539249619274
38023,ND,2107.5,1.0,7.5,0.0,88.75,0,47.449584816132855,355.8718861209964,0.0,4211.150652431792
38025,ND,3402.75,0.0,0.0,0.0,16.75,0,0.0,0.0,0.0,492.24891631768423
38027,ND,2532.0,0.25,2.5,0.0,33.0,0,9.873617693522906,98.73617693522907,0.0,1303.3175355450237
38029,ND,3685.75,1.5,15.75,0.0,148.75,0,40.69728006511565,427.3214406837143,0.0,4035.813606457302
38031,ND,3531.75,0.5,9.75,0.0,84.5,0,14.157287463721952,276.067105542578,0.0,2392.5815813690097
38033,ND,1708.0,0.0,2.25,0.0,41.25,0,0.0,131.73302107728335,0.0,2415.1053864168616
38035,ND,66026.5,46.75,383.75,0.75,4488.0,0,70.804904091539,581.2060309118308,1.1359075522706792,6797.2707927877445
38037,ND,2563.0,0.25,8.0,0.0,27.0,0,9.754194303550527,312.13421771361686,0.0,1053.452984783457
38039,ND,2454.75,0.0,1.5,0.0,25.75,0,0.0,61.10601894286587,0.0,1048.9866585191976
38041,ND,2498.75,0.5,1.5,0.0,11.25,0,20.010005002501252,60.03001500750375,0.0,450.22511255627813
38043,ND,2447.25,0.25,1.0,0.0,45.25,0,10.215548064153642,40.86219225661457,0.0,1849.0141996118093
38045,ND,4298.75,1.25,7.0,0.0,58.75,0,29.078220412910728,162.8380343123001,0.0,1366.6763594068043
38047,ND,2015.5,0.5,5.25,0.0,55.25,0,24.807740014884644,260.48127015628876,0.0,2741.2552716447535
38049,ND,5425.5,0.25,0.75,0.0,39.75,0,4.607870242373974,13.823610727121924,0.0,732.651368537462
38051,ND,2939.75,1.0,7.5,0.0,97.0,0,34.01649800153074,255.12373501148056,0.0,3299.600306148482
38053,ND,5612.75,1.75,3.25,0.0,74.25,0,31.179012070731815,57.90387955993051,0.0,1322.8809407153356
38055,ND,8550.75,1.75,8.5,0.0,169.0,0,20.466040990556383,99.40648481127387,0.0,1976.4348156594451
38057,ND,8245.5,5.0,23.0,0.0,386.75,0,60.63913649869626,278.94002789400275,0.0,4690.437208174156
38059,ND,25741.75,12.0,51.75,0.25,1375.25,0,46.61687725193509,201.03528314897005,0.9711849427486476,5342.48837006031
38061,ND,6504.5,0.75,2.25,0.0,70.0,0,11.530478899223615,34.591436697670844,0.0,1076.1780305942038
38063,ND,3329.5,1.25,4.0,0.0,56.0,0,37.54317465084848,120.13815888271512,0.0,1681.9342243580115
38065,ND,1792.5,0.0,0.0,0.0,9.0,0,0.0,0.0,0.0,502.092050209205
38067,ND,7887.75,1.5,8.5,0.0,229.25,0,19.016829894456592,107.76203606858736,0.0,2906.405502202783
38069,ND,4224.25,0.0,3.75,0.0,95.75,0,0.0,88.77315499792863,0.0,2266.6745576137773
38071,ND,11316.0,15.75,114.75,0.5,1445.75,0,139.18345705196182,1014.050901378579,4.418522446094026,12776.157652880876
38073,ND,5760.25,2.25,14.0,0.0,131.5,0,39.06080465257584,243.04500672713857,0.0,2282.887027472766
38075,ND,2403.25,0.0,2.0,0.0,45.0,0,0.0,83.22063871840217,0.0,1872.4643711640485
38077,ND,17070.0,7.5,43.0,0.25,905.25,0,43.936731107205624,251.90392501464558,1.4645577035735209,5303.163444639719
38079,ND,13862.25,2.5,32.25,0.25,163.25,0,18.03459034428033,232.64621544121624,1.803459034428033,1177.6587494815055
38081,ND,4139.25,0.5,3.25,0.0,85.25,0,12.07948299812768,78.51663948782992,0.0,2059.5518511807695
38083,ND,1393.0,0.25,2.75,0.0,10.25,0,17.946877243359655,197.4156496769562,0.0,735.8219669777459
38085,ND,4231.0,1.0,5.0,0.0,101.75,0,23.63507445048452,118.1753722524226,0.0,2404.8688253368
38087,ND,703.25,0.0,0.5,0.0,8.0,0,0.0,71.09847138286527,0.0,1137.5755421258443
38089,ND,22250.25,6.75,70.25,0.0,1761.5,0,30.336737789463037,315.72678958663386,0.0,7916.764980168762
38091,ND,1949.25,0.25,2.25,0.0,47.0,0,12.825445684237527,115.42901115813775,0.0,2411.183788636655
38093,ND,20728.25,19.75,101.0,0.0,1433.5,0,95.28059532280824,487.25772797993073,0.0,6915.68270355674
38095,ND,2435.75,0.25,4.0,0.0,40.5,0,10.263779123473263,164.2204659755722,0.0,1662.7322180026686
38097,ND,8239.5,1.75,12.75,0.0,159.0,0,21.239152861217306,154.7423994174404,0.0,1929.7287456763152
38099,ND,11369.25,3.75,25.75,0.0,262.75,0,32.98370604921169,226.4881148712536,0.0,2311.0583371814323
38101,ND,55763.25,32.5,293.75,1.0,3422.5,0,58.28211232308016,526.7806306124553,1.793295763787082,6137.554751561288
38103,ND,4453.75,1.5,7.5,0.25,160.25,0,33.67948358125175,168.39741790625877,5.613247263541959,3598.091495930396
38105,ND,19428.5,11.5,69.5,0.25,682.25,0,59.19139408600767,357.7219033893507,1.2867694366523408,3511.5937926242373
38777,ND,0.0,0.0,0.0,0.0,0.0,0,,,,
39001,OH,28444.75,6.75,31.25,0.75,224.5,1,23.730213835593563,109.86210109071094,2.6366904261770623,789.2493342356674
39003,OH,108934.0,167.25,547.75,1.75,7099.25,1,153.53333210935062,502.8274000771109,1.6064773165402904,6517.019479684946
39005,OH,54662.75,8.5,104.25,0.25,1236.0,1,15.54989458086174,190.71488353586307,0.4573498406135805,2261.137611993542
39007,OH,102479.25,54.25,308.75,1.5,3503.25,1,52.93754589343697,301.2805031262426,1.4637109463623124,3418.4969152291806
39009,OH,62598.0,15.25,158.5,0.25,1657.5,1,24.361800696507878,253.20297773091792,0.39937378190996514,2647.848174063069
39011,OH,46918.0,11.75,82.25,0.0,658.0,1,25.04369325205678,175.30585276439746,0.0,1402.4468221151797
39013,OH,68688.0,28.0,204.0,0.0,1399.25,1,40.7640344747263,296.99510831586304,0.0,2037.1098299557418
39015,OH,44355.0,12.0,66.75,1.0,548.75,1,27.05444707473791,150.49036185322962,2.254537256228159,1237.1773193552024
39017,OH,354465.5,689.5,2687.75,6.25,25934.25,1,194.51822532799383,758.2543294058237,1.7632181411166956,7316.438412200905
39019,OH,26887.0,3.75,26.25,0.0,274.0,1,13.94726075798713,97.63082530590992,0.0,1019.0798527169264
39021,OH,39741.5,11.5,174.0,0.0,1333.25,1,28.937005397380574,437.82947296906264,0.0,3354.8054300919694
39023,OH,141578.0,227.25,1130.75,6.5,6810.75,1,160.51222647586488,798.6763480201727,4.591108788088545,4810.599104380624
39025,OH,190525.5,206.75,1781.25,8.75,11823.75,1,108.51565800903292,934.9142240802412,4.592561100745044,6205.862207421054
39027,OH,42999.25,11.5,139.5,0.5,890.0,1,26.74465252300912,324.42426321389325,1.1628109792612662,2069.803543085054
39029,OH,110948.0,33.75,257.75,1.0,2542.75,1,30.419656055088872,232.3160399466417,0.9013231423730036,2291.8394202689547
39031,OH,36816.25,7.5,46.25,0.5,636.0,1,20.37143924218246,125.62387532679183,1.3580959494788307,1727.4980477370725
39033,OH,45101.0,24.75,148.0,0.25,1486.25,1,54.87683199929048,328.15236912707036,0.5543114343362674,3295.3814771291104
39035,OH,1318431.5,1995.5,5071.5,64.5,37871.5,1,151.35409006838807,384.6616225416338,4.892176802511165,2872.4662600976994
39037,OH,52316.25,8.75,128.25,0.0,1176.75,1,16.725204883759826,245.14371729625117,0.0,2249.301125367357
39039,OH,38896.5,20.5,234.5,0.25,2280.75,1,52.7039707942874,602.882007378556,0.6427313511498464,5863.638116540049
39041,OH,141930.0,63.5,366.25,2.75,3221.75,1,44.74036496864651,258.049742830973,1.9375748608468963,2269.957021066723
39043,OH,73373.75,258.0,833.5,2.0,8597.5,1,351.62438883115556,1135.9648375611168,2.7257704560554696,11717.40574796845
39045,OH,132223.25,30.75,341.5,1.5,1657.25,1,23.256121748633465,258.27530332222204,1.1344449633479738,1253.3726103389533
39047,OH,28221.5,9.0,119.75,0.75,914.75,1,31.890579877044097,424.32188225289224,2.657548323087008,3241.323104725121
39049,OH,1129882.0,892.5,3164.0,38.5,20622.5,1,78.99054945560687,280.0292419916416,3.407435466712453,1825.1905951240926
39051,OH,42967.5,6.25,58.0,0.0,425.5,1,14.545877698260313,134.98574503985571,0.0,990.2833536975621
39053,OH,31186.5,4.75,104.25,0.5,471.5,1,15.230949288955157,334.27925544706846,1.6032578198900165,1511.8721241562857
39055,OH,95250.75,31.75,280.5,0.25,2211.0,1,33.33307086820839,294.4858701899985,0.26246512494652274,2321.241565027047
39057,OH,152895.5,80.25,850.25,4.0,4664.5,1,52.48682923957867,556.0987733451933,2.61616594340579,3050.776510754077
39059,OH,40910.0,18.75,113.0,0.25,1098.25,1,45.83231483744806,276.2160840870203,0.6110975311659741,2684.5514544121243
39061,OH,824987.0,1000.75,4402.25,33.5,28422.75,1,121.30494177484009,533.6144690764824,4.060670046921952,3445.236106750773
39063,OH,73763.5,14.25,206.5,0.5,1217.25,1,19.318497630942133,279.94875514312633,0.6778420221383205,1650.206402895741
39065,OH,31940.25,4.75,52.75,0.0,437.25,1,14.87151791235197,165.15211997401397,0.0,1368.9623594054524
39067,OH,15671.5,7.25,30.5,0.0,199.0,1,46.262323325782475,194.62080847398144,0.0,1269.821012666305
39069,OH,29317.25,13.5,74.75,0.0,659.25,1,46.047975168203024,254.96934398690192,0.0,2248.676120713914
39071,OH,42837.25,27.5,249.0,1.0,1591.5,1,64.19646452561732,581.2698060683167,2.3344168918406294,3715.2244833643613
39073,OH,28987.25,9.0,82.75,0.75,696.25,1,31.048133230989485,285.4703360960422,2.5873444359157904,2401.918084675159
39075,OH,41419.0,4.25,26.75,0.0,332.5,1,10.260991332480263,64.58388662208166,0.0,802.7716748352206
39077,OH,55638.0,9.5,101.0,0.5,920.5,1,17.074661202775083,181.5306085768719,0.8986663790934254,1654.4448039109961
39079,OH,33495.25,10.0,84.5,0.0,720.75,1,29.854979437382916,252.27457624588564,0.0,2151.7976429493733
39081,OH,70035.75,124.5,289.25,1.75,1388.25,1,177.76635504010451,413.00335899879707,2.4987238660255655,1982.201946862852
39083,OH,58699.25,27.0,151.5,0.75,1767.75,1,45.99718054319263,258.09529082569196,1.2776994595331286,3011.5376261195843
39085,OH,233022.0,155.5,1321.0,2.5,10468.75,1,66.73189655912317,566.8992627305577,1.0728600732978002,4492.601556934538
39087,OH,62931.0,11.5,79.75,0.0,598.5,1,18.273982615880886,126.72609683621744,0.0,951.0416170091052
39089,OH,149526.75,48.25,411.25,2.75,3067.25,1,32.26847370119393,275.0344001992954,1.8391358068037993,2051.305201243256
39091,OH,46420.5,56.5,142.75,0.5,1442.5,1,121.71346711043613,307.5149987613231,1.0771103284109391,3107.463297465559
39093,OH,304585.25,303.0,1153.5,7.25,10612.75,1,99.47953815885701,378.711707149312,2.380285979048559,3484.3282791927713
39095,OH,445580.5,685.0,1967.0,24.75,12716.5,1,153.73204168494806,441.44660729093846,5.5545518710984885,2853.917530053492
39097,OH,42558.25,12.25,100.25,0.5,804.75,1,28.784078292692953,235.55949786469134,1.1748603384772636,1890.9377147791554
39099,OH,247330.0,229.0,1205.5,15.5,7564.75,1,92.5888489063195,487.40549064003557,6.266930821170098,3058.5654793191284
39101,OH,65706.25,35.0,361.25,2.25,3795.25,1,53.26738323979834,549.7954912964901,3.424331779701322,5776.086749738419
39103,OH,168878.5,77.75,606.0,1.75,4594.75,1,46.03901621580012,358.8378627237925,1.036247953410292,2720.7430193896794
39105,OH,23118.75,10.25,35.0,0.0,347.0,1,44.336307110029736,151.39226818058935,0.0,1500.9462016761286
39107,OH,41121.0,3.25,66.0,0.25,861.75,1,7.903504292210793,160.50193331874223,0.6079618686315994,2095.6445611731233
39109,OH,101622.25,58.5,610.5,0.75,4361.75,1,57.566133400903844,600.754263953022,0.738027351293639,4292.121066006706
39111,OH,14606.0,4.75,25.25,0.0,297.0,1,32.52088182938518,172.87416130357389,0.0,2033.4109270162946
39113,OH,543052.75,890.75,3458.0,19.5,26245.0,1,164.02642284750422,636.770553136873,3.590811389869584,4832.863842416782
39115,OH,14819.75,4.0,22.25,0.25,192.5,1,26.99100862025338,150.13748545015943,1.6869380387658361,1298.942289849694
39117,OH,34588.0,3.75,31.25,0.0,343.25,1,10.841910489187002,90.34925407655834,0.0,992.3962067769169
39119,OH,84968.25,54.75,537.25,1.5,2895.75,1,64.43583338482316,632.2950043104336,1.765365298214333,3408.03770820277
39121,OH,14108.75,2.75,15.25,0.0,171.5,1,19.49145034110038,108.08895189155666,0.0,1215.55772127226
39123,OH,41356.5,16.25,110.25,0.0,974.0,1,39.29249332027613,266.5844546806427,0.0,2355.131599627628
39125,OH,19345.75,2.5,6.0,0.5,67.75,1,12.92273496762855,31.01456392230852,2.5845469935257097,350.2061176227337
39127,OH,35926.75,7.5,76.0,0.0,619.5,1,20.875809807455447,211.54153938221518,0.0,1724.34189009582
39129,OH,53563.25,10.75,202.75,1.25,1258.25,1,20.06973064554522,378.5244547334226,2.3336896099471183,2349.0919613727697
39131,OH,28174.25,2.5,104.75,0.0,642.5,1,8.873350665944967,371.7933929030941,0.0,2280.4511211478566
39133,OH,154281.25,71.0,396.25,1.25,5533.5,1,46.019850111403684,256.836135304841,0.8102086287218959,3586.631557626089
39135,OH,42303.5,15.25,129.0,0.25,1082.25,1,36.04902667627974,304.93930762230076,0.5909676504308153,2558.298958715
39137,OH,34744.0,7.25,38.5,0.0,412.25,1,20.86691227262261,110.81049965461663,0.0,1186.535804743265
39139,OH,127851.5,82.0,852.5,2.0,8031.5,1,64.13690883564135,666.7892046632226,1.564314849649789,6281.897357481141
39141,OH,75276.0,27.25,431.0,1.5,2725.25,1,36.20011690312982,572.5596471650991,1.9926669854933843,3620.3438014772305
39143,OH,65265.0,45.5,288.75,1.25,3086.25,1,69.71577415153604,442.42702826936335,1.9152685206465947,4728.797977476442
39145,OH,76297.0,43.5,259.5,1.25,1877.75,1,57.014037249171004,340.11822221057184,1.6383344037118106,2461.1059412558816
39147,OH,57189.25,17.75,135.5,0.25,1490.0,1,31.037301590770994,236.93264031264616,0.43714509282776043,2605.3847532534523
39149,OH,48790.25,31.75,140.0,1.25,1352.0,1,65.07447697029632,286.9425756170546,2.5619872822951306,2771.045444530413
39151,OH,382629.0,388.0,2186.75,10.0,16460.5,1,101.4037095985929,571.5066030018634,2.613497670066827,4301.947839813501
39153,OH,547017.5,609.5,3679.75,25.5,26383.0,1,111.42239507876805,672.6932867778453,4.66164245202393,4823.063247519503
39155,OH,216994.25,387.25,639.75,5.5,5123.75,1,178.4609500021314,294.82348034567735,2.5346293738198136,2361.2376825653214
39157,OH,91966.25,19.0,200.0,0.25,1654.5,1,20.65975289848178,217.47108314191348,0.2718388539273918,1799.029535291479
39159,OH,44865.5,1.75,43.75,0.0,567.0,1,3.900547191048801,97.51367977622003,0.0,1263.7772898998116
39161,OH,26177.0,11.25,130.5,1.0,970.25,1,42.9766588990335,498.5292432287887,3.8201474576918666,3706.498070825534
39163,OH,13458.5,2.0,12.0,0.5,214.5,1,14.860497083627449,89.16298250176469,3.715124270906862,1593.7883122190437
39165,OH,198689.25,73.0,348.0,1.5,3482.5,1,36.740789952148894,175.14787538832624,0.7549477387427855,1752.7370001145005
39167,OH,61948.0,31.25,301.25,0.75,2665.25,1,50.4455349648092,486.2949570607606,1.2106928391554206,4302.398786078647
39169,OH,113964.0,26.75,209.25,1.0,1771.75,1,23.472324593731354,183.61061387806677,0.877470078270331,1554.657611175459
39171,OH,38623.0,12.25,129.5,0.5,995.25,1,31.716852652564533,335.2924423271108,1.294565414390389,2576.8324573440696
39173,OH,124412.0,34.0,405.75,0.5,5387.25,1,27.328553515738033,326.1341349709031,0.4018904928785005,4330.169115519403
39175,OH,22647.75,10.75,62.5,0.25,680.0,1,47.46608382731176,275.9656036471614,1.1038624145886458,3002.505767681116
40001,OK,22159.5,37.5,48.0,0.75,821.5,1,169.22764502809179,216.61138563595748,3.3845529005618356,3707.2136104153974
40003,OK,5702.75,2.25,5.0,0.0,99.25,1,39.45464907281575,87.67699793959055,0.0,1740.3884091008722
40005,OK,14509.5,14.5,25.75,0.0,394.75,1,99.93452565560494,177.46993349185016,0.0,2720.631310520693
40007,OK,5394.0,4.5,11.5,0.25,107.5,1,83.42602892102336,213.19985168705972,4.6347793845012975,1992.9551353355582
40009,OK,19389.5,27.5,70.5,0.5,1816.25,1,141.82934062250186,363.5988550504139,2.5787152840454883,9367.183269295238
40011,OK,12376.0,7.5,13.5,0.25,328.75,1,60.60116354234002,109.08209437621203,2.020038784744667,2656.351001939237
40013,OK,38754.0,56.5,152.25,2.75,2690.5,1,145.7914021778397,392.86267224028484,7.096041698921402,6942.509160344738
40015,OK,30366.0,68.25,119.75,0.75,1747.0,1,224.7579529737206,394.355529210301,2.469867615095831,5753.144964763222
40017,OK,67350.25,65.75,217.5,1.5,3375.75,1,97.6239880327096,322.93866763672,2.2271632250808273,5012.230838044402
40019,OK,47717.0,198.0,317.25,3.25,3119.75,1,414.94645514177336,664.8573883521595,6.8109897939937545,6538.026279942159
40021,OK,45175.75,65.5,116.25,1.0,1285.25,1,144.98929182138647,257.32832327078137,2.2135769743723124,2844.9998063120147
40023,OK,15347.5,19.25,36.75,1.25,536.5,1,125.42759407069555,239.4526795895097,8.14464896562958,3495.6833360482165
40025,OK,2790.75,0.5,3.75,0.0,46.25,1,17.916330735465376,134.37248051599033,0.0,1657.2605930305472
40027,OK,177455.0,150.0,806.0,3.25,11401.75,1,84.52847200698768,454.1996562508805,1.8314502268180664,6425.150038037812
40029,OK,5763.5,4.75,6.0,0.25,150.25,1,82.41519909777045,104.10340938665742,4.337642057777392,2606.9228767242125
40031,OK,111883.0,288.75,663.75,6.25,6353.25,1,258.0821036261094,593.2536667769009,5.5861927191798575,5678.476622900708
40033,OK,6493.75,3.0,8.5,0.0,263.5,1,46.19826756496631,130.89509143407122,0.0,4057.7478344562082
40035,OK,15142.0,16.75,50.5,0.0,764.5,1,110.61946902654867,333.50944393078856,0.0,5048.8706907938185
40037,OK,69471.0,56.25,202.0,1.75,1985.5,1,80.96903744008291,290.7688100070533,2.519036720358135,2858.0270904406157
40039,OK,25656.0,43.5,71.75,0.25,1313.25,1,169.55098222637977,279.6616775802931,0.974430932335516,5118.685687558465
40041,OK,40104.25,46.25,71.5,1.25,1608.5,1,115.32443568948428,178.28534382266218,3.1168766402563315,4010.7968606818476
40043,OK,4517.75,2.0,6.25,0.0,282.75,1,44.2698245808201,138.3432018150628,0.0,6258.646450113442
40045,OK,3942.25,1.0,3.5,0.0,56.75,1,25.366224871583487,88.7817870505422,0.0,1439.5332614623628
40047,OK,57531.75,27.25,177.5,0.5,2176.0,1,47.36515054730649,308.5252925558496,0.8690853311432383,3782.259361135373
40049,OK,27392.75,25.75,81.75,0.5,1333.5,1,94.00297523979886,298.4366301302352,1.8253004900931815,4868.076407078515
40051,OK,49659.25,55.25,100.0,1.0,1097.25,1,111.2582248020258,201.37235258285213,2.0137235258285213,2209.558138715345
40053,OK,4680.0,2.0,2.5,0.0,127.75,1,42.73504273504273,53.41880341880342,0.0,2729.7008547008545
40055,OK,5875.5,4.5,7.25,0.0,173.5,1,76.58922644881287,123.3937537230874,0.0,2952.9401753042293
40057,OK,2972.5,2.0,3.5,0.25,88.25,1,67.2834314550042,117.74600504625735,8.410428931875526,2968.8814129520606
40059,OK,3331.0,1.0,3.5,0.0,78.5,1,30.02101471029721,105.07355148604023,0.0,2356.6496547583306
40061,OK,12207.25,38.25,19.5,0.0,425.5,1,313.33838497614124,159.7411374388171,0.0,3485.633537447009
40063,OK,13910.25,10.0,30.0,1.5,318.25,1,71.88943405043044,215.6683021512913,10.783415107564565,2287.8812386549484
40065,OK,26376.75,17.75,109.75,0.25,1559.5,1,67.29411318680278,416.08613646487913,0.9478044110817292,5912.403916327827
40067,OK,6401.5,6.0,9.75,0.25,165.75,1,93.7280324923846,152.30805280012498,3.9053346871826915,2589.2368976021244
40069,OK,10435.0,18.5,24.5,0.25,581.75,1,177.2879731672257,234.78677527551508,2.3957834211787254,5574.988021082894
40071,OK,46304.75,109.0,242.0,0.75,2911.0,1,235.39701650478625,522.6245687537456,1.6197042420054097,6286.612064636997
40073,OK,14386.25,4.5,13.25,0.0,278.75,1,31.27986792944652,92.10183334781476,0.0,1937.6140411851595
40075,OK,9756.75,20.25,14.5,0.0,340.75,1,207.54862018602503,148.61506136777103,0.0,3492.453942142619
40077,OK,10637.75,16.5,15.75,0.0,246.0,1,155.10798806138519,148.05762496768583,0.0,2312.519094733379
40079,OK,50013.25,55.25,64.5,0.75,1280.75,1,110.47072525780669,128.965824056625,1.499602605309593,2560.821382333682
40081,OK,32614.5,22.25,21.25,0.0,388.5,1,68.22118996152018,65.15506906437321,0.0,1191.1879685415997
40083,OK,37047.25,47.0,101.75,0.5,858.5,1,126.8650169715701,274.649265465048,1.3496278401230861,2317.3110014913386
40085,OK,9204.75,5.5,11.75,1.0,375.5,1,59.751758602895244,127.65148428800347,10.863956109617318,4079.415519161302
40087,OK,31564.25,17.0,59.75,1.0,820.0,1,53.8583999303009,189.2964350491458,3.1681411723706407,2597.8757613439257
40089,OK,34045.0,75.75,151.25,4.75,1635.75,1,222.4996328388897,444.2649434571891,13.952122191217505,4804.670289322955
40091,OK,20009.75,14.75,47.5,0.25,497.25,1,73.71406439360811,237.38427516585662,1.2493909219255612,2485.0385437099417
40093,OK,7334.25,5.75,4.25,0.25,274.75,1,78.3992909977162,57.94730204179024,3.4086648259876604,3746.122643760439
40095,OK,14614.75,15.25,27.5,0.0,627.5,1,104.3466361039361,188.16606510545853,0.0,4293.60748558819
40097,OK,39839.75,59.75,112.75,1.25,1713.75,1,149.97584071185184,283.0088040211096,3.1375698893692854,4301.608318325291
40099,OK,12886.25,9.5,31.5,0.0,694.0,1,73.72199049374332,244.44660005820154,0.0,5385.585410806091
40101,OK,71349.75,159.0,312.0,1.75,5769.5,1,222.84591046219504,437.28254128430723,2.452706561690826,8086.223147242982
40103,OK,11225.75,12.25,15.75,0.25,189.0,1,109.12411197470102,140.30242968175844,2.2270226933612456,1683.6291561811015
40105,OK,10843.0,24.0,14.25,0.5,328.25,1,221.34095729964034,131.42119339666144,4.611269943742506,3027.2987180669556
40107,OK,11452.5,12.75,24.0,0.5,191.25,1,111.32940406024885,209.56123117223314,4.365858982754857,1669.941060903733
40109,OK,783051.0,1405.0,4151.75,57.0,33483.5,1,179.42637197321758,530.2017365407872,7.279219361191034,4276.030552288421
40111,OK,39856.5,31.0,118.75,0.75,1284.0,1,77.77903227829839,297.9438736467076,1.881750780926574,3221.557336946295
40113,OK,35244.0,48.25,25.25,0.75,927.5,1,136.90273521734196,71.64340029508568,2.128021790943139,2631.653614799682
40115,OK,32924.5,42.75,99.5,0.5,1102.0,1,129.8425184892709,302.20656350134396,1.5186259472429346,3347.051587723428
40117,OK,16831.25,27.5,27.75,0.25,845.25,1,163.38655774229483,164.8718900854066,1.485332343111771,5021.908652060899
40119,OK,74080.25,60.25,281.0,0.75,3601.25,1,81.3307190512991,379.31837433054017,1.0124155898501963,4861.282190597359
40121,OK,44882.0,43.25,197.75,2.0,1847.75,1,96.36379840470568,440.59979501804736,4.45612940599795,4116.906554966356
40123,OK,35815.0,83.25,215.0,1.25,2326.5,1,232.44450649169343,600.3071338824515,3.4901577551305323,6495.881613848946
40125,OK,68854.5,90.75,260.5,2.0,2906.75,1,131.79966450994488,378.3340231938363,2.9046758018720635,4221.58319354581
40127,OK,11742.75,24.5,25.25,1.25,567.0,1,208.63937323029103,215.02629281897342,10.644865981137297,4828.511209043878
40129,OK,3302.75,2.5,6.5,0.0,80.75,1,75.69449701006737,196.80569222617515,0.0,2444.932253425176
40131,OK,83835.25,46.25,115.5,2.25,1963.5,1,55.16772479356833,137.7702100250193,2.683835260227649,2342.093570425328
40133,OK,24674.75,45.0,95.5,1.25,1517.75,1,182.37266841609338,387.03532963859817,5.065907456002593,6151.02483307835
40135,OK,41329.25,161.75,143.75,1.25,2841.25,1,391.36930866154114,347.8166189805041,3.0244923389609055,6874.671086458138
40137,OK,43334.25,61.5,86.75,0.0,2084.75,1,141.92007476764914,200.18807294461078,0.0,4810.85977027409
40139,OK,20277.75,22.25,56.75,1.0,683.0,1,109.72617770709276,279.86339707314664,4.931513604813158,3368.2237920873868
40141,OK,8471.25,8.0,19.75,0.0,270.0,1,94.43706654862034,233.14150804190646,0.0,3187.2509960159364
40143,OK,605916.5,1335.25,4532.0,52.5,27825.75,1,220.36864815531513,747.9578456767557,8.664560215805313,4592.34069380847
40145,OK,49864.5,52.75,86.25,1.25,1955.25,1,105.78668190797059,172.96874529976236,2.5067934101414835,3921.126252143308
40147,OK,49647.25,89.5,186.5,0.5,2335.25,1,180.27181767368788,375.6502122474054,1.0071051266686473,4703.684494105917
40149,OK,11626.25,14.5,10.5,0.0,201.25,1,124.71777228255027,90.31286958391571,0.0,1730.996667025051
40151,OK,8457.25,7.25,15.5,0.25,378.0,1,85.7252653049159,183.27470513464777,2.9560436312039964,4469.537970380443
40153,OK,19309.75,14.5,82.0,0.25,1383.75,1,75.09159880371315,424.6559380623778,1.2946827379950543,7166.068954802627
40777,OK,0.0,0.0,0.0,0.0,0.0,1,,,,
41001,OR,16315.75,18.0,49.5,0.25,425.5,1,110.32284755527634,303.38783077701,1.5322617716010603,2607.9095352650047
41003,OR,74500.75,77.75,366.0,0.75,3395.5,1,104.36136548960917,491.27022211185795,1.006701274819381,4557.672238198944
41005,OR,374535.25,173.75,1837.0,10.25,8283.0,1,46.39082703163454,490.47452809849005,2.7367250479093754,2211.540836276425
41007,OR,37357.25,37.5,285.5,0.25,2170.5,1,100.38212127498679,764.242549973566,0.6692141418332452,5810.117179396235
41009,OR,49054.5,59.0,228.25,1.0,1913.5,1,120.27438869013038,465.29880031393657,2.038548960849667,3900.7634365858385
41011,OR,64793.0,54.5,279.25,0.5,2426.25,1,84.11402466315806,430.9879153612273,0.7716882996620006,3744.6174741098575
41013,OR,22768.5,76.25,106.75,0.5,961.0,1,334.8925049959374,468.8495069943123,2.196016426202868,4220.743571161913
41015,OR,22401.75,18.25,101.0,0.25,688.25,1,81.4668496880824,450.8576338902095,1.1159842423024988,3072.304619058779
41017,OR,148535.25,176.25,1175.5,2.25,6369.0,1,118.6587022272491,791.3946352801776,1.5147919433265842,4287.871060909784
41019,OR,105235.0,51.0,835.75,1.0,5917.5,1,48.46296384282796,794.1749417969306,0.9502541929966266,5623.129187057538
41021,OR,1772.0,0.75,12.0,0.0,127.0,1,42.32505643340858,677.2009029345372,0.0,7167.042889390519
41023,OR,7213.5,6.25,18.75,0.25,176.0,1,86.64309974353642,259.9292992306093,3.4657239897414573,2439.8696887779856
41025,OR,6925.75,10.75,37.0,0.0,310.25,1,155.21784644262354,534.2381691513555,0.0,4479.659242681299
41027,OR,21545.5,18.25,96.75,0.0,759.0,1,84.70446264881298,449.04968554918656,0.0,3522.777378106797
41029,OR,198811.0,284.75,1821.25,1.5,10406.75,1,143.2264814321139,916.0710423467514,0.7544854157969126,5234.49406722968
41031,OR,20504.0,30.25,139.75,0.75,886.5,1,147.53218884120173,681.574326960593,3.657822863831447,4323.546625048771
41033,OR,81863.5,44.25,419.5,1.25,2094.25,1,54.053393759123416,512.4383882927068,1.526932027093882,2558.2219181930896
41035,OR,66741.25,95.25,458.25,2.75,1903.25,1,142.71533721648905,686.606858576967,4.120390313336954,2851.6846777667483
41037,OR,7416.0,9.0,24.5,0.25,179.75,1,121.35922330097087,330.3667745415318,3.3710895361380797,2423.813376483279
41039,OR,340807.5,618.75,3228.5,6.75,18283.25,1,181.5541031227306,947.3089647381586,1.9805902158843334,5364.685342898851
41041,OR,46302.5,87.75,319.5,0.75,2263.25,1,189.51460504292425,690.0275363101345,1.6197829490848226,4887.9650126883
41043,OR,117625.0,95.25,868.5,1.0,5340.5,1,80.97768331562168,738.3634431455898,0.8501594048884166,4540.276301806589
41045,OR,31503.25,61.25,251.25,0.25,1927.75,1,194.4243847856967,797.5367620801029,0.7935689174926396,6119.209922785744
41047,OR,332055.75,619.0,2692.25,7.75,15078.25,1,186.4144800985979,810.7825267293218,2.3339454293443196,4540.879054194966
41049,OR,11696.0,13.25,41.0,0.0,418.5,1,113.28659370725035,350.547195622435,0.0,3578.146374829001
41051,OR,689378.5,1277.75,6970.75,50.75,32040.25,1,185.3481070268365,1011.1644038797265,7.361703331333948,4647.700791364976
41053,OR,52556.25,55.25,263.5,0.75,2816.75,1,105.12546081579261,501.36758235224164,1.4270424545130218,5359.495778332739
41055,OR,1708.0,0.25,5.0,0.0,77.5,1,14.637002341920375,292.7400468384075,0.0,4537.470725995317
41057,OR,25413.75,5.75,77.75,0.0,957.5,1,22.62554719394029,305.9367468398013,0.0,3767.6454675126656
41059,OR,74171.25,104.25,558.75,1.0,3722.75,1,140.5531118863441,753.3242327721321,1.3482312890776413,5019.128031413788
41061,OR,24698.75,18.75,138.5,0.25,964.5,1,75.91477301482868,560.7571233362013,1.0121969735310492,3905.0559238827873
41063,OR,6934.0,6.75,28.25,0.5,204.0,1,97.3464089991347,407.41274877415634,7.210845111047014,2942.0248053071823
41065,OR,23860.5,12.75,149.75,0.0,1034.0,1,53.43559439240586,627.6062949225708,0.0,4333.521929548836
41067,OR,516419.25,610.0,3080.0,11.5,15061.25,1,118.12108088534656,596.4146379128973,2.226872836363091,2916.477261449878
41069,OR,1427.0,0.75,1.5,0.0,26.5,1,52.55781359495445,105.1156271899089,0.0,1857.0427470217242
41071,OR,94985.5,68.5,388.5,2.25,3147.75,1,72.11627037811034,409.00979623205643,2.368782603660559,3313.9268625211216
41777,OR,0.0,1.0,6.0,0.0,69.0,1,,,,
42001,PA,100639.75,73.5,260.25,1.0,2353.5,1,73.03277283578308,258.59563442874213,0.9936431678337834,2338.539195496809
42003,PA,1228022.0,3068.75,5101.75,50.75,50226.0,1,249.89373154552607,415.4445115804114,4.132662118431103,4089.9918731097646
42005,PA,70102.25,68.5,344.5,1.0,2675.75,1,97.71441002250285,491.4250255876238,1.4264877375547862,3816.924563762219
42007,PA,175065.0,292.0,861.5,4.25,6171.75,1,166.79519035786709,492.10293319624134,2.4276697226744353,3525.4048496272812
42009,PA,49954.5,35.5,182.25,1.25,1397.75,1,71.06466884865227,364.83199711737683,2.5022770721356435,2798.0462220620766
42011,PA,389751.75,751.5,1938.0,31.0,17081.25,1,192.815041882429,497.23958904610436,7.953780836134796,4382.597384104112
42013,PA,126362.75,207.25,670.5,3.0,4919.0,1,164.0119418103832,530.6152327327476,2.3741173724060296,3892.7611182884193
42015,PA,62205.75,45.75,234.0,0.5,1780.5,1,73.5462557721754,376.17101312981515,0.8037842160893486,2862.2755934941706
42017,PA,620122.75,605.25,2585.25,8.5,18064.5,1,97.60164419060581,416.8932683085728,1.3706963661629894,2913.0522948883913
42019,PA,182421.0,423.5,860.25,1.0,6599.75,1,232.1552891388601,471.5739964148864,0.5481825009182058,3617.867460434928
42021,PA,146718.25,259.0,864.5,4.75,6732.5,1,176.52882310142058,589.2245852169038,3.237497720971999,4588.727032935575
42023,PA,5499.25,3.5,34.5,0.0,218.0,1,63.64504250579625,627.358276128563,0.0,3964.1769332181666
42025,PA,62515.25,75.5,260.0,0.5,2064.5,1,120.7705319901944,415.89852076093433,0.7998048476171814,3302.394215811342
42027,PA,142118.75,90.25,567.75,1.0,7437.5,1,63.50323233211663,399.48986323057306,0.7036369233475527,5233.299617397423
42029,PA,480446.5,623.25,1518.25,5.25,13816.75,1,129.7230805094844,316.00812993746445,1.0927335301641286,2875.8144767419476
42031,PA,40428.5,44.0,200.25,0.5,1748.0,1,108.83411454790557,495.31889632313835,1.236751301680745,4323.682550675884
42033,PA,82255.5,55.75,384.5,1.0,2811.25,1,67.7766228398101,467.4459458638024,1.215724176498836,3417.704591182352
42035,PA,37293.25,41.5,199.75,0.75,1359.0,1,111.28019145555831,535.6197167047657,2.011087797389608,3644.0910888699696
42037,PA,64969.75,58.5,291.5,0.5,2523.0,1,90.04190411691594,448.6703427364273,0.7695889240762046,3883.345710888529
42039,PA,89251.5,70.75,401.5,1.75,2830.0,1,79.27037640823964,449.8523834333317,1.960751359921122,3170.8150563295853
42041,PA,226678.0,116.0,719.5,1.75,6697.75,1,51.17391189264066,317.4106000582324,0.7720202225182858,2954.7419687839138
42043,PA,254476.25,846.5,1705.75,27.25,15153.25,1,332.6440090185233,670.2983087812713,10.708268453342896,5954.681429013513
42045,PA,555431.0,1475.5,2595.0,17.0,22891.25,1,265.64955863104507,467.20474730434563,3.060686205847351,4121.349006447245
42047,PA,33218.5,20.25,155.5,1.0,1081.25,1,60.96000722488975,468.1126480726101,3.010370727155049,3254.963348736397
42049,PA,280321.75,387.0,1418.0,5.5,10909.5,1,138.05564498651995,505.8472986844581,1.9620311302993791,3891.7779301820137
42051,PA,145810.0,269.25,697.25,4.25,6418.25,1,184.6581167272478,478.1907962416843,2.914752074617653,4401.790000685824
42053,PA,6194.75,20.5,28.75,0.0,252.0,1,330.92538036240364,464.1026675814197,0.0,4067.960773235401
42055,PA,138111.5,417.5,749.0,0.75,5471.5,1,302.29198871925945,542.3154480256893,0.5430395006932804,3961.654170724378
42057,PA,14798.5,16.0,66.0,0.5,543.75,1,108.11906612156638,445.9911477514613,3.3787208162989493,3674.3588877251073
42059,PA,39920.75,28.5,176.25,0.5,1513.5,1,71.39144429901742,441.4997213228709,1.2524814789301304,3791.2614367215047
42061,PA,45818.25,34.75,173.75,1.25,1298.5,1,75.84314110643685,379.2157055321842,2.7281705433970087,2834.023560480813
42063,PA,88312.75,101.25,394.5,0.75,3563.75,1,114.64935697280403,446.70786494588833,0.8492544960948447,4035.3742806106707
42065,PA,45650.25,60.0,205.75,2.25,1591.25,1,131.4341104375113,450.70947037529913,4.9287791414066735,3485.742137228164
42067,PA,23426.5,17.25,76.0,0.0,593.5,1,73.63455915309585,324.41892728320494,0.0,2533.4557018760806
42069,PA,209387.5,215.75,789.5,2.25,7540.25,1,103.0386245597278,377.0521162915647,1.0745627126738702,3601.0984418840667
42071,PA,494359.5,501.5,2532.75,10.25,18964.5,1,101.44439421109537,512.3295901059856,2.073389911592677,3836.175900331641
42073,PA,92711.0,205.5,787.0,0.5,3667.5,1,221.6565456094746,848.8744593413943,0.5393103299500599,3955.8412701836887
42075,PA,126675.75,220.5,720.0,1.5,4896.75,1,174.06646497060407,568.3802937815643,1.1841256120449257,3865.57806052066
42077,PA,324422.25,435.75,1360.0,13.25,12127.5,1,134.3156950548244,419.20675909250986,4.084183498511585,3738.1838021282447
42079,PA,312477.0,465.0,1539.0,13.5,12948.0,1,148.81095248610296,492.5162491959408,4.32031797540299,4143.664973742068
42081,PA,117667.5,152.75,632.5,1.5,4683.5,1,129.8149446533665,537.5316038838251,1.274778507234368,3980.2834257547747
42083,PA,44065.25,43.25,175.5,0.0,1427.75,1,98.14990270110803,398.2730155848429,0.0,3240.081470092647
42085,PA,118518.25,161.25,789.75,1.75,4680.25,1,136.05499574959973,666.3530722061793,1.4765658453444934,3948.9698843848946
42087,PA,46355.75,54.25,182.25,0.0,1504.5,1,117.02971044584545,393.1551102074716,0.0,3245.552062041926
42089,PA,164995.5,162.5,848.75,3.0,5160.25,1,98.4875345085169,514.4079687021767,1.8182314063110812,3127.5095381389187
42091,PA,779267.5,821.75,3845.0,14.0,28049.75,1,105.45159396484519,493.41208250055337,1.7965589479864104,3599.5020965201297
42093,PA,17936.25,39.75,48.75,0.0,330.25,1,221.61823123562615,271.7959439682208,0.0,1841.2432922154856
42095,PA,309895.5,369.75,1219.0,6.5,10450.0,1,119.31441405247898,393.3584063014791,2.0974812477109217,3372.1044674737127
42097,PA,91824.75,183.5,433.5,1.75,3405.0,1,199.83718986438842,472.0949417232282,1.9058042630118786,3708.1505803173977
42099,PA,45006.25,40.5,180.0,0.5,1396.75,1,89.98750173587001,399.9444521594223,1.110956811553951,3103.457853075962
42101,PA,1453535.25,9697.75,9839.5,258.75,94370.5,1,667.1836819918884,676.9357674676276,17.801425868412892,6492.4810045026425
42103,PA,57707.5,72.75,211.25,2.25,1994.0,1,126.06680240869903,366.0702681627171,3.8989732703721356,3455.356756054239
42105,PA,17529.5,22.0,76.5,0.0,628.0,1,125.50272397957728,436.407199292621,0.0,3582.5323026897518
42107,PA,147252.75,240.5,799.0,3.25,6456.75,1,163.32462381857044,542.6044674887227,2.207089511061763,4384.807754014781
42109,PA,38203.75,34.75,172.25,0.75,1150.5,1,90.9596571017243,450.87196937473414,1.9631580669436899,3011.4844746916206
42111,PA,78571.75,104.0,277.25,0.5,2234.5,1,132.3630948782482,352.86219283648387,0.6363610330685011,2843.897456783131
42113,PA,6299.0,2.75,35.0,0.0,206.0,1,43.65772344816637,555.643752976663,0.0,3270.3603746626445
42115,PA,41746.0,30.75,140.5,0.75,1122.0,1,73.6597518325109,336.55919129976525,1.7965793129880705,2687.682652230154
42117,PA,41298.25,24.0,126.75,0.25,1116.5,1,58.11384259623592,306.91373121137093,0.6053525270441241,2703.5043857790583
42119,PA,43365.75,24.5,102.75,0.25,917.25,1,56.496198036468876,236.93813666315006,0.5764918166986619,2115.1484754673907
42121,PA,55460.5,47.5,278.0,0.5,2297.5,1,85.64654123204804,501.2576518423022,0.9015425392847161,4142.58796801327
42123,PA,41676.0,137.25,229.25,0.75,1497.0,1,329.3262309242729,550.0767828006526,1.7995968902965735,3591.995393031961
42125,PA,206091.0,299.25,907.25,4.75,6535.75,1,145.20284728590767,440.2181560572756,2.3048070997763124,3171.2932636553755
42127,PA,50808.25,51.0,208.25,1.5,1560.25,1,100.37739933967417,409.87438063700284,2.9522764511668873,3070.8595552887573
42129,PA,365923.5,414.5,1455.5,3.5,10039.25,1,113.27504246106085,397.76073414251886,0.9564840738569673,2743.537925276731
42131,PA,28057.5,24.25,125.0,0.5,1063.0,1,86.42965339035908,445.5136772698921,1.7820547090795686,3788.648311503163
42133,PA,414422.5,668.0,2597.5,12.0,19696.5,1,161.18815942667206,626.7758145370968,2.89559567832345,4752.758356508153
44001,RI,51623.75,20.75,70.5,0.25,1253.25,0,40.19467783723577,136.56505000121066,0.4842732269546478,2427.6616867236494
44003,RI,169411.5,111.75,966.0,2.25,6501.25,0,65.96364473486156,570.2092242852463,1.328127075198555,3837.5493989487136
44005,RI,82730.75,67.25,272.5,0.0,3618.0,0,81.28779202412646,329.3817595029659,0.0,4373.222773877911
44007,RI,632275.0,601.25,1862.75,11.25,21500.25,0,95.09311612826697,294.61073109011113,1.7792890751650785,3400.4586611838204
44009,RI,127063.75,58.0,300.25,0.5,4529.0,0,45.64637829436012,236.29870832554525,0.39350326115827683,3564.352539571672
44777,RI,0.0,0.0,0.0,0.0,0.0,0,,,,
45001,SC,25588.0,69.25,71.75,2.25,876.25,0,270.6346725027356,280.40487728622793,8.793184305143035,3424.4567766140376
45003,SC,153220.0,197.5,677.5,9.0,5324.25,0,128.8996214593395,442.1746508288735,5.873906800678763,3474.905364834878
45005,SC,10879.75,31.0,38.0,1.0,282.75,0,284.93301776235666,349.2727314506308,9.191387669753441,2598.8648636227854
45007,SC,179548.25,353.25,1065.25,10.75,7071.5,0,196.74377221721738,593.2945600973554,5.987248552965568,3938.495641143815
45009,SC,15842.0,53.0,82.25,1.25,616.75,0,334.55371796490346,519.1894962757228,7.890417876530741,3893.1321802802677
45011,SC,23475.25,79.25,143.75,1.5,1737.25,0,337.58958903526053,612.3470463573337,6.389708309815657,7400.3471741515
45013,SC,143725.5,312.5,590.0,3.75,5383.0,0,217.42836170338597,410.5047468959927,2.6091403404406317,3745.3339873578457
45015,SC,149922.5,312.75,668.75,8.75,5732.0,0,208.6077806866881,446.0637996298087,5.836348780203105,3823.308709499908
45017,SC,15188.25,24.0,33.25,0.5,527.5,0,158.01688805491088,218.91923032607443,3.2920185011439766,3473.079518706895
45019,SC,348485.25,1099.25,2424.5,35.5,20240.0,0,315.43659308392535,695.7252853599973,10.186944784607096,5807.993308181623
45021,SC,54545.75,125.0,336.75,4.75,2301.25,0,229.165425353946,617.3716559035305,8.708286163449948,4218.935480766146
45023,SC,33312.75,95.5,112.75,2.0,1834.5,0,286.6770230617406,338.4589984315314,6.003707289251112,5506.900511065583
45025,SC,43640.5,92.25,209.0,3.5,2017.5,0,211.38621234862111,478.91293637790585,8.020073097237658,4622.999278193421
45027,SC,33564.5,61.25,133.25,1.0,992.5,0,182.48447019916875,396.99682700472226,2.9793382889660207,2956.9932517987754
45029,SC,39874.5,96.5,147.25,3.25,2194.0,0,242.00930419190212,369.2836273809076,8.150572420970796,5502.2633512645925
45031,SC,68033.0,261.0,529.0,4.25,3689.0,0,383.6373524613055,777.563829318125,6.246968382990607,5422.368556435847
45033,SC,31328.5,125.25,200.5,5.25,1108.0,0,399.7957131685207,639.9923392438195,16.75790414478829,3536.7157699857958
45035,SC,115658.5,157.5,389.75,4.25,4263.25,0,136.17676175983607,336.98344695807054,3.6746110316146243,3686.067171889658
45037,SC,25430.0,29.75,62.25,0.25,668.25,0,116.98780967361385,244.78961856075503,0.9830908375933937,2627.801808887141
45039,SC,24093.5,103.5,133.5,4.0,1185.75,0,429.5764417789031,554.0913524394547,16.601988088073547,4921.451843858303
45041,SC,132789.5,366.75,935.0,15.0,6755.75,0,276.18900590784665,704.1219373519743,11.29607386126162,5087.563399214547
45043,SC,61539.25,187.0,365.0,4.25,2823.75,0,303.871106651446,593.1174006833038,6.906161514805592,4588.534959395833
45045,SC,430737.5,1250.5,2923.5,23.0,30397.5,0,290.316027743115,678.7196378304652,5.339679038857773,7057.082329725181
45047,SC,69386.25,296.25,556.0,3.75,4725.25,0,426.9577906285467,801.3114990361922,5.40452899529806,6810.066836008576
45049,SC,21665.25,37.75,56.5,1.75,568.25,0,174.24216198751458,260.7862821799887,8.077451217964251,2622.863802633249
45051,SC,239190.5,728.75,2281.0,25.0,24824.75,0,304.6734715634609,953.6331919536938,10.451920122245658,10378.652162188717
45053,SC,21899.25,39.75,75.5,2.25,1130.75,0,181.51306551594234,344.76066531958855,10.274324463166547,5163.418838544699
45055,SC,57867.5,114.75,238.25,5.75,2623.5,0,198.29783557264443,411.7164211344883,9.936492850045363,4533.632868190262
45057,SC,67004.25,152.0,360.0,2.75,3136.0,0,226.8512818216755,537.2793516829156,4.10421726980005,4680.300130215621
45059,SC,69247.0,194.25,348.75,5.25,2519.0,0,280.5175675480526,503.6319262928358,7.581555879677099,3637.7027163631637
45061,SC,20651.75,44.0,78.0,3.25,642.0,0,213.05700485431018,377.6919631508226,15.737165131284273,3108.6953890106165
45063,SC,237426.75,292.5,733.25,8.0,6714.5,0,123.1958909432067,308.83209242429507,3.3694602651133456,2828.0301187629448
45065,SC,10262.5,18.5,14.0,0.0,190.5,0,180.2679658952497,136.4190012180268,0.0,1856.272838002436
45067,SC,34942.25,93.75,160.0,2.5,1401.5,0,268.29983758916495,457.89838948550823,7.154662335711066,4010.903705399624
45069,SC,28855.0,95.5,188.75,3.75,1444.75,0,330.96517068099115,654.1327326286606,12.996014555536302,5006.931207762953
45071,SC,37979.25,72.75,265.25,0.75,4255.5,0,191.5519658761034,698.4076831427687,1.9747625348051898,11204.802622484645
45073,SC,71031.5,89.5,224.25,1.5,2934.0,0,126.00043642609265,315.70500411789135,2.1117391579792066,4130.561793007328
45075,SC,91841.75,171.25,430.25,8.0,3209.25,0,186.46203932307475,468.4688608394331,8.710635413632689,3494.3258376500885
45077,SC,115682.25,145.75,546.25,1.5,4725.75,0,125.99167115093283,472.1986302998083,1.296655277711144,4085.1124524289594
45079,SC,355871.25,787.25,1562.0,32.5,14073.5,0,221.2176454265412,438.9227845744774,9.13251632437293,3954.6605689557673
45081,SC,18570.5,28.0,32.25,0.5,669.5,0,150.77676960771115,173.66252928031017,2.6924423144234133,3605.180259012951
45083,SC,265343.0,527.0,1472.0,21.25,10357.0,0,198.610854629668,554.7536584722416,8.008502202809195,3903.249755976227
45085,SC,106055.0,300.5,549.75,7.25,2761.0,0,283.3435481589741,518.3631134788553,6.836075621139975,2603.3661779265476
45087,SC,28556.75,128.25,196.5,1.0,1959.0,0,449.10572806779487,688.1035131798963,3.501799049261558,6860.024337503392
45089,SC,35841.5,50.75,99.0,3.0,851.25,0,141.595636343345,276.21611818701786,8.370185399606601,2375.040107138373
45091,SC,200366.75,543.25,1010.75,8.0,9631.25,0,271.1278193612463,504.44996487690696,3.992678425936439,4806.810511225041
46003,SD,2908.0,0.75,2.0,0.0,41.5,0,25.79092159559835,68.7757909215956,0.0,1427.0976616231087
46005,SD,15845.25,11.0,72.75,0.0,769.25,0,69.42143544595385,459.12812988119464,0.0,4854.767201527271
46007,SD,3543.5,5.5,6.25,0.0,141.25,0,155.21377169465217,176.37928601665018,0.0,3986.171863976295
46009,SD,7176.0,1.25,5.0,0.0,119.75,0,17.419175027870683,69.67670011148273,0.0,1668.7569676700111
46011,SD,28664.0,6.5,46.5,0.0,849.25,0,22.67652804912085,162.2243929667876,0.0,2962.7756070332125
46013,SD,35039.0,27.0,161.25,0.0,2022.25,0,77.05699363566312,460.20148976854364,0.0,5771.426125174805
46015,SD,5208.5,3.5,13.75,0.0,173.75,0,67.19784966881059,263.99155227032736,0.0,3335.893251415955
46017,SD,2122.75,1.0,1.75,0.0,39.75,0,47.10870333294076,82.44023083264634,0.0,1872.5709574843954
46019,SD,9452.0,2.25,7.0,0.0,144.25,0,23.80448582310622,74.05840033855269,0.0,1526.1320355480323
46021,SD,1506.25,0.0,0.25,0.0,15.5,0,0.0,16.59751037344398,0.0,1029.045643153527
46023,SD,9169.0,9.0,25.5,0.25,443.5,0,98.15683280619477,278.11102628421855,2.7265786890609665,4836.950594394154
46025,SD,3721.0,2.0,4.75,0.0,58.25,0,53.748992206396125,127.6538564901908,0.0,1565.4393980112873
46027,SD,12953.0,4.25,11.0,0.0,550.25,0,32.810931830463986,84.92241179649501,0.0,4248.050644638308
46029,SD,26378.75,14.75,98.25,0.25,1034.75,0,55.9162204425911,372.4588921006492,0.9477325498744255,3922.6650239302467
46031,SD,4343.0,1.25,3.5,0.0,36.75,0,28.781947962238085,80.58945429426663,0.0,846.1892700897996
46033,SD,7932.25,1.0,3.5,0.0,38.5,0,12.606763528633111,44.12367235021589,0.0,485.3603958523748
46035,SD,19120.0,20.0,185.0,0.0,1252.25,0,104.60251046025104,967.5732217573221,0.0,6549.424686192469
46037,SD,5775.75,3.5,17.0,0.0,217.5,0,60.59819071116305,294.33406916850623,0.0,3765.744708479418
46039,SD,4297.25,1.0,3.25,0.25,128.0,0,23.27069637558904,75.62976322066437,5.81767409389726,2978.649136075397
46041,SD,6539.5,3.0,2.75,0.0,68.0,0,45.87506690113923,42.052144659377625,0.0,1039.8348497591558
46043,SD,3201.25,0.25,0.0,0.0,33.25,0,7.809449433814916,0.0,0.0,1038.6567746973838
46045,SD,4079.5,0.0,1.0,0.0,37.0,0,0.0,24.512807942149774,0.0,906.9738938595416
46047,SD,7348.75,2.75,7.0,0.25,142.75,0,37.421330158190166,95.25429494812043,3.4019391052900154,1942.5072291205988
46049,SD,2357.0,1.25,2.25,0.25,20.75,0,53.03351718285957,95.46033092914722,10.606703436571912,880.3563852354689
46051,SD,7369.5,4.75,24.5,0.0,301.25,0,64.45484768301785,332.4513196281973,0.0,4087.794287265079
46053,SD,4246.0,1.75,9.5,0.0,123.25,0,41.21526142251531,223.7399905793688,0.0,2902.7319830428637
46055,SD,1899.0,1.0,5.75,0.0,72.5,0,52.6592943654555,302.7909426013691,0.0,3817.798841495524
46057,SD,5675.75,1.75,4.5,0.0,59.0,0,30.832929568779456,79.28467603400432,0.0,1039.5101968902788
46059,SD,3325.5,0.5,1.25,0.0,38.75,0,15.035333032626674,37.58833258156668,0.0,1165.2383100285672
46061,SD,3776.0,0.5,1.0,0.0,21.25,0,13.241525423728813,26.483050847457626,0.0,562.7648305084746
46063,SD,1211.25,0.0,0.25,0.0,15.75,0,0.0,20.639834881320947,0.0,1300.3095975232197
46065,SD,17021.5,23.75,97.5,2.0,863.75,0,139.52941867637986,572.8049819346121,11.749845783274095,5074.4646476515
46067,SD,7515.75,0.25,1.5,0.0,42.0,0,3.3263480025280243,19.958088015168148,0.0,558.8264644247081
46069,SD,1562.5,1.0,5.5,0.0,68.0,0,64.0,352.0,0.0,4352.0
46071,SD,2878.0,1.5,2.0,0.0,50.25,0,52.119527449617784,69.49270326615705,0.0,1746.0041695621958
46073,SD,2074.0,0.0,1.0,0.0,20.75,0,0.0,48.216007714561236,0.0,1000.4821600771455
46075,SD,1061.5,0.75,2.5,0.0,33.75,0,70.6547338671691,235.51577955723033,0.0,3179.4630240226093
46077,SD,5482.0,1.75,9.0,0.0,84.75,0,31.922655964976286,164.17365924844947,0.0,1545.968624589566
46079,SD,11206.0,5.5,34.5,0.0,404.25,0,49.08084954488666,307.87078350883456,0.0,3607.4424415491703
46081,SD,22933.25,11.5,59.75,0.25,1260.75,0,50.14553105207504,260.5387374227377,1.090120240262501,5497.476371643793
46083,SD,22660.25,9.25,35.0,0.75,598.75,0,40.82037929855143,154.45548923776215,3.309760483666332,2642.2921194602886
46085,SD,3963.0,1.25,3.0,0.0,79.25,0,31.541761291950543,75.7002271006813,0.0,1999.7476659096646
46087,SD,5896.0,1.25,5.0,0.25,46.25,0,21.200814111261874,84.8032564450475,4.240162822252374,784.4301221166894
46089,SD,2601.0,0.5,2.0,0.0,22.75,0,19.223375624759708,76.89350249903883,0.0,874.6635909265667
46091,SD,4399.5,2.5,7.5,0.0,107.75,0,56.82463916354131,170.47391749062393,0.0,2449.1419479486303
46093,SD,24656.25,19.5,58.75,0.25,984.25,0,79.08745247148289,238.276299112801,1.0139416983523446,3991.8884664131815
46095,SD,2087.75,0.5,1.25,0.0,49.25,0,23.949227637408693,59.873069093521735,0.0,2358.998922284756
46097,SD,2554.75,0.25,2.75,0.0,20.5,0,9.785693316371466,107.64262648008611,0.0,802.4268519424602
46099,SD,179209.75,54.5,295.25,1.5,2511.5,0,30.411291796344788,164.75108078662015,0.8370080310920583,1401.4304467251363
46101,SD,6642.75,3.25,16.5,0.0,228.5,0,48.925520304090924,248.39110308230778,0.0,3439.8404275337775
46103,SD,95349.75,124.75,772.75,1.5,8675.0,0,130.83411335635384,810.4373634959715,1.573155671619485,9098.083634199354
46105,SD,3024.75,0.5,2.75,0.0,60.5,0,16.530291759649558,90.91660467807256,0.0,2000.1653029175966
46107,SD,2327.5,0.25,1.25,0.0,47.0,0,10.741138560687434,53.70569280343716,0.0,2019.3340494092374
46109,SD,10067.25,6.25,21.0,0.25,327.25,0,62.08249521964786,208.59718393801685,2.483299808785915,3250.6394497007623
46111,SD,2538.75,1.25,1.0,0.0,19.75,0,49.23682914820286,39.389463318562285,0.0,777.9419005416052
46113,SD,13786.5,1.25,3.5,0.0,55.25,0,9.066840750009067,25.38715410002539,0.0,400.75436115040077
46115,SD,6898.5,3.75,12.75,0.0,149.5,0,54.35964340073929,184.82278756251358,0.0,2167.1377835761396
46117,SD,2830.75,1.25,4.0,0.0,50.25,0,44.157908681444844,141.3053077806235,0.0,1775.1479289940828
46119,SD,1429.75,0.5,1.0,0.0,35.5,0,34.971148802238154,69.94229760447631,0.0,2482.951564958909
46121,SD,10113.0,2.5,6.25,0.0,151.0,0,24.72065658063878,61.80164145159695,0.0,1493.1276574705826
46123,SD,6019.0,1.0,24.5,0.0,173.5,0,16.61405549094534,407.0443595281608,0.0,2882.5386276790164
46125,SD,8744.25,5.75,10.0,0.0,140.75,0,65.75749778425822,114.36086571175343,0.0,1609.6291848929297
46127,SD,14286.0,6.25,37.25,0.0,598.75,0,43.74912501749965,260.74478510429793,0.0,4191.166176676466
46129,SD,5426.75,5.5,28.25,0.0,345.0,0,101.34979499700556,520.5694015755287,0.0,6357.39623163035
46135,SD,21831.0,13.0,66.5,0.5,881.25,0,59.54834867848472,304.61270670147957,2.2903211030186434,4036.6909440703585
46137,SD,2301.75,0.25,0.25,0.0,26.25,0,10.86130118388183,10.86130118388183,0.0,1140.4366243075922
46777,SD,0.0,0.0,0.0,0.0,0.0,0,,,,
47001,TN,77761.0,136.5,514.0,2.25,4067.0,0,175.53786602538548,660.9997299417446,2.8934813081107498,5230.128213371741
47003,TN,43513.75,82.5,146.25,2.25,2011.0,0,189.59524288299676,336.1006578380397,5.170779351354457,4621.527678032806
47005,TN,16531.75,33.75,111.5,0.0,828.75,0,204.1526154218398,674.45975168993,0.0,5013.080889802955
47007,TN,13109.75,12.0,13.5,0.25,249.25,0,91.53492629531456,102.97679208222887,1.9069776311523867,1901.2566982589292
47009,TN,118717.25,186.75,565.75,2.5,6097.75,0,157.30654138299192,476.5524807894388,2.1058439274831584,5136.363923524172
47011,TN,94279.0,292.0,582.0,2.25,5836.25,0,309.7190254457514,617.3166877035183,2.3865335864826736,6190.4029529375575
47013,TN,41077.75,98.0,257.5,1.5,1813.5,0,238.57197631321094,626.8600398025695,3.6516118823450654,4414.798765755184
47015,TN,13538.0,27.25,34.5,0.5,570.5,0,201.2852710887871,254.8382331215837,3.693307726399764,4214.064115822131
47017,TN,29662.25,59.75,184.75,0.75,1451.25,0,201.434483223626,622.845535992718,2.5284663166145522,4892.582322649158
47019,TN,58365.5,80.0,367.0,0.5,3166.5,0,137.06727433158287,628.7961209961364,0.8566704645723929,5425.294052136964
47021,TN,39223.5,69.25,193.25,0.25,1969.25,0,176.5523219498515,492.68933165066863,0.6373730034290668,5020.587148010759
47023,TN,16146.0,26.75,58.25,1.25,681.25,0,165.67570915397002,360.77046946612165,7.741855567942524,4219.311284528676
47025,TN,31446.5,58.25,107.75,1.5,1358.25,0,185.23524080581305,342.6454454390791,4.770006201008061,4319.2406150128
47027,TN,8047.0,10.25,21.0,0.25,392.25,0,127.37666211010314,260.9668199328943,3.106747856343979,4874.487386603703
47029,TN,35448.0,58.25,176.5,1.5,1245.5,0,164.32520875648837,497.91243511622656,4.231550440081246,3513.5973820807944
47031,TN,52849.5,78.25,332.0,1.25,2355.0,0,148.0619494981031,628.1989422794918,2.3652068609920627,4456.049726109045
47033,TN,14550.0,34.75,54.0,0.0,680.25,0,238.83161512027493,371.1340206185567,0.0,4675.257731958763
47035,TN,52539.5,81.25,239.25,2.25,3023.0,0,154.64555239391314,455.3716727414612,4.282492220139134,5753.766213991378
47037,TN,587920.0,2397.25,3140.25,50.25,34000.75,0,407.751054565247,534.1287930330657,8.547081235542251,5783.227309838073
47039,TN,11257.75,17.5,34.75,0.25,345.25,0,155.448468832582,308.67624525326994,2.2206924118940288,3066.7762208256536
47041,TN,18534.25,40.0,149.0,0.5,1660.75,0,215.81666374414934,803.9170724469562,2.6977082968018666,8960.4381078274
47043,TN,46935.5,118.5,358.25,2.25,3772.25,0,252.47414004325083,763.2815246455242,4.793812785631345,8037.093458043486
47045,TN,38103.75,123.75,437.5,3.0,3800.75,0,324.7711839385887,1148.180953318243,7.873240822753666,9974.740019026998
47047,TN,36211.25,93.5,77.5,0.75,1589.25,0,258.20704891435673,214.0218854637716,2.0711795367461767,4388.829438365148
47049,TN,17471.25,42.25,151.25,1.0,968.5,0,241.82585676468483,865.7079487729842,5.723688917507333,5543.392716605852
47051,TN,40435.0,78.0,119.5,0.25,2304.25,0,192.90218869791022,295.5360455051317,0.6182762458266353,5698.652157784099
47053,TN,49338.0,106.0,220.75,2.25,2694.25,0,214.84454173253883,447.4238923345089,4.56037942356804,5460.801005310308
47055,TN,29534.5,81.25,200.25,1.0,1971.25,0,275.10199935668453,678.0206199529364,3.3858707613130403,6674.397738238332
47057,TN,22613.75,35.25,80.25,0.5,847.75,0,155.87861367530817,354.87258857995687,2.2110441656072077,3748.8253827870208
47059,TN,66238.0,82.0,223.5,0.75,2628.5,0,123.79600833358495,337.4196080799541,1.1322805640266915,3968.265950058879
47061,TN,15015.0,46.75,31.0,1.0,485.75,0,311.35531135531136,206.46020646020645,6.66000666000666,3235.098235098235
47063,TN,61299.25,165.5,690.75,3.0,4256.0,0,269.9869900528962,1126.8490234382966,4.894023988874252,6942.988698882939
47065,TN,319603.75,1657.0,2140.5,20.75,20224.0,0,518.4544924770125,669.7355710000274,6.492414435062167,6327.835640226374
47067,TN,6750.5,4.25,16.75,0.0,122.0,0,62.958299385230724,248.12976816532108,0.0,1807.2735352936818
47069,TN,28315.0,109.25,166.5,1.0,1506.75,0,385.8378951085997,588.0275472364472,3.5316969803990816,5321.384425216316
47071,TN,26218.25,79.75,314.5,2.0,2026.5,0,304.1774336578528,1199.5461176852002,7.628274198316058,7729.348831443745
47073,TN,54132.75,49.75,183.25,2.0,1700.5,0,91.90369970119752,338.51965769335567,3.694621093515478,3141.3515847615354
47075,TN,19578.5,86.5,140.25,1.25,1290.25,0,441.8111704165283,716.3470133054116,6.384554485787981,6590.137140230355
47077,TN,27194.0,78.75,215.5,1.0,1729.25,0,289.58593807457527,792.4542178421711,3.6772817533279403,6358.93947194234
47079,TN,31842.75,81.25,256.5,0.75,2636.5,0,255.16012279090216,805.5208799491251,2.3553242103775585,8279.749707547244
47081,TN,24040.0,41.5,60.5,0.25,892.75,0,172.6289517470882,251.6638935108153,1.0399334442595674,3713.602329450915
47083,TN,8103.75,17.75,33.5,0.25,425.75,0,219.03439765540645,413.38886318062623,3.0849915162733303,5253.740552213481
47085,TN,18408.5,30.75,61.75,0.5,1333.25,0,167.04239889181628,335.4428660673059,2.7161365673466062,7242.578156829725
47087,TN,11063.25,20.0,66.0,0.25,840.0,0,180.77870426863714,596.5697240865026,2.2597338033579644,7592.7055792827605
47089,TN,49659.5,81.5,352.75,0.75,2576.0,0,164.1176411361371,710.3373976781885,1.5102850411300959,5187.325687934836
47091,TN,18268.75,52.5,37.25,0.75,798.75,0,287.3759835785152,203.90010263427985,4.1053711939787885,4372.220321587411
47093,TN,416073.75,691.25,3547.0,26.25,25400.0,0,166.13641211443883,852.4930976779957,6.308977675231854,6104.686969557681
47095,TN,7543.0,24.75,47.0,0.25,330.25,0,328.1187856290601,623.0942595784171,3.3143311679703036,4378.231472888771
47097,TN,26966.25,101.75,172.25,1.0,1939.25,0,377.32350623464515,638.7614147313772,3.7083391276132205,7191.396653223937
47099,TN,41355.5,97.25,240.25,1.75,3028.25,0,235.15614609906783,580.9384483321444,4.231601600754434,7322.484312848352
47101,TN,11619.25,25.75,42.0,0.25,590.25,0,221.61499236181336,361.46911375519073,2.151601867590421,5079.932009380985
47103,TN,32933.25,85.75,145.5,1.25,1833.25,0,260.37515277113556,441.8027373551047,3.7955561628445413,5566.562668427805
47105,TN,44693.25,75.25,204.75,1.75,2349.5,0,168.36994400720465,458.1228709033243,3.9155800931908065,5256.945959401029
47107,TN,52248.75,118.5,330.25,2.5,2760.5,0,226.79968420297138,632.0725376205172,4.784803464197708,5283.379985167109
47109,TN,25753.75,46.5,97.75,0.75,1185.0,0,180.55622967529,379.5563752851526,2.912197252827258,4601.271659467067
47111,TN,21824.0,43.5,79.5,0.25,1438.5,0,199.32184750733137,364.27785923753663,1.1455278592375366,6591.367302052787
47113,TN,96489.5,489.75,1028.25,8.25,6845.5,0,507.5681809937869,1065.6599940926214,8.550153125469611,7094.554329745724
47115,TN,27724.0,43.75,119.75,0.25,1606.0,0,157.8055114702063,431.93622853845045,0.9017457798297505,5792.8148896263165
47117,TN,28826.5,65.0,107.75,0.0,1608.0,0,225.48696511890103,373.7880075624859,0.0,5578.200614018351
47119,TN,70527.75,243.5,539.75,5.75,5808.25,0,345.25417300282515,765.3016011428126,8.152819280354187,8235.41088436821
47121,TN,11769.75,20.25,50.0,0.0,576.5,0,172.05123303383672,424.8178593428068,0.0,4898.1499182225625
47123,TN,44312.5,99.75,215.0,1.0,1817.75,0,225.10578279266574,485.1904090267983,2.2566995768688294,4102.115655853315
47125,TN,150072.0,517.75,996.75,10.5,8317.0,0,345.00106615491234,664.1811930273468,6.996641612026227,5542.006503544965
47127,TN,6121.5,9.25,13.5,0.5,148.5,0,151.1067548803398,220.53418279833372,8.167932696234583,2425.876010781671
47129,TN,20338.0,14.0,42.25,1.0,660.25,0,68.83666043858786,207.7392073950241,4.916904317041991,3246.386075326974
47131,TN,31779.5,70.75,238.0,0.25,2331.0,0,222.6277946474929,748.9104611463365,0.7866706524646392,7334.917163580296
47133,TN,20883.0,31.0,62.25,0.75,737.75,0,148.4461044869032,298.0893549777331,3.5914380117799163,3532.7778575875113
47135,TN,7708.75,13.75,37.5,0.75,273.5,0,178.36873682503648,486.46019134100857,9.729203826820171,3547.9163288470895
47137,TN,4862.5,1.75,4.25,0.25,158.75,0,35.98971722365038,87.40359897172236,5.141388174807198,3264.7814910025704
47139,TN,16016.0,19.0,52.25,0.5,832.25,0,118.63136863136863,326.23626373626377,3.121878121878122,5196.366133866134
47141,TN,68715.5,112.25,485.5,2.5,5354.75,0,163.35470163209175,706.5363709788912,3.6381893459263193,7792.637760039584
47143,TN,30480.0,55.25,197.25,1.0,2031.25,0,181.26640419947506,647.1456692913385,3.2808398950131235,6664.206036745407
47145,TN,49686.0,74.75,240.75,2.75,2214.25,0,150.44479330193616,484.54292959787466,5.534758282011029,4456.486736706517
47147,TN,57219.25,164.5,316.25,3.5,3719.25,0,287.490660922679,552.6986110443601,6.116822572822957,6499.997815420509
47149,TN,230459.0,323.5,897.25,4.5,15756.5,0,140.37204014596955,389.3317249489063,1.9526249788465626,6837.007884265748
47151,TN,22138.0,67.25,204.0,1.0,1773.25,0,303.7763122233264,921.4924564097931,4.517119884361731,8009.982834944439
47153,TN,13090.75,29.0,34.75,0.5,654.5,0,221.53046998835057,265.45461489983387,3.819490861868113,4999.7135381853595
47155,TN,81809.75,127.25,569.0,1.75,4290.75,0,155.54380743126583,695.5161212447172,2.1391093359899034,5244.790504799244
47157,TN,918183.0,2646.0,7754.75,122.25,49974.0,0,288.177846899801,844.5756455957037,13.314339298375161,5442.705865824133
47159,TN,18889.5,37.0,63.0,0.5,1041.5,0,195.87601577596018,333.51862145636466,2.6469731861616244,5513.645146774663
47161,TN,13112.0,26.5,38.5,0.0,747.0,0,202.10494203782795,293.6241610738255,0.0,5697.071384990848
47163,TN,157063.25,354.5,1277.25,8.25,9597.0,0,225.70524931834788,813.2074180306342,5.252660950285952,6110.277229078094
47165,TN,160380.5,344.5,956.0,1.25,12142.25,0,214.80167476719427,596.0824414439412,0.779396497703898,7570.901699396124
47167,TN,57345.75,228.25,255.5,1.25,3248.0,0,398.0242650937515,445.5430437303549,2.1797604879175876,5663.88965180506
47169,TN,7771.0,23.25,38.75,0.0,1024.0,0,299.18929352721653,498.648822545361,0.0,13177.197271908379
47171,TN,17809.0,22.25,78.0,0.5,836.25,0,124.93682969285193,437.980796226627,2.807569206580942,4695.659498006627
47173,TN,19219.25,18.75,41.75,0.25,662.5,0,97.55843750406493,217.2301208423846,1.300779166720866,3447.064791810294
47175,TN,5497.5,6.25,6.25,0.75,180.0,0,113.6880400181901,113.6880400181901,13.642564802182811,3274.2155525238745
47177,TN,40189.5,68.5,215.5,0.75,2478.0,0,170.44252852113115,536.2097065153833,1.866159071399246,6165.7895719031085
47179,TN,116669.75,338.5,1373.0,6.25,9058.0,0,290.13518928428323,1176.8260410260586,5.3570012792519055,7763.794813994202
47181,TN,16951.75,30.5,40.5,0.25,835.75,0,179.9224268880794,238.91338652351524,1.4747739908858968,4930.169451531553
47183,TN,33452.75,78.0,182.75,0.5,2542.25,0,233.16468750700616,546.2929056654535,1.494645432737219,7599.52470275239
47185,TN,24683.0,39.5,76.0,0.5,701.5,0,160.02916987400235,307.90422558035897,2.025685694607625,2842.0370295344974
47187,TN,168977.0,127.0,549.25,2.25,5418.75,0,75.15815761908425,325.0442367896223,1.3315421625428312,3206.797374790652
47189,TN,104215.0,195.0,517.25,2.0,6115.5,0,187.1131794847191,496.3297030177998,1.9191095331766062,5868.157175070767
48001,TX,57338.75,76.75,245.25,0.75,2369.25,1,133.85363301432278,427.721218198862,1.308015957794685,4132.02241067341
48003,TX,13069.25,21.5,53.25,0.25,805.0,1,164.5082923656675,407.44495667310673,1.9128871205310174,6159.496528109877
48005,TX,83164.25,113.5,486.25,4.25,3342.25,1,136.47691165374545,584.6863285606496,5.1103689385763715,4018.8542552839713
48007,TX,23899.5,18.0,103.25,0.5,2108.0,1,75.31538316701186,432.0174062218875,2.0920939768614404,8820.268206447832
48009,TX,9275.25,5.25,7.25,0.25,115.75,1,56.60224791784587,78.1650090294062,2.695345138945042,1247.9447993315543
48011,TX,2151.75,2.0,2.5,0.25,79.75,1,92.94760079005461,116.18450098756826,11.618450098756826,3706.2855815034277
48013,TX,44558.75,48.5,166.0,3.5,1496.0,1,108.84506410076584,372.5418688809717,7.854798440261452,3357.3652761803232
48015,TX,26718.5,41.25,103.75,0.5,1107.25,1,154.3874094728372,388.3077268559238,1.871362539064693,4144.132342758763
48017,TX,6653.25,6.0,18.25,0.0,180.25,1,90.18149024912637,274.3020328410927,0.0,2709.2022695675046
48019,TX,20427.0,10.5,34.0,0.25,757.75,1,51.40255544132766,166.44637000048957,1.2238703676506584,3709.5510843491456
48021,TX,72668.25,107.0,257.5,3.25,2567.75,1,147.24449811299982,354.35007723455567,4.4723796155817706,3533.523925510797
48023,TX,3880.75,13.0,18.25,0.25,300.5,1,334.9867937898602,470.26992205114993,6.442053726728081,7743.348579527154
48025,TX,33359.0,41.25,122.0,0.75,1756.0,1,123.6547858149225,365.7183968344375,2.248268832998591,5263.946760994035
48027,TX,264726.75,224.0,1447.5,7.75,13169.75,1,84.61555169623017,546.7902280370231,2.9275469894901063,4974.8467051403
48029,TX,1569456.5,2000.0,10615.75,82.0,76627.0,1,127.43264945540064,676.3965742280848,5.224738627671426,4882.390814909492
48031,TX,9282.5,5.0,11.5,0.0,214.5,1,53.86479935362241,123.88903851333153,0.0,2310.799892270401
48033,TX,642.5,0.75,0.0,0.0,3.25,1,116.73151750972762,0.0,0.0,505.8365758754864
48035,TX,18266.0,24.75,70.0,0.25,1062.75,1,135.49764589948538,383.22566517026166,1.3686630898937917,5818.186795138508
48037,TX,92129.75,227.25,869.75,4.25,7002.0,1,246.66299430965566,944.0490178254039,4.613059299520513,7600.150874174737
48039,TX,293416.25,372.5,1717.75,6.0,16699.75,1,126.95275057192642,585.4311068320177,2.0448765192793514,5691.4877754725585
48041,TX,163204.0,243.0,1045.0,5.0,7301.75,1,148.89340947525795,640.3029337516238,3.0636504007254723,4474.001862699443
48043,TX,9267.25,12.75,30.25,0.25,496.5,1,137.5812673662629,326.4183010062316,2.6976719091424104,5357.576411556826
48045,TX,1613.5,0.5,4.75,0.0,28.75,1,30.98853424233034,294.3910753021382,0.0,1781.8407189339944
48047,TX,7757.25,23.0,42.5,0.0,519.0,1,296.49682555029165,547.874568951626,0.0,6690.515324373973
48049,TX,39100.75,78.5,198.0,1.25,2379.75,1,200.7634124665128,506.38414864165014,3.1968696252629427,6086.20039257559
48051,TX,17162.75,29.0,72.25,0.25,1194.5,1,168.9705903774162,420.9698329230456,1.4566430204949672,6959.840351924953
48053,TX,42556.25,43.25,207.5,0.75,2322.0,1,101.63019532971067,487.5899544720223,1.7623733294169484,5456.307827874872
48055,TX,36175.75,47.5,80.0,0.75,2315.25,1,131.30342840162263,221.14261625536443,2.0732120273940415,6400.005528565407
48057,TX,20778.5,32.25,104.5,0.25,1532.5,1,155.20850879514882,502.92369516567607,1.203166734846115,7375.412084606684
48059,TX,13646.25,10.75,38.25,0.5,338.25,1,78.7762205734176,280.2967848309975,3.6640102592287263,2478.7029403682327
48061,TX,389116.25,709.75,2901.75,15.5,19271.0,1,182.40050370551216,745.7283009897428,3.9833854278766307,4952.504553587778
48063,TX,12501.0,16.75,48.0,0.25,574.25,1,133.9892808575314,383.9692824574034,1.999840012798976,4593.632509399248
48065,TX,6575.75,5.25,11.25,0.0,353.75,1,79.8388016576056,171.08314640915486,0.0,5379.6144926434245
48067,TX,30156.5,36.5,134.25,0.5,1736.25,1,121.03526602888267,445.1776565582876,1.6580173428614065,5757.465223086233
48069,TX,7526.25,9.0,44.0,0.25,353.25,1,119.58146487294471,584.6204949343962,3.321707357581797,4693.572496263079
48071,TX,25922.25,47.25,116.0,2.25,946.75,1,182.27584411075426,447.49201940417976,8.679802100512108,3652.2678394043724
48073,TX,48819.0,103.5,170.25,0.5,2273.5,1,212.00761998402263,348.73717200270386,1.024191400888998,4656.998299842275
48075,TX,7722.25,30.75,34.5,0.0,473.5,1,398.20000647479685,446.7609828741623,0.0,6131.632620026547
48077,TX,11311.5,12.25,47.25,1.25,487.0,1,108.29686602130575,417.7164832250365,11.050700614418954,4305.352959377625
48079,TX,3235.75,3.75,15.0,0.0,235.75,1,115.89276056555666,463.5710422622266,0.0,7285.791547554662
48081,TX,3651.5,1.5,2.5,0.0,27.0,1,41.07900862659181,68.46501437765302,0.0,739.4221552786526
48083,TX,8741.5,5.75,22.75,0.0,401.75,1,65.7781845221072,260.25281702225016,0.0,4595.893153348968
48085,TX,640851.75,411.75,1995.75,6.0,20014.5,1,64.25042921393286,311.421479304691,0.9362539776165081,3123.1092058342665
48087,TX,2996.75,1.25,3.25,0.0,88.25,1,41.71185450905147,108.45082172353383,0.0,2944.856928339034
48089,TX,21005.25,31.0,102.0,0.25,1512.25,1,147.58215208102735,485.5928874924126,1.1901786458147368,7199.390628533343
48091,TX,103265.75,105.5,401.5,2.0,5536.75,1,102.16359247862917,388.8026765892854,1.9367505683152448,5361.651854559716
48093,TX,13807.75,12.25,34.5,0.5,728.25,1,88.7182922634028,249.85968025203238,3.6211547862613385,5274.21194618964
48095,TX,3703.75,4.0,8.25,0.0,84.0,1,107.99865001687478,222.74721565980425,0.0,2267.9716503543705
48097,TX,39313.5,26.75,137.5,2.0,1460.75,1,68.0427842852964,349.75262950385996,5.0873109746016,3715.6447530746436
48099,TX,75136.25,103.25,285.25,1.25,2974.25,1,137.41702573657855,379.64364737393737,1.6636443793774642,3958.4754362907383
48101,TX,1700.25,1.25,4.25,0.25,43.25,1,73.51860020585208,249.96324069989709,14.703720041170417,2543.743567122482
48103,TX,3884.5,4.5,16.5,0.25,137.0,1,115.84502509975545,424.7650920324366,6.435834727764192,3526.837430814777
48105,TX,3919.25,11.0,27.25,0.25,225.75,1,280.66594373923584,695.2860878994705,6.378771448618996,5760.030618102954
48107,TX,6582.25,5.75,12.5,0.75,164.75,1,87.35614721409851,189.90466785673593,11.394280071404156,2502.9435223517794
48109,TX,2593.5,1.5,5.25,0.0,286.75,1,57.83689994216309,202.42914979757086,0.0,11056.487372276846
48111,TX,8705.5,18.75,31.0,0.0,661.0,1,215.38108092585148,356.09672046407445,0.0,7592.901039572685
48113,TX,2464427.5,3973.0,13954.75,67.25,114390.75,1,161.21391276472934,566.2471304187281,2.7288285007369866,4641.676413690401
48115,TX,14163.75,13.75,25.25,0.5,632.25,1,97.07881034330597,178.27199717588917,3.5301385579383995,4463.860206513106
48117,TX,18738.25,45.75,80.5,0.75,1456.5,1,244.1530025482636,429.6025509319173,4.002508238496124,7772.870999159473
48119,TX,5550.75,7.25,21.5,0.25,203.25,1,130.61298022789714,387.33504481376394,4.503895869927487,3661.6673422510476
48121,TX,596167.25,416.0,2054.25,8.5,18188.0,1,69.7790762575435,344.5761235626412,1.425774394685384,3050.8217282985606
48123,TX,18277.25,27.5,41.25,1.0,746.0,1,150.46027164918135,225.69040747377204,5.4712826054247765,4081.5768236468834
48125,TX,2634.5,3.0,3.0,0.25,56.75,1,113.87360030366293,113.87360030366293,9.489466691971911,2154.1089390776237
48127,TX,10321.25,20.5,35.0,0.75,514.25,1,198.61935327600824,339.10621291025797,7.2665617052198135,4982.439142545719
48129,TX,3943.25,4.5,16.5,0.0,236.25,1,114.11906422367336,418.4365688201357,0.0,5991.250871742852
48131,TX,13444.25,27.5,31.25,0.25,677.0,1,204.54841289026908,232.44137828439668,1.8595310262751734,5035.61001915317
48133,TX,18554.75,25.75,70.5,0.25,664.75,1,138.7784799040677,379.95661488298146,1.347363882563764,3582.640563737048
48135,TX,129882.5,143.0,746.75,6.5,12139.75,1,110.09951302138471,574.9427367043289,5.004523319153851,9346.7172251843
48137,TX,1977.0,2.0,4.5,0.0,63.25,1,101.16337885685383,227.6176024279211,0.0,3199.291856348002
48139,TX,135919.25,339.75,938.5,2.5,5328.25,1,249.9645929476509,690.4835039922601,1.8393273947582849,3920.1584764483323
48141,TX,738184.0,1117.5,4030.75,22.75,30661.25,1,151.38502053688512,546.0359476770019,3.0818874426972136,4153.605334171427
48143,TX,34931.75,37.0,132.5,0.75,1729.5,1,105.92083133538972,379.3110851875443,2.147043878420062,4951.083183636662
48145,TX,17646.0,31.25,41.25,0.5,405.75,1,177.0939589708716,233.76402584155048,2.833503343533945,2299.3879632777966
48147,TX,33534.75,50.75,175.5,1.0,1612.25,1,151.33555490945957,523.3377317558652,2.981981377526297,4807.699475916773
48149,TX,22825.5,6.0,33.0,0.25,428.25,1,26.286390221462838,144.5751462180456,1.0952662592276183,1876.19110205691
48151,TX,4065.75,4.0,11.0,0.0,175.5,1,98.38283219578184,270.5527885384001,0.0,4316.546762589928
48153,TX,7079.0,4.75,15.0,0.0,90.75,1,67.09987286339879,211.89433535810142,0.0,1281.9607289165137
48155,TX,1510.5,1.0,2.25,0.0,14.25,1,66.20324395895399,148.95729890764648,0.0,943.3962264150942
48157,TX,457715.25,313.25,1237.75,10.75,10824.25,1,68.43774595668377,270.4192180618846,2.3486217686651254,2364.843644602184
48159,TX,9860.0,16.75,51.25,0.75,425.25,1,169.87829614604462,519.7768762677484,7.606490872210953,4312.88032454361
48161,TX,19017.75,21.25,28.5,0.5,502.0,1,111.73771871015236,149.85999921126316,2.6291227931800556,2639.6392843527756
48163,TX,16494.75,22.0,32.5,2.5,570.25,1,133.37577107867654,197.03238909349946,15.156337622576881,3457.1606117097863
48165,TX,15000.75,8.5,22.25,0.25,873.75,1,56.66383347499292,148.32591703748145,1.6665833374997918,5824.708764561772
48167,TX,294093.5,805.75,2034.0,13.75,19485.0,1,273.97749355222066,691.6167817377807,4.675383849014004,6625.443948948209
48169,TX,4970.5,3.25,11.0,0.25,234.25,1,65.3857760788653,221.3057036515441,5.029675082989638,4712.805552761291
48171,TX,23595.5,11.75,45.5,0.0,952.5,1,49.79763090419783,192.83337924604268,0.0,4036.7866754253987
48173,TX,1274.25,0.25,0.25,0.25,4.75,1,19.619383951343927,19.619383951343927,19.619383951343927,372.76829507553464
48175,TX,7230.5,4.0,16.5,0.0,203.75,1,55.321208768411594,228.19998616969778,0.0,2817.9240716409654
48177,TX,19678.0,51.75,73.25,0.5,916.25,1,262.9840430938103,372.2431141376156,2.540908628925704,4656.215062506352
48179,TX,21912.25,44.5,128.25,0.75,1075.5,1,203.08275051626373,585.289050645187,3.422742986229164,4908.2134422526215
48181,TX,119296.5,123.25,519.75,1.75,6511.5,1,103.31401172708335,435.6791691290189,1.4669332293906359,5458.248984672644
48183,TX,124885.75,272.25,1240.25,6.75,8829.75,1,217.99925131570254,993.1077004382005,5.404940115265353,7070.262219668777
48185,TX,25813.75,43.5,126.5,0.75,1056.0,1,168.5148418962762,490.04890804319405,2.9054283085564863,4090.8430584475327
48187,TX,108311.5,83.0,458.25,1.75,5124.0,1,76.63082867470213,423.08526795400303,1.6157102431413102,4730.799591917756
48189,TX,37124.5,50.5,219.0,0.5,1620.0,1,136.02876806421634,589.9069347735323,1.3468194857843203,4363.695133941198
48191,TX,3675.75,3.0,10.5,0.5,106.5,1,81.61599673536013,285.65598857376045,13.60266612256002,2897.3678841052842
48193,TX,8221.5,23.75,58.0,0.25,520.75,1,288.87672565833486,705.4673721340388,3.0408076385087877,6334.0023110138045
48195,TX,5277.5,3.75,12.75,0.0,129.5,1,71.05637138796779,241.5916627190905,0.0,2453.813358597821
48197,TX,4275.25,4.0,28.0,0.0,241.0,1,93.56178001286474,654.9324600900532,0.0,5637.097245775101
48199,TX,51899.5,52.5,277.0,1.25,3837.25,1,101.15704390215704,533.7238316361429,2.4085010452894537,7393.616508829565
48201,TX,3893670.75,5140.75,18642.5,201.25,184916.0,1,132.0283693735532,478.78984118007406,5.168644523936699,4749.143208885856
48203,TX,62476.0,83.0,333.5,3.0,2274.5,1,132.85101478967925,533.8049811127472,4.801843908060696,3640.5979896280173
48205,TX,2901.5,0.75,1.25,0.0,65.25,1,25.848698948819575,43.08116491469929,0.0,2248.836808547303
48207,TX,5432.5,5.5,18.25,0.0,274.75,1,101.24252185918084,335.9410952600092,0.0,5057.524160147263
48209,TX,133729.75,186.5,591.25,1.75,6818.75,1,139.46036689667034,442.12301301692406,1.3086093408534751,5098.90282453979
48211,TX,3424.5,8.5,35.0,0.0,189.5,1,248.21141772521537,1022.0470141626515,0.0,5533.6545481092135
48213,TX,80888.0,177.5,293.25,4.25,4085.25,1,219.4392246068638,362.53832459697355,5.254178617347444,5050.501928592622
48215,TX,704246.75,1117.75,4376.0,40.25,36938.75,1,158.71567742414146,621.3731195777616,5.715326339809165,5245.1431263261065
48217,TX,36037.5,42.5,283.5,1.25,2059.0,1,117.93270898369752,786.6805411030176,3.4686090877558096,5713.492889351371
48219,TX,22838.25,31.25,112.25,0.25,1096.75,1,136.83185007607852,491.50000547327403,1.094654800608628,4802.250610270052
48221,TX,49302.25,35.75,202.0,0.25,2801.5,1,72.51190361494658,409.7176092369009,0.5070762490555705,5682.296446916723
48223,TX,33941.5,35.75,129.75,0.0,2506.75,1,105.32828543228791,382.27538558991205,0.0,7385.501524682174
48225,TX,23324.5,26.75,86.75,0.75,891.5,1,114.68627408947673,371.92651503783577,3.2155030118544876,3822.1612467577015
48227,TX,32831.5,40.75,217.75,1.5,2633.0,1,124.1186056074197,663.235002969709,4.568783028493977,8019.737142683093
48229,TX,3336.5,4.0,13.75,0.0,362.75,1,119.88610819721264,412.10849692791845,0.0,10872.17143713472
48231,TX,83997.75,64.25,394.0,4.75,3739.75,1,76.49014408124027,469.06018315966793,5.654913375655895,4452.202588759818
48233,TX,22498.75,58.75,112.5,0.5,1468.0,1,261.12561808989386,500.0277793210734,2.222345685871437,6524.80693371854
48235,TX,1783.0,1.5,2.75,0.0,33.75,1,84.12787436904094,154.23443634324173,0.0,1892.8771733034214
48237,TX,9112.5,8.25,38.0,0.0,364.75,1,90.53497942386831,417.0096021947874,0.0,4002.743484224966
48239,TX,14413.0,20.0,60.0,1.0,555.5,1,138.76361617983764,416.2908485395129,6.938180808991882,3854.1594393949904
48241,TX,35611.75,70.5,226.5,1.0,1718.0,1,197.96836718218003,636.026030734238,2.8080619458465255,4824.25042296433
48243,TX,2314.0,3.5,2.0,0.0,28.25,1,151.25324114088158,86.4304235090752,0.0,1220.829732065687
48245,TX,247604.75,340.5,1296.5,7.75,10320.25,1,137.51755570117294,523.6167722953619,3.1299884190428493,4168.033933113157
48247,TX,5061.25,18.5,11.75,0.0,398.25,1,365.5223511978266,232.15608792294395,0.0,7868.6095332180785
48249,TX,40691.25,109.5,197.75,0.75,2435.75,1,269.09962215464014,485.97671489570854,1.84314809694959,5985.930636193285
48251,TX,152759.5,208.0,574.75,2.25,6665.75,1,136.1617444414259,376.24501258514204,1.4729034855442706,4363.558403896321
48253,TX,14038.75,13.75,30.0,0.0,496.75,1,97.94319294809011,213.6942391594693,0.0,3538.4204434155463
48255,TX,15439.5,25.75,43.25,0.75,648.0,1,166.780012306098,280.1256517374267,4.85767026134266,4197.027105800058
48257,TX,93649.0,153.0,348.5,3.25,3010.25,1,163.37601042189453,372.13424596098196,3.470405450138282,3214.396309624235
48259,TX,29208.0,31.5,89.0,1.5,726.25,1,107.84716516023006,304.71103807176115,5.135579293344289,2486.47630786086
48261,TX,408.5,0.5,2.5,0.0,153.25,1,122.39902080783352,611.9951040391677,0.0,37515.29987760098
48263,TX,750.5,1.5,5.0,0.25,26.5,1,199.86675549633577,666.2225183211193,33.311125916055964,3530.979347101932
48265,TX,47592.75,89.0,285.25,0.75,2859.0,1,187.00327255726975,599.3559943478787,1.5758702743590147,6007.217485856564
48267,TX,4598.75,8.0,18.25,0.0,540.25,1,173.96031530307147,396.8469692851319,0.0,11747.757542810547
48269,TX,301.5,0.0,1.0,0.0,6.0,1,0.0,331.6749585406302,0.0,1990.049751243781
48271,TX,3365.25,1.5,5.5,0.0,117.25,1,44.57321149988857,163.43510883292473,0.0,3484.139365574623
48273,TX,30890.75,65.75,154.25,0.5,2512.0,1,212.8468878224064,499.34041743887735,1.618607511957463,8131.884140074294
48275,TX,3729.25,4.75,16.25,0.0,143.0,1,127.37145538647182,435.7444526379299,0.0,3834.551183213783
48277,TX,50233.75,137.0,333.25,1.75,2551.0,1,272.7250105755593,663.3986114912783,3.483713638738896,5078.2591385273845
48279,TX,14406.25,19.0,24.0,0.0,376.0,1,131.8872017353579,166.5943600867679,0.0,2609.9783080260304
48281,TX,20399.25,21.0,94.75,1.5,1387.5,1,102.94496121180926,464.4778607056632,7.3532115151292325,6801.72065149454
48283,TX,6058.25,5.0,16.25,0.25,527.75,1,82.5320843477902,268.2292741303182,4.12660421738951,8711.261502909256
48285,TX,21225.75,18.25,71.25,0.25,758.5,1,85.98047183256186,335.6771845517826,1.1778146826378337,3573.4897471231875
48287,TX,16732.5,26.75,41.25,0.25,641.5,1,159.86851934857313,246.52622142536978,1.4940983116689077,3833.856267742417
48289,TX,16617.0,12.75,66.0,0.75,571.25,1,76.72865138111572,397.183607149305,4.513450081242101,3437.7444785460675
48291,TX,76447.25,114.5,266.75,4.5,2250.0,1,149.77647986029584,348.9334148710385,5.886411872238701,2943.20593611935
48293,TX,22954.75,61.75,160.25,0.5,1410.25,1,269.00750389352964,698.1125910759212,2.1781984120933577,6143.608621309315
48295,TX,3118.0,2.25,5.0,0.0,96.5,1,72.1616420782553,160.3592046183451,0.0,3094.9326491340603
48297,TX,11646.25,6.25,20.75,0.25,497.75,1,53.66534292154127,178.16893849951703,2.146613716861651,4273.907910271547
48299,TX,19249.0,14.0,44.0,0.5,1032.5,1,72.73105096368643,228.58330302872875,2.597537534417372,5363.915008571874
48301,TX,57.75,0.0,0.75,0.0,1.75,1,0.0,1298.7012987012988,0.0,3030.3030303030305
48303,TX,257898.25,427.0,1502.25,10.0,13039.5,1,165.56917311381522,582.4971670028781,3.877498199386774,5056.063777090383
48305,TX,6269.25,3.0,5.25,0.0,206.0,1,47.852613949036964,83.7420744108147,0.0,3285.879491167205
48307,TX,8059.5,8.5,20.0,0.0,419.5,1,105.46559960295303,248.15435200694833,0.0,5205.037533345741
48309,TX,228741.0,658.5,2434.5,10.0,16061.75,1,287.8801788922843,1064.3041693443677,4.371756702995965,7021.806322434544
48311,TX,893.75,0.75,0.5,0.0,23.75,1,83.91608391608392,55.94405594405595,0.0,2657.3426573426573
48313,TX,13439.25,23.25,34.25,0.5,785.0,1,173.00072548691332,254.85053109362502,3.7204457093959857,5841.0997637516975
48315,TX,11061.0,43.0,94.5,1.25,786.5,1,388.7532772805352,854.3531326281529,11.300967362806256,7110.568664677697
48317,TX,4290.25,1.75,15.75,0.0,98.0,1,40.7901637433716,367.1114736903444,0.0,2284.24916962881
48319,TX,3932.25,3.75,6.25,0.0,180.5,1,95.36524890329964,158.9420815054994,0.0,4590.247313878823
48321,TX,38085.0,122.75,235.25,1.0,3252.25,1,322.3053695680714,617.6972561375869,2.625705658395694,8539.451227517397
48323,TX,52284.25,60.5,241.0,0.5,2215.75,1,115.71362312742366,460.94187063981985,0.9563109349373855,4237.891908175024
48325,TX,43675.0,54.0,98.25,1.75,1596.5,1,123.6405266170578,224.95706926159133,4.006868918145392,3655.4092730394964
48327,TX,2220.75,1.25,4.5,0.0,118.75,1,56.28729032984352,202.6342451874367,0.0,5347.292581335134
48329,TX,124091.5,124.0,650.75,1.75,6197.5,1,99.92626408738712,524.4114222166708,1.4102496947816732,4994.29856194824
48331,TX,25512.25,38.25,123.0,0.75,1325.0,1,149.92797577634275,482.12133386902366,2.9397642309086813,5193.583474605337
48333,TX,5201.75,2.5,7.5,0.0,82.5,1,48.06074878646609,144.18224635939828,0.0,1586.004709953381
48335,TX,9436.75,4.0,31.25,0.0,397.0,1,42.38747450128487,331.15214454128807,0.0,4206.956844252523
48337,TX,19920.25,19.75,79.0,0.75,680.0,1,99.14534205143006,396.58136820572025,3.765012989294813,3413.6117769606303
48339,TX,399793.75,322.25,1157.25,12.0,16069.0,1,80.60406146919505,289.4617537167602,3.0015476730189,4019.3224631450594
48341,TX,20580.5,33.5,95.0,0.0,1092.0,1,162.77544277349918,461.6020018949977,0.0,5305.993537571973
48343,TX,13163.75,26.75,100.25,0.25,948.25,1,203.20957174057546,761.5611053081379,1.8991548760801442,7203.494444971988
48345,TX,1296.75,0.25,0.0,0.0,10.0,1,19.2789666473877,0.0,0.0,771.158665895508
48347,TX,61897.0,162.0,371.5,7.75,3555.0,1,261.7251239963164,600.1906392878492,12.520800685008966,5743.4124432524995
48349,TX,49767.75,93.5,338.0,1.0,2315.75,1,187.87266854539334,679.1546734582133,2.009333353426667,4653.113713197804
48351,TX,14232.75,15.25,62.5,1.25,625.5,1,107.14724842353024,439.12806730955015,8.782561346191004,4394.793697633978
48353,TX,14958.0,29.5,113.75,0.25,1345.5,1,197.21887952934884,760.4626286936756,1.671346436689397,8995.186522262335
48355,TX,323959.5,739.25,2811.0,14.5,24216.0,1,228.19210425994606,867.7010552244957,4.475868125490995,7475.008450130341
48357,TX,9559.5,16.25,45.25,0.0,946.75,1,169.98797008211727,473.35111669020347,0.0,9903.760656938124
48359,TX,2134.5,4.0,8.5,0.0,216.5,1,187.3975169829,398.2197235886624,0.0,10142.890606699462
48361,TX,85039.25,103.75,301.75,1.25,4301.5,1,122.00248708684519,354.8361491899329,1.4699094829740385,5058.252512810261
48363,TX,30042.75,33.75,133.75,1.25,1547.75,1,112.33991562024117,445.1989248654001,4.1607376155644875,5151.825315591948
48365,TX,23015.25,51.75,128.5,1.5,1795.0,1,224.85091406784633,558.3254581201595,6.517417799068009,7799.176632884718
48367,TX,102622.75,60.75,273.25,1.5,1996.75,1,59.1974001866058,266.2664954895479,1.4616642021384147,1945.7186637465863
48369,TX,9788.5,8.0,24.5,0.0,432.0,1,81.72855902334372,250.29371200899013,0.0,4413.342187260561
48371,TX,16112.5,11.25,51.0,0.5,1027.25,1,69.82156710628394,316.52443754848724,3.1031807602792862,6375.484871993794
48373,TX,47473.75,49.5,152.0,1.0,1386.0,1,104.26814818715606,320.17693988783276,2.106427236104163,2919.5081492403697
48375,TX,201818.75,316.25,1607.75,5.5,11402.0,1,156.7000092905144,796.6306401164412,2.7252175528785108,5649.623734167415
48377,TX,7769.0,6.0,15.25,0.0,164.5,1,77.23001673317029,196.29295919680783,0.0,2117.389625434419
48379,TX,11561.5,27.5,81.0,0.25,701.0,1,237.85840937594602,700.6011330709683,2.162349176144964,6063.227089910479
48381,TX,32749.25,29.75,93.0,1.0,2734.25,1,90.84177500248097,283.9759689153187,3.0535050421002006,8349.046161362474
48383,TX,3050.5,0.5,8.25,0.0,116.25,1,16.390755613833797,270.44746762825764,0.0,3810.850680216358
48385,TX,3043.75,0.75,8.0,0.25,128.5,1,24.640657084188913,262.8336755646817,8.213552361396303,4221.7659137577
48387,TX,13530.5,16.75,51.0,0.5,705.75,1,123.79439045120284,376.92620376187136,3.6953549388418763,5215.993496175308
48389,TX,11556.25,12.5,37.25,0.0,758.75,1,108.1665765278529,322.33639805300163,0.0,6565.711195240671
48391,TX,7620.75,22.75,56.25,0.0,694.5,1,298.5270478627432,738.1163271331562,0.0,9113.276252337368
48393,TX,843.5,1.5,5.0,0.0,27.25,1,177.83046828689982,592.7682276229993,0.0,3230.586840545347
48395,TX,16270.5,32.0,77.5,0.75,944.5,1,196.67496389170583,476.32217817522513,4.609569466211855,5804.98448111613
48397,TX,60664.75,68.0,190.75,0.25,2512.0,1,112.09145343877623,314.43301093303774,0.41210093176020673,4140.790162326557
48399,TX,10813.5,16.0,35.5,0.0,501.25,1,147.96319415545383,328.2933370324132,0.0,4635.409441901326
48401,TX,46537.5,59.5,157.25,3.25,1464.0,1,127.85388127853881,337.8995433789954,6.983615363953801,3145.850120870266
48403,TX,10460.75,10.5,55.0,1.25,410.75,1,100.37521210238272,525.7749205362904,11.949430012188419,3926.5827020051142
48405,TX,8926.5,20.5,34.75,0.5,302.25,1,229.65327956085812,389.29031535316193,5.601299501484345,3385.985548647286
48407,TX,25205.25,40.25,118.25,1.75,1225.25,1,159.68895369020342,469.1482925184238,6.942997986530584,4861.090447426627
48409,TX,70990.5,116.25,374.5,2.0,4437.0,1,163.75430515350646,527.5353744515111,2.817278368232369,6250.1320599235105
48411,TX,6084.0,2.0,3.25,0.0,101.75,1,32.87310979618672,53.41880341880342,0.0,1672.4194608809994
48413,TX,2799.75,2.75,4.0,0.0,150.75,1,98.22305562996696,142.86989909813374,0.0,5384.409322260916
48415,TX,16299.75,31.25,75.0,1.0,1122.0,1,191.72073191306615,460.1297565913587,6.135063421218117,6883.541158606728
48417,TX,3216.25,1.0,8.0,0.0,86.0,1,31.092110376991837,248.7368830159347,0.0,2673.921492421298
48419,TX,26776.25,48.5,135.75,2.0,1388.25,1,181.13066616871296,506.9791326268615,7.469305821390225,5184.63190327249
48421,TX,3001.5,2.0,7.0,0.0,70.5,1,66.63334999167084,233.2167249708479,0.0,2348.825587206397
48423,TX,196183.75,216.25,1143.75,4.25,6159.75,1,110.22829362778516,582.9993564706557,2.1663364065576274,3139.786042421964
48425,TX,7791.0,9.75,16.75,0.25,532.5,1,125.14439738159413,214.99165704017457,3.208830702092157,6834.8093954562955
48427,TX,62345.25,93.5,134.75,2.75,2125.25,1,149.97132901063034,216.13515063296722,4.410921441489127,3408.8402885544606
48429,TX,9659.75,8.0,35.25,0.5,380.25,1,82.81787830948005,364.9162763011465,5.176117394342503,3936.437278397474
48431,TX,1281.0,0.0,0.25,0.0,97.5,1,0.0,19.516003122560498,0.0,7611.241217798595
48433,TX,1395.0,2.0,2.0,0.0,29.5,1,143.36917562724014,143.36917562724014,0.0,2114.695340501792
48435,TX,4287.0,9.0,14.5,0.0,374.25,1,209.9370188943317,338.2318637742011,0.0,8729.881035689294
48437,TX,7851.75,15.5,42.0,0.25,260.25,1,197.40822109720764,534.912599102111,3.1840035660839945,3314.5477122934376
48439,TX,1652464.75,3832.75,11531.5,59.0,91841.0,1,231.94140752472933,697.836368370339,3.570424119485756,5557.819009452395
48441,TX,132573.5,114.75,496.0,5.5,4616.25,1,86.55575963522122,374.13208522065116,4.1486420740193175,3482.0307225803044
48443,TX,972.25,1.25,4.0,0.0,19.75,1,128.5677552069941,411.41681666238105,0.0,2031.3705322705066
48445,TX,12503.5,6.0,24.0,0.0,522.75,1,47.9865637621466,191.9462550485864,0.0,4180.8293677770225
48447,TX,1655.75,2.0,0.0,0.0,8.75,1,120.79118224369621,0.0,0.0,528.4614223161709
48449,TX,30040.5,65.5,202.5,1.0,2392.25,1,218.0389807093757,674.0899785289859,3.32883940014314,7963.416054992427
48451,TX,105636.5,95.0,661.0,3.75,5870.0,1,89.9310370941862,625.7306896763903,3.549909358981034,5556.791449924978
48453,TX,944223.25,1418.5,5872.75,33.5,66372.5,1,150.22930223334365,621.966256391166,3.547889760181186,7029.322779332113
48455,TX,14480.25,25.0,56.75,1.0,569.75,1,172.64895288410077,391.91312304690877,6.9059581153640295,3934.669636228656
48457,TX,20800.0,6.0,12.25,0.25,128.75,1,28.84615384615385,58.89423076923077,1.2019230769230769,618.9903846153845
48459,TX,35754.5,66.0,214.0,0.75,1837.25,1,184.5921492399558,598.5260596568264,2.0976380595449524,5138.514033198619
48461,TX,3114.0,3.25,7.0,0.25,189.0,1,104.36737315350034,224.79126525369298,8.028259473346179,6069.36416184971
48463,TX,27159.75,48.5,154.75,2.75,1255.0,1,178.5730722852751,569.7769677555942,10.125277294525906,4620.808365320005
48465,TX,48535.75,23.5,111.25,1.0,2145.25,1,48.41791875061166,229.21248770236372,2.0603369681111343,4419.937880840411
48467,TX,53237.0,38.0,126.75,1.75,1675.5,1,71.37892818904146,238.08629336739486,3.287187482390067,3147.2472152826044
48469,TX,87077.75,94.75,688.5,2.75,6287.0,1,108.81080413768156,790.6727034173482,3.1580972177163513,7219.9844391937095
48471,TX,63861.0,131.5,369.0,1.25,3723.5,1,205.91597375550023,577.8174472682858,1.9573761763830821,5830.632154209925
48473,TX,35091.0,50.5,136.25,2.0,1385.75,1,143.9115442706107,388.27619617565756,5.699467099826166,3949.018266792055
48475,TX,10385.0,14.75,19.0,0.5,658.0,1,142.03177660086664,182.956186807896,4.814636494944632,6336.061627347135
48477,TX,32133.5,50.25,118.0,1.25,1335.25,1,156.3788569561361,367.2180123547077,3.890021317316819,4155.320771157825
48479,TX,232449.0,655.5,2030.5,24.5,8544.5,1,281.99734135229664,873.5249452568089,10.539946396844039,3675.860081136077
48481,TX,41839.75,55.75,219.75,0.5,2687.0,1,133.24649406365955,525.2182434168465,1.1950358211987404,6422.122503122031
48483,TX,4835.5,7.5,20.0,0.5,196.75,1,155.1028849136594,413.6076931030917,10.340192327577293,4068.8656809016647
48485,TX,127677.25,211.25,1025.75,4.5,6622.25,1,165.45625786896255,803.3929302205365,3.524512001942398,5186.711023302899
48487,TX,14206.5,45.0,86.0,1.25,1061.0,1,316.75641431738995,605.3567029176785,8.798789286594165,7468.4123464611275
48489,TX,20703.75,86.0,67.5,1.0,843.25,1,415.383686530218,326.0278934975548,4.830042866630441,4072.93364728612
48491,TX,345939.75,246.25,1101.0,2.25,12691.5,1,71.18291552213934,318.2635126492402,0.6504022738063492,3668.7024257836806
48493,TX,38967.75,43.75,54.75,1.0,800.5,1,112.27232775821031,140.50079873741748,2.5662246344733783,2054.2628198959396
48495,TX,6681.0,11.0,30.25,0.0,539.25,1,164.6460110761862,452.77653045951206,0.0,8071.39649753031
48497,TX,58022.5,52.75,278.25,1.0,1571.75,1,90.91300788487224,479.5553449093024,1.7234693437890474,2708.8629411004354
48499,TX,42834.75,101.5,109.75,1.0,1824.25,1,236.95714344078112,256.21720682389883,2.3345531373475974,4258.808560806355
48501,TX,7503.5,9.0,17.5,0.0,357.0,1,119.94402612114347,233.22449523555676,0.0,4757.779702805358
48503,TX,18106.25,37.5,111.25,0.0,1121.5,1,207.11080428028995,614.4287193648603,0.0,6193.993786675871
48505,TX,13683.5,53.0,70.5,0.0,695.25,1,387.32780355903094,515.2190594511638,0.0,5080.9368948003075
48507,TX,11947.5,14.5,50.75,0.0,999.75,1,121.36430215526262,424.77505754341917,0.0,8367.859384808538
48777,TX,0.0,0.0,0.0,0.0,0.0,1,,,,
49001,UT,6328.25,12.25,37.25,0.25,386.25,1,193.5764231817643,588.6303480425078,3.950539248607435,6103.583139098487
49003,UT,48026.0,42.5,152.75,0.75,1332.5,1,88.49373256152917,318.056885853496,1.5616541040269856,2774.538791487944
49005,UT,104034.5,29.0,574.0,0.75,5410.5,1,27.875368267257496,551.7400477726138,0.7209146965670042,5200.678621034369
49007,UT,19977.0,24.75,217.5,0.25,1320.0,1,123.89247634779997,1088.7520648746058,1.2514391550282826,6607.598738549332
49009,UT,959.25,0.5,1.5,0.0,45.5,1,52.12405525149857,156.3721657544957,0.0,4743.28902788637
49011,UT,283082.25,128.0,1646.0,3.25,10759.75,1,45.21654042243906,581.4564494948023,1.1480762216634919,3800.927115705771
49013,UT,16055.25,8.25,88.0,0.75,1148.75,1,51.38506096136777,548.1073169212563,4.671369178306161,7154.980458105604
49015,UT,10865.5,1.25,20.0,0.25,286.25,1,11.50430260917583,184.0688417468133,2.3008605218351663,2634.4852975012654
49017,UT,4584.25,4.0,14.5,0.0,192.25,1,87.25527621748377,316.3003762883787,0.0,4193.706713202814
49019,UT,9241.0,12.75,61.75,0.25,748.25,1,137.97208094362082,668.2177253543989,2.7053349204631534,8097.067416946217
49021,UT,41217.75,23.0,256.75,0.25,2008.25,1,55.80120215198549,622.911245761838,0.6065348059998423,4872.294096596734
49023,UT,9600.0,8.75,41.0,0.0,508.5,1,91.14583333333333,427.0833333333333,0.0,5296.875
49025,UT,6543.25,10.5,19.25,0.0,313.0,1,160.47071409467773,294.1963091735758,0.0,4783.555572536583
49027,UT,12514.25,11.25,67.0,1.0,453.75,1,89.89751683081288,535.3896557923966,7.990890384961144,3625.866512176119
49029,UT,8274.5,1.25,9.5,0.0,197.0,1,15.106652969967973,114.8105625717566,0.0,2380.8085080669525
49031,UT,1388.75,1.0,4.25,0.0,58.25,1,72.007200720072,306.0306030603061,0.0,4194.419441944195
49033,UT,2116.75,2.25,4.25,0.0,58.5,1,106.29502775481279,200.77949687020194,0.0,2763.670721625133
49035,UT,998628.5,1079.0,8660.25,22.75,60577.0,1,108.0481880899654,867.2143845283807,2.278124447679993,6066.019545807074
49037,UT,14561.5,10.0,41.5,0.0,483.25,1,68.67424372489097,284.99811145829756,0.0,3318.6828280053564
49039,UT,24828.0,14.5,116.0,0.0,908.25,1,58.40180441437087,467.214435314967,0.0,3658.1681971967137
49041,UT,20073.5,19.75,124.75,0.25,969.0,1,98.38842254713926,621.4661120382594,1.2454230702169529,4827.259820160908
49043,UT,36218.25,10.5,160.5,0.25,1690.75,1,28.990909279161748,443.14675612432956,0.6902597447419464,4668.226653689783
49045,UT,54607.25,47.0,330.0,0.75,2595.75,1,86.06915748366745,604.3153610555376,1.373444002398949,4753.489692302762
49047,UT,28561.5,35.5,158.5,0.25,3217.75,1,124.29319188417975,554.9428426378166,0.8753041681984489,11266.039948882237
49049,UT,466672.0,259.5,3205.25,6.0,19613.0,1,55.60650735420167,686.8314362121577,1.2856995920046628,4202.737682997908
49051,UT,20334.25,3.75,14.0,0.0,383.75,1,18.441791558577275,68.84935515202184,0.0,1887.2100028277414
49053,UT,128317.0,93.0,643.25,2.25,6971.5,1,72.476756782032,501.297567742388,1.7534699221459353,5433.029138773506
49055,UT,2562.75,1.25,6.5,0.0,57.75,1,48.7757291971515,253.63379182518779,0.0,2253.438688908399
49057,UT,220177.5,197.75,1248.25,8.25,12980.25,1,89.81390014874363,566.928955047632,3.746976870933678,5895.3571550226525
49777,UT,0.0,0.0,0.0,0.0,0.0,1,,,,
50001,VT,36918.25,10.25,49.5,0.25,582.5,0,27.764046237294565,134.08002817034935,0.6771718594462088,1577.8104325096665
50003,VT,36762.5,34.5,110.75,0.75,1217.75,0,93.84563073784427,301.25807548452906,2.0401224073444406,3312.4787487249237
50005,VT,30624.5,26.25,84.75,1.0,927.0,0,85.71568515404333,276.7392120687685,3.265359434439746,3026.988195725645
50007,VT,150241.0,137.75,587.5,2.75,4569.5,0,91.68602445404383,391.0383983067206,1.8303925027123091,3041.4467422341436
50009,VT,6575.25,2.75,10.25,0.0,127.75,0,41.82350480970305,155.88760883616592,0.0,1942.8919052507508
50011,VT,47998.0,61.0,157.25,0.0,1280.25,0,127.0886286928622,327.6178174090587,0.0,2667.298637443227
50013,VT,7715.75,0.75,4.5,0.0,75.75,0,9.720377150633444,58.32226290380067,0.0,981.7580922139779
50015,VT,24598.25,13.5,81.75,0.0,675.25,0,54.88195298446028,332.34071529478723,0.0,2745.113981685689
50017,VT,29249.25,11.5,27.0,0.25,360.5,0,39.31724745078934,92.310059232288,0.8547227706693334,1232.5102353051789
50019,VT,27548.75,13.5,57.75,0.5,543.5,0,49.00403829574845,209.62838604292392,1.8149643813240166,1972.866282499206
50021,VT,63479.25,36.25,301.0,2.25,1681.75,0,57.10527455822178,474.17069357309674,3.5444653174068694,2649.290910021779
50023,VT,59253.75,33.25,134.25,0.0,1456.75,0,56.11459190346602,226.56793873805458,0.0,2458.494188131553
50025,VT,43857.25,57.75,148.25,2.0,1863.75,0,131.67720274299006,338.02849015841167,4.560249445644677,4249.5824521601335
50027,VT,57548.75,33.5,88.75,0.25,1311.75,0,58.21151632311736,154.21707682616912,0.43441430091878624,2279.3718369208714
51001,VA,39372.75,25.5,112.75,0.75,1270.5,1,64.7656056536564,286.36557009606895,1.904870754519306,3226.851058155704
51003,VA,92111.0,43.25,505.5,1.5,3449.75,1,46.95421828011855,548.7943893780331,1.6284699981544006,3745.2095840887628
51005,VA,16642.25,9.5,26.0,0.0,590.75,1,57.08362751430847,156.2288753023179,0.0,3549.7003109555494
51007,VA,12480.25,6.0,16.75,0.25,275.5,1,48.075960016826585,134.2120550469742,2.0031650007011077,2207.487830772621
51009,VA,32313.5,24.0,61.5,0.25,743.25,1,74.27236294428025,190.32293004471813,0.7736704473362527,2300.122239930679
51011,VA,14147.0,3.25,26.0,0.25,202.0,1,22.973068495087297,183.78454796069838,1.7671591150067152,1427.8645649254258
51013,VA,198330.25,134.75,688.5,2.25,5319.75,1,67.94223271538254,347.1482539854611,1.1344714182531408,2682.2685898898426
51015,VA,70750.25,21.5,109.75,1.25,1259.75,1,30.388585199345588,155.1231267734036,1.7667782092642783,1780.5590792965395
51017,VA,4846.0,1.25,3.75,0.0,72.5,1,25.794469665703673,77.38340899711102,0.0,1496.079240610813
51019,VA,66299.75,43.5,117.75,1.0,1707.25,1,65.61110713087153,177.60247964735916,1.5083013133533685,2575.0474172225386
51021,VA,6975.25,2.0,13.5,0.0,204.0,1,28.672807426257123,193.54145012723558,0.0,2924.6263574782265
51023,VA,32261.0,16.0,97.5,0.25,956.75,1,49.59548681070022,302.2224977527045,0.774929481417191,2965.65512538359
51025,VA,18013.75,19.0,31.5,1.75,659.5,1,105.47498438692666,174.86642148358894,9.714801193532718,3661.092221219901
51027,VA,24516.0,36.0,106.75,1.0,1656.5,1,146.84287812041114,435.4299233153859,4.078968836678088,6756.811877957252
51029,VA,16102.0,12.5,31.75,0.75,512.75,1,77.63010806111042,197.18047447522045,4.657806483666626,3184.3870326667493
51031,VA,52730.75,33.75,130.75,1.25,1643.75,1,64.00439970984672,247.95778554259138,2.370533322586916,3117.2513192017936
51033,VA,26372.75,53.5,66.5,1.75,1211.25,1,202.8609075655743,252.1542122076765,6.635637163359907,4592.80886521125
51035,VA,29511.25,37.0,92.5,1.75,1250.75,1,125.37591596425092,313.4397899106273,5.929941971282138,4238.214240332077
51036,VA,7207.5,2.75,3.0,0.0,68.75,1,38.15469996531391,41.62330905306972,0.0,953.8674991328478
51037,VA,12464.25,16.5,26.25,0.25,559.75,1,132.3786028040195,210.60232264275828,2.0057364061215073,4490.843813306055
51041,VA,296022.75,333.75,1944.0,8.25,15032.5,1,112.74471303303548,656.70628355422,2.78694796261436,5078.15699975762
51043,VA,14436.25,13.75,22.5,0.0,536.0,1,95.24634167460385,155.85765001298813,0.0,3712.8755736427397
51045,VA,5181.25,4.5,9.25,0.25,174.25,1,86.85162846803378,178.52834740651386,4.8250904704463204,3363.0880579010854
51047,VA,44278.25,54.25,165.0,0.25,2612.75,1,122.52065065805446,372.6434536143592,0.5646112933550896,5900.752626854042
51049,VA,8991.5,8.0,19.25,0.25,288.5,1,88.9729188678196,214.09108602569094,2.7804037146193625,3208.5858866707445
51051,VA,16255.25,23.25,88.0,1.75,868.5,1,143.0307131542117,541.3635594654036,10.765752603005184,5342.889220405716
51053,VA,25692.0,26.25,55.5,1.5,535.5,1,102.1718822979916,216.02055114432508,5.838393274170948,2084.3063988790286
51057,VA,10681.0,12.75,45.0,0.0,639.25,1,119.3708454264582,421.30886621102894,0.0,5984.926505008894
51059,VA,1014580.5,175.75,866.0,4.25,6765.5,1,17.322430304938838,85.3554745039945,0.4188923402332294,666.827324199509
51061,VA,66263.75,33.75,123.0,1.75,2067.25,1,50.932825262681334,185.6218520684386,2.64096130991681,3119.729867386014
51063,VA,14755.5,3.75,7.0,0.0,175.25,1,25.41425231269696,47.43993765036766,0.0,1187.6927247467045
51065,VA,25180.0,7.25,11.0,0.0,256.5,1,28.792692613185068,43.68546465448769,0.0,1018.6656076250993
51067,VA,50996.75,22.25,131.0,1.0,2841.5,1,43.63023133827156,256.8791148455539,1.9609092736301823,5571.923701020163
51069,VA,71174.5,33.0,278.25,1.0,2778.5,1,46.36492002051297,390.9405756275071,1.4049975763791807,3903.7857659695537
51071,VA,17298.5,10.25,66.75,0.5,648.75,1,59.2536925166922,385.8716073648004,2.8904240252044975,3750.3251727028355
51073,VA,38332.5,12.0,66.5,0.5,1074.5,1,31.30502837018196,173.4820322180917,1.304376182090915,2803.104415313376
51075,VA,20040.25,39.25,22.25,1.5,456.75,1,195.85584012175497,111.02655904991205,7.484936565162609,2279.163184092015
51077,VA,16298.5,13.0,37.75,0.75,452.5,1,79.76194128294014,231.61640641776853,4.601650458631163,2776.3291100408014
51079,VA,17756.0,10.5,17.75,0.25,337.25,1,59.13494030186978,99.9662086055418,1.4079747690921378,1899.357963505294
51081,VA,11420.75,11.75,23.5,0.0,303.5,1,102.88291049186788,205.76582098373575,0.0,2657.4436880239914
51083,VA,36154.25,25.25,132.0,1.25,1434.5,1,69.83964540821619,365.1023047082985,3.457408188525554,3967.7216371519253
51085,VA,99151.25,45.0,469.75,1.75,2218.75,1,45.38520694393666,473.7711324869833,1.7649802700419812,2237.742842374655
51087,VA,285746.0,398.0,1947.25,11.75,16343.5,1,139.2845394161248,681.4618577337916,4.112043563164488,5719.59012549607
51089,VA,56425.75,89.25,246.75,4.75,2423.0,1,158.17246558530456,437.3003460299597,8.418142426108647,4294.13875757079
51091,VA,2486.5,0.5,1.5,0.0,41.25,1,20.108586366378443,60.32575909913533,0.0,1658.9583752262215
51093,VA,34499.75,23.25,79.75,1.0,805.75,1,67.39179269414996,231.1610953702563,2.8985717287806434,2335.5241704650034
51095,VA,59644.75,38.25,211.0,1.25,1590.75,1,64.12970127295361,353.7612279370775,2.0957418716651506,2667.041105881071
51097,VA,6888.75,4.25,6.0,0.0,101.5,1,61.69479223371439,87.09853021230266,0.0,1473.4168027581202
51099,VA,21599.25,13.25,59.0,0.0,872.0,1,61.34472261768349,273.15763278817553,0.0,4037.1772168015095
51101,VA,15269.25,11.75,31.5,0.75,383.25,1,76.95204414100235,206.2969693992829,4.911832604744831,2509.946461024608
51103,VA,11766.5,7.25,15.5,0.75,210.75,1,61.615603620447885,131.72991118854375,6.3740279607359875,1791.1018569668126
51105,VA,23810.75,19.25,98.5,0.5,905.5,1,80.84583643942337,413.67869554717936,2.0998918555694384,3802.904150436252
51107,VA,270227.5,113.25,498.75,0.75,6945.0,1,41.90913212015801,184.5667076814906,0.2775439213255498,2570.056711474591
51109,VA,31056.25,11.5,35.0,1.75,512.75,1,37.02958341718656,112.69873213926344,5.634936606963172,1651.0364258402094
51111,VA,13191.25,7.25,27.75,0.0,434.5,1,54.9606746896617,210.36672036387756,0.0,3293.8500900217946
51113,VA,13603.75,5.75,14.5,0.0,368.25,1,42.26775705228338,106.58825691445372,0.0,2706.974179913627
51115,VA,9198.5,4.0,24.75,0.0,175.5,1,43.48535087242485,269.0656085231288,0.0,1907.9197695276405
51117,VA,32519.25,42.5,116.75,1.25,1048.0,1,130.69182099833176,359.0181200365937,3.8438770881862285,3222.706550735334
51119,VA,10651.75,4.75,11.5,0.25,211.0,1,44.593611378412,107.96348017931327,2.347032177811158,1980.895158072617
51121,VA,86086.25,63.25,278.5,1.0,4454.5,1,73.47282521889383,323.512756102165,1.161625695160377,5174.4616590918995
51125,VA,15220.5,6.75,12.0,0.25,237.25,1,44.34808317729378,78.8410367596334,1.6425215991590287,1558.7529976019184
51127,VA,16737.0,11.75,28.0,0.0,552.5,1,70.20374021628726,167.2940192388122,0.0,3301.069486765848
51131,VA,13557.75,19.75,53.25,1.5,453.25,1,145.67313897955043,392.7642861094208,11.06378270730763,3343.1063413914553
51133,VA,12922.75,9.75,40.75,0.5,632.5,1,75.4483372347217,315.3353581861446,3.8691454992164984,4894.4690565088695
51135,VA,15693.5,20.75,53.5,1.0,731.0,1,132.2203460031223,340.90547041768883,6.372064867620352,4657.979418230478
51137,VA,31463.75,9.5,40.25,0.5,667.5,1,30.193476619919746,127.92499304755472,1.5891303484168289,2121.4890151364666
51139,VA,24122.5,11.25,25.75,0.0,737.25,1,46.63695719763706,106.74681314125816,0.0,3056.275261685149
51141,VA,19196.25,13.0,58.75,0.25,560.25,1,67.72156020056,306.04935859868465,1.3023376961646156,2918.5387771049036
51143,VA,61729.0,30.5,87.5,2.5,1605.0,1,49.40951578674529,141.74861086361355,4.0499603103889585,2600.074519269711
51145,VA,27484.0,10.5,33.0,1.0,374.25,1,38.20404599039441,120.06985882695386,3.638480570513753,1361.701353514772
51147,VA,21344.75,6.5,19.25,0.0,436.75,1,30.452453179353235,90.18611133885382,0.0,2046.1706040126965
51149,VA,36139.75,16.5,47.25,0.25,524.25,1,45.65609889387724,130.74246501428482,0.6917590741496552,1450.618778491827
51153,VA,358040.0,367.25,1357.0,14.0,10312.75,1,102.572338286225,379.00793207462857,3.9101776337839347,2880.334599486091
51155,VA,35242.5,46.5,291.75,0.25,3442.5,1,131.9429665886359,827.8357097254735,0.7093707881109456,9768.03575228772
51157,VA,7256.25,2.25,3.75,0.25,102.5,1,31.007751937984498,51.67958656330749,3.445305770887166,1412.575366063738
51159,VA,9170.75,8.5,30.25,0.25,429.25,1,92.68598533380585,329.853065452662,2.7260583921707604,4680.642259357195
51161,VA,89911.75,34.5,197.0,0.25,2241.25,1,38.370958189558095,219.10373227080996,0.27805042166346444,2492.722030212959
51163,VA,21425.25,7.0,71.75,0.0,806.5,1,32.67173078493833,334.8852405456179,0.0,3764.250125436109
51165,VA,72573.75,14.75,67.5,0.75,2266.5,1,20.324153016758814,93.00883583940474,1.0334315093267195,3123.030021185346
51167,VA,28757.5,30.0,108.75,0.25,1561.5,1,104.32061201425715,378.16221855168214,0.8693384334521429,5429.887855342085
51169,VA,22973.75,28.5,82.25,1.25,872.0,1,124.05462756406769,358.0173023559497,5.440992437020512,3795.636324065509
51171,VA,39950.0,18.25,66.5,0.0,2411.75,1,45.68210262828536,166.45807259073842,0.0,6036.921151439299
51173,VA,32927.5,46.25,185.5,2.25,1833.5,1,140.4601017386683,563.3588945410372,6.833194138637916,5568.29397919672
51175,VA,17757.25,6.75,21.5,0.75,376.5,1,38.01264272339467,121.07730645229412,4.223626969266074,2120.260738571569
51177,VA,119457.25,72.0,303.0,1.0,3633.5,1,60.272607983190646,253.64722526259393,0.8371195553220921,3041.6739042628224
51179,VA,120987.75,82.25,399.25,2.5,5228.5,1,67.9820890957969,329.9920859756463,2.066324896528781,4321.511888600292
51181,VA,7097.5,15.5,13.25,1.0,205.75,1,218.38675589996478,186.68545262416342,14.089468122578372,2898.9080662205
51183,VA,12152.75,14.5,34.5,0.25,582.0,1,119.3145584332764,283.8863631688301,2.057147559194421,4789.039517804612
51185,VA,44696.5,50.25,357.75,1.5,2022.5,1,112.42491022787019,800.398241473046,3.3559674694886623,4524.96280469388
51187,VA,36067.75,16.25,103.0,0.25,2126.5,1,45.05409957649146,285.5736773156074,0.6931399934844841,5895.848784579021
51191,VA,52129.75,56.75,365.0,1.25,2388.75,1,108.86298131105559,700.1760031459963,2.3978630244725903,4582.316239767119
51193,VA,17291.0,11.25,19.5,0.75,479.0,1,65.06274940720606,112.77543230582386,4.337516627147071,2770.2272858712627
51195,VA,42206.0,42.25,228.25,1.25,3066.0,1,100.1042505804862,540.799886272094,2.9616642183575794,7264.369994787471
51197,VA,28597.0,25.5,100.75,0.5,1346.5,1,89.17019267755359,352.3096828338637,1.7484351505402662,4708.535860404937
51199,VA,62082.0,28.5,236.0,2.0,1319.0,1,45.90702619116652,380.14239231983504,3.2215456976257206,2124.609387584163
51510,VA,136361.25,168.75,591.0,3.75,5254.0,1,123.7521656628991,433.4075846327311,2.7500481258422025,3853.0007608466485
51515,VA,6267.0,10.75,42.0,1.0,818.75,1,171.53342907292165,670.1771182383916,15.956598053295037,13064.464656135311
51520,VA,17528.25,47.25,169.75,1.5,2053.0,1,269.5648453211245,968.4366665240398,8.557614137178554,11712.521215751714
51530,VA,6438.0,4.75,9.0,0.25,232.25,1,73.78067722895308,139.79496738117427,3.883193538365952,3607.48679714197
51540,VA,39863.5,69.5,172.5,3.0,3335.0,1,174.34495214920918,432.72667979479974,7.525681387735648,8366.049142699463
51550,VA,220719.5,267.75,938.75,5.75,10060.5,1,121.30781376362306,425.31357673427135,2.605116448705257,4558.047657773781
51560,VA,0.0,0.0,0.0,0.0,0.0,1,,,,
51570,VA,17774.0,28.5,444.0,0.0,2602.0,1,160.34657364689997,2498.0308315517045,0.0,14639.36086418364
51580,VA,6192.5,7.25,31.0,0.0,327.25,1,117.07710940654016,500.60557125555107,0.0,5284.618490109003
51590,VA,45785.0,46.0,362.0,2.75,4737.75,1,100.46958610898766,790.6519602489899,6.006333952167741,10347.82133886644
51595,VA,5649.75,23.0,84.0,0.5,903.0,1,407.09765918845966,1486.791450949157,8.8499491127926,15983.008097703438
51600,VA,22633.0,13.0,50.5,0.5,541.5,1,57.43825387708214,223.12552467635754,2.209163610657005,2392.5241903415367
51610,VA,10908.75,3.75,35.25,0.0,556.75,1,34.376074252320386,323.1350979718116,0.0,5103.701157327833
51620,VA,8771.0,28.75,94.0,0.75,652.5,1,327.78474518298935,1071.7136016417742,8.550906396077984,7439.288564587847
51630,VA,21488.25,63.25,294.5,1.75,2418.75,1,294.34691052086606,1370.516445033914,8.143985666585227,11256.151617744581
51640,VA,6733.75,15.75,89.0,0.5,696.25,1,233.8964173009096,1321.7003898273622,7.425283088917764,10339.706701317988
51650,VA,146368.5,267.75,1005.75,9.25,10141.25,1,182.92870392195042,687.1355517068222,6.319665775081386,6928.5741125993645
51660,VA,41928.75,48.0,156.75,1.0,3741.75,1,114.4799212950541,373.84849297916105,2.3849983603136273,8924.067614703516
51670,VA,22846.0,51.0,87.5,0.25,1191.25,1,223.23382649041406,382.9992121159065,1.0942834631883043,5214.260702092271
51678,VA,6897.75,3.75,17.0,0.0,264.25,1,54.36555398499511,246.45717806531115,0.0,3830.959370809322
51680,VA,68311.5,70.25,526.25,3.75,6242.75,1,102.8377359595383,770.3680932200289,5.489558859050087,9138.651617955982
51683,VA,37031.5,54.5,97.0,1.25,1929.5,1,147.17200221433103,261.9391599044057,3.3755046379433726,5210.42895912939
51685,VA,11691.75,11.0,23.0,0.25,526.0,1,94.08343490067783,196.7199093377809,2.138259884106314,4498.898796159685
51690,VA,14904.0,31.25,142.5,1.25,1569.25,1,209.67525496511007,956.1191626409019,8.387010198604402,10529.052603327966
51700,VA,180522.0,463.5,1200.25,14.25,10824.75,1,256.7554093129923,664.8774110634714,7.893774719978728,5996.360554392262
51710,VA,234625.75,289.75,976.5,27.25,16139.0,1,123.49454397055737,416.19472713459623,11.614240977386327,6878.6141333591895
51720,VA,3703.5,5.5,149.75,0.25,705.75,1,148.50816794923722,4043.4723909815043,6.750371270419873,19056.2980963953
51730,VA,32761.5,181.5,350.0,11.0,4225.25,1,554.0039375486471,1068.3271522976665,33.57599621506952,12896.998000702042
51735,VA,11896.75,2.0,26.0,0.25,293.75,1,16.811314014331646,218.54708218631137,2.101414251791456,2469.1617458549604
51740,VA,101239.25,193.25,426.25,9.5,7955.0,1,190.88446427645405,421.0323565218036,9.383712344767469,7857.6243897500235
51750,VA,15032.25,25.75,84.25,0.5,1972.0,1,171.2983751600725,560.4616740674217,3.3261820419431554,13118.461973423806
51760,VA,195609.5,673.75,1008.0,51.5,15355.0,1,344.43623648135696,515.3123953591211,26.327964643843984,7849.823244781057
51770,VA,92529.0,369.0,1119.75,8.75,9001.75,1,398.7938916447816,1210.1611386700386,9.45649472057409,9728.571582963179
51775,VA,24891.25,28.0,206.5,0.25,1767.0,1,112.48932857932003,829.6087982724854,1.0043690051725003,7098.8801285592335
51780,VA,0.0,0.0,0.0,0.0,0.0,1,,,,
51790,VA,23677.5,24.0,181.25,0.5,1895.75,1,101.36205258156478,765.4946679336923,2.1117094287825995,8006.546299229227
51800,VA,81143.25,80.5,261.75,5.25,3134.75,1,99.20726616200362,322.5776635764527,6.470039097521975,3863.229535420383
51810,VA,439834.5,396.5,2189.5,17.75,29756.0,1,90.14754413307732,497.8008773754674,4.035608848328178,6765.271937512859
51820,VA,21515.5,59.5,226.0,0.75,1937.0,1,276.5448165276196,1050.4055216007064,3.485859031860752,9002.8119262857
51830,VA,11920.75,14.25,63.25,0.5,774.5,1,119.53945850722481,530.5874210934714,4.1943669651657824,6497.074429041796
51840,VA,25463.25,28.5,352.75,0.5,2522.5,1,111.92601101587582,1385.3298381000068,1.9636142283486988,9906.433782019185
53001,WA,16982.0,32.25,166.75,0.75,1248.0,1,189.90696031091744,981.9220350959839,4.4164409374631965,7348.957719938759
53003,WA,21300.75,19.75,102.0,1.0,1804.25,1,92.7197399152612,478.8563782965389,4.694670375456264,8470.359024916963
53005,WA,160610.0,261.0,1375.5,3.0,14415.75,1,162.50544797957787,856.4223896394994,1.8678787124089409,8975.624182803063
53007,WA,71048.75,76.75,426.0,1.25,3340.25,1,108.02441985256603,599.5883108429072,1.7593553721916289,4701.349425570471
53009,WA,70585.0,107.75,435.5,1.5,3549.0,1,152.6528299213714,616.9866118863781,2.1250974002975136,5027.980449103918
53011,WA,414869.5,434.0,2734.25,4.5,14228.0,1,104.61120906694755,659.062669104381,1.084678435025954,3429.5121718998384
53013,WA,4128.25,3.0,19.75,0.0,161.25,1,72.67001756192091,478.4109489493126,0.0,3906.013443953249
53015,WA,99842.75,226.5,935.25,5.0,7269.75,1,226.85673221140243,936.7229969126453,5.007874883253916,7281.199686507032
53017,WA,35645.0,34.75,236.5,0.5,1425.75,1,97.48912891008557,663.4871651002945,1.4027212792818067,3999.8597278720717
53019,WA,7582.5,7.75,21.25,0.5,200.0,1,102.2090339597758,280.25057698648203,6.594131223211343,2637.652489284537
53021,WA,66619.5,100.75,360.5,1.5,4423.25,1,151.2319966376211,541.1328514924309,2.2515930020489496,6639.572497542011
53023,WA,2234.75,1.25,8.5,0.0,218.0,1,55.934668307416935,380.35574449043514,0.0,9755.006152813514
53025,WA,82904.75,202.75,751.75,4.75,6103.75,1,244.55776056257332,906.7634846013046,5.729466646965343,7362.364641350465
53027,WA,71896.0,105.5,722.0,2.5,5563.5,1,146.73973517302773,1004.2283298097251,3.4772449093134523,7738.260821186158
53029,WA,81655.5,62.75,264.5,2.0,2579.5,1,76.84724237803944,323.92184237436544,2.449314498104843,3159.003373930721
53031,WA,29237.5,38.75,148.25,0.0,1053.25,1,132.53527148354,507.0542967079949,0.0,3602.39418554938
53033,WA,1850962.25,2423.25,13137.5,41.25,81687.0,1,130.9183912313717,709.7659609211371,2.2285705718741697,4413.218043749946
53035,WA,241619.5,498.25,975.75,4.0,9100.0,1,206.21266081586958,403.8374386173302,1.6554955208499316,3766.252309933594
53037,WA,37671.5,35.0,246.5,0.5,2511.0,1,92.90843210384509,654.3408146742232,1.3272633157692155,6665.516371793
53039,WA,20257.5,21.25,143.5,0.5,1127.25,1,104.89941996791312,708.3796124892015,2.468221646303838,5564.605701592003
53041,WA,73721.0,154.25,556.25,1.0,4373.75,1,209.23481775884756,754.5339862454389,1.3564655932502272,5932.841388478181
53043,WA,10447.5,6.0,31.5,0.0,286.75,1,57.4300071787509,301.5075376884422,0.0,2744.6757597511364
53045,WA,55984.25,131.75,367.75,2.0,3340.25,1,235.33404484296923,656.8811764022917,3.5724333182993426,5966.41019572469
53047,WA,40267.75,64.5,293.25,1.0,2313.25,1,160.17780978574666,728.2502747235692,2.483376895903049,5744.671604447728
53049,WA,21728.75,22.0,90.25,0.5,906.5,1,101.2483460852557,415.34832882701494,2.3010987746649025,4171.892078467468
53051,WA,12893.25,8.5,27.25,1.0,441.75,1,65.92596901479456,211.35090066507667,7.755996354681713,3426.211389680647
53053,WA,769638.25,1322.0,4289.0,28.0,31210.0,1,171.76900966135713,557.2747976078372,3.6380728218744327,4055.1518846678946
53055,WA,15441.5,5.5,25.5,0.25,269.0,1,35.61830133082926,165.1393970792993,1.6190136968558755,1742.0587378169218
53057,WA,115867.5,156.0,1309.0,4.0,5663.75,1,134.63654605476083,1129.7387101646277,3.4522191296092517,4888.126523831101
53059,WA,10838.5,9.5,21.5,0.5,600.0,1,87.6505051437007,198.36693269363843,4.613184481247405,5535.821377496886
53061,WA,656644.75,754.25,4135.75,11.0,22337.0,1,114.86423975825589,629.8306656681561,1.6751828138426448,3401.68713752756
53063,WA,450540.0,732.75,2598.75,10.5,16603.5,1,162.63816753229457,576.8078306032761,2.330536689306166,3685.244373418564
53065,WA,42418.25,56.75,237.0,1.75,1673.5,1,133.78675452193337,558.721776593801,4.125582738561822,3945.235835990405
53067,WA,235517.25,279.0,1382.75,4.5,9308.25,1,118.46266037837992,587.1119843663256,1.9106880706190312,3952.258274075466
53069,WA,3961.25,6.0,7.75,0.0,45.25,1,151.4673398548438,195.64531397917324,0.0,1142.3161880719472
53071,WA,58208.25,56.75,303.0,0.25,1878.25,1,97.49477093023755,520.544768138537,0.4294923829525883,3226.776273122796
53073,WA,188637.75,252.25,1595.0,2.5,10483.0,1,133.72190879079082,845.5359544947922,1.3252914647253797,5557.212169886462
53075,WA,40649.75,18.25,161.25,0.25,2325.5,1,44.895725065959816,396.68140640471347,0.6150099324104085,5720.822391281619
53077,WA,234242.5,535.5,2629.25,17.0,13906.5,1,228.60924042391963,1122.4478905407857,7.257436203933957,5936.796268823975
53777,WA,0.0,0.0,0.0,0.0,0.0,1,,,,
54001,WV,15619.25,11.75,29.0,0.75,316.0,0,75.22768378763385,185.66832594394737,4.801767050274501,2023.144517182323
54003,WV,96650.25,109.75,525.0,2.25,4659.25,0,113.5537673208295,543.1956978900727,2.327981562386026,4820.732486465374
54005,WV,25508.75,18.0,60.0,0.0,460.0,0,70.56402214926251,235.21340716420835,0.0,1803.3027882589308
54007,WV,14803.75,25.25,47.0,0.0,510.75,0,170.56489065270623,317.48712319513635,0.0,3450.139322806722
54009,WV,20452.25,21.25,41.0,0.0,521.75,0,103.90054883936975,200.4669412900781,0.0,2551.064063856055
54011,WV,97973.5,87.0,696.0,6.0,5197.5,0,88.79952231981096,710.3961785584877,6.12410498757317,5305.005945485259
54013,WV,7323.0,6.75,16.5,0.0,215.5,0,92.17533797623925,225.31749283080703,0.0,2942.783012426601
54015,WV,10273.5,12.25,30.75,0.0,410.75,0,119.238818318976,299.31376843334795,0.0,3998.15058159342
54017,WV,7396.0,9.75,16.0,0.0,180.5,0,131.82801514332073,216.3331530557058,0.0,2440.508382909681
54019,WV,47273.0,38.25,105.75,0.5,1062.25,0,80.9129947327227,223.70063249635098,1.0576862056565057,2247.0543439172466
54021,WV,6931.75,2.75,11.5,0.25,130.0,0,39.67252136906264,165.9032711797165,3.606592851732968,1875.4282829011433
54023,WV,11798.25,12.0,35.5,0.0,361.75,0,101.70999936431251,300.8920814527578,0.0,3066.132689170004
54025,WV,35001.0,17.25,51.0,0.0,640.75,0,49.28430616268106,145.71012256792662,0.0,1830.6619810862546
54027,WV,22298.5,22.0,54.5,0.75,710.5,0,98.66134493351571,244.41105903984572,3.3634549409153083,3186.3129806937686
54029,WV,34548.75,10.0,52.75,0.0,808.5,0,28.94460725786027,152.6828032852129,0.0,2340.171496798003
54031,WV,13443.75,20.0,31.5,0.5,354.25,0,148.7680148768015,234.30962343096235,3.7192003719200377,2635.0534635053464
54033,WV,68384.25,68.0,394.0,4.5,2540.25,0,99.43810160965427,576.1560593265262,6.580462606521239,3714.6711413812395
54035,WV,28390.0,13.5,30.0,1.0,406.75,0,47.551954913702005,105.67101091933779,3.522367030644593,1432.7227897146884
54037,WV,50107.0,30.5,81.5,0.25,1379.5,0,60.869738759055615,162.6519248807552,0.49893228491029196,2753.108348134991
54039,WV,193090.0,296.5,1159.5,8.0,12375.5,0,153.55533688953338,600.4971774820033,4.143145683360092,6409.187425552851
54041,WV,17157.75,9.75,29.75,1.5,367.0,0,56.82563273156445,173.39103320656847,8.7424050356253,2138.9750987163234
54043,WV,22404.0,36.75,85.25,1.0,998.75,0,164.03320835565077,380.51240849848244,4.463488662738796,4457.909301910373
54045,WV,36017.5,64.5,290.0,3.25,1606.5,0,179.0796140764906,805.1641563129035,9.023391406954952,4460.331783160963
54047,WV,23727.0,37.0,96.25,1.0,923.0,0,155.94048973742994,405.6560037088549,4.2146078307413495,3890.0830277742652
54049,WV,56576.0,40.25,141.0,0.25,1581.75,0,71.14324095022624,249.2222850678733,0.44188348416289597,2795.7968042986427
54051,WV,33546.75,22.75,68.75,0.5,990.0,0,67.8158092810779,204.9378851900706,1.490457346836877,2951.105546737016
54053,WV,25713.5,13.75,64.0,0.5,426.25,0,53.47385614560445,248.8964940595407,1.9445038598401616,1657.689540513738
54055,WV,61425.5,119.75,309.5,4.5,2886.25,0,194.95160804551855,503.86240242244673,7.325947692733474,4698.781450700442
54057,WV,26924.5,65.75,71.0,0.5,928.0,0,244.2013779271667,263.7003472673587,1.8570446990659066,3446.6749614663227
54059,WV,27025.25,28.75,49.0,0.0,559.5,0,106.381994616146,181.31192125882276,0.0,2070.2861213124766
54061,WV,85374.75,77.0,268.0,1.75,2588.25,0,90.19060085095418,313.91014322150284,2.0497863829762313,3031.6340604218462
54063,WV,13377.25,5.5,9.25,0.0,147.0,0,41.1145788558934,69.1472462576389,0.0,1098.8805621484237
54065,WV,16212.5,10.75,21.25,0.5,253.0,0,66.30686198920587,131.0717039321511,3.0840400925212026,1560.5242868157286
54067,WV,26303.5,25.5,160.25,0.25,1139.0,0,96.94527344269774,609.2345125173456,0.9504438572813504,4330.222213773832
54069,WV,45023.75,61.0,123.75,1.25,1476.5,0,135.48405008467753,274.85493767178434,2.7763125017351955,3279.380327049613
54071,WV,7730.5,8.75,15.0,0.0,264.75,0,113.18802147338464,194.03660824008796,0.0,3424.7461354375528
54073,WV,7297.75,6.0,9.5,0.0,130.5,0,82.21712171559727,130.177109383029,0.0,1788.2223973142407
54075,WV,8758.75,8.5,18.75,0.25,255.75,0,97.04581133152561,214.07164264307124,2.8542885685742827,2919.9372056514912
54077,WV,30202.5,20.25,47.25,0.25,593.0,0,67.04742984852247,156.44400297988577,0.827746047512623,1963.4136246999421
54079,WV,53490.75,36.75,95.0,0.75,997.5,0,68.70346742193743,177.60080013834167,1.4021115800395396,1864.8084014525875
54081,WV,79163.5,132.5,553.25,2.5,4137.5,0,167.37511605727389,698.8700600655606,3.158021057684413,5226.524850467703
54083,WV,28448.75,37.5,110.25,0.5,984.5,0,131.8159848851004,387.53899556219517,1.757546465134672,3460.608989850169
54085,WV,10510.75,7.75,13.5,0.0,270.75,0,73.7340342030778,128.43993054729683,0.0,2575.934162643008
54087,WV,15400.0,16.5,40.0,1.0,486.25,0,107.14285714285715,259.7402597402597,6.4935064935064934,3157.4675324675327
54089,WV,13501.0,15.5,16.25,0.25,293.0,0,114.80631064365602,120.36145470705874,1.8517146878009036,2170.209614102659
54091,WV,16225.75,2.0,3.75,0.0,111.25,0,12.326086621573733,23.111412415450747,0.0,685.6385683250389
54093,WV,6896.0,5.5,18.5,0.0,254.25,0,79.75638051044083,268.2714617169373,0.0,3686.9199535962875
54095,WV,8328.5,3.0,7.75,0.0,128.25,0,36.02089211742811,93.05397130335595,0.0,1539.8931380200515
54097,WV,23723.0,13.5,51.0,0.25,557.75,0,56.90679930868777,214.98124183282047,1.0538296168275514,2351.093875142267
54099,WV,37840.75,22.0,61.75,0.25,706.25,0,58.13838256377054,163.1838692414923,0.6606634382246652,1866.3742129846794
54101,WV,9682.0,25.25,36.75,0.0,480.5,0,260.7932245403842,379.5703367072919,0.0,4962.81759966949
54103,WV,17604.25,19.25,56.25,0.25,532.5,0,109.34859479955125,319.52511467401337,1.4201116207733928,3024.8377522473265
54105,WV,5877.25,5.0,7.25,1.0,141.5,0,85.07380152282104,123.35701220809051,17.01476030456421,2407.5885830958355
54107,WV,86550.75,53.25,312.75,1.75,3125.0,0,61.524596840581964,361.34868848623495,2.0219351074369665,3610.5984061374397
54109,WV,24148.75,7.0,41.0,0.0,283.25,0,28.9870076090895,169.78104456752422,0.0,1172.9385578963713
55001,WI,20786.25,12.75,37.75,0.0,796.0,1,61.33862529316254,181.61043959348126,0.0,3829.454567322148
55003,WI,16555.5,43.5,156.0,0.0,1336.75,1,262.7525595723476,942.2850412249704,0.0,8074.355954214611
55005,WI,45907.25,26.5,254.75,0.25,2437.5,1,57.725086996062714,554.923241971584,0.544576292415686,5309.618851052938
55007,WI,15172.75,24.75,29.0,0.25,441.5,1,163.12138537839218,191.1321283221565,1.6476907613979008,2909.8218846286927
55009,WI,251839.0,274.0,2589.5,4.5,19555.0,1,108.79966963020026,1028.2362938226406,1.7868558880872303,7764.88153145462
55011,WI,13916.75,7.25,29.75,0.0,430.75,1,52.09549643415309,213.77117502290403,0.0,3095.1910467601992
55013,WI,16570.25,8.5,27.0,0.25,758.75,1,51.296751708634446,162.9426230744859,1.508727991430425,4578.989453991339
55015,WI,32215.75,13.0,80.0,0.25,1206.0,1,40.352932959810026,248.32574129113866,0.7760179415348083,3743.5105499639153
55017,WI,58309.5,55.75,275.0,0.25,2890.5,1,95.61049228684863,471.6212624014954,0.4287466021831777,4957.1682144419
55019,WI,35071.0,13.75,66.25,0.25,1319.5,1,39.206181745601775,188.90251204699038,0.7128396681018505,3762.3677682415673
55021,WI,55765.75,95.75,340.75,15.25,4610.75,1,171.70037164388538,611.038137207874,27.34653438714623,8268.06776560882
55023,WI,17081.0,13.75,80.0,0.25,762.5,1,80.49879983607516,468.3566535917101,1.4636145424740938,4464.024354545987
55025,WI,467498.75,571.0,3305.25,9.5,35126.0,1,122.13936400899469,707.0072379872673,2.032090994895708,7513.602977548068
55027,WI,83279.75,66.0,407.5,1.0,5243.25,1,79.25095836622948,489.3146293066442,1.2007720964580226,6295.948294753527
55029,WI,28244.0,12.0,92.5,0.0,1506.0,1,42.4868998725393,327.5031865174904,0.0,5332.105934003682
55031,WI,44166.0,15.75,343.5,1.25,3075.5,1,35.660915636462434,777.7475886428475,2.830231399719241,6963.501335869221
55033,WI,42139.0,67.0,152.25,0.0,2942.25,1,158.99760317045968,361.3042549657087,0.0,6982.249222810223
55035,WI,97664.75,131.75,954.0,1.75,10178.75,1,134.90025828151917,976.8109783724425,1.7918440378949416,10422.132857556078
55037,WI,4927.75,4.25,15.5,0.25,161.0,1,86.24625843437674,314.54517781949164,5.07330931966922,3267.2112018669777
55039,WI,96206.25,98.25,557.5,1.0,6344.25,1,102.12434223348275,579.4841811212889,1.039433508737738,6594.426037809393
55041,WI,9919.75,16.5,45.5,1.75,1103.25,1,166.33483706746642,458.6809143375589,17.64157362836765,11121.752060283778
55043,WI,49701.25,39.25,141.25,1.5,2773.25,1,78.97185684464677,284.1980835492065,3.0180327456552902,5579.839541259023
55045,WI,35266.75,15.75,105.75,0.5,1665.5,1,44.659629821290594,299.8575145143797,1.4177660260727172,4722.578632848221
55047,WI,19195.75,3.5,100.0,0.5,1345.25,1,18.23320266204759,520.9486474870739,2.6047432374353696,7008.061680319863
55049,WI,23656.5,21.25,49.25,0.75,1072.0,1,89.82732018684082,208.1880244330311,3.1703760065943825,4531.52410542557
55051,WI,6525.0,15.25,14.0,0.25,365.5,1,233.71647509578546,214.55938697318007,3.8314176245210727,5601.532567049809
55053,WI,19873.5,62.25,161.25,0.5,1505.75,1,313.2311872594158,811.3819910936675,2.515913150678039,7576.672453266914
55055,WI,85747.0,181.25,579.0,1.5,6479.75,1,211.37765752737704,675.2422825288348,1.7493323381576031,7556.8241454511535
55057,WI,26655.0,67.5,127.0,0.75,1486.25,1,253.23579065841307,476.4584505721253,2.8137310073157007,5575.876946163947
55059,WI,162287.75,261.25,1153.25,4.0,13162.5,1,160.9794947554575,710.6204873750484,2.4647578144376268,8110.593683133817
55061,WI,20811.5,5.5,32.0,0.5,1087.5,1,26.427696225644475,153.76114167647697,2.4025178386949526,5225.476299161521
55063,WI,110144.5,195.75,1135.0,0.75,13932.25,1,177.7210845752625,1030.4645261452001,0.6809236956906609,12649.065545714946
55065,WI,16032.5,16.0,52.0,0.5,836.25,1,99.79728676126618,324.34118197411505,3.118665211289568,5215.967565881802
55067,WI,20697.25,32.25,132.0,0.5,1176.0,1,155.81780188189254,637.7658867723973,2.4157798741378684,5681.914263972267
55069,WI,30190.25,37.5,269.25,0.5,3184.5,1,124.21228707943789,891.844221230364,1.6561638277258388,10548.107418785867
55071,WI,82104.0,105.25,683.0,0.75,9421.5,1,128.1910747344831,831.8717723862418,0.9134755919321835,11475.08038585209
55073,WI,128206.25,168.25,984.75,2.0,8306.75,1,131.2338517037976,768.0982791400576,1.5599863501194364,6479.208306927314
55075,WI,43222.5,29.25,321.5,2.0,3144.5,1,67.6730869338886,743.8255538203482,4.627219619411186,7275.146046619238
55077,WI,15181.5,8.5,55.0,1.75,706.75,1,55.98919737838818,362.28304186015873,11.527187695550506,4655.33708790304
55078,WI,4602.25,26.0,35.0,0.75,971.0,1,564.9410614373404,760.4975827041121,16.296376772230975,21098.37579444837
55079,WI,931184.75,2651.0,8906.0,114.25,84126.5,1,284.6910884225714,956.4160065980462,12.269316051406555,9034.351131716881
55081,WI,43050.75,92.25,406.25,1.25,4463.25,1,214.2819811501542,943.6537110271018,2.9035498800833897,10367.415201825752
55083,WI,37903.75,32.0,149.25,1.25,1811.0,1,84.42436434389737,393.7605118227088,3.297826732183491,4777.891369587442
55085,WI,36885.75,24.25,274.25,0.0,3144.25,1,65.74354594931647,743.5120608907233,0.0,8524.294612418074
55087,WI,172990.75,224.0,1796.0,1.0,14426.5,1,129.48669220753132,1038.2058000210993,0.5780655902121935,8339.463237196209
55089,WI,86368.0,33.0,336.0,0.75,4148.5,1,38.208595776213414,389.0329751759911,0.868377176732123,4803.2836235642835
55091,WI,7404.0,7.25,14.75,0.0,261.25,1,97.92004321988114,199.21663965424096,0.0,3528.4981091302
55093,WI,42186.0,74.75,191.75,0.0,1973.25,1,177.1914853268857,454.5346797515764,0.0,4677.499644431802
55095,WI,44655.0,22.75,116.25,0.5,1789.75,1,50.946142649199416,260.3291904601948,1.1196954428395478,4007.9498376441607
55097,WI,67903.25,167.5,440.25,1.0,4520.0,1,246.67449643426494,648.3489376428963,1.4726835608015816,6656.529694823149
55099,WI,15007.0,31.5,66.0,0.25,676.25,1,209.90204571200107,439.7947624441927,1.6658892516825483,4506.230425801293
55101,WI,196271.25,177.75,1240.25,12.5,12549.25,1,90.56344217505111,631.9060993395619,6.368737143111892,6393.829967455754
55103,WI,18397.75,23.75,62.0,1.75,884.0,1,129.0918726474705,336.99773070076503,9.512032721392561,4804.9353861205855
55105,WI,159169.75,243.75,1544.0,3.75,19971.25,1,153.1383947012545,970.0335647948181,2.3559753030962227,12547.13913918945
55107,WI,15056.0,45.5,93.75,0.0,1034.75,1,302.20510095642936,622.6753453772583,0.0,6872.675345377258
55109,WI,76863.0,40.0,265.5,1.25,4223.0,1,52.040643742763095,345.4197728425901,1.6262701169613467,5494.190963142214
55111,WI,58126.5,78.0,566.25,1.25,6306.0,1,134.19008541715053,974.1684085571985,2.1504821380953607,10848.752290263477
55113,WI,17118.75,17.75,121.25,0.25,1122.25,1,103.68747718145308,708.2876962395035,1.460387002555677,6555.6772544724345
55115,WI,41249.0,53.0,294.0,1.0,3282.75,1,128.4879633445659,712.7445513830638,2.4243011951804894,7958.374748478751
55117,WI,114902.5,135.5,904.5,0.0,10680.25,1,117.92606775309501,787.1891386175234,0.0,9295.054502730576
55119,WI,19648.0,29.5,74.25,0.25,982.0,1,150.1425081433225,377.90105863192184,1.2723941368078175,4997.964169381107
55121,WI,27937.0,22.5,71.25,0.25,1075.25,1,80.53835415398933,255.0381214876329,0.8948706017109926,3848.8384579589792
55123,WI,29141.5,17.0,50.25,0.5,1155.0,1,58.33604996311102,172.43450062625467,1.7157661753856186,3963.4198651407783
55125,WI,22394.0,30.75,79.25,0.75,1187.5,1,137.31356613378583,353.88943467000087,3.3491113691167276,5302.759667768152
55127,WI,103562.75,172.75,805.75,5.75,10066.5,1,166.80708073124748,778.0307108492194,5.55218937310954,9720.193795549076
55129,WI,16733.25,32.25,67.0,0.5,872.5,1,192.73004347631215,400.4004004004004,2.988062689555227,5214.169393273871
55131,WI,127724.5,92.25,1145.75,2.0,10816.75,1,72.22576717857575,897.0479430336388,1.565870291134434,8468.813735814194
55133,WI,381554.0,212.0,1932.25,2.0,18934.0,1,55.56225331145788,506.4158677408702,0.5241722010514894,4962.33822735445
55135,WI,54186.5,50.5,303.25,0.75,3701.25,1,93.19664492078284,559.6412390540079,1.3841085879324186,6830.575881446485
55137,WI,24676.25,16.5,51.0,0.25,1079.5,1,66.86591358087229,206.67646015905981,1.0131199027404894,4374.651740033432
55139,WI,161436.75,216.0,1246.5,2.0,12478.5,1,133.79853100362837,772.129022666772,1.238875287070633,7729.652634855447
55141,WI,75552.75,22.75,632.0,1.0,5982.0,1,30.111412225233362,836.5016495097796,1.323578559350917,7917.646942037186
55777,WI,0.0,0.0,0.0,0.0,0.0,1,,,,
56001,WY,31485.0,13.0,115.25,0.75,2001.25,0,41.28950293790694,366.04732412259807,2.38208670795617,6356.201365729712
56003,WY,11449.5,20.25,28.0,0.0,403.0,0,176.8636184986244,244.55216384994975,0.0,3519.80435826892
56005,WY,39150.75,49.5,225.25,1.25,5327.25,0,126.43435949502883,575.3401914394999,3.1927868559350716,13607.019022624087
56007,WY,15482.75,33.25,94.0,0.5,1836.0,0,214.7551307099837,607.127286819202,3.2294004618042664,11858.358495745266
56009,WY,12925.75,9.0,30.25,0.0,953.25,0,69.62845482853993,234.02897317370366,0.0,7374.8138405895215
56011,WY,6265.75,4.25,10.25,0.25,351.5,0,67.82907074173083,163.58775884770378,3.989945337748873,5609.863144874916
56013,WY,37304.5,33.75,244.25,1.5,2616.75,0,90.47165891514429,654.7467463710813,4.020962618450857,7014.569287887521
56015,WY,12243.25,32.75,46.75,0.0,738.5,0,267.4943336123987,381.8430563780042,0.0,6031.895125885692
56017,WY,4592.25,9.75,10.25,0.0,284.5,0,212.31422505307856,223.2021340301595,0.0,6195.220207959062
56019,WY,8027.5,13.5,11.0,0.0,322.0,0,168.17190906259734,137.02896293989411,0.0,4011.2114606041737
56021,WY,86626.0,76.25,666.0,2.5,6006.5,0,88.02207189527394,768.8222935377369,2.8859695703368504,6933.830489691317
56023,WY,16313.0,16.0,38.5,0.25,472.25,0,98.08128486483174,236.00809170600135,1.532520076012996,2894.930423588549
56025,WY,71205.5,53.5,518.25,2.0,7836.5,0,75.13464549788992,727.8229912015223,2.8087717943136417,11005.470083069426
56027,WY,2280.5,1.5,3.25,0.0,44.5,0,65.775049331287,142.51260688445518,0.0,1951.3264634948475
56029,WY,27174.25,31.0,74.5,0.0,1353.0,0,114.07858542554071,274.1566004581543,0.0,4978.978260669568
56031,WY,8629.5,8.5,22.0,0.0,406.25,0,98.49933368097804,254.93945188017844,0.0,4707.688742105568
56033,WY,27896.25,18.75,100.0,0.0,1750.25,0,67.21333512568893,358.471120670341,0.0,6274.140789532644
56035,WY,7415.0,16.5,25.5,0.25,535.0,0,222.52191503708698,343.8975050573162,3.3715441672285906,7215.104517869184
56037,WY,38914.25,101.0,288.75,0.75,3654.0,0,259.5450252799424,742.0160995008255,1.9273145441579884,9389.876459137718
56039,WY,19589.5,26.25,73.0,0.0,1102.25,0,134.00035733428624,372.6486127772531,0.0,5626.738814160647
56041,WY,20251.5,22.75,72.0,1.0,1283.0,0,112.33735772658815,355.5292200577735,4.937905834135743,6335.333185196158
56043,WY,7920.75,22.5,28.5,0.25,355.75,0,284.06400909004833,359.81441151406113,3.1562667676672036,4491.36761039043
56045,WY,6806.0,5.25,20.0,0.0,244.75,0,77.1378195709668,293.8583602703497,0.0,3596.091683808404
56777,WY,0.0,0.0,0.0,0.0,0.0,0,,,,
