reaction_id,reaction_name,subsystem,gene_association,modulation_fraction,remaining_capacity_fraction,baseline_flux,modulated_flux,feasible,solver_status,objective_value,runtime,atp_demand,atp_per_glc,atp_per_o2,atp_per_carbon,glc_uptake,o2_uptake,lac_out,lac_per_atp,total_flux,condition,state_method,mod_method,model
ATPS4mi,ATP synthase (four protons for one ATP),Oxidative phosphorylation,,0.0,1.0,101.3705583756348,101.37055837563454,True,optimal,121.52284263959396,0.759833574295044,121.52284263959393,12.152284263959393,6.076142131979696,2.0253807106598987,10.0,20.0,0.0,0.0,2184.8730964467027,aerobic,pfba,fva_informed,recon3d
ATPS4mi,ATP synthase (four protons for one ATP),Oxidative phosphorylation,,0.05,0.95,101.3705583756348,96.44670050761418,True,optimal,121.52284263959393,0.8005161285400391,121.52284263959385,12.152284263959384,6.076142131979692,2.0253807106598973,10.0,20.0,0.0,0.0,2189.7969543147196,aerobic,pfba,fva_informed,recon3d
ATPS4mi,ATP synthase (four protons for one ATP),Oxidative phosphorylation,,0.1,0.9,101.3705583756348,91.37055837563449,True,optimal,121.52284263959382,0.8485887050628662,121.52284263959386,12.152284263959386,6.076142131979693,2.0253807106598978,10.0,20.0,0.0,0.0,2458.8324873096535,aerobic,pfba,fva_informed,recon3d
ATPS4mi,ATP synthase (four protons for one ATP),Oxidative phosphorylation,,0.15,0.85,101.3705583756348,86.2944162436548,True,optimal,121.52284263959395,0.8949766159057617,121.52284263959392,12.152284263959391,6.0761421319796955,2.0253807106598987,10.0,20.0,0.0,0.0,2902.8934010152284,aerobic,pfba,fva_informed,recon3d
ATPS4mi,ATP synthase (four protons for one ATP),Oxidative phosphorylation,,0.2,0.8,101.3705583756348,81.2182741116751,True,optimal,121.21827411167509,0.8903419971466064,121.21827411167509,12.121827411167509,6.060913705583754,2.020304568527918,10.0,20.0,0.0,0.0,3350.2538071066047,aerobic,pfba,fva_informed,recon3d
ATPS4mi,ATP synthase (four protons for one ATP),Oxidative phosphorylation,,0.25,0.75,101.3705583756348,76.1421319796954,True,optimal,116.1421319796954,0.9516623020172119,116.14213197969549,11.61421319796955,5.807106598984775,1.9357021996615915,10.0,20.0,0.0,0.0,3251.2690355330033,aerobic,pfba,fva_informed,recon3d
ATPS4mi,ATP synthase (four protons for one ATP),Oxidative phosphorylation,,0.3,0.7,101.3705583756348,71.06598984771571,True,optimal,111.06598984771574,0.7420971393585205,111.0659898477157,11.10659898477157,5.553299492385785,1.8510998307952617,10.0,20.0,1.721934696801139e-14,1.5503708193319218e-16,3152.284263959387,aerobic,pfba,fva_informed,recon3d
ATPS4mi,ATP synthase (four protons for one ATP),Oxidative phosphorylation,,0.35,0.65,101.3705583756348,65.98984771573602,True,optimal,105.98984771573612,0.8684046268463135,105.98984771573609,10.598984771573608,5.299492385786804,1.7664974619289349,10.0,20.0,0.0,0.0,3053.299492385796,aerobic,pfba,fva_informed,recon3d
ATPS4mi,ATP synthase (four protons for one ATP),Oxidative phosphorylation,,0.4,0.6,101.3705583756348,60.913705583756325,True,optimal,100.9137055837563,0.8172712326049805,100.91370558375627,10.091370558375626,5.045685279187813,1.6818950930626044,10.0,20.0,0.0,0.0,2954.3147208121763,aerobic,pfba,fva_informed,recon3d
ATPS4mi,ATP synthase (four protons for one ATP),Oxidative phosphorylation,,0.45,0.55,101.3705583756348,55.83756345177664,True,optimal,95.83756345177663,1.0259947776794434,95.83756345177666,9.583756345177665,4.791878172588833,1.5972927241962778,10.0,20.0,0.0,0.0,2855.3299492385804,aerobic,pfba,fva_informed,recon3d
ATPS4mi,ATP synthase (four protons for one ATP),Oxidative phosphorylation,,0.5,0.5,101.3705583756348,50.76142131979694,True,optimal,90.76142131979695,0.7195391654968262,90.76142131979692,9.076142131979692,4.538071065989846,1.5126903553299487,10.0,20.0,0.0,0.0,2756.345177664971,aerobic,pfba,fva_informed,recon3d
ATPS4mi,ATP synthase (four protons for one ATP),Oxidative phosphorylation,,0.55,0.44999999999999996,101.3705583756348,45.68527918781724,True,optimal,85.68527918781727,0.7332634925842285,85.68527918781724,8.568527918781724,4.284263959390862,1.4280879864636207,10.0,20.0,0.0,0.0,2657.3604060913754,aerobic,pfba,fva_informed,recon3d
ATPS4mi,ATP synthase (four protons for one ATP),Oxidative phosphorylation,,0.6,0.4,101.3705583756348,40.60913705583755,True,optimal,80.60913705583752,0.8845932483673096,80.60913705583751,8.06091370558375,4.030456852791875,1.3434856175972918,10.0,20.0,4.437232307659796e-15,5.5046269811648645e-17,2558.375634517761,aerobic,pfba,fva_informed,recon3d
ATPS4mi,ATP synthase (four protons for one ATP),Oxidative phosphorylation,,0.65,0.35,101.3705583756348,35.532994923857856,True,optimal,75.53299492385777,0.7157256603240967,75.53299492385788,7.553299492385788,3.776649746192894,1.2588832487309647,10.0,20.0,0.0,0.0,2479.449144576048,aerobic,pfba,fva_informed,recon3d
ATPS4mi,ATP synthase (four protons for one ATP),Oxidative phosphorylation,,0.7,0.30000000000000004,101.3705583756348,30.456852791878166,True,optimal,70.45685279187818,0.929215669631958,70.45685279187819,7.045685279187819,3.5228426395939096,1.1742808798646365,10.0,20.0,0.0,0.0,2401.802970483176,aerobic,pfba,fva_informed,recon3d
ATPS4mi,ATP synthase (four protons for one ATP),Oxidative phosphorylation,,0.75,0.25,101.3705583756348,25.38071065989847,True,optimal,65.38071065989851,0.8208398818969727,65.38071065989855,6.538071065989856,3.269035532994928,1.0896785109983091,10.0,20.0,0.0,0.0,2324.1567963903103,aerobic,pfba,fva_informed,recon3d
ATPS4mi,ATP synthase (four protons for one ATP),Oxidative phosphorylation,,0.8,0.19999999999999996,101.3705583756348,20.30456852791877,True,optimal,60.304568527918754,0.8414516448974609,60.304568527918754,6.030456852791875,3.0152284263959377,1.0050761421319792,10.0,20.0,0.0,0.0,2246.510622297422,aerobic,pfba,fva_informed,recon3d
ATPS4mi,ATP synthase (four protons for one ATP),Oxidative phosphorylation,,0.85,0.15000000000000002,101.3705583756348,15.228426395939083,True,optimal,55.22842639593908,0.9328114986419678,55.22842639593907,5.5228426395939065,2.7614213197969533,0.9204737732656512,10.0,20.0,2.0034439439224862e-14,3.627559346992003e-16,2173.636021808608,aerobic,pfba,fva_informed,recon3d
ATPS4mi,ATP synthase (four protons for one ATP),Oxidative phosphorylation,,0.9,0.09999999999999998,101.3705583756348,10.152284263959386,True,optimal,50.152284263959395,0.791912317276001,50.152284263959416,5.015228426395941,2.5076142131979706,0.8358714043993236,10.0,20.0,0.0,0.0,2101.065989847718,aerobic,pfba,fva_informed,recon3d
ATPS4mi,ATP synthase (four protons for one ATP),Oxidative phosphorylation,,0.95,0.050000000000000044,101.3705583756348,5.076142131979698,True,optimal,45.07614213197971,0.7135357856750488,45.076142131979694,4.50761421319797,2.253807106598985,0.7512690355329948,10.0,20.0,0.0,0.0,2045.2284263959384,aerobic,pfba,fva_informed,recon3d
ATPS4mi,ATP synthase (four protons for one ATP),Oxidative phosphorylation,,1.0,0.0,101.3705583756348,0.0,True,optimal,40.00000000000002,0.6206185817718506,40.00000000000003,4.000000000000003,2.0000000000000013,0.6666666666666672,10.0,20.0,0.0,0.0,1989.390862944165,aerobic,pfba,fva_informed,recon3d
ATPtm,"ADP/ATP Transporter, Mitochondrial","Transport, mitochondrial",291.1 or 293.1 or 292.1,0.0,1.0,184.26395939086393,184.26395939086356,True,optimal,121.52284263959393,0.8179149627685547,121.5228426395938,12.15228426395938,6.07614213197969,2.025380710659897,10.0,20.0,0.0,0.0,2184.8730964467186,aerobic,pfba,fva_informed,recon3d
ATPtm,"ADP/ATP Transporter, Mitochondrial","Transport, mitochondrial",291.1 or 293.1 or 292.1,0.05,0.95,184.26395939086393,184.26395939086356,True,optimal,121.52284263959393,0.8152046203613281,121.5228426395938,12.15228426395938,6.07614213197969,2.025380710659897,10.0,20.0,0.0,0.0,2184.8730964467186,aerobic,pfba,fva_informed,recon3d
ATPtm,"ADP/ATP Transporter, Mitochondrial","Transport, mitochondrial",291.1 or 293.1 or 292.1,0.1,0.9,184.26395939086393,184.26395939086356,True,optimal,121.52284263959393,0.8458638191223145,121.5228426395938,12.15228426395938,6.07614213197969,2.025380710659897,10.0,20.0,0.0,0.0,2184.8730964467186,aerobic,pfba,fva_informed,recon3d
ATPtm,"ADP/ATP Transporter, Mitochondrial","Transport, mitochondrial",291.1 or 293.1 or 292.1,0.15,0.85,184.26395939086393,184.26395939086356,True,optimal,121.52284263959393,0.8148605823516846,121.5228426395938,12.15228426395938,6.07614213197969,2.025380710659897,10.0,20.0,0.0,0.0,2184.8730964467186,aerobic,pfba,fva_informed,recon3d
ATPtm,"ADP/ATP Transporter, Mitochondrial","Transport, mitochondrial",291.1 or 293.1 or 292.1,0.2,0.8,184.26395939086393,184.26395939086356,True,optimal,121.52284263959393,0.8025596141815186,121.5228426395938,12.15228426395938,6.07614213197969,2.025380710659897,10.0,20.0,0.0,0.0,2184.8730964467186,aerobic,pfba,fva_informed,recon3d
ATPtm,"ADP/ATP Transporter, Mitochondrial","Transport, mitochondrial",291.1 or 293.1 or 292.1,0.25,0.75,184.26395939086393,184.26395939086356,True,optimal,121.52284263959393,0.8055844306945801,121.5228426395938,12.15228426395938,6.07614213197969,2.025380710659897,10.0,20.0,0.0,0.0,2184.8730964467186,aerobic,pfba,fva_informed,recon3d
ATPtm,"ADP/ATP Transporter, Mitochondrial","Transport, mitochondrial",291.1 or 293.1 or 292.1,0.3,0.7,184.26395939086393,184.26395939086356,True,optimal,121.52284263959393,0.8029367923736572,121.5228426395938,12.15228426395938,6.07614213197969,2.025380710659897,10.0,20.0,0.0,0.0,2184.8730964467186,aerobic,pfba,fva_informed,recon3d
ATPtm,"ADP/ATP Transporter, Mitochondrial","Transport, mitochondrial",291.1 or 293.1 or 292.1,0.35,0.65,184.26395939086393,184.26395939086356,True,optimal,121.52284263959393,0.803741455078125,121.5228426395938,12.15228426395938,6.07614213197969,2.025380710659897,10.0,20.0,0.0,0.0,2184.8730964467186,aerobic,pfba,fva_informed,recon3d
ATPtm,"ADP/ATP Transporter, Mitochondrial","Transport, mitochondrial",291.1 or 293.1 or 292.1,0.4,0.6,184.26395939086393,184.26395939086356,True,optimal,121.52284263959393,0.8059046268463135,121.5228426395938,12.15228426395938,6.07614213197969,2.025380710659897,10.0,20.0,0.0,0.0,2184.8730964467186,aerobic,pfba,fva_informed,recon3d
ATPtm,"ADP/ATP Transporter, Mitochondrial","Transport, mitochondrial",291.1 or 293.1 or 292.1,0.45,0.55,184.26395939086393,184.26395939086356,True,optimal,121.52284263959393,0.8202075958251953,121.5228426395938,12.15228426395938,6.07614213197969,2.025380710659897,10.0,20.0,0.0,0.0,2184.8730964467186,aerobic,pfba,fva_informed,recon3d
ATPtm,"ADP/ATP Transporter, Mitochondrial","Transport, mitochondrial",291.1 or 293.1 or 292.1,0.5,0.5,184.26395939086393,184.26395939086356,True,optimal,121.52284263959393,0.8169906139373779,121.5228426395938,12.15228426395938,6.07614213197969,2.025380710659897,10.0,20.0,0.0,0.0,2184.8730964467186,aerobic,pfba,fva_informed,recon3d
ATPtm,"ADP/ATP Transporter, Mitochondrial","Transport, mitochondrial",291.1 or 293.1 or 292.1,0.55,0.44999999999999996,184.26395939086393,184.26395939086356,True,optimal,121.52284263959393,0.8571610450744629,121.5228426395938,12.15228426395938,6.07614213197969,2.025380710659897,10.0,20.0,0.0,0.0,2184.8730964467186,aerobic,pfba,fva_informed,recon3d
ATPtm,"ADP/ATP Transporter, Mitochondrial","Transport, mitochondrial",291.1 or 293.1 or 292.1,0.6,0.4,184.26395939086393,184.26395939086356,True,optimal,121.52284263959393,0.8721168041229248,121.5228426395938,12.15228426395938,6.07614213197969,2.025380710659897,10.0,20.0,0.0,0.0,2184.8730964467186,aerobic,pfba,fva_informed,recon3d
ATPtm,"ADP/ATP Transporter, Mitochondrial","Transport, mitochondrial",291.1 or 293.1 or 292.1,0.65,0.35,184.26395939086393,184.26395939086356,True,optimal,121.52284263959393,0.8051025867462158,121.5228426395938,12.15228426395938,6.07614213197969,2.025380710659897,10.0,20.0,0.0,0.0,2184.8730964467186,aerobic,pfba,fva_informed,recon3d
ATPtm,"ADP/ATP Transporter, Mitochondrial","Transport, mitochondrial",291.1 or 293.1 or 292.1,0.7,0.30000000000000004,184.26395939086393,184.26395939086356,True,optimal,121.52284263959393,0.8231332302093506,121.5228426395938,12.15228426395938,6.07614213197969,2.025380710659897,10.0,20.0,0.0,0.0,2184.8730964467186,aerobic,pfba,fva_informed,recon3d
ATPtm,"ADP/ATP Transporter, Mitochondrial","Transport, mitochondrial",291.1 or 293.1 or 292.1,0.75,0.25,184.26395939086393,184.26395939086356,True,optimal,121.52284263959393,0.8029663562774658,121.5228426395938,12.15228426395938,6.07614213197969,2.025380710659897,10.0,20.0,0.0,0.0,2184.8730964467186,aerobic,pfba,fva_informed,recon3d
ATPtm,"ADP/ATP Transporter, Mitochondrial","Transport, mitochondrial",291.1 or 293.1 or 292.1,0.8,0.19999999999999996,184.26395939086393,184.26395939086356,True,optimal,121.52284263959393,0.8162531852722168,121.5228426395938,12.15228426395938,6.07614213197969,2.025380710659897,10.0,20.0,0.0,0.0,2184.8730964467186,aerobic,pfba,fva_informed,recon3d
ATPtm,"ADP/ATP Transporter, Mitochondrial","Transport, mitochondrial",291.1 or 293.1 or 292.1,0.85,0.15000000000000002,184.26395939086393,150.00000000000003,True,optimal,121.52284263959392,0.8124270439147949,121.52284263959385,12.152284263959384,6.076142131979692,2.0253807106598973,10.0,20.0,0.0,0.0,2253.2487309644657,aerobic,pfba,fva_informed,recon3d
ATPtm,"ADP/ATP Transporter, Mitochondrial","Transport, mitochondrial",291.1 or 293.1 or 292.1,0.9,0.09999999999999998,184.26395939086393,99.99999999999997,True,optimal,121.52284263959388,0.8549027442932129,121.52284263959382,12.152284263959382,6.076142131979691,2.025380710659897,10.0,20.0,0.0,0.0,2353.2487309644675,aerobic,pfba,fva_informed,recon3d
ATPtm,"ADP/ATP Transporter, Mitochondrial","Transport, mitochondrial",291.1 or 293.1 or 292.1,0.95,0.050000000000000044,184.26395939086393,50.00000000000004,True,optimal,121.52284263959397,0.7634656429290771,121.52284263959392,12.152284263959391,6.0761421319796955,2.0253807106598987,10.0,20.0,0.0,0.0,2453.248730964467,aerobic,pfba,fva_informed,recon3d
ATPtm,"ADP/ATP Transporter, Mitochondrial","Transport, mitochondrial",291.1 or 293.1 or 292.1,1.0,0.0,184.26395939086393,0.0,True,optimal,121.52284263959382,0.6904397010803223,121.52284263959386,12.152284263959386,6.076142131979693,2.0253807106598978,10.0,20.0,0.0,0.0,2553.2487309644644,aerobic,pfba,fva_informed,recon3d
CO2tm,"CO2 Transport (Diffusion), Mitochondrial","Transport, mitochondrial",,0.0,1.0,-20.304568527918896,-20.304568527918867,True,optimal,121.52284263959393,0.8106038570404053,121.5228426395938,12.15228426395938,6.07614213197969,2.025380710659897,10.0,20.0,0.0,0.0,2184.8730964467186,aerobic,pfba,fva_informed,recon3d
CO2tm,"CO2 Transport (Diffusion), Mitochondrial","Transport, mitochondrial",,0.05,0.95,-20.304568527918896,-20.304568527918867,True,optimal,121.52284263959393,0.8038873672485352,121.5228426395938,12.15228426395938,6.07614213197969,2.025380710659897,10.0,20.0,0.0,0.0,2184.8730964467186,aerobic,pfba,fva_informed,recon3d
CO2tm,"CO2 Transport (Diffusion), Mitochondrial","Transport, mitochondrial",,0.1,0.9,-20.304568527918896,-20.304568527918867,True,optimal,121.52284263959393,0.8169174194335938,121.5228426395938,12.15228426395938,6.07614213197969,2.025380710659897,10.0,20.0,0.0,0.0,2184.8730964467186,aerobic,pfba,fva_informed,recon3d
CO2tm,"CO2 Transport (Diffusion), Mitochondrial","Transport, mitochondrial",,0.15,0.85,-20.304568527918896,-20.304568527918867,True,optimal,121.52284263959393,0.8242948055267334,121.5228426395938,12.15228426395938,6.07614213197969,2.025380710659897,10.0,20.0,0.0,0.0,2184.8730964467186,aerobic,pfba,fva_informed,recon3d
CO2tm,"CO2 Transport (Diffusion), Mitochondrial","Transport, mitochondrial",,0.2,0.8,-20.304568527918896,-20.304568527918867,True,optimal,121.52284263959393,0.8064172267913818,121.5228426395938,12.15228426395938,6.07614213197969,2.025380710659897,10.0,20.0,0.0,0.0,2184.8730964467186,aerobic,pfba,fva_informed,recon3d
CO2tm,"CO2 Transport (Diffusion), Mitochondrial","Transport, mitochondrial",,0.25,0.75,-20.304568527918896,-20.304568527918867,True,optimal,121.52284263959393,0.8148736953735352,121.5228426395938,12.15228426395938,6.07614213197969,2.025380710659897,10.0,20.0,0.0,0.0,2184.8730964467186,aerobic,pfba,fva_informed,recon3d
CO2tm,"CO2 Transport (Diffusion), Mitochondrial","Transport, mitochondrial",,0.3,0.7,-20.304568527918896,-20.304568527918867,True,optimal,121.52284263959393,0.8087902069091797,121.5228426395938,12.15228426395938,6.07614213197969,2.025380710659897,10.0,20.0,0.0,0.0,2184.8730964467186,aerobic,pfba,fva_informed,recon3d
CO2tm,"CO2 Transport (Diffusion), Mitochondrial","Transport, mitochondrial",,0.35,0.65,-20.304568527918896,-20.304568527918867,True,optimal,121.52284263959393,0.8071377277374268,121.5228426395938,12.15228426395938,6.07614213197969,2.025380710659897,10.0,20.0,0.0,0.0,2184.8730964467186,aerobic,pfba,fva_informed,recon3d
CO2tm,"CO2 Transport (Diffusion), Mitochondrial","Transport, mitochondrial",,0.4,0.6,-20.304568527918896,-20.304568527918867,True,optimal,121.52284263959393,0.8084597587585449,121.5228426395938,12.15228426395938,6.07614213197969,2.025380710659897,10.0,20.0,0.0,0.0,2184.8730964467186,aerobic,pfba,fva_informed,recon3d
CO2tm,"CO2 Transport (Diffusion), Mitochondrial","Transport, mitochondrial",,0.45,0.55,-20.304568527918896,-20.304568527918867,True,optimal,121.52284263959393,0.8113043308258057,121.5228426395938,12.15228426395938,6.07614213197969,2.025380710659897,10.0,20.0,0.0,0.0,2184.8730964467186,aerobic,pfba,fva_informed,recon3d
CO2tm,"CO2 Transport (Diffusion), Mitochondrial","Transport, mitochondrial",,0.5,0.5,-20.304568527918896,-20.304568527918867,True,optimal,121.52284263959393,0.8037023544311523,121.5228426395938,12.15228426395938,6.07614213197969,2.025380710659897,10.0,20.0,0.0,0.0,2184.8730964467186,aerobic,pfba,fva_informed,recon3d
CO2tm,"CO2 Transport (Diffusion), Mitochondrial","Transport, mitochondrial",,0.55,0.44999999999999996,-20.304568527918896,-20.304568527918867,True,optimal,121.52284263959393,0.8024947643280029,121.5228426395938,12.15228426395938,6.07614213197969,2.025380710659897,10.0,20.0,0.0,0.0,2184.8730964467186,aerobic,pfba,fva_informed,recon3d
CO2tm,"CO2 Transport (Diffusion), Mitochondrial","Transport, mitochondrial",,0.6,0.4,-20.304568527918896,-20.304568527918867,True,optimal,121.52284263959393,0.8211078643798828,121.5228426395938,12.15228426395938,6.07614213197969,2.025380710659897,10.0,20.0,0.0,0.0,2184.8730964467186,aerobic,pfba,fva_informed,recon3d
CO2tm,"CO2 Transport (Diffusion), Mitochondrial","Transport, mitochondrial",,0.65,0.35,-20.304568527918896,-20.304568527918867,True,optimal,121.52284263959393,0.802220344543457,121.5228426395938,12.15228426395938,6.07614213197969,2.025380710659897,10.0,20.0,0.0,0.0,2184.8730964467186,aerobic,pfba,fva_informed,recon3d
CO2tm,"CO2 Transport (Diffusion), Mitochondrial","Transport, mitochondrial",,0.7,0.30000000000000004,-20.304568527918896,-20.304568527918867,True,optimal,121.52284263959393,0.8071215152740479,121.5228426395938,12.15228426395938,6.07614213197969,2.025380710659897,10.0,20.0,0.0,0.0,2184.8730964467186,aerobic,pfba,fva_informed,recon3d
CO2tm,"CO2 Transport (Diffusion), Mitochondrial","Transport, mitochondrial",,0.75,0.25,-20.304568527918896,-18.038071065989904,True,optimal,121.52284263959395,0.7781360149383545,121.52284263959386,12.152284263959386,6.076142131979693,2.0253807106598978,10.0,20.0,0.0,0.0,2195.072335025382,aerobic,pfba,fva_informed,recon3d
CO2tm,"CO2 Transport (Diffusion), Mitochondrial","Transport, mitochondrial",,0.8,0.19999999999999996,-20.304568527918896,-14.43045685279192,True,optimal,121.52284263959389,0.7861592769622803,121.52284263959383,12.152284263959384,6.076142131979692,2.0253807106598973,10.0,20.0,0.0,0.0,2211.306598984772,aerobic,pfba,fva_informed,recon3d
CO2tm,"CO2 Transport (Diffusion), Mitochondrial","Transport, mitochondrial",,0.85,0.15000000000000002,-20.304568527918896,-10.822842639593944,True,optimal,121.52284263959393,0.7789967060089111,121.52284263959385,12.152284263959384,6.076142131979692,2.0253807106598973,10.0,20.0,0.0,0.0,2232.940101522844,aerobic,pfba,fva_informed,recon3d
CO2tm,"CO2 Transport (Diffusion), Mitochondrial","Transport, mitochondrial",,0.9,0.09999999999999998,-20.304568527918896,-7.21522842639596,True,optimal,121.52284263959393,0.7705729007720947,121.52284263959385,12.152284263959384,6.076142131979692,2.0253807106598973,10.0,20.0,0.0,0.0,2264.8862944162456,aerobic,pfba,fva_informed,recon3d
CO2tm,"CO2 Transport (Diffusion), Mitochondrial","Transport, mitochondrial",,0.95,0.050000000000000044,-20.304568527918896,-3.607614213197984,True,optimal,121.52284263959393,0.7791743278503418,121.52284263959385,12.152284263959384,6.076142131979692,2.0253807106598973,10.0,20.0,0.0,0.0,2304.5700507614238,aerobic,pfba,fva_informed,recon3d
CO2tm,"CO2 Transport (Diffusion), Mitochondrial","Transport, mitochondrial",,1.0,0.0,-20.304568527918896,0.0,True,optimal,121.52284263959415,0.7327790260314941,121.52284263959388,12.152284263959388,6.076142131979694,2.0253807106598978,10.0,20.0,0.0,0.0,2344.253807106605,aerobic,pfba,fva_informed,recon3d
CYOOm3i,CYOOm3i,Oxidative phosphorylation,1351.1 and 1347.1 and 1329.1 and 1327.1 and 341947.1 and 9167.1 and 1350.1 and 4512.1 and 1349.1 and 1339.1 and 1345.1 and 4513.1 and 9377.1 and 125965.1 and 4514.1 and 170712.1 and 1346.1 and 1340.1 and 84701.1 and 1337.1,0.0,1.0,20.304568527923568,20.30456852791888,True,optimal,121.52284263959395,0.8018474578857422,121.52284263959395,12.152284263959395,6.076142131979697,2.025380710659899,10.0,20.0,0.0,0.0,2184.8730964467036,aerobic,pfba,fva_informed,recon3d
CYOOm3i,CYOOm3i,Oxidative phosphorylation,1351.1 and 1347.1 and 1329.1 and 1327.1 and 341947.1 and 9167.1 and 1350.1 and 4512.1 and 1349.1 and 1339.1 and 1345.1 and 4513.1 and 9377.1 and 125965.1 and 4514.1 and 170712.1 and 1346.1 and 1340.1 and 84701.1 and 1337.1,0.05,0.95,20.304568527923568,19.289340101522434,True,optimal,121.44670050761422,0.7936253547668457,121.44670050761418,12.144670050761418,6.072335025380709,2.024111675126903,10.0,20.0,0.0,0.0,2183.1294416243645,aerobic,pfba,fva_informed,recon3d
CYOOm3i,CYOOm3i,Oxidative phosphorylation,1351.1 and 1347.1 and 1329.1 and 1327.1 and 341947.1 and 9167.1 and 1350.1 and 4512.1 and 1349.1 and 1339.1 and 1345.1 and 4513.1 and 9377.1 and 125965.1 and 4514.1 and 170712.1 and 1346.1 and 1340.1 and 84701.1 and 1337.1,0.1,0.9,20.304568527923568,18.274111675127134,True,optimal,121.37055837563453,0.7976570129394531,121.37055837563453,12.137055837563453,6.068527918781727,2.0228426395939088,10.0,20.0,0.0,0.0,2181.3857868020327,aerobic,pfba,fva_informed,recon3d
CYOOm3i,CYOOm3i,Oxidative phosphorylation,1351.1 and 1347.1 and 1329.1 and 1327.1 and 341947.1 and 9167.1 and 1350.1 and 4512.1 and 1349.1 and 1339.1 and 1345.1 and 4513.1 and 9377.1 and 125965.1 and 4514.1 and 170712.1 and 1346.1 and 1340.1 and 84701.1 and 1337.1,0.15,0.85,20.304568527923568,17.25888324873093,True,optimal,121.29441624365471,0.7978341579437256,121.29441624365484,12.129441624365484,6.064720812182742,2.021573604060914,10.0,20.0,0.0,0.0,2179.6421319796978,aerobic,pfba,fva_informed,recon3d
CYOOm3i,CYOOm3i,Oxidative phosphorylation,1351.1 and 1347.1 and 1329.1 and 1327.1 and 341947.1 and 9167.1 and 1350.1 and 4512.1 and 1349.1 and 1339.1 and 1345.1 and 4513.1 and 9377.1 and 125965.1 and 4514.1 and 170712.1 and 1346.1 and 1340.1 and 84701.1 and 1337.1,0.2,0.8,20.304568527923568,16.243654822333863,True,optimal,121.2182741116751,0.7992815971374512,121.21827411167507,12.121827411167507,6.060913705583753,2.020304568527918,10.0,20.0,0.0,0.0,2177.898477157361,aerobic,pfba,fva_informed,recon3d
CYOOm3i,CYOOm3i,Oxidative phosphorylation,1351.1 and 1347.1 and 1329.1 and 1327.1 and 341947.1 and 9167.1 and 1350.1 and 4512.1 and 1349.1 and 1339.1 and 1345.1 and 4513.1 and 9377.1 and 125965.1 and 4514.1 and 170712.1 and 1346.1 and 1340.1 and 84701.1 and 1337.1,0.25,0.75,20.304568527923568,15.228426395939088,True,optimal,121.14213197969553,0.7717835903167725,121.14213197969542,12.114213197969542,6.057106598984771,2.019035532994924,10.0,20.0,0.0,0.0,2176.154822335029,aerobic,pfba,fva_informed,recon3d
CYOOm3i,CYOOm3i,Oxidative phosphorylation,1351.1 and 1347.1 and 1329.1 and 1327.1 and 341947.1 and 9167.1 and 1350.1 and 4512.1 and 1349.1 and 1339.1 and 1345.1 and 4513.1 and 9377.1 and 125965.1 and 4514.1 and 170712.1 and 1346.1 and 1340.1 and 84701.1 and 1337.1,0.3,0.7,20.304568527923568,14.213197969543092,True,optimal,121.06598984771573,0.789618730545044,121.06598984771576,12.106598984771576,6.053299492385788,2.0177664974619294,10.0,20.0,0.0,0.0,2174.4111675126924,aerobic,pfba,fva_informed,recon3d
CYOOm3i,CYOOm3i,Oxidative phosphorylation,1351.1 and 1347.1 and 1329.1 and 1327.1 and 341947.1 and 9167.1 and 1350.1 and 4512.1 and 1349.1 and 1339.1 and 1345.1 and 4513.1 and 9377.1 and 125965.1 and 4514.1 and 170712.1 and 1346.1 and 1340.1 and 84701.1 and 1337.1,0.35,0.65,20.304568527923568,13.197969543148163,True,optimal,120.98984771573608,0.7529711723327637,120.9898477157361,12.09898477157361,6.049492385786805,2.016497461928935,10.0,20.0,0.0,0.0,2172.6675126903583,aerobic,pfba,fva_informed,recon3d
CYOOm3i,CYOOm3i,Oxidative phosphorylation,1351.1 and 1347.1 and 1329.1 and 1327.1 and 341947.1 and 9167.1 and 1350.1 and 4512.1 and 1349.1 and 1339.1 and 1345.1 and 4513.1 and 9377.1 and 125965.1 and 4514.1 and 170712.1 and 1346.1 and 1340.1 and 84701.1 and 1337.1,0.4,0.6,20.304568527923568,12.182741116751272,True,optimal,120.91370558375641,0.7569694519042969,120.91370558375641,12.09137055837564,6.04568527918782,2.0152284263959404,10.0,20.0,0.0,0.0,2170.9238578680265,aerobic,pfba,fva_informed,recon3d
CYOOm3i,CYOOm3i,Oxidative phosphorylation,1351.1 and 1347.1 and 1329.1 and 1327.1 and 341947.1 and 9167.1 and 1350.1 and 4512.1 and 1349.1 and 1339.1 and 1345.1 and 4513.1 and 9377.1 and 125965.1 and 4514.1 and 170712.1 and 1346.1 and 1340.1 and 84701.1 and 1337.1,0.45,0.55,20.304568527923568,11.167512690355332,True,optimal,120.8375634517767,0.7490131855010986,120.8375634517767,12.08375634517767,6.041878172588835,2.013959390862945,10.0,20.0,0.0,0.0,2169.18020304569,aerobic,pfba,fva_informed,recon3d
CYOOm3i,CYOOm3i,Oxidative phosphorylation,1351.1 and 1347.1 and 1329.1 and 1327.1 and 341947.1 and 9167.1 and 1350.1 and 4512.1 and 1349.1 and 1339.1 and 1345.1 and 4513.1 and 9377.1 and 125965.1 and 4514.1 and 170712.1 and 1346.1 and 1340.1 and 84701.1 and 1337.1,0.5,0.5,20.304568527923568,10.152284263959393,True,optimal,120.76142131979702,0.7622687816619873,120.76142131979702,12.076142131979703,6.038071065989851,2.0126903553299504,10.0,20.0,0.0,0.0,2167.4365482233575,aerobic,pfba,fva_informed,recon3d
CYOOm3i,CYOOm3i,Oxidative phosphorylation,1351.1 and 1347.1 and 1329.1 and 1327.1 and 341947.1 and 9167.1 and 1350.1 and 4512.1 and 1349.1 and 1339.1 and 1345.1 and 4513.1 and 9377.1 and 125965.1 and 4514.1 and 170712.1 and 1346.1 and 1340.1 and 84701.1 and 1337.1,0.55,0.44999999999999996,20.304568527923568,9.137055837563453,True,optimal,120.68527918781727,0.7454431056976318,120.6852791878173,12.06852791878173,6.034263959390865,2.011421319796955,10.0,20.0,0.0,0.0,2165.6928934010184,aerobic,pfba,fva_informed,recon3d
CYOOm3i,CYOOm3i,Oxidative phosphorylation,1351.1 and 1347.1 and 1329.1 and 1327.1 and 341947.1 and 9167.1 and 1350.1 and 4512.1 and 1349.1 and 1339.1 and 1345.1 and 4513.1 and 9377.1 and 125965.1 and 4514.1 and 170712.1 and 1346.1 and 1340.1 and 84701.1 and 1337.1,0.6,0.4,20.304568527923568,8.121827411169756,True,optimal,120.60913705583758,0.749964714050293,120.60913705583759,12.06091370558376,6.03045685279188,2.01015228426396,10.0,20.0,0.0,0.0,2163.949238578686,aerobic,pfba,fva_informed,recon3d
CYOOm3i,CYOOm3i,Oxidative phosphorylation,1351.1 and 1347.1 and 1329.1 and 1327.1 and 341947.1 and 9167.1 and 1350.1 and 4512.1 and 1349.1 and 1339.1 and 1345.1 and 4513.1 and 9377.1 and 125965.1 and 4514.1 and 170712.1 and 1346.1 and 1340.1 and 84701.1 and 1337.1,0.65,0.35,20.304568527923568,7.1065989847734095,True,optimal,120.53299492385786,0.7591683864593506,120.53299492385794,12.053299492385793,6.026649746192897,2.0088832487309656,10.0,20.0,0.0,0.0,2162.2055837563516,aerobic,pfba,fva_informed,recon3d
CYOOm3i,CYOOm3i,Oxidative phosphorylation,1351.1 and 1347.1 and 1329.1 and 1327.1 and 341947.1 and 9167.1 and 1350.1 and 4512.1 and 1349.1 and 1339.1 and 1345.1 and 4513.1 and 9377.1 and 125965.1 and 4514.1 and 170712.1 and 1346.1 and 1340.1 and 84701.1 and 1337.1,0.7,0.30000000000000004,20.304568527923568,6.091370558375637,True,optimal,120.45685279187825,0.8158948421478271,120.4568527918782,12.04568527918782,6.02284263959391,2.00761421319797,10.0,20.0,0.0,0.0,2160.4619289340144,aerobic,pfba,fva_informed,recon3d
CYOOm3i,CYOOm3i,Oxidative phosphorylation,1351.1 and 1347.1 and 1329.1 and 1327.1 and 341947.1 and 9167.1 and 1350.1 and 4512.1 and 1349.1 and 1339.1 and 1345.1 and 4513.1 and 9377.1 and 125965.1 and 4514.1 and 170712.1 and 1346.1 and 1340.1 and 84701.1 and 1337.1,0.75,0.25,20.304568527923568,5.076142131979696,True,optimal,120.38071065989854,0.75714111328125,120.38071065989851,12.03807106598985,6.019035532994925,2.006345177664975,10.0,20.0,0.0,0.0,2158.718274111681,aerobic,pfba,fva_informed,recon3d
CYOOm3i,CYOOm3i,Oxidative phosphorylation,1351.1 and 1347.1 and 1329.1 and 1327.1 and 341947.1 and 9167.1 and 1350.1 and 4512.1 and 1349.1 and 1339.1 and 1345.1 and 4513.1 and 9377.1 and 125965.1 and 4514.1 and 170712.1 and 1346.1 and 1340.1 and 84701.1 and 1337.1,0.8,0.19999999999999996,20.304568527923568,4.060913705583756,True,optimal,120.30456852791878,0.7449758052825928,120.30456852791878,12.030456852791877,6.015228426395939,2.0050761421319794,10.0,20.0,0.0,0.0,2156.974619289345,aerobic,pfba,fva_informed,recon3d
CYOOm3i,CYOOm3i,Oxidative phosphorylation,1351.1 and 1347.1 and 1329.1 and 1327.1 and 341947.1 and 9167.1 and 1350.1 and 4512.1 and 1349.1 and 1339.1 and 1345.1 and 4513.1 and 9377.1 and 125965.1 and 4514.1 and 170712.1 and 1346.1 and 1340.1 and 84701.1 and 1337.1,0.85,0.15000000000000002,20.304568527923568,3.0456852791878184,True,optimal,120.22842639593915,0.7618093490600586,120.22842639593915,12.022842639593915,6.011421319796957,2.0038071065989858,10.0,20.0,0.0,0.0,2155.230964467009,aerobic,pfba,fva_informed,recon3d
CYOOm3i,CYOOm3i,Oxidative phosphorylation,1351.1 and 1347.1 and 1329.1 and 1327.1 and 341947.1 and 9167.1 and 1350.1 and 4512.1 and 1349.1 and 1339.1 and 1345.1 and 4513.1 and 9377.1 and 125965.1 and 4514.1 and 170712.1 and 1346.1 and 1340.1 and 84701.1 and 1337.1,0.9,0.09999999999999998,20.304568527923568,2.030456852791878,True,optimal,120.15228426395943,0.7524774074554443,120.15228426395949,12.015228426395948,6.007614213197974,2.0025380710659912,10.0,20.0,0.0,0.0,2153.4873096446754,aerobic,pfba,fva_informed,recon3d
CYOOm3i,CYOOm3i,Oxidative phosphorylation,1351.1 and 1347.1 and 1329.1 and 1327.1 and 341947.1 and 9167.1 and 1350.1 and 4512.1 and 1349.1 and 1339.1 and 1345.1 and 4513.1 and 9377.1 and 125965.1 and 4514.1 and 170712.1 and 1346.1 and 1340.1 and 84701.1 and 1337.1,0.95,0.050000000000000044,20.304568527923568,1.0152284263959401,True,optimal,120.07614213197971,0.7410008907318115,120.07614213197972,12.007614213197972,6.003807106598986,2.0012690355329954,10.0,20.0,0.0,0.0,2151.7436548223386,aerobic,pfba,fva_informed,recon3d
CYOOm3i,CYOOm3i,Oxidative phosphorylation,1351.1 and 1347.1 and 1329.1 and 1327.1 and 341947.1 and 9167.1 and 1350.1 and 4512.1 and 1349.1 and 1339.1 and 1345.1 and 4513.1 and 9377.1 and 125965.1 and 4514.1 and 170712.1 and 1346.1 and 1340.1 and 84701.1 and 1337.1,1.0,0.0,20.304568527923568,0.0,True,optimal,119.99999999999994,0.6360344886779785,120.0,12.0,6.0,2.0,10.0,20.0,0.0,0.0,2150.0000000000045,aerobic,pfba,fva_informed,recon3d
CYOR_u10mi,CYOR_u10mi,Oxidative phosphorylation,(7384.1 and 7388.1 and 4519.1 and 29796.2 and 10975.1 and 7385.1 and 7386.1 and 1537.1 and 27089.1 and 7381.1) or (7384.1 and 7388.1 and 4519.1 and 29796.1 and 10975.1 and 7385.1 and 1537.1 and 7386.1 and 27089.1 and 7381.1),0.0,1.0,40.6091370558377,40.60913705583757,True,optimal,121.52284263959395,0.8156366348266602,121.52284263959395,12.152284263959395,6.076142131979697,2.025380710659899,10.0,20.0,0.0,0.0,2184.8730964467136,aerobic,pfba,fva_informed,recon3d
CYOR_u10mi,CYOR_u10mi,Oxidative phosphorylation,(7384.1 and 7388.1 and 4519.1 and 29796.2 and 10975.1 and 7385.1 and 7386.1 and 1537.1 and 27089.1 and 7381.1) or (7384.1 and 7388.1 and 4519.1 and 29796.1 and 10975.1 and 7385.1 and 1537.1 and 7386.1 and 27089.1 and 7381.1),0.05,0.95,40.6091370558377,38.57868020304569,True,optimal,118.44670050761425,0.9247314929962158,118.44670050761432,11.844670050761433,5.9223350253807165,1.9741116751269054,10.0,20.0,0.0,0.0,2138.9847715736087,aerobic,pfba,fva_informed,recon3d
CYOR_u10mi,CYOR_u10mi,Oxidative phosphorylation,(7384.1 and 7388.1 and 4519.1 and 29796.2 and 10975.1 and 7385.1 and 7386.1 and 1537.1 and 27089.1 and 7381.1) or (7384.1 and 7388.1 and 4519.1 and 29796.1 and 10975.1 and 7385.1 and 1537.1 and 7386.1 and 27089.1 and 7381.1),0.1,0.9,40.6091370558377,36.548223350253814,True,optimal,115.37055837563453,0.6837749481201172,115.37055837563446,11.537055837563447,5.768527918781723,1.9228426395939076,10.0,20.0,0.0,0.0,2093.2487309644653,aerobic,pfba,fva_informed,recon3d
CYOR_u10mi,CYOR_u10mi,Oxidative phosphorylation,(7384.1 and 7388.1 and 4519.1 and 29796.2 and 10975.1 and 7385.1 and 7386.1 and 1537.1 and 27089.1 and 7381.1) or (7384.1 and 7388.1 and 4519.1 and 29796.1 and 10975.1 and 7385.1 and 1537.1 and 7386.1 and 27089.1 and 7381.1),0.15,0.85,40.6091370558377,34.517766497461935,True,optimal,112.29441624365485,0.6623003482818604,112.29441624365482,11.229441624365482,5.614720812182741,1.8715736040609137,10.0,20.0,0.0,0.0,2047.5126903553303,aerobic,pfba,fva_informed,recon3d
CYOR_u10mi,CYOR_u10mi,Oxidative phosphorylation,(7384.1 and 7388.1 and 4519.1 and 29796.2 and 10975.1 and 7385.1 and 7386.1 and 1537.1 and 27089.1 and 7381.1) or (7384.1 and 7388.1 and 4519.1 and 29796.1 and 10975.1 and 7385.1 and 1537.1 and 7386.1 and 27089.1 and 7381.1),0.2,0.8,40.6091370558377,32.487309644670056,True,optimal,109.21827411167514,0.7229382991790771,109.21827411167519,10.921827411167518,5.460913705583759,1.8203045685279198,10.0,20.0,0.0,0.0,2091.9289340101686,aerobic,pfba,fva_informed,recon3d
CYOR_u10mi,CYOR_u10mi,Oxidative phosphorylation,(7384.1 and 7388.1 and 4519.1 and 29796.2 and 10975.1 and 7385.1 and 7386.1 and 1537.1 and 27089.1 and 7381.1) or (7384.1 and 7388.1 and 4519.1 and 29796.1 and 10975.1 and 7385.1 and 1537.1 and 7386.1 and 27089.1 and 7381.1),0.25,0.75,40.6091370558377,30.456852791878177,True,optimal,106.14213197969549,0.6605005264282227,106.1421319796954,10.61421319796954,5.30710659898477,1.7690355329949234,10.0,20.0,0.0,0.0,2209.6446700507504,aerobic,pfba,fva_informed,recon3d
CYOR_u10mi,CYOR_u10mi,Oxidative phosphorylation,(7384.1 and 7388.1 and 4519.1 and 29796.2 and 10975.1 and 7385.1 and 7386.1 and 1537.1 and 27089.1 and 7381.1) or (7384.1 and 7388.1 and 4519.1 and 29796.1 and 10975.1 and 7385.1 and 1537.1 and 7386.1 and 27089.1 and 7381.1),0.3,0.7,40.6091370558377,28.426395939086298,True,optimal,103.06598984771584,0.6603763103485107,103.06598984771573,10.306598984771572,5.153299492385786,1.7177664974619289,10.0,20.0,0.0,0.0,2328.335025380716,aerobic,pfba,fva_informed,recon3d
CYOR_u10mi,CYOR_u10mi,Oxidative phosphorylation,(7384.1 and 7388.1 and 4519.1 and 29796.2 and 10975.1 and 7385.1 and 7386.1 and 1537.1 and 27089.1 and 7381.1) or (7384.1 and 7388.1 and 4519.1 and 29796.1 and 10975.1 and 7385.1 and 1537.1 and 7386.1 and 27089.1 and 7381.1),0.35,0.65,40.6091370558377,26.395939086294423,True,optimal,99.98984771573605,0.6730141639709473,99.98984771573602,9.998984771573602,4.999492385786801,1.6664974619289337,10.0,20.0,0.0,0.0,2455.025380710666,aerobic,pfba,fva_informed,recon3d
CYOR_u10mi,CYOR_u10mi,Oxidative phosphorylation,(7384.1 and 7388.1 and 4519.1 and 29796.2 and 10975.1 and 7385.1 and 7386.1 and 1537.1 and 27089.1 and 7381.1) or (7384.1 and 7388.1 and 4519.1 and 29796.1 and 10975.1 and 7385.1 and 1537.1 and 7386.1 and 27089.1 and 7381.1),0.4,0.6,40.6091370558377,24.365482233502544,True,optimal,96.91370558375638,0.7487735748291016,96.91370558375638,9.691370558375638,4.845685279187819,1.6152284263959398,10.0,20.0,3.9999999999999964,0.04127383197150634,2597.715736040608,aerobic,pfba,fva_informed,recon3d
CYOR_u10mi,CYOR_u10mi,Oxidative phosphorylation,(7384.1 and 7388.1 and 4519.1 and 29796.2 and 10975.1 and 7385.1 and 7386.1 and 1537.1 and 27089.1 and 7381.1) or (7384.1 and 7388.1 and 4519.1 and 29796.1 and 10975.1 and 7385.1 and 1537.1 and 7386.1 and 27089.1 and 7381.1),0.45,0.55,40.6091370558377,22.335025380710665,True,optimal,93.83756345177667,0.7460618019104004,93.8375634517767,9.38375634517767,4.691878172588835,1.563959390862945,10.0,20.0,0.0,0.0,2740.406091370575,aerobic,pfba,fva_informed,recon3d
CYOR_u10mi,CYOR_u10mi,Oxidative phosphorylation,(7384.1 and 7388.1 and 4519.1 and 29796.2 and 10975.1 and 7385.1 and 7386.1 and 1537.1 and 27089.1 and 7381.1) or (7384.1 and 7388.1 and 4519.1 and 29796.1 and 10975.1 and 7385.1 and 1537.1 and 7386.1 and 27089.1 and 7381.1),0.5,0.5,40.6091370558377,20.304568527918786,True,optimal,90.76142131979694,0.7874362468719482,90.76142131979694,9.076142131979694,4.538071065989847,1.5126903553299489,10.0,20.0,0.0,0.0,2883.096446700506,aerobic,pfba,fva_informed,recon3d
CYOR_u10mi,CYOR_u10mi,Oxidative phosphorylation,(7384.1 and 7388.1 and 4519.1 and 29796.2 and 10975.1 and 7385.1 and 7386.1 and 1537.1 and 27089.1 and 7381.1) or (7384.1 and 7388.1 and 4519.1 and 29796.1 and 10975.1 and 7385.1 and 1537.1 and 7386.1 and 27089.1 and 7381.1),0.55,0.44999999999999996,40.6091370558377,18.274111675126907,True,optimal,86.70050761421332,0.7010412216186523,86.70050761421321,8.67005076142132,4.33502538071066,1.445008460236887,10.0,20.0,0.0,0.0,2803.9086294416193,aerobic,pfba,fva_informed,recon3d
CYOR_u10mi,CYOR_u10mi,Oxidative phosphorylation,(7384.1 and 7388.1 and 4519.1 and 29796.2 and 10975.1 and 7385.1 and 7386.1 and 1537.1 and 27089.1 and 7381.1) or (7384.1 and 7388.1 and 4519.1 and 29796.1 and 10975.1 and 7385.1 and 1537.1 and 7386.1 and 27089.1 and 7381.1),0.6,0.4,40.6091370558377,16.243654822335028,True,optimal,82.63959390862965,0.701690673828125,82.63959390862942,8.263959390862942,4.131979695431471,1.3773265651438238,10.0,20.0,0.0,0.0,2724.720812182729,aerobic,pfba,fva_informed,recon3d
CYOR_u10mi,CYOR_u10mi,Oxidative phosphorylation,(7384.1 and 7388.1 and 4519.1 and 29796.2 and 10975.1 and 7385.1 and 7386.1 and 1537.1 and 27089.1 and 7381.1) or (7384.1 and 7388.1 and 4519.1 and 29796.1 and 10975.1 and 7385.1 and 1537.1 and 7386.1 and 27089.1 and 7381.1),0.65,0.35,40.6091370558377,14.213197969543149,True,optimal,78.57868020304569,0.7683730125427246,78.57868020304569,7.857868020304569,3.9289340101522847,1.3096446700507616,10.0,20.0,0.0,0.0,2645.532994923859,aerobic,pfba,fva_informed,recon3d
CYOR_u10mi,CYOR_u10mi,Oxidative phosphorylation,(7384.1 and 7388.1 and 4519.1 and 29796.2 and 10975.1 and 7385.1 and 7386.1 and 1537.1 and 27089.1 and 7381.1) or (7384.1 and 7388.1 and 4519.1 and 29796.1 and 10975.1 and 7385.1 and 1537.1 and 7386.1 and 27089.1 and 7381.1),0.7,0.30000000000000004,40.6091370558377,12.182741116751274,True,optimal,74.51776649746196,0.7270023822784424,74.51776649746196,7.451776649746196,3.725888324873098,1.2419627749576994,10.0,20.0,0.0,0.0,2566.345177664976,aerobic,pfba,fva_informed,recon3d
CYOR_u10mi,CYOR_u10mi,Oxidative phosphorylation,(7384.1 and 7388.1 and 4519.1 and 29796.2 and 10975.1 and 7385.1 and 7386.1 and 1537.1 and 27089.1 and 7381.1) or (7384.1 and 7388.1 and 4519.1 and 29796.1 and 10975.1 and 7385.1 and 1537.1 and 7386.1 and 27089.1 and 7381.1),0.75,0.25,40.6091370558377,10.152284263959393,True,optimal,70.4568527918782,0.7110123634338379,70.4568527918782,7.04568527918782,3.52284263959391,1.1742808798646367,10.0,20.0,0.0,0.0,2487.1573604060923,aerobic,pfba,fva_informed,recon3d
CYOR_u10mi,CYOR_u10mi,Oxidative phosphorylation,(7384.1 and 7388.1 and 4519.1 and 29796.2 and 10975.1 and 7385.1 and 7386.1 and 1537.1 and 27089.1 and 7381.1) or (7384.1 and 7388.1 and 4519.1 and 29796.1 and 10975.1 and 7385.1 and 1537.1 and 7386.1 and 27089.1 and 7381.1),0.8,0.19999999999999996,40.6091370558377,8.121827411167512,True,optimal,66.39593908629445,0.7360939979553223,66.39593908629445,6.639593908629445,3.3197969543147225,1.106598984771574,10.0,20.0,0.0,0.0,2407.9695431472114,aerobic,pfba,fva_informed,recon3d
CYOR_u10mi,CYOR_u10mi,Oxidative phosphorylation,(7384.1 and 7388.1 and 4519.1 and 29796.2 and 10975.1 and 7385.1 and 7386.1 and 1537.1 and 27089.1 and 7381.1) or (7384.1 and 7388.1 and 4519.1 and 29796.1 and 10975.1 and 7385.1 and 1537.1 and 7386.1 and 27089.1 and 7381.1),0.85,0.15000000000000002,40.6091370558377,6.091370558375637,True,optimal,62.33502538071066,0.7158792018890381,62.33502538071067,6.2335025380710665,3.1167512690355332,1.0389170896785112,10.0,20.0,5.162525397236518e-14,8.281901492309396e-16,2328.7817258883206,aerobic,pfba,fva_informed,recon3d
CYOR_u10mi,CYOR_u10mi,Oxidative phosphorylation,(7384.1 and 7388.1 and 4519.1 and 29796.2 and 10975.1 and 7385.1 and 7386.1 and 1537.1 and 27089.1 and 7381.1) or (7384.1 and 7388.1 and 4519.1 and 29796.1 and 10975.1 and 7385.1 and 1537.1 and 7386.1 and 27089.1 and 7381.1),0.9,0.09999999999999998,40.6091370558377,4.060913705583756,True,optimal,58.274111675126946,0.6947784423828125,58.274111675126946,5.827411167512695,2.9137055837563475,0.971235194585449,10.0,20.0,0.0,0.0,2249.59390862945,aerobic,pfba,fva_informed,recon3d
CYOR_u10mi,CYOR_u10mi,Oxidative phosphorylation,(7384.1 and 7388.1 and 4519.1 and 29796.2 and 10975.1 and 7385.1 and 7386.1 and 1537.1 and 27089.1 and 7381.1) or (7384.1 and 7388.1 and 4519.1 and 29796.1 and 10975.1 and 7385.1 and 1537.1 and 7386.1 and 27089.1 and 7381.1),0.95,0.050000000000000044,40.6091370558377,2.0304568527918803,True,optimal,54.21319796954315,0.7374904155731201,54.21319796954317,5.421319796954316,2.710659898477158,0.9035532994923862,10.0,20.0,0.0,0.0,2172.1319796954313,aerobic,pfba,fva_informed,recon3d
CYOR_u10mi,CYOR_u10mi,Oxidative phosphorylation,(7384.1 and 7388.1 and 4519.1 and 29796.2 and 10975.1 and 7385.1 and 7386.1 and 1537.1 and 27089.1 and 7381.1) or (7384.1 and 7388.1 and 4519.1 and 29796.1 and 10975.1 and 7385.1 and 1537.1 and 7386.1 and 27089.1 and 7381.1),1.0,0.0,40.6091370558377,0.0,True,optimal,50.152284263959395,0.6961584091186523,50.1522842639594,5.01522842639594,2.50761421319797,0.8358714043993234,10.0,20.0,0.0,0.0,2101.0659898477193,aerobic,pfba,fva_informed,recon3d
DCK1m,"Deoxycytidine Kinase, Mitochondrial (ATP)",Nucleotide interconversion,,0.0,1.0,-82.74111675126967,-82.74111675126849,True,optimal,121.52284263959363,0.756554126739502,121.52284263959355,12.152284263959356,6.076142131979678,2.0253807106598924,10.0,20.0,0.0,0.0,2184.873096446696,aerobic,pfba,fva_informed,recon3d
DCK1m,"Deoxycytidine Kinase, Mitochondrial (ATP)",Nucleotide interconversion,,0.05,0.95,-82.74111675126967,-82.74111675126915,True,optimal,121.52284263959379,0.829554557800293,121.52284263959393,12.152284263959393,6.076142131979696,2.0253807106598987,10.0,20.0,0.0,0.0,2184.873096446705,aerobic,pfba,fva_informed,recon3d
DCK1m,"Deoxycytidine Kinase, Mitochondrial (ATP)",Nucleotide interconversion,,0.1,0.9,-82.74111675126967,-82.74111675126878,True,optimal,121.52284263959373,0.7845203876495361,121.52284263959366,12.152284263959366,6.076142131979683,2.0253807106598942,10.0,20.0,0.0,0.0,2184.8730964466977,aerobic,pfba,fva_informed,recon3d
DCK1m,"Deoxycytidine Kinase, Mitochondrial (ATP)",Nucleotide interconversion,,0.15,0.85,-82.74111675126967,-82.74111675126866,True,optimal,121.52284263959378,0.7836008071899414,121.52284263959366,12.152284263959366,6.076142131979683,2.0253807106598942,10.0,20.0,0.0,0.0,2184.8730964466977,aerobic,pfba,fva_informed,recon3d
DCK1m,"Deoxycytidine Kinase, Mitochondrial (ATP)",Nucleotide interconversion,,0.2,0.8,-82.74111675126967,-82.74111675126869,True,optimal,121.52284263959366,0.8711955547332764,121.52284263959362,12.152284263959363,6.076142131979681,2.025380710659894,10.0,20.0,0.0,0.0,2184.8730964466968,aerobic,pfba,fva_informed,recon3d
DCK1m,"Deoxycytidine Kinase, Mitochondrial (ATP)",Nucleotide interconversion,,0.25,0.75,-82.74111675126967,-82.74111675126906,True,optimal,121.52284263959388,0.9008307456970215,121.52284263959403,12.152284263959404,6.076142131979702,2.0253807106599004,10.0,20.0,0.0,0.0,2184.873096446708,aerobic,pfba,fva_informed,recon3d
DCK1m,"Deoxycytidine Kinase, Mitochondrial (ATP)",Nucleotide interconversion,,0.3,0.7,-82.74111675126967,-82.74111675126886,True,optimal,121.52284263959386,0.7606618404388428,121.52284263959378,12.152284263959377,6.076142131979688,2.0253807106598964,10.0,20.0,0.0,0.0,2184.8730964467004,aerobic,pfba,fva_informed,recon3d
DCK1m,"Deoxycytidine Kinase, Mitochondrial (ATP)",Nucleotide interconversion,,0.35,0.65,-82.74111675126967,-82.74111675126836,True,optimal,121.52284263959385,0.7758867740631104,121.52284263959369,12.15228426395937,6.076142131979685,2.0253807106598947,10.0,20.0,0.0,0.0,2184.8730964466977,aerobic,pfba,fva_informed,recon3d
DCK1m,"Deoxycytidine Kinase, Mitochondrial (ATP)",Nucleotide interconversion,,0.4,0.6,-82.74111675126967,-82.7411167512687,True,optimal,121.52284263959353,0.7875030040740967,121.52284263959366,12.152284263959366,6.076142131979683,2.0253807106598942,10.0,20.0,0.0,0.0,2184.8730964466977,aerobic,pfba,fva_informed,recon3d
DCK1m,"Deoxycytidine Kinase, Mitochondrial (ATP)",Nucleotide interconversion,,0.45,0.55,-82.74111675126967,-82.74111675126848,True,optimal,121.52284263959366,0.8614523410797119,121.5228426395937,12.15228426395937,6.076142131979685,2.025380710659895,10.0,20.0,0.0,0.0,2184.873096446696,aerobic,pfba,fva_informed,recon3d
DCK1m,"Deoxycytidine Kinase, Mitochondrial (ATP)",Nucleotide interconversion,,0.5,0.5,-82.74111675126967,-82.74111675126844,True,optimal,121.52284263959378,0.7012670040130615,121.52284263959363,12.152284263959363,6.076142131979681,2.025380710659894,10.0,20.0,0.0,0.0,2184.8730964466954,aerobic,pfba,fva_informed,recon3d
DCK1m,"Deoxycytidine Kinase, Mitochondrial (ATP)",Nucleotide interconversion,,0.55,0.44999999999999996,-82.74111675126967,-82.74111675126828,True,optimal,121.5228426395937,0.7719507217407227,121.52284263959359,12.15228426395936,6.07614213197968,2.0253807106598933,10.0,20.0,0.0,0.0,2184.873096446694,aerobic,pfba,fva_informed,recon3d
DCK1m,"Deoxycytidine Kinase, Mitochondrial (ATP)",Nucleotide interconversion,,0.6,0.4,-82.74111675126967,-82.74111675126908,True,optimal,121.52284263959378,0.7798256874084473,121.52284263959392,12.152284263959391,6.0761421319796955,2.0253807106598987,10.0,20.0,0.0,0.0,2184.8730964467036,aerobic,pfba,fva_informed,recon3d
DCK1m,"Deoxycytidine Kinase, Mitochondrial (ATP)",Nucleotide interconversion,,0.65,0.35,-82.74111675126967,-82.74111675126906,True,optimal,121.52284263959388,0.8192331790924072,121.52284263959388,12.152284263959388,6.076142131979694,2.0253807106598978,10.0,20.0,0.0,0.0,2184.8730964467004,aerobic,pfba,fva_informed,recon3d
DCK1m,"Deoxycytidine Kinase, Mitochondrial (ATP)",Nucleotide interconversion,,0.7,0.30000000000000004,-82.74111675126967,-82.74111675126854,True,optimal,121.52284263959376,0.8766329288482666,121.52284263959373,12.152284263959373,6.076142131979687,2.0253807106598956,10.0,20.0,0.0,0.0,2184.873096446699,aerobic,pfba,fva_informed,recon3d
DCK1m,"Deoxycytidine Kinase, Mitochondrial (ATP)",Nucleotide interconversion,,0.75,0.25,-82.74111675126967,-82.74111675126827,True,optimal,121.52284263959366,0.8297824859619141,121.52284263959366,12.152284263959366,6.076142131979683,2.0253807106598942,10.0,20.0,0.0,0.0,2184.8730964466954,aerobic,pfba,fva_informed,recon3d
DCK1m,"Deoxycytidine Kinase, Mitochondrial (ATP)",Nucleotide interconversion,,0.8,0.19999999999999996,-82.74111675126967,-82.74111675126848,True,optimal,121.52284263959378,0.8442137241363525,121.52284263959358,12.152284263959357,6.076142131979679,2.025380710659893,10.0,20.0,0.0,0.0,2184.8730964466986,aerobic,pfba,fva_informed,recon3d
DCK1m,"Deoxycytidine Kinase, Mitochondrial (ATP)",Nucleotide interconversion,,0.85,0.15000000000000002,-82.74111675126967,-82.74111675126935,True,optimal,121.5228426395938,0.778815507888794,121.52284263959373,12.152284263959373,6.076142131979687,2.0253807106598956,10.0,20.0,0.0,0.0,2184.8730964467095,aerobic,pfba,fva_informed,recon3d
DCK1m,"Deoxycytidine Kinase, Mitochondrial (ATP)",Nucleotide interconversion,,0.9,0.09999999999999998,-82.74111675126967,-82.7411167512687,True,optimal,121.5228426395938,0.7455549240112305,121.52284263959382,12.152284263959382,6.076142131979691,2.025380710659897,10.0,20.0,0.0,0.0,2184.8730964466968,aerobic,pfba,fva_informed,recon3d
DCK1m,"Deoxycytidine Kinase, Mitochondrial (ATP)",Nucleotide interconversion,,0.95,0.050000000000000044,-82.74111675126967,-50.000000000000064,True,optimal,110.60913705583756,0.7776477336883545,110.60913705583755,11.060913705583754,5.530456852791877,1.8434856175972925,10.0,20.0,0.0,0.0,1944.7715736040623,aerobic,pfba,fva_informed,recon3d
DCK1m,"Deoxycytidine Kinase, Mitochondrial (ATP)",Nucleotide interconversion,,1.0,0.0,-82.74111675126967,0.0,True,optimal,93.94247038917091,0.922102689743042,93.94247038917088,9.394247038917088,4.697123519458544,1.5657078398195146,10.0,20.0,0.0,0.0,1578.104906937393,aerobic,pfba,fva_informed,recon3d
DCMPtm,DCMPtm,"Transport, mitochondrial",,0.0,1.0,-82.74111675126967,-82.74111675126925,True,optimal,121.52284263959397,0.6495466232299805,121.52284263959396,12.152284263959396,6.076142131979698,2.0253807106598996,10.0,20.0,0.0,0.0,2184.8730964467045,aerobic,pfba,fva_informed,recon3d
DCMPtm,DCMPtm,"Transport, mitochondrial",,0.05,0.95,-82.74111675126967,-82.74111675126896,True,optimal,121.52284263959395,0.7395477294921875,121.52284263959396,12.152284263959396,6.076142131979698,2.0253807106598996,10.0,20.0,0.0,0.0,2184.8730964467018,aerobic,pfba,fva_informed,recon3d
DCMPtm,DCMPtm,"Transport, mitochondrial",,0.1,0.9,-82.74111675126967,-82.74111675126878,True,optimal,121.52284263959395,0.7073431015014648,121.52284263959383,12.152284263959384,6.076142131979692,2.0253807106598973,10.0,20.0,0.0,0.0,2184.873096446698,aerobic,pfba,fva_informed,recon3d
DCMPtm,DCMPtm,"Transport, mitochondrial",,0.15,0.85,-82.74111675126967,-82.74111675126883,True,optimal,121.52284263959385,0.708885669708252,121.52284263959385,12.152284263959384,6.076142131979692,2.0253807106598973,10.0,20.0,0.0,0.0,2184.8730964466986,aerobic,pfba,fva_informed,recon3d
DCMPtm,DCMPtm,"Transport, mitochondrial",,0.2,0.8,-82.74111675126967,-82.74111675126915,True,optimal,121.52284263959388,0.6929666996002197,121.52284263959388,12.152284263959388,6.076142131979694,2.0253807106598978,10.0,20.0,0.0,0.0,2184.873096446703,aerobic,pfba,fva_informed,recon3d
DCMPtm,DCMPtm,"Transport, mitochondrial",,0.25,0.75,-82.74111675126967,-82.74111675126903,True,optimal,121.52284263959388,0.650416374206543,121.52284263959395,12.152284263959395,6.076142131979697,2.025380710659899,10.0,20.0,0.0,0.0,2184.873096446701,aerobic,pfba,fva_informed,recon3d
DCMPtm,DCMPtm,"Transport, mitochondrial",,0.3,0.7,-82.74111675126967,-82.74111675126898,True,optimal,121.52284263959386,0.6958210468292236,121.52284263959395,12.152284263959395,6.076142131979697,2.025380710659899,10.0,20.0,0.0,0.0,2184.8730964467027,aerobic,pfba,fva_informed,recon3d
DCMPtm,DCMPtm,"Transport, mitochondrial",,0.35,0.65,-82.74111675126967,-82.74111675126905,True,optimal,121.52284263959397,0.7625198364257812,121.52284263959395,12.152284263959395,6.076142131979697,2.025380710659899,10.0,20.0,0.0,0.0,2184.873096446701,aerobic,pfba,fva_informed,recon3d
DCMPtm,DCMPtm,"Transport, mitochondrial",,0.4,0.6,-82.74111675126967,-82.74111675126925,True,optimal,121.52284263959388,0.7457172870635986,121.52284263959385,12.152284263959384,6.076142131979692,2.0253807106598973,10.0,20.0,0.0,0.0,2184.873096446706,aerobic,pfba,fva_informed,recon3d
DCMPtm,DCMPtm,"Transport, mitochondrial",,0.45,0.55,-82.74111675126967,-82.74111675126892,True,optimal,121.52284263959385,0.73380446434021,121.52284263959393,12.152284263959393,6.076142131979696,2.0253807106598987,10.0,20.0,0.0,0.0,2184.8730964467004,aerobic,pfba,fva_informed,recon3d
DCMPtm,DCMPtm,"Transport, mitochondrial",,0.5,0.5,-82.74111675126967,-82.74111675126917,True,optimal,121.52284263959389,0.7190818786621094,121.52284263959397,12.152284263959398,6.076142131979699,2.0253807106598996,10.0,20.0,0.0,0.0,2184.8730964467077,aerobic,pfba,fva_informed,recon3d
DCMPtm,DCMPtm,"Transport, mitochondrial",,0.55,0.44999999999999996,-82.74111675126967,-82.74111675126865,True,optimal,121.52284263959388,0.6363275051116943,121.52284263959383,12.152284263959384,6.076142131979692,2.0253807106598973,10.0,20.0,0.0,0.0,2184.8730964466986,aerobic,pfba,fva_informed,recon3d
DCMPtm,DCMPtm,"Transport, mitochondrial",,0.6,0.4,-82.74111675126967,-82.74111675126916,True,optimal,121.5228426395938,0.745328426361084,121.52284263959393,12.152284263959393,6.076142131979696,2.0253807106598987,10.0,20.0,0.0,0.0,2184.8730964467036,aerobic,pfba,fva_informed,recon3d
DCMPtm,DCMPtm,"Transport, mitochondrial",,0.65,0.35,-82.74111675126967,-82.74111675126893,True,optimal,121.52284263959392,0.7190601825714111,121.52284263959392,12.152284263959391,6.0761421319796955,2.0253807106598987,10.0,20.0,0.0,0.0,2184.8730964467004,aerobic,pfba,fva_informed,recon3d
DCMPtm,DCMPtm,"Transport, mitochondrial",,0.7,0.30000000000000004,-82.74111675126967,-82.74111675126898,True,optimal,121.52284263959389,0.728538990020752,121.52284263959392,12.152284263959391,6.0761421319796955,2.0253807106598987,10.0,20.0,0.0,0.0,2184.8730964467004,aerobic,pfba,fva_informed,recon3d
DCMPtm,DCMPtm,"Transport, mitochondrial",,0.75,0.25,-82.74111675126967,-82.7411167512691,True,optimal,121.52284263959386,0.7484047412872314,121.52284263959388,12.152284263959388,6.076142131979694,2.0253807106598978,10.0,20.0,0.0,0.0,2184.873096446702,aerobic,pfba,fva_informed,recon3d
DCMPtm,DCMPtm,"Transport, mitochondrial",,0.8,0.19999999999999996,-82.74111675126967,-82.74111675126888,True,optimal,121.52284263959389,0.7765626907348633,121.52284263959382,12.152284263959382,6.076142131979691,2.025380710659897,10.0,20.0,0.0,0.0,2184.873096446699,aerobic,pfba,fva_informed,recon3d
DCMPtm,DCMPtm,"Transport, mitochondrial",,0.85,0.15000000000000002,-82.74111675126967,-82.74111675126935,True,optimal,121.5228426395938,0.7063086032867432,121.52284263959383,12.152284263959384,6.076142131979692,2.0253807106598973,10.0,20.0,0.0,0.0,2184.8730964467036,aerobic,pfba,fva_informed,recon3d
DCMPtm,DCMPtm,"Transport, mitochondrial",,0.9,0.09999999999999998,-82.74111675126967,-82.74111675126909,True,optimal,121.52284263959389,0.7448689937591553,121.52284263959395,12.152284263959395,6.076142131979697,2.025380710659899,10.0,20.0,0.0,0.0,2184.8730964467036,aerobic,pfba,fva_informed,recon3d
DCMPtm,DCMPtm,"Transport, mitochondrial",,0.95,0.050000000000000044,-82.74111675126967,-50.00000000000004,True,optimal,110.60913705583751,0.71663498878479,110.60913705583752,11.060913705583753,5.530456852791876,1.843485617597292,10.0,20.0,0.0,0.0,1944.7715736040582,aerobic,pfba,fva_informed,recon3d
DCMPtm,DCMPtm,"Transport, mitochondrial",,1.0,0.0,-82.74111675126967,0.0,True,optimal,93.94247038917088,0.7287406921386719,93.94247038917094,9.394247038917094,4.697123519458547,1.5657078398195157,10.0,20.0,0.0,0.0,1578.1049069373937,aerobic,pfba,fva_informed,recon3d
ENO,Enolase,Glycolysis/gluconeogenesis,2023.1 or 2027.1 or 2027.2 or 2026.1,0.0,1.0,19.999999999999996,20.000000000000007,True,optimal,121.52284263959386,0.8095691204071045,121.52284263959385,12.152284263959384,6.076142131979692,2.0253807106598973,10.0,20.0,0.0,0.0,2184.8730964467,aerobic,pfba,fva_informed,recon3d
ENO,Enolase,Glycolysis/gluconeogenesis,2023.1 or 2027.1 or 2027.2 or 2026.1,0.05,0.95,19.999999999999996,19.877769201080618,True,optimal,121.40061184067447,0.8354747295379639,121.4006118406746,12.21471188367303,6.07003059203373,2.035785313945505,9.93888460054031,20.0,0.0,0.0,2183.2840960607527,aerobic,pfba,fva_informed,recon3d
ENO,Enolase,Glycolysis/gluconeogenesis,2023.1 or 2027.1 or 2027.2 or 2026.1,0.1,0.9,19.999999999999996,18.831570822076376,True,optimal,120.35441346167025,0.8708310127258301,120.35441346167042,12.782195877210397,6.017720673083521,2.1303659795350662,9.415785411038211,20.0,0.0,0.0,2169.683517133701,aerobic,pfba,fva_informed,recon3d
ENO,Enolase,Glycolysis/gluconeogenesis,2023.1 or 2027.1 or 2027.2 or 2026.1,0.15,0.85,19.999999999999996,17.785372443072134,True,optimal,119.3082150826661,0.7888777256011963,119.30821508266611,13.416442693516926,5.9654107541333055,2.236073782252821,8.89268622153606,20.0,0.0,0.0,2156.0829382066413,aerobic,pfba,fva_informed,recon3d
ENO,Enolase,Glycolysis/gluconeogenesis,2023.1 or 2027.1 or 2027.2 or 2026.1,0.2,0.8,19.999999999999996,16.739174064067893,True,optimal,118.2620167036618,0.780858039855957,118.26201670366183,14.12997036186181,5.913100835183092,2.3549950603103014,8.369587032033891,20.0,0.0,0.0,2142.4823592795874,aerobic,pfba,fva_informed,recon3d
ENO,Enolase,Glycolysis/gluconeogenesis,2023.1 or 2027.1 or 2027.2 or 2026.1,0.25,0.75,19.999999999999996,15.692975685063647,True,optimal,117.21581832465752,0.8455908298492432,117.2158183246576,14.938635052652756,5.86079091623288,2.4897725087754594,7.8464878425316895,20.0,0.0,0.0,2128.8817803525317,aerobic,pfba,fva_informed,recon3d
ENO,Enolase,Glycolysis/gluconeogenesis,2023.1 or 2027.1 or 2027.2 or 2026.1,0.3,0.7,19.999999999999996,14.646777306059404,True,optimal,116.16961994565328,0.7447981834411621,116.16961994565325,15.862823270699101,5.808480997282663,2.64380387844985,7.323388653029699,20.0,0.0,0.0,2115.281201425474,aerobic,pfba,fva_informed,recon3d
ENO,Enolase,Glycolysis/gluconeogenesis,2023.1 or 2027.1 or 2027.2 or 2026.1,0.35,0.65,19.999999999999996,13.600578927055162,True,optimal,115.12342156664909,0.7979447841644287,115.12342156664903,16.929194291522037,5.756171078332452,2.8215323819203397,6.800289463527608,20.0,0.0,0.0,2101.680622498419,aerobic,pfba,fva_informed,recon3d
ENO,Enolase,Glycolysis/gluconeogenesis,2023.1 or 2027.1 or 2027.2 or 2026.1,0.4,0.6,19.999999999999996,12.554380548050917,True,optimal,114.07722318764485,0.7816972732543945,114.07722318764483,18.173293815815747,5.7038611593822415,3.0288823026359575,6.277190274025416,20.0,0.0,0.0,2088.080043571364,aerobic,pfba,fva_informed,recon3d
ENO,Enolase,Glycolysis/gluconeogenesis,2023.1 or 2027.1 or 2027.2 or 2026.1,0.45,0.55,19.999999999999996,11.508182169046675,True,optimal,113.03102480864057,0.7810115814208984,113.03102480864061,19.643593253616995,5.65155124043203,3.273932208936166,5.754091084523352,20.0,0.0,0.0,2074.4794646443106,aerobic,pfba,fva_informed,recon3d
ENO,Enolase,Glycolysis/gluconeogenesis,2023.1 or 2027.1 or 2027.2 or 2026.1,0.5,0.5,19.999999999999996,10.461983790042432,True,optimal,111.98482642963636,0.7088348865509033,111.98482642963639,21.40795257897872,5.599241321481819,3.567992096496453,5.230991895021224,20.0,0.0,0.0,2060.8788857172513,aerobic,pfba,fva_informed,recon3d
ENO,Enolase,Glycolysis/gluconeogenesis,2023.1 or 2027.1 or 2027.2 or 2026.1,0.55,0.44999999999999996,19.999999999999996,9.415785411038188,True,optimal,110.93862805063205,0.8019123077392578,110.93862805063215,23.56439175442082,5.546931402531607,3.927398625736803,4.7078927055190976,20.0,0.0,0.0,2047.2783067901994,aerobic,pfba,fva_informed,recon3d
ENO,Enolase,Glycolysis/gluconeogenesis,2023.1 or 2027.1 or 2027.2 or 2026.1,0.6,0.4,19.999999999999996,8.369587032033946,True,optimal,109.89242967162785,0.7272341251373291,109.89242967162787,26.25994072372334,5.494621483581393,4.3766567872872235,4.184793516016987,20.0,0.0,0.0,2033.6777278631453,aerobic,pfba,fva_informed,recon3d
ENO,Enolase,Glycolysis/gluconeogenesis,2023.1 or 2027.1 or 2027.2 or 2026.1,0.65,0.35,19.999999999999996,7.323388653029702,True,optimal,108.84623129262361,0.7677056789398193,108.84623129262363,29.725646541398074,5.442311564631181,4.954274423566345,3.661694326514868,20.0,0.0,0.0,2020.0771489360955,aerobic,pfba,fva_informed,recon3d
ENO,Enolase,Glycolysis/gluconeogenesis,2023.1 or 2027.1 or 2027.2 or 2026.1,0.7,0.30000000000000004,19.999999999999996,6.27719027402546,True,optimal,107.80003291361939,0.7953169345855713,107.80003291361935,31.85490972597483,5.390001645680967,5.309151620995805,3.384094754653097,20.0,0.0,0.0,2019.7335493616106,aerobic,pfba,fva_informed,recon3d
ENO,Enolase,Glycolysis/gluconeogenesis,2023.1 or 2027.1 or 2027.2 or 2026.1,0.75,0.25,19.999999999999996,5.230991895021216,True,optimal,106.75383453461514,0.8181624412536621,106.75383453461514,31.54575810497878,5.337691726730757,5.257626350829797,3.3840947546531295,20.0,0.0,0.0,2034.789492697074,aerobic,pfba,fva_informed,recon3d
ENO,Enolase,Glycolysis/gluconeogenesis,2023.1 or 2027.1 or 2027.2 or 2026.1,0.8,0.19999999999999996,19.999999999999996,4.184793516016971,True,optimal,105.70763615561086,0.7585330009460449,105.70763615561087,31.236606483983074,5.285381807780544,5.206101080663846,3.3840947546531237,20.0,0.0,0.0,2050.482468382138,aerobic,pfba,fva_informed,recon3d
ENO,Enolase,Glycolysis/gluconeogenesis,2023.1 or 2027.1 or 2027.2 or 2026.1,0.85,0.15000000000000002,19.999999999999996,3.13859513701273,True,optimal,104.66143777660666,0.8147659301757812,104.66143777660665,30.927454862987126,5.233071888830333,5.154575810497854,3.3840947546531455,20.0,0.0,0.0,2066.1754440672034,aerobic,pfba,fva_informed,recon3d
ENO,Enolase,Glycolysis/gluconeogenesis,2023.1 or 2027.1 or 2027.2 or 2026.1,0.9,0.09999999999999998,19.999999999999996,2.0923967580084857,True,optimal,103.61523939760237,0.7231884002685547,103.61523939760245,30.61830324199153,5.180761969880122,5.103050540331922,3.3840947546531295,20.0,0.0,0.0,2081.8684197522657,aerobic,pfba,fva_informed,recon3d
ENO,Enolase,Glycolysis/gluconeogenesis,2023.1 or 2027.1 or 2027.2 or 2026.1,0.95,0.050000000000000044,19.999999999999996,1.0461983790042442,True,optimal,102.56904101859816,0.7756400108337402,102.56904101859818,30.309151620995433,5.128452050929909,5.0515252701659055,3.3840947546531672,20.0,0.0,0.0,2097.561395437333,aerobic,pfba,fva_informed,recon3d
ENO,Enolase,Glycolysis/gluconeogenesis,2023.1 or 2027.1 or 2027.2 or 2026.1,1.0,0.0,19.999999999999996,0.0,True,optimal,101.52284263959383,0.7632648944854736,101.52284263959389,29.999999999999773,5.076142131979695,4.999999999999962,3.3840947546531552,20.0,0.0,0.0,2113.254371122392,aerobic,pfba,fva_informed,recon3d
GAPD,Glyceraldehyde-3-Phosphate Dehydrogenase,Glycolysis/gluconeogenesis,2597.1 or 26330.1,0.0,1.0,19.999999999999996,19.999999999999982,True,optimal,121.52284263959392,1.0051021575927734,121.52284263959385,12.152284263959384,6.076142131979692,2.0253807106598973,10.0,20.0,0.0,0.0,2184.8730964466995,aerobic,pfba,fva_informed,recon3d
GAPD,Glyceraldehyde-3-Phosphate Dehydrogenase,Glycolysis/gluconeogenesis,2597.1 or 26330.1,0.05,0.95,19.999999999999996,20.0,True,optimal,121.52284263959396,0.9564380645751953,121.52284263959396,12.152284263959396,6.076142131979698,2.0253807106598996,10.0,20.0,0.0,0.0,2184.873096446706,aerobic,pfba,fva_informed,recon3d
GAPD,Glyceraldehyde-3-Phosphate Dehydrogenase,Glycolysis/gluconeogenesis,2597.1 or 26330.1,0.1,0.9,19.999999999999996,19.99999999999998,True,optimal,121.52284263959388,0.9771225452423096,121.52284263959388,12.152284263959388,6.076142131979694,2.0253807106598978,10.0,20.0,0.0,0.0,2184.873096446702,aerobic,pfba,fva_informed,recon3d
GAPD,Glyceraldehyde-3-Phosphate Dehydrogenase,Glycolysis/gluconeogenesis,2597.1 or 26330.1,0.15,0.85,19.999999999999996,20.0,True,optimal,121.52284263959388,0.9732139110565186,121.52284263959382,12.152284263959382,6.076142131979691,2.025380710659897,10.0,20.0,0.0,0.0,2184.873096446705,aerobic,pfba,fva_informed,recon3d
GAPD,Glyceraldehyde-3-Phosphate Dehydrogenase,Glycolysis/gluconeogenesis,2597.1 or 26330.1,0.2,0.8,19.999999999999996,19.999999999999993,True,optimal,121.52284263959392,1.0353288650512695,121.52284263959388,12.152284263959388,6.076142131979694,2.0253807106598978,10.0,20.0,0.0,0.0,2184.873096446703,aerobic,pfba,fva_informed,recon3d
GAPD,Glyceraldehyde-3-Phosphate Dehydrogenase,Glycolysis/gluconeogenesis,2597.1 or 26330.1,0.25,0.75,19.999999999999996,19.999999999999993,True,optimal,121.52284263959395,1.0061116218566895,121.52284263959397,12.152284263959398,6.076142131979699,2.0253807106598996,10.0,20.0,0.0,0.0,2184.8730964467036,aerobic,pfba,fva_informed,recon3d
GAPD,Glyceraldehyde-3-Phosphate Dehydrogenase,Glycolysis/gluconeogenesis,2597.1 or 26330.1,0.3,0.7,19.999999999999996,19.99999999999997,True,optimal,121.52284263959393,0.9916634559631348,121.52284263959402,12.152284263959402,6.076142131979701,2.0253807106599004,10.0,20.0,0.0,0.0,2184.8730964467045,aerobic,pfba,fva_informed,recon3d
GAPD,Glyceraldehyde-3-Phosphate Dehydrogenase,Glycolysis/gluconeogenesis,2597.1 or 26330.1,0.35,0.65,19.999999999999996,19.999999999999957,True,optimal,121.52284263959402,1.0092365741729736,121.52284263959388,12.152284263959388,6.076142131979694,2.0253807106598978,10.0,20.0,0.0,0.0,2184.87309644671,aerobic,pfba,fva_informed,recon3d
GAPD,Glyceraldehyde-3-Phosphate Dehydrogenase,Glycolysis/gluconeogenesis,2597.1 or 26330.1,0.4,0.6,19.999999999999996,19.99999999999998,True,optimal,121.52284263959397,1.0258667469024658,121.52284263959386,12.152284263959386,6.076142131979693,2.0253807106598978,10.0,20.0,0.0,0.0,2184.8730964467045,aerobic,pfba,fva_informed,recon3d
GAPD,Glyceraldehyde-3-Phosphate Dehydrogenase,Glycolysis/gluconeogenesis,2597.1 or 26330.1,0.45,0.55,19.999999999999996,19.99999999999997,True,optimal,121.52284263959397,1.0111539363861084,121.52284263959397,12.152284263959398,6.076142131979699,2.0253807106598996,10.0,20.0,0.0,0.0,2184.87309644671,aerobic,pfba,fva_informed,recon3d
GAPD,Glyceraldehyde-3-Phosphate Dehydrogenase,Glycolysis/gluconeogenesis,2597.1 or 26330.1,0.5,0.5,19.999999999999996,19.999999999999986,True,optimal,121.52284263959385,1.0584969520568848,121.52284263959397,12.152284263959398,6.076142131979699,2.0253807106598996,10.0,20.0,0.0,0.0,2184.8730964467045,aerobic,pfba,fva_informed,recon3d
GAPD,Glyceraldehyde-3-Phosphate Dehydrogenase,Glycolysis/gluconeogenesis,2597.1 or 26330.1,0.55,0.44999999999999996,19.999999999999996,19.999999999999964,True,optimal,121.52284263959392,1.0597710609436035,121.52284263959403,12.152284263959404,6.076142131979702,2.0253807106599004,10.0,20.0,0.0,0.0,2184.8730964467054,aerobic,pfba,fva_informed,recon3d
GAPD,Glyceraldehyde-3-Phosphate Dehydrogenase,Glycolysis/gluconeogenesis,2597.1 or 26330.1,0.6,0.4,19.999999999999996,19.99999999999998,True,optimal,121.52284263959396,1.0768959522247314,121.52284263959393,12.152284263959393,6.076142131979696,2.0253807106598987,10.0,20.0,0.0,0.0,2184.8730964467,aerobic,pfba,fva_informed,recon3d
GAPD,Glyceraldehyde-3-Phosphate Dehydrogenase,Glycolysis/gluconeogenesis,2597.1 or 26330.1,0.65,0.35,19.999999999999996,19.999999999999993,True,optimal,121.52284263959392,0.9876973628997803,121.52284263959396,12.152284263959396,6.076142131979698,2.0253807106598996,10.0,20.0,0.0,0.0,2184.873096446705,aerobic,pfba,fva_informed,recon3d
GAPD,Glyceraldehyde-3-Phosphate Dehydrogenase,Glycolysis/gluconeogenesis,2597.1 or 26330.1,0.7,0.30000000000000004,19.999999999999996,19.999999999999986,True,optimal,121.52284263959389,1.0559277534484863,121.52284263959395,12.152284263959395,6.076142131979697,2.025380710659899,10.0,20.0,0.0,0.0,2184.8730964467027,aerobic,pfba,fva_informed,recon3d
GAPD,Glyceraldehyde-3-Phosphate Dehydrogenase,Glycolysis/gluconeogenesis,2597.1 or 26330.1,0.75,0.25,19.999999999999996,19.999999999999968,True,optimal,121.52284263959392,1.0437507629394531,121.52284263959392,12.152284263959391,6.0761421319796955,2.0253807106598987,10.0,20.0,0.0,0.0,2184.8730964467045,aerobic,pfba,fva_informed,recon3d
GAPD,Glyceraldehyde-3-Phosphate Dehydrogenase,Glycolysis/gluconeogenesis,2597.1 or 26330.1,0.8,0.19999999999999996,19.999999999999996,19.999999999999975,True,optimal,121.52284263959392,1.0733911991119385,121.52284263959395,12.152284263959395,6.076142131979697,2.025380710659899,10.0,20.0,0.0,0.0,2184.8730964467018,aerobic,pfba,fva_informed,recon3d
GAPD,Glyceraldehyde-3-Phosphate Dehydrogenase,Glycolysis/gluconeogenesis,2597.1 or 26330.1,0.85,0.15000000000000002,19.999999999999996,19.99999999999997,True,optimal,121.52284263959393,1.0429058074951172,121.52284263959397,12.152284263959398,6.076142131979699,2.0253807106598996,10.0,20.0,0.0,0.0,2184.8730964467045,aerobic,pfba,fva_informed,recon3d
GAPD,Glyceraldehyde-3-Phosphate Dehydrogenase,Glycolysis/gluconeogenesis,2597.1 or 26330.1,0.9,0.09999999999999998,19.999999999999996,19.999999999999975,True,optimal,121.52284263959396,1.0233774185180664,121.52284263959395,12.152284263959395,6.076142131979697,2.025380710659899,10.0,20.0,0.0,0.0,2184.873096446702,aerobic,pfba,fva_informed,recon3d
GAPD,Glyceraldehyde-3-Phosphate Dehydrogenase,Glycolysis/gluconeogenesis,2597.1 or 26330.1,0.95,0.050000000000000044,19.999999999999996,19.999999999999996,True,optimal,121.52284263959392,1.0199298858642578,121.52284263959395,12.152284263959395,6.076142131979697,2.025380710659899,10.0,20.0,0.0,0.0,2184.873096446702,aerobic,pfba,fva_informed,recon3d
GAPD,Glyceraldehyde-3-Phosphate Dehydrogenase,Glycolysis/gluconeogenesis,2597.1 or 26330.1,1.0,0.0,19.999999999999996,0.0,True,optimal,101.52284263959389,0.7949864864349365,101.52284263959422,29.999999999998355,5.076142131979711,4.9999999999997256,3.384094754653326,20.0,0.0,0.0,2090.693739424726,aerobic,pfba,fva_informed,recon3d
GLUt2m,"L-Glutamate Reversible Transport via Proton Symport, Mitochondrial","Transport, mitochondrial",83733.1 or 8604.1 or 79751.1 or 10165.1,0.0,1.0,101.52284263959429,101.5228426395939,True,optimal,121.52284263959386,0.8912351131439209,121.52284263959386,12.152284263959386,6.076142131979693,2.0253807106598978,10.0,20.0,0.0,0.0,2184.8730964467013,aerobic,pfba,fva_informed,recon3d
GLUt2m,"L-Glutamate Reversible Transport via Proton Symport, Mitochondrial","Transport, mitochondrial",83733.1 or 8604.1 or 79751.1 or 10165.1,0.05,0.95,101.52284263959429,101.52284263959392,True,optimal,121.52284263959392,0.6296987533569336,121.52284263959393,12.152284263959393,6.076142131979696,2.0253807106598987,10.0,20.0,0.0,0.0,2184.8730964467018,aerobic,pfba,fva_informed,recon3d
GLUt2m,"L-Glutamate Reversible Transport via Proton Symport, Mitochondrial","Transport, mitochondrial",83733.1 or 8604.1 or 79751.1 or 10165.1,0.1,0.9,101.52284263959429,101.52284263959399,True,optimal,121.52284263959385,0.8213591575622559,121.52284263959393,12.152284263959393,6.076142131979696,2.0253807106598987,10.0,20.0,0.0,0.0,2184.8730964467045,aerobic,pfba,fva_informed,recon3d
GLUt2m,"L-Glutamate Reversible Transport via Proton Symport, Mitochondrial","Transport, mitochondrial",83733.1 or 8604.1 or 79751.1 or 10165.1,0.15,0.85,101.52284263959429,101.52284263959383,True,optimal,121.52284263959393,0.8912971019744873,121.52284263959388,12.152284263959388,6.076142131979694,2.0253807106598978,10.0,20.0,0.0,0.0,2184.8730964466986,aerobic,pfba,fva_informed,recon3d
GLUt2m,"L-Glutamate Reversible Transport via Proton Symport, Mitochondrial","Transport, mitochondrial",83733.1 or 8604.1 or 79751.1 or 10165.1,0.2,0.8,101.52284263959429,101.52284263959382,True,optimal,121.52284263959385,0.7559716701507568,121.52284263959388,12.152284263959388,6.076142131979694,2.0253807106598978,10.0,20.0,0.0,0.0,2184.8730964466995,aerobic,pfba,fva_informed,recon3d
GLUt2m,"L-Glutamate Reversible Transport via Proton Symport, Mitochondrial","Transport, mitochondrial",83733.1 or 8604.1 or 79751.1 or 10165.1,0.25,0.75,101.52284263959429,101.52284263959378,True,optimal,121.52284263959388,0.837390661239624,121.5228426395938,12.15228426395938,6.07614213197969,2.025380710659897,10.0,20.0,0.0,0.0,2184.8730964467,aerobic,pfba,fva_informed,recon3d
GLUt2m,"L-Glutamate Reversible Transport via Proton Symport, Mitochondrial","Transport, mitochondrial",83733.1 or 8604.1 or 79751.1 or 10165.1,0.3,0.7,101.52284263959429,101.52284263959402,True,optimal,121.52284263959389,0.8397831916809082,121.52284263959402,12.152284263959402,6.076142131979701,2.0253807106599004,10.0,20.0,0.0,0.0,2184.873096446706,aerobic,pfba,fva_informed,recon3d
GLUt2m,"L-Glutamate Reversible Transport via Proton Symport, Mitochondrial","Transport, mitochondrial",83733.1 or 8604.1 or 79751.1 or 10165.1,0.35,0.65,101.52284263959429,101.52284263959383,True,optimal,121.52284263959392,0.7802772521972656,121.52284263959388,12.152284263959388,6.076142131979694,2.0253807106598978,10.0,20.0,0.0,0.0,2184.8730964467027,aerobic,pfba,fva_informed,recon3d
GLUt2m,"L-Glutamate Reversible Transport via Proton Symport, Mitochondrial","Transport, mitochondrial",83733.1 or 8604.1 or 79751.1 or 10165.1,0.4,0.6,101.52284263959429,101.5228426395939,True,optimal,121.52284263959389,0.8227019309997559,121.52284263959396,12.152284263959396,6.076142131979698,2.0253807106598996,10.0,20.0,0.0,0.0,2184.8730964467004,aerobic,pfba,fva_informed,recon3d
GLUt2m,"L-Glutamate Reversible Transport via Proton Symport, Mitochondrial","Transport, mitochondrial",83733.1 or 8604.1 or 79751.1 or 10165.1,0.45,0.55,101.52284263959429,101.5228426395939,True,optimal,121.52284263959392,0.8100407123565674,121.52284263959395,12.152284263959395,6.076142131979697,2.025380710659899,10.0,20.0,0.0,0.0,2184.873096446702,aerobic,pfba,fva_informed,recon3d
GLUt2m,"L-Glutamate Reversible Transport via Proton Symport, Mitochondrial","Transport, mitochondrial",83733.1 or 8604.1 or 79751.1 or 10165.1,0.5,0.5,101.52284263959429,101.52284263959376,True,optimal,121.52284263959392,0.8274180889129639,121.52284263959385,12.152284263959384,6.076142131979692,2.0253807106598973,10.0,20.0,0.0,0.0,2184.873096446698,aerobic,pfba,fva_informed,recon3d
GLUt2m,"L-Glutamate Reversible Transport via Proton Symport, Mitochondrial","Transport, mitochondrial",83733.1 or 8604.1 or 79751.1 or 10165.1,0.55,0.44999999999999996,101.52284263959429,101.52284263959382,True,optimal,121.52284263959385,0.657259464263916,121.52284263959382,12.152284263959382,6.076142131979691,2.025380710659897,10.0,20.0,0.0,0.0,2184.873096446701,aerobic,pfba,fva_informed,recon3d
GLUt2m,"L-Glutamate Reversible Transport via Proton Symport, Mitochondrial","Transport, mitochondrial",83733.1 or 8604.1 or 79751.1 or 10165.1,0.6,0.4,101.52284263959429,101.52284263959383,True,optimal,121.52284263959393,0.6658105850219727,121.5228426395938,12.15228426395938,6.07614213197969,2.025380710659897,10.0,20.0,0.0,0.0,2184.8730964466995,aerobic,pfba,fva_informed,recon3d
GLUt2m,"L-Glutamate Reversible Transport via Proton Symport, Mitochondrial","Transport, mitochondrial",83733.1 or 8604.1 or 79751.1 or 10165.1,0.65,0.35,101.52284263959429,101.52284263959395,True,optimal,121.52284263959392,0.7979645729064941,121.52284263959397,12.152284263959398,6.076142131979699,2.0253807106598996,10.0,20.0,0.0,0.0,2184.873096446703,aerobic,pfba,fva_informed,recon3d
GLUt2m,"L-Glutamate Reversible Transport via Proton Symport, Mitochondrial","Transport, mitochondrial",83733.1 or 8604.1 or 79751.1 or 10165.1,0.7,0.30000000000000004,101.52284263959429,101.52284263959389,True,optimal,121.52284263959392,0.7880492210388184,121.52284263959395,12.152284263959395,6.076142131979697,2.025380710659899,10.0,20.0,0.0,0.0,2184.873096446701,aerobic,pfba,fva_informed,recon3d
GLUt2m,"L-Glutamate Reversible Transport via Proton Symport, Mitochondrial","Transport, mitochondrial",83733.1 or 8604.1 or 79751.1 or 10165.1,0.75,0.25,101.52284263959429,101.5228426395938,True,optimal,121.52284263959397,0.7877483367919922,121.52284263959378,12.152284263959377,6.076142131979688,2.0253807106598964,10.0,20.0,0.0,0.0,2184.873096446699,aerobic,pfba,fva_informed,recon3d
GLUt2m,"L-Glutamate Reversible Transport via Proton Symport, Mitochondrial","Transport, mitochondrial",83733.1 or 8604.1 or 79751.1 or 10165.1,0.8,0.19999999999999996,101.52284263959429,101.52284263959379,True,optimal,121.52284263959392,0.7683284282684326,121.52284263959385,12.152284263959384,6.076142131979692,2.0253807106598973,10.0,20.0,0.0,0.0,2184.8730964467004,aerobic,pfba,fva_informed,recon3d
GLUt2m,"L-Glutamate Reversible Transport via Proton Symport, Mitochondrial","Transport, mitochondrial",83733.1 or 8604.1 or 79751.1 or 10165.1,0.85,0.15000000000000002,101.52284263959429,101.5228426395938,True,optimal,121.52284263959392,0.7919631004333496,121.52284263959382,12.152284263959382,6.076142131979691,2.025380710659897,10.0,20.0,0.0,0.0,2184.873096446704,aerobic,pfba,fva_informed,recon3d
GLUt2m,"L-Glutamate Reversible Transport via Proton Symport, Mitochondrial","Transport, mitochondrial",83733.1 or 8604.1 or 79751.1 or 10165.1,0.9,0.09999999999999998,101.52284263959429,99.99999999999997,True,optimal,120.76142131979695,0.7543671131134033,120.76142131979698,12.076142131979697,6.038071065989849,2.0126903553299496,10.0,20.0,0.0,0.0,2168.121827411171,aerobic,pfba,fva_informed,recon3d
GLUt2m,"L-Glutamate Reversible Transport via Proton Symport, Mitochondrial","Transport, mitochondrial",83733.1 or 8604.1 or 79751.1 or 10165.1,0.95,0.050000000000000044,101.52284263959429,50.00000000000004,True,optimal,95.76142131979697,0.7407519817352295,95.76142131979701,9.5761421319797,4.78807106598985,1.5960236886632835,10.0,20.0,0.0,0.0,1618.12182741117,aerobic,pfba,fva_informed,recon3d
GLUt2m,"L-Glutamate Reversible Transport via Proton Symport, Mitochondrial","Transport, mitochondrial",83733.1 or 8604.1 or 79751.1 or 10165.1,1.0,0.0,101.52284263959429,0.0,True,optimal,70.76142131979694,0.7412290573120117,70.76142131979694,7.076142131979694,3.538071065989847,1.1793570219966156,10.0,20.0,0.0,0.0,1225.1878172588827,aerobic,pfba,fva_informed,recon3d
H2Otm,"H2O Transport, Mitochondrial","Transport, mitochondrial",343.1,0.0,1.0,-121.21827411167547,-121.21827411167534,True,optimal,121.52284263959393,0.8054056167602539,121.5228426395938,12.15228426395938,6.07614213197969,2.025380710659897,10.0,20.0,0.0,0.0,2184.8730964467186,aerobic,pfba,fva_informed,recon3d
H2Otm,"H2O Transport, Mitochondrial","Transport, mitochondrial",343.1,0.05,0.95,-121.21827411167547,-121.21827411167534,True,optimal,121.52284263959393,0.8071684837341309,121.5228426395938,12.15228426395938,6.07614213197969,2.025380710659897,10.0,20.0,0.0,0.0,2184.8730964467186,aerobic,pfba,fva_informed,recon3d
H2Otm,"H2O Transport, Mitochondrial","Transport, mitochondrial",343.1,0.1,0.9,-121.21827411167547,-121.21827411167534,True,optimal,121.52284263959393,0.8113057613372803,121.5228426395938,12.15228426395938,6.07614213197969,2.025380710659897,10.0,20.0,0.0,0.0,2184.8730964467186,aerobic,pfba,fva_informed,recon3d
H2Otm,"H2O Transport, Mitochondrial","Transport, mitochondrial",343.1,0.15,0.85,-121.21827411167547,-121.21827411167534,True,optimal,121.52284263959393,0.8101480007171631,121.5228426395938,12.15228426395938,6.07614213197969,2.025380710659897,10.0,20.0,0.0,0.0,2184.8730964467186,aerobic,pfba,fva_informed,recon3d
H2Otm,"H2O Transport, Mitochondrial","Transport, mitochondrial",343.1,0.2,0.8,-121.21827411167547,-121.21827411167534,True,optimal,121.52284263959393,0.810504674911499,121.5228426395938,12.15228426395938,6.07614213197969,2.025380710659897,10.0,20.0,0.0,0.0,2184.8730964467186,aerobic,pfba,fva_informed,recon3d
H2Otm,"H2O Transport, Mitochondrial","Transport, mitochondrial",343.1,0.25,0.75,-121.21827411167547,-121.21827411167534,True,optimal,121.52284263959393,0.884145975112915,121.5228426395938,12.15228426395938,6.07614213197969,2.025380710659897,10.0,20.0,0.0,0.0,2184.8730964467186,aerobic,pfba,fva_informed,recon3d
H2Otm,"H2O Transport, Mitochondrial","Transport, mitochondrial",343.1,0.3,0.7,-121.21827411167547,-121.21827411167534,True,optimal,121.52284263959393,0.807030439376831,121.5228426395938,12.15228426395938,6.07614213197969,2.025380710659897,10.0,20.0,0.0,0.0,2184.8730964467186,aerobic,pfba,fva_informed,recon3d
H2Otm,"H2O Transport, Mitochondrial","Transport, mitochondrial",343.1,0.35,0.65,-121.21827411167547,-121.21827411167534,True,optimal,121.52284263959393,0.8125011920928955,121.5228426395938,12.15228426395938,6.07614213197969,2.025380710659897,10.0,20.0,0.0,0.0,2184.8730964467186,aerobic,pfba,fva_informed,recon3d
H2Otm,"H2O Transport, Mitochondrial","Transport, mitochondrial",343.1,0.4,0.6,-121.21827411167547,-121.21827411167534,True,optimal,121.52284263959393,0.8076450824737549,121.5228426395938,12.15228426395938,6.07614213197969,2.025380710659897,10.0,20.0,0.0,0.0,2184.8730964467186,aerobic,pfba,fva_informed,recon3d
H2Otm,"H2O Transport, Mitochondrial","Transport, mitochondrial",343.1,0.45,0.55,-121.21827411167547,-121.21827411167534,True,optimal,121.52284263959393,0.8048248291015625,121.5228426395938,12.15228426395938,6.07614213197969,2.025380710659897,10.0,20.0,0.0,0.0,2184.8730964467186,aerobic,pfba,fva_informed,recon3d
H2Otm,"H2O Transport, Mitochondrial","Transport, mitochondrial",343.1,0.5,0.5,-121.21827411167547,-121.21827411167534,True,optimal,121.52284263959393,0.8080887794494629,121.5228426395938,12.15228426395938,6.07614213197969,2.025380710659897,10.0,20.0,0.0,0.0,2184.8730964467186,aerobic,pfba,fva_informed,recon3d
H2Otm,"H2O Transport, Mitochondrial","Transport, mitochondrial",343.1,0.55,0.44999999999999996,-121.21827411167547,-121.21827411167534,True,optimal,121.52284263959393,0.8079507350921631,121.5228426395938,12.15228426395938,6.07614213197969,2.025380710659897,10.0,20.0,0.0,0.0,2184.8730964467186,aerobic,pfba,fva_informed,recon3d
H2Otm,"H2O Transport, Mitochondrial","Transport, mitochondrial",343.1,0.6,0.4,-121.21827411167547,-121.21827411167534,True,optimal,121.52284263959393,0.8035285472869873,121.5228426395938,12.15228426395938,6.07614213197969,2.025380710659897,10.0,20.0,0.0,0.0,2184.8730964467186,aerobic,pfba,fva_informed,recon3d
H2Otm,"H2O Transport, Mitochondrial","Transport, mitochondrial",343.1,0.65,0.35,-121.21827411167547,-121.21827411167534,True,optimal,121.52284263959393,0.8062002658843994,121.5228426395938,12.15228426395938,6.07614213197969,2.025380710659897,10.0,20.0,0.0,0.0,2184.8730964467186,aerobic,pfba,fva_informed,recon3d
H2Otm,"H2O Transport, Mitochondrial","Transport, mitochondrial",343.1,0.7,0.30000000000000004,-121.21827411167547,-121.21827411167534,True,optimal,121.52284263959393,0.8150589466094971,121.5228426395938,12.15228426395938,6.07614213197969,2.025380710659897,10.0,20.0,0.0,0.0,2184.8730964467186,aerobic,pfba,fva_informed,recon3d
H2Otm,"H2O Transport, Mitochondrial","Transport, mitochondrial",343.1,0.75,0.25,-121.21827411167547,-121.21827411167534,True,optimal,121.52284263959393,0.8144702911376953,121.5228426395938,12.15228426395938,6.07614213197969,2.025380710659897,10.0,20.0,0.0,0.0,2184.8730964467186,aerobic,pfba,fva_informed,recon3d
H2Otm,"H2O Transport, Mitochondrial","Transport, mitochondrial",343.1,0.8,0.19999999999999996,-121.21827411167547,-121.21827411167534,True,optimal,121.52284263959393,0.8158705234527588,121.5228426395938,12.15228426395938,6.07614213197969,2.025380710659897,10.0,20.0,0.0,0.0,2184.8730964467186,aerobic,pfba,fva_informed,recon3d
H2Otm,"H2O Transport, Mitochondrial","Transport, mitochondrial",343.1,0.85,0.15000000000000002,-121.21827411167547,-121.21827411167534,True,optimal,121.52284263959393,0.8064887523651123,121.5228426395938,12.15228426395938,6.07614213197969,2.025380710659897,10.0,20.0,0.0,0.0,2184.8730964467186,aerobic,pfba,fva_informed,recon3d
H2Otm,"H2O Transport, Mitochondrial","Transport, mitochondrial",343.1,0.9,0.09999999999999998,-121.21827411167547,-99.99999999999997,True,optimal,121.52284263959392,0.7910833358764648,121.52284263959392,12.152284263959391,6.0761421319796955,2.0253807106598987,10.0,20.0,0.0,0.0,2227.309644670053,aerobic,pfba,fva_informed,recon3d
H2Otm,"H2O Transport, Mitochondrial","Transport, mitochondrial",343.1,0.95,0.050000000000000044,-121.21827411167547,-50.00000000000004,True,optimal,121.52284263959392,0.7812325954437256,121.52284263959386,12.152284263959386,6.076142131979693,2.0253807106598978,10.0,20.0,0.0,0.0,2327.3096446700515,aerobic,pfba,fva_informed,recon3d
H2Otm,"H2O Transport, Mitochondrial","Transport, mitochondrial",343.1,1.0,0.0,-121.21827411167547,0.0,True,optimal,121.52284263959392,0.7114682197570801,121.52284263959388,12.152284263959388,6.076142131979694,2.0253807106598978,10.0,20.0,0.0,0.0,2427.30964467006,aerobic,pfba,fva_informed,recon3d
HMR_8475,HMR_8475,"Transport, mitochondrial",2030.1 or 3177.1,0.0,1.0,-82.74111675126966,-82.74111675126902,True,optimal,121.52284263959386,0.7559037208557129,121.52284263959386,12.152284263959386,6.076142131979693,2.0253807106598978,10.0,20.0,0.0,0.0,2184.8730964467,aerobic,pfba,fva_informed,recon3d
HMR_8475,HMR_8475,"Transport, mitochondrial",2030.1 or 3177.1,0.05,0.95,-82.74111675126966,-82.74111675126889,True,optimal,121.52284263959385,0.8065018653869629,121.52284263959392,12.152284263959391,6.0761421319796955,2.0253807106598987,10.0,20.0,0.0,0.0,2184.8730964467,aerobic,pfba,fva_informed,recon3d
HMR_8475,HMR_8475,"Transport, mitochondrial",2030.1 or 3177.1,0.1,0.9,-82.74111675126966,-82.74111675126892,True,optimal,121.52284263959388,0.730776309967041,121.52284263959386,12.152284263959386,6.076142131979693,2.0253807106598978,10.0,20.0,0.0,0.0,2184.8730964467004,aerobic,pfba,fva_informed,recon3d
HMR_8475,HMR_8475,"Transport, mitochondrial",2030.1 or 3177.1,0.15,0.85,-82.74111675126966,-82.7411167512691,True,optimal,121.52284263959393,0.8268795013427734,121.52284263959386,12.152284263959386,6.076142131979693,2.0253807106598978,10.0,20.0,0.0,0.0,2184.873096446704,aerobic,pfba,fva_informed,recon3d
HMR_8475,HMR_8475,"Transport, mitochondrial",2030.1 or 3177.1,0.2,0.8,-82.74111675126966,-82.74111675126875,True,optimal,121.52284263959386,0.7727911472320557,121.52284263959378,12.152284263959377,6.076142131979688,2.0253807106598964,10.0,20.0,0.0,0.0,2184.8730964467,aerobic,pfba,fva_informed,recon3d
HMR_8475,HMR_8475,"Transport, mitochondrial",2030.1 or 3177.1,0.25,0.75,-82.74111675126966,-82.74111675126923,True,optimal,121.52284263959389,0.7720658779144287,121.52284263959395,12.152284263959395,6.076142131979697,2.025380710659899,10.0,20.0,0.0,0.0,2184.873096446705,aerobic,pfba,fva_informed,recon3d
HMR_8475,HMR_8475,"Transport, mitochondrial",2030.1 or 3177.1,0.3,0.7,-82.74111675126966,-82.74111675126909,True,optimal,121.5228426395938,0.8165252208709717,121.52284263959395,12.152284263959395,6.076142131979697,2.025380710659899,10.0,20.0,0.0,0.0,2184.873096446704,aerobic,pfba,fva_informed,recon3d
HMR_8475,HMR_8475,"Transport, mitochondrial",2030.1 or 3177.1,0.35,0.65,-82.74111675126966,-82.74111675126899,True,optimal,121.52284263959378,0.7671899795532227,121.52284263959386,12.152284263959386,6.076142131979693,2.0253807106598978,10.0,20.0,0.0,0.0,2184.8730964467013,aerobic,pfba,fva_informed,recon3d
HMR_8475,HMR_8475,"Transport, mitochondrial",2030.1 or 3177.1,0.4,0.6,-82.74111675126966,-82.7411167512686,True,optimal,121.52284263959385,0.778080940246582,121.52284263959373,12.152284263959373,6.076142131979687,2.0253807106598956,10.0,20.0,0.0,0.0,2184.8730964466995,aerobic,pfba,fva_informed,recon3d
HMR_8475,HMR_8475,"Transport, mitochondrial",2030.1 or 3177.1,0.45,0.55,-82.74111675126966,-82.74111675126912,True,optimal,121.52284263959386,0.7518386840820312,121.52284263959383,12.152284263959384,6.076142131979692,2.0253807106598973,10.0,20.0,0.0,0.0,2184.873096446704,aerobic,pfba,fva_informed,recon3d
HMR_8475,HMR_8475,"Transport, mitochondrial",2030.1 or 3177.1,0.5,0.5,-82.74111675126966,-82.74111675126909,True,optimal,121.52284263959382,0.7397136688232422,121.52284263959395,12.152284263959395,6.076142131979697,2.025380710659899,10.0,20.0,0.0,0.0,2184.873096446703,aerobic,pfba,fva_informed,recon3d
HMR_8475,HMR_8475,"Transport, mitochondrial",2030.1 or 3177.1,0.55,0.44999999999999996,-82.74111675126966,-82.74111675126898,True,optimal,121.52284263959388,0.7656872272491455,121.5228426395938,12.15228426395938,6.07614213197969,2.025380710659897,10.0,20.0,0.0,0.0,2184.8730964467004,aerobic,pfba,fva_informed,recon3d
HMR_8475,HMR_8475,"Transport, mitochondrial",2030.1 or 3177.1,0.6,0.4,-82.74111675126966,-82.74111675126886,True,optimal,121.52284263959385,0.7836160659790039,121.52284263959386,12.152284263959386,6.076142131979693,2.0253807106598978,10.0,20.0,0.0,0.0,2184.8730964467004,aerobic,pfba,fva_informed,recon3d
HMR_8475,HMR_8475,"Transport, mitochondrial",2030.1 or 3177.1,0.65,0.35,-82.74111675126966,-82.74111675126892,True,optimal,121.52284263959393,0.7106785774230957,121.52284263959392,12.152284263959391,6.0761421319796955,2.0253807106598987,10.0,20.0,0.0,0.0,2184.8730964467,aerobic,pfba,fva_informed,recon3d
HMR_8475,HMR_8475,"Transport, mitochondrial",2030.1 or 3177.1,0.7,0.30000000000000004,-82.74111675126966,-82.74111675126899,True,optimal,121.52284263959388,0.7941055297851562,121.52284263959393,12.152284263959393,6.076142131979696,2.0253807106598987,10.0,20.0,0.0,0.0,2184.8730964467,aerobic,pfba,fva_informed,recon3d
HMR_8475,HMR_8475,"Transport, mitochondrial",2030.1 or 3177.1,0.75,0.25,-82.74111675126966,-82.74111675126886,True,optimal,121.52284263959386,0.7984137535095215,121.52284263959395,12.152284263959395,6.076142131979697,2.025380710659899,10.0,20.0,0.0,0.0,2184.8730964467,aerobic,pfba,fva_informed,recon3d
HMR_8475,HMR_8475,"Transport, mitochondrial",2030.1 or 3177.1,0.8,0.19999999999999996,-82.74111675126966,-82.74111675126888,True,optimal,121.52284263959388,0.7436885833740234,121.52284263959385,12.152284263959384,6.076142131979692,2.0253807106598973,10.0,20.0,0.0,0.0,2184.873096446699,aerobic,pfba,fva_informed,recon3d
HMR_8475,HMR_8475,"Transport, mitochondrial",2030.1 or 3177.1,0.85,0.15000000000000002,-82.74111675126966,-82.741116751269,True,optimal,121.52284263959386,0.7772505283355713,121.52284263959392,12.152284263959391,6.0761421319796955,2.0253807106598987,10.0,20.0,0.0,0.0,2184.8730964467045,aerobic,pfba,fva_informed,recon3d
HMR_8475,HMR_8475,"Transport, mitochondrial",2030.1 or 3177.1,0.9,0.09999999999999998,-82.74111675126966,-82.74111675126883,True,optimal,121.52284263959388,0.8015596866607666,121.52284263959386,12.152284263959386,6.076142131979693,2.0253807106598978,10.0,20.0,0.0,0.0,2184.8730964466995,aerobic,pfba,fva_informed,recon3d
HMR_8475,HMR_8475,"Transport, mitochondrial",2030.1 or 3177.1,0.95,0.050000000000000044,-82.74111675126966,-50.00000000000004,True,optimal,110.60913705583731,0.9126002788543701,110.6091370558376,11.060913705583761,5.530456852791881,1.8434856175972933,10.0,20.0,0.0,0.0,1944.7715736040614,aerobic,pfba,fva_informed,recon3d
HMR_8475,HMR_8475,"Transport, mitochondrial",2030.1 or 3177.1,1.0,0.0,-82.74111675126966,0.0,True,optimal,93.94247038917094,0.883885383605957,93.94247038917092,9.394247038917092,4.697123519458546,1.5657078398195154,10.0,20.0,0.0,0.0,1578.1049069373948,aerobic,pfba,fva_informed,recon3d
LDH_L,L-Lactate Dehydrogenase,Glycolysis/gluconeogenesis,(3945.1 and 3939.1) or 160287.1 or 3948.2 or 3939.1 or 3948.1 or 55293.1 or 3945.1 or 92483.1,0.0,1.0,-20.00000000000003,-20.000000000000043,True,optimal,121.52284263959393,0.8168087005615234,121.5228426395938,12.15228426395938,6.07614213197969,2.025380710659897,10.0,20.0,0.0,0.0,2184.8730964467186,aerobic,pfba,fva_informed,recon3d
LDH_L,L-Lactate Dehydrogenase,Glycolysis/gluconeogenesis,(3945.1 and 3939.1) or 160287.1 or 3948.2 or 3939.1 or 3948.1 or 55293.1 or 3945.1 or 92483.1,0.05,0.95,-20.00000000000003,-20.000000000000043,True,optimal,121.52284263959393,0.8101387023925781,121.5228426395938,12.15228426395938,6.07614213197969,2.025380710659897,10.0,20.0,0.0,0.0,2184.8730964467186,aerobic,pfba,fva_informed,recon3d
LDH_L,L-Lactate Dehydrogenase,Glycolysis/gluconeogenesis,(3945.1 and 3939.1) or 160287.1 or 3948.2 or 3939.1 or 3948.1 or 55293.1 or 3945.1 or 92483.1,0.1,0.9,-20.00000000000003,-20.000000000000043,True,optimal,121.52284263959393,0.8082242012023926,121.5228426395938,12.15228426395938,6.07614213197969,2.025380710659897,10.0,20.0,0.0,0.0,2184.8730964467186,aerobic,pfba,fva_informed,recon3d
LDH_L,L-Lactate Dehydrogenase,Glycolysis/gluconeogenesis,(3945.1 and 3939.1) or 160287.1 or 3948.2 or 3939.1 or 3948.1 or 55293.1 or 3945.1 or 92483.1,0.15,0.85,-20.00000000000003,-20.000000000000043,True,optimal,121.52284263959393,0.8100235462188721,121.5228426395938,12.15228426395938,6.07614213197969,2.025380710659897,10.0,20.0,0.0,0.0,2184.8730964467186,aerobic,pfba,fva_informed,recon3d
LDH_L,L-Lactate Dehydrogenase,Glycolysis/gluconeogenesis,(3945.1 and 3939.1) or 160287.1 or 3948.2 or 3939.1 or 3948.1 or 55293.1 or 3945.1 or 92483.1,0.2,0.8,-20.00000000000003,-20.000000000000043,True,optimal,121.52284263959393,0.8093166351318359,121.5228426395938,12.15228426395938,6.07614213197969,2.025380710659897,10.0,20.0,0.0,0.0,2184.8730964467186,aerobic,pfba,fva_informed,recon3d
LDH_L,L-Lactate Dehydrogenase,Glycolysis/gluconeogenesis,(3945.1 and 3939.1) or 160287.1 or 3948.2 or 3939.1 or 3948.1 or 55293.1 or 3945.1 or 92483.1,0.25,0.75,-20.00000000000003,-20.000000000000043,True,optimal,121.52284263959393,0.8035469055175781,121.5228426395938,12.15228426395938,6.07614213197969,2.025380710659897,10.0,20.0,0.0,0.0,2184.8730964467186,aerobic,pfba,fva_informed,recon3d
LDH_L,L-Lactate Dehydrogenase,Glycolysis/gluconeogenesis,(3945.1 and 3939.1) or 160287.1 or 3948.2 or 3939.1 or 3948.1 or 55293.1 or 3945.1 or 92483.1,0.3,0.7,-20.00000000000003,-20.000000000000043,True,optimal,121.52284263959393,0.8038849830627441,121.5228426395938,12.15228426395938,6.07614213197969,2.025380710659897,10.0,20.0,0.0,0.0,2184.8730964467186,aerobic,pfba,fva_informed,recon3d
LDH_L,L-Lactate Dehydrogenase,Glycolysis/gluconeogenesis,(3945.1 and 3939.1) or 160287.1 or 3948.2 or 3939.1 or 3948.1 or 55293.1 or 3945.1 or 92483.1,0.35,0.65,-20.00000000000003,-20.000000000000043,True,optimal,121.52284263959393,0.8088474273681641,121.5228426395938,12.15228426395938,6.07614213197969,2.025380710659897,10.0,20.0,0.0,0.0,2184.8730964467186,aerobic,pfba,fva_informed,recon3d
LDH_L,L-Lactate Dehydrogenase,Glycolysis/gluconeogenesis,(3945.1 and 3939.1) or 160287.1 or 3948.2 or 3939.1 or 3948.1 or 55293.1 or 3945.1 or 92483.1,0.4,0.6,-20.00000000000003,-20.000000000000043,True,optimal,121.52284263959393,0.8071293830871582,121.5228426395938,12.15228426395938,6.07614213197969,2.025380710659897,10.0,20.0,0.0,0.0,2184.8730964467186,aerobic,pfba,fva_informed,recon3d
LDH_L,L-Lactate Dehydrogenase,Glycolysis/gluconeogenesis,(3945.1 and 3939.1) or 160287.1 or 3948.2 or 3939.1 or 3948.1 or 55293.1 or 3945.1 or 92483.1,0.45,0.55,-20.00000000000003,-20.000000000000043,True,optimal,121.52284263959393,0.8233873844146729,121.5228426395938,12.15228426395938,6.07614213197969,2.025380710659897,10.0,20.0,0.0,0.0,2184.8730964467186,aerobic,pfba,fva_informed,recon3d
LDH_L,L-Lactate Dehydrogenase,Glycolysis/gluconeogenesis,(3945.1 and 3939.1) or 160287.1 or 3948.2 or 3939.1 or 3948.1 or 55293.1 or 3945.1 or 92483.1,0.5,0.5,-20.00000000000003,-20.000000000000043,True,optimal,121.52284263959393,0.8078324794769287,121.5228426395938,12.15228426395938,6.07614213197969,2.025380710659897,10.0,20.0,0.0,0.0,2184.8730964467186,aerobic,pfba,fva_informed,recon3d
LDH_L,L-Lactate Dehydrogenase,Glycolysis/gluconeogenesis,(3945.1 and 3939.1) or 160287.1 or 3948.2 or 3939.1 or 3948.1 or 55293.1 or 3945.1 or 92483.1,0.55,0.44999999999999996,-20.00000000000003,-20.000000000000043,True,optimal,121.52284263959393,0.8078913688659668,121.5228426395938,12.15228426395938,6.07614213197969,2.025380710659897,10.0,20.0,0.0,0.0,2184.8730964467186,aerobic,pfba,fva_informed,recon3d
LDH_L,L-Lactate Dehydrogenase,Glycolysis/gluconeogenesis,(3945.1 and 3939.1) or 160287.1 or 3948.2 or 3939.1 or 3948.1 or 55293.1 or 3945.1 or 92483.1,0.6,0.4,-20.00000000000003,-20.000000000000043,True,optimal,121.52284263959393,0.8100509643554688,121.5228426395938,12.15228426395938,6.07614213197969,2.025380710659897,10.0,20.0,0.0,0.0,2184.8730964467186,aerobic,pfba,fva_informed,recon3d
LDH_L,L-Lactate Dehydrogenase,Glycolysis/gluconeogenesis,(3945.1 and 3939.1) or 160287.1 or 3948.2 or 3939.1 or 3948.1 or 55293.1 or 3945.1 or 92483.1,0.65,0.35,-20.00000000000003,-20.000000000000043,True,optimal,121.52284263959393,0.8080039024353027,121.5228426395938,12.15228426395938,6.07614213197969,2.025380710659897,10.0,20.0,0.0,0.0,2184.8730964467186,aerobic,pfba,fva_informed,recon3d
LDH_L,L-Lactate Dehydrogenase,Glycolysis/gluconeogenesis,(3945.1 and 3939.1) or 160287.1 or 3948.2 or 3939.1 or 3948.1 or 55293.1 or 3945.1 or 92483.1,0.7,0.30000000000000004,-20.00000000000003,-20.000000000000043,True,optimal,121.52284263959393,0.818375825881958,121.5228426395938,12.15228426395938,6.07614213197969,2.025380710659897,10.0,20.0,0.0,0.0,2184.8730964467186,aerobic,pfba,fva_informed,recon3d
LDH_L,L-Lactate Dehydrogenase,Glycolysis/gluconeogenesis,(3945.1 and 3939.1) or 160287.1 or 3948.2 or 3939.1 or 3948.1 or 55293.1 or 3945.1 or 92483.1,0.75,0.25,-20.00000000000003,-20.000000000000043,True,optimal,121.52284263959393,0.8044304847717285,121.5228426395938,12.15228426395938,6.07614213197969,2.025380710659897,10.0,20.0,0.0,0.0,2184.8730964467186,aerobic,pfba,fva_informed,recon3d
LDH_L,L-Lactate Dehydrogenase,Glycolysis/gluconeogenesis,(3945.1 and 3939.1) or 160287.1 or 3948.2 or 3939.1 or 3948.1 or 55293.1 or 3945.1 or 92483.1,0.8,0.19999999999999996,-20.00000000000003,-20.000000000000043,True,optimal,121.52284263959393,0.8563649654388428,121.5228426395938,12.15228426395938,6.07614213197969,2.025380710659897,10.0,20.0,0.0,0.0,2184.8730964467186,aerobic,pfba,fva_informed,recon3d
LDH_L,L-Lactate Dehydrogenase,Glycolysis/gluconeogenesis,(3945.1 and 3939.1) or 160287.1 or 3948.2 or 3939.1 or 3948.1 or 55293.1 or 3945.1 or 92483.1,0.85,0.15000000000000002,-20.00000000000003,-20.000000000000043,True,optimal,121.52284263959393,0.8095026016235352,121.5228426395938,12.15228426395938,6.07614213197969,2.025380710659897,10.0,20.0,0.0,0.0,2184.8730964467186,aerobic,pfba,fva_informed,recon3d
LDH_L,L-Lactate Dehydrogenase,Glycolysis/gluconeogenesis,(3945.1 and 3939.1) or 160287.1 or 3948.2 or 3939.1 or 3948.1 or 55293.1 or 3945.1 or 92483.1,0.9,0.09999999999999998,-20.00000000000003,-20.000000000000043,True,optimal,121.52284263959393,0.8048806190490723,121.5228426395938,12.15228426395938,6.07614213197969,2.025380710659897,10.0,20.0,0.0,0.0,2184.8730964467186,aerobic,pfba,fva_informed,recon3d
LDH_L,L-Lactate Dehydrogenase,Glycolysis/gluconeogenesis,(3945.1 and 3939.1) or 160287.1 or 3948.2 or 3939.1 or 3948.1 or 55293.1 or 3945.1 or 92483.1,0.95,0.050000000000000044,-20.00000000000003,-20.000000000000043,True,optimal,121.52284263959393,0.801222562789917,121.5228426395938,12.15228426395938,6.07614213197969,2.025380710659897,10.0,20.0,0.0,0.0,2184.8730964467186,aerobic,pfba,fva_informed,recon3d
LDH_L,L-Lactate Dehydrogenase,Glycolysis/gluconeogenesis,(3945.1 and 3939.1) or 160287.1 or 3948.2 or 3939.1 or 3948.1 or 55293.1 or 3945.1 or 92483.1,1.0,0.0,-20.00000000000003,0.0,True,optimal,121.52284263959392,0.549980878829956,121.52284263959386,12.152284263959386,6.076142131979693,2.0253807106598978,10.0,20.0,0.0,0.0,2218.5617597292735,aerobic,pfba,fva_informed,recon3d
LDH_Lm,L-Lactate Dehydrogenase,Pyruvate metabolism,3939.1 or 3945.1 or 197257.1,0.0,1.0,20.0,20.000000000000007,True,optimal,121.52284263959393,0.8134105205535889,121.5228426395938,12.15228426395938,6.07614213197969,2.025380710659897,10.0,20.0,0.0,0.0,2184.8730964467186,aerobic,pfba,fva_informed,recon3d
LDH_Lm,L-Lactate Dehydrogenase,Pyruvate metabolism,3939.1 or 3945.1 or 197257.1,0.05,0.95,20.0,20.000000000000007,True,optimal,121.52284263959393,0.8032007217407227,121.5228426395938,12.15228426395938,6.07614213197969,2.025380710659897,10.0,20.0,0.0,0.0,2184.8730964467186,aerobic,pfba,fva_informed,recon3d
LDH_Lm,L-Lactate Dehydrogenase,Pyruvate metabolism,3939.1 or 3945.1 or 197257.1,0.1,0.9,20.0,20.000000000000007,True,optimal,121.52284263959393,0.805307149887085,121.5228426395938,12.15228426395938,6.07614213197969,2.025380710659897,10.0,20.0,0.0,0.0,2184.8730964467186,aerobic,pfba,fva_informed,recon3d
LDH_Lm,L-Lactate Dehydrogenase,Pyruvate metabolism,3939.1 or 3945.1 or 197257.1,0.15,0.85,20.0,20.000000000000007,True,optimal,121.52284263959393,0.8535876274108887,121.5228426395938,12.15228426395938,6.07614213197969,2.025380710659897,10.0,20.0,0.0,0.0,2184.8730964467186,aerobic,pfba,fva_informed,recon3d
LDH_Lm,L-Lactate Dehydrogenase,Pyruvate metabolism,3939.1 or 3945.1 or 197257.1,0.2,0.8,20.0,20.0,True,optimal,121.52284263959392,0.7754952907562256,121.52284263959392,12.152284263959391,6.0761421319796955,2.0253807106598987,10.0,20.0,0.0,0.0,2184.8730964467045,aerobic,pfba,fva_informed,recon3d
LDH_Lm,L-Lactate Dehydrogenase,Pyruvate metabolism,3939.1 or 3945.1 or 197257.1,0.25,0.75,20.0,20.000000000000018,True,optimal,121.52284263959382,0.7817049026489258,121.52284263959392,12.152284263959391,6.0761421319796955,2.0253807106598987,10.0,20.0,0.0,0.0,2184.873096446707,aerobic,pfba,fva_informed,recon3d
LDH_Lm,L-Lactate Dehydrogenase,Pyruvate metabolism,3939.1 or 3945.1 or 197257.1,0.3,0.7,20.0,20.0,True,optimal,121.52284263959397,0.7780020236968994,121.52284263959396,12.152284263959396,6.076142131979698,2.0253807106598996,10.0,20.0,0.0,0.0,2184.8730964467054,aerobic,pfba,fva_informed,recon3d
LDH_Lm,L-Lactate Dehydrogenase,Pyruvate metabolism,3939.1 or 3945.1 or 197257.1,0.35,0.65,20.0,20.00000000000007,True,optimal,121.52284263959388,0.7730209827423096,121.52284263959386,12.152284263959386,6.076142131979693,2.0253807106598978,10.0,20.0,0.0,0.0,2184.873096446702,aerobic,pfba,fva_informed,recon3d
LDH_Lm,L-Lactate Dehydrogenase,Pyruvate metabolism,3939.1 or 3945.1 or 197257.1,0.4,0.6,20.0,19.2913705583773,True,optimal,121.52284263959389,0.806628942489624,121.52284263959395,12.152284263959395,6.076142131979697,2.025380710659899,10.0,20.0,0.0,0.0,2185.227411167512,aerobic,pfba,fva_informed,recon3d
LDH_Lm,L-Lactate Dehydrogenase,Pyruvate metabolism,3939.1 or 3945.1 or 197257.1,0.45,0.55,20.0,17.683756345179194,True,optimal,121.52284263959392,0.7910535335540771,121.52284263959383,12.152284263959384,6.076142131979692,2.0253807106598973,10.0,20.0,0.0,0.0,2186.031218274109,aerobic,pfba,fva_informed,recon3d
LDH_Lm,L-Lactate Dehydrogenase,Pyruvate metabolism,3939.1 or 3945.1 or 197257.1,0.5,0.5,20.0,16.076142131981083,True,optimal,121.52284263959385,0.7752361297607422,121.52284263959393,12.152284263959393,6.076142131979696,2.0253807106598987,10.0,20.0,3.9238578680188967,0.03228905597325491,2186.8350253807134,aerobic,pfba,fva_informed,recon3d
LDH_Lm,L-Lactate Dehydrogenase,Pyruvate metabolism,3939.1 or 3945.1 or 197257.1,0.55,0.44999999999999996,20.0,14.468527918782973,True,optimal,121.52284263959389,0.7346820831298828,121.52284263959382,12.152284263959382,6.076142131979691,2.025380710659897,10.0,20.0,0.0,0.0,2187.638832487308,aerobic,pfba,fva_informed,recon3d
LDH_Lm,L-Lactate Dehydrogenase,Pyruvate metabolism,3939.1 or 3945.1 or 197257.1,0.6,0.4,20.0,12.860913705584867,True,optimal,121.5228426395938,0.7689743041992188,121.52284263959386,12.152284263959386,6.076142131979693,2.0253807106598978,10.0,20.0,7.139086294415147,0.0587468671679108,2188.4426395939086,aerobic,pfba,fva_informed,recon3d
LDH_Lm,L-Lactate Dehydrogenase,Pyruvate metabolism,3939.1 or 3945.1 or 197257.1,0.65,0.35,20.0,11.253299492386757,True,optimal,121.52284263959388,0.7813355922698975,121.52284263959393,12.152284263959393,6.076142131979696,2.0253807106598987,10.0,20.0,0.0,0.0,2189.246446700511,aerobic,pfba,fva_informed,recon3d
LDH_Lm,L-Lactate Dehydrogenase,Pyruvate metabolism,3939.1 or 3945.1 or 197257.1,0.7,0.30000000000000004,20.0,9.645685279188651,True,optimal,121.52284263959385,0.7331950664520264,121.522842639594,12.1522842639594,6.0761421319797,2.0253807106599,10.0,20.0,10.354314720811345,0.08520467836256614,2190.0502538071096,aerobic,pfba,fva_informed,recon3d
LDH_Lm,L-Lactate Dehydrogenase,Pyruvate metabolism,3939.1 or 3945.1 or 197257.1,0.75,0.25,20.0,8.038071065990541,True,optimal,121.52284263959386,0.7461252212524414,121.52284263959388,12.152284263959388,6.076142131979694,2.0253807106598978,10.0,20.0,11.96192893400942,0.09843358395989375,2190.8540609137053,aerobic,pfba,fva_informed,recon3d
LDH_Lm,L-Lactate Dehydrogenase,Pyruvate metabolism,3939.1 or 3945.1 or 197257.1,0.8,0.19999999999999996,20.0,6.430456852792432,True,optimal,121.52284263959388,0.7977049350738525,121.52284263959382,12.152284263959382,6.076142131979691,2.025380710659897,10.0,20.0,13.231810490693746,0.10888331940963533,2193.5153976311276,aerobic,pfba,fva_informed,recon3d
LDH_Lm,L-Lactate Dehydrogenase,Pyruvate metabolism,3939.1 or 3945.1 or 197257.1,0.85,0.15000000000000002,20.0,4.822842639594326,True,optimal,121.52284263959385,0.7395002841949463,121.52284263959388,12.152284263959388,6.076142131979694,2.0253807106598978,10.0,20.0,13.231810490693807,0.10888331940963579,2203.161082910323,aerobic,pfba,fva_informed,recon3d
LDH_Lm,L-Lactate Dehydrogenase,Pyruvate metabolism,3939.1 or 3945.1 or 197257.1,0.9,0.09999999999999998,20.0,3.215228426396216,True,optimal,121.52284263959389,0.879878044128418,121.52284263959386,12.152284263959386,6.076142131979693,2.0253807106598978,10.0,20.0,0.0,0.0,2212.8067681895072,aerobic,pfba,fva_informed,recon3d
LDH_Lm,L-Lactate Dehydrogenase,Pyruvate metabolism,3939.1 or 3945.1 or 197257.1,0.95,0.050000000000000044,20.0,1.6076142131981097,True,optimal,121.52284263959388,0.8039548397064209,121.5228426395938,12.15228426395938,6.07614213197969,2.025380710659897,10.0,20.0,0.0,0.0,2222.452453468701,aerobic,pfba,fva_informed,recon3d
LDH_Lm,L-Lactate Dehydrogenase,Pyruvate metabolism,3939.1 or 3945.1 or 197257.1,1.0,0.0,20.0,0.0,True,optimal,121.52284263959392,0.7337841987609863,121.52284263959392,12.152284263959391,6.0761421319796955,2.0253807106598987,10.0,20.0,13.231810490693794,0.10888331940963564,2232.0981387478873,aerobic,pfba,fva_informed,recon3d
L_LACtcm,"Transport of L-Lactate via Diffusion, Mitochondrial","Transport, mitochondrial",366.1,0.0,1.0,20.0,20.000000000000007,True,optimal,121.52284263959393,0.810340404510498,121.5228426395938,12.15228426395938,6.07614213197969,2.025380710659897,10.0,20.0,0.0,0.0,2184.8730964467186,aerobic,pfba,fva_informed,recon3d
L_LACtcm,"Transport of L-Lactate via Diffusion, Mitochondrial","Transport, mitochondrial",366.1,0.05,0.95,20.0,20.000000000000007,True,optimal,121.52284263959393,0.8195960521697998,121.5228426395938,12.15228426395938,6.07614213197969,2.025380710659897,10.0,20.0,0.0,0.0,2184.8730964467186,aerobic,pfba,fva_informed,recon3d
L_LACtcm,"Transport of L-Lactate via Diffusion, Mitochondrial","Transport, mitochondrial",366.1,0.1,0.9,20.0,20.000000000000007,True,optimal,121.52284263959393,0.8147244453430176,121.5228426395938,12.15228426395938,6.07614213197969,2.025380710659897,10.0,20.0,0.0,0.0,2184.8730964467186,aerobic,pfba,fva_informed,recon3d
L_LACtcm,"Transport of L-Lactate via Diffusion, Mitochondrial","Transport, mitochondrial",366.1,0.15,0.85,20.0,20.000000000000007,True,optimal,121.52284263959393,0.821906328201294,121.5228426395938,12.15228426395938,6.07614213197969,2.025380710659897,10.0,20.0,0.0,0.0,2184.8730964467186,aerobic,pfba,fva_informed,recon3d
L_LACtcm,"Transport of L-Lactate via Diffusion, Mitochondrial","Transport, mitochondrial",366.1,0.2,0.8,20.0,19.99999999999998,True,optimal,121.52284263959389,0.7937908172607422,121.52284263959393,12.152284263959393,6.076142131979696,2.0253807106598987,10.0,20.0,0.0,0.0,2184.8730964467027,aerobic,pfba,fva_informed,recon3d
L_LACtcm,"Transport of L-Lactate via Diffusion, Mitochondrial","Transport, mitochondrial",366.1,0.25,0.75,20.0,19.999999999999964,True,optimal,121.52284263959392,0.8107035160064697,121.52284263959392,12.152284263959391,6.0761421319796955,2.0253807106598987,10.0,20.0,0.0,0.0,2184.873096446702,aerobic,pfba,fva_informed,recon3d
L_LACtcm,"Transport of L-Lactate via Diffusion, Mitochondrial","Transport, mitochondrial",366.1,0.3,0.7,20.0,20.00000000000002,True,optimal,121.52284263959388,0.7840924263000488,121.52284263959388,12.152284263959388,6.076142131979694,2.0253807106598978,10.0,20.0,0.0,0.0,2184.873096446702,aerobic,pfba,fva_informed,recon3d
L_LACtcm,"Transport of L-Lactate via Diffusion, Mitochondrial","Transport, mitochondrial",366.1,0.35,0.65,20.0,19.999999999999925,True,optimal,121.52284263959392,0.7842035293579102,121.52284263959395,12.152284263959395,6.076142131979697,2.025380710659899,10.0,20.0,0.0,0.0,2184.8730964467118,aerobic,pfba,fva_informed,recon3d
L_LACtcm,"Transport of L-Lactate via Diffusion, Mitochondrial","Transport, mitochondrial",366.1,0.4,0.6,20.0,19.291370558376304,True,optimal,121.52284263959392,0.7371058464050293,121.52284263959385,12.152284263959384,6.076142131979692,2.0253807106598973,10.0,20.0,0.0,0.0,2185.227411167518,aerobic,pfba,fva_informed,recon3d
L_LACtcm,"Transport of L-Lactate via Diffusion, Mitochondrial","Transport, mitochondrial",366.1,0.45,0.55,20.0,17.68375634517828,True,optimal,121.52284263959386,0.7338161468505859,121.52284263959392,12.152284263959391,6.0761421319796955,2.0253807106598987,10.0,20.0,0.0,0.0,2186.031218274116,aerobic,pfba,fva_informed,recon3d
L_LACtcm,"Transport of L-Lactate via Diffusion, Mitochondrial","Transport, mitochondrial",366.1,0.5,0.5,20.0,16.076142131980255,True,optimal,121.52284263959447,0.725724458694458,121.52284263959385,12.152284263959384,6.076142131979692,2.0253807106598973,10.0,20.0,3.923857868019705,0.03228905597326158,2186.8350253807102,aerobic,pfba,fva_informed,recon3d
L_LACtcm,"Transport of L-Lactate via Diffusion, Mitochondrial","Transport, mitochondrial",366.1,0.55,0.44999999999999996,20.0,14.468527918782229,True,optimal,121.52284263959403,0.7259702682495117,121.52284263959385,12.152284263959384,6.076142131979692,2.0253807106598973,10.0,20.0,0.0,0.0,2187.6388324873114,aerobic,pfba,fva_informed,recon3d
L_LACtcm,"Transport of L-Lactate via Diffusion, Mitochondrial","Transport, mitochondrial",366.1,0.6,0.4,20.0,12.860913705584204,True,optimal,121.52284263959389,0.7851321697235107,121.52284263959383,12.152284263959384,6.076142131979692,2.0253807106598973,10.0,20.0,0.0,0.0,2188.442639593909,aerobic,pfba,fva_informed,recon3d
L_LACtcm,"Transport of L-Lactate via Diffusion, Mitochondrial","Transport, mitochondrial",366.1,0.65,0.35,20.0,11.253299492386178,True,optimal,121.52284263959388,0.7872726917266846,121.52284263959383,12.152284263959384,6.076142131979692,2.0253807106598973,10.0,20.0,0.0,0.0,2189.2464467005075,aerobic,pfba,fva_informed,recon3d
L_LACtcm,"Transport of L-Lactate via Diffusion, Mitochondrial","Transport, mitochondrial",366.1,0.7,0.30000000000000004,20.0,9.645685279188154,True,optimal,121.52284263959388,0.7945878505706787,121.52284263959383,12.152284263959384,6.076142131979692,2.0253807106598973,10.0,20.0,0.0,0.0,2190.050253807107,aerobic,pfba,fva_informed,recon3d
L_LACtcm,"Transport of L-Lactate via Diffusion, Mitochondrial","Transport, mitochondrial",366.1,0.75,0.25,20.0,8.038071065990128,True,optimal,121.52284263959385,0.823875904083252,121.52284263959378,12.152284263959377,6.076142131979688,2.0253807106598964,10.0,20.0,11.961928934009828,0.0984335839598972,2190.854060913705,aerobic,pfba,fva_informed,recon3d
L_LACtcm,"Transport of L-Lactate via Diffusion, Mitochondrial","Transport, mitochondrial",366.1,0.8,0.19999999999999996,20.0,6.4304568527921,True,optimal,121.52284263959388,0.8159146308898926,121.52284263959378,12.152284263959377,6.076142131979688,2.0253807106598964,10.0,20.0,13.231810490693809,0.10888331940963589,2193.1776649746203,aerobic,pfba,fva_informed,recon3d
L_LACtcm,"Transport of L-Lactate via Diffusion, Mitochondrial","Transport, mitochondrial",366.1,0.85,0.15000000000000002,20.0,4.822842639594077,True,optimal,121.52284263959382,0.7897777557373047,121.52284263959385,12.152284263959384,6.076142131979692,2.0253807106598973,10.0,20.0,13.231810490693753,0.10888331940963537,2201.215736040607,aerobic,pfba,fva_informed,recon3d
L_LACtcm,"Transport of L-Lactate via Diffusion, Mitochondrial","Transport, mitochondrial",366.1,0.9,0.09999999999999998,20.0,3.21522842639605,True,optimal,121.5228426395938,0.7758190631866455,121.52284263959376,12.152284263959377,6.076142131979688,2.025380710659896,10.0,20.0,13.231810490693709,0.10888331940963508,2209.253807106596,aerobic,pfba,fva_informed,recon3d
L_LACtcm,"Transport of L-Lactate via Diffusion, Mitochondrial","Transport, mitochondrial",366.1,0.95,0.050000000000000044,20.0,1.6076142131980269,True,optimal,121.52284263959395,0.7689204216003418,121.52284263959385,12.152284263959384,6.076142131979692,2.0253807106598973,10.0,20.0,13.231810490693746,0.10888331940963532,2217.2918781725866,aerobic,pfba,fva_informed,recon3d
L_LACtcm,"Transport of L-Lactate via Diffusion, Mitochondrial","Transport, mitochondrial",366.1,1.0,0.0,20.0,0.0,True,optimal,121.52284263959389,0.7654976844787598,121.52284263959407,12.152284263959407,6.0761421319797035,2.0253807106599013,10.0,20.0,13.231810490693679,0.10888331940963455,2225.3299492385904,aerobic,pfba,fva_informed,recon3d
NADH2_u10mi,NADH2_u10mi,Oxidative phosphorylation,(4715.1 and 4720.1 and 4719.1 and 4700.1 and 55967.1 and 4709.1 and 4710.1 and 4726.1 and 4718.1 and 4696.1 and 4694.1 and 374291.1 and 4728.1 and 4712.2 and 4717.1 and 4705.1 and 4725.1 and 4716.1 and 4537.1 and 7991.1 and 4722.1 and 4541.1 and 4539.1 and 4707.1 and 4701.1 and 4723.1 and 4698.1 and 4538.1 and 4697.1 and 51079.1 and 4714.1 and 4704.1 and 126328.1 and 4711.1 and 4724.1 and 4713.1 and 4536.1 and 4695.1 and 4702.1 and 4708.1 and 4535.1 and 4731.2 and 4706.1 and 4729.1 and 4540.1) or (4715.1 and 4720.1 and 4719.1 and 55967.1 and 4700.1 and 4709.1 and 4710.1 and 4726.1 and 4696.1 and 4718.1 and 4694.1 and 374291.1 and 4728.1 and 7991.2 and 4717.1 and 4731.1 and 4705.1 and 4725.1 and 4716.1 and 4537.1 and 4722.1 and 4541.1 and 4712.1 and 4539.1 and 4707.1 and 4701.1 and 4698.1 and 4723.1 and 4538.1 and 4697.1 and 51079.1 and 4714.1 and 4704.1 and 126328.1 and 4711.1 and 4724.1 and 4536.1 and 4713.1 and 4695.1 and 4702.1 and 4708.1 and 4706.1 and 4535.1 and 4540.1 and 4729.1) or (4715.1 and 4720.1 and 4719.1 and 55967.1 and 4700.1 and 4709.1 and 4710.1 and 4726.1 and 4718.1 and 4696.1 and 374291.1 and 4694.1 and 4728.1 and 7991.2 and 4712.2 and 4717.1 and 4705.1 and 4725.1 and 4716.1 and 4537.1 and 4722.1 and 4541.1 and 4539.1 and 4707.1 and 4701.1 and 4698.1 and 4723.1 and 4538.1 and 4697.1 and 51079.1 and 4714.1 and 4704.1 and 4711.1 and 126328.1 and 4724.1 and 4536.1 and 4713.1 and 4695.1 and 4702.1 and 4708.1 and 4731.2 and 4706.1 and 4535.1 and 4540.1 and 4729.1) or (4715.1 and 4720.1 and 4719.1 and 4700.1 and 55967.1 and 4709.1 and 4710.1 and 4726.1 and 4718.1 and 4696.1 and 374291.1 and 4694.1 and 4728.1 and 4717.1 and 4705.1 and 4725.1 and 4537.1 and 4716.1 and 4722.1 and 7991.1 and 4541.1 and 4712.1 and 4539.1 and 4707.1 and 4701.1 and 4723.1 and 4698.1 and 4538.1 and 4697.1 and 51079.1 and 4714.1 and 4704.1 and 4711.1 and 126328.1 and 4724.1 and 4713.1 and 4536.1 and 4695.1 and 4702.1 and 4708.1 and 4706.1 and 4535.1 and 4731.2 and 4729.1 and 4540.1) or (4715.1 and 4720.1 and 4719.1 and 55967.1 and 4700.1 and 4709.1 and 4710.1 and 4726.1 and 4696.1 and 4718.1 and 4694.1 and 374291.1 and 4728.1 and 4717.1 and 4731.1 and 4705.1 and 4725.1 and 4716.1 and 4537.1 and 4722.1 and 7991.1 and 4541.1 and 4539.1 and 4712.1 and 4707.1 and 4701.1 and 4723.1 and 4698.1 and 4538.1 and 4697.1 and 51079.1 and 4714.1 and 4704.1 and 126328.1 and 4711.1 and 4724.1 and 4713.1 and 4536.1 and 4695.1 and 4702.1 and 4708.1 and 4706.1 and 4535.1 and 4540.1 and 4729.1) or (4715.1 and 4720.1 and 4719.1 and 55967.1 and 4700.1 and 4709.1 and 4710.1 and 4726.1 and 4696.1 and 4718.1 and 374291.1 and 4694.1 and 4728.1 and 4712.2 and 4717.1 and 4731.1 and 4705.1 and 4725.1 and 4537.1 and 4716.1 and 4722.1 and 7991.1 and 4541.1 and 4539.1 and 4707.1 and 4701.1 and 4723.1 and 4698.1 and 4538.1 and 4697.1 and 51079.1 and 4714.1 and 4704.1 and 126328.1 and 4711.1 and 4724.1 and 4713.1 and 4536.1 and 4695.1 and 4702.1 and 4708.1 and 4535.1 and 4706.1 and 4729.1 and 4540.1) or (4715.1 and 4720.1 and 4719.1 and 4700.1 and 55967.1 and 4709.1 and 4710.1 and 4726.1 and 4718.1 and 4696.1 and 4694.1 and 374291.1 and 4728.1 and 7991.2 and 4717.1 and 4705.1 and 4725.1 and 4537.1 and 4716.1 and 4722.1 and 4541.1 and 4712.1 and 4539.1 and 4707.1 and 4701.1 and 4723.1 and 4698.1 and 4538.1 and 4697.1 and 51079.1 and 4714.1 and 4704.1 and 4711.1 and 126328.1 and 4724.1 and 4713.1 and 4536.1 and 4695.1 and 4702.1 and 4708.1 and 4535.1 and 4731.2 and 4706.1 and 4540.1 and 4729.1) or (4715.1 and 4720.1 and 4719.1 and 4700.1 and 55967.1 and 4709.1 and 4710.1 and 4726.1 and 4718.1 and 4696.1 and 374291.1 and 4694.1 and 4728.1 and 7991.2 and 4712.2 and 4717.1 and 4731.1 and 4705.1 and 4725.1 and 4537.1 and 4716.1 and 4722.1 and 4541.1 and 4539.1 and 4707.1 and 4701.1 and 4698.1 and 4723.1 and 4538.1 and 4697.1 and 51079.1 and 4714.1 and 4704.1 and 4711.1 and 126328.1 and 4724.1 and 4713.1 and 4536.1 and 4695.1 and 4702.1 and 4708.1 and 4706.1 and 4535.1 and 4540.1 and 4729.1 and 54539.1),0.0,1.0,40.45685279187824,40.45685279187816,True,optimal,121.52284263959389,0.8507020473480225,121.5228426395938,12.15228426395938,6.07614213197969,2.025380710659897,10.0,20.0,0.0,0.0,2184.873096446697,aerobic,pfba,fva_informed,recon3d
NADH2_u10mi,NADH2_u10mi,Oxidative phosphorylation,(4715.1 and 4720.1 and 4719.1 and 4700.1 and 55967.1 and 4709.1 and 4710.1 and 4726.1 and 4718.1 and 4696.1 and 4694.1 and 374291.1 and 4728.1 and 4712.2 and 4717.1 and 4705.1 and 4725.1 and 4716.1 and 4537.1 and 7991.1 and 4722.1 and 4541.1 and 4539.1 and 4707.1 and 4701.1 and 4723.1 and 4698.1 and 4538.1 and 4697.1 and 51079.1 and 4714.1 and 4704.1 and 126328.1 and 4711.1 and 4724.1 and 4713.1 and 4536.1 and 4695.1 and 4702.1 and 4708.1 and 4535.1 and 4731.2 and 4706.1 and 4729.1 and 4540.1) or (4715.1 and 4720.1 and 4719.1 and 55967.1 and 4700.1 and 4709.1 and 4710.1 and 4726.1 and 4696.1 and 4718.1 and 4694.1 and 374291.1 and 4728.1 and 7991.2 and 4717.1 and 4731.1 and 4705.1 and 4725.1 and 4716.1 and 4537.1 and 4722.1 and 4541.1 and 4712.1 and 4539.1 and 4707.1 and 4701.1 and 4698.1 and 4723.1 and 4538.1 and 4697.1 and 51079.1 and 4714.1 and 4704.1 and 126328.1 and 4711.1 and 4724.1 and 4536.1 and 4713.1 and 4695.1 and 4702.1 and 4708.1 and 4706.1 and 4535.1 and 4540.1 and 4729.1) or (4715.1 and 4720.1 and 4719.1 and 55967.1 and 4700.1 and 4709.1 and 4710.1 and 4726.1 and 4718.1 and 4696.1 and 374291.1 and 4694.1 and 4728.1 and 7991.2 and 4712.2 and 4717.1 and 4705.1 and 4725.1 and 4716.1 and 4537.1 and 4722.1 and 4541.1 and 4539.1 and 4707.1 and 4701.1 and 4698.1 and 4723.1 and 4538.1 and 4697.1 and 51079.1 and 4714.1 and 4704.1 and 4711.1 and 126328.1 and 4724.1 and 4536.1 and 4713.1 and 4695.1 and 4702.1 and 4708.1 and 4731.2 and 4706.1 and 4535.1 and 4540.1 and 4729.1) or (4715.1 and 4720.1 and 4719.1 and 4700.1 and 55967.1 and 4709.1 and 4710.1 and 4726.1 and 4718.1 and 4696.1 and 374291.1 and 4694.1 and 4728.1 and 4717.1 and 4705.1 and 4725.1 and 4537.1 and 4716.1 and 4722.1 and 7991.1 and 4541.1 and 4712.1 and 4539.1 and 4707.1 and 4701.1 and 4723.1 and 4698.1 and 4538.1 and 4697.1 and 51079.1 and 4714.1 and 4704.1 and 4711.1 and 126328.1 and 4724.1 and 4713.1 and 4536.1 and 4695.1 and 4702.1 and 4708.1 and 4706.1 and 4535.1 and 4731.2 and 4729.1 and 4540.1) or (4715.1 and 4720.1 and 4719.1 and 55967.1 and 4700.1 and 4709.1 and 4710.1 and 4726.1 and 4696.1 and 4718.1 and 4694.1 and 374291.1 and 4728.1 and 4717.1 and 4731.1 and 4705.1 and 4725.1 and 4716.1 and 4537.1 and 4722.1 and 7991.1 and 4541.1 and 4539.1 and 4712.1 and 4707.1 and 4701.1 and 4723.1 and 4698.1 and 4538.1 and 4697.1 and 51079.1 and 4714.1 and 4704.1 and 126328.1 and 4711.1 and 4724.1 and 4713.1 and 4536.1 and 4695.1 and 4702.1 and 4708.1 and 4706.1 and 4535.1 and 4540.1 and 4729.1) or (4715.1 and 4720.1 and 4719.1 and 55967.1 and 4700.1 and 4709.1 and 4710.1 and 4726.1 and 4696.1 and 4718.1 and 374291.1 and 4694.1 and 4728.1 and 4712.2 and 4717.1 and 4731.1 and 4705.1 and 4725.1 and 4537.1 and 4716.1 and 4722.1 and 7991.1 and 4541.1 and 4539.1 and 4707.1 and 4701.1 and 4723.1 and 4698.1 and 4538.1 and 4697.1 and 51079.1 and 4714.1 and 4704.1 and 126328.1 and 4711.1 and 4724.1 and 4713.1 and 4536.1 and 4695.1 and 4702.1 and 4708.1 and 4535.1 and 4706.1 and 4729.1 and 4540.1) or (4715.1 and 4720.1 and 4719.1 and 4700.1 and 55967.1 and 4709.1 and 4710.1 and 4726.1 and 4718.1 and 4696.1 and 4694.1 and 374291.1 and 4728.1 and 7991.2 and 4717.1 and 4705.1 and 4725.1 and 4537.1 and 4716.1 and 4722.1 and 4541.1 and 4712.1 and 4539.1 and 4707.1 and 4701.1 and 4723.1 and 4698.1 and 4538.1 and 4697.1 and 51079.1 and 4714.1 and 4704.1 and 4711.1 and 126328.1 and 4724.1 and 4713.1 and 4536.1 and 4695.1 and 4702.1 and 4708.1 and 4535.1 and 4731.2 and 4706.1 and 4540.1 and 4729.1) or (4715.1 and 4720.1 and 4719.1 and 4700.1 and 55967.1 and 4709.1 and 4710.1 and 4726.1 and 4718.1 and 4696.1 and 374291.1 and 4694.1 and 4728.1 and 7991.2 and 4712.2 and 4717.1 and 4731.1 and 4705.1 and 4725.1 and 4537.1 and 4716.1 and 4722.1 and 4541.1 and 4539.1 and 4707.1 and 4701.1 and 4698.1 and 4723.1 and 4538.1 and 4697.1 and 51079.1 and 4714.1 and 4704.1 and 4711.1 and 126328.1 and 4724.1 and 4713.1 and 4536.1 and 4695.1 and 4702.1 and 4708.1 and 4706.1 and 4535.1 and 4540.1 and 4729.1 and 54539.1),0.05,0.95,40.45685279187824,38.578680203045735,True,optimal,121.52284263959385,1.0170438289642334,121.52284263959383,12.152284263959384,6.076142131979692,2.0253807106598973,10.0,20.0,3.756345177664866,0.030910609857977403,2186.7512690355384,aerobic,pfba,fva_informed,recon3d
NADH2_u10mi,NADH2_u10mi,Oxidative phosphorylation,(4715.1 and 4720.1 and 4719.1 and 4700.1 and 55967.1 and 4709.1 and 4710.1 and 4726.1 and 4718.1 and 4696.1 and 4694.1 and 374291.1 and 4728.1 and 4712.2 and 4717.1 and 4705.1 and 4725.1 and 4716.1 and 4537.1 and 7991.1 and 4722.1 and 4541.1 and 4539.1 and 4707.1 and 4701.1 and 4723.1 and 4698.1 and 4538.1 and 4697.1 and 51079.1 and 4714.1 and 4704.1 and 126328.1 and 4711.1 and 4724.1 and 4713.1 and 4536.1 and 4695.1 and 4702.1 and 4708.1 and 4535.1 and 4731.2 and 4706.1 and 4729.1 and 4540.1) or (4715.1 and 4720.1 and 4719.1 and 55967.1 and 4700.1 and 4709.1 and 4710.1 and 4726.1 and 4696.1 and 4718.1 and 4694.1 and 374291.1 and 4728.1 and 7991.2 and 4717.1 and 4731.1 and 4705.1 and 4725.1 and 4716.1 and 4537.1 and 4722.1 and 4541.1 and 4712.1 and 4539.1 and 4707.1 and 4701.1 and 4698.1 and 4723.1 and 4538.1 and 4697.1 and 51079.1 and 4714.1 and 4704.1 and 126328.1 and 4711.1 and 4724.1 and 4536.1 and 4713.1 and 4695.1 and 4702.1 and 4708.1 and 4706.1 and 4535.1 and 4540.1 and 4729.1) or (4715.1 and 4720.1 and 4719.1 and 55967.1 and 4700.1 and 4709.1 and 4710.1 and 4726.1 and 4718.1 and 4696.1 and 374291.1 and 4694.1 and 4728.1 and 7991.2 and 4712.2 and 4717.1 and 4705.1 and 4725.1 and 4716.1 and 4537.1 and 4722.1 and 4541.1 and 4539.1 and 4707.1 and 4701.1 and 4698.1 and 4723.1 and 4538.1 and 4697.1 and 51079.1 and 4714.1 and 4704.1 and 4711.1 and 126328.1 and 4724.1 and 4536.1 and 4713.1 and 4695.1 and 4702.1 and 4708.1 and 4731.2 and 4706.1 and 4535.1 and 4540.1 and 4729.1) or (4715.1 and 4720.1 and 4719.1 and 4700.1 and 55967.1 and 4709.1 and 4710.1 and 4726.1 and 4718.1 and 4696.1 and 374291.1 and 4694.1 and 4728.1 and 4717.1 and 4705.1 and 4725.1 and 4537.1 and 4716.1 and 4722.1 and 7991.1 and 4541.1 and 4712.1 and 4539.1 and 4707.1 and 4701.1 and 4723.1 and 4698.1 and 4538.1 and 4697.1 and 51079.1 and 4714.1 and 4704.1 and 4711.1 and 126328.1 and 4724.1 and 4713.1 and 4536.1 and 4695.1 and 4702.1 and 4708.1 and 4706.1 and 4535.1 and 4731.2 and 4729.1 and 4540.1) or (4715.1 and 4720.1 and 4719.1 and 55967.1 and 4700.1 and 4709.1 and 4710.1 and 4726.1 and 4696.1 and 4718.1 and 4694.1 and 374291.1 and 4728.1 and 4717.1 and 4731.1 and 4705.1 and 4725.1 and 4716.1 and 4537.1 and 4722.1 and 7991.1 and 4541.1 and 4539.1 and 4712.1 and 4707.1 and 4701.1 and 4723.1 and 4698.1 and 4538.1 and 4697.1 and 51079.1 and 4714.1 and 4704.1 and 126328.1 and 4711.1 and 4724.1 and 4713.1 and 4536.1 and 4695.1 and 4702.1 and 4708.1 and 4706.1 and 4535.1 and 4540.1 and 4729.1) or (4715.1 and 4720.1 and 4719.1 and 55967.1 and 4700.1 and 4709.1 and 4710.1 and 4726.1 and 4696.1 and 4718.1 and 374291.1 and 4694.1 and 4728.1 and 4712.2 and 4717.1 and 4731.1 and 4705.1 and 4725.1 and 4537.1 and 4716.1 and 4722.1 and 7991.1 and 4541.1 and 4539.1 and 4707.1 and 4701.1 and 4723.1 and 4698.1 and 4538.1 and 4697.1 and 51079.1 and 4714.1 and 4704.1 and 126328.1 and 4711.1 and 4724.1 and 4713.1 and 4536.1 and 4695.1 and 4702.1 and 4708.1 and 4535.1 and 4706.1 and 4729.1 and 4540.1) or (4715.1 and 4720.1 and 4719.1 and 4700.1 and 55967.1 and 4709.1 and 4710.1 and 4726.1 and 4718.1 and 4696.1 and 4694.1 and 374291.1 and 4728.1 and 7991.2 and 4717.1 and 4705.1 and 4725.1 and 4537.1 and 4716.1 and 4722.1 and 4541.1 and 4712.1 and 4539.1 and 4707.1 and 4701.1 and 4723.1 and 4698.1 and 4538.1 and 4697.1 and 51079.1 and 4714.1 and 4704.1 and 4711.1 and 126328.1 and 4724.1 and 4713.1 and 4536.1 and 4695.1 and 4702.1 and 4708.1 and 4535.1 and 4731.2 and 4706.1 and 4540.1 and 4729.1) or (4715.1 and 4720.1 and 4719.1 and 4700.1 and 55967.1 and 4709.1 and 4710.1 and 4726.1 and 4718.1 and 4696.1 and 374291.1 and 4694.1 and 4728.1 and 7991.2 and 4712.2 and 4717.1 and 4731.1 and 4705.1 and 4725.1 and 4537.1 and 4716.1 and 4722.1 and 4541.1 and 4539.1 and 4707.1 and 4701.1 and 4698.1 and 4723.1 and 4538.1 and 4697.1 and 51079.1 and 4714.1 and 4704.1 and 4711.1 and 126328.1 and 4724.1 and 4713.1 and 4536.1 and 4695.1 and 4702.1 and 4708.1 and 4706.1 and 4535.1 and 4540.1 and 4729.1 and 54539.1),0.1,0.9,40.45685279187824,36.54822335025386,True,optimal,121.52284263959393,0.8233950138092041,121.52284263959427,12.152284263959427,6.076142131979713,2.0253807106599044,10.0,20.0,7.817258883248717,0.06432748538011665,2188.781725888341,aerobic,pfba,fva_informed,recon3d
NADH2_u10mi,NADH2_u10mi,Oxidative phosphorylation,(4715.1 and 4720.1 and 4719.1 and 4700.1 and 55967.1 and 4709.1 and 4710.1 and 4726.1 and 4718.1 and 4696.1 and 4694.1 and 374291.1 and 4728.1 and 4712.2 and 4717.1 and 4705.1 and 4725.1 and 4716.1 and 4537.1 and 7991.1 and 4722.1 and 4541.1 and 4539.1 and 4707.1 and 4701.1 and 4723.1 and 4698.1 and 4538.1 and 4697.1 and 51079.1 and 4714.1 and 4704.1 and 126328.1 and 4711.1 and 4724.1 and 4713.1 and 4536.1 and 4695.1 and 4702.1 and 4708.1 and 4535.1 and 4731.2 and 4706.1 and 4729.1 and 4540.1) or (4715.1 and 4720.1 and 4719.1 and 55967.1 and 4700.1 and 4709.1 and 4710.1 and 4726.1 and 4696.1 and 4718.1 and 4694.1 and 374291.1 and 4728.1 and 7991.2 and 4717.1 and 4731.1 and 4705.1 and 4725.1 and 4716.1 and 4537.1 and 4722.1 and 4541.1 and 4712.1 and 4539.1 and 4707.1 and 4701.1 and 4698.1 and 4723.1 and 4538.1 and 4697.1 and 51079.1 and 4714.1 and 4704.1 and 126328.1 and 4711.1 and 4724.1 and 4536.1 and 4713.1 and 4695.1 and 4702.1 and 4708.1 and 4706.1 and 4535.1 and 4540.1 and 4729.1) or (4715.1 and 4720.1 and 4719.1 and 55967.1 and 4700.1 and 4709.1 and 4710.1 and 4726.1 and 4718.1 and 4696.1 and 374291.1 and 4694.1 and 4728.1 and 7991.2 and 4712.2 and 4717.1 and 4705.1 and 4725.1 and 4716.1 and 4537.1 and 4722.1 and 4541.1 and 4539.1 and 4707.1 and 4701.1 and 4698.1 and 4723.1 and 4538.1 and 4697.1 and 51079.1 and 4714.1 and 4704.1 and 4711.1 and 126328.1 and 4724.1 and 4536.1 and 4713.1 and 4695.1 and 4702.1 and 4708.1 and 4731.2 and 4706.1 and 4535.1 and 4540.1 and 4729.1) or (4715.1 and 4720.1 and 4719.1 and 4700.1 and 55967.1 and 4709.1 and 4710.1 and 4726.1 and 4718.1 and 4696.1 and 374291.1 and 4694.1 and 4728.1 and 4717.1 and 4705.1 and 4725.1 and 4537.1 and 4716.1 and 4722.1 and 7991.1 and 4541.1 and 4712.1 and 4539.1 and 4707.1 and 4701.1 and 4723.1 and 4698.1 and 4538.1 and 4697.1 and 51079.1 and 4714.1 and 4704.1 and 4711.1 and 126328.1 and 4724.1 and 4713.1 and 4536.1 and 4695.1 and 4702.1 and 4708.1 and 4706.1 and 4535.1 and 4731.2 and 4729.1 and 4540.1) or (4715.1 and 4720.1 and 4719.1 and 55967.1 and 4700.1 and 4709.1 and 4710.1 and 4726.1 and 4696.1 and 4718.1 and 4694.1 and 374291.1 and 4728.1 and 4717.1 and 4731.1 and 4705.1 and 4725.1 and 4716.1 and 4537.1 and 4722.1 and 7991.1 and 4541.1 and 4539.1 and 4712.1 and 4707.1 and 4701.1 and 4723.1 and 4698.1 and 4538.1 and 4697.1 and 51079.1 and 4714.1 and 4704.1 and 126328.1 and 4711.1 and 4724.1 and 4713.1 and 4536.1 and 4695.1 and 4702.1 and 4708.1 and 4706.1 and 4535.1 and 4540.1 and 4729.1) or (4715.1 and 4720.1 and 4719.1 and 55967.1 and 4700.1 and 4709.1 and 4710.1 and 4726.1 and 4696.1 and 4718.1 and 374291.1 and 4694.1 and 4728.1 and 4712.2 and 4717.1 and 4731.1 and 4705.1 and 4725.1 and 4537.1 and 4716.1 and 4722.1 and 7991.1 and 4541.1 and 4539.1 and 4707.1 and 4701.1 and 4723.1 and 4698.1 and 4538.1 and 4697.1 and 51079.1 and 4714.1 and 4704.1 and 126328.1 and 4711.1 and 4724.1 and 4713.1 and 4536.1 and 4695.1 and 4702.1 and 4708.1 and 4535.1 and 4706.1 and 4729.1 and 4540.1) or (4715.1 and 4720.1 and 4719.1 and 4700.1 and 55967.1 and 4709.1 and 4710.1 and 4726.1 and 4718.1 and 4696.1 and 4694.1 and 374291.1 and 4728.1 and 7991.2 and 4717.1 and 4705.1 and 4725.1 and 4537.1 and 4716.1 and 4722.1 and 4541.1 and 4712.1 and 4539.1 and 4707.1 and 4701.1 and 4723.1 and 4698.1 and 4538.1 and 4697.1 and 51079.1 and 4714.1 and 4704.1 and 4711.1 and 126328.1 and 4724.1 and 4713.1 and 4536.1 and 4695.1 and 4702.1 and 4708.1 and 4535.1 and 4731.2 and 4706.1 and 4540.1 and 4729.1) or (4715.1 and 4720.1 and 4719.1 and 4700.1 and 55967.1 and 4709.1 and 4710.1 and 4726.1 and 4718.1 and 4696.1 and 374291.1 and 4694.1 and 4728.1 and 7991.2 and 4712.2 and 4717.1 and 4731.1 and 4705.1 and 4725.1 and 4537.1 and 4716.1 and 4722.1 and 4541.1 and 4539.1 and 4707.1 and 4701.1 and 4698.1 and 4723.1 and 4538.1 and 4697.1 and 51079.1 and 4714.1 and 4704.1 and 4711.1 and 126328.1 and 4724.1 and 4713.1 and 4536.1 and 4695.1 and 4702.1 and 4708.1 and 4706.1 and 4535.1 and 4540.1 and 4729.1 and 54539.1),0.15,0.85,40.45685279187824,34.51776649746198,True,optimal,121.52284263959392,0.8579652309417725,121.52284263959403,12.152284263959404,6.076142131979702,2.0253807106599004,10.0,20.0,11.878172588832362,0.09774436090225451,2190.8121827411233,aerobic,pfba,fva_informed,recon3d
NADH2_u10mi,NADH2_u10mi,Oxidative phosphorylation,(4715.1 and 4720.1 and 4719.1 and 4700.1 and 55967.1 and 4709.1 and 4710.1 and 4726.1 and 4718.1 and 4696.1 and 4694.1 and 374291.1 and 4728.1 and 4712.2 and 4717.1 and 4705.1 and 4725.1 and 4716.1 and 4537.1 and 7991.1 and 4722.1 and 4541.1 and 4539.1 and 4707.1 and 4701.1 and 4723.1 and 4698.1 and 4538.1 and 4697.1 and 51079.1 and 4714.1 and 4704.1 and 126328.1 and 4711.1 and 4724.1 and 4713.1 and 4536.1 and 4695.1 and 4702.1 and 4708.1 and 4535.1 and 4731.2 and 4706.1 and 4729.1 and 4540.1) or (4715.1 and 4720.1 and 4719.1 and 55967.1 and 4700.1 and 4709.1 and 4710.1 and 4726.1 and 4696.1 and 4718.1 and 4694.1 and 374291.1 and 4728.1 and 7991.2 and 4717.1 and 4731.1 and 4705.1 and 4725.1 and 4716.1 and 4537.1 and 4722.1 and 4541.1 and 4712.1 and 4539.1 and 4707.1 and 4701.1 and 4698.1 and 4723.1 and 4538.1 and 4697.1 and 51079.1 and 4714.1 and 4704.1 and 126328.1 and 4711.1 and 4724.1 and 4536.1 and 4713.1 and 4695.1 and 4702.1 and 4708.1 and 4706.1 and 4535.1 and 4540.1 and 4729.1) or (4715.1 and 4720.1 and 4719.1 and 55967.1 and 4700.1 and 4709.1 and 4710.1 and 4726.1 and 4718.1 and 4696.1 and 374291.1 and 4694.1 and 4728.1 and 7991.2 and 4712.2 and 4717.1 and 4705.1 and 4725.1 and 4716.1 and 4537.1 and 4722.1 and 4541.1 and 4539.1 and 4707.1 and 4701.1 and 4698.1 and 4723.1 and 4538.1 and 4697.1 and 51079.1 and 4714.1 and 4704.1 and 4711.1 and 126328.1 and 4724.1 and 4536.1 and 4713.1 and 4695.1 and 4702.1 and 4708.1 and 4731.2 and 4706.1 and 4535.1 and 4540.1 and 4729.1) or (4715.1 and 4720.1 and 4719.1 and 4700.1 and 55967.1 and 4709.1 and 4710.1 and 4726.1 and 4718.1 and 4696.1 and 374291.1 and 4694.1 and 4728.1 and 4717.1 and 4705.1 and 4725.1 and 4537.1 and 4716.1 and 4722.1 and 7991.1 and 4541.1 and 4712.1 and 4539.1 and 4707.1 and 4701.1 and 4723.1 and 4698.1 and 4538.1 and 4697.1 and 51079.1 and 4714.1 and 4704.1 and 4711.1 and 126328.1 and 4724.1 and 4713.1 and 4536.1 and 4695.1 and 4702.1 and 4708.1 and 4706.1 and 4535.1 and 4731.2 and 4729.1 and 4540.1) or (4715.1 and 4720.1 and 4719.1 and 55967.1 and 4700.1 and 4709.1 and 4710.1 and 4726.1 and 4696.1 and 4718.1 and 4694.1 and 374291.1 and 4728.1 and 4717.1 and 4731.1 and 4705.1 and 4725.1 and 4716.1 and 4537.1 and 4722.1 and 7991.1 and 4541.1 and 4539.1 and 4712.1 and 4707.1 and 4701.1 and 4723.1 and 4698.1 and 4538.1 and 4697.1 and 51079.1 and 4714.1 and 4704.1 and 126328.1 and 4711.1 and 4724.1 and 4713.1 and 4536.1 and 4695.1 and 4702.1 and 4708.1 and 4706.1 and 4535.1 and 4540.1 and 4729.1) or (4715.1 and 4720.1 and 4719.1 and 55967.1 and 4700.1 and 4709.1 and 4710.1 and 4726.1 and 4696.1 and 4718.1 and 374291.1 and 4694.1 and 4728.1 and 4712.2 and 4717.1 and 4731.1 and 4705.1 and 4725.1 and 4537.1 and 4716.1 and 4722.1 and 7991.1 and 4541.1 and 4539.1 and 4707.1 and 4701.1 and 4723.1 and 4698.1 and 4538.1 and 4697.1 and 51079.1 and 4714.1 and 4704.1 and 126328.1 and 4711.1 and 4724.1 and 4713.1 and 4536.1 and 4695.1 and 4702.1 and 4708.1 and 4535.1 and 4706.1 and 4729.1 and 4540.1) or (4715.1 and 4720.1 and 4719.1 and 4700.1 and 55967.1 and 4709.1 and 4710.1 and 4726.1 and 4718.1 and 4696.1 and 4694.1 and 374291.1 and 4728.1 and 7991.2 and 4717.1 and 4705.1 and 4725.1 and 4537.1 and 4716.1 and 4722.1 and 4541.1 and 4712.1 and 4539.1 and 4707.1 and 4701.1 and 4723.1 and 4698.1 and 4538.1 and 4697.1 and 51079.1 and 4714.1 and 4704.1 and 4711.1 and 126328.1 and 4724.1 and 4713.1 and 4536.1 and 4695.1 and 4702.1 and 4708.1 and 4535.1 and 4731.2 and 4706.1 and 4540.1 and 4729.1) or (4715.1 and 4720.1 and 4719.1 and 4700.1 and 55967.1 and 4709.1 and 4710.1 and 4726.1 and 4718.1 and 4696.1 and 374291.1 and 4694.1 and 4728.1 and 7991.2 and 4712.2 and 4717.1 and 4731.1 and 4705.1 and 4725.1 and 4537.1 and 4716.1 and 4722.1 and 4541.1 and 4539.1 and 4707.1 and 4701.1 and 4698.1 and 4723.1 and 4538.1 and 4697.1 and 51079.1 and 4714.1 and 4704.1 and 4711.1 and 126328.1 and 4724.1 and 4713.1 and 4536.1 and 4695.1 and 4702.1 and 4708.1 and 4706.1 and 4535.1 and 4540.1 and 4729.1 and 54539.1),0.2,0.8,40.45685279187824,32.4873096446701,True,optimal,121.5228426395938,0.8722825050354004,121.52284263959388,12.152284263959388,6.076142131979694,2.0253807106598978,10.0,20.0,11.878172588832616,0.09774436090225672,2290.304568527911,aerobic,pfba,fva_informed,recon3d
NADH2_u10mi,NADH2_u10mi,Oxidative phosphorylation,(4715.1 and 4720.1 and 4719.1 and 4700.1 and 55967.1 and 4709.1 and 4710.1 and 4726.1 and 4718.1 and 4696.1 and 4694.1 and 374291.1 and 4728.1 and 4712.2 and 4717.1 and 4705.1 and 4725.1 and 4716.1 and 4537.1 and 7991.1 and 4722.1 and 4541.1 and 4539.1 and 4707.1 and 4701.1 and 4723.1 and 4698.1 and 4538.1 and 4697.1 and 51079.1 and 4714.1 and 4704.1 and 126328.1 and 4711.1 and 4724.1 and 4713.1 and 4536.1 and 4695.1 and 4702.1 and 4708.1 and 4535.1 and 4731.2 and 4706.1 and 4729.1 and 4540.1) or (4715.1 and 4720.1 and 4719.1 and 55967.1 and 4700.1 and 4709.1 and 4710.1 and 4726.1 and 4696.1 and 4718.1 and 4694.1 and 374291.1 and 4728.1 and 7991.2 and 4717.1 and 4731.1 and 4705.1 and 4725.1 and 4716.1 and 4537.1 and 4722.1 and 4541.1 and 4712.1 and 4539.1 and 4707.1 and 4701.1 and 4698.1 and 4723.1 and 4538.1 and 4697.1 and 51079.1 and 4714.1 and 4704.1 and 126328.1 and 4711.1 and 4724.1 and 4536.1 and 4713.1 and 4695.1 and 4702.1 and 4708.1 and 4706.1 and 4535.1 and 4540.1 and 4729.1) or (4715.1 and 4720.1 and 4719.1 and 55967.1 and 4700.1 and 4709.1 and 4710.1 and 4726.1 and 4718.1 and 4696.1 and 374291.1 and 4694.1 and 4728.1 and 7991.2 and 4712.2 and 4717.1 and 4705.1 and 4725.1 and 4716.1 and 4537.1 and 4722.1 and 4541.1 and 4539.1 and 4707.1 and 4701.1 and 4698.1 and 4723.1 and 4538.1 and 4697.1 and 51079.1 and 4714.1 and 4704.1 and 4711.1 and 126328.1 and 4724.1 and 4536.1 and 4713.1 and 4695.1 and 4702.1 and 4708.1 and 4731.2 and 4706.1 and 4535.1 and 4540.1 and 4729.1) or (4715.1 and 4720.1 and 4719.1 and 4700.1 and 55967.1 and 4709.1 and 4710.1 and 4726.1 and 4718.1 and 4696.1 and 374291.1 and 4694.1 and 4728.1 and 4717.1 and 4705.1 and 4725.1 and 4537.1 and 4716.1 and 4722.1 and 7991.1 and 4541.1 and 4712.1 and 4539.1 and 4707.1 and 4701.1 and 4723.1 and 4698.1 and 4538.1 and 4697.1 and 51079.1 and 4714.1 and 4704.1 and 4711.1 and 126328.1 and 4724.1 and 4713.1 and 4536.1 and 4695.1 and 4702.1 and 4708.1 and 4706.1 and 4535.1 and 4731.2 and 4729.1 and 4540.1) or (4715.1 and 4720.1 and 4719.1 and 55967.1 and 4700.1 and 4709.1 and 4710.1 and 4726.1 and 4696.1 and 4718.1 and 4694.1 and 374291.1 and 4728.1 and 4717.1 and 4731.1 and 4705.1 and 4725.1 and 4716.1 and 4537.1 and 4722.1 and 7991.1 and 4541.1 and 4539.1 and 4712.1 and 4707.1 and 4701.1 and 4723.1 and 4698.1 and 4538.1 and 4697.1 and 51079.1 and 4714.1 and 4704.1 and 126328.1 and 4711.1 and 4724.1 and 4713.1 and 4536.1 and 4695.1 and 4702.1 and 4708.1 and 4706.1 and 4535.1 and 4540.1 and 4729.1) or (4715.1 and 4720.1 and 4719.1 and 55967.1 and 4700.1 and 4709.1 and 4710.1 and 4726.1 and 4696.1 and 4718.1 and 374291.1 and 4694.1 and 4728.1 and 4712.2 and 4717.1 and 4731.1 and 4705.1 and 4725.1 and 4537.1 and 4716.1 and 4722.1 and 7991.1 and 4541.1 and 4539.1 and 4707.1 and 4701.1 and 4723.1 and 4698.1 and 4538.1 and 4697.1 and 51079.1 and 4714.1 and 4704.1 and 126328.1 and 4711.1 and 4724.1 and 4713.1 and 4536.1 and 4695.1 and 4702.1 and 4708.1 and 4535.1 and 4706.1 and 4729.1 and 4540.1) or (4715.1 and 4720.1 and 4719.1 and 4700.1 and 55967.1 and 4709.1 and 4710.1 and 4726.1 and 4718.1 and 4696.1 and 4694.1 and 374291.1 and 4728.1 and 7991.2 and 4717.1 and 4705.1 and 4725.1 and 4537.1 and 4716.1 and 4722.1 and 4541.1 and 4712.1 and 4539.1 and 4707.1 and 4701.1 and 4723.1 and 4698.1 and 4538.1 and 4697.1 and 51079.1 and 4714.1 and 4704.1 and 4711.1 and 126328.1 and 4724.1 and 4713.1 and 4536.1 and 4695.1 and 4702.1 and 4708.1 and 4535.1 and 4731.2 and 4706.1 and 4540.1 and 4729.1) or (4715.1 and 4720.1 and 4719.1 and 4700.1 and 55967.1 and 4709.1 and 4710.1 and 4726.1 and 4718.1 and 4696.1 and 374291.1 and 4694.1 and 4728.1 and 7991.2 and 4712.2 and 4717.1 and 4731.1 and 4705.1 and 4725.1 and 4537.1 and 4716.1 and 4722.1 and 4541.1 and 4539.1 and 4707.1 and 4701.1 and 4698.1 and 4723.1 and 4538.1 and 4697.1 and 51079.1 and 4714.1 and 4704.1 and 4711.1 and 126328.1 and 4724.1 and 4713.1 and 4536.1 and 4695.1 and 4702.1 and 4708.1 and 4706.1 and 4535.1 and 4540.1 and 4729.1 and 54539.1),0.25,0.75,40.45685279187824,30.456852791878216,True,optimal,121.52284263959376,0.9845430850982666,121.52284263959396,12.152284263959396,6.076142131979698,2.0253807106598996,10.0,20.0,9.847715736040659,0.08103592314118667,2458.8324873096412,aerobic,pfba,fva_informed,recon3d
NADH2_u10mi,NADH2_u10mi,Oxidative phosphorylation,(4715.1 and 4720.1 and 4719.1 and 4700.1 and 55967.1 and 4709.1 and 4710.1 and 4726.1 and 4718.1 and 4696.1 and 4694.1 and 374291.1 and 4728.1 and 4712.2 and 4717.1 and 4705.1 and 4725.1 and 4716.1 and 4537.1 and 7991.1 and 4722.1 and 4541.1 and 4539.1 and 4707.1 and 4701.1 and 4723.1 and 4698.1 and 4538.1 and 4697.1 and 51079.1 and 4714.1 and 4704.1 and 126328.1 and 4711.1 and 4724.1 and 4713.1 and 4536.1 and 4695.1 and 4702.1 and 4708.1 and 4535.1 and 4731.2 and 4706.1 and 4729.1 and 4540.1) or (4715.1 and 4720.1 and 4719.1 and 55967.1 and 4700.1 and 4709.1 and 4710.1 and 4726.1 and 4696.1 and 4718.1 and 4694.1 and 374291.1 and 4728.1 and 7991.2 and 4717.1 and 4731.1 and 4705.1 and 4725.1 and 4716.1 and 4537.1 and 4722.1 and 4541.1 and 4712.1 and 4539.1 and 4707.1 and 4701.1 and 4698.1 and 4723.1 and 4538.1 and 4697.1 and 51079.1 and 4714.1 and 4704.1 and 126328.1 and 4711.1 and 4724.1 and 4536.1 and 4713.1 and 4695.1 and 4702.1 and 4708.1 and 4706.1 and 4535.1 and 4540.1 and 4729.1) or (4715.1 and 4720.1 and 4719.1 and 55967.1 and 4700.1 and 4709.1 and 4710.1 and 4726.1 and 4718.1 and 4696.1 and 374291.1 and 4694.1 and 4728.1 and 7991.2 and 4712.2 and 4717.1 and 4705.1 and 4725.1 and 4716.1 and 4537.1 and 4722.1 and 4541.1 and 4539.1 and 4707.1 and 4701.1 and 4698.1 and 4723.1 and 4538.1 and 4697.1 and 51079.1 and 4714.1 and 4704.1 and 4711.1 and 126328.1 and 4724.1 and 4536.1 and 4713.1 and 4695.1 and 4702.1 and 4708.1 and 4731.2 and 4706.1 and 4535.1 and 4540.1 and 4729.1) or (4715.1 and 4720.1 and 4719.1 and 4700.1 and 55967.1 and 4709.1 and 4710.1 and 4726.1 and 4718.1 and 4696.1 and 374291.1 and 4694.1 and 4728.1 and 4717.1 and 4705.1 and 4725.1 and 4537.1 and 4716.1 and 4722.1 and 7991.1 and 4541.1 and 4712.1 and 4539.1 and 4707.1 and 4701.1 and 4723.1 and 4698.1 and 4538.1 and 4697.1 and 51079.1 and 4714.1 and 4704.1 and 4711.1 and 126328.1 and 4724.1 and 4713.1 and 4536.1 and 4695.1 and 4702.1 and 4708.1 and 4706.1 and 4535.1 and 4731.2 and 4729.1 and 4540.1) or (4715.1 and 4720.1 and 4719.1 and 55967.1 and 4700.1 and 4709.1 and 4710.1 and 4726.1 and 4696.1 and 4718.1 and 4694.1 and 374291.1 and 4728.1 and 4717.1 and 4731.1 and 4705.1 and 4725.1 and 4716.1 and 4537.1 and 4722.1 and 7991.1 and 4541.1 and 4539.1 and 4712.1 and 4707.1 and 4701.1 and 4723.1 and 4698.1 and 4538.1 and 4697.1 and 51079.1 and 4714.1 and 4704.1 and 126328.1 and 4711.1 and 4724.1 and 4713.1 and 4536.1 and 4695.1 and 4702.1 and 4708.1 and 4706.1 and 4535.1 and 4540.1 and 4729.1) or (4715.1 and 4720.1 and 4719.1 and 55967.1 and 4700.1 and 4709.1 and 4710.1 and 4726.1 and 4696.1 and 4718.1 and 374291.1 and 4694.1 and 4728.1 and 4712.2 and 4717.1 and 4731.1 and 4705.1 and 4725.1 and 4537.1 and 4716.1 and 4722.1 and 7991.1 and 4541.1 and 4539.1 and 4707.1 and 4701.1 and 4723.1 and 4698.1 and 4538.1 and 4697.1 and 51079.1 and 4714.1 and 4704.1 and 126328.1 and 4711.1 and 4724.1 and 4713.1 and 4536.1 and 4695.1 and 4702.1 and 4708.1 and 4535.1 and 4706.1 and 4729.1 and 4540.1) or (4715.1 and 4720.1 and 4719.1 and 4700.1 and 55967.1 and 4709.1 and 4710.1 and 4726.1 and 4718.1 and 4696.1 and 4694.1 and 374291.1 and 4728.1 and 7991.2 and 4717.1 and 4705.1 and 4725.1 and 4537.1 and 4716.1 and 4722.1 and 4541.1 and 4712.1 and 4539.1 and 4707.1 and 4701.1 and 4723.1 and 4698.1 and 4538.1 and 4697.1 and 51079.1 and 4714.1 and 4704.1 and 4711.1 and 126328.1 and 4724.1 and 4713.1 and 4536.1 and 4695.1 and 4702.1 and 4708.1 and 4535.1 and 4731.2 and 4706.1 and 4540.1 and 4729.1) or (4715.1 and 4720.1 and 4719.1 and 4700.1 and 55967.1 and 4709.1 and 4710.1 and 4726.1 and 4718.1 and 4696.1 and 374291.1 and 4694.1 and 4728.1 and 7991.2 and 4712.2 and 4717.1 and 4731.1 and 4705.1 and 4725.1 and 4537.1 and 4716.1 and 4722.1 and 4541.1 and 4539.1 and 4707.1 and 4701.1 and 4698.1 and 4723.1 and 4538.1 and 4697.1 and 51079.1 and 4714.1 and 4704.1 and 4711.1 and 126328.1 and 4724.1 and 4713.1 and 4536.1 and 4695.1 and 4702.1 and 4708.1 and 4706.1 and 4535.1 and 4540.1 and 4729.1 and 54539.1),0.3,0.7,40.45685279187824,28.426395939086333,True,optimal,121.52284263959386,0.9218659400939941,121.52284263959382,12.152284263959382,6.076142131979691,2.025380710659897,10.0,20.0,7.817258883248745,0.06432748538011712,2627.360406091363,aerobic,pfba,fva_informed,recon3d
NADH2_u10mi,NADH2_u10mi,Oxidative phosphorylation,(4715.1 and 4720.1 and 4719.1 and 4700.1 and 55967.1 and 4709.1 and 4710.1 and 4726.1 and 4718.1 and 4696.1 and 4694.1 and 374291.1 and 4728.1 and 4712.2 and 4717.1 and 4705.1 and 4725.1 and 4716.1 and 4537.1 and 7991.1 and 4722.1 and 4541.1 and 4539.1 and 4707.1 and 4701.1 and 4723.1 and 4698.1 and 4538.1 and 4697.1 and 51079.1 and 4714.1 and 4704.1 and 126328.1 and 4711.1 and 4724.1 and 4713.1 and 4536.1 and 4695.1 and 4702.1 and 4708.1 and 4535.1 and 4731.2 and 4706.1 and 4729.1 and 4540.1) or (4715.1 and 4720.1 and 4719.1 and 55967.1 and 4700.1 and 4709.1 and 4710.1 and 4726.1 and 4696.1 and 4718.1 and 4694.1 and 374291.1 and 4728.1 and 7991.2 and 4717.1 and 4731.1 and 4705.1 and 4725.1 and 4716.1 and 4537.1 and 4722.1 and 4541.1 and 4712.1 and 4539.1 and 4707.1 and 4701.1 and 4698.1 and 4723.1 and 4538.1 and 4697.1 and 51079.1 and 4714.1 and 4704.1 and 126328.1 and 4711.1 and 4724.1 and 4536.1 and 4713.1 and 4695.1 and 4702.1 and 4708.1 and 4706.1 and 4535.1 and 4540.1 and 4729.1) or (4715.1 and 4720.1 and 4719.1 and 55967.1 and 4700.1 and 4709.1 and 4710.1 and 4726.1 and 4718.1 and 4696.1 and 374291.1 and 4694.1 and 4728.1 and 7991.2 and 4712.2 and 4717.1 and 4705.1 and 4725.1 and 4716.1 and 4537.1 and 4722.1 and 4541.1 and 4539.1 and 4707.1 and 4701.1 and 4698.1 and 4723.1 and 4538.1 and 4697.1 and 51079.1 and 4714.1 and 4704.1 and 4711.1 and 126328.1 and 4724.1 and 4536.1 and 4713.1 and 4695.1 and 4702.1 and 4708.1 and 4731.2 and 4706.1 and 4535.1 and 4540.1 and 4729.1) or (4715.1 and 4720.1 and 4719.1 and 4700.1 and 55967.1 and 4709.1 and 4710.1 and 4726.1 and 4718.1 and 4696.1 and 374291.1 and 4694.1 and 4728.1 and 4717.1 and 4705.1 and 4725.1 and 4537.1 and 4716.1 and 4722.1 and 7991.1 and 4541.1 and 4712.1 and 4539.1 and 4707.1 and 4701.1 and 4723.1 and 4698.1 and 4538.1 and 4697.1 and 51079.1 and 4714.1 and 4704.1 and 4711.1 and 126328.1 and 4724.1 and 4713.1 and 4536.1 and 4695.1 and 4702.1 and 4708.1 and 4706.1 and 4535.1 and 4731.2 and 4729.1 and 4540.1) or (4715.1 and 4720.1 and 4719.1 and 55967.1 and 4700.1 and 4709.1 and 4710.1 and 4726.1 and 4696.1 and 4718.1 and 4694.1 and 374291.1 and 4728.1 and 4717.1 and 4731.1 and 4705.1 and 4725.1 and 4716.1 and 4537.1 and 4722.1 and 7991.1 and 4541.1 and 4539.1 and 4712.1 and 4707.1 and 4701.1 and 4723.1 and 4698.1 and 4538.1 and 4697.1 and 51079.1 and 4714.1 and 4704.1 and 126328.1 and 4711.1 and 4724.1 and 4713.1 and 4536.1 and 4695.1 and 4702.1 and 4708.1 and 4706.1 and 4535.1 and 4540.1 and 4729.1) or (4715.1 and 4720.1 and 4719.1 and 55967.1 and 4700.1 and 4709.1 and 4710.1 and 4726.1 and 4696.1 and 4718.1 and 374291.1 and 4694.1 and 4728.1 and 4712.2 and 4717.1 and 4731.1 and 4705.1 and 4725.1 and 4537.1 and 4716.1 and 4722.1 and 7991.1 and 4541.1 and 4539.1 and 4707.1 and 4701.1 and 4723.1 and 4698.1 and 4538.1 and 4697.1 and 51079.1 and 4714.1 and 4704.1 and 126328.1 and 4711.1 and 4724.1 and 4713.1 and 4536.1 and 4695.1 and 4702.1 and 4708.1 and 4535.1 and 4706.1 and 4729.1 and 4540.1) or (4715.1 and 4720.1 and 4719.1 and 4700.1 and 55967.1 and 4709.1 and 4710.1 and 4726.1 and 4718.1 and 4696.1 and 4694.1 and 374291.1 and 4728.1 and 7991.2 and 4717.1 and 4705.1 and 4725.1 and 4537.1 and 4716.1 and 4722.1 and 4541.1 and 4712.1 and 4539.1 and 4707.1 and 4701.1 and 4723.1 and 4698.1 and 4538.1 and 4697.1 and 51079.1 and 4714.1 and 4704.1 and 4711.1 and 126328.1 and 4724.1 and 4713.1 and 4536.1 and 4695.1 and 4702.1 and 4708.1 and 4535.1 and 4731.2 and 4706.1 and 4540.1 and 4729.1) or (4715.1 and 4720.1 and 4719.1 and 4700.1 and 55967.1 and 4709.1 and 4710.1 and 4726.1 and 4718.1 and 4696.1 and 374291.1 and 4694.1 and 4728.1 and 7991.2 and 4712.2 and 4717.1 and 4731.1 and 4705.1 and 4725.1 and 4537.1 and 4716.1 and 4722.1 and 4541.1 and 4539.1 and 4707.1 and 4701.1 and 4698.1 and 4723.1 and 4538.1 and 4697.1 and 51079.1 and 4714.1 and 4704.1 and 4711.1 and 126328.1 and 4724.1 and 4713.1 and 4536.1 and 4695.1 and 4702.1 and 4708.1 and 4706.1 and 4535.1 and 4540.1 and 4729.1 and 54539.1),0.35,0.65,40.45685279187824,26.395939086294455,True,optimal,121.52284263959373,0.9054162502288818,121.52284263959372,12.152284263959372,6.076142131979686,2.025380710659895,10.0,20.0,5.786802030457245,0.047619047619050926,2806.4467005075803,aerobic,pfba,fva_informed,recon3d
NADH2_u10mi,NADH2_u10mi,Oxidative phosphorylation,(4715.1 and 4720.1 and 4719.1 and 4700.1 and 55967.1 and 4709.1 and 4710.1 and 4726.1 and 4718.1 and 4696.1 and 4694.1 and 374291.1 and 4728.1 and 4712.2 and 4717.1 and 4705.1 and 4725.1 and 4716.1 and 4537.1 and 7991.1 and 4722.1 and 4541.1 and 4539.1 and 4707.1 and 4701.1 and 4723.1 and 4698.1 and 4538.1 and 4697.1 and 51079.1 and 4714.1 and 4704.1 and 126328.1 and 4711.1 and 4724.1 and 4713.1 and 4536.1 and 4695.1 and 4702.1 and 4708.1 and 4535.1 and 4731.2 and 4706.1 and 4729.1 and 4540.1) or (4715.1 and 4720.1 and 4719.1 and 55967.1 and 4700.1 and 4709.1 and 4710.1 and 4726.1 and 4696.1 and 4718.1 and 4694.1 and 374291.1 and 4728.1 and 7991.2 and 4717.1 and 4731.1 and 4705.1 and 4725.1 and 4716.1 and 4537.1 and 4722.1 and 4541.1 and 4712.1 and 4539.1 and 4707.1 and 4701.1 and 4698.1 and 4723.1 and 4538.1 and 4697.1 and 51079.1 and 4714.1 and 4704.1 and 126328.1 and 4711.1 and 4724.1 and 4536.1 and 4713.1 and 4695.1 and 4702.1 and 4708.1 and 4706.1 and 4535.1 and 4540.1 and 4729.1) or (4715.1 and 4720.1 and 4719.1 and 55967.1 and 4700.1 and 4709.1 and 4710.1 and 4726.1 and 4718.1 and 4696.1 and 374291.1 and 4694.1 and 4728.1 and 7991.2 and 4712.2 and 4717.1 and 4705.1 and 4725.1 and 4716.1 and 4537.1 and 4722.1 and 4541.1 and 4539.1 and 4707.1 and 4701.1 and 4698.1 and 4723.1 and 4538.1 and 4697.1 and 51079.1 and 4714.1 and 4704.1 and 4711.1 and 126328.1 and 4724.1 and 4536.1 and 4713.1 and 4695.1 and 4702.1 and 4708.1 and 4731.2 and 4706.1 and 4535.1 and 4540.1 and 4729.1) or (4715.1 and 4720.1 and 4719.1 and 4700.1 and 55967.1 and 4709.1 and 4710.1 and 4726.1 and 4718.1 and 4696.1 and 374291.1 and 4694.1 and 4728.1 and 4717.1 and 4705.1 and 4725.1 and 4537.1 and 4716.1 and 4722.1 and 7991.1 and 4541.1 and 4712.1 and 4539.1 and 4707.1 and 4701.1 and 4723.1 and 4698.1 and 4538.1 and 4697.1 and 51079.1 and 4714.1 and 4704.1 and 4711.1 and 126328.1 and 4724.1 and 4713.1 and 4536.1 and 4695.1 and 4702.1 and 4708.1 and 4706.1 and 4535.1 and 4731.2 and 4729.1 and 4540.1) or (4715.1 and 4720.1 and 4719.1 and 55967.1 and 4700.1 and 4709.1 and 4710.1 and 4726.1 and 4696.1 and 4718.1 and 4694.1 and 374291.1 and 4728.1 and 4717.1 and 4731.1 and 4705.1 and 4725.1 and 4716.1 and 4537.1 and 4722.1 and 7991.1 and 4541.1 and 4539.1 and 4712.1 and 4707.1 and 4701.1 and 4723.1 and 4698.1 and 4538.1 and 4697.1 and 51079.1 and 4714.1 and 4704.1 and 126328.1 and 4711.1 and 4724.1 and 4713.1 and 4536.1 and 4695.1 and 4702.1 and 4708.1 and 4706.1 and 4535.1 and 4540.1 and 4729.1) or (4715.1 and 4720.1 and 4719.1 and 55967.1 and 4700.1 and 4709.1 and 4710.1 and 4726.1 and 4696.1 and 4718.1 and 374291.1 and 4694.1 and 4728.1 and 4712.2 and 4717.1 and 4731.1 and 4705.1 and 4725.1 and 4537.1 and 4716.1 and 4722.1 and 7991.1 and 4541.1 and 4539.1 and 4707.1 and 4701.1 and 4723.1 and 4698.1 and 4538.1 and 4697.1 and 51079.1 and 4714.1 and 4704.1 and 126328.1 and 4711.1 and 4724.1 and 4713.1 and 4536.1 and 4695.1 and 4702.1 and 4708.1 and 4535.1 and 4706.1 and 4729.1 and 4540.1) or (4715.1 and 4720.1 and 4719.1 and 4700.1 and 55967.1 and 4709.1 and 4710.1 and 4726.1 and 4718.1 and 4696.1 and 4694.1 and 374291.1 and 4728.1 and 7991.2 and 4717.1 and 4705.1 and 4725.1 and 4537.1 and 4716.1 and 4722.1 and 4541.1 and 4712.1 and 4539.1 and 4707.1 and 4701.1 and 4723.1 and 4698.1 and 4538.1 and 4697.1 and 51079.1 and 4714.1 and 4704.1 and 4711.1 and 126328.1 and 4724.1 and 4713.1 and 4536.1 and 4695.1 and 4702.1 and 4708.1 and 4535.1 and 4731.2 and 4706.1 and 4540.1 and 4729.1) or (4715.1 and 4720.1 and 4719.1 and 4700.1 and 55967.1 and 4709.1 and 4710.1 and 4726.1 and 4718.1 and 4696.1 and 374291.1 and 4694.1 and 4728.1 and 7991.2 and 4712.2 and 4717.1 and 4731.1 and 4705.1 and 4725.1 and 4537.1 and 4716.1 and 4722.1 and 4541.1 and 4539.1 and 4707.1 and 4701.1 and 4698.1 and 4723.1 and 4538.1 and 4697.1 and 51079.1 and 4714.1 and 4704.1 and 4711.1 and 126328.1 and 4724.1 and 4713.1 and 4536.1 and 4695.1 and 4702.1 and 4708.1 and 4706.1 and 4535.1 and 4540.1 and 4729.1 and 54539.1),0.4,0.6,40.45685279187824,24.365482233502572,True,optimal,121.52284263959388,0.8731446266174316,121.52284263959386,12.152284263959386,6.076142131979693,2.0253807106598978,10.0,20.0,3.7563451776649344,0.030910609857977958,2999.3401015228496,aerobic,pfba,fva_informed,recon3d
NADH2_u10mi,NADH2_u10mi,Oxidative phosphorylation,(4715.1 and 4720.1 and 4719.1 and 4700.1 and 55967.1 and 4709.1 and 4710.1 and 4726.1 and 4718.1 and 4696.1 and 4694.1 and 374291.1 and 4728.1 and 4712.2 and 4717.1 and 4705.1 and 4725.1 and 4716.1 and 4537.1 and 7991.1 and 4722.1 and 4541.1 and 4539.1 and 4707.1 and 4701.1 and 4723.1 and 4698.1 and 4538.1 and 4697.1 and 51079.1 and 4714.1 and 4704.1 and 126328.1 and 4711.1 and 4724.1 and 4713.1 and 4536.1 and 4695.1 and 4702.1 and 4708.1 and 4535.1 and 4731.2 and 4706.1 and 4729.1 and 4540.1) or (4715.1 and 4720.1 and 4719.1 and 55967.1 and 4700.1 and 4709.1 and 4710.1 and 4726.1 and 4696.1 and 4718.1 and 4694.1 and 374291.1 and 4728.1 and 7991.2 and 4717.1 and 4731.1 and 4705.1 and 4725.1 and 4716.1 and 4537.1 and 4722.1 and 4541.1 and 4712.1 and 4539.1 and 4707.1 and 4701.1 and 4698.1 and 4723.1 and 4538.1 and 4697.1 and 51079.1 and 4714.1 and 4704.1 and 126328.1 and 4711.1 and 4724.1 and 4536.1 and 4713.1 and 4695.1 and 4702.1 and 4708.1 and 4706.1 and 4535.1 and 4540.1 and 4729.1) or (4715.1 and 4720.1 and 4719.1 and 55967.1 and 4700.1 and 4709.1 and 4710.1 and 4726.1 and 4718.1 and 4696.1 and 374291.1 and 4694.1 and 4728.1 and 7991.2 and 4712.2 and 4717.1 and 4705.1 and 4725.1 and 4716.1 and 4537.1 and 4722.1 and 4541.1 and 4539.1 and 4707.1 and 4701.1 and 4698.1 and 4723.1 and 4538.1 and 4697.1 and 51079.1 and 4714.1 and 4704.1 and 4711.1 and 126328.1 and 4724.1 and 4536.1 and 4713.1 and 4695.1 and 4702.1 and 4708.1 and 4731.2 and 4706.1 and 4535.1 and 4540.1 and 4729.1) or (4715.1 and 4720.1 and 4719.1 and 4700.1 and 55967.1 and 4709.1 and 4710.1 and 4726.1 and 4718.1 and 4696.1 and 374291.1 and 4694.1 and 4728.1 and 4717.1 and 4705.1 and 4725.1 and 4537.1 and 4716.1 and 4722.1 and 7991.1 and 4541.1 and 4712.1 and 4539.1 and 4707.1 and 4701.1 and 4723.1 and 4698.1 and 4538.1 and 4697.1 and 51079.1 and 4714.1 and 4704.1 and 4711.1 and 126328.1 and 4724.1 and 4713.1 and 4536.1 and 4695.1 and 4702.1 and 4708.1 and 4706.1 and 4535.1 and 4731.2 and 4729.1 and 4540.1) or (4715.1 and 4720.1 and 4719.1 and 55967.1 and 4700.1 and 4709.1 and 4710.1 and 4726.1 and 4696.1 and 4718.1 and 4694.1 and 374291.1 and 4728.1 and 4717.1 and 4731.1 and 4705.1 and 4725.1 and 4716.1 and 4537.1 and 4722.1 and 7991.1 and 4541.1 and 4539.1 and 4712.1 and 4707.1 and 4701.1 and 4723.1 and 4698.1 and 4538.1 and 4697.1 and 51079.1 and 4714.1 and 4704.1 and 126328.1 and 4711.1 and 4724.1 and 4713.1 and 4536.1 and 4695.1 and 4702.1 and 4708.1 and 4706.1 and 4535.1 and 4540.1 and 4729.1) or (4715.1 and 4720.1 and 4719.1 and 55967.1 and 4700.1 and 4709.1 and 4710.1 and 4726.1 and 4696.1 and 4718.1 and 374291.1 and 4694.1 and 4728.1 and 4712.2 and 4717.1 and 4731.1 and 4705.1 and 4725.1 and 4537.1 and 4716.1 and 4722.1 and 7991.1 and 4541.1 and 4539.1 and 4707.1 and 4701.1 and 4723.1 and 4698.1 and 4538.1 and 4697.1 and 51079.1 and 4714.1 and 4704.1 and 126328.1 and 4711.1 and 4724.1 and 4713.1 and 4536.1 and 4695.1 and 4702.1 and 4708.1 and 4535.1 and 4706.1 and 4729.1 and 4540.1) or (4715.1 and 4720.1 and 4719.1 and 4700.1 and 55967.1 and 4709.1 and 4710.1 and 4726.1 and 4718.1 and 4696.1 and 4694.1 and 374291.1 and 4728.1 and 7991.2 and 4717.1 and 4705.1 and 4725.1 and 4537.1 and 4716.1 and 4722.1 and 4541.1 and 4712.1 and 4539.1 and 4707.1 and 4701.1 and 4723.1 and 4698.1 and 4538.1 and 4697.1 and 51079.1 and 4714.1 and 4704.1 and 4711.1 and 126328.1 and 4724.1 and 4713.1 and 4536.1 and 4695.1 and 4702.1 and 4708.1 and 4535.1 and 4731.2 and 4706.1 and 4540.1 and 4729.1) or (4715.1 and 4720.1 and 4719.1 and 4700.1 and 55967.1 and 4709.1 and 4710.1 and 4726.1 and 4718.1 and 4696.1 and 374291.1 and 4694.1 and 4728.1 and 7991.2 and 4712.2 and 4717.1 and 4731.1 and 4705.1 and 4725.1 and 4537.1 and 4716.1 and 4722.1 and 4541.1 and 4539.1 and 4707.1 and 4701.1 and 4698.1 and 4723.1 and 4538.1 and 4697.1 and 51079.1 and 4714.1 and 4704.1 and 4711.1 and 126328.1 and 4724.1 and 4713.1 and 4536.1 and 4695.1 and 4702.1 and 4708.1 and 4706.1 and 4535.1 and 4540.1 and 4729.1 and 54539.1),0.45,0.55,40.45685279187824,22.335025380710693,True,optimal,121.52284263959382,0.9588725566864014,121.52284263959386,12.152284263959386,6.076142131979693,2.0253807106598978,10.0,20.0,1.7258883248731656,0.014202172096909514,3192.23350253806,aerobic,pfba,fva_informed,recon3d
NADH2_u10mi,NADH2_u10mi,Oxidative phosphorylation,(4715.1 and 4720.1 and 4719.1 and 4700.1 and 55967.1 and 4709.1 and 4710.1 and 4726.1 and 4718.1 and 4696.1 and 4694.1 and 374291.1 and 4728.1 and 4712.2 and 4717.1 and 4705.1 and 4725.1 and 4716.1 and 4537.1 and 7991.1 and 4722.1 and 4541.1 and 4539.1 and 4707.1 and 4701.1 and 4723.1 and 4698.1 and 4538.1 and 4697.1 and 51079.1 and 4714.1 and 4704.1 and 126328.1 and 4711.1 and 4724.1 and 4713.1 and 4536.1 and 4695.1 and 4702.1 and 4708.1 and 4535.1 and 4731.2 and 4706.1 and 4729.1 and 4540.1) or (4715.1 and 4720.1 and 4719.1 and 55967.1 and 4700.1 and 4709.1 and 4710.1 and 4726.1 and 4696.1 and 4718.1 and 4694.1 and 374291.1 and 4728.1 and 7991.2 and 4717.1 and 4731.1 and 4705.1 and 4725.1 and 4716.1 and 4537.1 and 4722.1 and 4541.1 and 4712.1 and 4539.1 and 4707.1 and 4701.1 and 4698.1 and 4723.1 and 4538.1 and 4697.1 and 51079.1 and 4714.1 and 4704.1 and 126328.1 and 4711.1 and 4724.1 and 4536.1 and 4713.1 and 4695.1 and 4702.1 and 4708.1 and 4706.1 and 4535.1 and 4540.1 and 4729.1) or (4715.1 and 4720.1 and 4719.1 and 55967.1 and 4700.1 and 4709.1 and 4710.1 and 4726.1 and 4718.1 and 4696.1 and 374291.1 and 4694.1 and 4728.1 and 7991.2 and 4712.2 and 4717.1 and 4705.1 and 4725.1 and 4716.1 and 4537.1 and 4722.1 and 4541.1 and 4539.1 and 4707.1 and 4701.1 and 4698.1 and 4723.1 and 4538.1 and 4697.1 and 51079.1 and 4714.1 and 4704.1 and 4711.1 and 126328.1 and 4724.1 and 4536.1 and 4713.1 and 4695.1 and 4702.1 and 4708.1 and 4731.2 and 4706.1 and 4535.1 and 4540.1 and 4729.1) or (4715.1 and 4720.1 and 4719.1 and 4700.1 and 55967.1 and 4709.1 and 4710.1 and 4726.1 and 4718.1 and 4696.1 and 374291.1 and 4694.1 and 4728.1 and 4717.1 and 4705.1 and 4725.1 and 4537.1 and 4716.1 and 4722.1 and 7991.1 and 4541.1 and 4712.1 and 4539.1 and 4707.1 and 4701.1 and 4723.1 and 4698.1 and 4538.1 and 4697.1 and 51079.1 and 4714.1 and 4704.1 and 4711.1 and 126328.1 and 4724.1 and 4713.1 and 4536.1 and 4695.1 and 4702.1 and 4708.1 and 4706.1 and 4535.1 and 4731.2 and 4729.1 and 4540.1) or (4715.1 and 4720.1 and 4719.1 and 55967.1 and 4700.1 and 4709.1 and 4710.1 and 4726.1 and 4696.1 and 4718.1 and 4694.1 and 374291.1 and 4728.1 and 4717.1 and 4731.1 and 4705.1 and 4725.1 and 4716.1 and 4537.1 and 4722.1 and 7991.1 and 4541.1 and 4539.1 and 4712.1 and 4707.1 and 4701.1 and 4723.1 and 4698.1 and 4538.1 and 4697.1 and 51079.1 and 4714.1 and 4704.1 and 126328.1 and 4711.1 and 4724.1 and 4713.1 and 4536.1 and 4695.1 and 4702.1 and 4708.1 and 4706.1 and 4535.1 and 4540.1 and 4729.1) or (4715.1 and 4720.1 and 4719.1 and 55967.1 and 4700.1 and 4709.1 and 4710.1 and 4726.1 and 4696.1 and 4718.1 and 374291.1 and 4694.1 and 4728.1 and 4712.2 and 4717.1 and 4731.1 and 4705.1 and 4725.1 and 4537.1 and 4716.1 and 4722.1 and 7991.1 and 4541.1 and 4539.1 and 4707.1 and 4701.1 and 4723.1 and 4698.1 and 4538.1 and 4697.1 and 51079.1 and 4714.1 and 4704.1 and 126328.1 and 4711.1 and 4724.1 and 4713.1 and 4536.1 and 4695.1 and 4702.1 and 4708.1 and 4535.1 and 4706.1 and 4729.1 and 4540.1) or (4715.1 and 4720.1 and 4719.1 and 4700.1 and 55967.1 and 4709.1 and 4710.1 and 4726.1 and 4718.1 and 4696.1 and 4694.1 and 374291.1 and 4728.1 and 7991.2 and 4717.1 and 4705.1 and 4725.1 and 4537.1 and 4716.1 and 4722.1 and 4541.1 and 4712.1 and 4539.1 and 4707.1 and 4701.1 and 4723.1 and 4698.1 and 4538.1 and 4697.1 and 51079.1 and 4714.1 and 4704.1 and 4711.1 and 126328.1 and 4724.1 and 4713.1 and 4536.1 and 4695.1 and 4702.1 and 4708.1 and 4535.1 and 4731.2 and 4706.1 and 4540.1 and 4729.1) or (4715.1 and 4720.1 and 4719.1 and 4700.1 and 55967.1 and 4709.1 and 4710.1 and 4726.1 and 4718.1 and 4696.1 and 374291.1 and 4694.1 and 4728.1 and 7991.2 and 4712.2 and 4717.1 and 4731.1 and 4705.1 and 4725.1 and 4537.1 and 4716.1 and 4722.1 and 4541.1 and 4539.1 and 4707.1 and 4701.1 and 4698.1 and 4723.1 and 4538.1 and 4697.1 and 51079.1 and 4714.1 and 4704.1 and 4711.1 and 126328.1 and 4724.1 and 4713.1 and 4536.1 and 4695.1 and 4702.1 and 4708.1 and 4706.1 and 4535.1 and 4540.1 and 4729.1 and 54539.1),0.5,0.5,40.45685279187824,20.30456852791881,True,optimal,121.21827411167519,0.9670486450195312,121.21827411167517,12.121827411167517,6.060913705583759,2.0203045685279197,10.0,20.0,0.0,0.0,3351.6243654822397,aerobic,pfba,fva_informed,recon3d
NADH2_u10mi,NADH2_u10mi,Oxidative phosphorylation,(4715.1 and 4720.1 and 4719.1 and 4700.1 and 55967.1 and 4709.1 and 4710.1 and 4726.1 and 4718.1 and 4696.1 and 4694.1 and 374291.1 and 4728.1 and 4712.2 and 4717.1 and 4705.1 and 4725.1 and 4716.1 and 4537.1 and 7991.1 and 4722.1 and 4541.1 and 4539.1 and 4707.1 and 4701.1 and 4723.1 and 4698.1 and 4538.1 and 4697.1 and 51079.1 and 4714.1 and 4704.1 and 126328.1 and 4711.1 and 4724.1 and 4713.1 and 4536.1 and 4695.1 and 4702.1 and 4708.1 and 4535.1 and 4731.2 and 4706.1 and 4729.1 and 4540.1) or (4715.1 and 4720.1 and 4719.1 and 55967.1 and 4700.1 and 4709.1 and 4710.1 and 4726.1 and 4696.1 and 4718.1 and 4694.1 and 374291.1 and 4728.1 and 7991.2 and 4717.1 and 4731.1 and 4705.1 and 4725.1 and 4716.1 and 4537.1 and 4722.1 and 4541.1 and 4712.1 and 4539.1 and 4707.1 and 4701.1 and 4698.1 and 4723.1 and 4538.1 and 4697.1 and 51079.1 and 4714.1 and 4704.1 and 126328.1 and 4711.1 and 4724.1 and 4536.1 and 4713.1 and 4695.1 and 4702.1 and 4708.1 and 4706.1 and 4535.1 and 4540.1 and 4729.1) or (4715.1 and 4720.1 and 4719.1 and 55967.1 and 4700.1 and 4709.1 and 4710.1 and 4726.1 and 4718.1 and 4696.1 and 374291.1 and 4694.1 and 4728.1 and 7991.2 and 4712.2 and 4717.1 and 4705.1 and 4725.1 and 4716.1 and 4537.1 and 4722.1 and 4541.1 and 4539.1 and 4707.1 and 4701.1 and 4698.1 and 4723.1 and 4538.1 and 4697.1 and 51079.1 and 4714.1 and 4704.1 and 4711.1 and 126328.1 and 4724.1 and 4536.1 and 4713.1 and 4695.1 and 4702.1 and 4708.1 and 4731.2 and 4706.1 and 4535.1 and 4540.1 and 4729.1) or (4715.1 and 4720.1 and 4719.1 and 4700.1 and 55967.1 and 4709.1 and 4710.1 and 4726.1 and 4718.1 and 4696.1 and 374291.1 and 4694.1 and 4728.1 and 4717.1 and 4705.1 and 4725.1 and 4537.1 and 4716.1 and 4722.1 and 7991.1 and 4541.1 and 4712.1 and 4539.1 and 4707.1 and 4701.1 and 4723.1 and 4698.1 and 4538.1 and 4697.1 and 51079.1 and 4714.1 and 4704.1 and 4711.1 and 126328.1 and 4724.1 and 4713.1 and 4536.1 and 4695.1 and 4702.1 and 4708.1 and 4706.1 and 4535.1 and 4731.2 and 4729.1 and 4540.1) or (4715.1 and 4720.1 and 4719.1 and 55967.1 and 4700.1 and 4709.1 and 4710.1 and 4726.1 and 4696.1 and 4718.1 and 4694.1 and 374291.1 and 4728.1 and 4717.1 and 4731.1 and 4705.1 and 4725.1 and 4716.1 and 4537.1 and 4722.1 and 7991.1 and 4541.1 and 4539.1 and 4712.1 and 4707.1 and 4701.1 and 4723.1 and 4698.1 and 4538.1 and 4697.1 and 51079.1 and 4714.1 and 4704.1 and 126328.1 and 4711.1 and 4724.1 and 4713.1 and 4536.1 and 4695.1 and 4702.1 and 4708.1 and 4706.1 and 4535.1 and 4540.1 and 4729.1) or (4715.1 and 4720.1 and 4719.1 and 55967.1 and 4700.1 and 4709.1 and 4710.1 and 4726.1 and 4696.1 and 4718.1 and 374291.1 and 4694.1 and 4728.1 and 4712.2 and 4717.1 and 4731.1 and 4705.1 and 4725.1 and 4537.1 and 4716.1 and 4722.1 and 7991.1 and 4541.1 and 4539.1 and 4707.1 and 4701.1 and 4723.1 and 4698.1 and 4538.1 and 4697.1 and 51079.1 and 4714.1 and 4704.1 and 126328.1 and 4711.1 and 4724.1 and 4713.1 and 4536.1 and 4695.1 and 4702.1 and 4708.1 and 4535.1 and 4706.1 and 4729.1 and 4540.1) or (4715.1 and 4720.1 and 4719.1 and 4700.1 and 55967.1 and 4709.1 and 4710.1 and 4726.1 and 4718.1 and 4696.1 and 4694.1 and 374291.1 and 4728.1 and 7991.2 and 4717.1 and 4705.1 and 4725.1 and 4537.1 and 4716.1 and 4722.1 and 4541.1 and 4712.1 and 4539.1 and 4707.1 and 4701.1 and 4723.1 and 4698.1 and 4538.1 and 4697.1 and 51079.1 and 4714.1 and 4704.1 and 4711.1 and 126328.1 and 4724.1 and 4713.1 and 4536.1 and 4695.1 and 4702.1 and 4708.1 and 4535.1 and 4731.2 and 4706.1 and 4540.1 and 4729.1) or (4715.1 and 4720.1 and 4719.1 and 4700.1 and 55967.1 and 4709.1 and 4710.1 and 4726.1 and 4718.1 and 4696.1 and 374291.1 and 4694.1 and 4728.1 and 7991.2 and 4712.2 and 4717.1 and 4731.1 and 4705.1 and 4725.1 and 4537.1 and 4716.1 and 4722.1 and 4541.1 and 4539.1 and 4707.1 and 4701.1 and 4698.1 and 4723.1 and 4538.1 and 4697.1 and 51079.1 and 4714.1 and 4704.1 and 4711.1 and 126328.1 and 4724.1 and 4713.1 and 4536.1 and 4695.1 and 4702.1 and 4708.1 and 4706.1 and 4535.1 and 4540.1 and 4729.1 and 54539.1),0.55,0.44999999999999996,40.45685279187824,18.274111675126928,True,optimal,119.18781725888313,0.895876407623291,119.18781725888319,11.91878172588832,5.95939086294416,1.9864636209813864,10.0,20.0,0.0,0.0,3321.1675126903483,aerobic,pfba,fva_informed,recon3d
NADH2_u10mi,NADH2_u10mi,Oxidative phosphorylation,(4715.1 and 4720.1 and 4719.1 and 4700.1 and 55967.1 and 4709.1 and 4710.1 and 4726.1 and 4718.1 and 4696.1 and 4694.1 and 374291.1 and 4728.1 and 4712.2 and 4717.1 and 4705.1 and 4725.1 and 4716.1 and 4537.1 and 7991.1 and 4722.1 and 4541.1 and 4539.1 and 4707.1 and 4701.1 and 4723.1 and 4698.1 and 4538.1 and 4697.1 and 51079.1 and 4714.1 and 4704.1 and 126328.1 and 4711.1 and 4724.1 and 4713.1 and 4536.1 and 4695.1 and 4702.1 and 4708.1 and 4535.1 and 4731.2 and 4706.1 and 4729.1 and 4540.1) or (4715.1 and 4720.1 and 4719.1 and 55967.1 and 4700.1 and 4709.1 and 4710.1 and 4726.1 and 4696.1 and 4718.1 and 4694.1 and 374291.1 and 4728.1 and 7991.2 and 4717.1 and 4731.1 and 4705.1 and 4725.1 and 4716.1 and 4537.1 and 4722.1 and 4541.1 and 4712.1 and 4539.1 and 4707.1 and 4701.1 and 4698.1 and 4723.1 and 4538.1 and 4697.1 and 51079.1 and 4714.1 and 4704.1 and 126328.1 and 4711.1 and 4724.1 and 4536.1 and 4713.1 and 4695.1 and 4702.1 and 4708.1 and 4706.1 and 4535.1 and 4540.1 and 4729.1) or (4715.1 and 4720.1 and 4719.1 and 55967.1 and 4700.1 and 4709.1 and 4710.1 and 4726.1 and 4718.1 and 4696.1 and 374291.1 and 4694.1 and 4728.1 and 7991.2 and 4712.2 and 4717.1 and 4705.1 and 4725.1 and 4716.1 and 4537.1 and 4722.1 and 4541.1 and 4539.1 and 4707.1 and 4701.1 and 4698.1 and 4723.1 and 4538.1 and 4697.1 and 51079.1 and 4714.1 and 4704.1 and 4711.1 and 126328.1 and 4724.1 and 4536.1 and 4713.1 and 4695.1 and 4702.1 and 4708.1 and 4731.2 and 4706.1 and 4535.1 and 4540.1 and 4729.1) or (4715.1 and 4720.1 and 4719.1 and 4700.1 and 55967.1 and 4709.1 and 4710.1 and 4726.1 and 4718.1 and 4696.1 and 374291.1 and 4694.1 and 4728.1 and 4717.1 and 4705.1 and 4725.1 and 4537.1 and 4716.1 and 4722.1 and 7991.1 and 4541.1 and 4712.1 and 4539.1 and 4707.1 and 4701.1 and 4723.1 and 4698.1 and 4538.1 and 4697.1 and 51079.1 and 4714.1 and 4704.1 and 4711.1 and 126328.1 and 4724.1 and 4713.1 and 4536.1 and 4695.1 and 4702.1 and 4708.1 and 4706.1 and 4535.1 and 4731.2 and 4729.1 and 4540.1) or (4715.1 and 4720.1 and 4719.1 and 55967.1 and 4700.1 and 4709.1 and 4710.1 and 4726.1 and 4696.1 and 4718.1 and 4694.1 and 374291.1 and 4728.1 and 4717.1 and 4731.1 and 4705.1 and 4725.1 and 4716.1 and 4537.1 and 4722.1 and 7991.1 and 4541.1 and 4539.1 and 4712.1 and 4707.1 and 4701.1 and 4723.1 and 4698.1 and 4538.1 and 4697.1 and 51079.1 and 4714.1 and 4704.1 and 126328.1 and 4711.1 and 4724.1 and 4713.1 and 4536.1 and 4695.1 and 4702.1 and 4708.1 and 4706.1 and 4535.1 and 4540.1 and 4729.1) or (4715.1 and 4720.1 and 4719.1 and 55967.1 and 4700.1 and 4709.1 and 4710.1 and 4726.1 and 4696.1 and 4718.1 and 374291.1 and 4694.1 and 4728.1 and 4712.2 and 4717.1 and 4731.1 and 4705.1 and 4725.1 and 4537.1 and 4716.1 and 4722.1 and 7991.1 and 4541.1 and 4539.1 and 4707.1 and 4701.1 and 4723.1 and 4698.1 and 4538.1 and 4697.1 and 51079.1 and 4714.1 and 4704.1 and 126328.1 and 4711.1 and 4724.1 and 4713.1 and 4536.1 and 4695.1 and 4702.1 and 4708.1 and 4535.1 and 4706.1 and 4729.1 and 4540.1) or (4715.1 and 4720.1 and 4719.1 and 4700.1 and 55967.1 and 4709.1 and 4710.1 and 4726.1 and 4718.1 and 4696.1 and 4694.1 and 374291.1 and 4728.1 and 7991.2 and 4717.1 and 4705.1 and 4725.1 and 4537.1 and 4716.1 and 4722.1 and 4541.1 and 4712.1 and 4539.1 and 4707.1 and 4701.1 and 4723.1 and 4698.1 and 4538.1 and 4697.1 and 51079.1 and 4714.1 and 4704.1 and 4711.1 and 126328.1 and 4724.1 and 4713.1 and 4536.1 and 4695.1 and 4702.1 and 4708.1 and 4535.1 and 4731.2 and 4706.1 and 4540.1 and 4729.1) or (4715.1 and 4720.1 and 4719.1 and 4700.1 and 55967.1 and 4709.1 and 4710.1 and 4726.1 and 4718.1 and 4696.1 and 374291.1 and 4694.1 and 4728.1 and 7991.2 and 4712.2 and 4717.1 and 4731.1 and 4705.1 and 4725.1 and 4537.1 and 4716.1 and 4722.1 and 4541.1 and 4539.1 and 4707.1 and 4701.1 and 4698.1 and 4723.1 and 4538.1 and 4697.1 and 51079.1 and 4714.1 and 4704.1 and 4711.1 and 126328.1 and 4724.1 and 4713.1 and 4536.1 and 4695.1 and 4702.1 and 4708.1 and 4706.1 and 4535.1 and 4540.1 and 4729.1 and 54539.1),0.6,0.4,40.45685279187824,16.24365482233505,True,optimal,117.15736040609126,0.9000711441040039,117.1573604060914,11.71573604060914,5.85786802030457,1.9526226734348566,10.0,20.0,0.0,0.0,3290.7106598984783,aerobic,pfba,fva_informed,recon3d
NADH2_u10mi,NADH2_u10mi,Oxidative phosphorylation,(4715.1 and 4720.1 and 4719.1 and 4700.1 and 55967.1 and 4709.1 and 4710.1 and 4726.1 and 4718.1 and 4696.1 and 4694.1 and 374291.1 and 4728.1 and 4712.2 and 4717.1 and 4705.1 and 4725.1 and 4716.1 and 4537.1 and 7991.1 and 4722.1 and 4541.1 and 4539.1 and 4707.1 and 4701.1 and 4723.1 and 4698.1 and 4538.1 and 4697.1 and 51079.1 and 4714.1 and 4704.1 and 126328.1 and 4711.1 and 4724.1 and 4713.1 and 4536.1 and 4695.1 and 4702.1 and 4708.1 and 4535.1 and 4731.2 and 4706.1 and 4729.1 and 4540.1) or (4715.1 and 4720.1 and 4719.1 and 55967.1 and 4700.1 and 4709.1 and 4710.1 and 4726.1 and 4696.1 and 4718.1 and 4694.1 and 374291.1 and 4728.1 and 7991.2 and 4717.1 and 4731.1 and 4705.1 and 4725.1 and 4716.1 and 4537.1 and 4722.1 and 4541.1 and 4712.1 and 4539.1 and 4707.1 and 4701.1 and 4698.1 and 4723.1 and 4538.1 and 4697.1 and 51079.1 and 4714.1 and 4704.1 and 126328.1 and 4711.1 and 4724.1 and 4536.1 and 4713.1 and 4695.1 and 4702.1 and 4708.1 and 4706.1 and 4535.1 and 4540.1 and 4729.1) or (4715.1 and 4720.1 and 4719.1 and 55967.1 and 4700.1 and 4709.1 and 4710.1 and 4726.1 and 4718.1 and 4696.1 and 374291.1 and 4694.1 and 4728.1 and 7991.2 and 4712.2 and 4717.1 and 4705.1 and 4725.1 and 4716.1 and 4537.1 and 4722.1 and 4541.1 and 4539.1 and 4707.1 and 4701.1 and 4698.1 and 4723.1 and 4538.1 and 4697.1 and 51079.1 and 4714.1 and 4704.1 and 4711.1 and 126328.1 and 4724.1 and 4536.1 and 4713.1 and 4695.1 and 4702.1 and 4708.1 and 4731.2 and 4706.1 and 4535.1 and 4540.1 and 4729.1) or (4715.1 and 4720.1 and 4719.1 and 4700.1 and 55967.1 and 4709.1 and 4710.1 and 4726.1 and 4718.1 and 4696.1 and 374291.1 and 4694.1 and 4728.1 and 4717.1 and 4705.1 and 4725.1 and 4537.1 and 4716.1 and 4722.1 and 7991.1 and 4541.1 and 4712.1 and 4539.1 and 4707.1 and 4701.1 and 4723.1 and 4698.1 and 4538.1 and 4697.1 and 51079.1 and 4714.1 and 4704.1 and 4711.1 and 126328.1 and 4724.1 and 4713.1 and 4536.1 and 4695.1 and 4702.1 and 4708.1 and 4706.1 and 4535.1 and 4731.2 and 4729.1 and 4540.1) or (4715.1 and 4720.1 and 4719.1 and 55967.1 and 4700.1 and 4709.1 and 4710.1 and 4726.1 and 4696.1 and 4718.1 and 4694.1 and 374291.1 and 4728.1 and 4717.1 and 4731.1 and 4705.1 and 4725.1 and 4716.1 and 4537.1 and 4722.1 and 7991.1 and 4541.1 and 4539.1 and 4712.1 and 4707.1 and 4701.1 and 4723.1 and 4698.1 and 4538.1 and 4697.1 and 51079.1 and 4714.1 and 4704.1 and 126328.1 and 4711.1 and 4724.1 and 4713.1 and 4536.1 and 4695.1 and 4702.1 and 4708.1 and 4706.1 and 4535.1 and 4540.1 and 4729.1) or (4715.1 and 4720.1 and 4719.1 and 55967.1 and 4700.1 and 4709.1 and 4710.1 and 4726.1 and 4696.1 and 4718.1 and 374291.1 and 4694.1 and 4728.1 and 4712.2 and 4717.1 and 4731.1 and 4705.1 and 4725.1 and 4537.1 and 4716.1 and 4722.1 and 7991.1 and 4541.1 and 4539.1 and 4707.1 and 4701.1 and 4723.1 and 4698.1 and 4538.1 and 4697.1 and 51079.1 and 4714.1 and 4704.1 and 126328.1 and 4711.1 and 4724.1 and 4713.1 and 4536.1 and 4695.1 and 4702.1 and 4708.1 and 4535.1 and 4706.1 and 4729.1 and 4540.1) or (4715.1 and 4720.1 and 4719.1 and 4700.1 and 55967.1 and 4709.1 and 4710.1 and 4726.1 and 4718.1 and 4696.1 and 4694.1 and 374291.1 and 4728.1 and 7991.2 and 4717.1 and 4705.1 and 4725.1 and 4537.1 and 4716.1 and 4722.1 and 4541.1 and 4712.1 and 4539.1 and 4707.1 and 4701.1 and 4723.1 and 4698.1 and 4538.1 and 4697.1 and 51079.1 and 4714.1 and 4704.1 and 4711.1 and 126328.1 and 4724.1 and 4713.1 and 4536.1 and 4695.1 and 4702.1 and 4708.1 and 4535.1 and 4731.2 and 4706.1 and 4540.1 and 4729.1) or (4715.1 and 4720.1 and 4719.1 and 4700.1 and 55967.1 and 4709.1 and 4710.1 and 4726.1 and 4718.1 and 4696.1 and 374291.1 and 4694.1 and 4728.1 and 7991.2 and 4712.2 and 4717.1 and 4731.1 and 4705.1 and 4725.1 and 4537.1 and 4716.1 and 4722.1 and 4541.1 and 4539.1 and 4707.1 and 4701.1 and 4698.1 and 4723.1 and 4538.1 and 4697.1 and 51079.1 and 4714.1 and 4704.1 and 4711.1 and 126328.1 and 4724.1 and 4713.1 and 4536.1 and 4695.1 and 4702.1 and 4708.1 and 4706.1 and 4535.1 and 4540.1 and 4729.1 and 54539.1),0.65,0.35,40.45685279187824,14.213197969543167,True,optimal,115.12690355329948,0.8970263004302979,115.12690355329941,11.51269035532994,5.75634517766497,1.9187817258883235,10.0,20.0,0.0,0.0,3260.253807106587,aerobic,pfba,fva_informed,recon3d
NADH2_u10mi,NADH2_u10mi,Oxidative phosphorylation,(4715.1 and 4720.1 and 4719.1 and 4700.1 and 55967.1 and 4709.1 and 4710.1 and 4726.1 and 4718.1 and 4696.1 and 4694.1 and 374291.1 and 4728.1 and 4712.2 and 4717.1 and 4705.1 and 4725.1 and 4716.1 and 4537.1 and 7991.1 and 4722.1 and 4541.1 and 4539.1 and 4707.1 and 4701.1 and 4723.1 and 4698.1 and 4538.1 and 4697.1 and 51079.1 and 4714.1 and 4704.1 and 126328.1 and 4711.1 and 4724.1 and 4713.1 and 4536.1 and 4695.1 and 4702.1 and 4708.1 and 4535.1 and 4731.2 and 4706.1 and 4729.1 and 4540.1) or (4715.1 and 4720.1 and 4719.1 and 55967.1 and 4700.1 and 4709.1 and 4710.1 and 4726.1 and 4696.1 and 4718.1 and 4694.1 and 374291.1 and 4728.1 and 7991.2 and 4717.1 and 4731.1 and 4705.1 and 4725.1 and 4716.1 and 4537.1 and 4722.1 and 4541.1 and 4712.1 and 4539.1 and 4707.1 and 4701.1 and 4698.1 and 4723.1 and 4538.1 and 4697.1 and 51079.1 and 4714.1 and 4704.1 and 126328.1 and 4711.1 and 4724.1 and 4536.1 and 4713.1 and 4695.1 and 4702.1 and 4708.1 and 4706.1 and 4535.1 and 4540.1 and 4729.1) or (4715.1 and 4720.1 and 4719.1 and 55967.1 and 4700.1 and 4709.1 and 4710.1 and 4726.1 and 4718.1 and 4696.1 and 374291.1 and 4694.1 and 4728.1 and 7991.2 and 4712.2 and 4717.1 and 4705.1 and 4725.1 and 4716.1 and 4537.1 and 4722.1 and 4541.1 and 4539.1 and 4707.1 and 4701.1 and 4698.1 and 4723.1 and 4538.1 and 4697.1 and 51079.1 and 4714.1 and 4704.1 and 4711.1 and 126328.1 and 4724.1 and 4536.1 and 4713.1 and 4695.1 and 4702.1 and 4708.1 and 4731.2 and 4706.1 and 4535.1 and 4540.1 and 4729.1) or (4715.1 and 4720.1 and 4719.1 and 4700.1 and 55967.1 and 4709.1 and 4710.1 and 4726.1 and 4718.1 and 4696.1 and 374291.1 and 4694.1 and 4728.1 and 4717.1 and 4705.1 and 4725.1 and 4537.1 and 4716.1 and 4722.1 and 7991.1 and 4541.1 and 4712.1 and 4539.1 and 4707.1 and 4701.1 and 4723.1 and 4698.1 and 4538.1 and 4697.1 and 51079.1 and 4714.1 and 4704.1 and 4711.1 and 126328.1 and 4724.1 and 4713.1 and 4536.1 and 4695.1 and 4702.1 and 4708.1 and 4706.1 and 4535.1 and 4731.2 and 4729.1 and 4540.1) or (4715.1 and 4720.1 and 4719.1 and 55967.1 and 4700.1 and 4709.1 and 4710.1 and 4726.1 and 4696.1 and 4718.1 and 4694.1 and 374291.1 and 4728.1 and 4717.1 and 4731.1 and 4705.1 and 4725.1 and 4716.1 and 4537.1 and 4722.1 and 7991.1 and 4541.1 and 4539.1 and 4712.1 and 4707.1 and 4701.1 and 4723.1 and 4698.1 and 4538.1 and 4697.1 and 51079.1 and 4714.1 and 4704.1 and 126328.1 and 4711.1 and 4724.1 and 4713.1 and 4536.1 and 4695.1 and 4702.1 and 4708.1 and 4706.1 and 4535.1 and 4540.1 and 4729.1) or (4715.1 and 4720.1 and 4719.1 and 55967.1 and 4700.1 and 4709.1 and 4710.1 and 4726.1 and 4696.1 and 4718.1 and 374291.1 and 4694.1 and 4728.1 and 4712.2 and 4717.1 and 4731.1 and 4705.1 and 4725.1 and 4537.1 and 4716.1 and 4722.1 and 7991.1 and 4541.1 and 4539.1 and 4707.1 and 4701.1 and 4723.1 and 4698.1 and 4538.1 and 4697.1 and 51079.1 and 4714.1 and 4704.1 and 126328.1 and 4711.1 and 4724.1 and 4713.1 and 4536.1 and 4695.1 and 4702.1 and 4708.1 and 4535.1 and 4706.1 and 4729.1 and 4540.1) or (4715.1 and 4720.1 and 4719.1 and 4700.1 and 55967.1 and 4709.1 and 4710.1 and 4726.1 and 4718.1 and 4696.1 and 4694.1 and 374291.1 and 4728.1 and 7991.2 and 4717.1 and 4705.1 and 4725.1 and 4537.1 and 4716.1 and 4722.1 and 4541.1 and 4712.1 and 4539.1 and 4707.1 and 4701.1 and 4723.1 and 4698.1 and 4538.1 and 4697.1 and 51079.1 and 4714.1 and 4704.1 and 4711.1 and 126328.1 and 4724.1 and 4713.1 and 4536.1 and 4695.1 and 4702.1 and 4708.1 and 4535.1 and 4731.2 and 4706.1 and 4540.1 and 4729.1) or (4715.1 and 4720.1 and 4719.1 and 4700.1 and 55967.1 and 4709.1 and 4710.1 and 4726.1 and 4718.1 and 4696.1 and 374291.1 and 4694.1 and 4728.1 and 7991.2 and 4712.2 and 4717.1 and 4731.1 and 4705.1 and 4725.1 and 4537.1 and 4716.1 and 4722.1 and 4541.1 and 4539.1 and 4707.1 and 4701.1 and 4698.1 and 4723.1 and 4538.1 and 4697.1 and 51079.1 and 4714.1 and 4704.1 and 4711.1 and 126328.1 and 4724.1 and 4713.1 and 4536.1 and 4695.1 and 4702.1 and 4708.1 and 4706.1 and 4535.1 and 4540.1 and 4729.1 and 54539.1),0.7,0.30000000000000004,40.45685279187824,12.182741116751288,True,optimal,113.09644670050768,0.8207676410675049,113.09644670050774,11.309644670050774,5.654822335025387,1.8849407783417957,10.0,20.0,0.0,0.0,3229.7969543147337,aerobic,pfba,fva_informed,recon3d
NADH2_u10mi,NADH2_u10mi,Oxidative phosphorylation,(4715.1 and 4720.1 and 4719.1 and 4700.1 and 55967.1 and 4709.1 and 4710.1 and 4726.1 and 4718.1 and 4696.1 and 4694.1 and 374291.1 and 4728.1 and 4712.2 and 4717.1 and 4705.1 and 4725.1 and 4716.1 and 4537.1 and 7991.1 and 4722.1 and 4541.1 and 4539.1 and 4707.1 and 4701.1 and 4723.1 and 4698.1 and 4538.1 and 4697.1 and 51079.1 and 4714.1 and 4704.1 and 126328.1 and 4711.1 and 4724.1 and 4713.1 and 4536.1 and 4695.1 and 4702.1 and 4708.1 and 4535.1 and 4731.2 and 4706.1 and 4729.1 and 4540.1) or (4715.1 and 4720.1 and 4719.1 and 55967.1 and 4700.1 and 4709.1 and 4710.1 and 4726.1 and 4696.1 and 4718.1 and 4694.1 and 374291.1 and 4728.1 and 7991.2 and 4717.1 and 4731.1 and 4705.1 and 4725.1 and 4716.1 and 4537.1 and 4722.1 and 4541.1 and 4712.1 and 4539.1 and 4707.1 and 4701.1 and 4698.1 and 4723.1 and 4538.1 and 4697.1 and 51079.1 and 4714.1 and 4704.1 and 126328.1 and 4711.1 and 4724.1 and 4536.1 and 4713.1 and 4695.1 and 4702.1 and 4708.1 and 4706.1 and 4535.1 and 4540.1 and 4729.1) or (4715.1 and 4720.1 and 4719.1 and 55967.1 and 4700.1 and 4709.1 and 4710.1 and 4726.1 and 4718.1 and 4696.1 and 374291.1 and 4694.1 and 4728.1 and 7991.2 and 4712.2 and 4717.1 and 4705.1 and 4725.1 and 4716.1 and 4537.1 and 4722.1 and 4541.1 and 4539.1 and 4707.1 and 4701.1 and 4698.1 and 4723.1 and 4538.1 and 4697.1 and 51079.1 and 4714.1 and 4704.1 and 4711.1 and 126328.1 and 4724.1 and 4536.1 and 4713.1 and 4695.1 and 4702.1 and 4708.1 and 4731.2 and 4706.1 and 4535.1 and 4540.1 and 4729.1) or (4715.1 and 4720.1 and 4719.1 and 4700.1 and 55967.1 and 4709.1 and 4710.1 and 4726.1 and 4718.1 and 4696.1 and 374291.1 and 4694.1 and 4728.1 and 4717.1 and 4705.1 and 4725.1 and 4537.1 and 4716.1 and 4722.1 and 7991.1 and 4541.1 and 4712.1 and 4539.1 and 4707.1 and 4701.1 and 4723.1 and 4698.1 and 4538.1 and 4697.1 and 51079.1 and 4714.1 and 4704.1 and 4711.1 and 126328.1 and 4724.1 and 4713.1 and 4536.1 and 4695.1 and 4702.1 and 4708.1 and 4706.1 and 4535.1 and 4731.2 and 4729.1 and 4540.1) or (4715.1 and 4720.1 and 4719.1 and 55967.1 and 4700.1 and 4709.1 and 4710.1 and 4726.1 and 4696.1 and 4718.1 and 4694.1 and 374291.1 and 4728.1 and 4717.1 and 4731.1 and 4705.1 and 4725.1 and 4716.1 and 4537.1 and 4722.1 and 7991.1 and 4541.1 and 4539.1 and 4712.1 and 4707.1 and 4701.1 and 4723.1 and 4698.1 and 4538.1 and 4697.1 and 51079.1 and 4714.1 and 4704.1 and 126328.1 and 4711.1 and 4724.1 and 4713.1 and 4536.1 and 4695.1 and 4702.1 and 4708.1 and 4706.1 and 4535.1 and 4540.1 and 4729.1) or (4715.1 and 4720.1 and 4719.1 and 55967.1 and 4700.1 and 4709.1 and 4710.1 and 4726.1 and 4696.1 and 4718.1 and 374291.1 and 4694.1 and 4728.1 and 4712.2 and 4717.1 and 4731.1 and 4705.1 and 4725.1 and 4537.1 and 4716.1 and 4722.1 and 7991.1 and 4541.1 and 4539.1 and 4707.1 and 4701.1 and 4723.1 and 4698.1 and 4538.1 and 4697.1 and 51079.1 and 4714.1 and 4704.1 and 126328.1 and 4711.1 and 4724.1 and 4713.1 and 4536.1 and 4695.1 and 4702.1 and 4708.1 and 4535.1 and 4706.1 and 4729.1 and 4540.1) or (4715.1 and 4720.1 and 4719.1 and 4700.1 and 55967.1 and 4709.1 and 4710.1 and 4726.1 and 4718.1 and 4696.1 and 4694.1 and 374291.1 and 4728.1 and 7991.2 and 4717.1 and 4705.1 and 4725.1 and 4537.1 and 4716.1 and 4722.1 and 4541.1 and 4712.1 and 4539.1 and 4707.1 and 4701.1 and 4723.1 and 4698.1 and 4538.1 and 4697.1 and 51079.1 and 4714.1 and 4704.1 and 4711.1 and 126328.1 and 4724.1 and 4713.1 and 4536.1 and 4695.1 and 4702.1 and 4708.1 and 4535.1 and 4731.2 and 4706.1 and 4540.1 and 4729.1) or (4715.1 and 4720.1 and 4719.1 and 4700.1 and 55967.1 and 4709.1 and 4710.1 and 4726.1 and 4718.1 and 4696.1 and 374291.1 and 4694.1 and 4728.1 and 7991.2 and 4712.2 and 4717.1 and 4731.1 and 4705.1 and 4725.1 and 4537.1 and 4716.1 and 4722.1 and 4541.1 and 4539.1 and 4707.1 and 4701.1 and 4698.1 and 4723.1 and 4538.1 and 4697.1 and 51079.1 and 4714.1 and 4704.1 and 4711.1 and 126328.1 and 4724.1 and 4713.1 and 4536.1 and 4695.1 and 4702.1 and 4708.1 and 4706.1 and 4535.1 and 4540.1 and 4729.1 and 54539.1),0.75,0.25,40.45685279187824,10.152284263959405,True,optimal,111.06598984771567,0.9725141525268555,111.06598984771563,11.106598984771562,5.553299492385781,1.8510998307952604,10.0,20.0,0.0,0.0,3199.3401015228337,aerobic,pfba,fva_informed,recon3d
NADH2_u10mi,NADH2_u10mi,Oxidative phosphorylation,(4715.1 and 4720.1 and 4719.1 and 4700.1 and 55967.1 and 4709.1 and 4710.1 and 4726.1 and 4718.1 and 4696.1 and 4694.1 and 374291.1 and 4728.1 and 4712.2 and 4717.1 and 4705.1 and 4725.1 and 4716.1 and 4537.1 and 7991.1 and 4722.1 and 4541.1 and 4539.1 and 4707.1 and 4701.1 and 4723.1 and 4698.1 and 4538.1 and 4697.1 and 51079.1 and 4714.1 and 4704.1 and 126328.1 and 4711.1 and 4724.1 and 4713.1 and 4536.1 and 4695.1 and 4702.1 and 4708.1 and 4535.1 and 4731.2 and 4706.1 and 4729.1 and 4540.1) or (4715.1 and 4720.1 and 4719.1 and 55967.1 and 4700.1 and 4709.1 and 4710.1 and 4726.1 and 4696.1 and 4718.1 and 4694.1 and 374291.1 and 4728.1 and 7991.2 and 4717.1 and 4731.1 and 4705.1 and 4725.1 and 4716.1 and 4537.1 and 4722.1 and 4541.1 and 4712.1 and 4539.1 and 4707.1 and 4701.1 and 4698.1 and 4723.1 and 4538.1 and 4697.1 and 51079.1 and 4714.1 and 4704.1 and 126328.1 and 4711.1 and 4724.1 and 4536.1 and 4713.1 and 4695.1 and 4702.1 and 4708.1 and 4706.1 and 4535.1 and 4540.1 and 4729.1) or (4715.1 and 4720.1 and 4719.1 and 55967.1 and 4700.1 and 4709.1 and 4710.1 and 4726.1 and 4718.1 and 4696.1 and 374291.1 and 4694.1 and 4728.1 and 7991.2 and 4712.2 and 4717.1 and 4705.1 and 4725.1 and 4716.1 and 4537.1 and 4722.1 and 4541.1 and 4539.1 and 4707.1 and 4701.1 and 4698.1 and 4723.1 and 4538.1 and 4697.1 and 51079.1 and 4714.1 and 4704.1 and 4711.1 and 126328.1 and 4724.1 and 4536.1 and 4713.1 and 4695.1 and 4702.1 and 4708.1 and 4731.2 and 4706.1 and 4535.1 and 4540.1 and 4729.1) or (4715.1 and 4720.1 and 4719.1 and 4700.1 and 55967.1 and 4709.1 and 4710.1 and 4726.1 and 4718.1 and 4696.1 and 374291.1 and 4694.1 and 4728.1 and 4717.1 and 4705.1 and 4725.1 and 4537.1 and 4716.1 and 4722.1 and 7991.1 and 4541.1 and 4712.1 and 4539.1 and 4707.1 and 4701.1 and 4723.1 and 4698.1 and 4538.1 and 4697.1 and 51079.1 and 4714.1 and 4704.1 and 4711.1 and 126328.1 and 4724.1 and 4713.1 and 4536.1 and 4695.1 and 4702.1 and 4708.1 and 4706.1 and 4535.1 and 4731.2 and 4729.1 and 4540.1) or (4715.1 and 4720.1 and 4719.1 and 55967.1 and 4700.1 and 4709.1 and 4710.1 and 4726.1 and 4696.1 and 4718.1 and 4694.1 and 374291.1 and 4728.1 and 4717.1 and 4731.1 and 4705.1 and 4725.1 and 4716.1 and 4537.1 and 4722.1 and 7991.1 and 4541.1 and 4539.1 and 4712.1 and 4707.1 and 4701.1 and 4723.1 and 4698.1 and 4538.1 and 4697.1 and 51079.1 and 4714.1 and 4704.1 and 126328.1 and 4711.1 and 4724.1 and 4713.1 and 4536.1 and 4695.1 and 4702.1 and 4708.1 and 4706.1 and 4535.1 and 4540.1 and 4729.1) or (4715.1 and 4720.1 and 4719.1 and 55967.1 and 4700.1 and 4709.1 and 4710.1 and 4726.1 and 4696.1 and 4718.1 and 374291.1 and 4694.1 and 4728.1 and 4712.2 and 4717.1 and 4731.1 and 4705.1 and 4725.1 and 4537.1 and 4716.1 and 4722.1 and 7991.1 and 4541.1 and 4539.1 and 4707.1 and 4701.1 and 4723.1 and 4698.1 and 4538.1 and 4697.1 and 51079.1 and 4714.1 and 4704.1 and 126328.1 and 4711.1 and 4724.1 and 4713.1 and 4536.1 and 4695.1 and 4702.1 and 4708.1 and 4535.1 and 4706.1 and 4729.1 and 4540.1) or (4715.1 and 4720.1 and 4719.1 and 4700.1 and 55967.1 and 4709.1 and 4710.1 and 4726.1 and 4718.1 and 4696.1 and 4694.1 and 374291.1 and 4728.1 and 7991.2 and 4717.1 and 4705.1 and 4725.1 and 4537.1 and 4716.1 and 4722.1 and 4541.1 and 4712.1 and 4539.1 and 4707.1 and 4701.1 and 4723.1 and 4698.1 and 4538.1 and 4697.1 and 51079.1 and 4714.1 and 4704.1 and 4711.1 and 126328.1 and 4724.1 and 4713.1 and 4536.1 and 4695.1 and 4702.1 and 4708.1 and 4535.1 and 4731.2 and 4706.1 and 4540.1 and 4729.1) or (4715.1 and 4720.1 and 4719.1 and 4700.1 and 55967.1 and 4709.1 and 4710.1 and 4726.1 and 4718.1 and 4696.1 and 374291.1 and 4694.1 and 4728.1 and 7991.2 and 4712.2 and 4717.1 and 4731.1 and 4705.1 and 4725.1 and 4537.1 and 4716.1 and 4722.1 and 4541.1 and 4539.1 and 4707.1 and 4701.1 and 4698.1 and 4723.1 and 4538.1 and 4697.1 and 51079.1 and 4714.1 and 4704.1 and 4711.1 and 126328.1 and 4724.1 and 4713.1 and 4536.1 and 4695.1 and 4702.1 and 4708.1 and 4706.1 and 4535.1 and 4540.1 and 4729.1 and 54539.1),0.8,0.19999999999999996,40.45685279187824,8.121827411167523,True,optimal,109.03553299492378,0.9724819660186768,109.03553299492378,10.903553299492378,5.451776649746189,1.8172588832487298,10.0,20.0,0.0,0.0,3168.883248730958,aerobic,pfba,fva_informed,recon3d
NADH2_u10mi,NADH2_u10mi,Oxidative phosphorylation,(4715.1 and 4720.1 and 4719.1 and 4700.1 and 55967.1 and 4709.1 and 4710.1 and 4726.1 and 4718.1 and 4696.1 and 4694.1 and 374291.1 and 4728.1 and 4712.2 and 4717.1 and 4705.1 and 4725.1 and 4716.1 and 4537.1 and 7991.1 and 4722.1 and 4541.1 and 4539.1 and 4707.1 and 4701.1 and 4723.1 and 4698.1 and 4538.1 and 4697.1 and 51079.1 and 4714.1 and 4704.1 and 126328.1 and 4711.1 and 4724.1 and 4713.1 and 4536.1 and 4695.1 and 4702.1 and 4708.1 and 4535.1 and 4731.2 and 4706.1 and 4729.1 and 4540.1) or (4715.1 and 4720.1 and 4719.1 and 55967.1 and 4700.1 and 4709.1 and 4710.1 and 4726.1 and 4696.1 and 4718.1 and 4694.1 and 374291.1 and 4728.1 and 7991.2 and 4717.1 and 4731.1 and 4705.1 and 4725.1 and 4716.1 and 4537.1 and 4722.1 and 4541.1 and 4712.1 and 4539.1 and 4707.1 and 4701.1 and 4698.1 and 4723.1 and 4538.1 and 4697.1 and 51079.1 and 4714.1 and 4704.1 and 126328.1 and 4711.1 and 4724.1 and 4536.1 and 4713.1 and 4695.1 and 4702.1 and 4708.1 and 4706.1 and 4535.1 and 4540.1 and 4729.1) or (4715.1 and 4720.1 and 4719.1 and 55967.1 and 4700.1 and 4709.1 and 4710.1 and 4726.1 and 4718.1 and 4696.1 and 374291.1 and 4694.1 and 4728.1 and 7991.2 and 4712.2 and 4717.1 and 4705.1 and 4725.1 and 4716.1 and 4537.1 and 4722.1 and 4541.1 and 4539.1 and 4707.1 and 4701.1 and 4698.1 and 4723.1 and 4538.1 and 4697.1 and 51079.1 and 4714.1 and 4704.1 and 4711.1 and 126328.1 and 4724.1 and 4536.1 and 4713.1 and 4695.1 and 4702.1 and 4708.1 and 4731.2 and 4706.1 and 4535.1 and 4540.1 and 4729.1) or (4715.1 and 4720.1 and 4719.1 and 4700.1 and 55967.1 and 4709.1 and 4710.1 and 4726.1 and 4718.1 and 4696.1 and 374291.1 and 4694.1 and 4728.1 and 4717.1 and 4705.1 and 4725.1 and 4537.1 and 4716.1 and 4722.1 and 7991.1 and 4541.1 and 4712.1 and 4539.1 and 4707.1 and 4701.1 and 4723.1 and 4698.1 and 4538.1 and 4697.1 and 51079.1 and 4714.1 and 4704.1 and 4711.1 and 126328.1 and 4724.1 and 4713.1 and 4536.1 and 4695.1 and 4702.1 and 4708.1 and 4706.1 and 4535.1 and 4731.2 and 4729.1 and 4540.1) or (4715.1 and 4720.1 and 4719.1 and 55967.1 and 4700.1 and 4709.1 and 4710.1 and 4726.1 and 4696.1 and 4718.1 and 4694.1 and 374291.1 and 4728.1 and 4717.1 and 4731.1 and 4705.1 and 4725.1 and 4716.1 and 4537.1 and 4722.1 and 7991.1 and 4541.1 and 4539.1 and 4712.1 and 4707.1 and 4701.1 and 4723.1 and 4698.1 and 4538.1 and 4697.1 and 51079.1 and 4714.1 and 4704.1 and 126328.1 and 4711.1 and 4724.1 and 4713.1 and 4536.1 and 4695.1 and 4702.1 and 4708.1 and 4706.1 and 4535.1 and 4540.1 and 4729.1) or (4715.1 and 4720.1 and 4719.1 and 55967.1 and 4700.1 and 4709.1 and 4710.1 and 4726.1 and 4696.1 and 4718.1 and 374291.1 and 4694.1 and 4728.1 and 4712.2 and 4717.1 and 4731.1 and 4705.1 and 4725.1 and 4537.1 and 4716.1 and 4722.1 and 7991.1 and 4541.1 and 4539.1 and 4707.1 and 4701.1 and 4723.1 and 4698.1 and 4538.1 and 4697.1 and 51079.1 and 4714.1 and 4704.1 and 126328.1 and 4711.1 and 4724.1 and 4713.1 and 4536.1 and 4695.1 and 4702.1 and 4708.1 and 4535.1 and 4706.1 and 4729.1 and 4540.1) or (4715.1 and 4720.1 and 4719.1 and 4700.1 and 55967.1 and 4709.1 and 4710.1 and 4726.1 and 4718.1 and 4696.1 and 4694.1 and 374291.1 and 4728.1 and 7991.2 and 4717.1 and 4705.1 and 4725.1 and 4537.1 and 4716.1 and 4722.1 and 4541.1 and 4712.1 and 4539.1 and 4707.1 and 4701.1 and 4723.1 and 4698.1 and 4538.1 and 4697.1 and 51079.1 and 4714.1 and 4704.1 and 4711.1 and 126328.1 and 4724.1 and 4713.1 and 4536.1 and 4695.1 and 4702.1 and 4708.1 and 4535.1 and 4731.2 and 4706.1 and 4540.1 and 4729.1) or (4715.1 and 4720.1 and 4719.1 and 4700.1 and 55967.1 and 4709.1 and 4710.1 and 4726.1 and 4718.1 and 4696.1 and 374291.1 and 4694.1 and 4728.1 and 7991.2 and 4712.2 and 4717.1 and 4731.1 and 4705.1 and 4725.1 and 4537.1 and 4716.1 and 4722.1 and 4541.1 and 4539.1 and 4707.1 and 4701.1 and 4698.1 and 4723.1 and 4538.1 and 4697.1 and 51079.1 and 4714.1 and 4704.1 and 4711.1 and 126328.1 and 4724.1 and 4713.1 and 4536.1 and 4695.1 and 4702.1 and 4708.1 and 4706.1 and 4535.1 and 4540.1 and 4729.1 and 54539.1),0.85,0.15000000000000002,40.45685279187824,6.091370558375644,True,optimal,107.00507614213201,0.8594284057617188,107.00507614213201,10.700507614213201,5.350253807106601,1.7834179357022002,10.0,20.0,0.0,0.0,3138.4263959390873,aerobic,pfba,fva_informed,recon3d
NADH2_u10mi,NADH2_u10mi,Oxidative phosphorylation,(4715.1 and 4720.1 and 4719.1 and 4700.1 and 55967.1 and 4709.1 and 4710.1 and 4726.1 and 4718.1 and 4696.1 and 4694.1 and 374291.1 and 4728.1 and 4712.2 and 4717.1 and 4705.1 and 4725.1 and 4716.1 and 4537.1 and 7991.1 and 4722.1 and 4541.1 and 4539.1 and 4707.1 and 4701.1 and 4723.1 and 4698.1 and 4538.1 and 4697.1 and 51079.1 and 4714.1 and 4704.1 and 126328.1 and 4711.1 and 4724.1 and 4713.1 and 4536.1 and 4695.1 and 4702.1 and 4708.1 and 4535.1 and 4731.2 and 4706.1 and 4729.1 and 4540.1) or (4715.1 and 4720.1 and 4719.1 and 55967.1 and 4700.1 and 4709.1 and 4710.1 and 4726.1 and 4696.1 and 4718.1 and 4694.1 and 374291.1 and 4728.1 and 7991.2 and 4717.1 and 4731.1 and 4705.1 and 4725.1 and 4716.1 and 4537.1 and 4722.1 and 4541.1 and 4712.1 and 4539.1 and 4707.1 and 4701.1 and 4698.1 and 4723.1 and 4538.1 and 4697.1 and 51079.1 and 4714.1 and 4704.1 and 126328.1 and 4711.1 and 4724.1 and 4536.1 and 4713.1 and 4695.1 and 4702.1 and 4708.1 and 4706.1 and 4535.1 and 4540.1 and 4729.1) or (4715.1 and 4720.1 and 4719.1 and 55967.1 and 4700.1 and 4709.1 and 4710.1 and 4726.1 and 4718.1 and 4696.1 and 374291.1 and 4694.1 and 4728.1 and 7991.2 and 4712.2 and 4717.1 and 4705.1 and 4725.1 and 4716.1 and 4537.1 and 4722.1 and 4541.1 and 4539.1 and 4707.1 and 4701.1 and 4698.1 and 4723.1 and 4538.1 and 4697.1 and 51079.1 and 4714.1 and 4704.1 and 4711.1 and 126328.1 and 4724.1 and 4536.1 and 4713.1 and 4695.1 and 4702.1 and 4708.1 and 4731.2 and 4706.1 and 4535.1 and 4540.1 and 4729.1) or (4715.1 and 4720.1 and 4719.1 and 4700.1 and 55967.1 and 4709.1 and 4710.1 and 4726.1 and 4718.1 and 4696.1 and 374291.1 and 4694.1 and 4728.1 and 4717.1 and 4705.1 and 4725.1 and 4537.1 and 4716.1 and 4722.1 and 7991.1 and 4541.1 and 4712.1 and 4539.1 and 4707.1 and 4701.1 and 4723.1 and 4698.1 and 4538.1 and 4697.1 and 51079.1 and 4714.1 and 4704.1 and 4711.1 and 126328.1 and 4724.1 and 4713.1 and 4536.1 and 4695.1 and 4702.1 and 4708.1 and 4706.1 and 4535.1 and 4731.2 and 4729.1 and 4540.1) or (4715.1 and 4720.1 and 4719.1 and 55967.1 and 4700.1 and 4709.1 and 4710.1 and 4726.1 and 4696.1 and 4718.1 and 4694.1 and 374291.1 and 4728.1 and 4717.1 and 4731.1 and 4705.1 and 4725.1 and 4716.1 and 4537.1 and 4722.1 and 7991.1 and 4541.1 and 4539.1 and 4712.1 and 4707.1 and 4701.1 and 4723.1 and 4698.1 and 4538.1 and 4697.1 and 51079.1 and 4714.1 and 4704.1 and 126328.1 and 4711.1 and 4724.1 and 4713.1 and 4536.1 and 4695.1 and 4702.1 and 4708.1 and 4706.1 and 4535.1 and 4540.1 and 4729.1) or (4715.1 and 4720.1 and 4719.1 and 55967.1 and 4700.1 and 4709.1 and 4710.1 and 4726.1 and 4696.1 and 4718.1 and 374291.1 and 4694.1 and 4728.1 and 4712.2 and 4717.1 and 4731.1 and 4705.1 and 4725.1 and 4537.1 and 4716.1 and 4722.1 and 7991.1 and 4541.1 and 4539.1 and 4707.1 and 4701.1 and 4723.1 and 4698.1 and 4538.1 and 4697.1 and 51079.1 and 4714.1 and 4704.1 and 126328.1 and 4711.1 and 4724.1 and 4713.1 and 4536.1 and 4695.1 and 4702.1 and 4708.1 and 4535.1 and 4706.1 and 4729.1 and 4540.1) or (4715.1 and 4720.1 and 4719.1 and 4700.1 and 55967.1 and 4709.1 and 4710.1 and 4726.1 and 4718.1 and 4696.1 and 4694.1 and 374291.1 and 4728.1 and 7991.2 and 4717.1 and 4705.1 and 4725.1 and 4537.1 and 4716.1 and 4722.1 and 4541.1 and 4712.1 and 4539.1 and 4707.1 and 4701.1 and 4723.1 and 4698.1 and 4538.1 and 4697.1 and 51079.1 and 4714.1 and 4704.1 and 4711.1 and 126328.1 and 4724.1 and 4713.1 and 4536.1 and 4695.1 and 4702.1 and 4708.1 and 4535.1 and 4731.2 and 4706.1 and 4540.1 and 4729.1) or (4715.1 and 4720.1 and 4719.1 and 4700.1 and 55967.1 and 4709.1 and 4710.1 and 4726.1 and 4718.1 and 4696.1 and 374291.1 and 4694.1 and 4728.1 and 7991.2 and 4712.2 and 4717.1 and 4731.1 and 4705.1 and 4725.1 and 4537.1 and 4716.1 and 4722.1 and 4541.1 and 4539.1 and 4707.1 and 4701.1 and 4698.1 and 4723.1 and 4538.1 and 4697.1 and 51079.1 and 4714.1 and 4704.1 and 4711.1 and 126328.1 and 4724.1 and 4713.1 and 4536.1 and 4695.1 and 4702.1 and 4708.1 and 4706.1 and 4535.1 and 4540.1 and 4729.1 and 54539.1),0.9,0.09999999999999998,40.45685279187824,4.060913705583761,True,optimal,104.97461928934017,0.9110991954803467,104.97461928934003,10.497461928934003,5.2487309644670015,1.749576988155667,10.0,20.0,0.0,0.0,3107.9695431472005,aerobic,pfba,fva_informed,recon3d
NADH2_u10mi,NADH2_u10mi,Oxidative phosphorylation,(4715.1 and 4720.1 and 4719.1 and 4700.1 and 55967.1 and 4709.1 and 4710.1 and 4726.1 and 4718.1 and 4696.1 and 4694.1 and 374291.1 and 4728.1 and 4712.2 and 4717.1 and 4705.1 and 4725.1 and 4716.1 and 4537.1 and 7991.1 and 4722.1 and 4541.1 and 4539.1 and 4707.1 and 4701.1 and 4723.1 and 4698.1 and 4538.1 and 4697.1 and 51079.1 and 4714.1 and 4704.1 and 126328.1 and 4711.1 and 4724.1 and 4713.1 and 4536.1 and 4695.1 and 4702.1 and 4708.1 and 4535.1 and 4731.2 and 4706.1 and 4729.1 and 4540.1) or (4715.1 and 4720.1 and 4719.1 and 55967.1 and 4700.1 and 4709.1 and 4710.1 and 4726.1 and 4696.1 and 4718.1 and 4694.1 and 374291.1 and 4728.1 and 7991.2 and 4717.1 and 4731.1 and 4705.1 and 4725.1 and 4716.1 and 4537.1 and 4722.1 and 4541.1 and 4712.1 and 4539.1 and 4707.1 and 4701.1 and 4698.1 and 4723.1 and 4538.1 and 4697.1 and 51079.1 and 4714.1 and 4704.1 and 126328.1 and 4711.1 and 4724.1 and 4536.1 and 4713.1 and 4695.1 and 4702.1 and 4708.1 and 4706.1 and 4535.1 and 4540.1 and 4729.1) or (4715.1 and 4720.1 and 4719.1 and 55967.1 and 4700.1 and 4709.1 and 4710.1 and 4726.1 and 4718.1 and 4696.1 and 374291.1 and 4694.1 and 4728.1 and 7991.2 and 4712.2 and 4717.1 and 4705.1 and 4725.1 and 4716.1 and 4537.1 and 4722.1 and 4541.1 and 4539.1 and 4707.1 and 4701.1 and 4698.1 and 4723.1 and 4538.1 and 4697.1 and 51079.1 and 4714.1 and 4704.1 and 4711.1 and 126328.1 and 4724.1 and 4536.1 and 4713.1 and 4695.1 and 4702.1 and 4708.1 and 4731.2 and 4706.1 and 4535.1 and 4540.1 and 4729.1) or (4715.1 and 4720.1 and 4719.1 and 4700.1 and 55967.1 and 4709.1 and 4710.1 and 4726.1 and 4718.1 and 4696.1 and 374291.1 and 4694.1 and 4728.1 and 4717.1 and 4705.1 and 4725.1 and 4537.1 and 4716.1 and 4722.1 and 7991.1 and 4541.1 and 4712.1 and 4539.1 and 4707.1 and 4701.1 and 4723.1 and 4698.1 and 4538.1 and 4697.1 and 51079.1 and 4714.1 and 4704.1 and 4711.1 and 126328.1 and 4724.1 and 4713.1 and 4536.1 and 4695.1 and 4702.1 and 4708.1 and 4706.1 and 4535.1 and 4731.2 and 4729.1 and 4540.1) or (4715.1 and 4720.1 and 4719.1 and 55967.1 and 4700.1 and 4709.1 and 4710.1 and 4726.1 and 4696.1 and 4718.1 and 4694.1 and 374291.1 and 4728.1 and 4717.1 and 4731.1 and 4705.1 and 4725.1 and 4716.1 and 4537.1 and 4722.1 and 7991.1 and 4541.1 and 4539.1 and 4712.1 and 4707.1 and 4701.1 and 4723.1 and 4698.1 and 4538.1 and 4697.1 and 51079.1 and 4714.1 and 4704.1 and 126328.1 and 4711.1 and 4724.1 and 4713.1 and 4536.1 and 4695.1 and 4702.1 and 4708.1 and 4706.1 and 4535.1 and 4540.1 and 4729.1) or (4715.1 and 4720.1 and 4719.1 and 55967.1 and 4700.1 and 4709.1 and 4710.1 and 4726.1 and 4696.1 and 4718.1 and 374291.1 and 4694.1 and 4728.1 and 4712.2 and 4717.1 and 4731.1 and 4705.1 and 4725.1 and 4537.1 and 4716.1 and 4722.1 and 7991.1 and 4541.1 and 4539.1 and 4707.1 and 4701.1 and 4723.1 and 4698.1 and 4538.1 and 4697.1 and 51079.1 and 4714.1 and 4704.1 and 126328.1 and 4711.1 and 4724.1 and 4713.1 and 4536.1 and 4695.1 and 4702.1 and 4708.1 and 4535.1 and 4706.1 and 4729.1 and 4540.1) or (4715.1 and 4720.1 and 4719.1 and 4700.1 and 55967.1 and 4709.1 and 4710.1 and 4726.1 and 4718.1 and 4696.1 and 4694.1 and 374291.1 and 4728.1 and 7991.2 and 4717.1 and 4705.1 and 4725.1 and 4537.1 and 4716.1 and 4722.1 and 4541.1 and 4712.1 and 4539.1 and 4707.1 and 4701.1 and 4723.1 and 4698.1 and 4538.1 and 4697.1 and 51079.1 and 4714.1 and 4704.1 and 4711.1 and 126328.1 and 4724.1 and 4713.1 and 4536.1 and 4695.1 and 4702.1 and 4708.1 and 4535.1 and 4731.2 and 4706.1 and 4540.1 and 4729.1) or (4715.1 and 4720.1 and 4719.1 and 4700.1 and 55967.1 and 4709.1 and 4710.1 and 4726.1 and 4718.1 and 4696.1 and 374291.1 and 4694.1 and 4728.1 and 7991.2 and 4712.2 and 4717.1 and 4731.1 and 4705.1 and 4725.1 and 4537.1 and 4716.1 and 4722.1 and 4541.1 and 4539.1 and 4707.1 and 4701.1 and 4698.1 and 4723.1 and 4538.1 and 4697.1 and 51079.1 and 4714.1 and 4704.1 and 4711.1 and 126328.1 and 4724.1 and 4713.1 and 4536.1 and 4695.1 and 4702.1 and 4708.1 and 4706.1 and 4535.1 and 4540.1 and 4729.1 and 54539.1),0.95,0.050000000000000044,40.45685279187824,2.030456852791883,True,optimal,102.94416243654818,0.9653620719909668,102.94416243654814,10.294416243654814,5.147208121827407,1.7157360406091358,10.0,20.0,0.0,0.0,3077.5126903553255,aerobic,pfba,fva_informed,recon3d
NADH2_u10mi,NADH2_u10mi,Oxidative phosphorylation,(4715.1 and 4720.1 and 4719.1 and 4700.1 and 55967.1 and 4709.1 and 4710.1 and 4726.1 and 4718.1 and 4696.1 and 4694.1 and 374291.1 and 4728.1 and 4712.2 and 4717.1 and 4705.1 and 4725.1 and 4716.1 and 4537.1 and 7991.1 and 4722.1 and 4541.1 and 4539.1 and 4707.1 and 4701.1 and 4723.1 and 4698.1 and 4538.1 and 4697.1 and 51079.1 and 4714.1 and 4704.1 and 126328.1 and 4711.1 and 4724.1 and 4713.1 and 4536.1 and 4695.1 and 4702.1 and 4708.1 and 4535.1 and 4731.2 and 4706.1 and 4729.1 and 4540.1) or (4715.1 and 4720.1 and 4719.1 and 55967.1 and 4700.1 and 4709.1 and 4710.1 and 4726.1 and 4696.1 and 4718.1 and 4694.1 and 374291.1 and 4728.1 and 7991.2 and 4717.1 and 4731.1 and 4705.1 and 4725.1 and 4716.1 and 4537.1 and 4722.1 and 4541.1 and 4712.1 and 4539.1 and 4707.1 and 4701.1 and 4698.1 and 4723.1 and 4538.1 and 4697.1 and 51079.1 and 4714.1 and 4704.1 and 126328.1 and 4711.1 and 4724.1 and 4536.1 and 4713.1 and 4695.1 and 4702.1 and 4708.1 and 4706.1 and 4535.1 and 4540.1 and 4729.1) or (4715.1 and 4720.1 and 4719.1 and 55967.1 and 4700.1 and 4709.1 and 4710.1 and 4726.1 and 4718.1 and 4696.1 and 374291.1 and 4694.1 and 4728.1 and 7991.2 and 4712.2 and 4717.1 and 4705.1 and 4725.1 and 4716.1 and 4537.1 and 4722.1 and 4541.1 and 4539.1 and 4707.1 and 4701.1 and 4698.1 and 4723.1 and 4538.1 and 4697.1 and 51079.1 and 4714.1 and 4704.1 and 4711.1 and 126328.1 and 4724.1 and 4536.1 and 4713.1 and 4695.1 and 4702.1 and 4708.1 and 4731.2 and 4706.1 and 4535.1 and 4540.1 and 4729.1) or (4715.1 and 4720.1 and 4719.1 and 4700.1 and 55967.1 and 4709.1 and 4710.1 and 4726.1 and 4718.1 and 4696.1 and 374291.1 and 4694.1 and 4728.1 and 4717.1 and 4705.1 and 4725.1 and 4537.1 and 4716.1 and 4722.1 and 7991.1 and 4541.1 and 4712.1 and 4539.1 and 4707.1 and 4701.1 and 4723.1 and 4698.1 and 4538.1 and 4697.1 and 51079.1 and 4714.1 and 4704.1 and 4711.1 and 126328.1 and 4724.1 and 4713.1 and 4536.1 and 4695.1 and 4702.1 and 4708.1 and 4706.1 and 4535.1 and 4731.2 and 4729.1 and 4540.1) or (4715.1 and 4720.1 and 4719.1 and 55967.1 and 4700.1 and 4709.1 and 4710.1 and 4726.1 and 4696.1 and 4718.1 and 4694.1 and 374291.1 and 4728.1 and 4717.1 and 4731.1 and 4705.1 and 4725.1 and 4716.1 and 4537.1 and 4722.1 and 7991.1 and 4541.1 and 4539.1 and 4712.1 and 4707.1 and 4701.1 and 4723.1 and 4698.1 and 4538.1 and 4697.1 and 51079.1 and 4714.1 and 4704.1 and 126328.1 and 4711.1 and 4724.1 and 4713.1 and 4536.1 and 4695.1 and 4702.1 and 4708.1 and 4706.1 and 4535.1 and 4540.1 and 4729.1) or (4715.1 and 4720.1 and 4719.1 and 55967.1 and 4700.1 and 4709.1 and 4710.1 and 4726.1 and 4696.1 and 4718.1 and 374291.1 and 4694.1 and 4728.1 and 4712.2 and 4717.1 and 4731.1 and 4705.1 and 4725.1 and 4537.1 and 4716.1 and 4722.1 and 7991.1 and 4541.1 and 4539.1 and 4707.1 and 4701.1 and 4723.1 and 4698.1 and 4538.1 and 4697.1 and 51079.1 and 4714.1 and 4704.1 and 126328.1 and 4711.1 and 4724.1 and 4713.1 and 4536.1 and 4695.1 and 4702.1 and 4708.1 and 4535.1 and 4706.1 and 4729.1 and 4540.1) or (4715.1 and 4720.1 and 4719.1 and 4700.1 and 55967.1 and 4709.1 and 4710.1 and 4726.1 and 4718.1 and 4696.1 and 4694.1 and 374291.1 and 4728.1 and 7991.2 and 4717.1 and 4705.1 and 4725.1 and 4537.1 and 4716.1 and 4722.1 and 4541.1 and 4712.1 and 4539.1 and 4707.1 and 4701.1 and 4723.1 and 4698.1 and 4538.1 and 4697.1 and 51079.1 and 4714.1 and 4704.1 and 4711.1 and 126328.1 and 4724.1 and 4713.1 and 4536.1 and 4695.1 and 4702.1 and 4708.1 and 4535.1 and 4731.2 and 4706.1 and 4540.1 and 4729.1) or (4715.1 and 4720.1 and 4719.1 and 4700.1 and 55967.1 and 4709.1 and 4710.1 and 4726.1 and 4718.1 and 4696.1 and 374291.1 and 4694.1 and 4728.1 and 7991.2 and 4712.2 and 4717.1 and 4731.1 and 4705.1 and 4725.1 and 4537.1 and 4716.1 and 4722.1 and 4541.1 and 4539.1 and 4707.1 and 4701.1 and 4698.1 and 4723.1 and 4538.1 and 4697.1 and 51079.1 and 4714.1 and 4704.1 and 4711.1 and 126328.1 and 4724.1 and 4713.1 and 4536.1 and 4695.1 and 4702.1 and 4708.1 and 4706.1 and 4535.1 and 4540.1 and 4729.1 and 54539.1),1.0,0.0,40.45685279187824,0.0,True,optimal,100.91370558375645,0.8306210041046143,100.9137055837565,10.09137055837565,5.045685279187825,1.6818950930626082,10.0,20.0,0.0,0.0,3047.6649746193116,aerobic,pfba,fva_informed,recon3d
O2t,O2 Transport (Diffusion),"Transport, extracellular",,0.0,1.0,20.0,20.0,True,optimal,121.52284263959393,0.9831268787384033,121.52284263959392,12.152284263959391,6.0761421319796955,2.0253807106598987,10.0,20.0,0.0,0.0,2184.8730964467013,aerobic,pfba,fva_informed,recon3d
O2t,O2 Transport (Diffusion),"Transport, extracellular",,0.05,0.95,20.0,19.192893401015226,True,optimal,118.66724213455645,0.9297699928283691,118.66724213455643,11.866724213455644,5.933362106727829,1.9777873689092738,10.0,19.999999999999975,0.0,0.0,2155.7714963024046,aerobic,pfba,fva_informed,recon3d
O2t,O2 Transport (Diffusion),"Transport, extracellular",,0.1,0.9,20.0,18.182741116751266,True,optimal,115.09325156535857,0.9192914962768555,115.0932515653586,11.50932515653586,5.754662578267922,1.9182208594226433,10.0,20.00000000000003,0.0,0.0,2119.757444579009,aerobic,pfba,fva_informed,recon3d
O2t,O2 Transport (Diffusion),"Transport, extracellular",,0.15,0.85,20.0,17.172588832487307,True,optimal,111.51926099616067,0.9165840148925781,111.51926099616064,11.151926099616064,5.575963049808035,1.8586543499360106,10.0,19.99999999999999,0.0,0.0,2083.8722547175485,aerobic,pfba,fva_informed,recon3d
O2t,O2 Transport (Diffusion),"Transport, extracellular",,0.2,0.8,20.0,16.16243654822335,True,optimal,107.94527042696286,0.9687378406524658,107.94527042696286,10.794527042696286,5.397263521348143,1.799087840449381,10.0,20.0,0.0,0.0,2047.9870648560952,aerobic,pfba,fva_informed,recon3d
O2t,O2 Transport (Diffusion),"Transport, extracellular",,0.25,0.75,20.0,15.15228426395939,True,optimal,104.37127985776493,0.9238979816436768,104.371279857765,10.4371279857765,5.218563992888241,1.73952133096275,10.0,20.000000000000036,0.0,0.0,2012.1018749946409,aerobic,pfba,fva_informed,recon3d
O2t,O2 Transport (Diffusion),"Transport, extracellular",,0.3,0.7,20.0,14.14213197969543,True,optimal,100.79728928856714,0.9273862838745117,100.79728928856713,10.079728928856714,5.039864464428338,1.6799548214761189,10.0,20.00000000000007,0.0,0.0,1976.216685133179,aerobic,pfba,fva_informed,recon3d
O2t,O2 Transport (Diffusion),"Transport, extracellular",,0.35,0.65,20.0,13.131979695431472,True,optimal,97.22329871936925,0.9707400798797607,97.22329871936927,9.722329871936926,4.861164935968463,1.6203883119894877,10.0,20.0,0.0,0.0,1945.4910373023476,aerobic,pfba,fva_informed,recon3d
O2t,O2 Transport (Diffusion),"Transport, extracellular",,0.4,0.6,20.0,12.12182741116751,True,optimal,93.64930815017138,0.9213616847991943,93.64930815017135,9.364930815017136,4.682465407508568,1.5608218025028557,10.0,20.0,0.0,0.0,1956.3853229920953,aerobic,pfba,fva_informed,recon3d
O2t,O2 Transport (Diffusion),"Transport, extracellular",,0.45,0.55,20.0,11.111675126903553,True,optimal,90.07531758097349,0.9022772312164307,90.07531758097353,9.007531758097354,4.503765879048677,1.5012552930162255,10.0,20.0,0.0,0.0,1984.6349042747916,aerobic,pfba,fva_informed,recon3d
O2t,O2 Transport (Diffusion),"Transport, extracellular",,0.5,0.5,20.0,10.101522842639593,True,optimal,86.50132701177564,0.9066610336303711,86.50132701177559,8.650132701177558,4.325066350588779,1.441688783529593,10.0,20.0,0.0,0.0,2017.277693318562,aerobic,pfba,fva_informed,recon3d
O2t,O2 Transport (Diffusion),"Transport, extracellular",,0.55,0.44999999999999996,20.0,9.091370558375633,True,optimal,82.92733644257775,0.9037551879882812,82.9273364425777,8.292733644257769,4.1463668221288845,1.3821222740429617,10.0,20.0,0.0,0.0,2056.303486304721,aerobic,pfba,fva_informed,recon3d
O2t,O2 Transport (Diffusion),"Transport, extracellular",,0.6,0.4,20.0,8.081218274111675,True,optimal,79.35334587337987,0.9187369346618652,79.35334587337988,7.935334587337988,3.967667293668994,1.3225557645563313,10.0,20.0,0.0,0.0,2097.058259682031,aerobic,pfba,fva_informed,recon3d
O2t,O2 Transport (Diffusion),"Transport, extracellular",,0.65,0.35,20.0,7.071065989847715,True,optimal,75.779355304182,0.9716765880584717,75.77935530418203,7.577935530418204,3.788967765209102,1.2629892550697006,10.0,20.0,0.0,0.0,2137.813033059345,aerobic,pfba,fva_informed,recon3d
O2t,O2 Transport (Diffusion),"Transport, extracellular",,0.7,0.30000000000000004,20.0,6.060913705583757,True,optimal,72.2053647349842,0.9586551189422607,72.20536473498416,7.220536473498416,3.610268236749208,1.2034227455830693,10.0,20.0,0.0,0.0,2182.2023242031464,aerobic,pfba,fva_informed,recon3d
O2t,O2 Transport (Diffusion),"Transport, extracellular",,0.75,0.25,20.0,5.050761421319796,True,optimal,68.6313741657863,0.8993256092071533,68.63137416578634,6.863137416578634,3.431568708289317,1.143856236096439,10.0,20.0,0.0,0.0,2229.018011286049,aerobic,pfba,fva_informed,recon3d
O2t,O2 Transport (Diffusion),"Transport, extracellular",,0.8,0.19999999999999996,20.0,4.040609137055836,True,optimal,65.05738359658838,0.9384124279022217,65.05738359658845,6.505738359658845,3.2528691798294225,1.0842897266098075,10.0,20.0,0.0,0.0,2275.833698368936,aerobic,pfba,fva_informed,recon3d
O2t,O2 Transport (Diffusion),"Transport, extracellular",,0.85,0.15000000000000002,20.0,3.0304568527918785,True,optimal,61.483393027390576,0.9426500797271729,61.483393027390505,6.148339302739051,3.0741696513695254,1.024723217123175,10.0,20.0,0.0,0.0,2322.649385451825,aerobic,pfba,fva_informed,recon3d
O2t,O2 Transport (Diffusion),"Transport, extracellular",,0.9,0.09999999999999998,20.0,2.020304568527918,True,optimal,57.909402458192524,0.9242408275604248,57.90940245819266,5.790940245819266,2.895470122909633,0.9651567076365443,10.0,20.0,0.0,0.0,2369.465072534723,aerobic,pfba,fva_informed,recon3d
O2t,O2 Transport (Diffusion),"Transport, extracellular",,0.95,0.050000000000000044,20.0,1.01015228426396,True,optimal,54.33541188899483,0.9451704025268555,54.33541188899484,5.4335411888994845,2.7167705944497422,0.905590198149914,10.0,20.0,0.0,0.0,2416.280759617617,aerobic,pfba,fva_informed,recon3d
O2t,O2 Transport (Diffusion),"Transport, extracellular",,1.0,0.0,20.0,0.0,True,optimal,50.76142131979614,0.6217195987701416,50.76142131979691,5.076142131979691,2.5380710659898456,0.8460236886632818,10.0,20.0,0.0,0.0,2463.096446700509,aerobic,pfba,fva_informed,recon3d
O2tm,"Transport of Oxygen, (Diffusion)","Transport, mitochondrial",,0.0,1.0,20.000000000000007,20.0,True,optimal,121.52284263959382,1.0470349788665771,121.52284263959385,12.152284263959384,6.076142131979692,2.0253807106598973,10.0,20.0,0.0,0.0,2184.8730964466986,aerobic,pfba,fva_informed,recon3d
O2tm,"Transport of Oxygen, (Diffusion)","Transport, mitochondrial",,0.05,0.95,20.000000000000007,19.28934010152282,True,optimal,119.71913731350972,0.9510853290557861,119.71913731350959,11.97191373135096,5.98595686567548,1.9953189552251598,10.0,20.0,0.0,0.0,2155.294132804245,aerobic,pfba,fva_informed,recon3d
O2tm,"Transport of Oxygen, (Diffusion)","Transport, mitochondrial",,0.1,0.9,20.000000000000007,18.274111675126886,True,optimal,117.14241541910371,0.9545745849609375,117.14241541910371,11.714241541910372,5.857120770955186,1.9523735903183952,10.0,20.0,0.0,0.0,2113.03847045788,aerobic,pfba,fva_informed,recon3d
O2tm,"Transport of Oxygen, (Diffusion)","Transport, mitochondrial",,0.15,0.85,20.000000000000007,17.258883248730946,True,optimal,114.56569352469778,0.9808046817779541,114.56569352469779,11.45656935246978,5.72828467623489,1.90942822541163,10.0,20.0,0.0,0.0,2070.7828081115204,aerobic,pfba,fva_informed,recon3d
O2tm,"Transport of Oxygen, (Diffusion)","Transport, mitochondrial",,0.2,0.8,20.000000000000007,16.24365482233501,True,optimal,111.98897163029183,1.015223503112793,111.98897163029186,11.198897163029185,5.599448581514593,1.8664828605048642,10.0,20.0,0.0,0.0,2028.5271457651586,aerobic,pfba,fva_informed,recon3d
O2tm,"Transport of Oxygen, (Diffusion)","Transport, mitochondrial",,0.25,0.75,20.000000000000007,15.22842639593907,True,optimal,109.41224973588587,0.9850523471832275,109.41224973588594,10.941224973588593,5.4706124867942965,1.823537495598099,10.0,20.0,0.0,0.0,1986.2714834187957,aerobic,pfba,fva_informed,recon3d
O2tm,"Transport of Oxygen, (Diffusion)","Transport, mitochondrial",,0.3,0.7,20.000000000000007,14.213197969543131,True,optimal,106.83552784148006,0.9883077144622803,106.83552784148002,10.683552784148002,5.341776392074001,1.7805921306913335,10.0,20.0,0.0,0.0,1944.0158210724303,aerobic,pfba,fva_informed,recon3d
O2tm,"Transport of Oxygen, (Diffusion)","Transport, mitochondrial",,0.35,0.65,20.000000000000007,13.197969543147195,True,optimal,104.25880594707415,1.0251517295837402,104.25880594707411,10.425880594707412,5.212940297353706,1.7376467657845684,10.0,20.0,0.0,0.0,1901.7601587260679,aerobic,pfba,fva_informed,recon3d
O2tm,"Transport of Oxygen, (Diffusion)","Transport, mitochondrial",,0.4,0.6,20.000000000000007,12.182741116751256,True,optimal,101.68208405266815,0.9483792781829834,101.68208405266817,10.168208405266817,5.084104202633409,1.694701400877803,10.0,20.0,0.0,0.0,1859.504496379708,aerobic,pfba,fva_informed,recon3d
O2tm,"Transport of Oxygen, (Diffusion)","Transport, mitochondrial",,0.45,0.55,20.000000000000007,11.16751269035532,True,optimal,99.10536215826212,0.9817459583282471,99.10536215826218,9.910536215826218,4.955268107913109,1.6517560359710364,10.0,20.0,0.0,0.0,1817.248834033343,aerobic,pfba,fva_informed,recon3d
O2tm,"Transport of Oxygen, (Diffusion)","Transport, mitochondrial",,0.5,0.5,20.000000000000007,10.15228426395938,True,optimal,96.5286402638563,0.9688801765441895,96.52864026385627,9.652864026385627,4.826432013192814,1.6088106710642713,10.0,20.0,0.0,0.0,1774.9931716869858,aerobic,pfba,fva_informed,recon3d
O2tm,"Transport of Oxygen, (Diffusion)","Transport, mitochondrial",,0.55,0.44999999999999996,20.000000000000007,9.137055837563441,True,optimal,93.95191836945041,0.9879372119903564,93.95191836945038,9.395191836945038,4.697595918472519,1.5658653061575063,10.0,20.0,0.0,0.0,1732.7375093406176,aerobic,pfba,fva_informed,recon3d
O2tm,"Transport of Oxygen, (Diffusion)","Transport, mitochondrial",,0.6,0.4,20.000000000000007,8.121827411167505,True,optimal,91.37519647504442,0.9687290191650391,91.37519647504448,9.137519647504448,4.568759823752224,1.5229199412507413,10.0,20.0,0.0,0.0,1690.481846994254,aerobic,pfba,fva_informed,recon3d
O2tm,"Transport of Oxygen, (Diffusion)","Transport, mitochondrial",,0.65,0.35,20.000000000000007,7.106598984771566,True,optimal,88.79847458063844,0.9669017791748047,88.79847458063844,8.879847458063844,4.439923729031922,1.479974576343974,10.0,20.0,0.0,0.0,1648.2261846478905,aerobic,pfba,fva_informed,recon3d
O2tm,"Transport of Oxygen, (Diffusion)","Transport, mitochondrial",,0.7,0.30000000000000004,20.000000000000007,6.091370558375629,True,optimal,86.22175268623255,0.9849278926849365,86.22175268623256,8.622175268623256,4.311087634311628,1.4370292114372094,10.0,20.0,0.0,0.0,1605.9705223015321,aerobic,pfba,fva_informed,recon3d
O2tm,"Transport of Oxygen, (Diffusion)","Transport, mitochondrial",,0.75,0.25,20.000000000000007,5.07614213197969,True,optimal,83.64503079182667,0.9861791133880615,83.64503079182661,8.364503079182661,4.182251539591331,1.3940838465304435,10.0,20.0,0.0,0.0,1563.7148599551651,aerobic,pfba,fva_informed,recon3d
O2tm,"Transport of Oxygen, (Diffusion)","Transport, mitochondrial",,0.8,0.19999999999999996,20.000000000000007,4.060913705583752,True,optimal,81.06830889742072,0.9716525077819824,81.06830889742069,8.106830889742069,4.0534154448710344,1.3511384816236782,10.0,20.0,0.0,0.0,1521.4808420727152,aerobic,pfba,fva_informed,recon3d
O2tm,"Transport of Oxygen, (Diffusion)","Transport, mitochondrial",,0.85,0.15000000000000002,20.000000000000007,3.0456852791878144,True,optimal,78.49158700301479,0.9897892475128174,78.49158700301474,7.849158700301475,3.9245793501507373,1.3081931167169123,10.0,20.0,0.0,0.0,1480.9964183565667,aerobic,pfba,fva_informed,recon3d
O2tm,"Transport of Oxygen, (Diffusion)","Transport, mitochondrial",,0.9,0.09999999999999998,20.000000000000007,2.030456852791876,True,optimal,75.91486510860884,0.9799394607543945,75.91486510860885,7.591486510860885,3.7957432554304424,1.2652477518101475,10.0,20.0,0.0,0.0,1440.511994640427,aerobic,pfba,fva_informed,recon3d
O2tm,"Transport of Oxygen, (Diffusion)","Transport, mitochondrial",,0.95,0.050000000000000044,20.000000000000007,1.015228426395939,True,optimal,73.33814321420289,0.9442911148071289,73.33814321420287,7.333814321420287,3.6669071607101436,1.222302386903381,10.0,20.0,0.0,0.0,1400.0275709242737,aerobic,pfba,fva_informed,recon3d
O2tm,"Transport of Oxygen, (Diffusion)","Transport, mitochondrial",,1.0,0.0,20.000000000000007,0.0,True,optimal,70.76142131979688,0.6786973476409912,70.761421319797,7.076142131979699,3.5380710659898496,1.1793570219966165,10.0,20.0,0.0,0.0,1359.543147208124,aerobic,pfba,fva_informed,recon3d
PGK,Phosphoglycerate Kinase,Glycolysis/gluconeogenesis,5230.1 or 375056.1 or 5232.1,0.0,1.0,-20.0,-19.999999999999986,True,optimal,121.522842639594,0.8327040672302246,121.52284263959393,12.152284263959393,6.076142131979696,2.0253807106598987,10.0,20.0,0.0,0.0,2184.8730964467077,aerobic,pfba,fva_informed,recon3d
PGK,Phosphoglycerate Kinase,Glycolysis/gluconeogenesis,5230.1 or 375056.1 or 5232.1,0.05,0.95,-20.0,-20.0,True,optimal,121.52284263959386,0.8306264877319336,121.52284263959383,12.152284263959384,6.076142131979692,2.0253807106598973,10.0,20.0,0.0,0.0,2184.8730964467013,aerobic,pfba,fva_informed,recon3d
PGK,Phosphoglycerate Kinase,Glycolysis/gluconeogenesis,5230.1 or 375056.1 or 5232.1,0.1,0.9,-20.0,-19.99999999999997,True,optimal,121.52284263959393,0.7722060680389404,121.52284263959397,12.152284263959398,6.076142131979699,2.0253807106598996,10.0,20.0,0.0,0.0,2184.8730964467077,aerobic,pfba,fva_informed,recon3d
PGK,Phosphoglycerate Kinase,Glycolysis/gluconeogenesis,5230.1 or 375056.1 or 5232.1,0.15,0.85,-20.0,-19.999999999999954,True,optimal,121.52284263959388,0.8425717353820801,121.52284263959385,12.152284263959384,6.076142131979692,2.0253807106598973,10.0,20.0,0.0,0.0,2184.873096446701,aerobic,pfba,fva_informed,recon3d
PGK,Phosphoglycerate Kinase,Glycolysis/gluconeogenesis,5230.1 or 375056.1 or 5232.1,0.2,0.8,-20.0,-19.999999999999964,True,optimal,121.5228426395938,0.7597920894622803,121.52284263959386,12.152284263959386,6.076142131979693,2.0253807106598978,10.0,20.0,0.0,0.0,2184.873096446703,aerobic,pfba,fva_informed,recon3d
PGK,Phosphoglycerate Kinase,Glycolysis/gluconeogenesis,5230.1 or 375056.1 or 5232.1,0.25,0.75,-20.0,-19.999999999999993,True,optimal,121.52284263959396,0.9119446277618408,121.52284263959395,12.152284263959395,6.076142131979697,2.025380710659899,10.0,20.0,0.0,0.0,2184.873096446702,aerobic,pfba,fva_informed,recon3d
PGK,Phosphoglycerate Kinase,Glycolysis/gluconeogenesis,5230.1 or 375056.1 or 5232.1,0.3,0.7,-20.0,-19.999999999999982,True,optimal,121.52284263959397,0.8943612575531006,121.52284263959388,12.152284263959388,6.076142131979694,2.0253807106598978,10.0,20.0,0.0,0.0,2184.8730964467004,aerobic,pfba,fva_informed,recon3d
PGK,Phosphoglycerate Kinase,Glycolysis/gluconeogenesis,5230.1 or 375056.1 or 5232.1,0.35,0.65,-20.0,-19.999999999999964,True,optimal,121.52284263959385,0.8498928546905518,121.52284263959396,12.152284263959396,6.076142131979698,2.0253807106598996,10.0,20.0,0.0,0.0,2184.873096446706,aerobic,pfba,fva_informed,recon3d
PGK,Phosphoglycerate Kinase,Glycolysis/gluconeogenesis,5230.1 or 375056.1 or 5232.1,0.4,0.6,-20.0,-19.999999999999964,True,optimal,121.52284263959395,0.7988004684448242,121.52284263959388,12.152284263959388,6.076142131979694,2.0253807106598978,10.0,20.0,0.0,0.0,2184.8730964467095,aerobic,pfba,fva_informed,recon3d
PGK,Phosphoglycerate Kinase,Glycolysis/gluconeogenesis,5230.1 or 375056.1 or 5232.1,0.45,0.55,-20.0,-19.99999999999995,True,optimal,121.52284263959395,0.7825148105621338,121.52284263959395,12.152284263959395,6.076142131979697,2.025380710659899,10.0,20.0,0.0,0.0,2184.8730964467136,aerobic,pfba,fva_informed,recon3d
PGK,Phosphoglycerate Kinase,Glycolysis/gluconeogenesis,5230.1 or 375056.1 or 5232.1,0.5,0.5,-20.0,-19.999999999999982,True,optimal,121.52284263959397,0.7757091522216797,121.52284263959393,12.152284263959393,6.076142131979696,2.0253807106598987,10.0,20.0,0.0,0.0,2184.8730964467045,aerobic,pfba,fva_informed,recon3d
PGK,Phosphoglycerate Kinase,Glycolysis/gluconeogenesis,5230.1 or 375056.1 or 5232.1,0.55,0.44999999999999996,-20.0,-19.99999999999997,True,optimal,121.52284263959392,0.7761209011077881,121.52284263959397,12.152284263959398,6.076142131979699,2.0253807106598996,10.0,20.0,0.0,0.0,2184.8730964467077,aerobic,pfba,fva_informed,recon3d
PGK,Phosphoglycerate Kinase,Glycolysis/gluconeogenesis,5230.1 or 375056.1 or 5232.1,0.6,0.4,-20.0,-19.999999999999943,True,optimal,121.52284263959392,0.7880256175994873,121.52284263959395,12.152284263959395,6.076142131979697,2.025380710659899,10.0,20.0,0.0,0.0,2184.8730964467086,aerobic,pfba,fva_informed,recon3d
PGK,Phosphoglycerate Kinase,Glycolysis/gluconeogenesis,5230.1 or 375056.1 or 5232.1,0.65,0.35,-20.0,-19.999999999999982,True,optimal,121.52284263959395,0.7736368179321289,121.52284263959388,12.152284263959388,6.076142131979694,2.0253807106598978,10.0,20.0,0.0,0.0,2184.873096446702,aerobic,pfba,fva_informed,recon3d
PGK,Phosphoglycerate Kinase,Glycolysis/gluconeogenesis,5230.1 or 375056.1 or 5232.1,0.7,0.30000000000000004,-20.0,-19.999999999999986,True,optimal,121.52284263959397,0.773252010345459,121.52284263959388,12.152284263959388,6.076142131979694,2.0253807106598978,10.0,20.0,0.0,0.0,2184.8730964467036,aerobic,pfba,fva_informed,recon3d
PGK,Phosphoglycerate Kinase,Glycolysis/gluconeogenesis,5230.1 or 375056.1 or 5232.1,0.75,0.25,-20.0,-19.999999999999975,True,optimal,121.52284263959396,0.8706047534942627,121.52284263959392,12.152284263959391,6.0761421319796955,2.0253807106598987,10.0,20.0,0.0,0.0,2184.8730964467004,aerobic,pfba,fva_informed,recon3d
PGK,Phosphoglycerate Kinase,Glycolysis/gluconeogenesis,5230.1 or 375056.1 or 5232.1,0.8,0.19999999999999996,-20.0,-19.999999999999982,True,optimal,121.52284263959392,0.8221116065979004,121.52284263959393,12.152284263959393,6.076142131979696,2.0253807106598987,10.0,20.0,0.0,0.0,2184.8730964467013,aerobic,pfba,fva_informed,recon3d
PGK,Phosphoglycerate Kinase,Glycolysis/gluconeogenesis,5230.1 or 375056.1 or 5232.1,0.85,0.15000000000000002,-20.0,-19.99999999999997,True,optimal,121.52284263959393,0.773709774017334,121.52284263959397,12.152284263959398,6.076142131979699,2.0253807106598996,10.0,20.0,0.0,0.0,2184.8730964467077,aerobic,pfba,fva_informed,recon3d
PGK,Phosphoglycerate Kinase,Glycolysis/gluconeogenesis,5230.1 or 375056.1 or 5232.1,0.9,0.09999999999999998,-20.0,-20.000000000000007,True,optimal,121.52284263959388,0.8231182098388672,121.52284263959383,12.152284263959384,6.076142131979692,2.0253807106598973,10.0,20.0,0.0,0.0,2184.8730964466986,aerobic,pfba,fva_informed,recon3d
PGK,Phosphoglycerate Kinase,Glycolysis/gluconeogenesis,5230.1 or 375056.1 or 5232.1,0.95,0.050000000000000044,-20.0,-19.999999999999986,True,optimal,121.52284263959393,0.7750749588012695,121.52284263959385,12.152284263959384,6.076142131979692,2.0253807106598973,10.0,20.0,0.0,0.0,2184.8730964467013,aerobic,pfba,fva_informed,recon3d
PGK,Phosphoglycerate Kinase,Glycolysis/gluconeogenesis,5230.1 or 375056.1 or 5232.1,1.0,0.0,-20.0,0.0,True,optimal,101.5228426395939,0.6949067115783691,101.52284263959382,30.000000000000863,5.076142131979691,5.000000000000144,3.38409475465303,20.0,0.0,0.0,2002.7072758037234,aerobic,pfba,fva_informed,recon3d
PGM,Phosphoglycerate Mutase,Glycolysis/gluconeogenesis,669.1 or 5223.1 or 5224.2 or 5224.1 or 669.2,0.0,1.0,-19.999999999999996,-19.99999999999996,True,optimal,121.52284263959389,0.7857394218444824,121.52284263959395,12.152284263959395,6.076142131979697,2.025380710659899,10.0,20.0,0.0,0.0,2184.8730964467095,aerobic,pfba,fva_informed,recon3d
PGM,Phosphoglycerate Mutase,Glycolysis/gluconeogenesis,669.1 or 5223.1 or 5224.2 or 5224.1 or 669.2,0.05,0.95,-19.999999999999996,-19.877769201080618,True,optimal,121.40061184067451,0.9356234073638916,121.4006118406745,12.214711883673013,6.070030592033725,2.035785313945502,9.938884600540316,20.0,0.0,0.0,2183.284096060749,aerobic,pfba,fva_informed,recon3d
PGM,Phosphoglycerate Mutase,Glycolysis/gluconeogenesis,669.1 or 5223.1 or 5224.2 or 5224.1 or 669.2,0.1,0.9,-19.999999999999996,-18.831570822076376,True,optimal,120.35441346167028,0.9321763515472412,120.35441346167023,12.78219587721039,6.017720673083511,2.1303659795350645,9.415785411038202,20.0,0.0,0.0,2169.6835171336934,aerobic,pfba,fva_informed,recon3d
PGM,Phosphoglycerate Mutase,Glycolysis/gluconeogenesis,669.1 or 5223.1 or 5224.2 or 5224.1 or 669.2,0.15,0.85,-19.999999999999996,-17.785372443072134,True,optimal,119.30821508266604,0.8603165149688721,119.30821508266604,13.416442693516899,5.965410754133302,2.2360737822528165,8.892686221536072,20.0,0.0,0.0,2156.08293820664,aerobic,pfba,fva_informed,recon3d
PGM,Phosphoglycerate Mutase,Glycolysis/gluconeogenesis,669.1 or 5223.1 or 5224.2 or 5224.1 or 669.2,0.2,0.8,-19.999999999999996,-16.739174064067893,True,optimal,118.26201670366176,0.7290642261505127,118.26201670366177,14.12997036186172,5.913100835183089,2.3549950603102863,8.369587032033941,20.0,0.0,0.0,2142.4823592795838,aerobic,pfba,fva_informed,recon3d
PGM,Phosphoglycerate Mutase,Glycolysis/gluconeogenesis,669.1 or 5223.1 or 5224.2 or 5224.1 or 669.2,0.25,0.75,-19.999999999999996,-15.692975685063647,True,optimal,117.2158183246575,0.61995530128479,117.21581832465755,14.938635052652488,5.860790916232878,2.489772508775415,7.846487842531827,20.0,0.0,0.0,2128.8817803525267,aerobic,pfba,fva_informed,recon3d
PGM,Phosphoglycerate Mutase,Glycolysis/gluconeogenesis,669.1 or 5223.1 or 5224.2 or 5224.1 or 669.2,0.3,0.7,-19.999999999999996,-14.646777306059404,True,optimal,116.16961994565331,0.9281690120697021,116.16961994565325,15.862823270699067,5.808480997282663,2.6438038784498445,7.323388653029714,20.0,0.0,0.0,2115.281201425471,aerobic,pfba,fva_informed,recon3d
PGM,Phosphoglycerate Mutase,Glycolysis/gluconeogenesis,669.1 or 5223.1 or 5224.2 or 5224.1 or 669.2,0.35,0.65,-19.999999999999996,-13.600578927055162,True,optimal,115.12342156664899,0.7330262660980225,115.12342156664909,16.929194291521995,5.7561710783324544,2.8215323819203326,6.800289463527627,20.0,0.0,0.0,2101.68062249842,aerobic,pfba,fva_informed,recon3d
PGM,Phosphoglycerate Mutase,Glycolysis/gluconeogenesis,669.1 or 5223.1 or 5224.2 or 5224.1 or 669.2,0.4,0.6,-19.999999999999996,-12.554380548050917,True,optimal,114.07722318764486,0.7795088291168213,114.07722318764478,18.173293815815633,5.703861159382239,3.028882302635939,6.277190274025451,20.0,0.0,0.0,2088.0800435713622,aerobic,pfba,fva_informed,recon3d
PGM,Phosphoglycerate Mutase,Glycolysis/gluconeogenesis,669.1 or 5223.1 or 5224.2 or 5224.1 or 669.2,0.45,0.55,-19.999999999999996,-11.508182169046675,True,optimal,113.03102480864068,0.7191903591156006,113.03102480864055,19.64359325361705,5.651551240432028,3.2739322089361744,5.754091084523333,20.0,0.0,0.0,2074.4794646443083,aerobic,pfba,fva_informed,recon3d
PGM,Phosphoglycerate Mutase,Glycolysis/gluconeogenesis,669.1 or 5223.1 or 5224.2 or 5224.1 or 669.2,0.5,0.5,-19.999999999999996,-10.461983790042432,True,optimal,111.98482642963639,0.7426419258117676,111.98482642963637,21.40795257897871,5.599241321481818,3.5679920964964515,5.2309918950212255,20.0,0.0,0.0,2060.878885717255,aerobic,pfba,fva_informed,recon3d
PGM,Phosphoglycerate Mutase,Glycolysis/gluconeogenesis,669.1 or 5223.1 or 5224.2 or 5224.1 or 669.2,0.55,0.44999999999999996,-19.999999999999996,-9.415785411038188,True,optimal,110.93862805063209,0.9698245525360107,110.93862805063215,23.564391754420793,5.546931402531607,3.927398625736799,4.707892705519103,20.0,0.0,0.0,2047.2783067901992,aerobic,pfba,fva_informed,recon3d
PGM,Phosphoglycerate Mutase,Glycolysis/gluconeogenesis,669.1 or 5223.1 or 5224.2 or 5224.1 or 669.2,0.6,0.4,-19.999999999999996,-8.369587032033946,True,optimal,109.89242967162785,0.7485082149505615,109.89242967162787,26.259940723723115,5.494621483581393,4.376656787287186,4.184793516017023,20.0,0.0,0.0,2033.6777278631457,aerobic,pfba,fva_informed,recon3d
PGM,Phosphoglycerate Mutase,Glycolysis/gluconeogenesis,669.1 or 5223.1 or 5224.2 or 5224.1 or 669.2,0.65,0.35,-19.999999999999996,-7.323388653029702,True,optimal,108.84623129262363,0.9674766063690186,108.84623129262364,29.72564654139814,5.442311564631182,4.954274423566357,3.66169432651486,20.0,0.0,0.0,2020.0771489360886,aerobic,pfba,fva_informed,recon3d
PGM,Phosphoglycerate Mutase,Glycolysis/gluconeogenesis,669.1 or 5223.1 or 5224.2 or 5224.1 or 669.2,0.7,0.30000000000000004,-19.999999999999996,-6.27719027402546,True,optimal,107.80003291361945,0.8120427131652832,107.80003291361946,31.854909725974206,5.390001645680973,5.309151620995701,3.384094754653167,20.0,0.0,0.0,2011.8775615971235,aerobic,pfba,fva_informed,recon3d
PGM,Phosphoglycerate Mutase,Glycolysis/gluconeogenesis,669.1 or 5223.1 or 5224.2 or 5224.1 or 669.2,0.75,0.25,-19.999999999999996,-5.230991895021216,True,optimal,106.75383453461514,0.8019871711730957,106.75383453461514,31.54575810497875,5.337691726730757,5.257626350829792,3.384094754653133,20.0,0.0,0.0,2009.7851648391127,aerobic,pfba,fva_informed,recon3d
PGM,Phosphoglycerate Mutase,Glycolysis/gluconeogenesis,669.1 or 5223.1 or 5224.2 or 5224.1 or 669.2,0.8,0.19999999999999996,-19.999999999999996,-4.184793516016971,True,optimal,105.70763615561097,0.8247647285461426,105.70763615561087,31.23660648398351,5.285381807780544,5.206101080663919,3.384094754653076,20.0,0.0,0.0,2007.6927680811036,aerobic,pfba,fva_informed,recon3d
PGM,Phosphoglycerate Mutase,Glycolysis/gluconeogenesis,669.1 or 5223.1 or 5224.2 or 5224.1 or 669.2,0.85,0.15000000000000002,-19.999999999999996,-3.13859513701273,True,optimal,104.66143777660663,0.8814926147460938,104.66143777660666,30.927454862986625,5.233071888830333,5.1545758104977715,3.3840947546532005,20.0,0.0,0.0,2007.809867881863,aerobic,pfba,fva_informed,recon3d
PGM,Phosphoglycerate Mutase,Glycolysis/gluconeogenesis,669.1 or 5223.1 or 5224.2 or 5224.1 or 669.2,0.9,0.09999999999999998,-19.999999999999996,-2.0923967580084857,True,optimal,103.61523939760241,0.7749438285827637,103.61523939760245,30.6183032419905,5.180761969880122,5.10305054033175,3.3840947546532436,20.0,0.0,0.0,2015.133256534895,aerobic,pfba,fva_informed,recon3d
PGM,Phosphoglycerate Mutase,Glycolysis/gluconeogenesis,669.1 or 5223.1 or 5224.2 or 5224.1 or 669.2,0.95,0.050000000000000044,-19.999999999999996,-1.0461983790042442,True,optimal,102.56904101859814,0.7872500419616699,102.56904101859814,30.309151620995912,5.128452050929907,5.051525270165985,3.384094754653112,20.0,0.0,0.0,2022.4566451879186,aerobic,pfba,fva_informed,recon3d
PGM,Phosphoglycerate Mutase,Glycolysis/gluconeogenesis,669.1 or 5223.1 or 5224.2 or 5224.1 or 669.2,1.0,0.0,-19.999999999999996,0.0,True,optimal,101.52284263959396,0.9443135261535645,101.52284263959392,29.99999999999988,5.0761421319796955,4.9999999999999805,3.384094754653144,20.0,0.0,0.0,2029.7800338409497,aerobic,pfba,fva_informed,recon3d
TPI,Triose-Phosphate Isomerase,Glycolysis/gluconeogenesis,7167.1 or 286016.1,0.0,1.0,10.000000000000007,10.00000000000008,True,optimal,121.52284263959395,0.80458664894104,121.52284263959395,12.152284263959283,6.076142131979697,2.0253807106598805,10.000000000000092,20.0,0.0,0.0,2184.873096446704,aerobic,pfba,fva_informed,recon3d
TPI,Triose-Phosphate Isomerase,Glycolysis/gluconeogenesis,7167.1 or 286016.1,0.05,0.95,10.000000000000007,9.500000000000075,True,optimal,121.02284263959396,0.7886040210723877,121.02284263959402,12.102284263959364,6.0511421319797005,2.0170473773265605,10.000000000000032,20.0,0.0,0.0,2188.873096446702,aerobic,pfba,fva_informed,recon3d
TPI,Triose-Phosphate Isomerase,Glycolysis/gluconeogenesis,7167.1 or 286016.1,0.1,0.9,10.000000000000007,9.000000000000073,True,optimal,120.52284263959397,0.789344072341919,120.52284263959397,12.052284263959368,6.026142131979698,2.008714043993228,10.000000000000025,20.0,0.0,0.0,2192.873096446702,aerobic,pfba,fva_informed,recon3d
TPI,Triose-Phosphate Isomerase,Glycolysis/gluconeogenesis,7167.1 or 286016.1,0.15,0.85,10.000000000000007,8.500000000000068,True,optimal,120.02284263959395,0.780022382736206,120.02284263959399,12.002284263959332,6.0011421319797,2.000380710659889,10.000000000000055,20.0,0.0,0.0,2196.873096446703,aerobic,pfba,fva_informed,recon3d
TPI,Triose-Phosphate Isomerase,Glycolysis/gluconeogenesis,7167.1 or 286016.1,0.2,0.8,10.000000000000007,8.000000000000064,True,optimal,119.52284263959397,0.7899465560913086,119.52284263959392,11.952284263959392,5.976142131979696,1.9920473773265652,10.0,20.0,0.0,0.0,2200.8730964467004,aerobic,pfba,fva_informed,recon3d
TPI,Triose-Phosphate Isomerase,Glycolysis/gluconeogenesis,7167.1 or 286016.1,0.25,0.75,10.000000000000007,7.50000000000006,True,optimal,119.02284263959395,0.7796013355255127,119.02284263959393,11.902284263959423,5.951142131979696,1.983714043993237,9.999999999999975,20.0,0.0,0.0,2204.8730964467027,aerobic,pfba,fva_informed,recon3d
TPI,Triose-Phosphate Isomerase,Glycolysis/gluconeogenesis,7167.1 or 286016.1,0.3,0.7,10.000000000000007,7.000000000000055,True,optimal,118.52284263959395,0.7785866260528564,118.522842639594,11.852284263959325,5.9261421319797005,1.9753807106598875,10.000000000000064,20.0,0.0,0.0,2208.873096446706,aerobic,pfba,fva_informed,recon3d
TPI,Triose-Phosphate Isomerase,Glycolysis/gluconeogenesis,7167.1 or 286016.1,0.35,0.65,10.000000000000007,6.500000000000052,True,optimal,118.022842639594,0.7708444595336914,118.022842639594,11.802284263959317,5.9011421319797,1.9670473773265527,10.000000000000071,20.0,0.0,0.0,2212.8730964467054,aerobic,pfba,fva_informed,recon3d
TPI,Triose-Phosphate Isomerase,Glycolysis/gluconeogenesis,7167.1 or 286016.1,0.4,0.6,10.000000000000007,6.000000000000048,True,optimal,117.52284263959393,0.7836334705352783,117.52284263959388,11.752284263959533,5.876142131979694,1.9587140439932555,9.999999999999876,20.0,0.0,0.0,2216.8730964466963,aerobic,pfba,fva_informed,recon3d
TPI,Triose-Phosphate Isomerase,Glycolysis/gluconeogenesis,7167.1 or 286016.1,0.45,0.55,10.000000000000007,5.500000000000044,True,optimal,117.02284263959389,0.7720696926116943,117.02284263959393,11.702284263959394,5.851142131979697,1.950380710659899,10.0,20.0,0.0,0.0,2220.873096446701,aerobic,pfba,fva_informed,recon3d
TPI,Triose-Phosphate Isomerase,Glycolysis/gluconeogenesis,7167.1 or 286016.1,0.5,0.5,10.000000000000007,5.00000000000004,True,optimal,116.52284263959395,0.7663342952728271,116.52284263959395,11.652284263959395,5.826142131979697,1.9420473773265658,10.0,20.0,0.0,0.0,2224.873096446702,aerobic,pfba,fva_informed,recon3d
TPI,Triose-Phosphate Isomerase,Glycolysis/gluconeogenesis,7167.1 or 286016.1,0.55,0.44999999999999996,10.000000000000007,4.5000000000000355,True,optimal,116.02284263959392,0.7655589580535889,116.02284263959396,11.602284263959396,5.801142131979698,1.9337140439932328,10.0,20.0,0.0,0.0,2228.8730964467027,aerobic,pfba,fva_informed,recon3d
TPI,Triose-Phosphate Isomerase,Glycolysis/gluconeogenesis,7167.1 or 286016.1,0.6,0.4,10.000000000000007,4.000000000000032,True,optimal,115.52284263959393,0.7912659645080566,115.52284263959396,11.552284263959397,5.776142131979698,1.9253807106598992,10.0,20.0,0.0,0.0,2232.873096446706,aerobic,pfba,fva_informed,recon3d
TPI,Triose-Phosphate Isomerase,Glycolysis/gluconeogenesis,7167.1 or 286016.1,0.65,0.35,10.000000000000007,3.5000000000000275,True,optimal,115.02284263959397,0.7969276905059814,115.02284263959395,11.502284263959307,5.751142131979697,1.9170473773265513,10.000000000000076,20.0,0.0,0.0,2236.873096446704,aerobic,pfba,fva_informed,recon3d
TPI,Triose-Phosphate Isomerase,Glycolysis/gluconeogenesis,7167.1 or 286016.1,0.7,0.30000000000000004,10.000000000000007,3.0000000000000244,True,optimal,114.522842639594,0.7847592830657959,114.5228426395939,11.452284263959319,5.726142131979695,1.90871404399322,10.000000000000062,20.0,0.0,0.0,2240.873096446703,aerobic,pfba,fva_informed,recon3d
TPI,Triose-Phosphate Isomerase,Glycolysis/gluconeogenesis,7167.1 or 286016.1,0.75,0.25,10.000000000000007,2.50000000000002,True,optimal,114.02284263959389,0.7802495956420898,114.02284263959389,11.402284263959393,5.701142131979695,1.9003807106598989,9.999999999999996,20.0,0.0,0.0,2244.8730964467036,aerobic,pfba,fva_informed,recon3d
TPI,Triose-Phosphate Isomerase,Glycolysis/gluconeogenesis,7167.1 or 286016.1,0.8,0.19999999999999996,10.000000000000007,2.0000000000000155,True,optimal,113.52284263959393,0.7859840393066406,113.52284263959393,11.352284263959394,5.676142131979697,1.8920473773265656,10.0,20.0,0.0,0.0,2248.873096446705,aerobic,pfba,fva_informed,recon3d
TPI,Triose-Phosphate Isomerase,Glycolysis/gluconeogenesis,7167.1 or 286016.1,0.85,0.15000000000000002,10.000000000000007,1.5000000000000122,True,optimal,113.02284263959397,0.76175856590271,113.02284263959395,11.30228426395931,5.6511421319796975,1.8837140439932183,10.000000000000075,20.0,0.0,0.0,2252.8730964467036,aerobic,pfba,fva_informed,recon3d
TPI,Triose-Phosphate Isomerase,Glycolysis/gluconeogenesis,7167.1 or 286016.1,0.9,0.09999999999999998,10.000000000000007,1.0000000000000078,True,optimal,112.52284263959403,0.7924458980560303,112.52284263959396,11.252284263959396,5.626142131979698,1.8753807106598994,10.0,20.0,0.0,0.0,2256.873096446704,aerobic,pfba,fva_informed,recon3d
TPI,Triose-Phosphate Isomerase,Glycolysis/gluconeogenesis,7167.1 or 286016.1,0.95,0.050000000000000044,10.000000000000007,0.5000000000000044,True,optimal,112.02284263959393,0.793485164642334,112.02284263959393,11.202284263959394,5.601142131979697,1.8670473773265654,10.0,20.0,0.0,0.0,2260.873096446703,aerobic,pfba,fva_informed,recon3d
TPI,Triose-Phosphate Isomerase,Glycolysis/gluconeogenesis,7167.1 or 286016.1,1.0,0.0,10.000000000000007,0.0,True,optimal,111.52284263959393,0.7280092239379883,111.52284263959397,11.152284263959437,5.576142131979699,1.8587140439932395,9.999999999999964,20.0,0.0,0.0,2264.8730964467045,aerobic,pfba,fva_informed,recon3d
r0377,ATP:Deoxycitidine 5-Phosphotransferase,Pyrimidine catabolism,1633.1,0.0,1.0,82.74111675126969,82.74111675126944,True,optimal,121.52284263959393,0.8037879467010498,121.5228426395938,12.15228426395938,6.07614213197969,2.025380710659897,10.0,20.0,0.0,0.0,2184.8730964467186,aerobic,pfba,fva_informed,recon3d
r0377,ATP:Deoxycitidine 5-Phosphotransferase,Pyrimidine catabolism,1633.1,0.05,0.95,82.74111675126969,82.74111675126944,True,optimal,121.52284263959393,0.8083839416503906,121.5228426395938,12.15228426395938,6.07614213197969,2.025380710659897,10.0,20.0,0.0,0.0,2184.8730964467186,aerobic,pfba,fva_informed,recon3d
r0377,ATP:Deoxycitidine 5-Phosphotransferase,Pyrimidine catabolism,1633.1,0.1,0.9,82.74111675126969,82.74111675126944,True,optimal,121.52284263959393,0.8102109432220459,121.5228426395938,12.15228426395938,6.07614213197969,2.025380710659897,10.0,20.0,0.0,0.0,2184.8730964467186,aerobic,pfba,fva_informed,recon3d
r0377,ATP:Deoxycitidine 5-Phosphotransferase,Pyrimidine catabolism,1633.1,0.15,0.85,82.74111675126969,82.74111675126944,True,optimal,121.52284263959393,0.8111526966094971,121.5228426395938,12.15228426395938,6.07614213197969,2.025380710659897,10.0,20.0,0.0,0.0,2184.8730964467186,aerobic,pfba,fva_informed,recon3d
r0377,ATP:Deoxycitidine 5-Phosphotransferase,Pyrimidine catabolism,1633.1,0.2,0.8,82.74111675126969,82.74111675126944,True,optimal,121.52284263959393,0.8064250946044922,121.5228426395938,12.15228426395938,6.07614213197969,2.025380710659897,10.0,20.0,0.0,0.0,2184.8730964467186,aerobic,pfba,fva_informed,recon3d
r0377,ATP:Deoxycitidine 5-Phosphotransferase,Pyrimidine catabolism,1633.1,0.25,0.75,82.74111675126969,82.74111675126944,True,optimal,121.52284263959393,0.8091707229614258,121.5228426395938,12.15228426395938,6.07614213197969,2.025380710659897,10.0,20.0,0.0,0.0,2184.8730964467186,aerobic,pfba,fva_informed,recon3d
r0377,ATP:Deoxycitidine 5-Phosphotransferase,Pyrimidine catabolism,1633.1,0.3,0.7,82.74111675126969,82.74111675126944,True,optimal,121.52284263959393,0.8546726703643799,121.5228426395938,12.15228426395938,6.07614213197969,2.025380710659897,10.0,20.0,0.0,0.0,2184.8730964467186,aerobic,pfba,fva_informed,recon3d
r0377,ATP:Deoxycitidine 5-Phosphotransferase,Pyrimidine catabolism,1633.1,0.35,0.65,82.74111675126969,82.74111675126944,True,optimal,121.52284263959393,0.808347225189209,121.5228426395938,12.15228426395938,6.07614213197969,2.025380710659897,10.0,20.0,0.0,0.0,2184.8730964467186,aerobic,pfba,fva_informed,recon3d
r0377,ATP:Deoxycitidine 5-Phosphotransferase,Pyrimidine catabolism,1633.1,0.4,0.6,82.74111675126969,82.74111675126944,True,optimal,121.52284263959393,0.8040964603424072,121.5228426395938,12.15228426395938,6.07614213197969,2.025380710659897,10.0,20.0,0.0,0.0,2184.8730964467186,aerobic,pfba,fva_informed,recon3d
r0377,ATP:Deoxycitidine 5-Phosphotransferase,Pyrimidine catabolism,1633.1,0.45,0.55,82.74111675126969,82.74111675126944,True,optimal,121.52284263959393,0.8070905208587646,121.5228426395938,12.15228426395938,6.07614213197969,2.025380710659897,10.0,20.0,0.0,0.0,2184.8730964467186,aerobic,pfba,fva_informed,recon3d
r0377,ATP:Deoxycitidine 5-Phosphotransferase,Pyrimidine catabolism,1633.1,0.5,0.5,82.74111675126969,82.74111675126944,True,optimal,121.52284263959393,0.8026044368743896,121.5228426395938,12.15228426395938,6.07614213197969,2.025380710659897,10.0,20.0,0.0,0.0,2184.8730964467186,aerobic,pfba,fva_informed,recon3d
r0377,ATP:Deoxycitidine 5-Phosphotransferase,Pyrimidine catabolism,1633.1,0.55,0.44999999999999996,82.74111675126969,82.74111675126944,True,optimal,121.52284263959393,0.8099286556243896,121.5228426395938,12.15228426395938,6.07614213197969,2.025380710659897,10.0,20.0,0.0,0.0,2184.8730964467186,aerobic,pfba,fva_informed,recon3d
r0377,ATP:Deoxycitidine 5-Phosphotransferase,Pyrimidine catabolism,1633.1,0.6,0.4,82.74111675126969,82.74111675126944,True,optimal,121.52284263959393,0.8112478256225586,121.5228426395938,12.15228426395938,6.07614213197969,2.025380710659897,10.0,20.0,0.0,0.0,2184.8730964467186,aerobic,pfba,fva_informed,recon3d
r0377,ATP:Deoxycitidine 5-Phosphotransferase,Pyrimidine catabolism,1633.1,0.65,0.35,82.74111675126969,82.74111675126944,True,optimal,121.52284263959393,0.9228165149688721,121.5228426395938,12.15228426395938,6.07614213197969,2.025380710659897,10.0,20.0,0.0,0.0,2184.8730964467186,aerobic,pfba,fva_informed,recon3d
r0377,ATP:Deoxycitidine 5-Phosphotransferase,Pyrimidine catabolism,1633.1,0.7,0.30000000000000004,82.74111675126969,82.74111675126944,True,optimal,121.52284263959393,0.8043603897094727,121.5228426395938,12.15228426395938,6.07614213197969,2.025380710659897,10.0,20.0,0.0,0.0,2184.8730964467186,aerobic,pfba,fva_informed,recon3d
r0377,ATP:Deoxycitidine 5-Phosphotransferase,Pyrimidine catabolism,1633.1,0.75,0.25,82.74111675126969,82.74111675126944,True,optimal,121.52284263959393,0.809276819229126,121.5228426395938,12.15228426395938,6.07614213197969,2.025380710659897,10.0,20.0,0.0,0.0,2184.8730964467186,aerobic,pfba,fva_informed,recon3d
r0377,ATP:Deoxycitidine 5-Phosphotransferase,Pyrimidine catabolism,1633.1,0.8,0.19999999999999996,82.74111675126969,82.74111675126944,True,optimal,121.52284263959393,0.8068718910217285,121.5228426395938,12.15228426395938,6.07614213197969,2.025380710659897,10.0,20.0,0.0,0.0,2184.8730964467186,aerobic,pfba,fva_informed,recon3d
r0377,ATP:Deoxycitidine 5-Phosphotransferase,Pyrimidine catabolism,1633.1,0.85,0.15000000000000002,82.74111675126969,82.74111675126944,True,optimal,121.52284263959393,0.8099100589752197,121.5228426395938,12.15228426395938,6.07614213197969,2.025380710659897,10.0,20.0,0.0,0.0,2184.8730964467186,aerobic,pfba,fva_informed,recon3d
r0377,ATP:Deoxycitidine 5-Phosphotransferase,Pyrimidine catabolism,1633.1,0.9,0.09999999999999998,82.74111675126969,82.74111675126944,True,optimal,121.52284263959393,0.8098857402801514,121.5228426395938,12.15228426395938,6.07614213197969,2.025380710659897,10.0,20.0,0.0,0.0,2184.8730964467186,aerobic,pfba,fva_informed,recon3d
r0377,ATP:Deoxycitidine 5-Phosphotransferase,Pyrimidine catabolism,1633.1,0.95,0.050000000000000044,82.74111675126969,50.00000000000004,True,optimal,121.522842639594,0.8075766563415527,121.52284263959386,12.152284263959386,6.076142131979693,2.0253807106598978,10.0,20.0,0.0,0.0,2250.355329949239,aerobic,pfba,fva_informed,recon3d
r0377,ATP:Deoxycitidine 5-Phosphotransferase,Pyrimidine catabolism,1633.1,1.0,0.0,82.74111675126969,0.0,True,optimal,121.52284263959396,0.8100864887237549,121.52284263959392,12.152284263959391,6.0761421319796955,2.0253807106598987,10.0,20.0,0.0,0.0,2350.3553299492382,aerobic,pfba,fva_informed,recon3d
