reaction_id,reaction_name,subsystem,gene_association,modulation_fraction,remaining_capacity_fraction,baseline_flux,modulated_flux,feasible,solver_status,objective_value,runtime,atp_demand,atp_per_glc,atp_per_o2,atp_per_carbon,glc_uptake,o2_uptake,lac_out,lac_per_atp,total_flux,condition,state_method,mod_method,model
MAR02225,Free Diffusion,,,0.0,1.0,-12.000000000000087,-12.000000000000046,True,optimal,63.00000000000044,1.1707231998443604,63.000000000000256,31.499999999999904,5.250000000000005,5.249999999999984,2.000000000000014,12.000000000000036,0.0,0.0,620.0000000000031,glucose_limited,pfba,bound_scaling,human2
MAR02225,Free Diffusion,,,0.05,0.95,-12.000000000000087,-12.000000000000046,True,optimal,63.00000000000044,1.1621274948120117,63.000000000000256,31.499999999999904,5.250000000000005,5.249999999999984,2.000000000000014,12.000000000000036,0.0,0.0,620.0000000000031,glucose_limited,pfba,bound_scaling,human2
MAR02225,Free Diffusion,,,0.1,0.9,-12.000000000000087,-12.000000000000046,True,optimal,63.00000000000044,1.165466547012329,63.000000000000256,31.499999999999904,5.250000000000005,5.249999999999984,2.000000000000014,12.000000000000036,0.0,0.0,620.0000000000031,glucose_limited,pfba,bound_scaling,human2
MAR02225,Free Diffusion,,,0.15,0.85,-12.000000000000087,-12.000000000000046,True,optimal,63.00000000000044,1.164841651916504,63.000000000000256,31.499999999999904,5.250000000000005,5.249999999999984,2.000000000000014,12.000000000000036,0.0,0.0,620.0000000000031,glucose_limited,pfba,bound_scaling,human2
MAR02225,Free Diffusion,,,0.2,0.8,-12.000000000000087,-12.000000000000046,True,optimal,63.00000000000044,1.1653528213500977,63.000000000000256,31.499999999999904,5.250000000000005,5.249999999999984,2.000000000000014,12.000000000000036,0.0,0.0,620.0000000000031,glucose_limited,pfba,bound_scaling,human2
MAR02225,Free Diffusion,,,0.25,0.75,-12.000000000000087,-12.000000000000046,True,optimal,63.00000000000044,1.159419298171997,63.000000000000256,31.499999999999904,5.250000000000005,5.249999999999984,2.000000000000014,12.000000000000036,0.0,0.0,620.0000000000031,glucose_limited,pfba,bound_scaling,human2
MAR02225,Free Diffusion,,,0.3,0.7,-12.000000000000087,-12.000000000000046,True,optimal,63.00000000000044,1.1598234176635742,63.000000000000256,31.499999999999904,5.250000000000005,5.249999999999984,2.000000000000014,12.000000000000036,0.0,0.0,620.0000000000031,glucose_limited,pfba,bound_scaling,human2
MAR02225,Free Diffusion,,,0.35,0.65,-12.000000000000087,-12.000000000000046,True,optimal,63.00000000000044,1.1587469577789307,63.000000000000256,31.499999999999904,5.250000000000005,5.249999999999984,2.000000000000014,12.000000000000036,0.0,0.0,620.0000000000031,glucose_limited,pfba,bound_scaling,human2
MAR02225,Free Diffusion,,,0.4,0.6,-12.000000000000087,-12.000000000000046,True,optimal,63.00000000000044,1.163196086883545,63.000000000000256,31.499999999999904,5.250000000000005,5.249999999999984,2.000000000000014,12.000000000000036,0.0,0.0,620.0000000000031,glucose_limited,pfba,bound_scaling,human2
MAR02225,Free Diffusion,,,0.45,0.55,-12.000000000000087,-12.000000000000046,True,optimal,63.00000000000044,1.1623327732086182,63.000000000000256,31.499999999999904,5.250000000000005,5.249999999999984,2.000000000000014,12.000000000000036,0.0,0.0,620.0000000000031,glucose_limited,pfba,bound_scaling,human2
MAR02225,Free Diffusion,,,0.5,0.5,-12.000000000000087,-12.000000000000046,True,optimal,63.00000000000044,1.1634752750396729,63.000000000000256,31.499999999999904,5.250000000000005,5.249999999999984,2.000000000000014,12.000000000000036,0.0,0.0,620.0000000000031,glucose_limited,pfba,bound_scaling,human2
MAR02225,Free Diffusion,,,0.55,0.44999999999999996,-12.000000000000087,-12.000000000000046,True,optimal,63.00000000000044,1.182220697402954,63.000000000000256,31.499999999999904,5.250000000000005,5.249999999999984,2.000000000000014,12.000000000000036,0.0,0.0,620.0000000000031,glucose_limited,pfba,bound_scaling,human2
MAR02225,Free Diffusion,,,0.6,0.4,-12.000000000000087,-5.892561675,True,optimal,62.999999999999865,1.228999137878418,63.00000000000006,31.50000000000008,5.249999999999993,5.250000000000013,1.9999999999999967,12.000000000000027,0.0,0.0,624.071625550001,glucose_limited,pfba,bound_scaling,human2
MAR02225,Free Diffusion,,,0.65,0.35,-12.000000000000087,-2.0623965862499998,True,optimal,62.99999999999989,1.1357977390289307,63.00000000000001,31.499999999999268,5.250000000000012,5.249999999999877,2.0000000000000466,11.999999999999973,0.0,0.0,626.6250689425028,glucose_limited,pfba,bound_scaling,human2
MAR02225,Free Diffusion,,,0.7,0.30000000000000004,-12.000000000000087,-0.618718975875,True,optimal,62.99999999999989,1.132051706314087,63.00000000000001,31.499999999999268,5.250000000000012,5.249999999999877,2.0000000000000466,11.999999999999973,0.0,0.0,627.5875206827527,glucose_limited,pfba,bound_scaling,human2
MAR02225,Free Diffusion,,,0.75,0.25,-12.000000000000087,-0.15467974396875,True,optimal,62.99999999999989,1.1356420516967773,63.00000000000001,31.499999999999268,5.250000000000012,5.249999999999877,2.0000000000000466,11.999999999999973,0.0,0.0,627.8968801706902,glucose_limited,pfba,bound_scaling,human2
MAR02225,Free Diffusion,,,0.8,0.19999999999999996,-12.000000000000087,-0.030935948793749994,True,optimal,62.99999999999989,1.1721272468566895,63.00000000000001,31.499999999999268,5.250000000000012,5.249999999999877,2.0000000000000466,11.999999999999973,0.0,0.0,627.9793760341403,glucose_limited,pfba,bound_scaling,human2
MAR02225,Free Diffusion,,,0.85,0.15000000000000002,-12.000000000000087,-0.0046403923190625,True,optimal,62.99999999999989,1.1258764266967773,63.00000000000001,31.499999999999268,5.250000000000012,5.249999999999877,2.0000000000000466,11.999999999999973,0.0,0.0,627.9969064051234,glucose_limited,pfba,bound_scaling,human2
MAR02225,Free Diffusion,,,0.9,0.09999999999999998,-12.000000000000087,-0.00046403923190624987,True,optimal,62.99999999999989,1.132957935333252,63.00000000000001,31.499999999999268,5.250000000000012,5.249999999999877,2.0000000000000466,11.999999999999973,0.0,0.0,627.9996906405148,glucose_limited,pfba,bound_scaling,human2
MAR02225,Free Diffusion,,,0.95,0.050000000000000044,-12.000000000000087,-2.3201961595312515e-05,True,optimal,62.99999999999989,1.1306054592132568,63.00000000000001,31.499999999999268,5.250000000000012,5.249999999999877,2.0000000000000466,11.999999999999973,0.0,0.0,627.9999845320283,glucose_limited,pfba,bound_scaling,human2
MAR02225,Free Diffusion,,,1.0,0.0,-12.000000000000087,0.0,True,optimal,63.000000000000114,1.1903188228607178,63.00000000000004,31.499999999999964,5.249999999999994,5.249999999999995,2.0000000000000036,12.000000000000023,0.0,0.0,628.0000000000017,glucose_limited,pfba,bound_scaling,human2
MAR03956,carbonate hydro-lyase (carbon-dioxide-forming),,ENSG00000169239 or ENSG00000174990,0.0,1.0,12.000000000000087,12.000000000000048,True,optimal,63.00000000000044,1.1559109687805176,63.000000000000256,31.499999999999904,5.250000000000005,5.249999999999984,2.000000000000014,12.000000000000036,0.0,0.0,620.0000000000031,glucose_limited,pfba,bound_scaling,human2
MAR03956,carbonate hydro-lyase (carbon-dioxide-forming),,ENSG00000169239 or ENSG00000174990,0.05,0.95,12.000000000000087,12.000000000000048,True,optimal,63.00000000000044,1.1709399223327637,63.000000000000256,31.499999999999904,5.250000000000005,5.249999999999984,2.000000000000014,12.000000000000036,0.0,0.0,620.0000000000031,glucose_limited,pfba,bound_scaling,human2
MAR03956,carbonate hydro-lyase (carbon-dioxide-forming),,ENSG00000169239 or ENSG00000174990,0.1,0.9,12.000000000000087,12.000000000000048,True,optimal,63.00000000000044,1.1806013584136963,63.000000000000256,31.499999999999904,5.250000000000005,5.249999999999984,2.000000000000014,12.000000000000036,0.0,0.0,620.0000000000031,glucose_limited,pfba,bound_scaling,human2
MAR03956,carbonate hydro-lyase (carbon-dioxide-forming),,ENSG00000169239 or ENSG00000174990,0.15,0.85,12.000000000000087,12.000000000000048,True,optimal,63.00000000000044,1.166003942489624,63.000000000000256,31.499999999999904,5.250000000000005,5.249999999999984,2.000000000000014,12.000000000000036,0.0,0.0,620.0000000000031,glucose_limited,pfba,bound_scaling,human2
MAR03956,carbonate hydro-lyase (carbon-dioxide-forming),,ENSG00000169239 or ENSG00000174990,0.2,0.8,12.000000000000087,12.000000000000048,True,optimal,63.00000000000044,1.1697089672088623,63.000000000000256,31.499999999999904,5.250000000000005,5.249999999999984,2.000000000000014,12.000000000000036,0.0,0.0,620.0000000000031,glucose_limited,pfba,bound_scaling,human2
MAR03956,carbonate hydro-lyase (carbon-dioxide-forming),,ENSG00000169239 or ENSG00000174990,0.25,0.75,12.000000000000087,12.000000000000048,True,optimal,63.00000000000044,1.166133165359497,63.000000000000256,31.499999999999904,5.250000000000005,5.249999999999984,2.000000000000014,12.000000000000036,0.0,0.0,620.0000000000031,glucose_limited,pfba,bound_scaling,human2
MAR03956,carbonate hydro-lyase (carbon-dioxide-forming),,ENSG00000169239 or ENSG00000174990,0.3,0.7,12.000000000000087,12.000000000000048,True,optimal,63.00000000000044,1.2414789199829102,63.000000000000256,31.499999999999904,5.250000000000005,5.249999999999984,2.000000000000014,12.000000000000036,0.0,0.0,620.0000000000031,glucose_limited,pfba,bound_scaling,human2
MAR03956,carbonate hydro-lyase (carbon-dioxide-forming),,ENSG00000169239 or ENSG00000174990,0.35,0.65,12.000000000000087,12.000000000000048,True,optimal,63.00000000000044,1.1578099727630615,63.000000000000256,31.499999999999904,5.250000000000005,5.249999999999984,2.000000000000014,12.000000000000036,0.0,0.0,620.0000000000031,glucose_limited,pfba,bound_scaling,human2
MAR03956,carbonate hydro-lyase (carbon-dioxide-forming),,ENSG00000169239 or ENSG00000174990,0.4,0.6,12.000000000000087,12.000000000000048,True,optimal,63.00000000000044,1.1649889945983887,63.000000000000256,31.499999999999904,5.250000000000005,5.249999999999984,2.000000000000014,12.000000000000036,0.0,0.0,620.0000000000031,glucose_limited,pfba,bound_scaling,human2
MAR03956,carbonate hydro-lyase (carbon-dioxide-forming),,ENSG00000169239 or ENSG00000174990,0.45,0.55,12.000000000000087,12.000000000000048,True,optimal,63.00000000000044,1.1602470874786377,63.000000000000256,31.499999999999904,5.250000000000005,5.249999999999984,2.000000000000014,12.000000000000036,0.0,0.0,620.0000000000031,glucose_limited,pfba,bound_scaling,human2
MAR03956,carbonate hydro-lyase (carbon-dioxide-forming),,ENSG00000169239 or ENSG00000174990,0.5,0.5,12.000000000000087,12.000000000000048,True,optimal,63.00000000000044,1.1620216369628906,63.000000000000256,31.499999999999904,5.250000000000005,5.249999999999984,2.000000000000014,12.000000000000036,0.0,0.0,620.0000000000031,glucose_limited,pfba,bound_scaling,human2
MAR03956,carbonate hydro-lyase (carbon-dioxide-forming),,ENSG00000169239 or ENSG00000174990,0.55,0.44999999999999996,12.000000000000087,12.000000000000048,True,optimal,63.00000000000044,1.1605768203735352,63.000000000000256,31.499999999999904,5.250000000000005,5.249999999999984,2.000000000000014,12.000000000000036,0.0,0.0,620.0000000000031,glucose_limited,pfba,bound_scaling,human2
MAR03956,carbonate hydro-lyase (carbon-dioxide-forming),,ENSG00000169239 or ENSG00000174990,0.6,0.4,12.000000000000087,5.892561675,True,optimal,62.999999999999936,1.249816656112671,63.00000000000031,31.500000000000156,5.24999999999999,5.250000000000026,2.0,12.000000000000082,0.0,0.0,624.0716255500046,glucose_limited,pfba,bound_scaling,human2
MAR03956,carbonate hydro-lyase (carbon-dioxide-forming),,ENSG00000169239 or ENSG00000174990,0.65,0.35,12.000000000000087,2.0623965862499998,True,optimal,63.00000000000001,1.1288697719573975,63.00000000000001,31.50000000000048,5.249999999999997,5.25000000000008,1.9999999999999698,12.000000000000007,0.0,0.0,626.6250689425005,glucose_limited,pfba,bound_scaling,human2
MAR03956,carbonate hydro-lyase (carbon-dioxide-forming),,ENSG00000169239 or ENSG00000174990,0.7,0.30000000000000004,12.000000000000087,0.618718975875,True,optimal,63.00000000000001,1.1348538398742676,63.00000000000001,31.500000000000483,5.249999999999997,5.250000000000081,1.9999999999999696,12.000000000000007,0.0,0.0,627.5875206827506,glucose_limited,pfba,bound_scaling,human2
MAR03956,carbonate hydro-lyase (carbon-dioxide-forming),,ENSG00000169239 or ENSG00000174990,0.75,0.25,12.000000000000087,0.15467974396875,True,optimal,63.00000000000001,1.123082160949707,63.00000000000001,31.500000000000483,5.249999999999997,5.250000000000081,1.9999999999999696,12.000000000000007,0.0,0.0,627.8968801706881,glucose_limited,pfba,bound_scaling,human2
MAR03956,carbonate hydro-lyase (carbon-dioxide-forming),,ENSG00000169239 or ENSG00000174990,0.8,0.19999999999999996,12.000000000000087,0.030935948793749994,True,optimal,63.00000000000001,1.136878252029419,63.00000000000001,31.499999999999968,5.250000000000002,5.249999999999995,2.000000000000002,11.999999999999996,0.0,0.0,627.9793760341382,glucose_limited,pfba,bound_scaling,human2
MAR03956,carbonate hydro-lyase (carbon-dioxide-forming),,ENSG00000169239 or ENSG00000174990,0.85,0.15000000000000002,12.000000000000087,0.0046403923190625,True,optimal,63.00000000000001,1.125112771987915,63.00000000000001,31.499999999999975,5.250000000000002,5.249999999999996,2.0000000000000018,11.999999999999996,0.0,0.0,627.9969064051213,glucose_limited,pfba,bound_scaling,human2
MAR03956,carbonate hydro-lyase (carbon-dioxide-forming),,ENSG00000169239 or ENSG00000174990,0.9,0.09999999999999998,12.000000000000087,0.00046403923190624987,True,optimal,63.00000000000001,1.1337313652038574,63.00000000000001,31.499999999999975,5.250000000000002,5.249999999999996,2.0000000000000018,11.999999999999996,0.0,0.0,627.9996906405128,glucose_limited,pfba,bound_scaling,human2
MAR03956,carbonate hydro-lyase (carbon-dioxide-forming),,ENSG00000169239 or ENSG00000174990,0.95,0.050000000000000044,12.000000000000087,2.3201961595312515e-05,True,optimal,62.99999999999973,1.1368565559387207,62.99999999999995,31.500000000000234,5.249999999999997,5.250000000000039,1.9999999999999836,11.999999999999996,0.0,0.0,627.9999845320256,glucose_limited,pfba,bound_scaling,human2
MAR03956,carbonate hydro-lyase (carbon-dioxide-forming),,ENSG00000169239 or ENSG00000174990,1.0,0.0,12.000000000000087,0.0,True,optimal,62.99999999999983,1.2001981735229492,63.00000000000006,31.500000000000195,5.25,5.250000000000033,1.9999999999999893,12.00000000000001,0.0,0.0,628.0000000000013,glucose_limited,pfba,bound_scaling,human2
MAR04095,Acetyl-CoA hydrolase,,ENSG00000172497,0.0,1.0,0.0,0.0,True,optimal,63.00000000000044,1.1608664989471436,63.000000000000256,31.499999999999904,5.250000000000005,5.249999999999984,2.000000000000014,12.000000000000036,0.0,0.0,620.0000000000031,glucose_limited,pfba,bound_scaling,human2
MAR04095,Acetyl-CoA hydrolase,,ENSG00000172497,0.05,0.95,0.0,0.0,True,optimal,63.00000000000044,1.17445969581604,63.000000000000256,31.499999999999904,5.250000000000005,5.249999999999984,2.000000000000014,12.000000000000036,0.0,0.0,620.0000000000031,glucose_limited,pfba,bound_scaling,human2
MAR04095,Acetyl-CoA hydrolase,,ENSG00000172497,0.1,0.9,0.0,0.0,True,optimal,63.00000000000044,1.1686439514160156,63.000000000000256,31.499999999999904,5.250000000000005,5.249999999999984,2.000000000000014,12.000000000000036,0.0,0.0,620.0000000000031,glucose_limited,pfba,bound_scaling,human2
MAR04095,Acetyl-CoA hydrolase,,ENSG00000172497,0.15,0.85,0.0,0.0,True,optimal,63.00000000000044,1.1618967056274414,63.000000000000256,31.499999999999904,5.250000000000005,5.249999999999984,2.000000000000014,12.000000000000036,0.0,0.0,620.0000000000031,glucose_limited,pfba,bound_scaling,human2
MAR04095,Acetyl-CoA hydrolase,,ENSG00000172497,0.2,0.8,0.0,0.0,True,optimal,63.00000000000044,1.187713384628296,63.000000000000256,31.499999999999904,5.250000000000005,5.249999999999984,2.000000000000014,12.000000000000036,0.0,0.0,620.0000000000031,glucose_limited,pfba,bound_scaling,human2
MAR04095,Acetyl-CoA hydrolase,,ENSG00000172497,0.25,0.75,0.0,0.0,True,optimal,63.00000000000044,1.1617660522460938,63.000000000000256,31.499999999999904,5.250000000000005,5.249999999999984,2.000000000000014,12.000000000000036,0.0,0.0,620.0000000000031,glucose_limited,pfba,bound_scaling,human2
MAR04095,Acetyl-CoA hydrolase,,ENSG00000172497,0.3,0.7,0.0,0.0,True,optimal,63.00000000000044,1.1647675037384033,63.000000000000256,31.499999999999904,5.250000000000005,5.249999999999984,2.000000000000014,12.000000000000036,0.0,0.0,620.0000000000031,glucose_limited,pfba,bound_scaling,human2
MAR04095,Acetyl-CoA hydrolase,,ENSG00000172497,0.35,0.65,0.0,0.0,True,optimal,63.00000000000044,1.1692891120910645,63.000000000000256,31.499999999999904,5.250000000000005,5.249999999999984,2.000000000000014,12.000000000000036,0.0,0.0,620.0000000000031,glucose_limited,pfba,bound_scaling,human2
MAR04095,Acetyl-CoA hydrolase,,ENSG00000172497,0.4,0.6,0.0,0.0,True,optimal,63.00000000000044,1.1661345958709717,63.000000000000256,31.499999999999904,5.250000000000005,5.249999999999984,2.000000000000014,12.000000000000036,0.0,0.0,620.0000000000031,glucose_limited,pfba,bound_scaling,human2
MAR04095,Acetyl-CoA hydrolase,,ENSG00000172497,0.45,0.55,0.0,0.0,True,optimal,63.00000000000044,1.1632506847381592,63.000000000000256,31.499999999999904,5.250000000000005,5.249999999999984,2.000000000000014,12.000000000000036,0.0,0.0,620.0000000000031,glucose_limited,pfba,bound_scaling,human2
MAR04095,Acetyl-CoA hydrolase,,ENSG00000172497,0.5,0.5,0.0,0.0,True,optimal,63.00000000000044,1.1604681015014648,63.000000000000256,31.499999999999904,5.250000000000005,5.249999999999984,2.000000000000014,12.000000000000036,0.0,0.0,620.0000000000031,glucose_limited,pfba,bound_scaling,human2
MAR04095,Acetyl-CoA hydrolase,,ENSG00000172497,0.55,0.44999999999999996,0.0,0.0,True,optimal,63.00000000000044,1.1612207889556885,63.000000000000256,31.499999999999904,5.250000000000005,5.249999999999984,2.000000000000014,12.000000000000036,0.0,0.0,620.0000000000031,glucose_limited,pfba,bound_scaling,human2
MAR04095,Acetyl-CoA hydrolase,,ENSG00000172497,0.6,0.4,0.0,0.0,True,optimal,63.00000000000044,1.1688027381896973,63.000000000000256,31.499999999999904,5.250000000000005,5.249999999999984,2.000000000000014,12.000000000000036,0.0,0.0,620.0000000000031,glucose_limited,pfba,bound_scaling,human2
MAR04095,Acetyl-CoA hydrolase,,ENSG00000172497,0.65,0.35,0.0,0.0,True,optimal,63.00000000000001,1.1070094108581543,63.00000000000001,31.50000000000067,5.249999999999994,5.250000000000112,1.9999999999999576,12.000000000000016,0.0,0.0,620.0000000000014,glucose_limited,pfba,bound_scaling,human2
MAR04095,Acetyl-CoA hydrolase,,ENSG00000172497,0.7,0.30000000000000004,0.0,0.0,True,optimal,63.00000000000006,1.0939674377441406,63.000000000000256,31.499999999999723,5.2499999999999964,5.249999999999954,2.0000000000000258,12.000000000000057,0.0,0.0,620.0000000000045,glucose_limited,pfba,bound_scaling,human2
MAR04095,Acetyl-CoA hydrolase,,ENSG00000172497,0.75,0.25,0.0,0.0,True,optimal,62.999999999999865,1.0968434810638428,62.99999999999976,31.499999999999762,5.2500000000000036,5.24999999999996,2.0000000000000075,11.999999999999945,0.0,0.0,619.999999999999,glucose_limited,pfba,bound_scaling,human2
MAR04095,Acetyl-CoA hydrolase,,ENSG00000172497,0.8,0.19999999999999996,0.0,0.0,True,optimal,63.00000000000017,1.0991034507751465,63.00000000000004,31.499999999999993,5.249999999999998,5.249999999999999,2.0000000000000018,12.000000000000012,0.0,0.0,620.0000000000031,glucose_limited,pfba,bound_scaling,human2
MAR04095,Acetyl-CoA hydrolase,,ENSG00000172497,0.85,0.15000000000000002,0.0,0.0,True,optimal,63.00000000000001,1.1188676357269287,63.000000000000185,31.499999999999847,5.2500000000000036,5.249999999999975,2.0000000000000155,12.000000000000027,0.0,0.0,620.0000000000025,glucose_limited,pfba,bound_scaling,human2
MAR04095,Acetyl-CoA hydrolase,,ENSG00000172497,0.9,0.09999999999999998,0.0,0.0,True,optimal,62.99999999999992,1.111372947692871,63.00000000000006,31.499999999999226,5.250000000000002,5.249999999999871,2.000000000000051,12.000000000000007,0.0,0.0,620.0000000000049,glucose_limited,pfba,bound_scaling,human2
MAR04095,Acetyl-CoA hydrolase,,ENSG00000172497,0.95,0.050000000000000044,0.0,0.0,True,optimal,63.00000000000007,1.0864050388336182,63.00000000000008,31.500000000000057,5.249999999999999,5.25000000000001,1.999999999999999,12.000000000000016,0.0,0.0,620.000000000001,glucose_limited,pfba,bound_scaling,human2
MAR04095,Acetyl-CoA hydrolase,,ENSG00000172497,1.0,0.0,0.0,0.0,True,optimal,63.00000000000002,1.4064018726348877,63.00000000000016,31.50000000000008,5.25,5.250000000000013,2.0,12.00000000000003,0.0,0.0,620.000000000002,glucose_limited,pfba,bound_scaling,human2
MAR04280,(S)-Lactate:NAD+ oxidoreductase,,ENSG00000111716 or ENSG00000171989,0.0,1.0,-4.000000000000007,-3.9999999999999902,True,optimal,63.00000000000044,1.1636147499084473,63.000000000000256,31.499999999999904,5.250000000000005,5.249999999999984,2.000000000000014,12.000000000000036,0.0,0.0,620.0000000000031,glucose_limited,pfba,bound_scaling,human2
MAR04280,(S)-Lactate:NAD+ oxidoreductase,,ENSG00000111716 or ENSG00000171989,0.05,0.95,-4.000000000000007,-3.9999999999999902,True,optimal,63.00000000000044,1.160658836364746,63.000000000000256,31.499999999999904,5.250000000000005,5.249999999999984,2.000000000000014,12.000000000000036,0.0,0.0,620.0000000000031,glucose_limited,pfba,bound_scaling,human2
MAR04280,(S)-Lactate:NAD+ oxidoreductase,,ENSG00000111716 or ENSG00000171989,0.1,0.9,-4.000000000000007,-3.9999999999999902,True,optimal,63.00000000000044,1.1763086318969727,63.000000000000256,31.499999999999904,5.250000000000005,5.249999999999984,2.000000000000014,12.000000000000036,0.0,0.0,620.0000000000031,glucose_limited,pfba,bound_scaling,human2
MAR04280,(S)-Lactate:NAD+ oxidoreductase,,ENSG00000111716 or ENSG00000171989,0.15,0.85,-4.000000000000007,-3.9999999999999902,True,optimal,63.00000000000044,1.1672170162200928,63.000000000000256,31.499999999999904,5.250000000000005,5.249999999999984,2.000000000000014,12.000000000000036,0.0,0.0,620.0000000000031,glucose_limited,pfba,bound_scaling,human2
MAR04280,(S)-Lactate:NAD+ oxidoreductase,,ENSG00000111716 or ENSG00000171989,0.2,0.8,-4.000000000000007,-3.9999999999999902,True,optimal,63.00000000000044,1.1717326641082764,63.000000000000256,31.499999999999904,5.250000000000005,5.249999999999984,2.000000000000014,12.000000000000036,0.0,0.0,620.0000000000031,glucose_limited,pfba,bound_scaling,human2
MAR04280,(S)-Lactate:NAD+ oxidoreductase,,ENSG00000111716 or ENSG00000171989,0.25,0.75,-4.000000000000007,-3.9999999999999902,True,optimal,63.00000000000044,1.1831161975860596,63.000000000000256,31.499999999999904,5.250000000000005,5.249999999999984,2.000000000000014,12.000000000000036,0.0,0.0,620.0000000000031,glucose_limited,pfba,bound_scaling,human2
MAR04280,(S)-Lactate:NAD+ oxidoreductase,,ENSG00000111716 or ENSG00000171989,0.3,0.7,-4.000000000000007,-3.9999999999999902,True,optimal,63.00000000000044,1.1528434753417969,63.000000000000256,31.499999999999904,5.250000000000005,5.249999999999984,2.000000000000014,12.000000000000036,0.0,0.0,620.0000000000031,glucose_limited,pfba,bound_scaling,human2
MAR04280,(S)-Lactate:NAD+ oxidoreductase,,ENSG00000111716 or ENSG00000171989,0.35,0.65,-4.000000000000007,-3.9999999999999902,True,optimal,63.00000000000044,1.148789405822754,63.000000000000256,31.499999999999904,5.250000000000005,5.249999999999984,2.000000000000014,12.000000000000036,0.0,0.0,620.0000000000031,glucose_limited,pfba,bound_scaling,human2
MAR04280,(S)-Lactate:NAD+ oxidoreductase,,ENSG00000111716 or ENSG00000171989,0.4,0.6,-4.000000000000007,-3.9999999999999902,True,optimal,63.00000000000044,1.1424226760864258,63.000000000000256,31.499999999999904,5.250000000000005,5.249999999999984,2.000000000000014,12.000000000000036,0.0,0.0,620.0000000000031,glucose_limited,pfba,bound_scaling,human2
MAR04280,(S)-Lactate:NAD+ oxidoreductase,,ENSG00000111716 or ENSG00000171989,0.45,0.55,-4.000000000000007,-3.9999999999999902,True,optimal,63.00000000000044,1.1389555931091309,63.000000000000256,31.499999999999904,5.250000000000005,5.249999999999984,2.000000000000014,12.000000000000036,0.0,0.0,620.0000000000031,glucose_limited,pfba,bound_scaling,human2
MAR04280,(S)-Lactate:NAD+ oxidoreductase,,ENSG00000111716 or ENSG00000171989,0.5,0.5,-4.000000000000007,-3.9999999999999902,True,optimal,63.00000000000044,1.1469569206237793,63.000000000000256,31.499999999999904,5.250000000000005,5.249999999999984,2.000000000000014,12.000000000000036,0.0,0.0,620.0000000000031,glucose_limited,pfba,bound_scaling,human2
MAR04280,(S)-Lactate:NAD+ oxidoreductase,,ENSG00000111716 or ENSG00000171989,0.55,0.44999999999999996,-4.000000000000007,-3.9999999999999902,True,optimal,63.00000000000044,1.1472527980804443,63.000000000000256,31.499999999999904,5.250000000000005,5.249999999999984,2.000000000000014,12.000000000000036,0.0,0.0,620.0000000000031,glucose_limited,pfba,bound_scaling,human2
MAR04280,(S)-Lactate:NAD+ oxidoreductase,,ENSG00000111716 or ENSG00000171989,0.6,0.4,-4.000000000000007,-3.9999999999999902,True,optimal,63.00000000000044,1.1844940185546875,63.000000000000256,31.499999999999904,5.250000000000005,5.249999999999984,2.000000000000014,12.000000000000036,0.0,0.0,620.0000000000031,glucose_limited,pfba,bound_scaling,human2
MAR04280,(S)-Lactate:NAD+ oxidoreductase,,ENSG00000111716 or ENSG00000171989,0.65,0.35,-4.000000000000007,-2.0623965862499998,True,optimal,63.00000000000044,1.1478400230407715,63.000000000000256,31.49999999999996,5.250000000000002,5.249999999999994,2.0000000000000107,12.000000000000044,0.0,0.0,621.9376034137529,glucose_limited,pfba,bound_scaling,human2
MAR04280,(S)-Lactate:NAD+ oxidoreductase,,ENSG00000111716 or ENSG00000171989,0.7,0.30000000000000004,-4.000000000000007,-0.618718975875,True,optimal,63.00000000000044,1.1552801132202148,63.000000000000256,31.49999999999996,5.250000000000003,5.249999999999994,2.0000000000000107,12.000000000000043,0.0,0.0,623.3812810241278,glucose_limited,pfba,bound_scaling,human2
MAR04280,(S)-Lactate:NAD+ oxidoreductase,,ENSG00000111716 or ENSG00000171989,0.75,0.25,-4.000000000000007,-0.15467974396875,True,optimal,63.00000000000044,1.1535096168518066,63.000000000000256,31.49999999999996,5.250000000000002,5.249999999999994,2.0000000000000107,12.000000000000044,0.0,0.0,623.8453202560341,glucose_limited,pfba,bound_scaling,human2
MAR04280,(S)-Lactate:NAD+ oxidoreductase,,ENSG00000111716 or ENSG00000171989,0.8,0.19999999999999996,-4.000000000000007,-0.030935948793749994,True,optimal,63.00000000000044,1.1543478965759277,63.000000000000256,31.49999999999996,5.250000000000003,5.249999999999994,2.0000000000000107,12.000000000000043,0.0,0.0,623.9690640512092,glucose_limited,pfba,bound_scaling,human2
MAR04280,(S)-Lactate:NAD+ oxidoreductase,,ENSG00000111716 or ENSG00000171989,0.85,0.15000000000000002,-4.000000000000007,-0.0046403923190625,True,optimal,63.00000000000044,1.1454813480377197,63.000000000000256,31.49999999999996,5.25,5.249999999999994,2.0000000000000107,12.000000000000048,0.0,0.0,623.9953596076838,glucose_limited,pfba,bound_scaling,human2
MAR04280,(S)-Lactate:NAD+ oxidoreductase,,ENSG00000111716 or ENSG00000171989,0.9,0.09999999999999998,-4.000000000000007,-0.00046403923190624987,True,optimal,63.00000000000044,1.1643400192260742,63.000000000000256,31.49999999999996,5.250000000000002,5.249999999999994,2.0000000000000107,12.000000000000044,0.0,0.0,623.999535960771,glucose_limited,pfba,bound_scaling,human2
MAR04280,(S)-Lactate:NAD+ oxidoreductase,,ENSG00000111716 or ENSG00000171989,0.95,0.050000000000000044,-4.000000000000007,-2.3201961595312515e-05,True,optimal,63.00000000000044,1.161024808883667,63.000000000000256,31.49999999999996,5.250000000000002,5.249999999999994,2.0000000000000107,12.000000000000044,0.0,0.0,623.9999767980412,glucose_limited,pfba,bound_scaling,human2
MAR04280,(S)-Lactate:NAD+ oxidoreductase,,ENSG00000111716 or ENSG00000171989,1.0,0.0,-4.000000000000007,0.0,True,optimal,63.00000000000007,1.1913018226623535,63.00000000000036,31.499999999999748,5.249999999999996,5.249999999999958,2.0000000000000275,12.00000000000008,0.0,0.0,624.000000000005,glucose_limited,pfba,bound_scaling,human2
MAR04363,2-phospho-D-glycerate hydro-lyase (phosphoenolpyruvate-forming),,ENSG00000074800 or ENSG00000108515 or ENSG00000111674,0.0,1.0,4.000000000000024,4.000000000000008,True,optimal,63.00000000000044,1.1575424671173096,63.000000000000256,31.499999999999904,5.250000000000005,5.249999999999984,2.000000000000014,12.000000000000036,0.0,0.0,620.0000000000031,glucose_limited,pfba,bound_scaling,human2
MAR04363,2-phospho-D-glycerate hydro-lyase (phosphoenolpyruvate-forming),,ENSG00000074800 or ENSG00000108515 or ENSG00000111674,0.05,0.95,4.000000000000024,4.000000000000008,True,optimal,63.00000000000044,1.157975196838379,63.000000000000256,31.499999999999904,5.250000000000005,5.249999999999984,2.000000000000014,12.000000000000036,0.0,0.0,620.0000000000031,glucose_limited,pfba,bound_scaling,human2
MAR04363,2-phospho-D-glycerate hydro-lyase (phosphoenolpyruvate-forming),,ENSG00000074800 or ENSG00000108515 or ENSG00000111674,0.1,0.9,4.000000000000024,4.000000000000008,True,optimal,63.00000000000044,1.1965787410736084,63.000000000000256,31.499999999999904,5.250000000000005,5.249999999999984,2.000000000000014,12.000000000000036,0.0,0.0,620.0000000000031,glucose_limited,pfba,bound_scaling,human2
MAR04363,2-phospho-D-glycerate hydro-lyase (phosphoenolpyruvate-forming),,ENSG00000074800 or ENSG00000108515 or ENSG00000111674,0.15,0.85,4.000000000000024,4.000000000000008,True,optimal,63.00000000000044,1.159468173980713,63.000000000000256,31.499999999999904,5.250000000000005,5.249999999999984,2.000000000000014,12.000000000000036,0.0,0.0,620.0000000000031,glucose_limited,pfba,bound_scaling,human2
MAR04363,2-phospho-D-glycerate hydro-lyase (phosphoenolpyruvate-forming),,ENSG00000074800 or ENSG00000108515 or ENSG00000111674,0.2,0.8,4.000000000000024,4.000000000000008,True,optimal,63.00000000000044,1.1633594036102295,63.000000000000256,31.499999999999904,5.250000000000005,5.249999999999984,2.000000000000014,12.000000000000036,0.0,0.0,620.0000000000031,glucose_limited,pfba,bound_scaling,human2
MAR04363,2-phospho-D-glycerate hydro-lyase (phosphoenolpyruvate-forming),,ENSG00000074800 or ENSG00000108515 or ENSG00000111674,0.25,0.75,4.000000000000024,4.000000000000008,True,optimal,63.00000000000044,1.1634986400604248,63.000000000000256,31.499999999999904,5.250000000000005,5.249999999999984,2.000000000000014,12.000000000000036,0.0,0.0,620.0000000000031,glucose_limited,pfba,bound_scaling,human2
MAR04363,2-phospho-D-glycerate hydro-lyase (phosphoenolpyruvate-forming),,ENSG00000074800 or ENSG00000108515 or ENSG00000111674,0.3,0.7,4.000000000000024,4.000000000000008,True,optimal,63.00000000000044,1.1582229137420654,63.000000000000256,31.499999999999904,5.250000000000005,5.249999999999984,2.000000000000014,12.000000000000036,0.0,0.0,620.0000000000031,glucose_limited,pfba,bound_scaling,human2
MAR04363,2-phospho-D-glycerate hydro-lyase (phosphoenolpyruvate-forming),,ENSG00000074800 or ENSG00000108515 or ENSG00000111674,0.35,0.65,4.000000000000024,4.000000000000008,True,optimal,63.00000000000044,1.2097113132476807,63.000000000000256,31.499999999999904,5.250000000000005,5.249999999999984,2.000000000000014,12.000000000000036,0.0,0.0,620.0000000000031,glucose_limited,pfba,bound_scaling,human2
MAR04363,2-phospho-D-glycerate hydro-lyase (phosphoenolpyruvate-forming),,ENSG00000074800 or ENSG00000108515 or ENSG00000111674,0.4,0.6,4.000000000000024,4.000000000000008,True,optimal,63.00000000000044,1.1598083972930908,63.000000000000256,31.499999999999904,5.250000000000005,5.249999999999984,2.000000000000014,12.000000000000036,0.0,0.0,620.0000000000031,glucose_limited,pfba,bound_scaling,human2
MAR04363,2-phospho-D-glycerate hydro-lyase (phosphoenolpyruvate-forming),,ENSG00000074800 or ENSG00000108515 or ENSG00000111674,0.45,0.55,4.000000000000024,4.000000000000008,True,optimal,63.00000000000044,1.1663188934326172,63.000000000000256,31.499999999999904,5.250000000000005,5.249999999999984,2.000000000000014,12.000000000000036,0.0,0.0,620.0000000000031,glucose_limited,pfba,bound_scaling,human2
MAR04363,2-phospho-D-glycerate hydro-lyase (phosphoenolpyruvate-forming),,ENSG00000074800 or ENSG00000108515 or ENSG00000111674,0.5,0.5,4.000000000000024,4.000000000000008,True,optimal,63.00000000000044,1.1600236892700195,63.000000000000256,31.499999999999904,5.250000000000005,5.249999999999984,2.000000000000014,12.000000000000036,0.0,0.0,620.0000000000031,glucose_limited,pfba,bound_scaling,human2
MAR04363,2-phospho-D-glycerate hydro-lyase (phosphoenolpyruvate-forming),,ENSG00000074800 or ENSG00000108515 or ENSG00000111674,0.55,0.44999999999999996,4.000000000000024,4.000000000000008,True,optimal,63.00000000000044,1.1654458045959473,63.000000000000256,31.499999999999904,5.250000000000005,5.249999999999984,2.000000000000014,12.000000000000036,0.0,0.0,620.0000000000031,glucose_limited,pfba,bound_scaling,human2
MAR04363,2-phospho-D-glycerate hydro-lyase (phosphoenolpyruvate-forming),,ENSG00000074800 or ENSG00000108515 or ENSG00000111674,0.6,0.4,4.000000000000024,4.000000000000008,True,optimal,63.00000000000044,1.1701884269714355,63.000000000000256,31.499999999999904,5.250000000000005,5.249999999999984,2.000000000000014,12.000000000000036,0.0,0.0,620.0000000000031,glucose_limited,pfba,bound_scaling,human2
MAR04363,2-phospho-D-glycerate hydro-lyase (phosphoenolpyruvate-forming),,ENSG00000074800 or ENSG00000108515 or ENSG00000111674,0.65,0.35,4.000000000000024,2.0623965862499998,True,optimal,61.54679743968745,1.1854701042175293,61.54679743968739,30.773398719843694,5.128899786640697,5.128899786640615,2.0,11.99999999999981,0.0,0.0,634.0164264565751,glucose_limited,pfba,bound_scaling,human2
MAR04363,2-phospho-D-glycerate hydro-lyase (phosphoenolpyruvate-forming),,ENSG00000074800 or ENSG00000108515 or ENSG00000111674,0.7,0.30000000000000004,4.000000000000024,0.618718975875,True,optimal,60.464039231906135,1.190295934677124,60.46403923190615,30.232019615953075,5.038669935992208,5.038669935992179,2.0,11.99999999999993,0.0,0.0,645.2049279369753,glucose_limited,pfba,bound_scaling,human2
MAR04363,2-phospho-D-glycerate hydro-lyase (phosphoenolpyruvate-forming),,ENSG00000074800 or ENSG00000108515 or ENSG00000111674,0.75,0.25,4.000000000000024,0.15467974396875,True,optimal,60.116009807976276,1.1979782581329346,60.11600980797623,30.058004903988117,5.009667483998066,5.00966748399802,2.0,11.999999999999888,0.0,0.0,648.8012319842419,glucose_limited,pfba,bound_scaling,human2
MAR04363,2-phospho-D-glycerate hydro-lyase (phosphoenolpyruvate-forming),,ENSG00000074800 or ENSG00000108515 or ENSG00000111674,0.8,0.19999999999999996,4.000000000000024,0.030935948793749994,True,optimal,60.023201961595454,1.2338488101959229,60.023201961595255,30.011600980797628,5.001933496799581,5.001933496799604,2.0,12.000000000000055,0.0,0.0,649.7602463968474,glucose_limited,pfba,bound_scaling,human2
MAR04363,2-phospho-D-glycerate hydro-lyase (phosphoenolpyruvate-forming),,ENSG00000074800 or ENSG00000108515 or ENSG00000111674,0.85,0.15000000000000002,4.000000000000024,0.0046403923190625,True,optimal,60.00348029423937,1.2133097648620605,60.00348029423912,30.00174014711956,5.000290024519934,5.000290024519926,2.0,11.999999999999982,0.0,0.0,649.9640369595252,glucose_limited,pfba,bound_scaling,human2
MAR04363,2-phospho-D-glycerate hydro-lyase (phosphoenolpyruvate-forming),,ENSG00000074800 or ENSG00000108515 or ENSG00000111674,0.9,0.09999999999999998,4.000000000000024,0.00046403923190624987,True,optimal,60.00034802942392,1.2919940948486328,60.000348029424025,30.000174014712012,5.000029002451989,5.000029002452002,2.0,12.00000000000003,0.0,0.0,649.996403695955,glucose_limited,pfba,bound_scaling,human2
MAR04363,2-phospho-D-glycerate hydro-lyase (phosphoenolpyruvate-forming),,ENSG00000074800 or ENSG00000108515 or ENSG00000111674,0.95,0.050000000000000044,4.000000000000024,2.3201961595312515e-05,True,optimal,60.00001740147128,1.2175142765045166,60.00001740147105,30.000008700735524,5.0000014501225944,5.000001450122587,2.0,11.999999999999984,0.0,0.0,649.9998201847959,glucose_limited,pfba,bound_scaling,human2
MAR04363,2-phospho-D-glycerate hydro-lyase (phosphoenolpyruvate-forming),,ENSG00000074800 or ENSG00000108515 or ENSG00000111674,1.0,0.0,4.000000000000024,0.0,True,optimal,59.99999999999927,1.419325828552246,60.00000000000011,30.000000000000053,5.000000000000006,5.000000000000009,2.0,12.000000000000007,0.0,0.0,650.000000000025,glucose_limited,pfba,bound_scaling,human2
MAR04365,"D-phosphoglycerate 2,3-phosphomutase",,ENSG00000164708 or ENSG00000171314 or ENSG00000172331 or ENSG00000226784,0.0,1.0,-4.000000000000024,-4.000000000000007,True,optimal,63.00000000000044,1.1623992919921875,63.000000000000256,31.499999999999904,5.250000000000005,5.249999999999984,2.000000000000014,12.000000000000036,0.0,0.0,620.0000000000031,glucose_limited,pfba,bound_scaling,human2
MAR04365,"D-phosphoglycerate 2,3-phosphomutase",,ENSG00000164708 or ENSG00000171314 or ENSG00000172331 or ENSG00000226784,0.05,0.95,-4.000000000000024,-4.000000000000007,True,optimal,63.00000000000044,1.1570549011230469,63.000000000000256,31.499999999999904,5.250000000000005,5.249999999999984,2.000000000000014,12.000000000000036,0.0,0.0,620.0000000000031,glucose_limited,pfba,bound_scaling,human2
MAR04365,"D-phosphoglycerate 2,3-phosphomutase",,ENSG00000164708 or ENSG00000171314 or ENSG00000172331 or ENSG00000226784,0.1,0.9,-4.000000000000024,-4.000000000000007,True,optimal,63.00000000000044,1.2349193096160889,63.000000000000256,31.499999999999904,5.250000000000005,5.249999999999984,2.000000000000014,12.000000000000036,0.0,0.0,620.0000000000031,glucose_limited,pfba,bound_scaling,human2
MAR04365,"D-phosphoglycerate 2,3-phosphomutase",,ENSG00000164708 or ENSG00000171314 or ENSG00000172331 or ENSG00000226784,0.15,0.85,-4.000000000000024,-4.000000000000007,True,optimal,63.00000000000044,1.1637303829193115,63.000000000000256,31.499999999999904,5.250000000000005,5.249999999999984,2.000000000000014,12.000000000000036,0.0,0.0,620.0000000000031,glucose_limited,pfba,bound_scaling,human2
MAR04365,"D-phosphoglycerate 2,3-phosphomutase",,ENSG00000164708 or ENSG00000171314 or ENSG00000172331 or ENSG00000226784,0.2,0.8,-4.000000000000024,-4.000000000000007,True,optimal,63.00000000000044,1.1701977252960205,63.000000000000256,31.499999999999904,5.250000000000005,5.249999999999984,2.000000000000014,12.000000000000036,0.0,0.0,620.0000000000031,glucose_limited,pfba,bound_scaling,human2
MAR04365,"D-phosphoglycerate 2,3-phosphomutase",,ENSG00000164708 or ENSG00000171314 or ENSG00000172331 or ENSG00000226784,0.25,0.75,-4.000000000000024,-4.000000000000007,True,optimal,63.00000000000044,1.1583518981933594,63.000000000000256,31.499999999999904,5.250000000000005,5.249999999999984,2.000000000000014,12.000000000000036,0.0,0.0,620.0000000000031,glucose_limited,pfba,bound_scaling,human2
MAR04365,"D-phosphoglycerate 2,3-phosphomutase",,ENSG00000164708 or ENSG00000171314 or ENSG00000172331 or ENSG00000226784,0.3,0.7,-4.000000000000024,-4.000000000000007,True,optimal,63.00000000000044,1.166999340057373,63.000000000000256,31.499999999999904,5.250000000000005,5.249999999999984,2.000000000000014,12.000000000000036,0.0,0.0,620.0000000000031,glucose_limited,pfba,bound_scaling,human2
MAR04365,"D-phosphoglycerate 2,3-phosphomutase",,ENSG00000164708 or ENSG00000171314 or ENSG00000172331 or ENSG00000226784,0.35,0.65,-4.000000000000024,-4.000000000000007,True,optimal,63.00000000000044,1.202070713043213,63.000000000000256,31.499999999999904,5.250000000000005,5.249999999999984,2.000000000000014,12.000000000000036,0.0,0.0,620.0000000000031,glucose_limited,pfba,bound_scaling,human2
MAR04365,"D-phosphoglycerate 2,3-phosphomutase",,ENSG00000164708 or ENSG00000171314 or ENSG00000172331 or ENSG00000226784,0.4,0.6,-4.000000000000024,-4.000000000000007,True,optimal,63.00000000000044,1.162524700164795,63.000000000000256,31.499999999999904,5.250000000000005,5.249999999999984,2.000000000000014,12.000000000000036,0.0,0.0,620.0000000000031,glucose_limited,pfba,bound_scaling,human2
MAR04365,"D-phosphoglycerate 2,3-phosphomutase",,ENSG00000164708 or ENSG00000171314 or ENSG00000172331 or ENSG00000226784,0.45,0.55,-4.000000000000024,-4.000000000000007,True,optimal,63.00000000000044,1.1619188785552979,63.000000000000256,31.499999999999904,5.250000000000005,5.249999999999984,2.000000000000014,12.000000000000036,0.0,0.0,620.0000000000031,glucose_limited,pfba,bound_scaling,human2
MAR04365,"D-phosphoglycerate 2,3-phosphomutase",,ENSG00000164708 or ENSG00000171314 or ENSG00000172331 or ENSG00000226784,0.5,0.5,-4.000000000000024,-4.000000000000007,True,optimal,63.00000000000044,1.1666641235351562,63.000000000000256,31.499999999999904,5.250000000000005,5.249999999999984,2.000000000000014,12.000000000000036,0.0,0.0,620.0000000000031,glucose_limited,pfba,bound_scaling,human2
MAR04365,"D-phosphoglycerate 2,3-phosphomutase",,ENSG00000164708 or ENSG00000171314 or ENSG00000172331 or ENSG00000226784,0.55,0.44999999999999996,-4.000000000000024,-4.000000000000007,True,optimal,63.00000000000044,1.1586084365844727,63.000000000000256,31.499999999999904,5.250000000000005,5.249999999999984,2.000000000000014,12.000000000000036,0.0,0.0,620.0000000000031,glucose_limited,pfba,bound_scaling,human2
MAR04365,"D-phosphoglycerate 2,3-phosphomutase",,ENSG00000164708 or ENSG00000171314 or ENSG00000172331 or ENSG00000226784,0.6,0.4,-4.000000000000024,-4.000000000000007,True,optimal,63.00000000000044,1.1633636951446533,63.000000000000256,31.499999999999904,5.250000000000005,5.249999999999984,2.000000000000014,12.000000000000036,0.0,0.0,620.0000000000031,glucose_limited,pfba,bound_scaling,human2
MAR04365,"D-phosphoglycerate 2,3-phosphomutase",,ENSG00000164708 or ENSG00000171314 or ENSG00000172331 or ENSG00000226784,0.65,0.35,-4.000000000000024,-2.0623965862499998,True,optimal,61.54679743968769,1.2286851406097412,61.54679743968775,30.773398719843875,5.128899786640668,5.128899786640646,2.0,11.999999999999948,0.0,0.0,634.0164264565925,glucose_limited,pfba,bound_scaling,human2
MAR04365,"D-phosphoglycerate 2,3-phosphomutase",,ENSG00000164708 or ENSG00000171314 or ENSG00000172331 or ENSG00000226784,0.7,0.30000000000000004,-4.000000000000024,-0.618718975875,True,optimal,60.46403923190653,1.1757314205169678,60.46403923190628,30.23201961595314,5.03866993599219,5.03866993599219,2.0,12.0,0.0,0.0,645.2049279369681,glucose_limited,pfba,bound_scaling,human2
MAR04365,"D-phosphoglycerate 2,3-phosphomutase",,ENSG00000164708 or ENSG00000171314 or ENSG00000172331 or ENSG00000226784,0.75,0.25,-4.000000000000024,-0.15467974396875,True,optimal,60.11600980797666,1.1461217403411865,60.116009807976646,30.058004903988323,5.009667483998027,5.0096674839980535,2.0,12.000000000000064,0.0,0.0,648.8012319842348,glucose_limited,pfba,bound_scaling,human2
MAR04365,"D-phosphoglycerate 2,3-phosphomutase",,ENSG00000164708 or ENSG00000171314 or ENSG00000172331 or ENSG00000226784,0.8,0.19999999999999996,-4.000000000000024,-0.030935948793749994,True,optimal,60.023201961595475,1.1830596923828125,60.0232019615954,30.0116009807977,5.001933496799598,5.001933496799617,2.0,12.000000000000044,0.0,0.0,649.7602463968451,glucose_limited,pfba,bound_scaling,human2
MAR04365,"D-phosphoglycerate 2,3-phosphomutase",,ENSG00000164708 or ENSG00000171314 or ENSG00000172331 or ENSG00000226784,0.85,0.15000000000000002,-4.000000000000024,-0.0046403923190625,True,optimal,60.0034802942394,1.1613025665283203,60.003480294239374,30.001740147119687,5.000290024519975,5.0002900245199475,2.0,11.999999999999934,0.0,0.0,649.9640369595496,glucose_limited,pfba,bound_scaling,human2
MAR04365,"D-phosphoglycerate 2,3-phosphomutase",,ENSG00000164708 or ENSG00000171314 or ENSG00000172331 or ENSG00000226784,0.9,0.09999999999999998,-4.000000000000024,-0.00046403923190624987,True,optimal,60.00034802942432,1.1877381801605225,60.00034802942394,30.00017401471197,5.0000290024519485,5.000029002451995,2.0,12.000000000000112,0.0,0.0,649.996403695935,glucose_limited,pfba,bound_scaling,human2
MAR04365,"D-phosphoglycerate 2,3-phosphomutase",,ENSG00000164708 or ENSG00000171314 or ENSG00000172331 or ENSG00000226784,0.95,0.050000000000000044,-4.000000000000024,-2.3201961595312515e-05,True,optimal,60.00001740147138,1.216756820678711,60.00001740147126,30.00000870073563,5.000001450122634,5.000001450122605,2.0,11.999999999999929,0.0,0.0,649.9998201848188,glucose_limited,pfba,bound_scaling,human2
MAR04365,"D-phosphoglycerate 2,3-phosphomutase",,ENSG00000164708 or ENSG00000171314 or ENSG00000172331 or ENSG00000226784,1.0,0.0,-4.000000000000024,0.0,True,optimal,59.999999999999766,1.5088155269622803,60.00000000000029,30.000000000000146,5.000000000000015,5.000000000000024,2.0,12.000000000000021,0.0,0.0,650.000000000053,glucose_limited,pfba,bound_scaling,human2
MAR04368,ATP:3-phospho-D-glycerate 1-phosphotransferase,,ENSG00000096006 or ENSG00000102144 or ENSG00000170950,0.0,1.0,4.000000000000024,4.000000000000007,True,optimal,63.00000000000044,1.1485888957977295,63.000000000000256,31.499999999999904,5.250000000000005,5.249999999999984,2.000000000000014,12.000000000000036,0.0,0.0,620.0000000000031,glucose_limited,pfba,bound_scaling,human2
MAR04368,ATP:3-phospho-D-glycerate 1-phosphotransferase,,ENSG00000096006 or ENSG00000102144 or ENSG00000170950,0.05,0.95,4.000000000000024,4.000000000000007,True,optimal,63.00000000000044,1.153735637664795,63.000000000000256,31.499999999999904,5.250000000000005,5.249999999999984,2.000000000000014,12.000000000000036,0.0,0.0,620.0000000000031,glucose_limited,pfba,bound_scaling,human2
MAR04368,ATP:3-phospho-D-glycerate 1-phosphotransferase,,ENSG00000096006 or ENSG00000102144 or ENSG00000170950,0.1,0.9,4.000000000000024,4.000000000000007,True,optimal,63.00000000000044,1.1939897537231445,63.000000000000256,31.499999999999904,5.250000000000005,5.249999999999984,2.000000000000014,12.000000000000036,0.0,0.0,620.0000000000031,glucose_limited,pfba,bound_scaling,human2
MAR04368,ATP:3-phospho-D-glycerate 1-phosphotransferase,,ENSG00000096006 or ENSG00000102144 or ENSG00000170950,0.15,0.85,4.000000000000024,4.000000000000007,True,optimal,63.00000000000044,1.1498043537139893,63.000000000000256,31.499999999999904,5.250000000000005,5.249999999999984,2.000000000000014,12.000000000000036,0.0,0.0,620.0000000000031,glucose_limited,pfba,bound_scaling,human2
MAR04368,ATP:3-phospho-D-glycerate 1-phosphotransferase,,ENSG00000096006 or ENSG00000102144 or ENSG00000170950,0.2,0.8,4.000000000000024,4.000000000000007,True,optimal,63.00000000000044,1.1589696407318115,63.000000000000256,31.499999999999904,5.250000000000005,5.249999999999984,2.000000000000014,12.000000000000036,0.0,0.0,620.0000000000031,glucose_limited,pfba,bound_scaling,human2
MAR04368,ATP:3-phospho-D-glycerate 1-phosphotransferase,,ENSG00000096006 or ENSG00000102144 or ENSG00000170950,0.25,0.75,4.000000000000024,4.000000000000007,True,optimal,63.00000000000044,1.15012788772583,63.000000000000256,31.499999999999904,5.250000000000005,5.249999999999984,2.000000000000014,12.000000000000036,0.0,0.0,620.0000000000031,glucose_limited,pfba,bound_scaling,human2
MAR04368,ATP:3-phospho-D-glycerate 1-phosphotransferase,,ENSG00000096006 or ENSG00000102144 or ENSG00000170950,0.3,0.7,4.000000000000024,4.000000000000007,True,optimal,63.00000000000044,1.1576030254364014,63.000000000000256,31.499999999999904,5.250000000000005,5.249999999999984,2.000000000000014,12.000000000000036,0.0,0.0,620.0000000000031,glucose_limited,pfba,bound_scaling,human2
MAR04368,ATP:3-phospho-D-glycerate 1-phosphotransferase,,ENSG00000096006 or ENSG00000102144 or ENSG00000170950,0.35,0.65,4.000000000000024,4.000000000000007,True,optimal,63.00000000000044,1.1796681880950928,63.000000000000256,31.499999999999904,5.250000000000005,5.249999999999984,2.000000000000014,12.000000000000036,0.0,0.0,620.0000000000031,glucose_limited,pfba,bound_scaling,human2
MAR04368,ATP:3-phospho-D-glycerate 1-phosphotransferase,,ENSG00000096006 or ENSG00000102144 or ENSG00000170950,0.4,0.6,4.000000000000024,4.000000000000007,True,optimal,63.00000000000044,1.1561179161071777,63.000000000000256,31.499999999999904,5.250000000000005,5.249999999999984,2.000000000000014,12.000000000000036,0.0,0.0,620.0000000000031,glucose_limited,pfba,bound_scaling,human2
MAR04368,ATP:3-phospho-D-glycerate 1-phosphotransferase,,ENSG00000096006 or ENSG00000102144 or ENSG00000170950,0.45,0.55,4.000000000000024,4.000000000000007,True,optimal,63.00000000000044,1.1630806922912598,63.000000000000256,31.499999999999904,5.250000000000005,5.249999999999984,2.000000000000014,12.000000000000036,0.0,0.0,620.0000000000031,glucose_limited,pfba,bound_scaling,human2
MAR04368,ATP:3-phospho-D-glycerate 1-phosphotransferase,,ENSG00000096006 or ENSG00000102144 or ENSG00000170950,0.5,0.5,4.000000000000024,4.000000000000007,True,optimal,63.00000000000044,1.1529877185821533,63.000000000000256,31.499999999999904,5.250000000000005,5.249999999999984,2.000000000000014,12.000000000000036,0.0,0.0,620.0000000000031,glucose_limited,pfba,bound_scaling,human2
MAR04368,ATP:3-phospho-D-glycerate 1-phosphotransferase,,ENSG00000096006 or ENSG00000102144 or ENSG00000170950,0.55,0.44999999999999996,4.000000000000024,4.000000000000007,True,optimal,63.00000000000044,1.1623632907867432,63.000000000000256,31.499999999999904,5.250000000000005,5.249999999999984,2.000000000000014,12.000000000000036,0.0,0.0,620.0000000000031,glucose_limited,pfba,bound_scaling,human2
MAR04368,ATP:3-phospho-D-glycerate 1-phosphotransferase,,ENSG00000096006 or ENSG00000102144 or ENSG00000170950,0.6,0.4,4.000000000000024,4.000000000000007,True,optimal,63.00000000000044,1.161839246749878,63.000000000000256,31.499999999999904,5.250000000000005,5.249999999999984,2.000000000000014,12.000000000000036,0.0,0.0,620.0000000000031,glucose_limited,pfba,bound_scaling,human2
MAR04368,ATP:3-phospho-D-glycerate 1-phosphotransferase,,ENSG00000096006 or ENSG00000102144 or ENSG00000170950,0.65,0.35,4.000000000000024,2.0623965862499998,True,optimal,61.54679743968821,1.2473728656768799,61.54679743968791,30.773398719843954,5.128899786640663,5.128899786640659,2.0,11.99999999999999,0.0,0.0,634.469629016922,glucose_limited,pfba,bound_scaling,human2
MAR04368,ATP:3-phospho-D-glycerate 1-phosphotransferase,,ENSG00000096006 or ENSG00000102144 or ENSG00000170950,0.7,0.30000000000000004,4.000000000000024,0.618718975875,True,optimal,60.118718975875225,1.1474547386169434,60.11871897587518,30.05935948793759,5.009893247989606,5.009893247989599,2.0,11.999999999999984,0.0,0.0,633.6187189759304,glucose_limited,pfba,bound_scaling,human2
MAR04368,ATP:3-phospho-D-glycerate 1-phosphotransferase,,ENSG00000096006 or ENSG00000102144 or ENSG00000170950,0.75,0.25,4.000000000000024,0.15467974396875,True,optimal,59.654679743968885,1.128749132156372,59.654679743968515,29.827339871984258,4.971223311997394,4.9712233119973765,2.0,11.999999999999956,0.0,0.0,633.1546797439684,glucose_limited,pfba,bound_scaling,human2
MAR04368,ATP:3-phospho-D-glycerate 1-phosphotransferase,,ENSG00000096006 or ENSG00000102144 or ENSG00000170950,0.8,0.19999999999999996,4.000000000000024,0.030935948793749994,True,optimal,59.530935948793605,1.1473052501678467,59.5309359487938,29.7654679743969,4.960911329066156,4.96091132906615,2.0,11.999999999999986,0.0,0.0,633.0309359488241,glucose_limited,pfba,bound_scaling,human2
MAR04368,ATP:3-phospho-D-glycerate 1-phosphotransferase,,ENSG00000096006 or ENSG00000102144 or ENSG00000170950,0.85,0.15000000000000002,4.000000000000024,0.0046403923190625,True,optimal,59.50464039232,1.1675713062286377,59.504640392318535,29.752320196159268,4.95872003269323,4.958720032693211,2.0,11.999999999999954,0.0,0.0,633.0046403923017,glucose_limited,pfba,bound_scaling,human2
MAR04368,ATP:3-phospho-D-glycerate 1-phosphotransferase,,ENSG00000096006 or ENSG00000102144 or ENSG00000170950,0.9,0.09999999999999998,4.000000000000024,0.00046403923190624987,True,optimal,59.50046403923214,1.2062647342681885,59.50046403923181,29.750232019615904,4.958372003269337,4.958372003269317,2.0,11.999999999999954,0.0,0.0,633.0004640392358,glucose_limited,pfba,bound_scaling,human2
MAR04368,ATP:3-phospho-D-glycerate 1-phosphotransferase,,ENSG00000096006 or ENSG00000102144 or ENSG00000170950,0.95,0.050000000000000044,4.000000000000024,2.3201961595312515e-05,True,optimal,59.50002320196197,1.1674954891204834,59.50002320196128,29.75001160098064,4.958335266830146,4.958335266830106,2.0,11.999999999999902,0.0,0.0,633.0000232020091,glucose_limited,pfba,bound_scaling,human2
MAR04368,ATP:3-phospho-D-glycerate 1-phosphotransferase,,ENSG00000096006 or ENSG00000102144 or ENSG00000170950,1.0,0.0,4.000000000000024,0.0,True,optimal,59.500000000000036,1.8958940505981445,59.5,29.75,4.958333333333346,4.958333333333333,2.0,11.999999999999968,0.0,0.0,633.0000000000359,glucose_limited,pfba,bound_scaling,human2
MAR04373,D-glyceraldehyde-3-phosphate:NAD+ oxidoreductase (phosphorylating),,ENSG00000105679 or ENSG00000111640,0.0,1.0,-4.000000000000023,-4.000000000000007,True,optimal,63.00000000000044,1.155116319656372,63.000000000000256,31.499999999999904,5.250000000000005,5.249999999999984,2.000000000000014,12.000000000000036,0.0,0.0,620.0000000000031,glucose_limited,pfba,bound_scaling,human2
MAR04373,D-glyceraldehyde-3-phosphate:NAD+ oxidoreductase (phosphorylating),,ENSG00000105679 or ENSG00000111640,0.05,0.95,-4.000000000000023,-4.000000000000007,True,optimal,63.00000000000044,1.1478912830352783,63.000000000000256,31.499999999999904,5.250000000000005,5.249999999999984,2.000000000000014,12.000000000000036,0.0,0.0,620.0000000000031,glucose_limited,pfba,bound_scaling,human2
MAR04373,D-glyceraldehyde-3-phosphate:NAD+ oxidoreductase (phosphorylating),,ENSG00000105679 or ENSG00000111640,0.1,0.9,-4.000000000000023,-4.000000000000007,True,optimal,63.00000000000044,1.1652743816375732,63.000000000000256,31.499999999999904,5.250000000000005,5.249999999999984,2.000000000000014,12.000000000000036,0.0,0.0,620.0000000000031,glucose_limited,pfba,bound_scaling,human2
MAR04373,D-glyceraldehyde-3-phosphate:NAD+ oxidoreductase (phosphorylating),,ENSG00000105679 or ENSG00000111640,0.15,0.85,-4.000000000000023,-4.000000000000007,True,optimal,63.00000000000044,1.14638090133667,63.000000000000256,31.499999999999904,5.250000000000005,5.249999999999984,2.000000000000014,12.000000000000036,0.0,0.0,620.0000000000031,glucose_limited,pfba,bound_scaling,human2
MAR04373,D-glyceraldehyde-3-phosphate:NAD+ oxidoreductase (phosphorylating),,ENSG00000105679 or ENSG00000111640,0.2,0.8,-4.000000000000023,-4.000000000000007,True,optimal,63.00000000000044,1.153684139251709,63.000000000000256,31.499999999999904,5.250000000000005,5.249999999999984,2.000000000000014,12.000000000000036,0.0,0.0,620.0000000000031,glucose_limited,pfba,bound_scaling,human2
MAR04373,D-glyceraldehyde-3-phosphate:NAD+ oxidoreductase (phosphorylating),,ENSG00000105679 or ENSG00000111640,0.25,0.75,-4.000000000000023,-4.000000000000007,True,optimal,63.00000000000044,1.1530523300170898,63.000000000000256,31.499999999999904,5.250000000000005,5.249999999999984,2.000000000000014,12.000000000000036,0.0,0.0,620.0000000000031,glucose_limited,pfba,bound_scaling,human2
MAR04373,D-glyceraldehyde-3-phosphate:NAD+ oxidoreductase (phosphorylating),,ENSG00000105679 or ENSG00000111640,0.3,0.7,-4.000000000000023,-4.000000000000007,True,optimal,63.00000000000044,1.1547651290893555,63.000000000000256,31.499999999999904,5.250000000000005,5.249999999999984,2.000000000000014,12.000000000000036,0.0,0.0,620.0000000000031,glucose_limited,pfba,bound_scaling,human2
MAR04373,D-glyceraldehyde-3-phosphate:NAD+ oxidoreductase (phosphorylating),,ENSG00000105679 or ENSG00000111640,0.35,0.65,-4.000000000000023,-4.000000000000007,True,optimal,63.00000000000044,1.2202479839324951,63.000000000000256,31.499999999999904,5.250000000000005,5.249999999999984,2.000000000000014,12.000000000000036,0.0,0.0,620.0000000000031,glucose_limited,pfba,bound_scaling,human2
MAR04373,D-glyceraldehyde-3-phosphate:NAD+ oxidoreductase (phosphorylating),,ENSG00000105679 or ENSG00000111640,0.4,0.6,-4.000000000000023,-4.000000000000007,True,optimal,63.00000000000044,1.1501569747924805,63.000000000000256,31.499999999999904,5.250000000000005,5.249999999999984,2.000000000000014,12.000000000000036,0.0,0.0,620.0000000000031,glucose_limited,pfba,bound_scaling,human2
MAR04373,D-glyceraldehyde-3-phosphate:NAD+ oxidoreductase (phosphorylating),,ENSG00000105679 or ENSG00000111640,0.45,0.55,-4.000000000000023,-4.000000000000007,True,optimal,63.00000000000044,1.1548380851745605,63.000000000000256,31.499999999999904,5.250000000000005,5.249999999999984,2.000000000000014,12.000000000000036,0.0,0.0,620.0000000000031,glucose_limited,pfba,bound_scaling,human2
MAR04373,D-glyceraldehyde-3-phosphate:NAD+ oxidoreductase (phosphorylating),,ENSG00000105679 or ENSG00000111640,0.5,0.5,-4.000000000000023,-4.000000000000007,True,optimal,63.00000000000044,1.151583194732666,63.000000000000256,31.499999999999904,5.250000000000005,5.249999999999984,2.000000000000014,12.000000000000036,0.0,0.0,620.0000000000031,glucose_limited,pfba,bound_scaling,human2
MAR04373,D-glyceraldehyde-3-phosphate:NAD+ oxidoreductase (phosphorylating),,ENSG00000105679 or ENSG00000111640,0.55,0.44999999999999996,-4.000000000000023,-4.000000000000007,True,optimal,63.00000000000044,1.1461358070373535,63.000000000000256,31.499999999999904,5.250000000000005,5.249999999999984,2.000000000000014,12.000000000000036,0.0,0.0,620.0000000000031,glucose_limited,pfba,bound_scaling,human2
MAR04373,D-glyceraldehyde-3-phosphate:NAD+ oxidoreductase (phosphorylating),,ENSG00000105679 or ENSG00000111640,0.6,0.4,-4.000000000000023,-4.000000000000007,True,optimal,63.00000000000044,1.1615467071533203,63.000000000000256,31.499999999999904,5.250000000000005,5.249999999999984,2.000000000000014,12.000000000000036,0.0,0.0,620.0000000000031,glucose_limited,pfba,bound_scaling,human2
MAR04373,D-glyceraldehyde-3-phosphate:NAD+ oxidoreductase (phosphorylating),,ENSG00000105679 or ENSG00000111640,0.65,0.35,-4.000000000000023,-2.0623965862499998,True,optimal,61.54679743968778,1.1233134269714355,61.546797439686735,30.773398719843367,5.128899786640543,5.128899786640561,2.0,12.000000000000044,0.0,0.0,634.469629016821,glucose_limited,pfba,bound_scaling,human2
MAR04373,D-glyceraldehyde-3-phosphate:NAD+ oxidoreductase (phosphorylating),,ENSG00000105679 or ENSG00000111640,0.7,0.30000000000000004,-4.000000000000023,-0.618718975875,True,optimal,59.082758207782,1.1519689559936523,59.08275820778149,29.541379103890744,4.923563183981763,4.92356318398179,2.0,12.000000000000068,0.0,0.0,651.5753722894922,glucose_limited,pfba,bound_scaling,human2
MAR04373,D-glyceraldehyde-3-phosphate:NAD+ oxidoreductase (phosphorylating),,ENSG00000105679 or ENSG00000111640,0.75,0.25,-4.000000000000023,-0.15467974396875,True,optimal,58.270689551945736,1.1712853908538818,58.27068955194539,29.135344775972694,4.855890795995464,4.855890795995449,2.0,11.999999999999963,0.0,0.0,657.1438430723998,glucose_limited,pfba,bound_scaling,human2
MAR04373,D-glyceraldehyde-3-phosphate:NAD+ oxidoreductase (phosphorylating),,ENSG00000105679 or ENSG00000111640,0.8,0.19999999999999996,-4.000000000000023,-0.030935948793749994,True,optimal,58.05413791038944,1.1484951972961426,58.054137910389414,29.027068955194707,4.837844825865865,4.837844825865784,2.0,11.9999999999998,0.0,0.0,658.6287686146688,glucose_limited,pfba,bound_scaling,human2
MAR04373,D-glyceraldehyde-3-phosphate:NAD+ oxidoreductase (phosphorylating),,ENSG00000105679 or ENSG00000111640,0.85,0.15000000000000002,-4.000000000000023,-0.0046403923190625,True,optimal,58.00812068655852,1.13157057762146,58.00812068655871,29.004060343279356,4.834010057213207,4.834010057213226,2.0,12.000000000000048,0.0,0.0,658.9443152921915,glucose_limited,pfba,bound_scaling,human2
MAR04373,D-glyceraldehyde-3-phosphate:NAD+ oxidoreductase (phosphorylating),,ENSG00000105679 or ENSG00000111640,0.9,0.09999999999999998,-4.000000000000023,-0.00046403923190624987,True,optimal,58.000812068655954,1.1754376888275146,58.00081206865614,29.00040603432807,4.833401005721337,4.833401005721345,2.0,12.000000000000021,0.0,0.0,658.9944315292561,glucose_limited,pfba,bound_scaling,human2
MAR04373,D-glyceraldehyde-3-phosphate:NAD+ oxidoreductase (phosphorylating),,ENSG00000105679 or ENSG00000111640,0.95,0.050000000000000044,-4.000000000000023,-2.3201961595312515e-05,True,optimal,58.000040603432986,1.1063601970672607,58.000040603432915,29.000020301716457,4.833336716952819,4.833336716952743,2.0,11.999999999999812,0.0,0.0,658.9997215766111,glucose_limited,pfba,bound_scaling,human2
MAR04373,D-glyceraldehyde-3-phosphate:NAD+ oxidoreductase (phosphorylating),,ENSG00000105679 or ENSG00000111640,1.0,0.0,-4.000000000000023,0.0,True,optimal,57.999999999999936,1.3728785514831543,57.99999999999994,28.99999999999997,4.833333333333312,4.833333333333329,2.0,12.00000000000004,0.0,0.0,658.9999999999786,glucose_limited,pfba,bound_scaling,human2
MAR04388,(S)-Lactate:NAD+ oxidoreductase,,ENSG00000111716 or ENSG00000134333 or ENSG00000166796 or ENSG00000166800 or ENSG00000171989,0.0,1.0,4.000000000000009,3.999999999999991,True,optimal,63.00000000000044,1.147514820098877,63.000000000000256,31.499999999999904,5.250000000000005,5.249999999999984,2.000000000000014,12.000000000000036,0.0,0.0,620.0000000000031,glucose_limited,pfba,bound_scaling,human2
MAR04388,(S)-Lactate:NAD+ oxidoreductase,,ENSG00000111716 or ENSG00000134333 or ENSG00000166796 or ENSG00000166800 or ENSG00000171989,0.05,0.95,4.000000000000009,3.999999999999991,True,optimal,63.00000000000044,1.158393383026123,63.000000000000256,31.499999999999904,5.250000000000005,5.249999999999984,2.000000000000014,12.000000000000036,0.0,0.0,620.0000000000031,glucose_limited,pfba,bound_scaling,human2
MAR04388,(S)-Lactate:NAD+ oxidoreductase,,ENSG00000111716 or ENSG00000134333 or ENSG00000166796 or ENSG00000166800 or ENSG00000171989,0.1,0.9,4.000000000000009,3.999999999999991,True,optimal,63.00000000000044,1.2032814025878906,63.000000000000256,31.499999999999904,5.250000000000005,5.249999999999984,2.000000000000014,12.000000000000036,0.0,0.0,620.0000000000031,glucose_limited,pfba,bound_scaling,human2
MAR04388,(S)-Lactate:NAD+ oxidoreductase,,ENSG00000111716 or ENSG00000134333 or ENSG00000166796 or ENSG00000166800 or ENSG00000171989,0.15,0.85,4.000000000000009,3.999999999999991,True,optimal,63.00000000000044,1.1462244987487793,63.000000000000256,31.499999999999904,5.250000000000005,5.249999999999984,2.000000000000014,12.000000000000036,0.0,0.0,620.0000000000031,glucose_limited,pfba,bound_scaling,human2
MAR04388,(S)-Lactate:NAD+ oxidoreductase,,ENSG00000111716 or ENSG00000134333 or ENSG00000166796 or ENSG00000166800 or ENSG00000171989,0.2,0.8,4.000000000000009,3.999999999999991,True,optimal,63.00000000000044,1.1603422164916992,63.000000000000256,31.499999999999904,5.250000000000005,5.249999999999984,2.000000000000014,12.000000000000036,0.0,0.0,620.0000000000031,glucose_limited,pfba,bound_scaling,human2
MAR04388,(S)-Lactate:NAD+ oxidoreductase,,ENSG00000111716 or ENSG00000134333 or ENSG00000166796 or ENSG00000166800 or ENSG00000171989,0.25,0.75,4.000000000000009,3.999999999999991,True,optimal,63.00000000000044,1.153911828994751,63.000000000000256,31.499999999999904,5.250000000000005,5.249999999999984,2.000000000000014,12.000000000000036,0.0,0.0,620.0000000000031,glucose_limited,pfba,bound_scaling,human2
MAR04388,(S)-Lactate:NAD+ oxidoreductase,,ENSG00000111716 or ENSG00000134333 or ENSG00000166796 or ENSG00000166800 or ENSG00000171989,0.3,0.7,4.000000000000009,3.999999999999991,True,optimal,63.00000000000044,1.158557653427124,63.000000000000256,31.499999999999904,5.250000000000005,5.249999999999984,2.000000000000014,12.000000000000036,0.0,0.0,620.0000000000031,glucose_limited,pfba,bound_scaling,human2
MAR04388,(S)-Lactate:NAD+ oxidoreductase,,ENSG00000111716 or ENSG00000134333 or ENSG00000166796 or ENSG00000166800 or ENSG00000171989,0.35,0.65,4.000000000000009,3.999999999999991,True,optimal,63.00000000000044,1.1971468925476074,63.000000000000256,31.499999999999904,5.250000000000005,5.249999999999984,2.000000000000014,12.000000000000036,0.0,0.0,620.0000000000031,glucose_limited,pfba,bound_scaling,human2
MAR04388,(S)-Lactate:NAD+ oxidoreductase,,ENSG00000111716 or ENSG00000134333 or ENSG00000166796 or ENSG00000166800 or ENSG00000171989,0.4,0.6,4.000000000000009,3.999999999999991,True,optimal,63.00000000000044,1.1510100364685059,63.000000000000256,31.499999999999904,5.250000000000005,5.249999999999984,2.000000000000014,12.000000000000036,0.0,0.0,620.0000000000031,glucose_limited,pfba,bound_scaling,human2
MAR04388,(S)-Lactate:NAD+ oxidoreductase,,ENSG00000111716 or ENSG00000134333 or ENSG00000166796 or ENSG00000166800 or ENSG00000171989,0.45,0.55,4.000000000000009,3.999999999999991,True,optimal,63.00000000000044,1.1435894966125488,63.000000000000256,31.499999999999904,5.250000000000005,5.249999999999984,2.000000000000014,12.000000000000036,0.0,0.0,620.0000000000031,glucose_limited,pfba,bound_scaling,human2
MAR04388,(S)-Lactate:NAD+ oxidoreductase,,ENSG00000111716 or ENSG00000134333 or ENSG00000166796 or ENSG00000166800 or ENSG00000171989,0.5,0.5,4.000000000000009,3.999999999999991,True,optimal,63.00000000000044,1.1393916606903076,63.000000000000256,31.499999999999904,5.250000000000005,5.249999999999984,2.000000000000014,12.000000000000036,0.0,0.0,620.0000000000031,glucose_limited,pfba,bound_scaling,human2
MAR04388,(S)-Lactate:NAD+ oxidoreductase,,ENSG00000111716 or ENSG00000134333 or ENSG00000166796 or ENSG00000166800 or ENSG00000171989,0.55,0.44999999999999996,4.000000000000009,3.999999999999991,True,optimal,63.00000000000044,1.1576926708221436,63.000000000000256,31.499999999999904,5.250000000000005,5.249999999999984,2.000000000000014,12.000000000000036,0.0,0.0,620.0000000000031,glucose_limited,pfba,bound_scaling,human2
MAR04388,(S)-Lactate:NAD+ oxidoreductase,,ENSG00000111716 or ENSG00000134333 or ENSG00000166796 or ENSG00000166800 or ENSG00000171989,0.6,0.4,4.000000000000009,3.999999999999991,True,optimal,63.00000000000044,1.154625415802002,63.000000000000256,31.499999999999904,5.250000000000005,5.249999999999984,2.000000000000014,12.000000000000036,0.0,0.0,620.0000000000031,glucose_limited,pfba,bound_scaling,human2
MAR04388,(S)-Lactate:NAD+ oxidoreductase,,ENSG00000111716 or ENSG00000134333 or ENSG00000166796 or ENSG00000166800 or ENSG00000171989,0.65,0.35,4.000000000000009,2.0623965862499998,True,optimal,63.00000000000005,1.1379449367523193,63.00000000000002,31.500000000000128,5.250000000000002,5.250000000000022,1.9999999999999925,12.0,0.0,0.0,621.9376034137509,glucose_limited,pfba,bound_scaling,human2
MAR04388,(S)-Lactate:NAD+ oxidoreductase,,ENSG00000111716 or ENSG00000134333 or ENSG00000166796 or ENSG00000166800 or ENSG00000171989,0.7,0.30000000000000004,4.000000000000009,0.618718975875,True,optimal,63.00000000000001,1.1390488147735596,63.00000000000004,31.500000000000025,5.249999999999998,5.250000000000004,1.9999999999999998,12.000000000000012,0.0,0.0,623.381281024126,glucose_limited,pfba,bound_scaling,human2
MAR04388,(S)-Lactate:NAD+ oxidoreductase,,ENSG00000111716 or ENSG00000134333 or ENSG00000166796 or ENSG00000166800 or ENSG00000171989,0.75,0.25,4.000000000000009,0.15467974396875,True,optimal,63.000000000000036,1.160487174987793,63.00000000000006,31.500000000000274,5.249999999999999,5.250000000000045,1.9999999999999845,12.000000000000012,0.0,0.0,623.8453202560321,glucose_limited,pfba,bound_scaling,human2
MAR04388,(S)-Lactate:NAD+ oxidoreductase,,ENSG00000111716 or ENSG00000134333 or ENSG00000166796 or ENSG00000166800 or ENSG00000171989,0.8,0.19999999999999996,4.000000000000009,0.030935948793749994,True,optimal,63.00000000000013,1.1185362339019775,63.00000000000004,31.50000000000031,5.249999999999995,5.2500000000000515,1.9999999999999818,12.000000000000021,0.0,0.0,623.9690640512093,glucose_limited,pfba,bound_scaling,human2
MAR04388,(S)-Lactate:NAD+ oxidoreductase,,ENSG00000111716 or ENSG00000134333 or ENSG00000166796 or ENSG00000166800 or ENSG00000171989,0.85,0.15000000000000002,4.000000000000009,0.0046403923190625,True,optimal,62.99999999999991,1.1000175476074219,63.00000000000006,31.500000000000075,5.249999999999999,5.250000000000012,1.9999999999999971,12.000000000000012,0.0,0.0,623.9953596076823,glucose_limited,pfba,bound_scaling,human2
MAR04388,(S)-Lactate:NAD+ oxidoreductase,,ENSG00000111716 or ENSG00000134333 or ENSG00000166796 or ENSG00000166800 or ENSG00000171989,0.9,0.09999999999999998,4.000000000000009,0.00046403923190624987,True,optimal,63.000000000000036,1.0875344276428223,63.00000000000006,31.500000000000068,5.249999999999999,5.250000000000011,1.9999999999999976,12.000000000000012,0.0,0.0,623.9995359607698,glucose_limited,pfba,bound_scaling,human2
MAR04388,(S)-Lactate:NAD+ oxidoreductase,,ENSG00000111716 or ENSG00000134333 or ENSG00000166796 or ENSG00000166800 or ENSG00000171989,0.95,0.050000000000000044,4.000000000000009,2.3201961595312515e-05,True,optimal,63.00000000000006,1.1299912929534912,63.00000000000015,31.4999999999998,5.250000000000001,5.249999999999967,2.0000000000000173,12.000000000000027,0.0,0.0,623.9999767980406,glucose_limited,pfba,bound_scaling,human2
MAR04388,(S)-Lactate:NAD+ oxidoreductase,,ENSG00000111716 or ENSG00000134333 or ENSG00000166796 or ENSG00000166800 or ENSG00000171989,1.0,0.0,4.000000000000009,0.0,True,optimal,63.0000000000002,1.26658296585083,62.999999999999986,31.5000000000002,5.249999999999988,5.250000000000033,1.999999999999987,12.000000000000027,0.0,0.0,624.0000000000014,glucose_limited,pfba,bound_scaling,human2
MAR04391,D-glyceraldehyde-3-phosphate aldose-ketose-isomerase,,ENSG00000111669,0.0,1.0,2.000000000000008,2.0000000000000013,True,optimal,63.00000000000044,1.1606500148773193,63.000000000000256,31.499999999999904,5.250000000000005,5.249999999999984,2.000000000000014,12.000000000000036,0.0,0.0,620.0000000000031,glucose_limited,pfba,bound_scaling,human2
MAR04391,D-glyceraldehyde-3-phosphate aldose-ketose-isomerase,,ENSG00000111669,0.05,0.95,2.000000000000008,2.0000000000000013,True,optimal,63.00000000000044,1.1475818157196045,63.000000000000256,31.499999999999904,5.250000000000005,5.249999999999984,2.000000000000014,12.000000000000036,0.0,0.0,620.0000000000031,glucose_limited,pfba,bound_scaling,human2
MAR04391,D-glyceraldehyde-3-phosphate aldose-ketose-isomerase,,ENSG00000111669,0.1,0.9,2.000000000000008,2.0000000000000013,True,optimal,63.00000000000044,1.1625590324401855,63.000000000000256,31.499999999999904,5.250000000000005,5.249999999999984,2.000000000000014,12.000000000000036,0.0,0.0,620.0000000000031,glucose_limited,pfba,bound_scaling,human2
MAR04391,D-glyceraldehyde-3-phosphate aldose-ketose-isomerase,,ENSG00000111669,0.15,0.85,2.000000000000008,2.0000000000000013,True,optimal,63.00000000000044,1.1538407802581787,63.000000000000256,31.499999999999904,5.250000000000005,5.249999999999984,2.000000000000014,12.000000000000036,0.0,0.0,620.0000000000031,glucose_limited,pfba,bound_scaling,human2
MAR04391,D-glyceraldehyde-3-phosphate aldose-ketose-isomerase,,ENSG00000111669,0.2,0.8,2.000000000000008,2.0000000000000013,True,optimal,63.00000000000044,1.151454210281372,63.000000000000256,31.499999999999904,5.250000000000005,5.249999999999984,2.000000000000014,12.000000000000036,0.0,0.0,620.0000000000031,glucose_limited,pfba,bound_scaling,human2
MAR04391,D-glyceraldehyde-3-phosphate aldose-ketose-isomerase,,ENSG00000111669,0.25,0.75,2.000000000000008,2.0000000000000013,True,optimal,63.00000000000044,1.151365041732788,63.000000000000256,31.499999999999904,5.250000000000005,5.249999999999984,2.000000000000014,12.000000000000036,0.0,0.0,620.0000000000031,glucose_limited,pfba,bound_scaling,human2
MAR04391,D-glyceraldehyde-3-phosphate aldose-ketose-isomerase,,ENSG00000111669,0.3,0.7,2.000000000000008,2.0000000000000013,True,optimal,63.00000000000044,1.152327537536621,63.000000000000256,31.499999999999904,5.250000000000005,5.249999999999984,2.000000000000014,12.000000000000036,0.0,0.0,620.0000000000031,glucose_limited,pfba,bound_scaling,human2
MAR04391,D-glyceraldehyde-3-phosphate aldose-ketose-isomerase,,ENSG00000111669,0.35,0.65,2.000000000000008,2.0000000000000013,True,optimal,63.00000000000044,1.1481208801269531,63.000000000000256,31.499999999999904,5.250000000000005,5.249999999999984,2.000000000000014,12.000000000000036,0.0,0.0,620.0000000000031,glucose_limited,pfba,bound_scaling,human2
MAR04391,D-glyceraldehyde-3-phosphate aldose-ketose-isomerase,,ENSG00000111669,0.4,0.6,2.000000000000008,2.0000000000000013,True,optimal,63.00000000000044,1.2213151454925537,63.000000000000256,31.499999999999904,5.250000000000005,5.249999999999984,2.000000000000014,12.000000000000036,0.0,0.0,620.0000000000031,glucose_limited,pfba,bound_scaling,human2
MAR04391,D-glyceraldehyde-3-phosphate aldose-ketose-isomerase,,ENSG00000111669,0.45,0.55,2.000000000000008,2.0000000000000013,True,optimal,63.00000000000044,1.1454570293426514,63.000000000000256,31.499999999999904,5.250000000000005,5.249999999999984,2.000000000000014,12.000000000000036,0.0,0.0,620.0000000000031,glucose_limited,pfba,bound_scaling,human2
MAR04391,D-glyceraldehyde-3-phosphate aldose-ketose-isomerase,,ENSG00000111669,0.5,0.5,2.000000000000008,2.0000000000000013,True,optimal,63.00000000000044,1.155909776687622,63.000000000000256,31.499999999999904,5.250000000000005,5.249999999999984,2.000000000000014,12.000000000000036,0.0,0.0,620.0000000000031,glucose_limited,pfba,bound_scaling,human2
MAR04391,D-glyceraldehyde-3-phosphate aldose-ketose-isomerase,,ENSG00000111669,0.55,0.44999999999999996,2.000000000000008,2.0000000000000013,True,optimal,63.00000000000044,1.1471648216247559,63.000000000000256,31.499999999999904,5.250000000000005,5.249999999999984,2.000000000000014,12.000000000000036,0.0,0.0,620.0000000000031,glucose_limited,pfba,bound_scaling,human2
MAR04391,D-glyceraldehyde-3-phosphate aldose-ketose-isomerase,,ENSG00000111669,0.6,0.4,2.000000000000008,2.0000000000000013,True,optimal,63.00000000000044,1.1560063362121582,63.000000000000256,31.499999999999904,5.250000000000005,5.249999999999984,2.000000000000014,12.000000000000036,0.0,0.0,620.0000000000031,glucose_limited,pfba,bound_scaling,human2
MAR04391,D-glyceraldehyde-3-phosphate aldose-ketose-isomerase,,ENSG00000111669,0.65,0.35,2.000000000000008,2.0000000000000013,True,optimal,63.00000000000044,1.1526031494140625,63.000000000000256,31.499999999999904,5.250000000000005,5.249999999999984,2.000000000000014,12.000000000000036,0.0,0.0,620.0000000000031,glucose_limited,pfba,bound_scaling,human2
MAR04391,D-glyceraldehyde-3-phosphate aldose-ketose-isomerase,,ENSG00000111669,0.7,0.30000000000000004,2.000000000000008,0.618718975875,True,optimal,61.96403923190624,1.15852689743042,61.96403923190611,30.982019615953057,5.1636699359921865,5.163669935992176,2.0,11.999999999999977,0.0,0.0,640.172417922186,glucose_limited,pfba,bound_scaling,human2
MAR04391,D-glyceraldehyde-3-phosphate aldose-ketose-isomerase,,ENSG00000111669,0.75,0.25,2.000000000000008,0.15467974396875,True,optimal,61.61600980797644,1.156095027923584,61.61600980797627,30.808004903988135,5.134667483998021,5.134667483998022,2.0,12.000000000000004,0.0,0.0,648.29310448054,glucose_limited,pfba,bound_scaling,human2
MAR04391,D-glyceraldehyde-3-phosphate aldose-ketose-isomerase,,ENSG00000111669,0.8,0.19999999999999996,2.000000000000008,0.030935948793749994,True,optimal,61.52320196159524,1.1855945587158203,61.52320196159524,30.76160098079762,5.126933496799605,5.126933496799603,2.0,11.999999999999996,0.0,0.0,650.4586208961084,glucose_limited,pfba,bound_scaling,human2
MAR04391,D-glyceraldehyde-3-phosphate aldose-ketose-isomerase,,ENSG00000111669,0.85,0.15000000000000002,2.000000000000008,0.0046403923190625,True,optimal,61.50348029423947,1.1757152080535889,61.50348029423927,30.751740147119634,5.125290024519908,5.125290024519939,2.0,12.000000000000073,0.0,0.0,650.9187931344111,glucose_limited,pfba,bound_scaling,human2
MAR04391,D-glyceraldehyde-3-phosphate aldose-ketose-isomerase,,ENSG00000111669,0.9,0.09999999999999998,2.000000000000008,0.00046403923190624987,True,optimal,61.50034802942358,1.1595392227172852,61.50034802942398,30.75017401471199,5.125029002452179,5.125029002451998,2.0,11.999999999999577,0.0,0.0,650.9918793134858,glucose_limited,pfba,bound_scaling,human2
MAR04391,D-glyceraldehyde-3-phosphate aldose-ketose-isomerase,,ENSG00000111669,0.95,0.050000000000000044,2.000000000000008,2.3201961595312515e-05,True,optimal,61.500017401471204,1.2016401290893555,61.50001740147107,30.750008700735535,5.125001450122589,5.125001450122589,2.0,12.0,0.0,0.0,650.9995939656675,glucose_limited,pfba,bound_scaling,human2
MAR04391,D-glyceraldehyde-3-phosphate aldose-ketose-isomerase,,ENSG00000111669,1.0,0.0,2.000000000000008,0.0,True,optimal,61.49999999999981,1.8201203346252441,61.49999999999991,30.749999999999954,5.124999999999992,5.124999999999992,2.0,12.0,0.0,0.0,650.9999999999981,glucose_limited,pfba,bound_scaling,human2
MAR04888,transport of H2O (cytosol to mitochondria),,ENSG00000103375,0.0,1.0,-59.000000000000384,-59.000000000000206,True,optimal,63.00000000000044,1.154463291168213,63.000000000000256,31.499999999999904,5.250000000000005,5.249999999999984,2.000000000000014,12.000000000000036,0.0,0.0,620.0000000000031,glucose_limited,pfba,bound_scaling,human2
MAR04888,transport of H2O (cytosol to mitochondria),,ENSG00000103375,0.05,0.95,-59.000000000000384,-59.000000000000206,True,optimal,63.00000000000044,1.1616387367248535,63.000000000000256,31.499999999999904,5.250000000000005,5.249999999999984,2.000000000000014,12.000000000000036,0.0,0.0,620.0000000000031,glucose_limited,pfba,bound_scaling,human2
MAR04888,transport of H2O (cytosol to mitochondria),,ENSG00000103375,0.1,0.9,-59.000000000000384,-59.000000000000206,True,optimal,63.00000000000044,1.162703275680542,63.000000000000256,31.499999999999904,5.250000000000005,5.249999999999984,2.000000000000014,12.000000000000036,0.0,0.0,620.0000000000031,glucose_limited,pfba,bound_scaling,human2
MAR04888,transport of H2O (cytosol to mitochondria),,ENSG00000103375,0.15,0.85,-59.000000000000384,-59.000000000000206,True,optimal,63.00000000000044,1.1718134880065918,63.000000000000256,31.499999999999904,5.250000000000005,5.249999999999984,2.000000000000014,12.000000000000036,0.0,0.0,620.0000000000031,glucose_limited,pfba,bound_scaling,human2
MAR04888,transport of H2O (cytosol to mitochondria),,ENSG00000103375,0.2,0.8,-59.000000000000384,-59.000000000000206,True,optimal,63.00000000000044,1.159388542175293,63.000000000000256,31.499999999999904,5.250000000000005,5.249999999999984,2.000000000000014,12.000000000000036,0.0,0.0,620.0000000000031,glucose_limited,pfba,bound_scaling,human2
MAR04888,transport of H2O (cytosol to mitochondria),,ENSG00000103375,0.25,0.75,-59.000000000000384,-59.000000000000206,True,optimal,63.00000000000044,1.1555438041687012,63.000000000000256,31.499999999999904,5.250000000000005,5.249999999999984,2.000000000000014,12.000000000000036,0.0,0.0,620.0000000000031,glucose_limited,pfba,bound_scaling,human2
MAR04888,transport of H2O (cytosol to mitochondria),,ENSG00000103375,0.3,0.7,-59.000000000000384,-59.000000000000206,True,optimal,63.00000000000044,1.149055004119873,63.000000000000256,31.499999999999904,5.250000000000005,5.249999999999984,2.000000000000014,12.000000000000036,0.0,0.0,620.0000000000031,glucose_limited,pfba,bound_scaling,human2
MAR04888,transport of H2O (cytosol to mitochondria),,ENSG00000103375,0.35,0.65,-59.000000000000384,-59.000000000000206,True,optimal,63.00000000000044,1.1607086658477783,63.000000000000256,31.499999999999904,5.250000000000005,5.249999999999984,2.000000000000014,12.000000000000036,0.0,0.0,620.0000000000031,glucose_limited,pfba,bound_scaling,human2
MAR04888,transport of H2O (cytosol to mitochondria),,ENSG00000103375,0.4,0.6,-59.000000000000384,-59.000000000000206,True,optimal,63.00000000000044,1.159193515777588,63.000000000000256,31.499999999999904,5.250000000000005,5.249999999999984,2.000000000000014,12.000000000000036,0.0,0.0,620.0000000000031,glucose_limited,pfba,bound_scaling,human2
MAR04888,transport of H2O (cytosol to mitochondria),,ENSG00000103375,0.45,0.55,-59.000000000000384,-59.000000000000206,True,optimal,63.00000000000044,1.1553537845611572,63.000000000000256,31.499999999999904,5.250000000000005,5.249999999999984,2.000000000000014,12.000000000000036,0.0,0.0,620.0000000000031,glucose_limited,pfba,bound_scaling,human2
MAR04888,transport of H2O (cytosol to mitochondria),,ENSG00000103375,0.5,0.5,-59.000000000000384,-32.736453749999995,True,optimal,63.0000000000006,1.2356724739074707,63.00000000000016,31.499999999999964,5.25,5.249999999999994,2.0000000000000075,12.00000000000003,0.0,0.0,672.5270925000029,glucose_limited,pfba,bound_scaling,human2
MAR04888,transport of H2O (cytosol to mitochondria),,ENSG00000103375,0.55,0.44999999999999996,-59.000000000000384,-14.731404187499997,True,optimal,63.00000000000047,1.2305998802185059,63.000000000000256,31.50000000000023,5.249999999999983,5.250000000000038,1.9999999999999936,12.000000000000087,0.0,0.0,708.5371916250041,glucose_limited,pfba,bound_scaling,human2
MAR04888,transport of H2O (cytosol to mitochondria),,ENSG00000103375,0.6,0.4,-59.000000000000384,-5.892561675,True,optimal,62.99999999999969,1.1840360164642334,63.00000000000019,31.50000000000037,5.24999999999999,5.250000000000061,1.9999999999999827,12.000000000000059,0.0,0.0,726.2148766500027,glucose_limited,pfba,bound_scaling,human2
MAR04888,transport of H2O (cytosol to mitochondria),,ENSG00000103375,0.65,0.35,-59.000000000000384,-2.0623965862499998,True,optimal,62.99999999999969,1.165830373764038,63.00000000000019,31.50000000000037,5.24999999999999,5.250000000000061,1.9999999999999827,12.000000000000059,0.0,0.0,733.8752068275027,glucose_limited,pfba,bound_scaling,human2
MAR04888,transport of H2O (cytosol to mitochondria),,ENSG00000103375,0.7,0.30000000000000004,-59.000000000000384,-0.618718975875,True,optimal,63.00000000000017,1.1860685348510742,63.00000000000001,31.49999999999996,5.249999999999995,5.249999999999994,2.0000000000000027,12.000000000000014,0.0,0.0,736.7625620482512,glucose_limited,pfba,bound_scaling,human2
MAR04888,transport of H2O (cytosol to mitochondria),,ENSG00000103375,0.75,0.25,-59.000000000000384,-0.15467974396875,True,optimal,62.99999999999969,1.165339469909668,63.00000000000019,31.50000000000037,5.24999999999999,5.250000000000061,1.9999999999999827,12.000000000000059,0.0,0.0,737.6906405120651,glucose_limited,pfba,bound_scaling,human2
MAR04888,transport of H2O (cytosol to mitochondria),,ENSG00000103375,0.8,0.19999999999999996,-59.000000000000384,-0.030935948793749994,True,optimal,62.99999999999976,1.1561241149902344,62.99999999999976,31.50000000000417,5.249999999999937,5.2500000000006946,1.9999999999997276,12.000000000000098,0.0,0.0,737.9381281024142,glucose_limited,pfba,bound_scaling,human2
MAR04888,transport of H2O (cytosol to mitochondria),,ENSG00000103375,0.85,0.15000000000000002,-59.000000000000384,-0.0046403923190625,True,optimal,63.00000000000006,1.1539442539215088,62.99999999999989,31.499999999999947,5.250000000000001,5.249999999999991,2.0,11.999999999999977,0.0,0.0,737.9907192153609,glucose_limited,pfba,bound_scaling,human2
MAR04888,transport of H2O (cytosol to mitochondria),,ENSG00000103375,0.9,0.09999999999999998,-59.000000000000384,-0.00046403923190624987,True,optimal,63.0000000000002,1.1730973720550537,62.999999999999986,31.50000000000009,5.250000000000006,5.250000000000014,1.999999999999994,11.999999999999982,0.0,0.0,737.9990719215363,glucose_limited,pfba,bound_scaling,human2
MAR04888,transport of H2O (cytosol to mitochondria),,ENSG00000103375,0.95,0.050000000000000044,-59.000000000000384,-2.3201961595312515e-05,True,optimal,63.000000000000114,1.1835877895355225,62.99999999999995,31.5000000000002,5.249999999999984,5.250000000000033,1.9999999999999858,12.000000000000027,0.0,0.0,737.9999535960775,glucose_limited,pfba,bound_scaling,human2
MAR04888,transport of H2O (cytosol to mitochondria),,ENSG00000103375,1.0,0.0,-59.000000000000384,0.0,True,optimal,62.99999999999998,1.1118168830871582,62.99999999999996,31.500000000000288,5.249999999999974,5.250000000000048,1.9999999999999805,12.000000000000052,0.0,0.0,738.0000000000032,glucose_limited,pfba,bound_scaling,human2
MAR04896,transport of O2 (cytosol to extracellular),,,0.0,1.0,-12.000000000000092,-12.000000000000036,True,optimal,63.00000000000044,1.1523017883300781,63.000000000000256,31.499999999999904,5.250000000000005,5.249999999999984,2.000000000000014,12.000000000000036,0.0,0.0,620.0000000000031,glucose_limited,pfba,bound_scaling,human2
MAR04896,transport of O2 (cytosol to extracellular),,,0.05,0.95,-12.000000000000092,-12.000000000000036,True,optimal,63.00000000000044,1.1527156829833984,63.000000000000256,31.499999999999904,5.250000000000005,5.249999999999984,2.000000000000014,12.000000000000036,0.0,0.0,620.0000000000031,glucose_limited,pfba,bound_scaling,human2
MAR04896,transport of O2 (cytosol to extracellular),,,0.1,0.9,-12.000000000000092,-12.000000000000036,True,optimal,63.00000000000044,1.1589159965515137,63.000000000000256,31.499999999999904,5.250000000000005,5.249999999999984,2.000000000000014,12.000000000000036,0.0,0.0,620.0000000000031,glucose_limited,pfba,bound_scaling,human2
MAR04896,transport of O2 (cytosol to extracellular),,,0.15,0.85,-12.000000000000092,-12.000000000000036,True,optimal,63.00000000000044,1.2421293258666992,63.000000000000256,31.499999999999904,5.250000000000005,5.249999999999984,2.000000000000014,12.000000000000036,0.0,0.0,620.0000000000031,glucose_limited,pfba,bound_scaling,human2
MAR04896,transport of O2 (cytosol to extracellular),,,0.2,0.8,-12.000000000000092,-12.000000000000036,True,optimal,63.00000000000044,1.157573938369751,63.000000000000256,31.499999999999904,5.250000000000005,5.249999999999984,2.000000000000014,12.000000000000036,0.0,0.0,620.0000000000031,glucose_limited,pfba,bound_scaling,human2
MAR04896,transport of O2 (cytosol to extracellular),,,0.25,0.75,-12.000000000000092,-12.000000000000036,True,optimal,63.00000000000044,1.1739065647125244,63.000000000000256,31.499999999999904,5.250000000000005,5.249999999999984,2.000000000000014,12.000000000000036,0.0,0.0,620.0000000000031,glucose_limited,pfba,bound_scaling,human2
MAR04896,transport of O2 (cytosol to extracellular),,,0.3,0.7,-12.000000000000092,-12.000000000000036,True,optimal,63.00000000000044,1.1645193099975586,63.000000000000256,31.499999999999904,5.250000000000005,5.249999999999984,2.000000000000014,12.000000000000036,0.0,0.0,620.0000000000031,glucose_limited,pfba,bound_scaling,human2
MAR04896,transport of O2 (cytosol to extracellular),,,0.35,0.65,-12.000000000000092,-12.000000000000036,True,optimal,63.00000000000044,1.1549289226531982,63.000000000000256,31.499999999999904,5.250000000000005,5.249999999999984,2.000000000000014,12.000000000000036,0.0,0.0,620.0000000000031,glucose_limited,pfba,bound_scaling,human2
MAR04896,transport of O2 (cytosol to extracellular),,,0.4,0.6,-12.000000000000092,-12.000000000000036,True,optimal,63.00000000000044,1.1561625003814697,63.000000000000256,31.499999999999904,5.250000000000005,5.249999999999984,2.000000000000014,12.000000000000036,0.0,0.0,620.0000000000031,glucose_limited,pfba,bound_scaling,human2
MAR04896,transport of O2 (cytosol to extracellular),,,0.45,0.55,-12.000000000000092,-12.000000000000036,True,optimal,63.00000000000044,1.1587777137756348,63.000000000000256,31.499999999999904,5.250000000000005,5.249999999999984,2.000000000000014,12.000000000000036,0.0,0.0,620.0000000000031,glucose_limited,pfba,bound_scaling,human2
MAR04896,transport of O2 (cytosol to extracellular),,,0.5,0.5,-12.000000000000092,-12.000000000000036,True,optimal,63.00000000000044,1.1905462741851807,63.000000000000256,31.499999999999904,5.250000000000005,5.249999999999984,2.000000000000014,12.000000000000036,0.0,0.0,620.0000000000031,glucose_limited,pfba,bound_scaling,human2
MAR04896,transport of O2 (cytosol to extracellular),,,0.55,0.44999999999999996,-12.000000000000092,-12.000000000000036,True,optimal,63.00000000000044,1.1553959846496582,63.000000000000256,31.499999999999904,5.250000000000005,5.249999999999984,2.000000000000014,12.000000000000036,0.0,0.0,620.0000000000031,glucose_limited,pfba,bound_scaling,human2
MAR04896,transport of O2 (cytosol to extracellular),,,0.6,0.4,-12.000000000000092,-5.892561675,True,optimal,39.46280837500004,1.1966629028320312,39.46280837500004,19.73140418750002,3.2885673645833284,3.2885673645833364,2.0,12.000000000000028,1.1833135723360704e-14,2.9985538816484936e-16,509.68043028333506,glucose_limited,pfba,bound_scaling,human2
MAR04896,transport of O2 (cytosol to extracellular),,,0.65,0.35,-12.000000000000092,-2.0623965862499998,True,optimal,20.311982931250004,1.1000137329101562,20.311982931249997,10.155991465624998,1.6926652442708356,1.692665244270833,2.0,11.999999999999982,1.3221139523462425e-14,6.509034380450219e-16,379.4548172658332,glucose_limited,pfba,bound_scaling,human2
MAR04896,transport of O2 (cytosol to extracellular),,,0.7,0.30000000000000004,-12.000000000000092,-0.618718975875,True,optimal,13.093594879375,1.0687272548675537,13.093594879374985,6.546797439687492,1.1577662637164012,1.091132906614582,2.0,11.30935948793746,2.038600997185731e-14,1.5569452209010474e-15,340.4991726899992,glucose_limited,pfba,bound_scaling,human2
MAR04896,transport of O2 (cytosol to extracellular),,,0.75,0.25,-12.000000000000092,-0.15467974396875,True,optimal,10.773398719843758,1.075430154800415,10.773398719843756,5.386699359921878,0.9725619006319994,0.8977832266536464,2.0,11.077339871984378,0.0,0.0,329.35139445265645,glucose_limited,pfba,bound_scaling,human2
MAR04896,transport of O2 (cytosol to extracellular),,,0.8,0.19999999999999996,-12.000000000000092,-0.030935948793749994,True,optimal,10.154679743968757,1.0926382541656494,10.154679743968774,5.077339871984387,0.9218564084223329,0.8462233119973979,2.0,11.01546797439692,0.0,0.0,326.6702788905325,glucose_limited,pfba,bound_scaling,human2
MAR04896,transport of O2 (cytosol to extracellular),,,0.85,0.15000000000000002,-12.000000000000092,-0.0046403923190625,True,optimal,10.023201961595316,1.0641441345214844,10.023201961595317,5.011600980797659,0.9109439881761898,0.8352668301329431,2.0,11.003093594879386,0.0,0.0,326.10054183358,glucose_limited,pfba,bound_scaling,human2
MAR04896,transport of O2 (cytosol to extracellular),,,0.9,0.09999999999999998,-12.000000000000092,-0.00046403923190624987,True,optimal,10.00232019615952,1.090994119644165,10.002320196159536,5.001160098079768,0.9092826567951562,0.8335266830132947,2.0,11.000232019615948,0.0,0.0,326.01005418335774,glucose_limited,pfba,bound_scaling,human2
MAR04896,transport of O2 (cytosol to extracellular),,,0.95,0.050000000000000044,-12.000000000000092,-2.3201961595312515e-05,True,optimal,10.000116009807977,1.1024303436279297,10.000116009807996,5.000058004903998,0.9091004966682323,0.833343000817333,2.0,11.000011600980837,0.0,0.0,326.00050270916904,glucose_limited,pfba,bound_scaling,human2
MAR04896,transport of O2 (cytosol to extracellular),,,1.0,0.0,-12.000000000000092,0.0,True,optimal,10.000000000000014,0.8510210514068604,10.000000000000005,5.000000000000003,0.9090909090909088,0.8333333333333338,2.0,11.000000000000009,0.0,0.0,326.0000000000004,glucose_limited,pfba,bound_scaling,human2
MAR04898,transport of O2 (cytosol to mitochondria),,,0.0,1.0,12.000000000000083,12.000000000000046,True,optimal,63.00000000000044,1.1622843742370605,63.000000000000256,31.499999999999904,5.250000000000005,5.249999999999984,2.000000000000014,12.000000000000036,0.0,0.0,620.0000000000031,glucose_limited,pfba,bound_scaling,human2
MAR04898,transport of O2 (cytosol to mitochondria),,,0.05,0.95,12.000000000000083,12.000000000000046,True,optimal,63.00000000000044,1.1515445709228516,63.000000000000256,31.499999999999904,5.250000000000005,5.249999999999984,2.000000000000014,12.000000000000036,0.0,0.0,620.0000000000031,glucose_limited,pfba,bound_scaling,human2
MAR04898,transport of O2 (cytosol to mitochondria),,,0.1,0.9,12.000000000000083,12.000000000000046,True,optimal,63.00000000000044,1.1576602458953857,63.000000000000256,31.499999999999904,5.250000000000005,5.249999999999984,2.000000000000014,12.000000000000036,0.0,0.0,620.0000000000031,glucose_limited,pfba,bound_scaling,human2
MAR04898,transport of O2 (cytosol to mitochondria),,,0.15,0.85,12.000000000000083,12.000000000000046,True,optimal,63.00000000000044,1.1536054611206055,63.000000000000256,31.499999999999904,5.250000000000005,5.249999999999984,2.000000000000014,12.000000000000036,0.0,0.0,620.0000000000031,glucose_limited,pfba,bound_scaling,human2
MAR04898,transport of O2 (cytosol to mitochondria),,,0.2,0.8,12.000000000000083,12.000000000000046,True,optimal,63.00000000000044,1.1988904476165771,63.000000000000256,31.499999999999904,5.250000000000005,5.249999999999984,2.000000000000014,12.000000000000036,0.0,0.0,620.0000000000031,glucose_limited,pfba,bound_scaling,human2
MAR04898,transport of O2 (cytosol to mitochondria),,,0.25,0.75,12.000000000000083,12.000000000000046,True,optimal,63.00000000000044,1.1624093055725098,63.000000000000256,31.499999999999904,5.250000000000005,5.249999999999984,2.000000000000014,12.000000000000036,0.0,0.0,620.0000000000031,glucose_limited,pfba,bound_scaling,human2
MAR04898,transport of O2 (cytosol to mitochondria),,,0.3,0.7,12.000000000000083,12.000000000000046,True,optimal,63.00000000000044,1.1481177806854248,63.000000000000256,31.499999999999904,5.250000000000005,5.249999999999984,2.000000000000014,12.000000000000036,0.0,0.0,620.0000000000031,glucose_limited,pfba,bound_scaling,human2
MAR04898,transport of O2 (cytosol to mitochondria),,,0.35,0.65,12.000000000000083,12.000000000000046,True,optimal,63.00000000000044,1.1563811302185059,63.000000000000256,31.499999999999904,5.250000000000005,5.249999999999984,2.000000000000014,12.000000000000036,0.0,0.0,620.0000000000031,glucose_limited,pfba,bound_scaling,human2
MAR04898,transport of O2 (cytosol to mitochondria),,,0.4,0.6,12.000000000000083,12.000000000000046,True,optimal,63.00000000000044,1.1514647006988525,63.000000000000256,31.499999999999904,5.250000000000005,5.249999999999984,2.000000000000014,12.000000000000036,0.0,0.0,620.0000000000031,glucose_limited,pfba,bound_scaling,human2
MAR04898,transport of O2 (cytosol to mitochondria),,,0.45,0.55,12.000000000000083,12.000000000000046,True,optimal,63.00000000000044,1.2139368057250977,63.000000000000256,31.499999999999904,5.250000000000005,5.249999999999984,2.000000000000014,12.000000000000036,0.0,0.0,620.0000000000031,glucose_limited,pfba,bound_scaling,human2
MAR04898,transport of O2 (cytosol to mitochondria),,,0.5,0.5,12.000000000000083,12.000000000000046,True,optimal,63.00000000000044,1.1653778553009033,63.000000000000256,31.499999999999904,5.250000000000005,5.249999999999984,2.000000000000014,12.000000000000036,0.0,0.0,620.0000000000031,glucose_limited,pfba,bound_scaling,human2
MAR04898,transport of O2 (cytosol to mitochondria),,,0.55,0.44999999999999996,12.000000000000083,12.000000000000046,True,optimal,63.00000000000044,1.1549406051635742,63.000000000000256,31.499999999999904,5.250000000000005,5.249999999999984,2.000000000000014,12.000000000000036,0.0,0.0,620.0000000000031,glucose_limited,pfba,bound_scaling,human2
MAR04898,transport of O2 (cytosol to mitochondria),,,0.6,0.4,12.000000000000083,5.892561675,True,optimal,62.999999999999595,1.2859764099121094,63.00000000000094,31.50000000000047,5.2499999999999885,5.250000000000078,2.0,12.000000000000204,0.0,0.0,650.6088171750118,glucose_limited,pfba,bound_scaling,human2
MAR04898,transport of O2 (cytosol to mitochondria),,,0.65,0.35,12.000000000000083,2.0623965862499998,True,optimal,62.999999999999595,1.147420883178711,63.00000000000051,31.500000000000032,5.249999999999997,5.250000000000005,2.000000000000014,12.000000000000103,0.0,0.0,672.3130860112561,glucose_limited,pfba,bound_scaling,human2
MAR04898,transport of O2 (cytosol to mitochondria),,,0.7,0.30000000000000004,12.000000000000083,0.618718975875,True,optimal,62.99999999999988,1.1072380542755127,63.00000000000028,31.49999999999998,5.249999999999999,5.2499999999999964,2.00000000000001,12.000000000000055,0.0,0.0,680.493925803379,glucose_limited,pfba,bound_scaling,human2
MAR04898,transport of O2 (cytosol to mitochondria),,,0.75,0.25,12.000000000000083,0.15467974396875,True,optimal,63.000000000000036,1.1126337051391602,63.00000000000004,31.50000000000015,5.249999999999988,5.250000000000026,1.9999999999999918,12.000000000000037,0.0,0.0,683.1234814508452,glucose_limited,pfba,bound_scaling,human2
MAR04898,transport of O2 (cytosol to mitochondria),,,0.8,0.19999999999999996,12.000000000000083,0.030935948793749994,True,optimal,62.99999999999988,1.0990519523620605,63.00000000000026,31.49999999999997,5.249999999999998,5.249999999999996,2.00000000000001,12.000000000000055,0.0,0.0,683.8246962901727,glucose_limited,pfba,bound_scaling,human2
MAR04898,transport of O2 (cytosol to mitochondria),,,0.85,0.15000000000000002,12.000000000000083,0.0046403923190625,True,optimal,62.999999999999844,1.0910282135009766,62.99999999999974,31.499999999999385,5.250000000000017,5.249999999999897,2.0000000000000306,11.999999999999911,0.0,0.0,683.9737044435235,glucose_limited,pfba,bound_scaling,human2
MAR04898,transport of O2 (cytosol to mitochondria),,,0.9,0.09999999999999998,12.000000000000083,0.00046403923190624987,True,optimal,62.99999999999986,1.1072194576263428,63.00000000000004,31.499999999999957,5.2499999999999964,5.249999999999993,2.000000000000004,12.000000000000016,0.0,0.0,683.9973704443536,glucose_limited,pfba,bound_scaling,human2
MAR04898,transport of O2 (cytosol to mitochondria),,,0.95,0.050000000000000044,12.000000000000083,2.3201961595312515e-05,True,optimal,62.99999999999986,1.2044165134429932,63.00000000000006,31.500000000000348,5.249999999999997,5.250000000000058,1.9999999999999798,12.000000000000016,0.0,0.0,683.9998685222195,glucose_limited,pfba,bound_scaling,human2
MAR04898,transport of O2 (cytosol to mitochondria),,,1.0,0.0,12.000000000000083,0.0,True,optimal,63.000000000000185,1.1507115364074707,62.99999999999999,31.499999999999932,5.250000000000006,5.2499999999999885,2.000000000000004,11.999999999999984,0.0,0.0,684.000000000001,glucose_limited,pfba,bound_scaling,human2
MAR05043,transport of H+ and Pi (inner mitochondria to mitochondria),,ENSG00000075415,0.0,1.0,59.000000000000405,59.000000000000234,True,optimal,63.00000000000044,1.1537482738494873,63.000000000000256,31.499999999999904,5.250000000000005,5.249999999999984,2.000000000000014,12.000000000000036,0.0,0.0,620.0000000000031,glucose_limited,pfba,bound_scaling,human2
MAR05043,transport of H+ and Pi (inner mitochondria to mitochondria),,ENSG00000075415,0.05,0.95,59.000000000000405,59.000000000000234,True,optimal,63.00000000000044,1.151895523071289,63.000000000000256,31.499999999999904,5.250000000000005,5.249999999999984,2.000000000000014,12.000000000000036,0.0,0.0,620.0000000000031,glucose_limited,pfba,bound_scaling,human2
MAR05043,transport of H+ and Pi (inner mitochondria to mitochondria),,ENSG00000075415,0.1,0.9,59.000000000000405,59.000000000000234,True,optimal,63.00000000000044,1.1584680080413818,63.000000000000256,31.499999999999904,5.250000000000005,5.249999999999984,2.000000000000014,12.000000000000036,0.0,0.0,620.0000000000031,glucose_limited,pfba,bound_scaling,human2
MAR05043,transport of H+ and Pi (inner mitochondria to mitochondria),,ENSG00000075415,0.15,0.85,59.000000000000405,59.000000000000234,True,optimal,63.00000000000044,1.1533703804016113,63.000000000000256,31.499999999999904,5.250000000000005,5.249999999999984,2.000000000000014,12.000000000000036,0.0,0.0,620.0000000000031,glucose_limited,pfba,bound_scaling,human2
MAR05043,transport of H+ and Pi (inner mitochondria to mitochondria),,ENSG00000075415,0.2,0.8,59.000000000000405,59.000000000000234,True,optimal,63.00000000000044,1.160935640335083,63.000000000000256,31.499999999999904,5.250000000000005,5.249999999999984,2.000000000000014,12.000000000000036,0.0,0.0,620.0000000000031,glucose_limited,pfba,bound_scaling,human2
MAR05043,transport of H+ and Pi (inner mitochondria to mitochondria),,ENSG00000075415,0.25,0.75,59.000000000000405,59.000000000000234,True,optimal,63.00000000000044,1.1671361923217773,63.000000000000256,31.499999999999904,5.250000000000005,5.249999999999984,2.000000000000014,12.000000000000036,0.0,0.0,620.0000000000031,glucose_limited,pfba,bound_scaling,human2
MAR05043,transport of H+ and Pi (inner mitochondria to mitochondria),,ENSG00000075415,0.3,0.7,59.000000000000405,59.000000000000234,True,optimal,63.00000000000044,1.1646034717559814,63.000000000000256,31.499999999999904,5.250000000000005,5.249999999999984,2.000000000000014,12.000000000000036,0.0,0.0,620.0000000000031,glucose_limited,pfba,bound_scaling,human2
MAR05043,transport of H+ and Pi (inner mitochondria to mitochondria),,ENSG00000075415,0.35,0.65,59.000000000000405,59.000000000000234,True,optimal,63.00000000000044,1.1668405532836914,63.000000000000256,31.499999999999904,5.250000000000005,5.249999999999984,2.000000000000014,12.000000000000036,0.0,0.0,620.0000000000031,glucose_limited,pfba,bound_scaling,human2
MAR05043,transport of H+ and Pi (inner mitochondria to mitochondria),,ENSG00000075415,0.4,0.6,59.000000000000405,59.000000000000234,True,optimal,63.00000000000044,1.1660563945770264,63.000000000000256,31.499999999999904,5.250000000000005,5.249999999999984,2.000000000000014,12.000000000000036,0.0,0.0,620.0000000000031,glucose_limited,pfba,bound_scaling,human2
MAR05043,transport of H+ and Pi (inner mitochondria to mitochondria),,ENSG00000075415,0.45,0.55,59.000000000000405,59.000000000000234,True,optimal,63.00000000000044,1.1716630458831787,63.000000000000256,31.499999999999904,5.250000000000005,5.249999999999984,2.000000000000014,12.000000000000036,0.0,0.0,620.0000000000031,glucose_limited,pfba,bound_scaling,human2
MAR05043,transport of H+ and Pi (inner mitochondria to mitochondria),,ENSG00000075415,0.5,0.5,59.000000000000405,32.736453749999995,True,optimal,54.245484583333315,1.2634568214416504,54.24548458333341,27.122742291666704,4.520457048611064,4.520457048611117,2.0,12.000000000000142,0.0,0.0,717.9025594499967,glucose_limited,pfba,bound_scaling,human2
MAR05043,transport of H+ and Pi (inner mitochondria to mitochondria),,ENSG00000075415,0.55,0.44999999999999996,59.000000000000405,14.731404187499997,True,optimal,48.24380139583334,1.214545488357544,48.2438013958335,24.12190069791675,4.020316782986148,4.020316782986125,2.0,11.99999999999993,0.0,0.0,787.7621517525236,glucose_limited,pfba,bound_scaling,human2
MAR05043,transport of H+ and Pi (inner mitochondria to mitochondria),,ENSG00000075415,0.6,0.4,59.000000000000405,5.892561675,True,optimal,45.2975205583333,1.1789360046386719,45.297520558333154,22.648760279166577,3.7747933798611046,3.774793379861096,2.0,11.999999999999973,0.0,0.0,822.0568607009966,glucose_limited,pfba,bound_scaling,human2
MAR05043,transport of H+ and Pi (inner mitochondria to mitochondria),,ENSG00000075415,0.65,0.35,59.000000000000405,2.0623965862499998,True,optimal,44.0207988620835,1.1588351726531982,44.02079886208333,22.010399431041666,3.668399905173611,3.668399905173611,2.0,12.0,0.0,0.0,836.9179012453515,glucose_limited,pfba,bound_scaling,human2
MAR05043,transport of H+ and Pi (inner mitochondria to mitochondria),,ENSG00000075415,0.7,0.30000000000000004,59.000000000000405,0.618718975875,True,optimal,43.53957299195811,1.1673805713653564,43.53957299195834,21.76978649597917,3.628297749329884,3.6282977493298616,2.0,11.999999999999925,0.0,0.0,842.5193703736188,glucose_limited,pfba,bound_scaling,human2
MAR05043,transport of H+ and Pi (inner mitochondria to mitochondria),,ENSG00000075415,0.75,0.25,59.000000000000405,0.15467974396875,True,optimal,43.38489324798974,1.1935691833496094,43.38489324798964,21.69244662399482,3.615407770665792,3.615407770665803,2.0,12.000000000000037,0.0,0.0,844.3198425934016,glucose_limited,pfba,bound_scaling,human2
MAR05043,transport of H+ and Pi (inner mitochondria to mitochondria),,ENSG00000075415,0.8,0.19999999999999996,59.000000000000405,0.030935948793749994,True,optimal,43.34364531626459,1.250464916229248,43.343645316264364,21.671822658132182,3.611970443022029,3.6119704430220305,2.0,12.000000000000004,0.0,0.0,844.7999685186733,glucose_limited,pfba,bound_scaling,human2
MAR05043,transport of H+ and Pi (inner mitochondria to mitochondria),,ENSG00000075415,0.85,0.15000000000000002,59.000000000000405,0.0046403923190625,True,optimal,43.33488013077316,1.1575372219085693,43.334880130772945,21.667440065386472,3.61124001089777,3.6112400108977454,2.0,11.999999999999918,0.0,0.0,844.9019952778135,glucose_limited,pfba,bound_scaling,human2
MAR05043,transport of H+ and Pi (inner mitochondria to mitochondria),,ENSG00000075415,0.9,0.09999999999999998,59.000000000000405,0.00046403923190624987,True,optimal,43.33348801307742,1.2809295654296875,43.33348801307732,21.66674400653866,3.6111240010897507,3.611124001089777,2.0,12.000000000000087,0.0,0.0,844.9181995277777,glucose_limited,pfba,bound_scaling,human2
MAR05043,transport of H+ and Pi (inner mitochondria to mitochondria),,ENSG00000075415,0.95,0.050000000000000044,59.000000000000405,2.3201961595312515e-05,True,optimal,43.33334106732048,1.113746166229248,43.33334106732033,21.666670533660167,3.6111117556100614,3.6111117556100276,2.0,11.999999999999888,0.0,0.0,844.919909976396,glucose_limited,pfba,bound_scaling,human2
MAR05043,transport of H+ and Pi (inner mitochondria to mitochondria),,ENSG00000075415,1.0,0.0,59.000000000000405,0.0,True,optimal,43.33333333333336,1.6022937297821045,43.333333333333385,21.666666666666693,3.6111111111110907,3.6111111111111156,2.0,12.000000000000082,0.0,0.0,844.919999999998,glucose_limited,pfba,bound_scaling,human2
MAR05292,transport of acetate (cytosol to mitochondria),,ENSG00000152779 or ENSG00000174327,0.0,1.0,0.0,0.0,True,optimal,63.00000000000044,1.1499559879302979,63.000000000000256,31.499999999999904,5.250000000000005,5.249999999999984,2.000000000000014,12.000000000000036,0.0,0.0,620.0000000000031,glucose_limited,pfba,bound_scaling,human2
MAR05292,transport of acetate (cytosol to mitochondria),,ENSG00000152779 or ENSG00000174327,0.05,0.95,0.0,0.0,True,optimal,63.00000000000044,1.1515541076660156,63.000000000000256,31.499999999999904,5.250000000000005,5.249999999999984,2.000000000000014,12.000000000000036,0.0,0.0,620.0000000000031,glucose_limited,pfba,bound_scaling,human2
MAR05292,transport of acetate (cytosol to mitochondria),,ENSG00000152779 or ENSG00000174327,0.1,0.9,0.0,0.0,True,optimal,63.00000000000044,1.2011778354644775,63.000000000000256,31.499999999999904,5.250000000000005,5.249999999999984,2.000000000000014,12.000000000000036,0.0,0.0,620.0000000000031,glucose_limited,pfba,bound_scaling,human2
MAR05292,transport of acetate (cytosol to mitochondria),,ENSG00000152779 or ENSG00000174327,0.15,0.85,0.0,0.0,True,optimal,63.00000000000044,1.1530539989471436,63.000000000000256,31.499999999999904,5.250000000000005,5.249999999999984,2.000000000000014,12.000000000000036,0.0,0.0,620.0000000000031,glucose_limited,pfba,bound_scaling,human2
MAR05292,transport of acetate (cytosol to mitochondria),,ENSG00000152779 or ENSG00000174327,0.2,0.8,0.0,0.0,True,optimal,63.00000000000044,1.1501760482788086,63.000000000000256,31.499999999999904,5.250000000000005,5.249999999999984,2.000000000000014,12.000000000000036,0.0,0.0,620.0000000000031,glucose_limited,pfba,bound_scaling,human2
MAR05292,transport of acetate (cytosol to mitochondria),,ENSG00000152779 or ENSG00000174327,0.25,0.75,0.0,0.0,True,optimal,63.00000000000044,1.153789758682251,63.000000000000256,31.499999999999904,5.250000000000005,5.249999999999984,2.000000000000014,12.000000000000036,0.0,0.0,620.0000000000031,glucose_limited,pfba,bound_scaling,human2
MAR05292,transport of acetate (cytosol to mitochondria),,ENSG00000152779 or ENSG00000174327,0.3,0.7,0.0,0.0,True,optimal,63.00000000000044,1.1530804634094238,63.000000000000256,31.499999999999904,5.250000000000005,5.249999999999984,2.000000000000014,12.000000000000036,0.0,0.0,620.0000000000031,glucose_limited,pfba,bound_scaling,human2
MAR05292,transport of acetate (cytosol to mitochondria),,ENSG00000152779 or ENSG00000174327,0.35,0.65,0.0,0.0,True,optimal,63.00000000000044,1.1584384441375732,63.000000000000256,31.499999999999904,5.250000000000005,5.249999999999984,2.000000000000014,12.000000000000036,0.0,0.0,620.0000000000031,glucose_limited,pfba,bound_scaling,human2
MAR05292,transport of acetate (cytosol to mitochondria),,ENSG00000152779 or ENSG00000174327,0.4,0.6,0.0,0.0,True,optimal,63.00000000000044,1.1436388492584229,63.000000000000256,31.499999999999904,5.250000000000005,5.249999999999984,2.000000000000014,12.000000000000036,0.0,0.0,620.0000000000031,glucose_limited,pfba,bound_scaling,human2
MAR05292,transport of acetate (cytosol to mitochondria),,ENSG00000152779 or ENSG00000174327,0.45,0.55,0.0,0.0,True,optimal,63.00000000000044,1.1462161540985107,63.000000000000256,31.499999999999904,5.250000000000005,5.249999999999984,2.000000000000014,12.000000000000036,0.0,0.0,620.0000000000031,glucose_limited,pfba,bound_scaling,human2
MAR05292,transport of acetate (cytosol to mitochondria),,ENSG00000152779 or ENSG00000174327,0.5,0.5,0.0,0.0,True,optimal,63.00000000000044,1.1504225730895996,63.000000000000256,31.499999999999904,5.250000000000005,5.249999999999984,2.000000000000014,12.000000000000036,0.0,0.0,620.0000000000031,glucose_limited,pfba,bound_scaling,human2
MAR05292,transport of acetate (cytosol to mitochondria),,ENSG00000152779 or ENSG00000174327,0.55,0.44999999999999996,0.0,0.0,True,optimal,63.00000000000044,1.152773380279541,63.000000000000256,31.499999999999904,5.250000000000005,5.249999999999984,2.000000000000014,12.000000000000036,0.0,0.0,620.0000000000031,glucose_limited,pfba,bound_scaling,human2
MAR05292,transport of acetate (cytosol to mitochondria),,ENSG00000152779 or ENSG00000174327,0.6,0.4,0.0,0.0,True,optimal,63.00000000000044,1.1638884544372559,63.000000000000256,31.499999999999904,5.250000000000005,5.249999999999984,2.000000000000014,12.000000000000036,0.0,0.0,620.0000000000031,glucose_limited,pfba,bound_scaling,human2
MAR05292,transport of acetate (cytosol to mitochondria),,ENSG00000152779 or ENSG00000174327,0.65,0.35,0.0,0.0,True,optimal,62.999999999999865,1.170196533203125,63.0000000000001,31.499999999999734,5.250000000000001,5.249999999999956,2.00000000000002,12.000000000000016,0.0,0.0,620.0000000000025,glucose_limited,pfba,bound_scaling,human2
MAR05292,transport of acetate (cytosol to mitochondria),,ENSG00000152779 or ENSG00000174327,0.7,0.30000000000000004,0.0,0.0,True,optimal,63.00000000000006,1.1215219497680664,63.00000000000002,31.500000000000114,5.249999999999995,5.250000000000019,1.9999999999999936,12.000000000000016,0.0,0.0,620.0000000000009,glucose_limited,pfba,bound_scaling,human2
MAR05292,transport of acetate (cytosol to mitochondria),,ENSG00000152779 or ENSG00000174327,0.75,0.25,0.0,0.0,True,optimal,62.999999999999936,1.1241881847381592,63.00000000000009,31.500000000000068,5.2499999999999964,5.250000000000011,1.9999999999999987,12.000000000000027,0.0,0.0,620.000000000002,glucose_limited,pfba,bound_scaling,human2
MAR05292,transport of acetate (cytosol to mitochondria),,ENSG00000152779 or ENSG00000174327,0.8,0.19999999999999996,0.0,0.0,True,optimal,63.00000000000006,1.125032901763916,63.00000000000002,31.500000000000114,5.249999999999995,5.250000000000019,1.9999999999999936,12.000000000000016,0.0,0.0,620.0000000000009,glucose_limited,pfba,bound_scaling,human2
MAR05292,transport of acetate (cytosol to mitochondria),,ENSG00000152779 or ENSG00000174327,0.85,0.15000000000000002,0.0,0.0,True,optimal,62.99999999999995,1.1132724285125732,63.00000000000002,31.500000000000004,5.249999999999997,5.25,2.0000000000000004,12.00000000000001,0.0,0.0,620.0000000000007,glucose_limited,pfba,bound_scaling,human2
MAR05292,transport of acetate (cytosol to mitochondria),,ENSG00000152779 or ENSG00000174327,0.9,0.09999999999999998,0.0,0.0,True,optimal,63.00000000000007,1.1037178039550781,62.99999999999999,31.49999999999988,5.250000000000007,5.24999999999998,2.0000000000000075,11.999999999999982,0.0,0.0,620.0000000000007,glucose_limited,pfba,bound_scaling,human2
MAR05292,transport of acetate (cytosol to mitochondria),,ENSG00000152779 or ENSG00000174327,0.95,0.050000000000000044,0.0,0.0,True,optimal,62.99999999999988,1.151893138885498,63.00000000000017,31.499999999998035,5.250000000000014,5.249999999999672,2.00000000000013,12.0,0.0,0.0,620.0000000000056,glucose_limited,pfba,bound_scaling,human2
MAR05292,transport of acetate (cytosol to mitochondria),,ENSG00000152779 or ENSG00000174327,1.0,0.0,0.0,0.0,True,optimal,62.999999999999964,1.5070750713348389,63.00000000000001,31.50000000000032,5.249999999999997,5.250000000000053,1.99999999999998,12.000000000000007,0.0,0.0,620.000000000001,glucose_limited,pfba,bound_scaling,human2
MAR05407,carbonate hydro-lyase (carbon-dioxide-forming),,ENSG00000074410 or ENSG00000104267 or ENSG00000107159 or ENSG00000118298 or ENSG00000131686 or ENSG00000167434,0.0,1.0,-12.000000000000082,-12.000000000000044,True,optimal,63.00000000000044,1.1665236949920654,63.000000000000256,31.499999999999904,5.250000000000005,5.249999999999984,2.000000000000014,12.000000000000036,0.0,0.0,620.0000000000031,glucose_limited,pfba,bound_scaling,human2
MAR05407,carbonate hydro-lyase (carbon-dioxide-forming),,ENSG00000074410 or ENSG00000104267 or ENSG00000107159 or ENSG00000118298 or ENSG00000131686 or ENSG00000167434,0.05,0.95,-12.000000000000082,-12.000000000000044,True,optimal,63.00000000000044,1.1552982330322266,63.000000000000256,31.499999999999904,5.250000000000005,5.249999999999984,2.000000000000014,12.000000000000036,0.0,0.0,620.0000000000031,glucose_limited,pfba,bound_scaling,human2
MAR05407,carbonate hydro-lyase (carbon-dioxide-forming),,ENSG00000074410 or ENSG00000104267 or ENSG00000107159 or ENSG00000118298 or ENSG00000131686 or ENSG00000167434,0.1,0.9,-12.000000000000082,-12.000000000000044,True,optimal,63.00000000000044,1.1758222579956055,63.000000000000256,31.499999999999904,5.250000000000005,5.249999999999984,2.000000000000014,12.000000000000036,0.0,0.0,620.0000000000031,glucose_limited,pfba,bound_scaling,human2
MAR05407,carbonate hydro-lyase (carbon-dioxide-forming),,ENSG00000074410 or ENSG00000104267 or ENSG00000107159 or ENSG00000118298 or ENSG00000131686 or ENSG00000167434,0.15,0.85,-12.000000000000082,-12.000000000000044,True,optimal,63.00000000000044,1.1657779216766357,63.000000000000256,31.499999999999904,5.250000000000005,5.249999999999984,2.000000000000014,12.000000000000036,0.0,0.0,620.0000000000031,glucose_limited,pfba,bound_scaling,human2
MAR05407,carbonate hydro-lyase (carbon-dioxide-forming),,ENSG00000074410 or ENSG00000104267 or ENSG00000107159 or ENSG00000118298 or ENSG00000131686 or ENSG00000167434,0.2,0.8,-12.000000000000082,-12.000000000000044,True,optimal,63.00000000000044,1.170018196105957,63.000000000000256,31.499999999999904,5.250000000000005,5.249999999999984,2.000000000000014,12.000000000000036,0.0,0.0,620.0000000000031,glucose_limited,pfba,bound_scaling,human2
MAR05407,carbonate hydro-lyase (carbon-dioxide-forming),,ENSG00000074410 or ENSG00000104267 or ENSG00000107159 or ENSG00000118298 or ENSG00000131686 or ENSG00000167434,0.25,0.75,-12.000000000000082,-12.000000000000044,True,optimal,63.00000000000044,1.1795225143432617,63.000000000000256,31.499999999999904,5.250000000000005,5.249999999999984,2.000000000000014,12.000000000000036,0.0,0.0,620.0000000000031,glucose_limited,pfba,bound_scaling,human2
MAR05407,carbonate hydro-lyase (carbon-dioxide-forming),,ENSG00000074410 or ENSG00000104267 or ENSG00000107159 or ENSG00000118298 or ENSG00000131686 or ENSG00000167434,0.3,0.7,-12.000000000000082,-12.000000000000044,True,optimal,63.00000000000044,1.1968445777893066,63.000000000000256,31.499999999999904,5.250000000000005,5.249999999999984,2.000000000000014,12.000000000000036,0.0,0.0,620.0000000000031,glucose_limited,pfba,bound_scaling,human2
MAR05407,carbonate hydro-lyase (carbon-dioxide-forming),,ENSG00000074410 or ENSG00000104267 or ENSG00000107159 or ENSG00000118298 or ENSG00000131686 or ENSG00000167434,0.35,0.65,-12.000000000000082,-12.000000000000044,True,optimal,63.00000000000044,1.1684043407440186,63.000000000000256,31.499999999999904,5.250000000000005,5.249999999999984,2.000000000000014,12.000000000000036,0.0,0.0,620.0000000000031,glucose_limited,pfba,bound_scaling,human2
MAR05407,carbonate hydro-lyase (carbon-dioxide-forming),,ENSG00000074410 or ENSG00000104267 or ENSG00000107159 or ENSG00000118298 or ENSG00000131686 or ENSG00000167434,0.4,0.6,-12.000000000000082,-12.000000000000044,True,optimal,63.00000000000044,1.22298002243042,63.000000000000256,31.499999999999904,5.250000000000005,5.249999999999984,2.000000000000014,12.000000000000036,0.0,0.0,620.0000000000031,glucose_limited,pfba,bound_scaling,human2
MAR05407,carbonate hydro-lyase (carbon-dioxide-forming),,ENSG00000074410 or ENSG00000104267 or ENSG00000107159 or ENSG00000118298 or ENSG00000131686 or ENSG00000167434,0.45,0.55,-12.000000000000082,-12.000000000000044,True,optimal,63.00000000000044,1.1624577045440674,63.000000000000256,31.499999999999904,5.250000000000005,5.249999999999984,2.000000000000014,12.000000000000036,0.0,0.0,620.0000000000031,glucose_limited,pfba,bound_scaling,human2
MAR05407,carbonate hydro-lyase (carbon-dioxide-forming),,ENSG00000074410 or ENSG00000104267 or ENSG00000107159 or ENSG00000118298 or ENSG00000131686 or ENSG00000167434,0.5,0.5,-12.000000000000082,-12.000000000000044,True,optimal,63.00000000000044,1.1705307960510254,63.000000000000256,31.499999999999904,5.250000000000005,5.249999999999984,2.000000000000014,12.000000000000036,0.0,0.0,620.0000000000031,glucose_limited,pfba,bound_scaling,human2
MAR05407,carbonate hydro-lyase (carbon-dioxide-forming),,ENSG00000074410 or ENSG00000104267 or ENSG00000107159 or ENSG00000118298 or ENSG00000131686 or ENSG00000167434,0.55,0.44999999999999996,-12.000000000000082,-12.000000000000044,True,optimal,63.00000000000044,1.1668174266815186,63.000000000000256,31.499999999999904,5.250000000000005,5.249999999999984,2.000000000000014,12.000000000000036,0.0,0.0,620.0000000000031,glucose_limited,pfba,bound_scaling,human2
MAR05407,carbonate hydro-lyase (carbon-dioxide-forming),,ENSG00000074410 or ENSG00000104267 or ENSG00000107159 or ENSG00000118298 or ENSG00000131686 or ENSG00000167434,0.6,0.4,-12.000000000000082,-5.892561675,True,optimal,63.00000000000005,1.222217082977295,62.999999999999915,31.500000000000114,5.250000000000008,5.2500000000000195,1.99999999999999,11.999999999999966,0.0,0.0,624.0716255499996,glucose_limited,pfba,bound_scaling,human2
MAR05407,carbonate hydro-lyase (carbon-dioxide-forming),,ENSG00000074410 or ENSG00000104267 or ENSG00000107159 or ENSG00000118298 or ENSG00000131686 or ENSG00000167434,0.65,0.35,-12.000000000000082,-2.0623965862499998,True,optimal,63.0000000000002,1.2071421146392822,62.99999999999992,31.499999999999993,5.25,5.249999999999999,1.999999999999998,11.999999999999986,0.0,0.0,626.6250689424995,glucose_limited,pfba,bound_scaling,human2
MAR05407,carbonate hydro-lyase (carbon-dioxide-forming),,ENSG00000074410 or ENSG00000104267 or ENSG00000107159 or ENSG00000118298 or ENSG00000131686 or ENSG00000167434,0.7,0.30000000000000004,-12.000000000000082,-0.618718975875,True,optimal,63.000000000000334,1.1546473503112793,62.99999999999992,31.499999999999964,5.250000000000001,5.249999999999995,1.9999999999999998,11.999999999999982,0.0,0.0,627.5875206827494,glucose_limited,pfba,bound_scaling,human2
MAR05407,carbonate hydro-lyase (carbon-dioxide-forming),,ENSG00000074410 or ENSG00000104267 or ENSG00000107159 or ENSG00000118298 or ENSG00000131686 or ENSG00000167434,0.75,0.25,-12.000000000000082,-0.15467974396875,True,optimal,63.0000000000002,1.1494085788726807,62.99999999999992,31.49999999999996,5.250000000000001,5.249999999999994,2.0,11.999999999999982,0.0,0.0,627.8968801706869,glucose_limited,pfba,bound_scaling,human2
MAR05407,carbonate hydro-lyase (carbon-dioxide-forming),,ENSG00000074410 or ENSG00000104267 or ENSG00000107159 or ENSG00000118298 or ENSG00000131686 or ENSG00000167434,0.8,0.19999999999999996,-12.000000000000082,-0.030935948793749994,True,optimal,63.0000000000002,1.1493034362792969,62.99999999999992,31.49999999999996,5.250000000000001,5.249999999999994,2.0,11.999999999999982,0.0,0.0,627.9793760341369,glucose_limited,pfba,bound_scaling,human2
MAR05407,carbonate hydro-lyase (carbon-dioxide-forming),,ENSG00000074410 or ENSG00000104267 or ENSG00000107159 or ENSG00000118298 or ENSG00000131686 or ENSG00000167434,0.85,0.15000000000000002,-12.000000000000082,-0.0046403923190625,True,optimal,63.0000000000002,1.1431212425231934,62.99999999999992,31.499999999999964,5.250000000000001,5.249999999999995,1.9999999999999998,11.999999999999982,0.0,0.0,627.9969064051201,glucose_limited,pfba,bound_scaling,human2
MAR05407,carbonate hydro-lyase (carbon-dioxide-forming),,ENSG00000074410 or ENSG00000104267 or ENSG00000107159 or ENSG00000118298 or ENSG00000131686 or ENSG00000167434,0.9,0.09999999999999998,-12.000000000000082,-0.00046403923190624987,True,optimal,63.0000000000002,1.152195692062378,62.99999999999992,31.49999999999996,5.250000000000001,5.249999999999994,2.0,11.999999999999982,0.0,0.0,627.9996906405114,glucose_limited,pfba,bound_scaling,human2
MAR05407,carbonate hydro-lyase (carbon-dioxide-forming),,ENSG00000074410 or ENSG00000104267 or ENSG00000107159 or ENSG00000118298 or ENSG00000131686 or ENSG00000167434,0.95,0.050000000000000044,-12.000000000000082,-2.3201961595312515e-05,True,optimal,63.0000000000002,1.150449275970459,62.99999999999992,31.499999999999964,5.250000000000001,5.249999999999995,1.9999999999999998,11.999999999999982,0.0,0.0,627.9999845320251,glucose_limited,pfba,bound_scaling,human2
MAR05407,carbonate hydro-lyase (carbon-dioxide-forming),,ENSG00000074410 or ENSG00000104267 or ENSG00000107159 or ENSG00000118298 or ENSG00000131686 or ENSG00000167434,1.0,0.0,-12.000000000000082,0.0,True,optimal,63.00000000000001,1.8593580722808838,62.999999999999844,31.499999999999957,5.249999999999994,5.249999999999993,1.9999999999999978,11.999999999999984,0.0,0.0,627.9999999999991,glucose_limited,pfba,bound_scaling,human2
MAR05411,transport of L-lactate (cytosol to mitochondria),,ENSG00000155380,0.0,1.0,4.000000000000007,3.9999999999999907,True,optimal,63.00000000000044,1.156848669052124,63.000000000000256,31.499999999999904,5.250000000000005,5.249999999999984,2.000000000000014,12.000000000000036,0.0,0.0,620.0000000000031,glucose_limited,pfba,bound_scaling,human2
MAR05411,transport of L-lactate (cytosol to mitochondria),,ENSG00000155380,0.05,0.95,4.000000000000007,3.9999999999999907,True,optimal,63.00000000000044,1.1516501903533936,63.000000000000256,31.499999999999904,5.250000000000005,5.249999999999984,2.000000000000014,12.000000000000036,0.0,0.0,620.0000000000031,glucose_limited,pfba,bound_scaling,human2
MAR05411,transport of L-lactate (cytosol to mitochondria),,ENSG00000155380,0.1,0.9,4.000000000000007,3.9999999999999907,True,optimal,63.00000000000044,1.1465144157409668,63.000000000000256,31.499999999999904,5.250000000000005,5.249999999999984,2.000000000000014,12.000000000000036,0.0,0.0,620.0000000000031,glucose_limited,pfba,bound_scaling,human2
MAR05411,transport of L-lactate (cytosol to mitochondria),,ENSG00000155380,0.15,0.85,4.000000000000007,3.9999999999999907,True,optimal,63.00000000000044,1.1535530090332031,63.000000000000256,31.499999999999904,5.250000000000005,5.249999999999984,2.000000000000014,12.000000000000036,0.0,0.0,620.0000000000031,glucose_limited,pfba,bound_scaling,human2
MAR05411,transport of L-lactate (cytosol to mitochondria),,ENSG00000155380,0.2,0.8,4.000000000000007,3.9999999999999907,True,optimal,63.00000000000044,1.1478374004364014,63.000000000000256,31.499999999999904,5.250000000000005,5.249999999999984,2.000000000000014,12.000000000000036,0.0,0.0,620.0000000000031,glucose_limited,pfba,bound_scaling,human2
MAR05411,transport of L-lactate (cytosol to mitochondria),,ENSG00000155380,0.25,0.75,4.000000000000007,3.9999999999999907,True,optimal,63.00000000000044,1.152430772781372,63.000000000000256,31.499999999999904,5.250000000000005,5.249999999999984,2.000000000000014,12.000000000000036,0.0,0.0,620.0000000000031,glucose_limited,pfba,bound_scaling,human2
MAR05411,transport of L-lactate (cytosol to mitochondria),,ENSG00000155380,0.3,0.7,4.000000000000007,3.9999999999999907,True,optimal,63.00000000000044,1.1540696620941162,63.000000000000256,31.499999999999904,5.250000000000005,5.249999999999984,2.000000000000014,12.000000000000036,0.0,0.0,620.0000000000031,glucose_limited,pfba,bound_scaling,human2
MAR05411,transport of L-lactate (cytosol to mitochondria),,ENSG00000155380,0.35,0.65,4.000000000000007,3.9999999999999907,True,optimal,63.00000000000044,1.1597323417663574,63.000000000000256,31.499999999999904,5.250000000000005,5.249999999999984,2.000000000000014,12.000000000000036,0.0,0.0,620.0000000000031,glucose_limited,pfba,bound_scaling,human2
MAR05411,transport of L-lactate (cytosol to mitochondria),,ENSG00000155380,0.4,0.6,4.000000000000007,3.9999999999999907,True,optimal,63.00000000000044,1.160862922668457,63.000000000000256,31.499999999999904,5.250000000000005,5.249999999999984,2.000000000000014,12.000000000000036,0.0,0.0,620.0000000000031,glucose_limited,pfba,bound_scaling,human2
MAR05411,transport of L-lactate (cytosol to mitochondria),,ENSG00000155380,0.45,0.55,4.000000000000007,3.9999999999999907,True,optimal,63.00000000000044,1.1520531177520752,63.000000000000256,31.499999999999904,5.250000000000005,5.249999999999984,2.000000000000014,12.000000000000036,0.0,0.0,620.0000000000031,glucose_limited,pfba,bound_scaling,human2
MAR05411,transport of L-lactate (cytosol to mitochondria),,ENSG00000155380,0.5,0.5,4.000000000000007,3.9999999999999907,True,optimal,63.00000000000044,1.1467559337615967,63.000000000000256,31.499999999999904,5.250000000000005,5.249999999999984,2.000000000000014,12.000000000000036,0.0,0.0,620.0000000000031,glucose_limited,pfba,bound_scaling,human2
MAR05411,transport of L-lactate (cytosol to mitochondria),,ENSG00000155380,0.55,0.44999999999999996,4.000000000000007,3.9999999999999907,True,optimal,63.00000000000044,1.1517574787139893,63.000000000000256,31.499999999999904,5.250000000000005,5.249999999999984,2.000000000000014,12.000000000000036,0.0,0.0,620.0000000000031,glucose_limited,pfba,bound_scaling,human2
MAR05411,transport of L-lactate (cytosol to mitochondria),,ENSG00000155380,0.6,0.4,4.000000000000007,3.9999999999999907,True,optimal,63.00000000000044,1.1481053829193115,63.000000000000256,31.499999999999904,5.250000000000005,5.249999999999984,2.000000000000014,12.000000000000036,0.0,0.0,620.0000000000031,glucose_limited,pfba,bound_scaling,human2
MAR05411,transport of L-lactate (cytosol to mitochondria),,ENSG00000155380,0.65,0.35,4.000000000000007,2.0623965862499998,True,optimal,63.00000000000044,1.1614909172058105,63.000000000000256,31.49999999999996,5.250000000000002,5.249999999999994,2.0000000000000107,12.000000000000044,0.0,0.0,621.9376034137529,glucose_limited,pfba,bound_scaling,human2
MAR05411,transport of L-lactate (cytosol to mitochondria),,ENSG00000155380,0.7,0.30000000000000004,4.000000000000007,0.618718975875,True,optimal,63.00000000000044,1.152573585510254,63.000000000000256,31.49999999999996,5.250000000000003,5.249999999999994,2.0000000000000107,12.000000000000043,0.0,0.0,623.3812810241278,glucose_limited,pfba,bound_scaling,human2
MAR05411,transport of L-lactate (cytosol to mitochondria),,ENSG00000155380,0.75,0.25,4.000000000000007,0.15467974396875,True,optimal,63.00000000000044,1.1653952598571777,63.000000000000256,31.49999999999996,5.250000000000002,5.249999999999994,2.0000000000000107,12.000000000000044,0.0,0.0,623.8453202560341,glucose_limited,pfba,bound_scaling,human2
MAR05411,transport of L-lactate (cytosol to mitochondria),,ENSG00000155380,0.8,0.19999999999999996,4.000000000000007,0.030935948793749994,True,optimal,63.00000000000044,1.1842827796936035,63.000000000000256,31.49999999999996,5.250000000000003,5.249999999999994,2.0000000000000107,12.000000000000043,0.0,0.0,623.9690640512092,glucose_limited,pfba,bound_scaling,human2
MAR05411,transport of L-lactate (cytosol to mitochondria),,ENSG00000155380,0.85,0.15000000000000002,4.000000000000007,0.0046403923190625,True,optimal,63.00000000000044,1.1727705001831055,63.000000000000256,31.49999999999996,5.25,5.249999999999994,2.0000000000000107,12.000000000000048,0.0,0.0,623.9953596076838,glucose_limited,pfba,bound_scaling,human2
MAR05411,transport of L-lactate (cytosol to mitochondria),,ENSG00000155380,0.9,0.09999999999999998,4.000000000000007,0.00046403923190624987,True,optimal,63.00000000000044,1.1627929210662842,63.000000000000256,31.49999999999996,5.250000000000002,5.249999999999994,2.0000000000000107,12.000000000000044,0.0,0.0,623.999535960771,glucose_limited,pfba,bound_scaling,human2
MAR05411,transport of L-lactate (cytosol to mitochondria),,ENSG00000155380,0.95,0.050000000000000044,4.000000000000007,2.3201961595312515e-05,True,optimal,63.00000000000044,1.1579439640045166,63.000000000000256,31.49999999999996,5.250000000000002,5.249999999999994,2.0000000000000107,12.000000000000044,0.0,0.0,623.9999767980412,glucose_limited,pfba,bound_scaling,human2
MAR05411,transport of L-lactate (cytosol to mitochondria),,ENSG00000155380,1.0,0.0,4.000000000000007,0.0,True,optimal,63.00000000000044,1.1591660976409912,63.000000000000256,31.499999999999883,5.249999999999999,5.249999999999981,2.0000000000000155,12.000000000000052,0.0,0.0,624.0000000000032,glucose_limited,pfba,bound_scaling,human2
MAR06328,ATP:ADP phosphatransferase,,ENSG00000005022 or ENSG00000151729 or ENSG00000169100,0.0,1.0,59.000000000000405,59.000000000000234,True,optimal,63.00000000000044,1.1628069877624512,63.000000000000256,31.499999999999904,5.250000000000005,5.249999999999984,2.000000000000014,12.000000000000036,0.0,0.0,620.0000000000031,glucose_limited,pfba,bound_scaling,human2
MAR06328,ATP:ADP phosphatransferase,,ENSG00000005022 or ENSG00000151729 or ENSG00000169100,0.05,0.95,59.000000000000405,59.000000000000234,True,optimal,63.00000000000044,1.1606314182281494,63.000000000000256,31.499999999999904,5.250000000000005,5.249999999999984,2.000000000000014,12.000000000000036,0.0,0.0,620.0000000000031,glucose_limited,pfba,bound_scaling,human2
MAR06328,ATP:ADP phosphatransferase,,ENSG00000005022 or ENSG00000151729 or ENSG00000169100,0.1,0.9,59.000000000000405,59.000000000000234,True,optimal,63.00000000000044,1.1642189025878906,63.000000000000256,31.499999999999904,5.250000000000005,5.249999999999984,2.000000000000014,12.000000000000036,0.0,0.0,620.0000000000031,glucose_limited,pfba,bound_scaling,human2
MAR06328,ATP:ADP phosphatransferase,,ENSG00000005022 or ENSG00000151729 or ENSG00000169100,0.15,0.85,59.000000000000405,59.000000000000234,True,optimal,63.00000000000044,1.2252147197723389,63.000000000000256,31.499999999999904,5.250000000000005,5.249999999999984,2.000000000000014,12.000000000000036,0.0,0.0,620.0000000000031,glucose_limited,pfba,bound_scaling,human2
MAR06328,ATP:ADP phosphatransferase,,ENSG00000005022 or ENSG00000151729 or ENSG00000169100,0.2,0.8,59.000000000000405,59.000000000000234,True,optimal,63.00000000000044,1.1566896438598633,63.000000000000256,31.499999999999904,5.250000000000005,5.249999999999984,2.000000000000014,12.000000000000036,0.0,0.0,620.0000000000031,glucose_limited,pfba,bound_scaling,human2
MAR06328,ATP:ADP phosphatransferase,,ENSG00000005022 or ENSG00000151729 or ENSG00000169100,0.25,0.75,59.000000000000405,59.000000000000234,True,optimal,63.00000000000044,1.1640598773956299,63.000000000000256,31.499999999999904,5.250000000000005,5.249999999999984,2.000000000000014,12.000000000000036,0.0,0.0,620.0000000000031,glucose_limited,pfba,bound_scaling,human2
MAR06328,ATP:ADP phosphatransferase,,ENSG00000005022 or ENSG00000151729 or ENSG00000169100,0.3,0.7,59.000000000000405,59.000000000000234,True,optimal,63.00000000000044,1.161062240600586,63.000000000000256,31.499999999999904,5.250000000000005,5.249999999999984,2.000000000000014,12.000000000000036,0.0,0.0,620.0000000000031,glucose_limited,pfba,bound_scaling,human2
MAR06328,ATP:ADP phosphatransferase,,ENSG00000005022 or ENSG00000151729 or ENSG00000169100,0.35,0.65,59.000000000000405,59.000000000000234,True,optimal,63.00000000000044,1.1617767810821533,63.000000000000256,31.499999999999904,5.250000000000005,5.249999999999984,2.000000000000014,12.000000000000036,0.0,0.0,620.0000000000031,glucose_limited,pfba,bound_scaling,human2
MAR06328,ATP:ADP phosphatransferase,,ENSG00000005022 or ENSG00000151729 or ENSG00000169100,0.4,0.6,59.000000000000405,59.000000000000234,True,optimal,63.00000000000044,1.2258598804473877,63.000000000000256,31.499999999999904,5.250000000000005,5.249999999999984,2.000000000000014,12.000000000000036,0.0,0.0,620.0000000000031,glucose_limited,pfba,bound_scaling,human2
MAR06328,ATP:ADP phosphatransferase,,ENSG00000005022 or ENSG00000151729 or ENSG00000169100,0.45,0.55,59.000000000000405,59.000000000000234,True,optimal,63.00000000000044,1.164224624633789,63.000000000000256,31.499999999999904,5.250000000000005,5.249999999999984,2.000000000000014,12.000000000000036,0.0,0.0,620.0000000000031,glucose_limited,pfba,bound_scaling,human2
MAR06328,ATP:ADP phosphatransferase,,ENSG00000005022 or ENSG00000151729 or ENSG00000169100,0.5,0.5,59.000000000000405,32.736453749999995,True,optimal,63.00000000000032,1.238081455230713,63.00000000000013,31.500000000001844,5.249999999999969,5.250000000000307,1.999999999999887,12.000000000000096,0.0,0.0,658.395319375003,glucose_limited,pfba,bound_scaling,human2
MAR06328,ATP:ADP phosphatransferase,,ENSG00000005022 or ENSG00000151729 or ENSG00000169100,0.55,0.44999999999999996,59.000000000000405,14.731404187499997,True,optimal,63.00000000000032,1.2391180992126465,63.00000000000006,31.499999999999364,5.250000000000002,5.249999999999894,2.000000000000042,12.000000000000007,0.0,0.0,685.4028937187519,glucose_limited,pfba,bound_scaling,human2
MAR06328,ATP:ADP phosphatransferase,,ENSG00000005022 or ENSG00000151729 or ENSG00000169100,0.6,0.4,59.000000000000405,5.892561675,True,optimal,62.99999999999989,1.2062628269195557,63.00000000000006,31.50000000000015,5.25,5.250000000000025,1.9999999999999922,12.00000000000001,0.0,0.0,698.6611574875012,glucose_limited,pfba,bound_scaling,human2
MAR06328,ATP:ADP phosphatransferase,,ENSG00000005022 or ENSG00000151729 or ENSG00000169100,0.65,0.35,59.000000000000405,2.0623965862499998,True,optimal,63.00000000000002,1.1665713787078857,63.00000000000009,31.500000000000046,5.249999999999989,5.250000000000008,2.0,12.000000000000043,0.0,0.0,704.4064051206273,glucose_limited,pfba,bound_scaling,human2
MAR06328,ATP:ADP phosphatransferase,,ENSG00000005022 or ENSG00000151729 or ENSG00000169100,0.7,0.30000000000000004,59.000000000000405,0.618718975875,True,optimal,63.000000000000185,1.1688401699066162,62.99999999999988,31.500000000000018,5.2500000000000036,5.250000000000003,1.9999999999999951,11.999999999999968,0.0,0.0,706.5719215361867,glucose_limited,pfba,bound_scaling,human2
MAR06328,ATP:ADP phosphatransferase,,ENSG00000005022 or ENSG00000151729 or ENSG00000169100,0.75,0.25,59.000000000000405,0.15467974396875,True,optimal,63.00000000000007,1.183025598526001,63.00000000000016,31.49999999999975,5.25,5.249999999999959,2.000000000000021,12.00000000000003,0.0,0.0,707.2679803840498,glucose_limited,pfba,bound_scaling,human2
MAR06328,ATP:ADP phosphatransferase,,ENSG00000005022 or ENSG00000151729 or ENSG00000169100,0.8,0.19999999999999996,59.000000000000405,0.030935948793749994,True,optimal,62.999999999999744,1.1842412948608398,63.00000000000006,31.500000000000366,5.2499999999999805,5.250000000000061,1.9999999999999785,12.000000000000055,0.0,0.0,707.4535960768117,glucose_limited,pfba,bound_scaling,human2
MAR06328,ATP:ADP phosphatransferase,,ENSG00000005022 or ENSG00000151729 or ENSG00000169100,0.85,0.15000000000000002,59.000000000000405,0.0046403923190625,True,optimal,62.999999999999744,1.1844794750213623,62.999999999999986,31.499999999999922,5.249999999999997,5.249999999999988,2.0000000000000044,12.000000000000004,0.0,0.0,707.4930394115215,glucose_limited,pfba,bound_scaling,human2
MAR06328,ATP:ADP phosphatransferase,,ENSG00000005022 or ENSG00000151729 or ENSG00000169100,0.9,0.09999999999999998,59.000000000000405,0.00046403923190624987,True,optimal,62.999999999999865,1.248992681503296,62.99999999999986,31.50000000000005,5.250000000000002,5.250000000000008,1.9999999999999922,11.999999999999968,0.0,0.0,707.4993039411511,glucose_limited,pfba,bound_scaling,human2
MAR06328,ATP:ADP phosphatransferase,,ENSG00000005022 or ENSG00000151729 or ENSG00000169100,0.95,0.050000000000000044,59.000000000000405,2.3201961595312515e-05,True,optimal,62.99999999999964,1.0457615852355957,62.999999999999865,31.499999999999932,5.249999999999995,5.2499999999999885,2.0,11.999999999999986,0.0,0.0,707.4999651970572,glucose_limited,pfba,bound_scaling,human2
MAR06328,ATP:ADP phosphatransferase,,ENSG00000005022 or ENSG00000151729 or ENSG00000169100,1.0,0.0,59.000000000000405,0.0,True,optimal,63.000000000000085,1.3757143020629883,63.00000000000006,31.50000000000038,5.249999999999984,5.250000000000064,1.9999999999999776,12.000000000000048,0.0,0.0,707.5000000000013,glucose_limited,pfba,bound_scaling,human2
MAR06409,Dihydrolipoamide:NAD+ oxidoreductase,,ENSG00000091140,0.0,1.0,-8.000000000000055,-8.000000000000027,True,optimal,63.00000000000044,1.1604993343353271,63.000000000000256,31.499999999999904,5.250000000000005,5.249999999999984,2.000000000000014,12.000000000000036,0.0,0.0,620.0000000000031,glucose_limited,pfba,bound_scaling,human2
MAR06409,Dihydrolipoamide:NAD+ oxidoreductase,,ENSG00000091140,0.05,0.95,-8.000000000000055,-8.000000000000027,True,optimal,63.00000000000044,1.162041425704956,63.000000000000256,31.499999999999904,5.250000000000005,5.249999999999984,2.000000000000014,12.000000000000036,0.0,0.0,620.0000000000031,glucose_limited,pfba,bound_scaling,human2
MAR06409,Dihydrolipoamide:NAD+ oxidoreductase,,ENSG00000091140,0.1,0.9,-8.000000000000055,-8.000000000000027,True,optimal,63.00000000000044,1.1652805805206299,63.000000000000256,31.499999999999904,5.250000000000005,5.249999999999984,2.000000000000014,12.000000000000036,0.0,0.0,620.0000000000031,glucose_limited,pfba,bound_scaling,human2
MAR06409,Dihydrolipoamide:NAD+ oxidoreductase,,ENSG00000091140,0.15,0.85,-8.000000000000055,-8.000000000000027,True,optimal,63.00000000000044,1.2229642868041992,63.000000000000256,31.499999999999904,5.250000000000005,5.249999999999984,2.000000000000014,12.000000000000036,0.0,0.0,620.0000000000031,glucose_limited,pfba,bound_scaling,human2
MAR06409,Dihydrolipoamide:NAD+ oxidoreductase,,ENSG00000091140,0.2,0.8,-8.000000000000055,-8.000000000000027,True,optimal,63.00000000000044,1.1619913578033447,63.000000000000256,31.499999999999904,5.250000000000005,5.249999999999984,2.000000000000014,12.000000000000036,0.0,0.0,620.0000000000031,glucose_limited,pfba,bound_scaling,human2
MAR06409,Dihydrolipoamide:NAD+ oxidoreductase,,ENSG00000091140,0.25,0.75,-8.000000000000055,-8.000000000000027,True,optimal,63.00000000000044,1.1721069812774658,63.000000000000256,31.499999999999904,5.250000000000005,5.249999999999984,2.000000000000014,12.000000000000036,0.0,0.0,620.0000000000031,glucose_limited,pfba,bound_scaling,human2
MAR06409,Dihydrolipoamide:NAD+ oxidoreductase,,ENSG00000091140,0.3,0.7,-8.000000000000055,-8.000000000000027,True,optimal,63.00000000000044,1.1605250835418701,63.000000000000256,31.499999999999904,5.250000000000005,5.249999999999984,2.000000000000014,12.000000000000036,0.0,0.0,620.0000000000031,glucose_limited,pfba,bound_scaling,human2
MAR06409,Dihydrolipoamide:NAD+ oxidoreductase,,ENSG00000091140,0.35,0.65,-8.000000000000055,-8.000000000000027,True,optimal,63.00000000000044,1.1649401187896729,63.000000000000256,31.499999999999904,5.250000000000005,5.249999999999984,2.000000000000014,12.000000000000036,0.0,0.0,620.0000000000031,glucose_limited,pfba,bound_scaling,human2
MAR06409,Dihydrolipoamide:NAD+ oxidoreductase,,ENSG00000091140,0.4,0.6,-8.000000000000055,-8.000000000000027,True,optimal,63.00000000000044,1.2376413345336914,63.000000000000256,31.499999999999904,5.250000000000005,5.249999999999984,2.000000000000014,12.000000000000036,0.0,0.0,620.0000000000031,glucose_limited,pfba,bound_scaling,human2
MAR06409,Dihydrolipoamide:NAD+ oxidoreductase,,ENSG00000091140,0.45,0.55,-8.000000000000055,-8.000000000000027,True,optimal,63.00000000000044,1.1555099487304688,63.000000000000256,31.499999999999904,5.250000000000005,5.249999999999984,2.000000000000014,12.000000000000036,0.0,0.0,620.0000000000031,glucose_limited,pfba,bound_scaling,human2
MAR06409,Dihydrolipoamide:NAD+ oxidoreductase,,ENSG00000091140,0.5,0.5,-8.000000000000055,-8.000000000000027,True,optimal,63.00000000000044,1.1514272689819336,63.000000000000256,31.499999999999904,5.250000000000005,5.249999999999984,2.000000000000014,12.000000000000036,0.0,0.0,620.0000000000031,glucose_limited,pfba,bound_scaling,human2
MAR06409,Dihydrolipoamide:NAD+ oxidoreductase,,ENSG00000091140,0.55,0.44999999999999996,-8.000000000000055,-8.000000000000027,True,optimal,63.00000000000044,1.1642537117004395,63.000000000000256,31.499999999999904,5.250000000000005,5.249999999999984,2.000000000000014,12.000000000000036,0.0,0.0,620.0000000000031,glucose_limited,pfba,bound_scaling,human2
MAR06409,Dihydrolipoamide:NAD+ oxidoreductase,,ENSG00000091140,0.6,0.4,-8.000000000000055,-5.892561675,True,optimal,62.209710628125464,1.1650335788726807,62.20971062812552,31.10485531406276,5.1841425523437845,5.184142552343793,2.0,12.000000000000021,0.0,0.0,632.3650157791874,glucose_limited,pfba,bound_scaling,human2
MAR06409,Dihydrolipoamide:NAD+ oxidoreductase,,ENSG00000091140,0.65,0.35,-8.000000000000055,-2.0623965862499998,True,optimal,60.77339871984356,1.1214048862457275,60.77339871984336,30.38669935992168,5.0644498933202815,5.06444989332028,2.0,11.999999999999996,0.0,0.0,660.5615825810677,glucose_limited,pfba,bound_scaling,human2
MAR06409,Dihydrolipoamide:NAD+ oxidoreductase,,ENSG00000091140,0.7,0.30000000000000004,-8.000000000000055,-0.618718975875,True,optimal,60.23201961595315,1.1332147121429443,60.23201961595324,30.11600980797662,5.019334967996026,5.0193349679961035,2.0,12.000000000000185,0.0,0.0,671.9906969965365,glucose_limited,pfba,bound_scaling,human2
MAR06409,Dihydrolipoamide:NAD+ oxidoreductase,,ENSG00000091140,0.75,0.25,-8.000000000000055,-0.15467974396875,True,optimal,60.05800490398817,1.1270840167999268,60.05800490398874,30.02900245199437,5.004833741999035,5.004833741999062,2.0,12.000000000000064,0.0,0.0,675.6643409158156,glucose_limited,pfba,bound_scaling,human2
MAR06409,Dihydrolipoamide:NAD+ oxidoreductase,,ENSG00000091140,0.8,0.19999999999999996,-8.000000000000055,-0.030935948793749994,True,optimal,60.01160098079798,1.1163997650146484,60.011600980797475,30.005800490398737,5.000966748399806,5.000966748399789,2.0,11.999999999999961,0.0,0.0,676.6439792942724,glucose_limited,pfba,bound_scaling,human2
MAR06409,Dihydrolipoamide:NAD+ oxidoreductase,,ENSG00000091140,0.85,0.15000000000000002,-8.000000000000055,-0.0046403923190625,True,optimal,60.001740147120096,1.122864007949829,60.001740147119584,30.000870073559792,5.000145012259898,5.000145012259965,2.0,12.000000000000162,0.0,0.0,676.8521524496907,glucose_limited,pfba,bound_scaling,human2
MAR06409,Dihydrolipoamide:NAD+ oxidoreductase,,ENSG00000091140,0.9,0.09999999999999998,-8.000000000000055,-0.00046403923190624987,True,optimal,60.00017401471195,1.122380018234253,60.00017401471237,30.000087007356186,5.000014501225998,5.000014501226031,2.0,12.00000000000008,0.0,0.0,676.8852152449742,glucose_limited,pfba,bound_scaling,human2
MAR06409,Dihydrolipoamide:NAD+ oxidoreductase,,ENSG00000091140,0.95,0.050000000000000044,-8.000000000000055,-2.3201961595312515e-05,True,optimal,60.00174421861817,1.1608147621154785,60.001744218617766,30.000872109308883,4.999966504295564,5.00014535155148,2.0,12.000429236289714,0.0,0.0,676.9078130755615,glucose_limited,pfba,bound_scaling,human2
MAR06409,Dihydrolipoamide:NAD+ oxidoreductase,,ENSG00000091140,1.0,0.0,-8.000000000000055,0.0,True,optimal,59.99999999999994,1.0510377883911133,60.00000000000002,30.00000000000001,4.999999999999993,5.000000000000002,2.0,12.000000000000021,0.0,0.0,676.8888888888889,glucose_limited,pfba,bound_scaling,human2
MAR06412,acetyl-CoA:enzyme N6-(dihydrolipoyl)lysine S-acetyltransferase,,ENSG00000110435 and ENSG00000150768,0.0,1.0,4.000000000000023,4.000000000000004,True,optimal,63.00000000000044,1.1589794158935547,63.000000000000256,31.499999999999904,5.250000000000005,5.249999999999984,2.000000000000014,12.000000000000036,0.0,0.0,620.0000000000031,glucose_limited,pfba,bound_scaling,human2
MAR06412,acetyl-CoA:enzyme N6-(dihydrolipoyl)lysine S-acetyltransferase,,ENSG00000110435 and ENSG00000150768,0.05,0.95,4.000000000000023,4.000000000000004,True,optimal,63.00000000000044,1.157745361328125,63.000000000000256,31.499999999999904,5.250000000000005,5.249999999999984,2.000000000000014,12.000000000000036,0.0,0.0,620.0000000000031,glucose_limited,pfba,bound_scaling,human2
MAR06412,acetyl-CoA:enzyme N6-(dihydrolipoyl)lysine S-acetyltransferase,,ENSG00000110435 and ENSG00000150768,0.1,0.9,4.000000000000023,4.000000000000004,True,optimal,63.00000000000044,1.1618163585662842,63.000000000000256,31.499999999999904,5.250000000000005,5.249999999999984,2.000000000000014,12.000000000000036,0.0,0.0,620.0000000000031,glucose_limited,pfba,bound_scaling,human2
MAR06412,acetyl-CoA:enzyme N6-(dihydrolipoyl)lysine S-acetyltransferase,,ENSG00000110435 and ENSG00000150768,0.15,0.85,4.000000000000023,4.000000000000004,True,optimal,63.00000000000044,1.1581366062164307,63.000000000000256,31.499999999999904,5.250000000000005,5.249999999999984,2.000000000000014,12.000000000000036,0.0,0.0,620.0000000000031,glucose_limited,pfba,bound_scaling,human2
MAR06412,acetyl-CoA:enzyme N6-(dihydrolipoyl)lysine S-acetyltransferase,,ENSG00000110435 and ENSG00000150768,0.2,0.8,4.000000000000023,4.000000000000004,True,optimal,63.00000000000044,1.1488587856292725,63.000000000000256,31.499999999999904,5.250000000000005,5.249999999999984,2.000000000000014,12.000000000000036,0.0,0.0,620.0000000000031,glucose_limited,pfba,bound_scaling,human2
MAR06412,acetyl-CoA:enzyme N6-(dihydrolipoyl)lysine S-acetyltransferase,,ENSG00000110435 and ENSG00000150768,0.25,0.75,4.000000000000023,4.000000000000004,True,optimal,63.00000000000044,1.1527926921844482,63.000000000000256,31.499999999999904,5.250000000000005,5.249999999999984,2.000000000000014,12.000000000000036,0.0,0.0,620.0000000000031,glucose_limited,pfba,bound_scaling,human2
MAR06412,acetyl-CoA:enzyme N6-(dihydrolipoyl)lysine S-acetyltransferase,,ENSG00000110435 and ENSG00000150768,0.3,0.7,4.000000000000023,4.000000000000004,True,optimal,63.00000000000044,1.1471037864685059,63.000000000000256,31.499999999999904,5.250000000000005,5.249999999999984,2.000000000000014,12.000000000000036,0.0,0.0,620.0000000000031,glucose_limited,pfba,bound_scaling,human2
MAR06412,acetyl-CoA:enzyme N6-(dihydrolipoyl)lysine S-acetyltransferase,,ENSG00000110435 and ENSG00000150768,0.35,0.65,4.000000000000023,4.000000000000004,True,optimal,63.00000000000044,1.1546597480773926,63.000000000000256,31.499999999999904,5.250000000000005,5.249999999999984,2.000000000000014,12.000000000000036,0.0,0.0,620.0000000000031,glucose_limited,pfba,bound_scaling,human2
MAR06412,acetyl-CoA:enzyme N6-(dihydrolipoyl)lysine S-acetyltransferase,,ENSG00000110435 and ENSG00000150768,0.4,0.6,4.000000000000023,4.000000000000004,True,optimal,63.00000000000044,1.1496922969818115,63.000000000000256,31.499999999999904,5.250000000000005,5.249999999999984,2.000000000000014,12.000000000000036,0.0,0.0,620.0000000000031,glucose_limited,pfba,bound_scaling,human2
MAR06412,acetyl-CoA:enzyme N6-(dihydrolipoyl)lysine S-acetyltransferase,,ENSG00000110435 and ENSG00000150768,0.45,0.55,4.000000000000023,4.000000000000004,True,optimal,63.00000000000044,1.1949331760406494,63.000000000000256,31.499999999999904,5.250000000000005,5.249999999999984,2.000000000000014,12.000000000000036,0.0,0.0,620.0000000000031,glucose_limited,pfba,bound_scaling,human2
MAR06412,acetyl-CoA:enzyme N6-(dihydrolipoyl)lysine S-acetyltransferase,,ENSG00000110435 and ENSG00000150768,0.5,0.5,4.000000000000023,4.000000000000004,True,optimal,63.00000000000044,1.150040864944458,63.000000000000256,31.499999999999904,5.250000000000005,5.249999999999984,2.000000000000014,12.000000000000036,0.0,0.0,620.0000000000031,glucose_limited,pfba,bound_scaling,human2
MAR06412,acetyl-CoA:enzyme N6-(dihydrolipoyl)lysine S-acetyltransferase,,ENSG00000110435 and ENSG00000150768,0.55,0.44999999999999996,4.000000000000023,4.000000000000004,True,optimal,63.00000000000044,1.1990153789520264,63.000000000000256,31.499999999999904,5.250000000000005,5.249999999999984,2.000000000000014,12.000000000000036,0.0,0.0,620.0000000000031,glucose_limited,pfba,bound_scaling,human2
MAR06412,acetyl-CoA:enzyme N6-(dihydrolipoyl)lysine S-acetyltransferase,,ENSG00000110435 and ENSG00000150768,0.6,0.4,4.000000000000023,4.000000000000004,True,optimal,63.00000000000044,1.1560769081115723,63.000000000000256,31.499999999999904,5.250000000000005,5.249999999999984,2.000000000000014,12.000000000000036,0.0,0.0,620.0000000000031,glucose_limited,pfba,bound_scaling,human2
MAR06412,acetyl-CoA:enzyme N6-(dihydrolipoyl)lysine S-acetyltransferase,,ENSG00000110435 and ENSG00000150768,0.65,0.35,4.000000000000023,2.0623965862499998,True,optimal,61.546797439687346,1.1138734817504883,61.546797439687275,30.773398719843637,5.12889978664063,5.1288997866406065,2.0,11.999999999999945,0.0,0.0,630.0109509710403,glucose_limited,pfba,bound_scaling,human2
MAR06412,acetyl-CoA:enzyme N6-(dihydrolipoyl)lysine S-acetyltransferase,,ENSG00000110435 and ENSG00000150768,0.7,0.30000000000000004,4.000000000000023,0.618718975875,True,optimal,60.46403923190637,1.1751081943511963,60.464039231906526,30.232019615953263,5.03866993599222,5.0386699359922105,2.0,11.999999999999977,0.0,0.0,637.469951957991,glucose_limited,pfba,bound_scaling,human2
MAR06412,acetyl-CoA:enzyme N6-(dihydrolipoyl)lysine S-acetyltransferase,,ENSG00000110435 and ENSG00000150768,0.75,0.25,4.000000000000023,0.15467974396875,True,optimal,60.11600980797641,1.14546537399292,60.11600980797654,30.05800490398827,5.009667483998035,5.009667483998045,2.0,12.000000000000023,0.0,0.0,639.8674879894946,glucose_limited,pfba,bound_scaling,human2
MAR06412,acetyl-CoA:enzyme N6-(dihydrolipoyl)lysine S-acetyltransferase,,ENSG00000110435 and ENSG00000150768,0.8,0.19999999999999996,4.000000000000023,0.030935948793749994,True,optimal,60.0232019615955,1.146850824356079,60.02320196159508,30.01160098079754,5.001933496799581,5.00193349679959,2.0,12.000000000000021,0.0,0.0,640.5068309312293,glucose_limited,pfba,bound_scaling,human2
MAR06412,acetyl-CoA:enzyme N6-(dihydrolipoyl)lysine S-acetyltransferase,,ENSG00000110435 and ENSG00000150768,0.85,0.15000000000000002,4.000000000000023,0.0046403923190625,True,optimal,60.00348029423936,1.1242711544036865,60.00348029423935,30.001740147119676,5.000290024520006,5.000290024519946,2.0,11.999999999999856,0.0,0.0,640.6426913063586,glucose_limited,pfba,bound_scaling,human2
MAR06412,acetyl-CoA:enzyme N6-(dihydrolipoyl)lysine S-acetyltransferase,,ENSG00000110435 and ENSG00000150768,0.9,0.09999999999999998,4.000000000000023,0.00046403923190624987,True,optimal,60.00034802942369,1.1743898391723633,60.000348029423975,30.000174014711988,5.000029002451987,5.000029002451998,2.0,12.000000000000027,0.0,0.0,640.6642691306357,glucose_limited,pfba,bound_scaling,human2
MAR06412,acetyl-CoA:enzyme N6-(dihydrolipoyl)lysine S-acetyltransferase,,ENSG00000110435 and ENSG00000150768,0.95,0.050000000000000044,4.000000000000023,2.3201961595312515e-05,True,optimal,60.00001740147106,1.1258618831634521,60.00001740147076,30.00000870073538,5.000001450122771,5.000001450122563,2.0,11.9999999999995,0.0,0.0,640.6665467898653,glucose_limited,pfba,bound_scaling,human2
MAR06412,acetyl-CoA:enzyme N6-(dihydrolipoyl)lysine S-acetyltransferase,,ENSG00000110435 and ENSG00000150768,1.0,0.0,4.000000000000023,0.0,True,optimal,60.00000000000009,1.55704665184021,60.00000000000025,30.000000000000124,4.9999999999999885,5.00000000000002,2.0,12.000000000000078,0.0,0.0,640.666666666669,glucose_limited,pfba,bound_scaling,human2
MAR06914,ferrocytochrome-c:oxygen oxidoreductase,,ENSG00000198804 and ENSG00000198712 and ENSG00000198938 and (ENSG00000131143 or ENSG00000131055) and ENSG00000178741 and ENSG00000135940 and (ENSG00000111775 or ENSG00000156885) and (ENSG00000126267 or ENSG00000160471) and ENSG00000164919 and (ENSG00000161281 or ENSG00000112695) and ENSG00000131174 and ENSG00000170516 and ENSG00000127184 and ENSG00000176340 and ENSG00000189043,0.0,1.0,12.000000000000083,12.000000000000048,True,optimal,63.00000000000044,1.163954734802246,63.000000000000256,31.499999999999904,5.250000000000005,5.249999999999984,2.000000000000014,12.000000000000036,0.0,0.0,620.0000000000031,glucose_limited,pfba,bound_scaling,human2
MAR06914,ferrocytochrome-c:oxygen oxidoreductase,,ENSG00000198804 and ENSG00000198712 and ENSG00000198938 and (ENSG00000131143 or ENSG00000131055) and ENSG00000178741 and ENSG00000135940 and (ENSG00000111775 or ENSG00000156885) and (ENSG00000126267 or ENSG00000160471) and ENSG00000164919 and (ENSG00000161281 or ENSG00000112695) and ENSG00000131174 and ENSG00000170516 and ENSG00000127184 and ENSG00000176340 and ENSG00000189043,0.05,0.95,12.000000000000083,12.000000000000048,True,optimal,63.00000000000044,1.1643671989440918,63.000000000000256,31.499999999999904,5.250000000000005,5.249999999999984,2.000000000000014,12.000000000000036,0.0,0.0,620.0000000000031,glucose_limited,pfba,bound_scaling,human2
MAR06914,ferrocytochrome-c:oxygen oxidoreductase,,ENSG00000198804 and ENSG00000198712 and ENSG00000198938 and (ENSG00000131143 or ENSG00000131055) and ENSG00000178741 and ENSG00000135940 and (ENSG00000111775 or ENSG00000156885) and (ENSG00000126267 or ENSG00000160471) and ENSG00000164919 and (ENSG00000161281 or ENSG00000112695) and ENSG00000131174 and ENSG00000170516 and ENSG00000127184 and ENSG00000176340 and ENSG00000189043,0.1,0.9,12.000000000000083,12.000000000000048,True,optimal,63.00000000000044,1.1718180179595947,63.000000000000256,31.499999999999904,5.250000000000005,5.249999999999984,2.000000000000014,12.000000000000036,0.0,0.0,620.0000000000031,glucose_limited,pfba,bound_scaling,human2
MAR06914,ferrocytochrome-c:oxygen oxidoreductase,,ENSG00000198804 and ENSG00000198712 and ENSG00000198938 and (ENSG00000131143 or ENSG00000131055) and ENSG00000178741 and ENSG00000135940 and (ENSG00000111775 or ENSG00000156885) and (ENSG00000126267 or ENSG00000160471) and ENSG00000164919 and (ENSG00000161281 or ENSG00000112695) and ENSG00000131174 and ENSG00000170516 and ENSG00000127184 and ENSG00000176340 and ENSG00000189043,0.15,0.85,12.000000000000083,12.000000000000048,True,optimal,63.00000000000044,1.162581443786621,63.000000000000256,31.499999999999904,5.250000000000005,5.249999999999984,2.000000000000014,12.000000000000036,0.0,0.0,620.0000000000031,glucose_limited,pfba,bound_scaling,human2
MAR06914,ferrocytochrome-c:oxygen oxidoreductase,,ENSG00000198804 and ENSG00000198712 and ENSG00000198938 and (ENSG00000131143 or ENSG00000131055) and ENSG00000178741 and ENSG00000135940 and (ENSG00000111775 or ENSG00000156885) and (ENSG00000126267 or ENSG00000160471) and ENSG00000164919 and (ENSG00000161281 or ENSG00000112695) and ENSG00000131174 and ENSG00000170516 and ENSG00000127184 and ENSG00000176340 and ENSG00000189043,0.2,0.8,12.000000000000083,12.000000000000048,True,optimal,63.00000000000044,1.1589436531066895,63.000000000000256,31.499999999999904,5.250000000000005,5.249999999999984,2.000000000000014,12.000000000000036,0.0,0.0,620.0000000000031,glucose_limited,pfba,bound_scaling,human2
MAR06914,ferrocytochrome-c:oxygen oxidoreductase,,ENSG00000198804 and ENSG00000198712 and ENSG00000198938 and (ENSG00000131143 or ENSG00000131055) and ENSG00000178741 and ENSG00000135940 and (ENSG00000111775 or ENSG00000156885) and (ENSG00000126267 or ENSG00000160471) and ENSG00000164919 and (ENSG00000161281 or ENSG00000112695) and ENSG00000131174 and ENSG00000170516 and ENSG00000127184 and ENSG00000176340 and ENSG00000189043,0.25,0.75,12.000000000000083,12.000000000000048,True,optimal,63.00000000000044,1.1545488834381104,63.000000000000256,31.499999999999904,5.250000000000005,5.249999999999984,2.000000000000014,12.000000000000036,0.0,0.0,620.0000000000031,glucose_limited,pfba,bound_scaling,human2
MAR06914,ferrocytochrome-c:oxygen oxidoreductase,,ENSG00000198804 and ENSG00000198712 and ENSG00000198938 and (ENSG00000131143 or ENSG00000131055) and ENSG00000178741 and ENSG00000135940 and (ENSG00000111775 or ENSG00000156885) and (ENSG00000126267 or ENSG00000160471) and ENSG00000164919 and (ENSG00000161281 or ENSG00000112695) and ENSG00000131174 and ENSG00000170516 and ENSG00000127184 and ENSG00000176340 and ENSG00000189043,0.3,0.7,12.000000000000083,12.000000000000048,True,optimal,63.00000000000044,1.1590311527252197,63.000000000000256,31.499999999999904,5.250000000000005,5.249999999999984,2.000000000000014,12.000000000000036,0.0,0.0,620.0000000000031,glucose_limited,pfba,bound_scaling,human2
MAR06914,ferrocytochrome-c:oxygen oxidoreductase,,ENSG00000198804 and ENSG00000198712 and ENSG00000198938 and (ENSG00000131143 or ENSG00000131055) and ENSG00000178741 and ENSG00000135940 and (ENSG00000111775 or ENSG00000156885) and (ENSG00000126267 or ENSG00000160471) and ENSG00000164919 and (ENSG00000161281 or ENSG00000112695) and ENSG00000131174 and ENSG00000170516 and ENSG00000127184 and ENSG00000176340 and ENSG00000189043,0.35,0.65,12.000000000000083,12.000000000000048,True,optimal,63.00000000000044,1.1665222644805908,63.000000000000256,31.499999999999904,5.250000000000005,5.249999999999984,2.000000000000014,12.000000000000036,0.0,0.0,620.0000000000031,glucose_limited,pfba,bound_scaling,human2
MAR06914,ferrocytochrome-c:oxygen oxidoreductase,,ENSG00000198804 and ENSG00000198712 and ENSG00000198938 and (ENSG00000131143 or ENSG00000131055) and ENSG00000178741 and ENSG00000135940 and (ENSG00000111775 or ENSG00000156885) and (ENSG00000126267 or ENSG00000160471) and ENSG00000164919 and (ENSG00000161281 or ENSG00000112695) and ENSG00000131174 and ENSG00000170516 and ENSG00000127184 and ENSG00000176340 and ENSG00000189043,0.4,0.6,12.000000000000083,12.000000000000048,True,optimal,63.00000000000044,1.1660406589508057,63.000000000000256,31.499999999999904,5.250000000000005,5.249999999999984,2.000000000000014,12.000000000000036,0.0,0.0,620.0000000000031,glucose_limited,pfba,bound_scaling,human2
MAR06914,ferrocytochrome-c:oxygen oxidoreductase,,ENSG00000198804 and ENSG00000198712 and ENSG00000198938 and (ENSG00000131143 or ENSG00000131055) and ENSG00000178741 and ENSG00000135940 and (ENSG00000111775 or ENSG00000156885) and (ENSG00000126267 or ENSG00000160471) and ENSG00000164919 and (ENSG00000161281 or ENSG00000112695) and ENSG00000131174 and ENSG00000170516 and ENSG00000127184 and ENSG00000176340 and ENSG00000189043,0.45,0.55,12.000000000000083,12.000000000000048,True,optimal,63.00000000000044,1.2063255310058594,63.000000000000256,31.499999999999904,5.250000000000005,5.249999999999984,2.000000000000014,12.000000000000036,0.0,0.0,620.0000000000031,glucose_limited,pfba,bound_scaling,human2
MAR06914,ferrocytochrome-c:oxygen oxidoreductase,,ENSG00000198804 and ENSG00000198712 and ENSG00000198938 and (ENSG00000131143 or ENSG00000131055) and ENSG00000178741 and ENSG00000135940 and (ENSG00000111775 or ENSG00000156885) and (ENSG00000126267 or ENSG00000160471) and ENSG00000164919 and (ENSG00000161281 or ENSG00000112695) and ENSG00000131174 and ENSG00000170516 and ENSG00000127184 and ENSG00000176340 and ENSG00000189043,0.5,0.5,12.000000000000083,12.000000000000048,True,optimal,63.00000000000044,1.1578450202941895,63.000000000000256,31.499999999999904,5.250000000000005,5.249999999999984,2.000000000000014,12.000000000000036,0.0,0.0,620.0000000000031,glucose_limited,pfba,bound_scaling,human2
MAR06914,ferrocytochrome-c:oxygen oxidoreductase,,ENSG00000198804 and ENSG00000198712 and ENSG00000198938 and (ENSG00000131143 or ENSG00000131055) and ENSG00000178741 and ENSG00000135940 and (ENSG00000111775 or ENSG00000156885) and (ENSG00000126267 or ENSG00000160471) and ENSG00000164919 and (ENSG00000161281 or ENSG00000112695) and ENSG00000131174 and ENSG00000170516 and ENSG00000127184 and ENSG00000176340 and ENSG00000189043,0.55,0.44999999999999996,12.000000000000083,12.000000000000048,True,optimal,63.00000000000044,1.167267084121704,63.000000000000256,31.499999999999904,5.250000000000005,5.249999999999984,2.000000000000014,12.000000000000036,0.0,0.0,620.0000000000031,glucose_limited,pfba,bound_scaling,human2
MAR06914,ferrocytochrome-c:oxygen oxidoreductase,,ENSG00000198804 and ENSG00000198712 and ENSG00000198938 and (ENSG00000131143 or ENSG00000131055) and ENSG00000178741 and ENSG00000135940 and (ENSG00000111775 or ENSG00000156885) and (ENSG00000126267 or ENSG00000160471) and ENSG00000164919 and (ENSG00000161281 or ENSG00000112695) and ENSG00000131174 and ENSG00000170516 and ENSG00000127184 and ENSG00000176340 and ENSG00000189043,0.6,0.4,12.000000000000083,5.892561675,True,optimal,33.462808374999994,1.1679298877716064,33.462808374999994,16.731404187499997,4.298301628708267,2.788567364583333,2.0,7.785123350000054,0.0,0.0,379.8264266416686,glucose_limited,pfba,bound_scaling,human2
MAR06914,ferrocytochrome-c:oxygen oxidoreductase,,ENSG00000198804 and ENSG00000198712 and ENSG00000198938 and (ENSG00000131143 or ENSG00000131055) and ENSG00000178741 and ENSG00000135940 and (ENSG00000111775 or ENSG00000156885) and (ENSG00000126267 or ENSG00000160471) and ENSG00000164919 and (ENSG00000161281 or ENSG00000112695) and ENSG00000131174 and ENSG00000170516 and ENSG00000127184 and ENSG00000176340 and ENSG00000189043,0.65,0.35,12.000000000000083,2.0623965862499998,True,optimal,14.311982931249993,0.8389573097229004,14.311982931249998,7.155991465624999,6.939491185481977,1.1926652442708332,2.0,2.0623965862500007,0.0,0.0,157.28622020916674,glucose_limited,pfba,bound_scaling,human2
MAR06914,ferrocytochrome-c:oxygen oxidoreductase,,ENSG00000198804 and ENSG00000198712 and ENSG00000198938 and (ENSG00000131143 or ENSG00000131055) and ENSG00000178741 and ENSG00000135940 and (ENSG00000111775 or ENSG00000156885) and (ENSG00000126267 or ENSG00000160471) and ENSG00000164919 and (ENSG00000161281 or ENSG00000112695) and ENSG00000131174 and ENSG00000170516 and ENSG00000127184 and ENSG00000176340 and ENSG00000189043,0.7,0.30000000000000004,12.000000000000083,0.618718975875,True,optimal,7.093594879374999,0.8430068492889404,7.093594879375001,3.5467974396875004,11.464970618273275,0.5911329066145834,2.0,0.6187189758749995,2.7625620482499946,0.38944457573723146,84.9359487937501,glucose_limited,pfba,bound_scaling,human2
MAR06914,ferrocytochrome-c:oxygen oxidoreductase,,ENSG00000198804 and ENSG00000198712 and ENSG00000198938 and (ENSG00000131143 or ENSG00000131055) and ENSG00000178741 and ENSG00000135940 and (ENSG00000111775 or ENSG00000156885) and (ENSG00000126267 or ENSG00000160471) and ENSG00000164919 and (ENSG00000161281 or ENSG00000112695) and ENSG00000131174 and ENSG00000170516 and ENSG00000127184 and ENSG00000176340 and ENSG00000189043,0.75,0.25,12.000000000000083,0.15467974396875,True,optimal,4.773398719843749,0.8452022075653076,4.773398719843752,2.386699359921876,30.859882473093077,0.397783226653646,2.0,0.15467974396874998,3.690640512062459,0.7731682871409629,61.73398719843813,glucose_limited,pfba,bound_scaling,human2
MAR06914,ferrocytochrome-c:oxygen oxidoreductase,,ENSG00000198804 and ENSG00000198712 and ENSG00000198938 and (ENSG00000131143 or ENSG00000131055) and ENSG00000178741 and ENSG00000135940 and (ENSG00000111775 or ENSG00000156885) and (ENSG00000126267 or ENSG00000160471) and ENSG00000164919 and (ENSG00000161281 or ENSG00000112695) and ENSG00000131174 and ENSG00000170516 and ENSG00000127184 and ENSG00000176340 and ENSG00000189043,0.8,0.19999999999999996,12.000000000000083,0.030935948793749994,True,optimal,4.1546797439687495,0.8170323371887207,4.1546797439687495,2.0773398719843748,134.29941236546526,0.3462233119973958,2.0,0.030935948793750005,3.9381281024125196,0.9478776572681462,55.546797439687474,glucose_limited,pfba,bound_scaling,human2
MAR06914,ferrocytochrome-c:oxygen oxidoreductase,,ENSG00000198804 and ENSG00000198712 and ENSG00000198938 and (ENSG00000131143 or ENSG00000131055) and ENSG00000178741 and ENSG00000135940 and (ENSG00000111775 or ENSG00000156885) and (ENSG00000126267 or ENSG00000160471) and ENSG00000164919 and (ENSG00000161281 or ENSG00000112695) and ENSG00000131174 and ENSG00000170516 and ENSG00000127184 and ENSG00000176340 and ENSG00000189043,0.85,0.15000000000000002,12.000000000000083,0.0046403923190625,True,optimal,4.023201961595312,0.8373832702636719,4.023201961595314,2.011600980797657,866.9960824364363,0.33526683013294284,2.0,0.004640392319062496,3.990719215361864,0.9919261457556633,54.23201961595329,glucose_limited,pfba,bound_scaling,human2
MAR06914,ferrocytochrome-c:oxygen oxidoreductase,,ENSG00000198804 and ENSG00000198712 and ENSG00000198938 and (ENSG00000131143 or ENSG00000131055) and ENSG00000178741 and ENSG00000135940 and (ENSG00000111775 or ENSG00000156885) and (ENSG00000126267 or ENSG00000160471) and ENSG00000164919 and (ENSG00000161281 or ENSG00000112695) and ENSG00000131174 and ENSG00000170516 and ENSG00000127184 and ENSG00000176340 and ENSG00000189043,0.9,0.09999999999999998,12.000000000000083,0.00046403923190624987,True,optimal,4.002320196159531,0.8418924808502197,4.002320196159531,2.0011600980797657,8624.96082436436,0.3335266830132943,2.0,0.00046403923190624965,3.9990719215362076,0.9991884021107454,54.02320196159528,glucose_limited,pfba,bound_scaling,human2
MAR06914,ferrocytochrome-c:oxygen oxidoreductase,,ENSG00000198804 and ENSG00000198712 and ENSG00000198938 and (ENSG00000131143 or ENSG00000131055) and ENSG00000178741 and ENSG00000135940 and (ENSG00000111775 or ENSG00000156885) and (ENSG00000126267 or ENSG00000160471) and ENSG00000164919 and (ENSG00000161281 or ENSG00000112695) and ENSG00000131174 and ENSG00000170516 and ENSG00000127184 and ENSG00000176340 and ENSG00000189043,0.95,0.050000000000000044,12.000000000000083,2.3201961595312515e-05,True,optimal,4.000116009807977,0.8162131309509277,4.000116009807977,2.0000580049039884,172404.2164931398,0.3333430008173314,2.0,2.3201961594524846e-05,3.999953596076812,0.9999593977447737,54.00116009807981,glucose_limited,pfba,bound_scaling,human2
MAR06914,ferrocytochrome-c:oxygen oxidoreductase,,ENSG00000198804 and ENSG00000198712 and ENSG00000198938 and (ENSG00000131143 or ENSG00000131055) and ENSG00000178741 and ENSG00000135940 and (ENSG00000111775 or ENSG00000156885) and (ENSG00000126267 or ENSG00000160471) and ENSG00000164919 and (ENSG00000161281 or ENSG00000112695) and ENSG00000131174 and ENSG00000170516 and ENSG00000127184 and ENSG00000176340 and ENSG00000189043,1.0,0.0,12.000000000000083,0.0,True,optimal,4.000000000000001,0.8623015880584717,4.000000000000001,2.000000000000001,4000000000.0000005,0.3333333333333335,1.9999999999999998,1.6187379682153482e-16,3.9999999999999987,0.9999999999999994,54.00000000000003,glucose_limited,pfba,bound_scaling,human2
MAR06916,ATP phosphohydrolase,,ENSG00000099624 and ENSG00000110955 and ENSG00000116459 and ENSG00000124172 and ENSG00000135390 and ENSG00000152234 and ENSG00000154518 and ENSG00000154723 and ENSG00000156411 and ENSG00000159199 and ENSG00000165629 and ENSG00000167283 and ENSG00000167863 and ENSG00000169020 and ENSG00000173915 and ENSG00000198899 and ENSG00000228253 and ENSG00000241468 and ENSG00000241837 and ENSG00000249222 and ENSG00000180389,0.0,1.0,55.000000000000384,55.000000000000206,True,optimal,63.00000000000044,1.1501967906951904,63.000000000000256,31.499999999999904,5.250000000000005,5.249999999999984,2.000000000000014,12.000000000000036,0.0,0.0,620.0000000000031,glucose_limited,pfba,bound_scaling,human2
MAR06916,ATP phosphohydrolase,,ENSG00000099624 and ENSG00000110955 and ENSG00000116459 and ENSG00000124172 and ENSG00000135390 and ENSG00000152234 and ENSG00000154518 and ENSG00000154723 and ENSG00000156411 and ENSG00000159199 and ENSG00000165629 and ENSG00000167283 and ENSG00000167863 and ENSG00000169020 and ENSG00000173915 and ENSG00000198899 and ENSG00000228253 and ENSG00000241468 and ENSG00000241837 and ENSG00000249222 and ENSG00000180389,0.05,0.95,55.000000000000384,55.000000000000206,True,optimal,63.00000000000044,1.1538689136505127,63.000000000000256,31.499999999999904,5.250000000000005,5.249999999999984,2.000000000000014,12.000000000000036,0.0,0.0,620.0000000000031,glucose_limited,pfba,bound_scaling,human2
MAR06916,ATP phosphohydrolase,,ENSG00000099624 and ENSG00000110955 and ENSG00000116459 and ENSG00000124172 and ENSG00000135390 and ENSG00000152234 and ENSG00000154518 and ENSG00000154723 and ENSG00000156411 and ENSG00000159199 and ENSG00000165629 and ENSG00000167283 and ENSG00000167863 and ENSG00000169020 and ENSG00000173915 and ENSG00000198899 and ENSG00000228253 and ENSG00000241468 and ENSG00000241837 and ENSG00000249222 and ENSG00000180389,0.1,0.9,55.000000000000384,55.000000000000206,True,optimal,63.00000000000044,1.1572942733764648,63.000000000000256,31.499999999999904,5.250000000000005,5.249999999999984,2.000000000000014,12.000000000000036,0.0,0.0,620.0000000000031,glucose_limited,pfba,bound_scaling,human2
MAR06916,ATP phosphohydrolase,,ENSG00000099624 and ENSG00000110955 and ENSG00000116459 and ENSG00000124172 and ENSG00000135390 and ENSG00000152234 and ENSG00000154518 and ENSG00000154723 and ENSG00000156411 and ENSG00000159199 and ENSG00000165629 and ENSG00000167283 and ENSG00000167863 and ENSG00000169020 and ENSG00000173915 and ENSG00000198899 and ENSG00000228253 and ENSG00000241468 and ENSG00000241837 and ENSG00000249222 and ENSG00000180389,0.15,0.85,55.000000000000384,55.000000000000206,True,optimal,63.00000000000044,1.1531457901000977,63.000000000000256,31.499999999999904,5.250000000000005,5.249999999999984,2.000000000000014,12.000000000000036,0.0,0.0,620.0000000000031,glucose_limited,pfba,bound_scaling,human2
MAR06916,ATP phosphohydrolase,,ENSG00000099624 and ENSG00000110955 and ENSG00000116459 and ENSG00000124172 and ENSG00000135390 and ENSG00000152234 and ENSG00000154518 and ENSG00000154723 and ENSG00000156411 and ENSG00000159199 and ENSG00000165629 and ENSG00000167283 and ENSG00000167863 and ENSG00000169020 and ENSG00000173915 and ENSG00000198899 and ENSG00000228253 and ENSG00000241468 and ENSG00000241837 and ENSG00000249222 and ENSG00000180389,0.2,0.8,55.000000000000384,55.000000000000206,True,optimal,63.00000000000044,1.1558220386505127,63.000000000000256,31.499999999999904,5.250000000000005,5.249999999999984,2.000000000000014,12.000000000000036,0.0,0.0,620.0000000000031,glucose_limited,pfba,bound_scaling,human2
MAR06916,ATP phosphohydrolase,,ENSG00000099624 and ENSG00000110955 and ENSG00000116459 and ENSG00000124172 and ENSG00000135390 and ENSG00000152234 and ENSG00000154518 and ENSG00000154723 and ENSG00000156411 and ENSG00000159199 and ENSG00000165629 and ENSG00000167283 and ENSG00000167863 and ENSG00000169020 and ENSG00000173915 and ENSG00000198899 and ENSG00000228253 and ENSG00000241468 and ENSG00000241837 and ENSG00000249222 and ENSG00000180389,0.25,0.75,55.000000000000384,55.000000000000206,True,optimal,63.00000000000044,1.1571521759033203,63.000000000000256,31.499999999999904,5.250000000000005,5.249999999999984,2.000000000000014,12.000000000000036,0.0,0.0,620.0000000000031,glucose_limited,pfba,bound_scaling,human2
MAR06916,ATP phosphohydrolase,,ENSG00000099624 and ENSG00000110955 and ENSG00000116459 and ENSG00000124172 and ENSG00000135390 and ENSG00000152234 and ENSG00000154518 and ENSG00000154723 and ENSG00000156411 and ENSG00000159199 and ENSG00000165629 and ENSG00000167283 and ENSG00000167863 and ENSG00000169020 and ENSG00000173915 and ENSG00000198899 and ENSG00000228253 and ENSG00000241468 and ENSG00000241837 and ENSG00000249222 and ENSG00000180389,0.3,0.7,55.000000000000384,55.000000000000206,True,optimal,63.00000000000044,1.1612510681152344,63.000000000000256,31.499999999999904,5.250000000000005,5.249999999999984,2.000000000000014,12.000000000000036,0.0,0.0,620.0000000000031,glucose_limited,pfba,bound_scaling,human2
MAR06916,ATP phosphohydrolase,,ENSG00000099624 and ENSG00000110955 and ENSG00000116459 and ENSG00000124172 and ENSG00000135390 and ENSG00000152234 and ENSG00000154518 and ENSG00000154723 and ENSG00000156411 and ENSG00000159199 and ENSG00000165629 and ENSG00000167283 and ENSG00000167863 and ENSG00000169020 and ENSG00000173915 and ENSG00000198899 and ENSG00000228253 and ENSG00000241468 and ENSG00000241837 and ENSG00000249222 and ENSG00000180389,0.35,0.65,55.000000000000384,55.000000000000206,True,optimal,63.00000000000044,1.16526460647583,63.000000000000256,31.499999999999904,5.250000000000005,5.249999999999984,2.000000000000014,12.000000000000036,0.0,0.0,620.0000000000031,glucose_limited,pfba,bound_scaling,human2
MAR06916,ATP phosphohydrolase,,ENSG00000099624 and ENSG00000110955 and ENSG00000116459 and ENSG00000124172 and ENSG00000135390 and ENSG00000152234 and ENSG00000154518 and ENSG00000154723 and ENSG00000156411 and ENSG00000159199 and ENSG00000165629 and ENSG00000167283 and ENSG00000167863 and ENSG00000169020 and ENSG00000173915 and ENSG00000198899 and ENSG00000228253 and ENSG00000241468 and ENSG00000241837 and ENSG00000249222 and ENSG00000180389,0.4,0.6,55.000000000000384,55.000000000000206,True,optimal,63.00000000000044,1.1573712825775146,63.000000000000256,31.499999999999904,5.250000000000005,5.249999999999984,2.000000000000014,12.000000000000036,0.0,0.0,620.0000000000031,glucose_limited,pfba,bound_scaling,human2
MAR06916,ATP phosphohydrolase,,ENSG00000099624 and ENSG00000110955 and ENSG00000116459 and ENSG00000124172 and ENSG00000135390 and ENSG00000152234 and ENSG00000154518 and ENSG00000154723 and ENSG00000156411 and ENSG00000159199 and ENSG00000165629 and ENSG00000167283 and ENSG00000167863 and ENSG00000169020 and ENSG00000173915 and ENSG00000198899 and ENSG00000228253 and ENSG00000241468 and ENSG00000241837 and ENSG00000249222 and ENSG00000180389,0.45,0.55,55.000000000000384,55.000000000000206,True,optimal,63.00000000000044,1.1671340465545654,63.000000000000256,31.499999999999904,5.250000000000005,5.249999999999984,2.000000000000014,12.000000000000036,0.0,0.0,620.0000000000031,glucose_limited,pfba,bound_scaling,human2
MAR06916,ATP phosphohydrolase,,ENSG00000099624 and ENSG00000110955 and ENSG00000116459 and ENSG00000124172 and ENSG00000135390 and ENSG00000152234 and ENSG00000154518 and ENSG00000154723 and ENSG00000156411 and ENSG00000159199 and ENSG00000165629 and ENSG00000167283 and ENSG00000167863 and ENSG00000169020 and ENSG00000173915 and ENSG00000198899 and ENSG00000228253 and ENSG00000241468 and ENSG00000241837 and ENSG00000249222 and ENSG00000180389,0.5,0.5,55.000000000000384,32.736453749999995,True,optimal,40.73645375,1.3567347526550293,40.73645375,20.368226875,3.3947044791666525,3.3947044791666667,2.0,12.000000000000052,0.0,0.0,447.7272614166677,glucose_limited,pfba,bound_scaling,human2
MAR06916,ATP phosphohydrolase,,ENSG00000099624 and ENSG00000110955 and ENSG00000116459 and ENSG00000124172 and ENSG00000135390 and ENSG00000152234 and ENSG00000154518 and ENSG00000154723 and ENSG00000156411 and ENSG00000159199 and ENSG00000165629 and ENSG00000167283 and ENSG00000167863 and ENSG00000169020 and ENSG00000173915 and ENSG00000198899 and ENSG00000228253 and ENSG00000241468 and ENSG00000241837 and ENSG00000249222 and ENSG00000180389,0.55,0.44999999999999996,55.000000000000384,14.731404187499997,True,optimal,22.731404187499994,1.3716402053833008,22.731404187499987,11.365702093749993,1.894283682291669,1.8942836822916655,2.0,11.999999999999977,4.407046507820809e-15,1.9387480295846602e-16,330.94765346666645,glucose_limited,pfba,bound_scaling,human2
MAR06916,ATP phosphohydrolase,,ENSG00000099624 and ENSG00000110955 and ENSG00000116459 and ENSG00000124172 and ENSG00000135390 and ENSG00000152234 and ENSG00000154518 and ENSG00000154723 and ENSG00000156411 and ENSG00000159199 and ENSG00000165629 and ENSG00000167283 and ENSG00000167863 and ENSG00000169020 and ENSG00000173915 and ENSG00000198899 and ENSG00000228253 and ENSG00000241468 and ENSG00000241837 and ENSG00000249222 and ENSG00000180389,0.6,0.4,55.000000000000384,5.892561675,True,optimal,13.892561675,1.0800509452819824,13.892561675000001,6.946280837500001,1.1577134729166578,1.1577134729166667,2.0,12.000000000000092,0.0,0.0,275.7840202700018,glucose_limited,pfba,bound_scaling,human2
MAR06916,ATP phosphohydrolase,,ENSG00000099624 and ENSG00000110955 and ENSG00000116459 and ENSG00000124172 and ENSG00000135390 and ENSG00000152234 and ENSG00000154518 and ENSG00000154723 and ENSG00000156411 and ENSG00000159199 and ENSG00000165629 and ENSG00000167283 and ENSG00000167863 and ENSG00000169020 and ENSG00000173915 and ENSG00000198899 and ENSG00000228253 and ENSG00000241468 and ENSG00000241837 and ENSG00000249222 and ENSG00000180389,0.65,0.35,55.000000000000384,2.0623965862499998,True,optimal,10.062396586250008,1.0405142307281494,10.062396586250001,5.0311982931250006,0.8385330488541675,0.8385330488541668,2.0,11.99999999999999,0.0,0.0,262.0623965862501,glucose_limited,pfba,bound_scaling,human2
MAR06916,ATP phosphohydrolase,,ENSG00000099624 and ENSG00000110955 and ENSG00000116459 and ENSG00000124172 and ENSG00000135390 and ENSG00000152234 and ENSG00000154518 and ENSG00000154723 and ENSG00000156411 and ENSG00000159199 and ENSG00000165629 and ENSG00000167283 and ENSG00000167863 and ENSG00000169020 and ENSG00000173915 and ENSG00000198899 and ENSG00000228253 and ENSG00000241468 and ENSG00000241837 and ENSG00000249222 and ENSG00000180389,0.7,0.30000000000000004,55.000000000000384,0.618718975875,True,optimal,8.618718975874991,1.0958335399627686,8.618718975875003,4.309359487937502,0.7182265813229165,0.718226581322917,2.0,12.000000000000007,4.407046507820809e-15,5.113342853104675e-16,260.61871897587525,glucose_limited,pfba,bound_scaling,human2
MAR06916,ATP phosphohydrolase,,ENSG00000099624 and ENSG00000110955 and ENSG00000116459 and ENSG00000124172 and ENSG00000135390 and ENSG00000152234 and ENSG00000154518 and ENSG00000154723 and ENSG00000156411 and ENSG00000159199 and ENSG00000165629 and ENSG00000167283 and ENSG00000167863 and ENSG00000169020 and ENSG00000173915 and ENSG00000198899 and ENSG00000228253 and ENSG00000241468 and ENSG00000241837 and ENSG00000249222 and ENSG00000180389,0.75,0.25,55.000000000000384,0.15467974396875,True,optimal,8.15467974396874,1.1381628513336182,8.154679743968757,4.077339871984378,0.679556645330729,0.6795566453307297,2.0,12.000000000000012,0.0,0.0,260.15467974396927,glucose_limited,pfba,bound_scaling,human2
MAR06916,ATP phosphohydrolase,,ENSG00000099624 and ENSG00000110955 and ENSG00000116459 and ENSG00000124172 and ENSG00000135390 and ENSG00000152234 and ENSG00000154518 and ENSG00000154723 and ENSG00000156411 and ENSG00000159199 and ENSG00000165629 and ENSG00000167283 and ENSG00000167863 and ENSG00000169020 and ENSG00000173915 and ENSG00000198899 and ENSG00000228253 and ENSG00000241468 and ENSG00000241837 and ENSG00000249222 and ENSG00000180389,0.8,0.19999999999999996,55.000000000000384,0.030935948793749994,True,optimal,8.03093594879374,1.1027247905731201,8.030935948793756,4.015467974396878,0.6692446623994789,0.6692446623994797,2.0,12.000000000000014,0.0,0.0,260.0309359487941,glucose_limited,pfba,bound_scaling,human2
MAR06916,ATP phosphohydrolase,,ENSG00000099624 and ENSG00000110955 and ENSG00000116459 and ENSG00000124172 and ENSG00000135390 and ENSG00000152234 and ENSG00000154518 and ENSG00000154723 and ENSG00000156411 and ENSG00000159199 and ENSG00000165629 and ENSG00000167283 and ENSG00000167863 and ENSG00000169020 and ENSG00000173915 and ENSG00000198899 and ENSG00000228253 and ENSG00000241468 and ENSG00000241837 and ENSG00000249222 and ENSG00000180389,0.85,0.15000000000000002,55.000000000000384,0.0046403923190625,True,optimal,8.00464039231906,1.0652506351470947,8.004640392319057,4.002320196159529,0.6670533660265887,0.6670533660265882,2.0,11.99999999999999,1.1458320920334105e-14,1.4314597981602103e-15,260.00464039231895,glucose_limited,pfba,bound_scaling,human2
MAR06916,ATP phosphohydrolase,,ENSG00000099624 and ENSG00000110955 and ENSG00000116459 and ENSG00000124172 and ENSG00000135390 and ENSG00000152234 and ENSG00000154518 and ENSG00000154723 and ENSG00000156411 and ENSG00000159199 and ENSG00000165629 and ENSG00000167283 and ENSG00000167863 and ENSG00000169020 and ENSG00000173915 and ENSG00000198899 and ENSG00000228253 and ENSG00000241468 and ENSG00000241837 and ENSG00000249222 and ENSG00000180389,0.9,0.09999999999999998,55.000000000000384,0.00046403923190624987,True,optimal,8.000464039231915,1.085608959197998,8.000464039231913,4.000232019615956,0.666705336602658,0.6667053366026594,2.0,12.000000000000027,1.3221139523462428e-14,1.6525465846268246e-15,260.00046403923255,glucose_limited,pfba,bound_scaling,human2
MAR06916,ATP phosphohydrolase,,ENSG00000099624 and ENSG00000110955 and ENSG00000116459 and ENSG00000124172 and ENSG00000135390 and ENSG00000152234 and ENSG00000154518 and ENSG00000154723 and ENSG00000156411 and ENSG00000159199 and ENSG00000165629 and ENSG00000167283 and ENSG00000167863 and ENSG00000169020 and ENSG00000173915 and ENSG00000198899 and ENSG00000228253 and ENSG00000241468 and ENSG00000241837 and ENSG00000249222 and ENSG00000180389,0.95,0.050000000000000044,55.000000000000384,2.3201961595312515e-05,True,optimal,8.00002320196159,1.0384552478790283,8.000023201961596,4.000011600980798,0.6666686001634661,0.6666686001634664,2.0,12.000000000000005,0.0,0.0,260.000023201962,glucose_limited,pfba,bound_scaling,human2
MAR06916,ATP phosphohydrolase,,ENSG00000099624 and ENSG00000110955 and ENSG00000116459 and ENSG00000124172 and ENSG00000135390 and ENSG00000152234 and ENSG00000154518 and ENSG00000154723 and ENSG00000156411 and ENSG00000159199 and ENSG00000165629 and ENSG00000167283 and ENSG00000167863 and ENSG00000169020 and ENSG00000173915 and ENSG00000198899 and ENSG00000228253 and ENSG00000241468 and ENSG00000241837 and ENSG00000249222 and ENSG00000180389,1.0,0.0,55.000000000000384,0.0,True,optimal,7.999999999999994,0.9717960357666016,7.9999999999999885,3.9999999999999942,0.6666666666666675,0.6666666666666657,2.0,11.999999999999968,8.121288780686758e-15,1.0151610975858461e-15,259.9999999999995,glucose_limited,pfba,bound_scaling,human2
MAR06918,ubiquinol:ferricytochrome-c oxidoreductase,,ENSG00000010256 and ENSG00000127540 and ENSG00000140740 and ENSG00000156467 and ENSG00000164405 and ENSG00000169021 and ENSG00000173660 and ENSG00000179091 and ENSG00000184076 and ENSG00000198727,0.0,1.0,24.000000000000167,24.0000000000001,True,optimal,63.00000000000044,1.171372413635254,63.000000000000256,31.499999999999904,5.250000000000005,5.249999999999984,2.000000000000014,12.000000000000036,0.0,0.0,620.0000000000031,glucose_limited,pfba,bound_scaling,human2
MAR06918,ubiquinol:ferricytochrome-c oxidoreductase,,ENSG00000010256 and ENSG00000127540 and ENSG00000140740 and ENSG00000156467 and ENSG00000164405 and ENSG00000169021 and ENSG00000173660 and ENSG00000179091 and ENSG00000184076 and ENSG00000198727,0.05,0.95,24.000000000000167,24.0000000000001,True,optimal,63.00000000000044,1.1618342399597168,63.000000000000256,31.499999999999904,5.250000000000005,5.249999999999984,2.000000000000014,12.000000000000036,0.0,0.0,620.0000000000031,glucose_limited,pfba,bound_scaling,human2
MAR06918,ubiquinol:ferricytochrome-c oxidoreductase,,ENSG00000010256 and ENSG00000127540 and ENSG00000140740 and ENSG00000156467 and ENSG00000164405 and ENSG00000169021 and ENSG00000173660 and ENSG00000179091 and ENSG00000184076 and ENSG00000198727,0.1,0.9,24.000000000000167,24.0000000000001,True,optimal,63.00000000000044,1.1689343452453613,63.000000000000256,31.499999999999904,5.250000000000005,5.249999999999984,2.000000000000014,12.000000000000036,0.0,0.0,620.0000000000031,glucose_limited,pfba,bound_scaling,human2
MAR06918,ubiquinol:ferricytochrome-c oxidoreductase,,ENSG00000010256 and ENSG00000127540 and ENSG00000140740 and ENSG00000156467 and ENSG00000164405 and ENSG00000169021 and ENSG00000173660 and ENSG00000179091 and ENSG00000184076 and ENSG00000198727,0.15,0.85,24.000000000000167,24.0000000000001,True,optimal,63.00000000000044,1.1607880592346191,63.000000000000256,31.499999999999904,5.250000000000005,5.249999999999984,2.000000000000014,12.000000000000036,0.0,0.0,620.0000000000031,glucose_limited,pfba,bound_scaling,human2
MAR06918,ubiquinol:ferricytochrome-c oxidoreductase,,ENSG00000010256 and ENSG00000127540 and ENSG00000140740 and ENSG00000156467 and ENSG00000164405 and ENSG00000169021 and ENSG00000173660 and ENSG00000179091 and ENSG00000184076 and ENSG00000198727,0.2,0.8,24.000000000000167,24.0000000000001,True,optimal,63.00000000000044,1.168792486190796,63.000000000000256,31.499999999999904,5.250000000000005,5.249999999999984,2.000000000000014,12.000000000000036,0.0,0.0,620.0000000000031,glucose_limited,pfba,bound_scaling,human2
MAR06918,ubiquinol:ferricytochrome-c oxidoreductase,,ENSG00000010256 and ENSG00000127540 and ENSG00000140740 and ENSG00000156467 and ENSG00000164405 and ENSG00000169021 and ENSG00000173660 and ENSG00000179091 and ENSG00000184076 and ENSG00000198727,0.25,0.75,24.000000000000167,24.0000000000001,True,optimal,63.00000000000044,1.1644728183746338,63.000000000000256,31.499999999999904,5.250000000000005,5.249999999999984,2.000000000000014,12.000000000000036,0.0,0.0,620.0000000000031,glucose_limited,pfba,bound_scaling,human2
MAR06918,ubiquinol:ferricytochrome-c oxidoreductase,,ENSG00000010256 and ENSG00000127540 and ENSG00000140740 and ENSG00000156467 and ENSG00000164405 and ENSG00000169021 and ENSG00000173660 and ENSG00000179091 and ENSG00000184076 and ENSG00000198727,0.3,0.7,24.000000000000167,24.0000000000001,True,optimal,63.00000000000044,1.1514947414398193,63.000000000000256,31.499999999999904,5.250000000000005,5.249999999999984,2.000000000000014,12.000000000000036,0.0,0.0,620.0000000000031,glucose_limited,pfba,bound_scaling,human2
MAR06918,ubiquinol:ferricytochrome-c oxidoreductase,,ENSG00000010256 and ENSG00000127540 and ENSG00000140740 and ENSG00000156467 and ENSG00000164405 and ENSG00000169021 and ENSG00000173660 and ENSG00000179091 and ENSG00000184076 and ENSG00000198727,0.35,0.65,24.000000000000167,24.0000000000001,True,optimal,63.00000000000044,1.167039394378662,63.000000000000256,31.499999999999904,5.250000000000005,5.249999999999984,2.000000000000014,12.000000000000036,0.0,0.0,620.0000000000031,glucose_limited,pfba,bound_scaling,human2
MAR06918,ubiquinol:ferricytochrome-c oxidoreductase,,ENSG00000010256 and ENSG00000127540 and ENSG00000140740 and ENSG00000156467 and ENSG00000164405 and ENSG00000169021 and ENSG00000173660 and ENSG00000179091 and ENSG00000184076 and ENSG00000198727,0.4,0.6,24.000000000000167,24.0000000000001,True,optimal,63.00000000000044,1.1605706214904785,63.000000000000256,31.499999999999904,5.250000000000005,5.249999999999984,2.000000000000014,12.000000000000036,0.0,0.0,620.0000000000031,glucose_limited,pfba,bound_scaling,human2
MAR06918,ubiquinol:ferricytochrome-c oxidoreductase,,ENSG00000010256 and ENSG00000127540 and ENSG00000140740 and ENSG00000156467 and ENSG00000164405 and ENSG00000169021 and ENSG00000173660 and ENSG00000179091 and ENSG00000184076 and ENSG00000198727,0.45,0.55,24.000000000000167,24.0000000000001,True,optimal,63.00000000000044,1.1695060729980469,63.000000000000256,31.499999999999904,5.250000000000005,5.249999999999984,2.000000000000014,12.000000000000036,0.0,0.0,620.0000000000031,glucose_limited,pfba,bound_scaling,human2
MAR06918,ubiquinol:ferricytochrome-c oxidoreductase,,ENSG00000010256 and ENSG00000127540 and ENSG00000140740 and ENSG00000156467 and ENSG00000164405 and ENSG00000169021 and ENSG00000173660 and ENSG00000179091 and ENSG00000184076 and ENSG00000198727,0.5,0.5,24.000000000000167,24.0000000000001,True,optimal,63.00000000000044,1.1861505508422852,63.000000000000256,31.499999999999904,5.250000000000005,5.249999999999984,2.000000000000014,12.000000000000036,0.0,0.0,620.0000000000031,glucose_limited,pfba,bound_scaling,human2
MAR06918,ubiquinol:ferricytochrome-c oxidoreductase,,ENSG00000010256 and ENSG00000127540 and ENSG00000140740 and ENSG00000156467 and ENSG00000164405 and ENSG00000169021 and ENSG00000173660 and ENSG00000179091 and ENSG00000184076 and ENSG00000198727,0.55,0.44999999999999996,24.000000000000167,14.731404187499997,True,optimal,44.462808374999945,1.2041754722595215,44.46280837499997,22.231404187499987,3.7052340312500047,3.7052340312499976,2.0,11.999999999999977,0.0,0.0,521.2493043541668,glucose_limited,pfba,bound_scaling,human2
MAR06918,ubiquinol:ferricytochrome-c oxidoreductase,,ENSG00000010256 and ENSG00000127540 and ENSG00000140740 and ENSG00000156467 and ENSG00000164405 and ENSG00000169021 and ENSG00000173660 and ENSG00000179091 and ENSG00000184076 and ENSG00000198727,0.6,0.4,24.000000000000167,5.892561675,True,optimal,26.785123349999996,1.185356616973877,26.78512335,13.392561675,2.2320936124999995,2.2320936125,2.0,12.000000000000004,0.0,0.0,447.80716006666694,glucose_limited,pfba,bound_scaling,human2
MAR06918,ubiquinol:ferricytochrome-c oxidoreductase,,ENSG00000010256 and ENSG00000127540 and ENSG00000140740 and ENSG00000156467 and ENSG00000164405 and ENSG00000169021 and ENSG00000173660 and ENSG00000179091 and ENSG00000184076 and ENSG00000198727,0.65,0.35,24.000000000000167,2.0623965862499998,True,optimal,17.6715906121875,1.1155834197998047,17.6715906121875,8.83579530609375,1.4726325510156253,1.472632551015625,2.0,11.999999999999998,0.0,0.0,388.8494640626564,glucose_limited,pfba,bound_scaling,human2
MAR06918,ubiquinol:ferricytochrome-c oxidoreductase,,ENSG00000010256 and ENSG00000127540 and ENSG00000140740 and ENSG00000156467 and ENSG00000164405 and ENSG00000169021 and ENSG00000173660 and ENSG00000179091 and ENSG00000184076 and ENSG00000198727,0.7,0.30000000000000004,24.000000000000167,0.618718975875,True,optimal,13.701477183656273,1.116652011871338,13.701477183656252,6.850738591828126,1.1417897653046865,1.1417897653046876,2.0,12.000000000000012,0.0,0.0,360.1627215230785,glucose_limited,pfba,bound_scaling,human2
MAR06918,ubiquinol:ferricytochrome-c oxidoreductase,,ENSG00000010256 and ENSG00000127540 and ENSG00000140740 and ENSG00000156467 and ENSG00000164405 and ENSG00000169021 and ENSG00000173660 and ENSG00000179091 and ENSG00000184076 and ENSG00000198727,0.75,0.25,24.000000000000167,0.15467974396875,True,optimal,12.42536929591406,1.1300830841064453,12.425369295914065,6.212684647957032,1.035447441326172,1.035447441326172,2.0,12.0,0.0,0.0,351.7906803807696,glucose_limited,pfba,bound_scaling,human2
MAR06918,ubiquinol:ferricytochrome-c oxidoreductase,,ENSG00000010256 and ENSG00000127540 and ENSG00000140740 and ENSG00000156467 and ENSG00000164405 and ENSG00000169021 and ENSG00000173660 and ENSG00000179091 and ENSG00000184076 and ENSG00000198727,0.8,0.19999999999999996,24.000000000000167,0.030935948793749994,True,optimal,12.085073859182796,1.094550609588623,12.085073859182815,6.0425369295914075,1.0070894882652337,1.0070894882652346,2.0,12.00000000000001,0.0,0.0,349.5581360761542,glucose_limited,pfba,bound_scaling,human2
MAR06918,ubiquinol:ferricytochrome-c oxidoreductase,,ENSG00000010256 and ENSG00000127540 and ENSG00000140740 and ENSG00000156467 and ENSG00000164405 and ENSG00000169021 and ENSG00000173660 and ENSG00000179091 and ENSG00000184076 and ENSG00000198727,0.85,0.15000000000000002,24.000000000000167,0.0046403923190625,True,optimal,12.01276107887744,1.0754079818725586,12.012761078877434,6.006380539438717,1.0010634232397841,1.0010634232397861,2.0,12.000000000000023,0.0,0.0,349.08372041142377,glucose_limited,pfba,bound_scaling,human2
MAR06918,ubiquinol:ferricytochrome-c oxidoreductase,,ENSG00000010256 and ENSG00000127540 and ENSG00000140740 and ENSG00000156467 and ENSG00000164405 and ENSG00000169021 and ENSG00000173660 and ENSG00000179091 and ENSG00000184076 and ENSG00000198727,0.9,0.09999999999999998,24.000000000000167,0.00046403923190624987,True,optimal,12.001276107887756,1.1330859661102295,12.001276107887746,6.000638053943873,1.0001063423239784,1.0001063423239789,2.0,12.000000000000004,0.0,0.0,349.0083720411425,glucose_limited,pfba,bound_scaling,human2
MAR06918,ubiquinol:ferricytochrome-c oxidoreductase,,ENSG00000010256 and ENSG00000127540 and ENSG00000140740 and ENSG00000156467 and ENSG00000164405 and ENSG00000169021 and ENSG00000173660 and ENSG00000179091 and ENSG00000184076 and ENSG00000198727,0.95,0.050000000000000044,24.000000000000167,2.3201961595312515e-05,True,optimal,12.00013851710007,1.1053509712219238,12.000138517100067,6.000069258550034,0.9999898464676434,1.0000115430916723,2.0,12.000260362131941,0.0,0.0,349.006470753853,glucose_limited,pfba,bound_scaling,human2
MAR06918,ubiquinol:ferricytochrome-c oxidoreductase,,ENSG00000010256 and ENSG00000127540 and ENSG00000140740 and ENSG00000156467 and ENSG00000164405 and ENSG00000169021 and ENSG00000173660 and ENSG00000179091 and ENSG00000184076 and ENSG00000198727,1.0,0.0,24.000000000000167,0.0,True,optimal,12.000000000000012,0.8741283416748047,12.000000000000002,6.000000000000001,0.9999999999999991,1.0000000000000002,2.0,12.000000000000012,0.0,0.0,349.00000000000034,glucose_limited,pfba,bound_scaling,human2
MAR06921,NADH:ubiquinone oxidoreductase,,ENSG00000004779 and ENSG00000023228 and ENSG00000065518 and ENSG00000090266 and ENSG00000099795 and ENSG00000109390 and ENSG00000110717 and ENSG00000115286 and ENSG00000119013 and ENSG00000119421 and ENSG00000125356 and ENSG00000128609 and ENSG00000130414 and ENSG00000131495 and ENSG00000136521 and ENSG00000139180 and ENSG00000140990 and ENSG00000145494 and ENSG00000147123 and ENSG00000147684 and ENSG00000151366 and ENSG00000158864 and ENSG00000160194 and ENSG00000164258 and ENSG00000165264 and ENSG00000166136 and ENSG00000167792 and ENSG00000168653 and ENSG00000170906 and ENSG00000174886 and ENSG00000178127 and ENSG00000183648 and ENSG00000184752 and ENSG00000184983 and ENSG00000186010 and ENSG00000189043 and ENSG00000198695 and ENSG00000198763 and ENSG00000198786 and ENSG00000198840 and ENSG00000198886 and ENSG00000198888 and ENSG00000212907 and ENSG00000213619 and ENSG00000267855,0.0,1.0,20.000000000000135,20.00000000000007,True,optimal,63.00000000000044,1.1848266124725342,63.000000000000256,31.499999999999904,5.250000000000005,5.249999999999984,2.000000000000014,12.000000000000036,0.0,0.0,620.0000000000031,glucose_limited,pfba,bound_scaling,human2
MAR06921,NADH:ubiquinone oxidoreductase,,ENSG00000004779 and ENSG00000023228 and ENSG00000065518 and ENSG00000090266 and ENSG00000099795 and ENSG00000109390 and ENSG00000110717 and ENSG00000115286 and ENSG00000119013 and ENSG00000119421 and ENSG00000125356 and ENSG00000128609 and ENSG00000130414 and ENSG00000131495 and ENSG00000136521 and ENSG00000139180 and ENSG00000140990 and ENSG00000145494 and ENSG00000147123 and ENSG00000147684 and ENSG00000151366 and ENSG00000158864 and ENSG00000160194 and ENSG00000164258 and ENSG00000165264 and ENSG00000166136 and ENSG00000167792 and ENSG00000168653 and ENSG00000170906 and ENSG00000174886 and ENSG00000178127 and ENSG00000183648 and ENSG00000184752 and ENSG00000184983 and ENSG00000186010 and ENSG00000189043 and ENSG00000198695 and ENSG00000198763 and ENSG00000198786 and ENSG00000198840 and ENSG00000198886 and ENSG00000198888 and ENSG00000212907 and ENSG00000213619 and ENSG00000267855,0.05,0.95,20.000000000000135,20.00000000000007,True,optimal,63.00000000000044,1.1746325492858887,63.000000000000256,31.499999999999904,5.250000000000005,5.249999999999984,2.000000000000014,12.000000000000036,0.0,0.0,620.0000000000031,glucose_limited,pfba,bound_scaling,human2
MAR06921,NADH:ubiquinone oxidoreductase,,ENSG00000004779 and ENSG00000023228 and ENSG00000065518 and ENSG00000090266 and ENSG00000099795 and ENSG00000109390 and ENSG00000110717 and ENSG00000115286 and ENSG00000119013 and ENSG00000119421 and ENSG00000125356 and ENSG00000128609 and ENSG00000130414 and ENSG00000131495 and ENSG00000136521 and ENSG00000139180 and ENSG00000140990 and ENSG00000145494 and ENSG00000147123 and ENSG00000147684 and ENSG00000151366 and ENSG00000158864 and ENSG00000160194 and ENSG00000164258 and ENSG00000165264 and ENSG00000166136 and ENSG00000167792 and ENSG00000168653 and ENSG00000170906 and ENSG00000174886 and ENSG00000178127 and ENSG00000183648 and ENSG00000184752 and ENSG00000184983 and ENSG00000186010 and ENSG00000189043 and ENSG00000198695 and ENSG00000198763 and ENSG00000198786 and ENSG00000198840 and ENSG00000198886 and ENSG00000198888 and ENSG00000212907 and ENSG00000213619 and ENSG00000267855,0.1,0.9,20.000000000000135,20.00000000000007,True,optimal,63.00000000000044,1.1745631694793701,63.000000000000256,31.499999999999904,5.250000000000005,5.249999999999984,2.000000000000014,12.000000000000036,0.0,0.0,620.0000000000031,glucose_limited,pfba,bound_scaling,human2
MAR06921,NADH:ubiquinone oxidoreductase,,ENSG00000004779 and ENSG00000023228 and ENSG00000065518 and ENSG00000090266 and ENSG00000099795 and ENSG00000109390 and ENSG00000110717 and ENSG00000115286 and ENSG00000119013 and ENSG00000119421 and ENSG00000125356 and ENSG00000128609 and ENSG00000130414 and ENSG00000131495 and ENSG00000136521 and ENSG00000139180 and ENSG00000140990 and ENSG00000145494 and ENSG00000147123 and ENSG00000147684 and ENSG00000151366 and ENSG00000158864 and ENSG00000160194 and ENSG00000164258 and ENSG00000165264 and ENSG00000166136 and ENSG00000167792 and ENSG00000168653 and ENSG00000170906 and ENSG00000174886 and ENSG00000178127 and ENSG00000183648 and ENSG00000184752 and ENSG00000184983 and ENSG00000186010 and ENSG00000189043 and ENSG00000198695 and ENSG00000198763 and ENSG00000198786 and ENSG00000198840 and ENSG00000198886 and ENSG00000198888 and ENSG00000212907 and ENSG00000213619 and ENSG00000267855,0.15,0.85,20.000000000000135,20.00000000000007,True,optimal,63.00000000000044,1.1646850109100342,63.000000000000256,31.499999999999904,5.250000000000005,5.249999999999984,2.000000000000014,12.000000000000036,0.0,0.0,620.0000000000031,glucose_limited,pfba,bound_scaling,human2
MAR06921,NADH:ubiquinone oxidoreductase,,ENSG00000004779 and ENSG00000023228 and ENSG00000065518 and ENSG00000090266 and ENSG00000099795 and ENSG00000109390 and ENSG00000110717 and ENSG00000115286 and ENSG00000119013 and ENSG00000119421 and ENSG00000125356 and ENSG00000128609 and ENSG00000130414 and ENSG00000131495 and ENSG00000136521 and ENSG00000139180 and ENSG00000140990 and ENSG00000145494 and ENSG00000147123 and ENSG00000147684 and ENSG00000151366 and ENSG00000158864 and ENSG00000160194 and ENSG00000164258 and ENSG00000165264 and ENSG00000166136 and ENSG00000167792 and ENSG00000168653 and ENSG00000170906 and ENSG00000174886 and ENSG00000178127 and ENSG00000183648 and ENSG00000184752 and ENSG00000184983 and ENSG00000186010 and ENSG00000189043 and ENSG00000198695 and ENSG00000198763 and ENSG00000198786 and ENSG00000198840 and ENSG00000198886 and ENSG00000198888 and ENSG00000212907 and ENSG00000213619 and ENSG00000267855,0.2,0.8,20.000000000000135,20.00000000000007,True,optimal,63.00000000000044,1.160759687423706,63.000000000000256,31.499999999999904,5.250000000000005,5.249999999999984,2.000000000000014,12.000000000000036,0.0,0.0,620.0000000000031,glucose_limited,pfba,bound_scaling,human2
MAR06921,NADH:ubiquinone oxidoreductase,,ENSG00000004779 and ENSG00000023228 and ENSG00000065518 and ENSG00000090266 and ENSG00000099795 and ENSG00000109390 and ENSG00000110717 and ENSG00000115286 and ENSG00000119013 and ENSG00000119421 and ENSG00000125356 and ENSG00000128609 and ENSG00000130414 and ENSG00000131495 and ENSG00000136521 and ENSG00000139180 and ENSG00000140990 and ENSG00000145494 and ENSG00000147123 and ENSG00000147684 and ENSG00000151366 and ENSG00000158864 and ENSG00000160194 and ENSG00000164258 and ENSG00000165264 and ENSG00000166136 and ENSG00000167792 and ENSG00000168653 and ENSG00000170906 and ENSG00000174886 and ENSG00000178127 and ENSG00000183648 and ENSG00000184752 and ENSG00000184983 and ENSG00000186010 and ENSG00000189043 and ENSG00000198695 and ENSG00000198763 and ENSG00000198786 and ENSG00000198840 and ENSG00000198886 and ENSG00000198888 and ENSG00000212907 and ENSG00000213619 and ENSG00000267855,0.25,0.75,20.000000000000135,20.00000000000007,True,optimal,63.00000000000044,1.179957628250122,63.000000000000256,31.499999999999904,5.250000000000005,5.249999999999984,2.000000000000014,12.000000000000036,0.0,0.0,620.0000000000031,glucose_limited,pfba,bound_scaling,human2
MAR06921,NADH:ubiquinone oxidoreductase,,ENSG00000004779 and ENSG00000023228 and ENSG00000065518 and ENSG00000090266 and ENSG00000099795 and ENSG00000109390 and ENSG00000110717 and ENSG00000115286 and ENSG00000119013 and ENSG00000119421 and ENSG00000125356 and ENSG00000128609 and ENSG00000130414 and ENSG00000131495 and ENSG00000136521 and ENSG00000139180 and ENSG00000140990 and ENSG00000145494 and ENSG00000147123 and ENSG00000147684 and ENSG00000151366 and ENSG00000158864 and ENSG00000160194 and ENSG00000164258 and ENSG00000165264 and ENSG00000166136 and ENSG00000167792 and ENSG00000168653 and ENSG00000170906 and ENSG00000174886 and ENSG00000178127 and ENSG00000183648 and ENSG00000184752 and ENSG00000184983 and ENSG00000186010 and ENSG00000189043 and ENSG00000198695 and ENSG00000198763 and ENSG00000198786 and ENSG00000198840 and ENSG00000198886 and ENSG00000198888 and ENSG00000212907 and ENSG00000213619 and ENSG00000267855,0.3,0.7,20.000000000000135,20.00000000000007,True,optimal,63.00000000000044,1.1617035865783691,63.000000000000256,31.499999999999904,5.250000000000005,5.249999999999984,2.000000000000014,12.000000000000036,0.0,0.0,620.0000000000031,glucose_limited,pfba,bound_scaling,human2
MAR06921,NADH:ubiquinone oxidoreductase,,ENSG00000004779 and ENSG00000023228 and ENSG00000065518 and ENSG00000090266 and ENSG00000099795 and ENSG00000109390 and ENSG00000110717 and ENSG00000115286 and ENSG00000119013 and ENSG00000119421 and ENSG00000125356 and ENSG00000128609 and ENSG00000130414 and ENSG00000131495 and ENSG00000136521 and ENSG00000139180 and ENSG00000140990 and ENSG00000145494 and ENSG00000147123 and ENSG00000147684 and ENSG00000151366 and ENSG00000158864 and ENSG00000160194 and ENSG00000164258 and ENSG00000165264 and ENSG00000166136 and ENSG00000167792 and ENSG00000168653 and ENSG00000170906 and ENSG00000174886 and ENSG00000178127 and ENSG00000183648 and ENSG00000184752 and ENSG00000184983 and ENSG00000186010 and ENSG00000189043 and ENSG00000198695 and ENSG00000198763 and ENSG00000198786 and ENSG00000198840 and ENSG00000198886 and ENSG00000198888 and ENSG00000212907 and ENSG00000213619 and ENSG00000267855,0.35,0.65,20.000000000000135,20.00000000000007,True,optimal,63.00000000000044,1.1740992069244385,63.000000000000256,31.499999999999904,5.250000000000005,5.249999999999984,2.000000000000014,12.000000000000036,0.0,0.0,620.0000000000031,glucose_limited,pfba,bound_scaling,human2
MAR06921,NADH:ubiquinone oxidoreductase,,ENSG00000004779 and ENSG00000023228 and ENSG00000065518 and ENSG00000090266 and ENSG00000099795 and ENSG00000109390 and ENSG00000110717 and ENSG00000115286 and ENSG00000119013 and ENSG00000119421 and ENSG00000125356 and ENSG00000128609 and ENSG00000130414 and ENSG00000131495 and ENSG00000136521 and ENSG00000139180 and ENSG00000140990 and ENSG00000145494 and ENSG00000147123 and ENSG00000147684 and ENSG00000151366 and ENSG00000158864 and ENSG00000160194 and ENSG00000164258 and ENSG00000165264 and ENSG00000166136 and ENSG00000167792 and ENSG00000168653 and ENSG00000170906 and ENSG00000174886 and ENSG00000178127 and ENSG00000183648 and ENSG00000184752 and ENSG00000184983 and ENSG00000186010 and ENSG00000189043 and ENSG00000198695 and ENSG00000198763 and ENSG00000198786 and ENSG00000198840 and ENSG00000198886 and ENSG00000198888 and ENSG00000212907 and ENSG00000213619 and ENSG00000267855,0.4,0.6,20.000000000000135,20.00000000000007,True,optimal,63.00000000000044,1.1614434719085693,63.000000000000256,31.499999999999904,5.250000000000005,5.249999999999984,2.000000000000014,12.000000000000036,0.0,0.0,620.0000000000031,glucose_limited,pfba,bound_scaling,human2
MAR06921,NADH:ubiquinone oxidoreductase,,ENSG00000004779 and ENSG00000023228 and ENSG00000065518 and ENSG00000090266 and ENSG00000099795 and ENSG00000109390 and ENSG00000110717 and ENSG00000115286 and ENSG00000119013 and ENSG00000119421 and ENSG00000125356 and ENSG00000128609 and ENSG00000130414 and ENSG00000131495 and ENSG00000136521 and ENSG00000139180 and ENSG00000140990 and ENSG00000145494 and ENSG00000147123 and ENSG00000147684 and ENSG00000151366 and ENSG00000158864 and ENSG00000160194 and ENSG00000164258 and ENSG00000165264 and ENSG00000166136 and ENSG00000167792 and ENSG00000168653 and ENSG00000170906 and ENSG00000174886 and ENSG00000178127 and ENSG00000183648 and ENSG00000184752 and ENSG00000184983 and ENSG00000186010 and ENSG00000189043 and ENSG00000198695 and ENSG00000198763 and ENSG00000198786 and ENSG00000198840 and ENSG00000198886 and ENSG00000198888 and ENSG00000212907 and ENSG00000213619 and ENSG00000267855,0.45,0.55,20.000000000000135,20.00000000000007,True,optimal,63.00000000000044,1.1658167839050293,63.000000000000256,31.499999999999904,5.250000000000005,5.249999999999984,2.000000000000014,12.000000000000036,0.0,0.0,620.0000000000031,glucose_limited,pfba,bound_scaling,human2
MAR06921,NADH:ubiquinone oxidoreductase,,ENSG00000004779 and ENSG00000023228 and ENSG00000065518 and ENSG00000090266 and ENSG00000099795 and ENSG00000109390 and ENSG00000110717 and ENSG00000115286 and ENSG00000119013 and ENSG00000119421 and ENSG00000125356 and ENSG00000128609 and ENSG00000130414 and ENSG00000131495 and ENSG00000136521 and ENSG00000139180 and ENSG00000140990 and ENSG00000145494 and ENSG00000147123 and ENSG00000147684 and ENSG00000151366 and ENSG00000158864 and ENSG00000160194 and ENSG00000164258 and ENSG00000165264 and ENSG00000166136 and ENSG00000167792 and ENSG00000168653 and ENSG00000170906 and ENSG00000174886 and ENSG00000178127 and ENSG00000183648 and ENSG00000184752 and ENSG00000184983 and ENSG00000186010 and ENSG00000189043 and ENSG00000198695 and ENSG00000198763 and ENSG00000198786 and ENSG00000198840 and ENSG00000198886 and ENSG00000198888 and ENSG00000212907 and ENSG00000213619 and ENSG00000267855,0.5,0.5,20.000000000000135,20.00000000000007,True,optimal,63.00000000000044,1.1631104946136475,63.000000000000256,31.499999999999904,5.250000000000005,5.249999999999984,2.000000000000014,12.000000000000036,0.0,0.0,620.0000000000031,glucose_limited,pfba,bound_scaling,human2
MAR06921,NADH:ubiquinone oxidoreductase,,ENSG00000004779 and ENSG00000023228 and ENSG00000065518 and ENSG00000090266 and ENSG00000099795 and ENSG00000109390 and ENSG00000110717 and ENSG00000115286 and ENSG00000119013 and ENSG00000119421 and ENSG00000125356 and ENSG00000128609 and ENSG00000130414 and ENSG00000131495 and ENSG00000136521 and ENSG00000139180 and ENSG00000140990 and ENSG00000145494 and ENSG00000147123 and ENSG00000147684 and ENSG00000151366 and ENSG00000158864 and ENSG00000160194 and ENSG00000164258 and ENSG00000165264 and ENSG00000166136 and ENSG00000167792 and ENSG00000168653 and ENSG00000170906 and ENSG00000174886 and ENSG00000178127 and ENSG00000183648 and ENSG00000184752 and ENSG00000184983 and ENSG00000186010 and ENSG00000189043 and ENSG00000198695 and ENSG00000198763 and ENSG00000198786 and ENSG00000198840 and ENSG00000198886 and ENSG00000198888 and ENSG00000212907 and ENSG00000213619 and ENSG00000267855,0.55,0.44999999999999996,20.000000000000135,14.731404187499997,True,optimal,57.73140418750004,1.176788330078125,57.73140418750002,28.865702093750002,4.810950348958331,4.810950348958333,2.0000000000000004,12.00000000000001,3.7009129201054405e-32,6.41057145966105e-34,589.234155666667,glucose_limited,pfba,bound_scaling,human2
MAR06921,NADH:ubiquinone oxidoreductase,,ENSG00000004779 and ENSG00000023228 and ENSG00000065518 and ENSG00000090266 and ENSG00000099795 and ENSG00000109390 and ENSG00000110717 and ENSG00000115286 and ENSG00000119013 and ENSG00000119421 and ENSG00000125356 and ENSG00000128609 and ENSG00000130414 and ENSG00000131495 and ENSG00000136521 and ENSG00000139180 and ENSG00000140990 and ENSG00000145494 and ENSG00000147123 and ENSG00000147684 and ENSG00000151366 and ENSG00000158864 and ENSG00000160194 and ENSG00000164258 and ENSG00000165264 and ENSG00000166136 and ENSG00000167792 and ENSG00000168653 and ENSG00000170906 and ENSG00000174886 and ENSG00000178127 and ENSG00000183648 and ENSG00000184752 and ENSG00000184983 and ENSG00000186010 and ENSG00000189043 and ENSG00000198695 and ENSG00000198763 and ENSG00000198786 and ENSG00000198840 and ENSG00000198886 and ENSG00000198888 and ENSG00000212907 and ENSG00000213619 and ENSG00000267855,0.6,0.4,20.000000000000135,5.892561675,True,optimal,48.892561675000046,1.2149925231933594,48.89256167499994,24.446280837499916,4.074380139583327,4.074380139583319,2.0000000000000044,12.000000000000004,0.0,0.0,550.2369133666677,glucose_limited,pfba,bound_scaling,human2
MAR06921,NADH:ubiquinone oxidoreductase,,ENSG00000004779 and ENSG00000023228 and ENSG00000065518 and ENSG00000090266 and ENSG00000099795 and ENSG00000109390 and ENSG00000110717 and ENSG00000115286 and ENSG00000119013 and ENSG00000119421 and ENSG00000125356 and ENSG00000128609 and ENSG00000130414 and ENSG00000131495 and ENSG00000136521 and ENSG00000139180 and ENSG00000140990 and ENSG00000145494 and ENSG00000147123 and ENSG00000147684 and ENSG00000151366 and ENSG00000158864 and ENSG00000160194 and ENSG00000164258 and ENSG00000165264 and ENSG00000166136 and ENSG00000167792 and ENSG00000168653 and ENSG00000170906 and ENSG00000174886 and ENSG00000178127 and ENSG00000183648 and ENSG00000184752 and ENSG00000184983 and ENSG00000186010 and ENSG00000189043 and ENSG00000198695 and ENSG00000198763 and ENSG00000198786 and ENSG00000198840 and ENSG00000198886 and ENSG00000198888 and ENSG00000212907 and ENSG00000213619 and ENSG00000267855,0.65,0.35,20.000000000000135,2.0623965862499998,True,optimal,45.062396586250145,1.448887825012207,45.06239658625009,22.531198293125126,3.7551997155208316,3.755199715520854,1.999999999999993,12.000000000000028,0.0,0.0,534.9162530116682,glucose_limited,pfba,bound_scaling,human2
MAR06921,NADH:ubiquinone oxidoreductase,,ENSG00000004779 and ENSG00000023228 and ENSG00000065518 and ENSG00000090266 and ENSG00000099795 and ENSG00000109390 and ENSG00000110717 and ENSG00000115286 and ENSG00000119013 and ENSG00000119421 and ENSG00000125356 and ENSG00000128609 and ENSG00000130414 and ENSG00000131495 and ENSG00000136521 and ENSG00000139180 and ENSG00000140990 and ENSG00000145494 and ENSG00000147123 and ENSG00000147684 and ENSG00000151366 and ENSG00000158864 and ENSG00000160194 and ENSG00000164258 and ENSG00000165264 and ENSG00000166136 and ENSG00000167792 and ENSG00000168653 and ENSG00000170906 and ENSG00000174886 and ENSG00000178127 and ENSG00000183648 and ENSG00000184752 and ENSG00000184983 and ENSG00000186010 and ENSG00000189043 and ENSG00000198695 and ENSG00000198763 and ENSG00000198786 and ENSG00000198840 and ENSG00000198886 and ENSG00000198888 and ENSG00000212907 and ENSG00000213619 and ENSG00000267855,0.7,0.30000000000000004,20.000000000000135,0.618718975875,True,optimal,43.61871897587518,1.4500999450683594,43.618718975874955,21.80935948793732,3.634893247989585,3.6348932479895537,2.000000000000014,11.999999999999982,5.0387392314318886e-17,1.155178178024614e-18,529.141542570167,glucose_limited,pfba,bound_scaling,human2
MAR06921,NADH:ubiquinone oxidoreductase,,ENSG00000004779 and ENSG00000023228 and ENSG00000065518 and ENSG00000090266 and ENSG00000099795 and ENSG00000109390 and ENSG00000110717 and ENSG00000115286 and ENSG00000119013 and ENSG00000119421 and ENSG00000125356 and ENSG00000128609 and ENSG00000130414 and ENSG00000131495 and ENSG00000136521 and ENSG00000139180 and ENSG00000140990 and ENSG00000145494 and ENSG00000147123 and ENSG00000147684 and ENSG00000151366 and ENSG00000158864 and ENSG00000160194 and ENSG00000164258 and ENSG00000165264 and ENSG00000166136 and ENSG00000167792 and ENSG00000168653 and ENSG00000170906 and ENSG00000174886 and ENSG00000178127 and ENSG00000183648 and ENSG00000184752 and ENSG00000184983 and ENSG00000186010 and ENSG00000189043 and ENSG00000198695 and ENSG00000198763 and ENSG00000198786 and ENSG00000198840 and ENSG00000198886 and ENSG00000198888 and ENSG00000212907 and ENSG00000213619 and ENSG00000267855,0.75,0.25,20.000000000000135,0.15467974396875,True,optimal,43.15467974396873,1.392409086227417,43.154679743968764,21.577339871984577,3.5962233119973948,3.5962233119974294,1.999999999999982,12.000000000000007,0.0,0.0,527.2853856425427,glucose_limited,pfba,bound_scaling,human2
MAR06921,NADH:ubiquinone oxidoreductase,,ENSG00000004779 and ENSG00000023228 and ENSG00000065518 and ENSG00000090266 and ENSG00000099795 and ENSG00000109390 and ENSG00000110717 and ENSG00000115286 and ENSG00000119013 and ENSG00000119421 and ENSG00000125356 and ENSG00000128609 and ENSG00000130414 and ENSG00000131495 and ENSG00000136521 and ENSG00000139180 and ENSG00000140990 and ENSG00000145494 and ENSG00000147123 and ENSG00000147684 and ENSG00000151366 and ENSG00000158864 and ENSG00000160194 and ENSG00000164258 and ENSG00000165264 and ENSG00000166136 and ENSG00000167792 and ENSG00000168653 and ENSG00000170906 and ENSG00000174886 and ENSG00000178127 and ENSG00000183648 and ENSG00000184752 and ENSG00000184983 and ENSG00000186010 and ENSG00000189043 and ENSG00000198695 and ENSG00000198763 and ENSG00000198786 and ENSG00000198840 and ENSG00000198886 and ENSG00000198888 and ENSG00000212907 and ENSG00000213619 and ENSG00000267855,0.8,0.19999999999999996,20.000000000000135,0.030935948793749994,True,optimal,43.03093594879344,1.3407633304595947,43.03093594879376,21.51546797439688,3.5859113290661453,3.5859113290661466,2.0,12.000000000000005,2.2462193493702536e-17,5.220010440960951e-19,526.7904104618425,glucose_limited,pfba,bound_scaling,human2
MAR06921,NADH:ubiquinone oxidoreductase,,ENSG00000004779 and ENSG00000023228 and ENSG00000065518 and ENSG00000090266 and ENSG00000099795 and ENSG00000109390 and ENSG00000110717 and ENSG00000115286 and ENSG00000119013 and ENSG00000119421 and ENSG00000125356 and ENSG00000128609 and ENSG00000130414 and ENSG00000131495 and ENSG00000136521 and ENSG00000139180 and ENSG00000140990 and ENSG00000145494 and ENSG00000147123 and ENSG00000147684 and ENSG00000151366 and ENSG00000158864 and ENSG00000160194 and ENSG00000164258 and ENSG00000165264 and ENSG00000166136 and ENSG00000167792 and ENSG00000168653 and ENSG00000170906 and ENSG00000174886 and ENSG00000178127 and ENSG00000183648 and ENSG00000184752 and ENSG00000184983 and ENSG00000186010 and ENSG00000189043 and ENSG00000198695 and ENSG00000198763 and ENSG00000198786 and ENSG00000198840 and ENSG00000198886 and ENSG00000198888 and ENSG00000212907 and ENSG00000213619 and ENSG00000267855,0.85,0.15000000000000002,20.000000000000135,0.0046403923190625,True,optimal,43.004640392318755,1.339010238647461,43.004640392319054,21.502320196159527,3.5837200326932566,3.5837200326932543,2.0,11.999999999999993,2.1392932030795974e-17,4.974563636769047e-19,526.6852282359433,glucose_limited,pfba,bound_scaling,human2
MAR06921,NADH:ubiquinone oxidoreductase,,ENSG00000004779 and ENSG00000023228 and ENSG00000065518 and ENSG00000090266 and ENSG00000099795 and ENSG00000109390 and ENSG00000110717 and ENSG00000115286 and ENSG00000119013 and ENSG00000119421 and ENSG00000125356 and ENSG00000128609 and ENSG00000130414 and ENSG00000131495 and ENSG00000136521 and ENSG00000139180 and ENSG00000140990 and ENSG00000145494 and ENSG00000147123 and ENSG00000147684 and ENSG00000151366 and ENSG00000158864 and ENSG00000160194 and ENSG00000164258 and ENSG00000165264 and ENSG00000166136 and ENSG00000167792 and ENSG00000168653 and ENSG00000170906 and ENSG00000174886 and ENSG00000178127 and ENSG00000183648 and ENSG00000184752 and ENSG00000184983 and ENSG00000186010 and ENSG00000189043 and ENSG00000198695 and ENSG00000198763 and ENSG00000198786 and ENSG00000198840 and ENSG00000198886 and ENSG00000198888 and ENSG00000212907 and ENSG00000213619 and ENSG00000267855,0.9,0.09999999999999998,20.000000000000135,0.00046403923190624987,True,optimal,43.0004640392317,1.3274626731872559,43.00046403923189,21.500232019615797,3.5833720032693175,3.5833720032693,2.0000000000000138,12.000000000000023,2.1835933064829522e-15,5.0780691680227674e-17,526.6685228235954,glucose_limited,pfba,bound_scaling,human2
MAR06921,NADH:ubiquinone oxidoreductase,,ENSG00000004779 and ENSG00000023228 and ENSG00000065518 and ENSG00000090266 and ENSG00000099795 and ENSG00000109390 and ENSG00000110717 and ENSG00000115286 and ENSG00000119013 and ENSG00000119421 and ENSG00000125356 and ENSG00000128609 and ENSG00000130414 and ENSG00000131495 and ENSG00000136521 and ENSG00000139180 and ENSG00000140990 and ENSG00000145494 and ENSG00000147123 and ENSG00000147684 and ENSG00000151366 and ENSG00000158864 and ENSG00000160194 and ENSG00000164258 and ENSG00000165264 and ENSG00000166136 and ENSG00000167792 and ENSG00000168653 and ENSG00000170906 and ENSG00000174886 and ENSG00000178127 and ENSG00000183648 and ENSG00000184752 and ENSG00000184983 and ENSG00000186010 and ENSG00000189043 and ENSG00000198695 and ENSG00000198763 and ENSG00000198786 and ENSG00000198840 and ENSG00000198886 and ENSG00000198888 and ENSG00000212907 and ENSG00000213619 and ENSG00000267855,0.95,0.050000000000000044,20.000000000000135,2.3201961595312515e-05,True,optimal,43.00002320196161,1.4041054248809814,43.00002320196154,21.50001160098094,3.583335266830131,3.583335266830157,1.999999999999984,11.999999999999991,9.194847953310952e-16,2.138335579523945e-17,526.6667594745124,glucose_limited,pfba,bound_scaling,human2
MAR06921,NADH:ubiquinone oxidoreductase,,ENSG00000004779 and ENSG00000023228 and ENSG00000065518 and ENSG00000090266 and ENSG00000099795 and ENSG00000109390 and ENSG00000110717 and ENSG00000115286 and ENSG00000119013 and ENSG00000119421 and ENSG00000125356 and ENSG00000128609 and ENSG00000130414 and ENSG00000131495 and ENSG00000136521 and ENSG00000139180 and ENSG00000140990 and ENSG00000145494 and ENSG00000147123 and ENSG00000147684 and ENSG00000151366 and ENSG00000158864 and ENSG00000160194 and ENSG00000164258 and ENSG00000165264 and ENSG00000166136 and ENSG00000167792 and ENSG00000168653 and ENSG00000170906 and ENSG00000174886 and ENSG00000178127 and ENSG00000183648 and ENSG00000184752 and ENSG00000184983 and ENSG00000186010 and ENSG00000189043 and ENSG00000198695 and ENSG00000198763 and ENSG00000198786 and ENSG00000198840 and ENSG00000198886 and ENSG00000198888 and ENSG00000212907 and ENSG00000213619 and ENSG00000267855,1.0,0.0,20.000000000000135,0.0,True,optimal,42.99999999999978,1.552884817123413,43.000000000000014,21.49999999999994,3.5833333333333326,3.5833333333333233,2.000000000000006,12.000000000000007,0.0,0.0,526.6666666666671,glucose_limited,pfba,bound_scaling,human2
MAR07638,transport of H+ (cytosol to mitochondria),,ENSG00000102078 or ENSG00000109424 or ENSG00000153291 or ENSG00000175564 or ENSG00000175567,0.0,1.0,47.00000000000031,47.00000000000023,True,optimal,63.00000000000044,1.1647169589996338,63.000000000000256,31.499999999999904,5.250000000000005,5.249999999999984,2.000000000000014,12.000000000000036,0.0,0.0,620.0000000000031,glucose_limited,pfba,bound_scaling,human2
MAR07638,transport of H+ (cytosol to mitochondria),,ENSG00000102078 or ENSG00000109424 or ENSG00000153291 or ENSG00000175564 or ENSG00000175567,0.05,0.95,47.00000000000031,47.00000000000023,True,optimal,63.00000000000044,1.161083698272705,63.000000000000256,31.499999999999904,5.250000000000005,5.249999999999984,2.000000000000014,12.000000000000036,0.0,0.0,620.0000000000031,glucose_limited,pfba,bound_scaling,human2
MAR07638,transport of H+ (cytosol to mitochondria),,ENSG00000102078 or ENSG00000109424 or ENSG00000153291 or ENSG00000175564 or ENSG00000175567,0.1,0.9,47.00000000000031,47.00000000000023,True,optimal,63.00000000000044,1.1688575744628906,63.000000000000256,31.499999999999904,5.250000000000005,5.249999999999984,2.000000000000014,12.000000000000036,0.0,0.0,620.0000000000031,glucose_limited,pfba,bound_scaling,human2
MAR07638,transport of H+ (cytosol to mitochondria),,ENSG00000102078 or ENSG00000109424 or ENSG00000153291 or ENSG00000175564 or ENSG00000175567,0.15,0.85,47.00000000000031,47.00000000000023,True,optimal,63.00000000000044,1.163140058517456,63.000000000000256,31.499999999999904,5.250000000000005,5.249999999999984,2.000000000000014,12.000000000000036,0.0,0.0,620.0000000000031,glucose_limited,pfba,bound_scaling,human2
MAR07638,transport of H+ (cytosol to mitochondria),,ENSG00000102078 or ENSG00000109424 or ENSG00000153291 or ENSG00000175564 or ENSG00000175567,0.2,0.8,47.00000000000031,47.00000000000023,True,optimal,63.00000000000044,1.1538095474243164,63.000000000000256,31.499999999999904,5.250000000000005,5.249999999999984,2.000000000000014,12.000000000000036,0.0,0.0,620.0000000000031,glucose_limited,pfba,bound_scaling,human2
MAR07638,transport of H+ (cytosol to mitochondria),,ENSG00000102078 or ENSG00000109424 or ENSG00000153291 or ENSG00000175564 or ENSG00000175567,0.25,0.75,47.00000000000031,47.00000000000023,True,optimal,63.00000000000044,1.172111988067627,63.000000000000256,31.499999999999904,5.250000000000005,5.249999999999984,2.000000000000014,12.000000000000036,0.0,0.0,620.0000000000031,glucose_limited,pfba,bound_scaling,human2
MAR07638,transport of H+ (cytosol to mitochondria),,ENSG00000102078 or ENSG00000109424 or ENSG00000153291 or ENSG00000175564 or ENSG00000175567,0.3,0.7,47.00000000000031,47.00000000000023,True,optimal,63.00000000000044,1.1534669399261475,63.000000000000256,31.499999999999904,5.250000000000005,5.249999999999984,2.000000000000014,12.000000000000036,0.0,0.0,620.0000000000031,glucose_limited,pfba,bound_scaling,human2
MAR07638,transport of H+ (cytosol to mitochondria),,ENSG00000102078 or ENSG00000109424 or ENSG00000153291 or ENSG00000175564 or ENSG00000175567,0.35,0.65,47.00000000000031,47.00000000000023,True,optimal,63.00000000000044,1.1752214431762695,63.000000000000256,31.499999999999904,5.250000000000005,5.249999999999984,2.000000000000014,12.000000000000036,0.0,0.0,620.0000000000031,glucose_limited,pfba,bound_scaling,human2
MAR07638,transport of H+ (cytosol to mitochondria),,ENSG00000102078 or ENSG00000109424 or ENSG00000153291 or ENSG00000175564 or ENSG00000175567,0.4,0.6,47.00000000000031,47.00000000000023,True,optimal,63.00000000000044,1.1542110443115234,63.000000000000256,31.499999999999904,5.250000000000005,5.249999999999984,2.000000000000014,12.000000000000036,0.0,0.0,620.0000000000031,glucose_limited,pfba,bound_scaling,human2
MAR07638,transport of H+ (cytosol to mitochondria),,ENSG00000102078 or ENSG00000109424 or ENSG00000153291 or ENSG00000175564 or ENSG00000175567,0.45,0.55,47.00000000000031,47.00000000000023,True,optimal,63.00000000000044,1.1623730659484863,63.000000000000256,31.499999999999904,5.250000000000005,5.249999999999984,2.000000000000014,12.000000000000036,0.0,0.0,620.0000000000031,glucose_limited,pfba,bound_scaling,human2
MAR07638,transport of H+ (cytosol to mitochondria),,ENSG00000102078 or ENSG00000109424 or ENSG00000153291 or ENSG00000175564 or ENSG00000175567,0.5,0.5,47.00000000000031,32.736453749999995,True,optimal,63.000000000000334,1.1532189846038818,63.00000000000033,31.500000000000654,5.249999999999979,5.250000000000109,1.999999999999969,12.000000000000112,0.0,0.0,630.2635462500057,glucose_limited,pfba,bound_scaling,human2
MAR07638,transport of H+ (cytosol to mitochondria),,ENSG00000102078 or ENSG00000109424 or ENSG00000153291 or ENSG00000175564 or ENSG00000175567,0.55,0.44999999999999996,47.00000000000031,14.731404187499997,True,optimal,63.00000000000057,1.2562177181243896,63.000000000000796,31.499999999999517,5.249999999999993,5.249999999999919,2.000000000000056,12.000000000000167,0.0,0.0,648.2685958125112,glucose_limited,pfba,bound_scaling,human2
MAR07638,transport of H+ (cytosol to mitochondria),,ENSG00000102078 or ENSG00000109424 or ENSG00000153291 or ENSG00000175564 or ENSG00000175567,0.6,0.4,47.00000000000031,5.892561675,True,optimal,63.000000000000334,1.093202829360962,63.00000000000043,31.500000000000274,5.249999999999995,5.250000000000045,1.9999999999999964,12.000000000000094,0.0,0.0,657.107438325005,glucose_limited,pfba,bound_scaling,human2
MAR07638,transport of H+ (cytosol to mitochondria),,ENSG00000102078 or ENSG00000109424 or ENSG00000153291 or ENSG00000175564 or ENSG00000175567,0.65,0.35,47.00000000000031,2.0623965862499998,True,optimal,62.99999999999998,1.127617597579956,62.99999999999996,31.500000000000057,5.250000000000001,5.250000000000009,1.9999999999999951,11.99999999999999,0.0,0.0,660.9376034137501,glucose_limited,pfba,bound_scaling,human2
MAR07638,transport of H+ (cytosol to mitochondria),,ENSG00000102078 or ENSG00000109424 or ENSG00000153291 or ENSG00000175564 or ENSG00000175567,0.7,0.30000000000000004,47.00000000000031,0.618718975875,True,optimal,63.000000000000036,1.2768166065216064,63.00000000000013,31.5,5.249999999999996,5.25,2.000000000000004,12.000000000000034,0.0,0.0,662.3812810241271,glucose_limited,pfba,bound_scaling,human2
MAR07638,transport of H+ (cytosol to mitochondria),,ENSG00000102078 or ENSG00000109424 or ENSG00000153291 or ENSG00000175564 or ENSG00000175567,0.75,0.25,47.00000000000031,0.15467974396875,True,optimal,63.000000000000185,1.2073173522949219,62.99999999999981,31.500000000000124,5.249999999999975,5.25000000000002,1.999999999999986,12.000000000000021,0.0,0.0,662.8453202560323,glucose_limited,pfba,bound_scaling,human2
MAR07638,transport of H+ (cytosol to mitochondria),,ENSG00000102078 or ENSG00000109424 or ENSG00000153291 or ENSG00000175564 or ENSG00000175567,0.8,0.19999999999999996,47.00000000000031,0.030935948793749994,True,optimal,62.99999999999988,1.1757216453552246,63.00000000000015,31.49999999999993,5.250000000000001,5.249999999999988,2.0000000000000093,12.000000000000027,0.0,0.0,662.969064051208,glucose_limited,pfba,bound_scaling,human2
MAR07638,transport of H+ (cytosol to mitochondria),,ENSG00000102078 or ENSG00000109424 or ENSG00000153291 or ENSG00000175564 or ENSG00000175567,0.85,0.15000000000000002,47.00000000000031,0.0046403923190625,True,optimal,62.99999999999998,1.2056562900543213,63.00000000000001,31.500000000000032,5.249999999999999,5.250000000000005,1.9999999999999982,12.000000000000004,0.0,0.0,662.9953596076816,glucose_limited,pfba,bound_scaling,human2
MAR07638,transport of H+ (cytosol to mitochondria),,ENSG00000102078 or ENSG00000109424 or ENSG00000153291 or ENSG00000175564 or ENSG00000175567,0.9,0.09999999999999998,47.00000000000031,0.00046403923190624987,True,optimal,63.00000000000006,1.2096233367919922,63.00000000000006,31.500000000000174,5.249999999999996,5.250000000000029,1.9999999999999907,12.000000000000021,0.0,0.0,662.9995359607693,glucose_limited,pfba,bound_scaling,human2
MAR07638,transport of H+ (cytosol to mitochondria),,ENSG00000102078 or ENSG00000109424 or ENSG00000153291 or ENSG00000175564 or ENSG00000175567,0.95,0.050000000000000044,47.00000000000031,2.3201961595312515e-05,True,optimal,63.00000000000014,1.238471508026123,63.00000000000022,31.50000000000048,5.249999999999994,5.250000000000081,1.9999999999999765,12.000000000000057,0.0,0.0,662.9999767980413,glucose_limited,pfba,bound_scaling,human2
MAR07638,transport of H+ (cytosol to mitochondria),,ENSG00000102078 or ENSG00000109424 or ENSG00000153291 or ENSG00000175564 or ENSG00000175567,1.0,0.0,47.00000000000031,0.0,True,optimal,62.999999999999865,1.2190587520599365,63.00000000000004,31.500000000000014,5.250000000000002,5.250000000000002,2.0000000000000004,12.000000000000004,0.0,0.0,663.0000000000017,glucose_limited,pfba,bound_scaling,human2
MAR08746,pyruvate:thiamin diphosphate acetaldehydetransferase (decarboxylating),,(ENSG00000131828 and ENSG00000168291) or (ENSG00000163114 and ENSG00000168291),0.0,1.0,4.000000000000023,4.000000000000004,True,optimal,63.00000000000044,1.1584913730621338,63.000000000000256,31.499999999999904,5.250000000000005,5.249999999999984,2.000000000000014,12.000000000000036,0.0,0.0,620.0000000000031,glucose_limited,pfba,bound_scaling,human2
MAR08746,pyruvate:thiamin diphosphate acetaldehydetransferase (decarboxylating),,(ENSG00000131828 and ENSG00000168291) or (ENSG00000163114 and ENSG00000168291),0.05,0.95,4.000000000000023,4.000000000000004,True,optimal,63.00000000000044,1.161700963973999,63.000000000000256,31.499999999999904,5.250000000000005,5.249999999999984,2.000000000000014,12.000000000000036,0.0,0.0,620.0000000000031,glucose_limited,pfba,bound_scaling,human2
MAR08746,pyruvate:thiamin diphosphate acetaldehydetransferase (decarboxylating),,(ENSG00000131828 and ENSG00000168291) or (ENSG00000163114 and ENSG00000168291),0.1,0.9,4.000000000000023,4.000000000000004,True,optimal,63.00000000000044,1.1609141826629639,63.000000000000256,31.499999999999904,5.250000000000005,5.249999999999984,2.000000000000014,12.000000000000036,0.0,0.0,620.0000000000031,glucose_limited,pfba,bound_scaling,human2
MAR08746,pyruvate:thiamin diphosphate acetaldehydetransferase (decarboxylating),,(ENSG00000131828 and ENSG00000168291) or (ENSG00000163114 and ENSG00000168291),0.15,0.85,4.000000000000023,4.000000000000004,True,optimal,63.00000000000044,1.1613929271697998,63.000000000000256,31.499999999999904,5.250000000000005,5.249999999999984,2.000000000000014,12.000000000000036,0.0,0.0,620.0000000000031,glucose_limited,pfba,bound_scaling,human2
MAR08746,pyruvate:thiamin diphosphate acetaldehydetransferase (decarboxylating),,(ENSG00000131828 and ENSG00000168291) or (ENSG00000163114 and ENSG00000168291),0.2,0.8,4.000000000000023,4.000000000000004,True,optimal,63.00000000000044,1.1693148612976074,63.000000000000256,31.499999999999904,5.250000000000005,5.249999999999984,2.000000000000014,12.000000000000036,0.0,0.0,620.0000000000031,glucose_limited,pfba,bound_scaling,human2
MAR08746,pyruvate:thiamin diphosphate acetaldehydetransferase (decarboxylating),,(ENSG00000131828 and ENSG00000168291) or (ENSG00000163114 and ENSG00000168291),0.25,0.75,4.000000000000023,4.000000000000004,True,optimal,63.00000000000044,1.1611082553863525,63.000000000000256,31.499999999999904,5.250000000000005,5.249999999999984,2.000000000000014,12.000000000000036,0.0,0.0,620.0000000000031,glucose_limited,pfba,bound_scaling,human2
MAR08746,pyruvate:thiamin diphosphate acetaldehydetransferase (decarboxylating),,(ENSG00000131828 and ENSG00000168291) or (ENSG00000163114 and ENSG00000168291),0.3,0.7,4.000000000000023,4.000000000000004,True,optimal,63.00000000000044,1.1623985767364502,63.000000000000256,31.499999999999904,5.250000000000005,5.249999999999984,2.000000000000014,12.000000000000036,0.0,0.0,620.0000000000031,glucose_limited,pfba,bound_scaling,human2
MAR08746,pyruvate:thiamin diphosphate acetaldehydetransferase (decarboxylating),,(ENSG00000131828 and ENSG00000168291) or (ENSG00000163114 and ENSG00000168291),0.35,0.65,4.000000000000023,4.000000000000004,True,optimal,63.00000000000044,1.1661560535430908,63.000000000000256,31.499999999999904,5.250000000000005,5.249999999999984,2.000000000000014,12.000000000000036,0.0,0.0,620.0000000000031,glucose_limited,pfba,bound_scaling,human2
MAR08746,pyruvate:thiamin diphosphate acetaldehydetransferase (decarboxylating),,(ENSG00000131828 and ENSG00000168291) or (ENSG00000163114 and ENSG00000168291),0.4,0.6,4.000000000000023,4.000000000000004,True,optimal,63.00000000000044,1.1573500633239746,63.000000000000256,31.499999999999904,5.250000000000005,5.249999999999984,2.000000000000014,12.000000000000036,0.0,0.0,620.0000000000031,glucose_limited,pfba,bound_scaling,human2
MAR08746,pyruvate:thiamin diphosphate acetaldehydetransferase (decarboxylating),,(ENSG00000131828 and ENSG00000168291) or (ENSG00000163114 and ENSG00000168291),0.45,0.55,4.000000000000023,4.000000000000004,True,optimal,63.00000000000044,1.1667289733886719,63.000000000000256,31.499999999999904,5.250000000000005,5.249999999999984,2.000000000000014,12.000000000000036,0.0,0.0,620.0000000000031,glucose_limited,pfba,bound_scaling,human2
MAR08746,pyruvate:thiamin diphosphate acetaldehydetransferase (decarboxylating),,(ENSG00000131828 and ENSG00000168291) or (ENSG00000163114 and ENSG00000168291),0.5,0.5,4.000000000000023,4.000000000000004,True,optimal,63.00000000000044,1.178246259689331,63.000000000000256,31.499999999999904,5.250000000000005,5.249999999999984,2.000000000000014,12.000000000000036,0.0,0.0,620.0000000000031,glucose_limited,pfba,bound_scaling,human2
MAR08746,pyruvate:thiamin diphosphate acetaldehydetransferase (decarboxylating),,(ENSG00000131828 and ENSG00000168291) or (ENSG00000163114 and ENSG00000168291),0.55,0.44999999999999996,4.000000000000023,4.000000000000004,True,optimal,63.00000000000044,1.1591556072235107,63.000000000000256,31.499999999999904,5.250000000000005,5.249999999999984,2.000000000000014,12.000000000000036,0.0,0.0,620.0000000000031,glucose_limited,pfba,bound_scaling,human2
MAR08746,pyruvate:thiamin diphosphate acetaldehydetransferase (decarboxylating),,(ENSG00000131828 and ENSG00000168291) or (ENSG00000163114 and ENSG00000168291),0.6,0.4,4.000000000000023,4.000000000000004,True,optimal,63.00000000000044,1.1592206954956055,63.000000000000256,31.499999999999904,5.250000000000005,5.249999999999984,2.000000000000014,12.000000000000036,0.0,0.0,620.0000000000031,glucose_limited,pfba,bound_scaling,human2
MAR08746,pyruvate:thiamin diphosphate acetaldehydetransferase (decarboxylating),,(ENSG00000131828 and ENSG00000168291) or (ENSG00000163114 and ENSG00000168291),0.65,0.35,4.000000000000023,2.0623965862499998,True,optimal,61.54679743968765,1.1142868995666504,61.546797439687424,30.773398719843712,5.12889978664062,5.128899786640619,2.0,11.999999999999996,0.0,0.0,630.0109509710423,glucose_limited,pfba,bound_scaling,human2
MAR08746,pyruvate:thiamin diphosphate acetaldehydetransferase (decarboxylating),,(ENSG00000131828 and ENSG00000168291) or (ENSG00000163114 and ENSG00000168291),0.7,0.30000000000000004,4.000000000000023,0.618718975875,True,optimal,60.46403923190637,1.1168498992919922,60.46403923190642,30.23201961595321,5.038669935992055,5.038669935992202,2.0,12.00000000000035,0.0,0.0,637.4699519579751,glucose_limited,pfba,bound_scaling,human2
MAR08746,pyruvate:thiamin diphosphate acetaldehydetransferase (decarboxylating),,(ENSG00000131828 and ENSG00000168291) or (ENSG00000163114 and ENSG00000168291),0.75,0.25,4.000000000000023,0.15467974396875,True,optimal,60.116009807976674,1.1628448963165283,60.1160098079767,30.05800490398835,5.009667483998068,5.009667483998059,2.0,11.999999999999979,0.0,0.0,639.8674879894992,glucose_limited,pfba,bound_scaling,human2
MAR08746,pyruvate:thiamin diphosphate acetaldehydetransferase (decarboxylating),,(ENSG00000131828 and ENSG00000168291) or (ENSG00000163114 and ENSG00000168291),0.8,0.19999999999999996,4.000000000000023,0.030935948793749994,True,optimal,60.023201961595234,1.1021921634674072,60.023201961595504,30.011600980797752,5.00193349679967,5.001933496799626,2.0,11.999999999999893,0.0,0.0,640.5068309312497,glucose_limited,pfba,bound_scaling,human2
MAR08746,pyruvate:thiamin diphosphate acetaldehydetransferase (decarboxylating),,(ENSG00000131828 and ENSG00000168291) or (ENSG00000163114 and ENSG00000168291),0.85,0.15000000000000002,4.000000000000023,0.0046403923190625,True,optimal,60.00348029423921,1.103283405303955,60.00348029423946,30.00174014711973,5.000290024519966,5.000290024519955,2.0,11.999999999999973,0.0,0.0,640.6426913063611,glucose_limited,pfba,bound_scaling,human2
MAR08746,pyruvate:thiamin diphosphate acetaldehydetransferase (decarboxylating),,(ENSG00000131828 and ENSG00000168291) or (ENSG00000163114 and ENSG00000168291),0.9,0.09999999999999998,4.000000000000023,0.00046403923190624987,True,optimal,60.00034802942385,1.0995728969573975,60.00034802942412,30.00017401471206,5.000029002452001,5.00002900245201,2.0,12.000000000000021,0.0,0.0,640.6642691306399,glucose_limited,pfba,bound_scaling,human2
MAR08746,pyruvate:thiamin diphosphate acetaldehydetransferase (decarboxylating),,(ENSG00000131828 and ENSG00000168291) or (ENSG00000163114 and ENSG00000168291),0.95,0.050000000000000044,4.000000000000023,2.3201961595312515e-05,True,optimal,60.000017401471396,1.1073503494262695,60.00001740147125,30.000008700735624,5.000001450122595,5.000001450122604,2.0,12.000000000000021,0.0,0.0,640.6665467898656,glucose_limited,pfba,bound_scaling,human2
MAR08746,pyruvate:thiamin diphosphate acetaldehydetransferase (decarboxylating),,(ENSG00000131828 and ENSG00000168291) or (ENSG00000163114 and ENSG00000168291),1.0,0.0,4.000000000000023,0.0,True,optimal,60.000000000000036,1.0756316184997559,60.000000000000504,30.000000000000252,4.999999999999944,5.000000000000042,2.0,12.000000000000234,0.0,0.0,640.6666666666868,glucose_limited,pfba,bound_scaling,human2
MAR20069,MAR20069,,(ENSG00000131828 and ENSG00000168291 and ENSG00000150768) or (ENSG00000163114 and ENSG00000168291 and ENSG00000150768),0.0,1.0,4.000000000000023,4.000000000000004,True,optimal,63.00000000000044,1.1531546115875244,63.000000000000256,31.499999999999904,5.250000000000005,5.249999999999984,2.000000000000014,12.000000000000036,0.0,0.0,620.0000000000031,glucose_limited,pfba,bound_scaling,human2
MAR20069,MAR20069,,(ENSG00000131828 and ENSG00000168291 and ENSG00000150768) or (ENSG00000163114 and ENSG00000168291 and ENSG00000150768),0.05,0.95,4.000000000000023,4.000000000000004,True,optimal,63.00000000000044,1.1477222442626953,63.000000000000256,31.499999999999904,5.250000000000005,5.249999999999984,2.000000000000014,12.000000000000036,0.0,0.0,620.0000000000031,glucose_limited,pfba,bound_scaling,human2
MAR20069,MAR20069,,(ENSG00000131828 and ENSG00000168291 and ENSG00000150768) or (ENSG00000163114 and ENSG00000168291 and ENSG00000150768),0.1,0.9,4.000000000000023,4.000000000000004,True,optimal,63.00000000000044,1.1498305797576904,63.000000000000256,31.499999999999904,5.250000000000005,5.249999999999984,2.000000000000014,12.000000000000036,0.0,0.0,620.0000000000031,glucose_limited,pfba,bound_scaling,human2
MAR20069,MAR20069,,(ENSG00000131828 and ENSG00000168291 and ENSG00000150768) or (ENSG00000163114 and ENSG00000168291 and ENSG00000150768),0.15,0.85,4.000000000000023,4.000000000000004,True,optimal,63.00000000000044,1.1473867893218994,63.000000000000256,31.499999999999904,5.250000000000005,5.249999999999984,2.000000000000014,12.000000000000036,0.0,0.0,620.0000000000031,glucose_limited,pfba,bound_scaling,human2
MAR20069,MAR20069,,(ENSG00000131828 and ENSG00000168291 and ENSG00000150768) or (ENSG00000163114 and ENSG00000168291 and ENSG00000150768),0.2,0.8,4.000000000000023,4.000000000000004,True,optimal,63.00000000000044,1.1540639400482178,63.000000000000256,31.499999999999904,5.250000000000005,5.249999999999984,2.000000000000014,12.000000000000036,0.0,0.0,620.0000000000031,glucose_limited,pfba,bound_scaling,human2
MAR20069,MAR20069,,(ENSG00000131828 and ENSG00000168291 and ENSG00000150768) or (ENSG00000163114 and ENSG00000168291 and ENSG00000150768),0.25,0.75,4.000000000000023,4.000000000000004,True,optimal,63.00000000000044,1.222886562347412,63.000000000000256,31.499999999999904,5.250000000000005,5.249999999999984,2.000000000000014,12.000000000000036,0.0,0.0,620.0000000000031,glucose_limited,pfba,bound_scaling,human2
MAR20069,MAR20069,,(ENSG00000131828 and ENSG00000168291 and ENSG00000150768) or (ENSG00000163114 and ENSG00000168291 and ENSG00000150768),0.3,0.7,4.000000000000023,4.000000000000004,True,optimal,63.00000000000044,1.145371913909912,63.000000000000256,31.499999999999904,5.250000000000005,5.249999999999984,2.000000000000014,12.000000000000036,0.0,0.0,620.0000000000031,glucose_limited,pfba,bound_scaling,human2
MAR20069,MAR20069,,(ENSG00000131828 and ENSG00000168291 and ENSG00000150768) or (ENSG00000163114 and ENSG00000168291 and ENSG00000150768),0.35,0.65,4.000000000000023,4.000000000000004,True,optimal,63.00000000000044,1.150031566619873,63.000000000000256,31.499999999999904,5.250000000000005,5.249999999999984,2.000000000000014,12.000000000000036,0.0,0.0,620.0000000000031,glucose_limited,pfba,bound_scaling,human2
MAR20069,MAR20069,,(ENSG00000131828 and ENSG00000168291 and ENSG00000150768) or (ENSG00000163114 and ENSG00000168291 and ENSG00000150768),0.4,0.6,4.000000000000023,4.000000000000004,True,optimal,63.00000000000044,1.1489543914794922,63.000000000000256,31.499999999999904,5.250000000000005,5.249999999999984,2.000000000000014,12.000000000000036,0.0,0.0,620.0000000000031,glucose_limited,pfba,bound_scaling,human2
MAR20069,MAR20069,,(ENSG00000131828 and ENSG00000168291 and ENSG00000150768) or (ENSG00000163114 and ENSG00000168291 and ENSG00000150768),0.45,0.55,4.000000000000023,4.000000000000004,True,optimal,63.00000000000044,1.1598408222198486,63.000000000000256,31.499999999999904,5.250000000000005,5.249999999999984,2.000000000000014,12.000000000000036,0.0,0.0,620.0000000000031,glucose_limited,pfba,bound_scaling,human2
MAR20069,MAR20069,,(ENSG00000131828 and ENSG00000168291 and ENSG00000150768) or (ENSG00000163114 and ENSG00000168291 and ENSG00000150768),0.5,0.5,4.000000000000023,4.000000000000004,True,optimal,63.00000000000044,1.1729741096496582,63.000000000000256,31.499999999999904,5.250000000000005,5.249999999999984,2.000000000000014,12.000000000000036,0.0,0.0,620.0000000000031,glucose_limited,pfba,bound_scaling,human2
MAR20069,MAR20069,,(ENSG00000131828 and ENSG00000168291 and ENSG00000150768) or (ENSG00000163114 and ENSG00000168291 and ENSG00000150768),0.55,0.44999999999999996,4.000000000000023,4.000000000000004,True,optimal,63.00000000000044,1.1636021137237549,63.000000000000256,31.499999999999904,5.250000000000005,5.249999999999984,2.000000000000014,12.000000000000036,0.0,0.0,620.0000000000031,glucose_limited,pfba,bound_scaling,human2
MAR20069,MAR20069,,(ENSG00000131828 and ENSG00000168291 and ENSG00000150768) or (ENSG00000163114 and ENSG00000168291 and ENSG00000150768),0.6,0.4,4.000000000000023,4.000000000000004,True,optimal,63.00000000000044,1.1654655933380127,63.000000000000256,31.499999999999904,5.250000000000005,5.249999999999984,2.000000000000014,12.000000000000036,0.0,0.0,620.0000000000031,glucose_limited,pfba,bound_scaling,human2
MAR20069,MAR20069,,(ENSG00000131828 and ENSG00000168291 and ENSG00000150768) or (ENSG00000163114 and ENSG00000168291 and ENSG00000150768),0.65,0.35,4.000000000000023,2.0623965862499998,True,optimal,61.5467974396874,1.1367430686950684,61.54679743968733,30.773398719843666,5.128899786640583,5.128899786640611,2.0,12.000000000000064,0.0,0.0,630.010950971094,glucose_limited,pfba,bound_scaling,human2
MAR20069,MAR20069,,(ENSG00000131828 and ENSG00000168291 and ENSG00000150768) or (ENSG00000163114 and ENSG00000168291 and ENSG00000150768),0.7,0.30000000000000004,4.000000000000023,0.618718975875,True,optimal,60.46403923190618,1.1258478164672852,60.46403923190633,30.232019615953163,5.038669935992119,5.038669935992194,2.0,12.00000000000018,0.0,0.0,637.4699519579772,glucose_limited,pfba,bound_scaling,human2
MAR20069,MAR20069,,(ENSG00000131828 and ENSG00000168291 and ENSG00000150768) or (ENSG00000163114 and ENSG00000168291 and ENSG00000150768),0.75,0.25,4.000000000000023,0.15467974396875,True,optimal,60.11600980797602,1.1266024112701416,60.11600980797669,30.058004903988344,5.009667483998046,5.009667483998057,2.0,12.000000000000027,0.0,0.0,639.8674879894976,glucose_limited,pfba,bound_scaling,human2
MAR20069,MAR20069,,(ENSG00000131828 and ENSG00000168291 and ENSG00000150768) or (ENSG00000163114 and ENSG00000168291 and ENSG00000150768),0.8,0.19999999999999996,4.000000000000023,0.030935948793749994,True,optimal,60.023201961595284,1.1536929607391357,60.02320196159535,30.011600980797674,5.001933496799729,5.001933496799612,2.0,11.999999999999721,0.0,0.0,640.5068309312546,glucose_limited,pfba,bound_scaling,human2
MAR20069,MAR20069,,(ENSG00000131828 and ENSG00000168291 and ENSG00000150768) or (ENSG00000163114 and ENSG00000168291 and ENSG00000150768),0.85,0.15000000000000002,4.000000000000023,0.0046403923190625,True,optimal,60.003480294239026,1.1132245063781738,60.003480294239225,30.001740147119612,5.000290024520023,5.000290024519935,2.0,11.99999999999979,0.0,0.0,640.6426913063533,glucose_limited,pfba,bound_scaling,human2
MAR20069,MAR20069,,(ENSG00000131828 and ENSG00000168291 and ENSG00000150768) or (ENSG00000163114 and ENSG00000168291 and ENSG00000150768),0.9,0.09999999999999998,4.000000000000023,0.00046403923190624987,True,optimal,60.00034802942413,1.138796329498291,60.00034802942408,30.00017401471204,5.000029002451998,5.000029002452007,2.0,12.000000000000021,0.0,0.0,640.6642691306378,glucose_limited,pfba,bound_scaling,human2
MAR20069,MAR20069,,(ENSG00000131828 and ENSG00000168291 and ENSG00000150768) or (ENSG00000163114 and ENSG00000168291 and ENSG00000150768),0.95,0.050000000000000044,4.000000000000023,2.3201961595312515e-05,True,optimal,60.00001740147152,1.161989688873291,60.00001740147125,30.000008700735624,5.000001450122573,5.000001450122604,2.0,12.000000000000073,0.0,0.0,640.6665467898669,glucose_limited,pfba,bound_scaling,human2
MAR20069,MAR20069,,(ENSG00000131828 and ENSG00000168291 and ENSG00000150768) or (ENSG00000163114 and ENSG00000168291 and ENSG00000150768),1.0,0.0,4.000000000000023,0.0,True,optimal,59.9999999999999,1.1076009273529053,60.00000000000014,30.00000000000007,4.99999999999999,5.0000000000000115,2.0,12.000000000000052,0.0,0.0,640.6666666666703,glucose_limited,pfba,bound_scaling,human2
