collection_no,collection_name,lng,lat,mid_ma,formation,n_occurrences,n_genera,n_herbivore,n_predator
102283,Runningwater Formation Pleurolicus exiguus,-103.783333,42.566666,17.4,Runningwater,1,1,1,0
105889,Hodges Hill,-79.653816,9.047688,17.4,Cucaracha,2,2,2,0
105967,Mission Roadside Site,-100.650002,43.299999,14.4,Valentine,1,1,0,1
106180,"Super Creek, Burrobend Member",-116.636948,33.926109,6.2895,Imperial,1,0,0,0
109028,Prairie Dog Creek Pseudoceras Site,-99.25,40.066666,8.6,,1,1,1,0
109308,Head of Cramer Creek,-100.183334,42.900002,10.95,Valentine,1,1,0,0
110827,Mumm Quarry,-100.849998,39.666668,10.95,Ogallala,1,1,0,1
110828,Leptarctus wortmani type,-102.683334,42.683334,10.95,Ash Hollow,1,1,0,1
110829,Selby Ranch Quarry,-99.533333,39.950001,10.95,Ogallala,5,5,3,2
122044,"CFM Reventazon River, Curré Formation",-83.080833,8.854444,7.050000000000001,Curré,4,4,0,0
123931,Brooke County Sandpit,-80.566109,40.269722,12.809999999999999,,1,1,1,0
125717,Buckshot Arroyo (OMNH VP locality no. V671),-100.26889,36.92889,7.050000000000001,Rexroad,3,1,3,0
125933,23 Miles South of Agate,-103.800003,42.083332,14.4,Olcott,1,1,0,1
13061,Coursen garden,-118.339996,33.772999,15.5,Monterey,1,1,0,0
142889,Cartagena Hill,-79.623634,9.022731,17.4,Cucaracha,1,1,1,0
144202,Glen Springs,-82.366669,29.683332,7.615,Peace River,2,1,0,0
144596,San Gerardo de Limoncito,-83.081001,8.8554,6.2895,Curré,13,11,13,0
144879,Gaillard Cut,-79.666664,9.049722,17.4,Cucaracha,17,16,13,3
144881,Contractor’s Hill,-79.650002,9.0325,17.4,Cucaracha,1,1,1,0
151550,Lee Creek Mine,-76.785004,35.389442,13.805,Pungo River,1,1,0,0
154947,Upper Black Butte,-118.099998,43.75,8.4815,Drewsey,3,3,2,1
156735,Upper Moroni Formation,-111.430275,39.855831,17.4,Moroni,1,1,1,0
156736,Camel Bay,-106.894447,42.347221,10.5,,1,1,1,0
156738,UCMP V-99563,-120.553055,36.544167,14.4,Temblor,18,10,12,6
156739,Middle Oro Loma assemblage,-120.536667,36.523335,10.95,Oro Loma,1,1,1,0
156740,Upper Oro Loma assemblage,-120.536667,36.523335,7.050000000000001,Oro Loma,3,3,3,0
156741,Uppermost Oro Loma assemblage,-120.536667,36.523335,7.050000000000001,Oro Loma,1,1,1,0
156991,Marsland,-103.298615,42.44389,17.4,Runningwater,1,1,1,0
156993,15 Miles Northeast of Marsland,-103.140282,42.629444,17.4,Runningwater,1,1,1,0
157001,The Cove,-119.566666,44.333889,19.509999999999998,John Day,8,5,7,1
157237,UOMNH 3720,-119.28083,46.226391,7.050000000000001,Ringold,1,1,1,0
157331,NMMNH locality L-7475,-106.900002,33.799999,10.95,Popotosa,1,1,1,0
157349,El Mixtón,-102.962776,21.714443,7.050000000000001,Juchipila,10,5,8,2
157350,Puente de Cofradía,-102.898888,21.734167,7.050000000000001,Juchipila,2,1,2,0
157351,El Resbalón,-102.99028,21.606943,7.050000000000001,Juchipila,7,5,6,1
159094,Tributary of Ellison Creek,-115.304443,39.1675,14.4,,1,1,0,1
159702,Kam’s False-cat Locality,-117.996666,35.396942,10.95,Dove Spring,1,1,0,1
159704,Crane Bridge,-100.800003,42.799999,10.95,Ash Hollow,1,1,1,0
160680,Craterogale simus type locality,-102.722221,42.697777,17.4,Runningwater,1,1,0,1
163572,Pekania occulta type locality,-119.634399,44.523701,7.050000000000001,Rattlesnake,1,1,0,1
163573,Powerline Road Tom Quarry,-118.014503,35.397099,7.050000000000001,Dove Spring,8,6,6,2
163779,Fort Polk Collection,-93.276108,31.05611,14.4,,2,0,2,0
163789,Fort Polk East,-93.29583,31.038334,14.186499999999999,,1,1,1,0
163850,Fort Polk Castor Creek,-93.186111,31.075832,14.186499999999999,,2,0,0,0
163859,Fort Polk Castor Creek,-93.179169,31.061666,14.186499999999999,,13,12,10,3
164387,Vernon Parish ,-93.078545,31.073423,19.509999999999998,,1,0,1,0
167830,Cooper Center 02019,-117.714447,33.826111,17.4,Sespe,7,7,4,3
167840,LC 151,-117.733612,33.77972,17.4,Vaqueros,15,15,14,0
167841,LC 164,-117.733612,33.77972,17.4,Vaqueros,17,16,12,3
167842,LC 169,-117.733612,33.77972,17.4,Vaqueros,12,12,11,1
167844,Cooper Center 02027,-117.746941,33.745556,17.4,Vaqueros,4,3,3,0
167861,Deahl Butte,-104.218056,42.240833,17.4,Carpenter Ranch,1,1,1,0
167862,Merycochoerus Butte,-104.078888,42.237499,17.4,Carpenter Ranch,5,5,4,1
167863,East Sturdivant Butte,-104.046387,42.265278,17.4,Carpenter Ranch,3,3,2,1
167864,Dog Jaw Butte,-104.089165,42.241669,17.4,Carpenter Ranch,1,0,0,1
167866,Picture Gorge 36,-119.622002,44.7006,17.4,John Day,15,14,11,4
167867,Red Horse Quarry,-103.099998,42.799999,17.4,Runningwater,1,1,0,1
169259,Santa Cruz (Hemphillian),-106.199997,35.5,7.050000000000001,Chamita,2,1,2,0
170148,UNSM Dw-120,-103.317703,42.374001,17.4,Runningwater,1,1,1,0
170180,SW Durham,-99.977333,35.828613,7.54,Ogallala,1,1,1,0
170181,Antelope Hills 1,-99.850838,35.877739,7.54,Ogallala,2,2,2,0
170182,Antelope Hills 2,-99.8675,35.888187,7.54,Ogallala,1,1,1,0
170183,Antelope Hills 3,-99.853912,35.890671,7.54,Ogallala,1,1,1,0
170184,OMNH V619,-99.833458,35.854462,7.54,Ogallala,1,0,0,1
170185,Spring Creek 1,-99.839516,35.774616,10.5,Ogallala,4,1,4,0
170186,Trail Branch 1,-99.651833,35.794788,7.54,Ogallala,1,1,1,0
170187,Boggy Creek,-99.62851,35.802917,8.6,Ogallala,1,1,1,0
170191,Sourdough Creek 1,-99.605713,35.787319,7.050000000000001,Ogallala,3,2,3,0
170193,Sourdough Creek 2,-99.605713,35.787319,7.54,Ogallala,2,0,2,0
170194,Rhome,-99.565605,35.771294,7.54,Ogallala,2,2,2,0
170196,Wild Horse Creek 2,-99.658272,35.774445,8.6,Ogallala,2,0,1,1
170197,Gas well pad site,-99.651924,35.755917,7.050000000000001,Ogallala,2,1,2,0
170199,Picnic table site,-99.844604,35.62458,7.54,Ogallala,2,1,2,0
170200,Cheyenne West,-99.807251,35.609005,12.850000000000001,Ogallala,1,1,1,0
170201,Dempsey site,-99.862206,35.540962,7.050000000000001,Ogallala,1,1,0,1
170202,Sergeant Major Creek 3,-99.738579,35.512383,7.54,Ogallala,2,0,2,0
170203,OMNH V617,-99.713554,35.528278,7.54,Ogallala,1,1,1,0
170204,OMNH V620,-99.70813,35.509773,7.54,Ogallala,1,0,1,0
170308,Picture Gorge 1,-119.646988,44.744091,20.8,John Day,11,6,9,2
170310,Rose Creek South,-119.632217,44.70866,17.4,John Day,3,2,3,0
170312,Dead Cow Gulch,-119.661194,44.720039,17.4,John Day,1,1,1,0
173691,Paso del Águila ,-100.650002,22.25,8.4815,San Nicolás,3,1,3,0
17444,ACM Rosebud 4,-102.5,43.299999,20.8,Harrison,1,1,1,0
17445,ACM Rosebud 5,-102.5,43.299999,20.8,Harrison,3,2,2,1
17449,AMNH Rosebud 3,-102.5,43.299999,20.8,Harrison,1,1,1,0
17451,AMNH Rosebud 7,-102.5,43.299999,20.8,Harrison,12,9,10,2
17454,AMNH Rosebud 14,-102.5,43.299999,20.8,Harrison,1,1,1,0
17455,AMNH Rosebud 15,-102.5,43.299999,20.8,Harrison,6,3,5,1
17456,AMNH Rosebud 19,-102.5,43.299999,20.8,Harrison,1,1,0,1
17457,AMNH Rosebud 20,-102.5,43.299999,20.8,Harrison,2,2,2,0
174577,McConnell-Trenholm Site,-99.267799,43.4939,14.4,Fort Randall,9,4,9,0
174578,Foothold Hill,-99.267799,43.4939,14.4,Fort Randall,4,4,3,0
174579,Northern Exposure,-99.267799,43.4939,14.4,Fort Randall,2,2,2,0
17458,AMNH Rosebud 21,-102.5,43.299999,20.8,Harrison,4,4,4,0
17506,F:AM Rosebud 2,-102.5,43.299999,20.8,Harrison,1,1,1,0
17519,Harrison (LACM 2012),-102.5,43.299999,20.8,Harrison,2,1,0,2
175214,LACM 7838,-120.019547,39.879505,7.050000000000001,,1,1,1,0
175215,LACM 7832,-120.020737,39.750057,7.050000000000001,,3,2,3,0
175216,LACM 7837,-120.01712,39.744156,7.050000000000001,,2,2,2,0
175217,LACM 7840,-120.044785,39.833462,7.050000000000001,,3,3,3,0
175218,LACM 7833,-120.022461,39.752258,7.050000000000001,,3,2,3,0
175219,LACM 7834,-120.023514,39.758217,7.050000000000001,,3,2,3,0
175220,LACM 7835,-120.012985,39.739872,7.050000000000001,,2,1,2,0
175221,LACM 7836,-120.021111,39.732121,7.050000000000001,,2,1,2,0
175222,LACM 7839,-120.021568,39.711807,7.050000000000001,,1,1,1,0
175228,Babcock/Foisy Locality,-120.639999,46.459999,8.6,Ellensburg,9,7,6,3
175256,La Escalera,-103.0,21.75,7.050000000000001,Juchipila,3,2,3,0
175257,La Presa,-100.800003,21.0,7.050000000000001,,7,6,7,0
17528,John Day Unit L,-119.633331,44.700001,21.6,John Day,18,17,17,1
176936,Suwannee Springs Roadcut,-82.900002,29.9,17.4,Marks Head,1,1,1,0
17704,"Tunnel Hill, Ledingham ranch",-103.800003,42.400002,21.6,Harrison,7,6,5,2
17732,33 Ranch,-103.800003,42.400002,20.8,Harrison,1,1,1,0
17733,1/2 Mile North of Agate Post Office,-103.800003,42.400002,20.8,,1,1,1,0
17734,Agate (1 Mile NE),-103.800003,42.400002,20.8,Harrison,1,1,1,0
17735,Agate (2 Miles NE),-103.800003,42.400002,20.8,Marsland,1,0,0,1
17736,Agate (3 Miles NE),-103.800003,42.400002,20.8,Marsland,2,2,1,1
17737,Agate (4 Miles N),-103.800003,42.400002,20.8,Marsland,2,2,2,0
17738,Agate (5-7 Miles NE),-103.800003,42.400002,20.8,Marsland,7,7,5,1
17739,Agate (7 Miles NE),-103.800003,42.400002,20.8,Marsland,1,1,1,0
17740,Agate (8 Miles NE),-103.800003,42.400002,20.8,Harrison,2,2,2,0
17741,Agate Springs Quarries,-103.866669,42.416668,20.8,Marsland,19,14,14,5
17742,Alamos Canyon,-119.0,34.299999,20.8,Sespe,3,3,3,0
17743,American Horse Creek,-102.5,43.299999,20.8,Harrison,4,4,3,1
17744,American Museum-Cook Quarry,-103.800003,42.400002,20.8,Marsland,11,9,4,7
17745,AMNH Rosebud 5,-102.295303,43.1796,20.8,Rosebud,10,10,7,3
17746,AMNH Rosebud 6,-102.5,43.299999,20.8,Rosebud,1,1,1,0
17747,AMNH Rosebud 16,-102.5,43.299999,20.8,,6,5,6,0
17748,AMNH Rosebud 17,-102.5,43.299999,20.8,Rosebud,8,8,6,2
17749,AMNH Rosebud 18,-102.5,43.299999,20.8,Rosebud,6,4,6,0
17750,AMNH Rosebud 22,-102.5,43.299999,20.8,Rosebud,3,2,1,2
17751,AMNH Rosebud 23,-102.5,43.299999,20.8,,2,2,2,0
17752,AMNH Rosebud 24,-102.5,43.299999,20.8,Rosebud,2,2,1,1
17753,AMNH Rosebud 26,-102.5,43.299999,20.8,Rosebud,1,1,1,0
17754,AMNH Rosebud 27,-102.5,43.299999,20.8,Rosebud,3,3,2,1
17755,AMNH Rosebud 28,-102.5,43.299999,20.8,Rosebud,2,1,1,0
17756,AMNH Rosebud 29,-102.5,43.299999,20.8,Rosebud,4,4,3,1
17757,Andrews,-103.800003,42.400002,20.8,,1,1,1,0
17758,Anxiety Butte (Late Arikarean),-108.800003,49.599998,20.8,,4,4,4,0
17759,Bear Creek,-105.0,42.099998,20.8,,1,1,1,0
17760,Black Butte Mine,-117.0,34.799999,20.8,Hector,2,2,2,0
17761,Blacktail Deer Creek,-112.800003,45.0,20.8,Blacktail Deer Creek,6,5,5,0
17762,Bolero Lookout,-117.800003,33.599998,17.4,Vaqueros,5,3,3,0
17763,Brooksville,-82.199997,28.5,20.8,,5,2,4,1
17765,Canyon Spring,-115.657265,33.549671,19.509999999999998,Diligencia,1,1,1,0
17766,Cart Trail Quarry,-103.099998,42.200001,20.8,,1,1,1,0
17767,Castolon (TMM 40620),-103.199997,29.200001,20.8,Delaho,7,7,7,0
17768,Castolon (TMM 40635),-103.199997,29.200001,20.8,Delaho,16,11,11,3
17769,Castolon (TMM 40693),-103.199997,29.200001,20.8,Delaho,4,4,3,1
17770,Castolon (TMM 40694),-103.199997,29.200001,20.8,Delaho,2,2,2,0
17771,Castolon (TMM 40726),-103.199997,29.200001,20.8,Delaho,2,2,2,0
17772,Castolon (TMM 40823),-103.199997,29.200001,20.8,Delaho,2,2,2,0
17773,Castolon (TMM 40849),-103.199997,29.200001,20.8,Delaho,2,2,1,1
17774,Castolon (TMM 40879),-103.199997,29.200001,20.8,Delaho,3,3,1,2
17775,Castolon (TMM 40918),-103.199997,29.200001,20.8,Delaho,4,4,3,1
17776,Castolon (TMM 41460),-103.199997,29.200001,20.8,Delaho,2,2,2,0
17777,Chugwater,-105.0,42.099998,20.8,,5,5,3,2
17778,Diceratherium Quarry,-103.800003,42.400002,20.8,,1,1,1,0
17779,Eagle Nest Butte (Harrison),-101.900002,43.5,20.8,,1,1,0,1
17780,Eighteen Mile District,-104.199997,42.0,20.8,,10,8,5,5
17781,First Breaks South of Harrison,-103.800003,42.400002,20.8,Harrison,1,1,1,0
17782,FMNH Rosebud 2,-102.5,43.299999,20.8,Rosebud,1,1,1,0
17783,FMNH Rosebud 3,-102.5,43.299999,20.8,Rosebud,1,1,1,0
17784,Franklin Phosphate Pit No. 2,-82.099998,29.799999,20.8,,7,4,6,1
17785,Freeman Ranch,-104.5,43.0,20.8,Marsland,1,1,0,1
17786,Galusha Stenomylus Quarry,-103.099998,42.200001,20.8,,2,2,2,0
17787,Grasshopper Creek,-112.800003,45.0,20.8,,3,2,3,0
17788,Guernsey,-105.0,42.099998,20.8,Marsland,14,13,9,5
17789,Harper Quarry,-103.800003,42.400002,20.8,Marsland,10,7,6,4
17791,Hay Springs Creek (Upper Harrison),-102.816666,42.683334,20.8,Marsland,1,1,1,0
17792,Hole in the Rock,-103.800003,42.400002,20.8,Harrison,1,1,0,0
17793,Jay Em,-104.199997,42.0,20.8,Marsland,14,13,9,5
17794,Keeline,-104.5,43.0,20.8,Harrison,23,19,15,8
17796,Lay Ranch Beds,-104.199997,42.0,20.8,,13,10,8,5
17797,Leadville,-105.699997,39.700001,20.8,,1,1,0,1
17798,6 mi. NW of Lingle,-104.199997,42.0,20.8,,2,2,2,0
17799,Lions Bridge,-100.800003,42.799999,20.8,,1,1,1,0
17801,Manville,-104.5,43.0,20.8,,7,5,6,1
17802,McCann Canyon Quarry,-100.800003,42.799999,20.8,Harrison,24,23,19,0
17803,Mint Canyon (UC 3554),-118.389931,34.483662,20.8,Tick Canyon,1,1,1,0
17804,Mint Canyon (UC 3568),-118.383003,34.485954,20.8,Tick Canyon,1,1,1,0
17805,Morava Ranch Quarry,-103.099998,42.200001,20.8,,19,17,14,5
17806,Mouth of Bear Creek 1,-100.800003,42.799999,20.8,Harrison,1,1,1,0
17807,Mouth of Bear Creek 2,-100.800003,42.799999,20.8,Harrison,1,1,1,0
17808,Mouth of Bear Creek 3,-100.800003,42.799999,20.8,Harrison,1,1,1,0
17809,Niobrara Canyon,-103.800003,42.400002,20.8,Marsland,16,12,11,5
17810,North Boulder Valley,-112.0,46.0,20.8,Renova,7,6,7,0
178104,"UCMP loc. V2832, Hemphill County 6",-100.279999,35.830002,7.050000000000001,,3,2,3,0
17811,North of Jeriah (Harrison),-104.5,43.0,20.8,,4,4,2,2
17812,Northeast of Lusk,-104.5,43.0,20.8,,2,2,1,1
17813,North of Node,-104.5,43.0,20.8,,4,3,3,1
17814,North Pettus,-97.699997,28.6,20.8,,1,1,1,0
17815,North Ridge Highway 85,-104.5,43.0,20.8,,9,6,4,5
17816,Olson Ranch,-100.800003,42.799999,20.8,Harrison,24,23,17,0
17817,Parahippus Level,-104.199997,42.0,20.8,Marsland,5,3,5,0
17818,Peterson's Quarry A,-103.800003,42.400002,20.8,Harrison,4,2,4,0
17819,Pine Ridge Escarpment,-103.800003,42.400002,20.8,Harrison,26,22,18,8
17820,Podelack Ranch,-104.199997,42.0,20.8,Marsland,1,1,0,1
17821,Raw Hide Buttes (Lower Harrison),-104.5,43.0,20.8,,6,6,5,1
17823,Raw Hide Creek (Lower Harrison),-104.199997,42.0,20.8,Harrison,2,2,1,1
17824,Raw Hide Creek (Upper Harrison),-104.199997,42.0,20.8,Marsland,5,4,4,1
17825,Rosebud (LACM 1830),-102.5,43.299999,20.8,Rosebud,3,3,3,0
17826,Rosebud (LACM 1864),-102.5,43.299999,20.8,Rosebud,1,0,1,0
17827,Rosebud (LACM 1865),-102.5,43.299999,20.8,Rosebud,1,1,1,0
17828,Rosebud (LACM 1873),-102.5,43.299999,20.8,Rosebud,2,1,2,0
17829,Rosebud (LACM 1993),-102.5,43.299999,20.8,Rosebud,1,1,1,0
17830,Rosebud (LACM 1998),-102.5,43.299999,20.8,Rosebud,1,1,1,0
17831,Rosebud (LACM 2003),-102.5,43.299999,20.8,Rosebud,4,2,4,0
17832,Rosebud (SDSM 554),-102.5,43.299999,20.8,Rosebud,1,1,0,1
17833,Royal Valley,-104.400002,42.619999,20.8,Marsland,9,9,5,4
17834,Rushville,-102.5,42.700001,20.8,,1,1,1,0
17835,Sand Gulch,-104.199997,42.0,20.8,Marsland,8,7,6,2
17836,Santana Mesa,-104.199997,29.9,20.8,Rawls,8,6,7,1
17837,SB-1A,-83.0,30.299999,20.8,,16,12,7,7
17838,Silver Springs,-104.5,43.0,20.8,Marsland,3,3,1,2
17839,Sixteen Mile District,-104.199997,42.0,20.8,,10,9,7,3
17840,Southeast of Lusk,-104.5,43.0,20.8,Marsland,3,3,2,1
17841,South of Merriman,-100.800003,42.799999,20.8,Harrison,1,1,1,0
17842,South Side of Dry Creek,-103.099998,42.200001,20.8,Marsland,2,2,0,2
17843,Stage Hill II,-103.666664,41.700001,20.8,Wildcat Hills Beds,27,27,22,0
17844,Standing Rock Quarry,-107.0,35.700001,20.8,Zia Sand,9,8,5,4
17845,Stenomylus Quarry,-103.800003,42.400002,20.8,Harrison,5,5,4,1
17846,Syndyoceras Quarry,-103.800003,42.400002,20.8,Harrison,11,11,4,7
17847,Twelve-Fifteen Mile District,-104.199997,42.0,20.8,,6,5,5,1
17848,Twenty Mile District,-104.199997,42.0,20.8,,3,3,2,1
17849,Twentytwo Mile District,-104.199997,42.0,20.8,,1,1,1,0
17850,Twentyfive Mile District,-104.199997,42.0,20.8,Marsland,5,4,3,2
17853,Van Tassel (Lower),-104.5,43.0,20.8,,9,9,6,2
17854,Van Tassel (Upper),-104.5,43.0,20.8,,8,7,3,5
17856,West Morava Ranch,-103.099998,42.200001,20.8,Harrison,3,2,3,0
17857,Whistle Creek (Lower),-103.800003,42.400002,20.8,Harrison,1,1,0,1
17858,Whistle Creek (Upper),-103.800003,42.400002,20.8,Marsland,2,2,1,1
17861,Woodin,-112.599998,45.799999,20.8,,4,4,4,0
17862,Young Site,-103.800003,42.400002,20.8,Harrison,2,1,1,0
17863,Zodiolestes Locality,-103.800003,42.400002,20.8,Harrison,5,3,3,2
17864,Ahren's Prospect,-103.099998,42.799999,17.4,Runningwater,2,2,0,2
17865,Aletomeryx Quarry,-102.01667,42.75,17.4,Runningwater,12,10,5,7
17866,Andrews,-103.800003,42.400002,17.4,,1,1,1,0
17867,Antelope Creek,-103.099998,42.799999,17.4,,3,3,3,0
17868,Anxiety Butte (SMNH 72F10-0043),-108.800003,49.599998,17.4,Cypress Hills,5,4,5,0
17869,Anxiety Butte (SMNH 72F10-0056),-108.800003,49.599998,17.4,Cypress Hills,3,1,3,0
17870,Anxiety Butte (SMNH 72F10-0060),-108.800003,49.599998,17.4,Cypress Hills,5,4,5,0
17871,Aphelops Draw (Sheep Creek),-103.800003,42.400002,17.4,Sheep Creek,5,5,5,0
17872,Ashbrook Quarry,-103.800003,42.400002,17.4,Sheep Creek,4,3,3,1
17873,Warren Barnum Ranch,-103.099998,42.799999,17.4,Runningwater,2,2,1,1
17874,Belmont Area,-103.099998,42.799999,17.4,Runningwater,2,2,0,2
17875,Below Dry Creek Prospect B,-103.099998,42.200001,17.4,Runningwater,1,1,0,1
17876,Below Observation Quarry,-103.099998,42.799999,17.4,,1,1,1,0
17877,Black Bear Quarry I,-101.800003,43.200001,17.4,Batesland,21,16,15,0
17878,Black Bear Quarry II,-101.800003,43.200001,17.4,Rosebud,20,11,13,0
17879,Blair Ranch Quarry,-103.099998,42.799999,17.4,Runningwater,1,1,1,0
17880,Boulder Quarry,-103.800003,42.400002,14.4,Olcott,13,12,7,6
17881,Bridgeport Quarries,-103.099998,41.700001,17.4,Runningwater,20,17,12,8
17882,Brown Quarry,-103.800003,42.400002,17.4,Runningwater,1,1,0,1
17883,Buck Quarry,-103.800003,42.400002,17.4,Sheep Creek,2,2,2,0
17884,Canyon Ferry Reservoir 24LC21,-112.099998,46.599998,17.4,,1,0,1,0
17885,Canyon Ferry Reservoir Earl Douglass Location,-111.300003,46.099998,17.4,,1,1,1,0
17886,Carpenter Ranch Beds,-104.199997,42.0,17.4,,11,3,8,3
17887,Cephalogale Ash,-103.099998,42.799999,17.4,Runningwater,1,1,0,1
17888,Clinton Highway Locality,-102.5,42.700001,17.4,Runningwater,5,5,1,4
17889,Companion Quarry,-103.699997,42.150002,17.4,Sheep Creek,22,22,16,0
17890,Conference Quarry,-103.800003,42.400002,17.4,Sheep Creek,1,1,0,1
17891,Cottonwood Creek Quarry,-103.099998,42.799999,17.4,Runningwater,9,9,3,6
17892,Cottonwood Creek (UNSM Dw-118),-102.960701,42.488899,17.4,Runningwater,22,20,16,1
17893,Courthouse Butte,-104.199997,40.799999,17.4,Pawnee Creek,2,2,1,1
17894,Cross Cut Prospect,-103.099998,42.799999,17.4,Runningwater,1,1,0,1
17895,Dry Creek Prospect A,-103.099998,42.200001,17.4,Box Butte,7,7,6,1
17896,Dry Creek Prospect B,-103.099998,42.200001,17.4,Box Butte,4,4,1,3
17897,Dry Creek Prospect D,-103.099998,42.200001,17.4,Box Butte,3,3,3,0
17898,Dunlap Camel Quarry,-103.099998,42.799999,17.4,Runningwater,16,16,6,10
17899,East Channel Prospect,-103.099998,42.200001,17.4,Runningwater,1,1,0,1
17900,East Hilltop Quarry,-103.800003,42.400002,17.4,Sheep Creek,1,1,1,0
17901,East Jenkins Quarry,-103.800003,42.400002,14.4,Olcott,3,3,3,0
17902,East Ravine Quarry,-103.800003,42.400002,17.4,Sheep Creek,4,4,3,1
17903,East Sand Quarry,-103.800003,42.400002,14.4,Olcott,9,8,7,2
17904,East Surface Quarry,-103.800003,42.400002,14.4,Olcott,21,20,14,7
17905,Echo Quarry,-103.732651,42.1856,14.4,Olcott,32,30,19,13
17906,Elder Ranch,-103.099998,42.799999,17.4,Runningwater,4,4,0,4
17907,Esther Canyon,-103.099998,42.799999,17.4,Box Butte,3,2,2,1
17908,Eubanks,-104.199997,40.799999,17.4,Pawnee Creek,21,19,17,4
17909,Expectation Prospect,-103.099998,42.799999,17.4,Sand Canyon,1,1,0,1
17910,Farmingdale,-74.300003,40.299999,17.4,Kirkwood,7,4,6,1
17911,Far Surface Quarry,-103.800003,42.400002,14.4,Olcott,13,13,7,6
17912,Flint Hill North,-101.866669,43.133331,17.4,Batesland,44,31,31,6
17913,Flint Hill South Unit 2,-101.800003,43.200001,17.4,Batesland,10,9,7,0
17914,Flint Hill South Unit 6,-101.800003,43.200001,17.4,Batesland,15,12,11,0
17915,Foley Quarry,-103.099998,42.200001,17.4,Box Butte,14,8,12,1
17916,Gilmore Quarry,-103.099998,42.799999,17.4,,1,1,1,0
17917,Ginn Quarry,-103.099998,42.799999,17.4,,10,9,6,4
17918,G Quarry,-103.099998,42.799999,17.4,,1,1,0,1
17919,Grass Roots Quarry,-103.800003,42.400002,14.4,Olcott,8,8,6,2
17920,Greenside Quarry,-103.800003,42.400002,17.4,Sheep Creek,21,19,14,6
17921,Gregory Ranch,-103.099998,42.799999,17.4,Runningwater,1,1,0,1
17922,Hank's Locality,-103.099998,42.799999,17.4,Runningwater,1,1,1,0
17923,Havorka Quarry,-103.099998,42.799999,17.4,Runningwater,3,3,1,2
17924,Hay Springs Creek (Runningwater),-103.099998,42.799999,17.4,Runningwater,4,4,3,1
17925,Haystack Member,-120.199997,44.900002,17.4,John Day,15,13,13,2
17926,Hemingford A Quarry,-103.099998,42.799999,17.4,Runningwater,1,1,1,0
17927,Hemingford B Quarry,-103.099998,42.799999,17.4,Runningwater,9,9,7,2
17928,Hemingford C Quarry,-103.099998,42.799999,17.4,Runningwater,1,1,0,1
17929,Hemingford Quarry 0,-103.099998,42.200001,17.4,Runningwater,1,1,0,1
17930,Hemingford Quarry 2,-103.099998,42.200001,17.4,Runningwater,1,1,1,0
17931,Hemingford Quarry 3,-103.099998,42.200001,17.4,Runningwater,1,1,1,0
17932,Hemingford Quarry 7,-103.099998,42.200001,17.4,Runningwater,7,7,1,5
17933,Hemingford Quarry 7A,-103.099998,42.200001,17.4,Runningwater,1,1,0,1
17934,Hemingford Quarry 7B,-103.099998,42.200001,17.4,Runningwater,22,19,13,6
17935,Hemingford Quarry 9,-103.099998,42.200001,17.4,Runningwater,2,2,1,1
17936,Hemingford Quarry 11A,-103.099998,42.200001,17.4,Runningwater,1,1,0,1
17937,Hemingford Quarry 11B,-103.099998,42.200001,17.4,Runningwater,2,2,1,1
17938,Hemingford Quarry 12,-103.099998,42.200001,17.4,Runningwater,2,2,1,1
17939,Hemingford Quarry 12A,-103.099998,42.200001,17.4,Runningwater,1,1,1,0
17940,Hemingford Quarry 12B,-103.099998,42.200001,17.4,Runningwater,4,4,1,3
17941,Hemingford Quarry 12C,-103.099998,42.200001,17.4,Runningwater,1,1,1,0
17942,Hemingford Quarry 12D,-103.099998,42.200001,17.4,Runningwater,6,6,1,5
17943,Hemingford Quarry 17,-103.099998,42.200001,17.4,Runningwater,1,1,1,0
17944,Hemingford Quarry 21,-103.099998,42.200001,17.4,Runningwater,2,2,1,1
17945,Hemingford Quarry 23,-103.099998,42.200001,17.4,Runningwater,2,2,1,1
17946,Hemingford Quarry 24,-103.099998,42.799999,17.4,Runningwater,2,2,2,0
17947,Hemingford Quarry 25,-103.099998,42.799999,17.4,Runningwater,1,1,1,0
17948,Hemingford Quarry 27,-103.099998,42.200001,17.4,Runningwater,2,2,0,2
17949,Hemingford Quarry 28,-103.099998,42.200001,17.4,Runningwater,2,2,1,1
17950,Hemingford Quarry 51,-103.099998,42.200001,17.4,Runningwater,1,1,0,1
17952,Hilltop Quarry,-103.800003,42.400002,17.4,Sheep Creek,16,16,12,4
17953,Horse Creek Quarry,-105.099998,41.299999,17.4,"""middle Miocene""",7,5,6,1
17954,Hovarka Quarry,-103.099998,42.200001,17.4,Runningwater,1,1,0,1
17955,Humbug Quarry,-103.800003,42.400002,14.4,Olcott,25,24,13,12
17956,Jenkins Quarry,-103.800003,42.400002,14.4,Olcott,11,10,8,3
17957,Joe's Quarry,-105.099998,41.299999,17.4,"""middle Miocene""",5,5,5,0
17958,Johnson Canyon,-120.199997,44.900002,17.4,John Day,2,2,2,0
17959,Jorgenson Quarry,-103.099998,42.799999,17.4,,1,1,1,0
17960,Kildeer Mountains,-102.800003,47.400002,17.4,Kildeer,1,1,1,0
17961,Long Quarry,-103.800003,42.400002,17.4,Sheep Creek,18,18,12,6
17962,Main Fork of Cottonwood Creek,-103.099998,42.799999,17.4,Runningwater,1,1,1,0
17963,Marsland Quarry,-103.317703,42.374001,17.4,Runningwater,15,15,5,5
17964,"Merycochoerus Quarry, Martin Canyon",-103.268288,40.901245,17.4,Pawnee Creek,4,2,3,1
17965,Martin Canyon Quarry A,-103.283333,40.900002,17.4,Pawnee Creek,40,32,25,3
17966,Mecca (RV-7713),-121.264999,44.763611,17.4,John Day,4,3,4,0
17967,Mecca (RV-7711),-121.264999,44.763611,17.4,John Day,2,2,2,0
17968,Merychippus Draw,-103.800003,42.400002,17.4,Sheep Creek,3,3,3,0
17969,Mesoceras Quarry,-103.800003,42.400002,17.4,Snake Creek,2,2,1,1
17970,Middle Of The Road Quarry,-103.099998,42.200001,17.4,Box Butte,5,4,4,1
17971,Mill Quarry,-103.800003,42.400002,14.4,Olcott,6,6,3,3
17972,New Surface Quarry,-103.800003,42.400002,14.4,Olcott,16,16,11,5
17973,Nonpareil Sand Pit,-103.099998,42.200001,17.4,Runningwater,1,1,0,1
17974,North Branch of Cottonwood Creek,-103.099998,42.799999,17.4,Runningwater,1,1,0,0
17975,North Wall Quarry,-103.800003,42.400002,14.4,Olcott,4,4,2,2
17976,Observation Quarry,-102.849998,42.683334,14.4,,50,47,28,13
17977,Oreolagus nebrascensis Type Locality,-103.099998,42.799999,17.4,Runningwater,1,1,1,0
17978,Pebble Creek,-103.099998,42.799999,17.4,Runningwater,7,7,4,3
17979,Pepper Creek,-103.099998,42.799999,17.4,,5,5,4,1
17980,Pliohippus Draw (Lower),-103.800003,42.400002,17.4,Sheep Creek,6,6,3,3
17981,Potato Creek,-101.900002,43.5,17.4,"""Lower Rosebud"" Beds",1,1,1,0
17982,Potter Quarry,-103.099998,42.799999,17.4,,3,3,3,0
17983,Princeton Loc. 1000C,-103.800003,42.400002,14.4,Olcott,12,12,7,5
17984,Princeton Locality 1000D,-103.800003,42.400002,17.4,,1,1,1,0
17985,Prosynthetoceras Quarry,-103.800003,42.400002,14.4,Olcott,9,9,7,2
17986,Quarter Mile East of Foley Quarry,-103.099998,42.200001,17.4,Box Butte,1,1,1,0
17987,Ravine Quarry,-103.800003,42.400002,17.4,Sheep Creek,7,6,5,2
17988,Rhino Quarry (F:AM),-103.800003,42.400002,17.4,Sheep Creek,3,3,2,1
17989,Runningwater Quarry,-103.099998,42.200001,17.4,Runningwater,6,6,3,3
17990,Sand Canyon (Dawes Clay),-103.099998,42.799999,17.4,Box Butte,5,3,5,0
17991,Sand Canyon Quarry,-103.099998,42.799999,17.4,Box Butte,8,8,5,2
17992,Sand Quarry,-103.800003,42.400002,14.4,Olcott,1,1,1,0
17993,Schoolhouse Prospect No. 2,-103.099998,42.799999,17.4,Box Butte,1,1,0,1
17994,Seaman Hills,-104.5,43.0,17.4,,1,1,1,0
17995,Sinclair Quarry,-103.800003,42.400002,14.4,Olcott,9,8,9,0
17996,Snake Quarry,-103.800003,42.400002,14.4,Olcott,2,2,2,0
17997,Spiers Quarry,-103.099998,42.799999,17.4,? Runningwater,1,1,0,1
17998,Surprise Quarry,-103.099998,42.799999,17.4,Sand Canyon,2,2,1,1
17999,Survey Quarry,-103.099998,42.799999,17.4,,7,7,6,1
18000,Thistle Quarry,-103.800003,42.400002,17.4,Sheep Creek,11,11,8,3
18001,Thomson Quarry,-103.800003,42.400002,17.4,Sheep Creek,26,26,16,10
18002,Titanothere Section (Hemingfordian),-109.0,49.700001,17.4,,11,7,10,1
18003,Topham,-109.0,49.599998,17.4,Cypress Hills,41,27,35,2
18004,Trojan Quarry,-103.800003,42.400002,14.4,Olcott,14,14,6,7
18005,Two Miles West of Pole Creek Quarry,-100.800003,42.799999,17.4,Runningwater,6,5,4,2
18006,UNSM Cr-101,-100.800003,42.799999,17.4,Runningwater,1,1,0,1
18007,UNSM Cr-126,-100.800003,42.799999,17.4,Runningwater,2,2,2,0
18008,UNSM Cr-127,-100.800003,42.799999,17.4,Runningwater,2,2,1,1
18009,UNSM Cr-128,-100.800003,42.799999,17.4,Runningwater,2,2,1,1
18011,Version Quarry,-103.800003,42.400002,14.4,Olcott,12,12,10,2
18012,Vista Quarry,-103.800003,42.400002,17.4,Sheep Creek,2,2,1,1
18015,Warm Springs (RV-7606),-121.300003,44.900002,17.4,John Day,3,3,3,0
18016,Watson Ranch,-103.800003,42.400002,17.4,Sheep Creek,1,1,0,1
18017,West Jenkins Quarry,-103.800003,42.400002,10.95,Snake Creek,1,1,0,1
18018,West of Conglomerate Creek,-109.199997,49.799999,17.4,Cypress Hills,3,1,3,0
18019,West Sand Quarry,-103.800003,42.400002,14.4,Olcott,12,11,9,3
18020,West Surface Quarry,-103.800003,42.400002,14.4,Olcott,5,5,5,0
18021,Wood's Canyon Quarry,-103.099998,42.799999,17.4,Runningwater,5,4,2,3
18022,Above Bug Prospect,-98.0,42.599998,10.95,Ash Hollow,1,1,0,1
18023,Above Burge B,-100.800003,42.799999,8.6,Ash Hollow,1,1,1,0
18024,Above Burge Quarry,-100.800003,42.799999,10.95,Ash Hollow,1,1,0,1
18025,Above Lost Chance,-100.0,42.700001,14.186499999999999,,1,1,1,0
18026,Above Rattlesnake Gulch Quarry,-100.0,42.700001,14.4,Valentine,1,0,1,0
18027,Achilles Quarry,-100.0,42.700001,14.4,Valentine,35,26,25,4
18028,Alligator mefferdi Quarry,-100.866669,42.700001,10.95,Ash Hollow,1,1,1,0
18029,Amebelodon Quarry No. 2,-100.199997,40.299999,14.186499999999999,,1,1,1,0
18030,8 miles NW of Angora,-103.099998,41.700001,7.54,,1,1,1,0
18031,Annie's Geese Crossing Quarry,-98.110001,42.490002,14.4,Valentine,38,33,24,5
18032,Antelope Creek,-100.800003,42.799999,14.4,,1,1,0,1
18033,Aphelops Draw Quarries,-103.800003,42.400002,7.050000000000001,Snake Creek,20,17,14,6
18034,Arnett,-99.800003,36.099998,7.050000000000001,,20,17,15,5
18035,Robert Arnold Ranch,-99.900002,39.0,10.95,,1,1,1,0
18036,Axtel,-101.900002,35.0,7.050000000000001,,16,13,11,5
18037,Balanced Rock Quarry,-100.800003,42.799999,10.95,Ash Hollow,4,3,4,0
18038,Beads Creek no. 1,-100.699997,43.200001,14.186499999999999,,9,3,7,2
18039,Beads Creek no. 2,-100.699997,43.200001,14.186499999999999,,1,0,1,0
18040,Beads Creek no. 3,-100.699997,43.200001,14.186499999999999,,4,2,4,0
18041,Beads Creek no. 4,-100.699997,43.200001,14.186499999999999,,1,0,1,0
18042,Bear Creek Quarry,-100.800003,42.799999,10.95,Ash Hollow,17,16,12,5
18043,Bear Tooth Slide,-100.0,42.700001,7.050000000000001,Ash Hollow,4,4,3,1
18044,Beaver Creek (Kansas),-99.900002,37.200001,14.186499999999999,,1,0,1,0
18045,Beaver Quarry,-100.5,36.799999,10.95,,13,6,11,2
18046,Beckerdite,-99.900002,37.200001,7.050000000000001,,11,8,8,3
18047,Beeman Creek,-99.699997,42.799999,10.95,Ash Hollow,2,2,2,0
18048,Below Bear Creek,-100.800003,42.799999,10.95,Ash Hollow,1,1,0,1
18049,Below Boiling Spring Bridge,-100.800003,42.799999,12.850000000000001,,4,3,4,0
18050,Below Crookston Bridge,-100.800003,42.799999,14.186499999999999,,1,1,1,0
18051,Below Devil's Gulch Quarry,-100.0,42.700001,14.4,Valentine,1,1,0,1
18052,Below Hurlbut Quarry,-100.0,42.700001,14.4,Valentine,1,1,1,0
18053,Below Gallup Gulch Quarry,-100.800003,42.799999,10.95,Ash Hollow,2,1,0,2
18054,Below Merritt Reservoir,-100.800003,42.799999,10.95,Ash Hollow,1,1,1,0
18055,Bemis Quarry,-99.400002,38.900002,7.050000000000001,,9,7,6,2
18056,Between Crane and Garner Bridges (Burge),-100.800003,42.799999,10.95,Valentine,1,1,0,1
18057,Between Crane and Garner Bridges (Cap Rock),-100.800003,42.799999,10.95,Ash Hollow,2,2,1,1
18058,Between Crane and Garner Bridges (Devil's Gulch),-100.800003,42.799999,14.4,Valentine,1,1,0,1
18059,Between Crane and Garner Bridges (Merritt Dam),-100.800003,42.799999,10.95,Ash Hollow,1,1,0,1
18060,Big Beaver A,-100.800003,42.799999,10.95,Ash Hollow,14,11,9,4
18061,Big Beaver C,-100.800003,42.799999,10.95,Ash Hollow,5,3,5,0
18062,Big Beaver (UCMP V-3336),-100.800003,42.799999,14.4,Valentine,1,1,1,0
18063,Big Spring Canyon,-101.800003,43.200001,10.95,,29,25,20,8
18064,Big Spring Canyon (Site 11),-101.800003,43.200001,14.186499999999999,,8,4,8,0
18065,Big Toad Beach,-101.800003,41.200001,8.6,Ash Hollow,6,6,6,0
18066,Bluejay Quarry,-98.097397,42.386299,10.95,Ash Hollow,37,30,29,3
18067,Boat Landing,-100.800003,42.799999,14.4,Valentine,4,0,4,0
18068,Boiling Springs (Devil's Gulch Member),-100.800003,42.799999,14.4,Valentine,1,1,0,1
18069,Bolling Quarry,-100.800003,42.799999,8.6,Ash Hollow,4,4,2,2
18070,Bone Creek,-100.0,42.700001,12.850000000000001,Valentine,3,2,2,1
18071,Bow Creek,-99.099998,39.700001,10.95,Republican River,1,1,0,1
18072,Box T,-100.099998,36.099998,7.050000000000001,,31,26,20,11
18073,Bridwell Formation,-101.5,33.700001,7.050000000000001,,17,13,15,2
18074,Bromley Ranch,-100.800003,35.0,10.95,,4,3,2,2
18075,Bug Prospect,-98.0,42.599998,10.95,Valentine,1,1,0,1
18076,Buis Ranch,-100.26889,36.92889,7.050000000000001,,15,11,12,2
18077,Burge Quarry,-100.800003,42.799999,12.850000000000001,Valentine,33,27,25,8
18078,Burge B Quarry,-100.800003,42.799999,10.95,Valentine,6,5,6,0
18079,Burge Talus,-100.800003,42.799999,10.95,Valentine,1,1,0,1
18080,Bushy Pine Butte,-101.800003,43.200001,14.186499999999999,,6,1,5,1
18081,Bushy Pine Butte Channel,-101.800003,43.200001,14.186499999999999,,6,1,6,0
18082,Buzzard Feather Quarry,-99.699997,42.799999,10.95,Valentine,22,16,19,1
18083,By-the-Way,-100.699997,43.200001,14.186499999999999,Rosebud,1,1,0,1
18084,Calvary Chapel no. 1,-99.800003,43.200001,14.186499999999999,,3,1,3,0
18085,Calvary Chapel no. 2,-99.800003,43.200001,14.186499999999999,,2,2,2,0
18086,Cambridge,-100.5,40.5,7.050000000000001,Ash Hollow,40,37,29,8
18087,Canyon of Little White River,-100.699997,43.200001,8.6,Ash Hollow,7,6,4,3
18088,Capps/George Neu/Pratt Pitts,-99.800003,36.099998,7.050000000000001,,8,5,8,0
18089,Carnivore Quarry,-103.800003,41.5,14.4,,4,3,3,1
18090,Carrot Top Quarry,-100.0,42.700001,14.4,Valentine,32,26,24,3
18091,Channing (Clarendonian),-102.300003,35.700001,10.95,Ogallala,2,2,0,2
18092,Chokecherry Quarry,-98.0,42.599998,10.95,Ash Hollow,16,14,13,3
18093,Christian Ranch,-101.300003,35.0,7.050000000000001,,13,9,9,4
18094,Citellus dotti Site,-100.5,36.799999,14.186499999999999,Ogallala,4,2,3,1
18095,Clayton Quarry,-100.0,42.700001,10.95,Ash Hollow,24,22,16,8
18096,Coetas Creek,-101.900002,35.400002,10.95,Coetas,12,6,10,2
18097,Coffee Ranch,-100.199997,35.900002,7.050000000000001,,45,40,32,10
18098,Cole Highway Pit,-100.099998,36.099998,10.95,,8,4,7,1
18099,Connection Kat Quarry,-100.800003,42.799999,10.95,Ash Hollow,4,4,4,0
18100,Coon Creek,-100.800003,42.799999,8.4815,,1,0,1,0
18101,Cornell Dam Member Type Section,-100.800003,42.799999,14.4,Valentine,1,1,1,0
18102,Corner's Gap,-103.800003,41.5,14.4,,11,9,7,1
18103,Couch Formation (Lower Member),-101.099998,33.700001,14.186499999999999,,6,5,6,0
18104,Couch Formation (Upper Member),-101.5,33.700001,10.95,,10,8,10,0
18105,Cragin,-100.5,36.799999,14.186499999999999,,5,3,5,0
18106,Crazy Locality,-100.800003,42.799999,10.95,Valentine,13,9,11,2
18107,Creighton Quarry,-98.0,42.599998,10.95,,1,1,1,0
18108,Crooked Creek,-100.800003,42.799999,10.95,Ash Hollow,11,8,11,0
18109,Crookston Bridge Quarry,-100.800003,42.799999,14.4,Valentine,15,13,11,4
18110,Currie Ranch,-101.900002,35.0,7.050000000000001,,6,6,5,1
18111,V. John Dakin Quarry,-99.900002,37.200001,7.050000000000001,,4,4,1,3
18112,Davis Ranch,-100.800003,42.799999,12.850000000000001,Valentine,1,1,0,1
18113,Dawson no. 1,-100.699997,43.200001,14.186499999999999,,8,5,7,1
18114,Dawson no. 2,-100.699997,43.200001,14.186499999999999,,2,1,2,0
18115,Dawson no. 3,-100.699997,43.200001,14.186499999999999,,1,1,1,0
18116,Dawson Pit,-99.800003,36.099998,7.050000000000001,,1,1,1,0
18117,Deadman,-101.800003,43.200001,14.4,,12,9,12,0
18118,Deep Creek (Cap Rock),-100.0,42.700001,10.95,Ash Hollow,5,5,3,2
18119,Deep Creek Quarry No. 1,-100.0,42.700001,14.4,Valentine,5,5,4,1
18120,Deep Creek Quarry (UNSM),-100.0,42.700001,14.4,Valentine,2,2,1,1
18121,Deer Fly,-100.800003,42.799999,14.4,,17,12,13,2
18122,Densmore,-99.699997,39.599998,14.186499999999999,,3,2,3,0
18123,Devil's Gulch Quarry,-100.0,42.700001,14.4,Valentine,31,26,21,10
18124,Devil's Gulch Horse Quarry,-100.0,42.700001,14.4,Valentine,31,28,25,6
18125,Devil's Jump Off,-100.800003,42.799999,14.4,Valentine,5,5,3,2
18126,Devil's Nest Airstrip,-97.728897,42.8214,7.050000000000001,,45,40,31,11
18127,Tom D'Spain Ranch,-100.800003,35.0,10.95,,1,1,1,0
18128,Duer Ranch (Ash Hollow),-103.099998,41.700001,8.6,Ash Hollow,3,3,3,0
18129,Duer Ranch Beds,-103.099998,41.700001,10.95,,4,3,4,0
18130,Durham,-99.900002,35.799999,10.95,,12,8,9,3
18131,Dutch Creek (Crookston Bridge),-100.0,42.700001,14.4,Valentine,1,1,0,1
18132,Dutch Creek (Devil's Gulch),-100.0,42.700001,14.4,Valentine,1,1,0,1
18133,Dutch Creek Quarry No. 1,-100.0,42.700001,14.4,Valentine,1,1,1,0
18134,East Clayton Quarry,-100.0,42.700001,8.6,Ash Hollow,18,17,11,7
18135,East Kat Quarry,-100.800003,42.799999,10.95,Ash Hollow,17,16,14,3
18136,East of Garner Bridge,-100.800003,42.799999,14.4,,2,2,2,0
18137,East of Tunnel Rock,-99.699997,42.799999,14.186499999999999,,1,1,1,0
18138,East of White Clay (Lower),-102.5,43.299999,14.4,Ash Hollow,1,1,0,1
18140,Edson,-101.699997,39.299999,7.050000000000001,,30,25,19,10
18141,Egelhoff Quarry,-100.050499,42.806099,14.4,Valentine,39,35,27,5
18142,Eggers Quarry,-100.0,42.700001,10.95,Ash Hollow,3,3,2,1
18143,Eli Ash Pit,-100.800003,42.799999,10.95,Ash Hollow,2,1,1,1
18144,Elliott Quarry,-100.0,42.700001,14.4,Valentine,9,8,7,2
18145,Emry Quarry,-100.0,42.700001,10.95,Ash Hollow,3,3,3,0
18146,Escarpment Quarry,-105.099998,41.299999,8.6,Ash Hollow,4,4,4,0
18147,Eubelodon morrilli Quarry,-100.0,42.700001,10.95,Valentine,2,2,2,0
18148,Ewert Quarry,-100.800003,42.799999,10.95,Valentine,3,3,2,1
18149,Exell,-101.800003,36.0,10.95,,9,7,8,1
18150,Extension Quarry,-102.5,42.700001,12.850000000000001,Valentine,1,1,0,1
18151,Fairfield Creek No. 3,-100.0,42.700001,10.95,Ash Hollow,1,1,0,1
18152,Fairfield Creek (East Fork),-100.0,42.700001,10.95,Valentine,2,2,1,1
18153,Fairfield Creek (North Fork),-100.0,42.700001,14.4,Valentine,3,3,2,1
18154,Fairfield Creek Quarry No. 2,-100.0,42.700001,14.4,Valentine,2,0,2,0
18155,Fairfield Falls Quarry,-100.0,42.700001,14.4,Valentine,7,7,5,2
18156,Fat Chance Quarry,-100.800003,42.799999,10.95,Valentine,6,5,6,0
18157,Fatigue Locality,-100.800003,42.799999,10.95,Valentine,6,5,5,1
18158,Feltz Ranch,-101.716667,41.133331,7.050000000000001,,15,9,12,3
18159,Fence Line,-100.800003,42.799999,10.95,Valentine,11,8,9,2
18160,Feyereisen Gap (Lower),-99.300003,43.299999,14.4,,16,6,10,3
18161,Feyereisen Gap (Upper),-99.300003,43.299999,14.4,,1,1,1,0
18162,First Canyon of Snake River,-100.800003,42.799999,14.4,Valentine,1,1,0,1
18163,Fischer Quarry,-100.800003,42.799999,14.4,Valentine,2,1,2,0
18164,Forked Hills of Hayden,-98.800003,42.900002,14.4,,45,39,31,9
18165,Fort Niobrara,-100.800003,42.799999,14.4,Valentine,28,18,20,5
18166,Found Quarry,-101.699997,38.900002,7.050000000000001,,11,9,7,4
18167,Four Gate Quarry,-98.0,42.599998,14.4,Valentine,1,1,0,1
18168,M. F. Frake's Ranch,-100.800003,39.700001,7.050000000000001,,1,1,1,0
18169,Fritzler Place,-99.800003,36.099998,7.050000000000001,Ogallala,1,1,0,1
18170,Fullerton Gravel Pit,-101.800003,37.200001,7.050000000000001,,4,4,3,1
18171,Gallup Gulch Quarry,-100.800003,42.799999,10.95,Ash Hollow,13,11,9,4
18172,Garner Bridge,-100.800003,42.799999,14.4,Valentine,1,1,0,1
181725,"Nevaxel 11, UCMP V70147",-117.900002,39.200001,14.4,Monarch Mill,5,5,1,4
181729,"Eastgate Chalicothere Quarry, UCMP V74103",-117.900002,39.200001,14.4,Monarch Mill,1,1,0,1
18173,Garner Bridge South,-100.800003,42.799999,14.4,Valentine,2,2,1,1
181731,"Nevaxel III Rhino Level, Discovery Point, UCMP V70138",-117.900002,39.200001,14.4,Monarch Mill,18,13,13,2
181732,Nevaxel V JHH Main Pocket- E Hill,-117.900002,39.200001,14.4,Monarch Mill,2,1,0,2
18174,Garner Quarry,-100.800003,42.799999,8.6,Ash Hollow,1,1,0,1
18175,Goodnight's,-101.300003,35.0,7.050000000000001,Goodnight Beds,10,8,8,2
18176,Gordon Creek Quarry,-100.800003,42.799999,10.95,Valentine,20,17,16,3
18177,Gordon Creek North Quarry,-100.800003,42.799999,10.95,Valentine,2,2,2,0
18178,Grace Ranch,-102.400002,41.400002,10.95,,1,1,1,0
18179,Grant Lease,-100.800003,35.0,10.95,,9,7,8,1
18180,Grasz Cat,-101.800003,41.200001,8.6,Ash Hollow,7,7,5,2
18181,Greenwood Canyon Quarry,-103.099998,41.700001,8.6,Ash Hollow,7,7,5,2
18182,Gregory no. 1,-99.300003,43.299999,14.186499999999999,,3,2,3,0
18183,Gregory no. 2,-99.300003,43.299999,14.186499999999999,,4,3,4,0
18184,Gregory no. 3,-99.300003,43.299999,14.186499999999999,,1,1,1,0
18185,Gregory no. 4,-99.300003,43.299999,14.186499999999999,,4,2,3,1
18186,Gretna,-99.400002,39.799999,10.95,,19,13,15,2
18187,Hamburg Research Area,-99.547699,38.965801,12.850000000000001,,16,9,13,3
18188,Hardin Bridge,-102.5,42.700001,14.4,,1,1,0,1
18189,Harrisburg Locality A,-103.800003,41.5,14.186499999999999,,1,1,1,0
18190,Harrisburg Locality A1,-103.800003,41.5,10.95,Ash Hollow,1,1,0,1
18191,Hay Stack Butte,-100.699997,43.200001,14.186499999999999,,1,1,1,0
18192,Hazard Homestead Quarry,-101.099998,40.200001,14.4,,32,29,25,6
18193,Head of Blue Creek,-102.400002,41.400002,7.050000000000001,,1,1,0,1
18194,Head of Coon Creek,-100.800003,42.799999,10.95,Ash Hollow,4,3,4,0
18196,Head of Pole Creek,-100.800003,42.799999,10.95,Ash Hollow,1,1,0,1
18197,Hesperopithecus Site,-103.800003,42.400002,10.95,Snake Creek,4,2,2,2
18198,Higgins Quarries,-100.099998,36.099998,7.050000000000001,,30,22,22,7
18199,High in the Saddle,-99.699997,42.799999,14.4,Valentine,7,7,6,1
18200,Hollow Horn Bear Quarry,-100.699997,43.200001,10.95,Ash Hollow,23,21,15,8
18201,Honey Creek,-98.800003,42.700001,7.050000000000001,,22,18,19,2
18202,Horn Quarry,-100.800003,42.799999,10.95,Ash Hollow,2,2,1,1
18203,Horse and Mastodon Quarry,-104.199997,40.799999,14.4,Pawnee Creek,18,16,13,5
18204,Horse Thief Canyon No. 1/2,-100.0,42.700001,10.95,Ash Hollow,7,7,6,1
18205,Horse Thief Canyon No. 3,-100.0,42.700001,14.4,Valentine,2,1,1,1
18206,Hottell Ranch Horse Quarry,-103.800003,41.5,14.4,,25,21,22,2
18207,"Hulbert Canyon, Plum Creek drainage",-100.0,42.700001,10.95,Ash Hollow,1,1,1,0
18208,Immense Journey Quarry,-103.800003,41.5,14.4,,52,35,38,4
18209,Joseph Jamber Quarry,-98.800003,42.900002,14.4,,33,28,26,5
18210,Jamison's,-100.800003,42.799999,14.186499999999999,,1,1,1,0
18211,Janes Quarry,-101.099998,33.700001,7.050000000000001,Bridwell,8,7,7,1
18212,Jefferson Ranch,-100.0,42.700001,10.95,Valentine,2,2,1,0
18213,Jerry Quarry,-100.0,42.700001,14.186499999999999,,5,5,4,1
18214,Hans Johnson Quarry,-100.800003,42.799999,10.95,Ash Hollow,17,14,12,5
18215,Johnson Rhino Site,-100.800003,42.799999,10.95,Ash Hollow,1,0,1,0
18216,Jones Canyon,-100.0,42.700001,14.4,Valentine,11,5,10,1
18217,June Quarry,-100.0,42.700001,10.95,Valentine,24,22,17,7
18218,Kat Quarry,-100.800003,42.799999,10.95,Ash Hollow,19,19,13,6
18219,Keller,-99.400002,38.900002,10.95,,14,8,11,3
18220,Kennesaw,-103.099998,40.799999,14.4,Pawnee Creek Beds,16,12,9,5
18221,Kepler Quarry No. 1,-103.099998,41.700001,10.95,Ash Hollow,17,14,15,2
18222,Kilpatrick Quarry,-103.800003,42.400002,10.95,Snake Creek,16,13,11,5
18223,Kuhre Quarry,-100.070198,42.791599,14.4,Valentine,5,0,4,1
18224,Leander Creek,-100.800003,42.799999,14.186499999999999,,1,1,1,0
18225,Lemoyne Quarry,-101.892197,41.300598,7.050000000000001,Ash Hollow,38,30,25,4
18226,Leptarctus B,-100.800003,42.799999,10.95,Ash Hollow,7,5,6,1
18227,Leptarctus Quarry,-100.800003,42.799999,10.95,Ash Hollow,22,19,14,8
18228,Jim Lessig Camel Site,-100.0,42.700001,10.95,Ash Hollow,2,0,2,0
18229,Lessig Canyon,-100.0,42.700001,10.95,Ash Hollow,2,2,1,1
18230,Lighthill Locality,-100.800003,42.799999,10.95,Valentine,5,4,2,3
18231,Line Kat Quarry,-100.800003,42.799999,10.95,Ash Hollow,4,4,4,0
18232,Little Beaver A,-100.800003,42.799999,14.4,Valentine,5,3,4,1
18233,Little Beaver B,-100.800003,42.799999,10.95,Ash Hollow,25,18,18,7
18234,Little Beaver C,-100.800003,42.799999,10.95,Ash Hollow,3,3,3,0
18235,Logan Quarry,-99.699997,42.799999,12.850000000000001,Valentine,14,9,11,3
18236,Lonergan Creek,-101.800003,41.200001,8.6,Ash Hollow,12,12,10,2
18237,Long Island Quarry,-99.400002,39.799999,7.050000000000001,Ogallala,10,10,9,1
18238,Long Pine Creek,-100.0,42.700001,12.850000000000001,Valentine,1,1,1,0
18239,Lost Chance,-100.0,42.700001,14.186499999999999,,4,1,4,0
18240,Lost Duckling,-100.0,42.700001,14.4,,16,14,14,0
18241,Lost Quarry,-101.699997,38.900002,7.050000000000001,,11,10,7,4
18242,Lucht Quarry,-100.0,42.700001,10.95,Valentine,16,15,10,6
18243,Lull Locality,-100.800003,42.799999,10.95,Valentine,8,7,7,1
18244,MacAdams Quarry,-100.800003,35.0,10.95,,26,22,20,6
18245,Machaerodus Quarry,-100.800003,42.799999,10.95,Ash Hollow,15,13,12,3
18246,Madison Bridge,-100.800003,42.799999,10.95,Ash Hollow,1,1,0,1
18247,Mailbox,-98.126602,42.393501,7.050000000000001,,31,27,25,2
18248,Main Quarry,-103.800003,41.5,14.4,,15,10,13,2
18249,Many Springs,-101.800003,43.200001,10.95,,3,1,3,0
18250,Mastodon Quarry,-103.800003,41.5,14.4,,5,5,4,1
18251,McGinley's Stadium,-100.0,42.700001,10.95,Ash Hollow,8,8,7,1
18252,McMurty Ranch,-100.800003,35.0,10.95,,1,1,1,0
18253,Medicine Creek (Cherry County),-100.800003,42.799999,10.95,Ash Hollow,1,1,0,1
18254,Medicine Creek (Frontier County),-100.5,40.5,7.050000000000001,,1,1,0,1
18255,Megabelodon Quarry,-100.800003,42.799999,10.95,Valentine,1,1,1,0
18256,Mensinger Quarry,-100.800003,42.799999,8.6,Ash Hollow,5,5,3,2
182562,Ione Valley 15,-117.699997,38.5,10.95,,7,6,5,2
18257,Merritt Dam Type Section,-100.800003,42.799999,10.95,Ash Hollow,5,4,5,0
18258,Merychippus Draw,-103.800003,42.400002,7.050000000000001,Snake Creek,4,4,3,1
18259,Messenger's Microsite,-99.699997,42.799999,14.186499999999999,,2,2,1,0
18260,Midway Quarry,-100.800003,42.799999,10.95,Valentine,19,19,14,5
18261,Miller Creek,-98.0,42.599998,14.4,,34,30,27,3
18262,Mill Iron Ranch,-100.800003,34.799999,10.95,,1,1,0,1
18263,Minium Quarry,-99.900002,39.299999,7.050000000000001,,22,17,15,6
18264,Minnechaduza Creek,-100.800003,42.799999,14.186499999999999,,1,1,1,0
18265,Mizner Slide (Crookston Bridge),-100.800003,42.799999,14.4,Valentine,1,1,0,1
18266,Mizner Slide (Devil's Gulch),-100.800003,42.799999,14.4,Valentine,5,4,2,3
18267,Mizner Slide (Burge Member),-100.800003,42.799999,10.95,Valentine,1,1,0,1
18268,Mission,-100.599998,43.400002,10.95,Ash Hollow,33,29,27,5
18269,Mitchell Creek,-100.5,40.5,8.6,Ash Hollow,1,0,0,1
18270,Moore Creek,-100.0,42.700001,12.850000000000001,Valentine,6,6,4,2
18271,Mouth of Minnechaduza Creek,-100.800003,42.799999,14.4,,4,4,0,4
18272,Mouth of Snake River,-100.800003,42.799999,14.4,Valentine,1,1,0,1
18273,Murphy Member Slump Blocks,-103.800003,42.400002,10.95,Snake Creek,4,4,4,0
18274,Murphy's Gulch,-100.800003,42.799999,14.186499999999999,,2,1,2,0
18275,Myers Farm,-98.5271,40.0238,14.4,Valentine,59,50,37,12
18276,Naponee,-99.099998,40.099998,14.186499999999999,,2,2,1,1
18277,Narrows of Snake River,-100.800003,42.799999,10.95,Ash Hollow,1,1,0,1
18278,Near Harrisburg,-103.800003,41.5,10.95,Ash Hollow,1,1,0,1
18279,Near June Quarry,-100.0,42.700001,10.95,Ash Hollow,1,1,0,1
18280,Near Paleo Quarry,-102.5,42.700001,12.850000000000001,Valentine,1,1,1,0
18281,Nenzel Quarry,-100.800003,42.799999,14.4,Valentine,13,13,11,2
18282,Niobrara River (Sheridan County),-102.5,42.700001,12.850000000000001,,2,2,1,1
18283,Noble Ranch,-100.800003,35.0,10.95,,7,5,3,4
18284,Norden Bridge Quarry,-100.033333,42.783333,14.4,Valentine,83,70,59,15
18285,Northeast of Burton,-99.699997,42.799999,14.4,Valentine,1,1,0,1
18286,Northeast of Garner Bridge,-100.800003,42.799999,14.4,Valentine,1,1,0,1
18287,Northeast of Rock Rapids,-99.699997,42.799999,14.4,Valentine,1,1,1,0
18288,Northeast of Springview,-99.699997,42.799999,10.95,Ash Hollow,2,2,1,1
18289,North of Broadwater (Ash Hollow),-103.099998,41.700001,14.186499999999999,,1,1,1,0
18290,North of Burge Quarry,-100.800003,42.799999,12.850000000000001,,1,1,1,0
18291,North of Crane Bridge,-100.800003,42.799999,10.95,Ash Hollow,1,1,0,1
18292,North of Thatcher,-100.800003,42.799999,14.4,Valentine,1,1,1,0
18293,North Pit,-99.800003,36.099998,7.050000000000001,Ogallala,1,1,0,1
18294,North Rim Locality,-100.800003,42.799999,10.95,Ash Hollow,8,7,7,1
18295,North Shore,-101.800003,41.200001,8.6,Ash Hollow,21,14,16,4
18296,Oak Canyon,-101.099998,40.200001,14.186499999999999,,1,0,1,0
18297,Oak Creek,-100.699997,43.200001,14.186499999999999,,6,2,6,0
18298,Ogallala Beach,-101.800003,41.200001,8.6,,10,7,8,2
18299,Olcott Hill (Laucomer Member),-103.800003,42.400002,10.95,Snake Creek,8,6,4,4
18300,Below Hesperopithecus Site,-103.800003,42.400002,10.95,Snake Creek,2,2,2,0
18301,Olcott Quarry,-103.800003,42.400002,10.95,Snake Creek,10,9,7,3
18302,Old Wilson Quarry,-100.800003,42.799999,10.95,Ash Hollow,1,1,0,1
18303,Glenn Olson Quarry,-99.133331,43.533333,14.4,Fort Randall,9,6,7,0
18304,Optima,-101.400002,36.700001,7.050000000000001,Ogallala,31,25,20,11
18305,Oshkosh Quarry,-102.400002,41.400002,8.6,Ash Hollow,17,15,15,2
18306,Paleo Quarry,-102.5,42.700001,12.850000000000001,Valentine,7,7,4,3
18307,Parcell Ranch,-100.699997,35.799999,8.6,,9,8,9,0
18308,V.V. Parker Pits,-100.099998,36.099998,7.050000000000001,,8,2,5,3
18309,Patton Ranch,-103.800003,41.5,10.95,,1,1,0,1
18310,Pawnee Buttes (Upper Beds),-104.199997,40.799999,14.186499999999999,,13,8,12,1
18311,Pebble Creek Drainage,-103.099998,42.799999,14.186499999999999,,1,1,1,0
18312,Pegran Place,-100.800003,35.0,14.186499999999999,,1,1,1,0
18313,Penbrook Quarry,-100.800003,42.799999,14.186499999999999,,6,3,5,1
18314,Penny Creek (UNSM Wt-11),-98.5,40.099998,10.95,Valentine,14,8,13,1
18315,Penny Creek (UNSM Wt-12),-98.5,40.099998,10.95,Valentine,20,13,19,1
18316,Penny Creek (UNSM Wt-13),-98.5,40.099998,10.95,Valentine,9,6,8,1
18317,Penny Creek (UNSM Wt-15B),-98.5,40.099998,10.95,Valentine,6,2,6,0
18318,Pettit,-99.800003,43.200001,14.186499999999999,,5,1,5,0
18319,Pine Creek,-102.5,42.700001,14.186499999999999,,1,1,1,0
18320,Pipe Creek Sinkhole,-85.791946,40.454445,5.4,,20,14,15,4
18321,Platybelodon Quarry,-100.800003,42.799999,10.95,Ash Hollow,7,6,4,3
18322,Plioceros Site,-100.800003,42.799999,10.95,Ash Hollow,1,1,1,0
18323,Pliohippus Draw (The Pits),-103.800003,42.400002,7.050000000000001,Snake Creek,14,12,11,3
18324,Poison Ivy Quarry,-98.0,42.299999,10.95,Ash Hollow,27,24,22,2
18325,Porcupine Butte,-102.5,43.299999,10.95,Ash Hollow,2,1,2,0
18326,Potter Quarry,-103.0,41.099998,8.6,Ash Hollow,14,12,10,2
18327,Pratt Quarry,-100.050003,42.633331,10.95,Ash Hollow,39,35,31,3
18328,Precarious Quarry,-99.699997,42.799999,10.95,Ash Hollow,2,2,2,0
18329,Proantilocapra Locality,-100.800003,42.799999,10.95,Ash Hollow,1,1,1,0
18330,Prospect 28-18,-100.0,42.700001,10.95,Ash Hollow,1,1,1,0
18331,Quarry 379,-100.800003,42.799999,10.95,Valentine,2,1,2,0
18332,Quarry Without a Name,-99.699997,42.799999,14.4,Valentine,13,9,10,1
18333,Quarter Line Kat Quarry,-100.800003,42.799999,10.95,Ash Hollow,10,10,8,2
18334,Quinn Mastodon Quarry,-100.0,42.700001,10.95,Valentine,11,11,11,0
18335,Quinn Ranch Quarry,-100.0,42.700001,10.95,Ash Hollow,5,5,4,1
18336,Quinn Rhino Quarries,-100.0,42.700001,10.95,Ash Hollow,8,8,5,3
18337,Rattlesnake Gulch Quarry,-100.0,42.700001,14.4,Valentine,4,4,3,1
18338,Reamsville,-98.800003,39.799999,14.186499999999999,,8,5,7,1
18339,Reed and Longnecker Locality 3,-100.199997,35.900002,14.186499999999999,,1,1,1,0
18340,Rentfro Pit 1,-102.300003,35.700001,7.050000000000001,Ogallala,6,6,5,1
18341,Republican River,-100.5,40.200001,14.4,,2,2,0,2
18342,Rhino Hill Quarry,-101.699997,38.900002,7.050000000000001,Ogallala,17,14,13,4
18343,Rhino Skull Quarry,-103.800003,41.5,14.4,,4,4,4,0
18344,Rice Ranch,-101.800003,43.200001,10.95,,18,9,15,1
18345,Ripple Quarry,-100.800003,42.799999,14.4,Valentine,6,6,3,3
18346,Adam Risley Ranch,-100.800003,35.0,8.4815,,7,4,4,3
18347,Charley Risley Ranch,-100.816666,35.016666,10.95,Clarendon Beds,10,6,10,0
18348,River View School,-102.5,42.700001,10.95,Ash Hollow,1,1,0,1
18349,Rock Ledge Mastodon Quarry,-100.0,42.700001,10.95,Ash Hollow,1,1,1,0
18350,Rocky Ford Quarry,-100.800003,42.799999,14.186499999999999,,8,3,7,0
183502,Target Quarry,-103.758255,42.181992,17.4,Sheep Creek,1,0,1,0
18351,Rose,-101.800003,43.200001,10.95,,3,0,3,0
18352,Rosebud Agency Quarry,-100.699997,43.200001,8.6,Ash Hollow,8,8,6,2
18353,Rosetta Stone (Lower),-100.0,42.700001,14.4,,12,10,10,1
18354,Rosetta Stone (Upper),-100.0,42.700001,14.186499999999999,,3,2,3,0
18355,Rowe Ranch,-100.800003,35.0,10.95,,19,14,12,7
18356,Runlofson Quarry,-100.0,42.700001,14.186499999999999,,2,2,1,0
18357,Sand Lizard Quarry,-98.0,42.599998,14.4,Valentine,2,2,0,2
18358,Sanford Pit,-101.400002,35.400002,8.6,Ogallala,4,4,2,2
18359,Santee,-97.846298,42.806801,7.050000000000001,,55,49,34,15
18360,Sappa Creek,-100.800003,39.700001,14.4,,6,5,6,0
18361,Sawyer Quarry,-100.800003,42.799999,14.4,Valentine,5,5,4,1
18362,Schlagel Creek,-100.800003,42.799999,10.95,Valentine,2,2,2,0
18363,Schoettger Quarry,-99.699997,42.799999,14.4,Valentine,3,3,1,2
18364,Schwab Place,-99.800003,36.099998,7.050000000000001,Ogallala,1,1,0,1
18365,Sebastian Ranch,-100.5,39.799999,7.050000000000001,,2,2,0,2
18366,Serendipity Quarry,-99.699997,42.799999,10.95,Ash Hollow,9,4,8,1
18367,Sevon no. 1,-100.699997,43.200001,14.186499999999999,,2,0,2,0
18368,Sevon no. 14,-100.699997,43.200001,14.186499999999999,,3,0,2,1
18369,Sevon no. 17,-100.699997,43.200001,14.186499999999999,,1,1,1,0
18370,Sevon no. 25,-100.699997,43.200001,14.186499999999999,,3,2,3,0
18371,Shannon Ranch,-100.800003,35.0,14.186499999999999,,3,2,2,1
18372,Sherman Ranch Locality,-100.800003,42.799999,10.95,Valentine,10,5,8,2
18373,Silica Mine,-99.699997,39.599998,14.4,,2,2,1,1
18374,Sinclair Draw (Laucomer Member),-103.800003,42.400002,10.95,Snake Creek,1,1,0,1
18375,Skillet Creek,-100.800003,35.0,14.186499999999999,,2,2,1,1
18376,Small Falls Prospect,-99.699997,42.799999,14.4,Valentine,6,4,5,0
18377,Smart Ranch,-101.900002,33.700001,7.050000000000001,Bridwell,7,4,7,0
18378,Snake River (Near Clifford Creek),-100.800003,42.799999,10.95,Ash Hollow,4,4,1,3
18379,Soldier Creek no. 1,-100.699997,43.200001,14.186499999999999,,6,2,6,0
18380,Soldier Creek no. 2,-100.699997,43.200001,14.186499999999999,,2,1,2,0
18381,Soldier Creek no. 3,-100.699997,43.200001,14.186499999999999,,1,0,1,0
18382,Soldier Creek no. 4,-100.699997,43.200001,14.186499999999999,,1,0,1,0
18383,Soldier Creek no. 5,-100.699997,43.200001,14.186499999999999,,4,2,4,0
18384,Soldier Creek no. 6,-100.699997,43.200001,14.186499999999999,,5,2,4,1
18385,Soldier Creek no. 7,-100.699997,43.200001,14.186499999999999,,3,0,2,1
18386,Soldier Creek no. 8,-100.699997,43.200001,14.186499999999999,,1,1,1,0
18387,Soldier Creek no. 9,-100.699997,43.200001,14.186499999999999,,1,1,1,0
18388,Soldier Creek no. 10,-100.699997,43.200001,14.186499999999999,,4,2,4,0
18389,Soldier Creek no. 11,-100.699997,43.200001,14.186499999999999,,3,2,3,0
18390,Soldier Creek no. 12,-100.699997,43.200001,14.186499999999999,,5,2,4,1
18391,Soldier Creek no. 13,-100.699997,43.200001,14.186499999999999,,4,1,4,0
18392,Soldier Creek no. 14,-100.699997,43.200001,14.186499999999999,,4,2,4,0
18393,Soldier Creek no. 15,-100.699997,43.200001,14.186499999999999,,1,1,1,0
18394,Soldier Creek no. 16,-100.699997,43.200001,14.186499999999999,,1,0,1,0
18395,Soldier Creek no. 17,-100.699997,43.200001,14.186499999999999,,3,2,3,0
18396,South Big Beaver,-100.800003,42.799999,10.95,Ash Hollow,1,1,0,1
18397,South Bijou Hill,-98.300003,43.099998,14.4,Fort Randall,26,20,20,1
18398,Southeast of Olcott Hill,-103.800003,42.400002,10.95,Snake Creek,1,1,0,1
18399,Southeast of Springview,-99.699997,42.799999,14.4,Valentine,1,1,0,1
18400,South of Fairfield Creek,-100.0,42.700001,14.186499999999999,,1,1,1,0
18401,South of Gordon,-102.5,42.700001,10.95,Ash Hollow,1,1,1,0
18402,South of Norden,-100.0,42.700001,14.4,Valentine,1,1,0,1
18403,South of Young Brothers Ranch,-99.900002,37.200001,7.050000000000001,,1,1,0,1
18404,Southwest of UNSM Gd-14,-102.400002,41.400002,8.6,Ash Hollow,1,1,1,0
18405,Spatz Quarry,-98.0,42.599998,14.4,,1,1,0,1
18406,Spirit Mound,-100.699997,43.200001,10.95,,13,6,12,1
18407,Spoon Butte Beds,-104.199997,42.0,14.4,,16,3,14,2
18408,Spring Canyon (Burge),-100.800003,42.799999,10.95,Valentine,2,2,1,1
18409,Spring Canyon (Cap Rock),-100.800003,42.799999,10.95,Ash Hollow,1,1,0,1
18410,Steer Creek (Merritt Dam),-100.800003,42.799999,10.95,Ash Hollow,2,2,2,0
18411,Steer Creek (Devil's Gulch),-100.800003,42.799999,14.4,Valentine,1,1,0,1
18412,Stewart Quarry,-100.800003,42.799999,14.4,Valentine,17,14,15,2
18413,Sunrise Locality,-100.800003,42.799999,10.95,Valentine,2,2,2,0
18414,Swallow Quarry,-100.800003,42.799999,10.95,Valentine,3,3,2,1
18415,Jack Swayze Quarry,-99.900002,37.200001,7.050000000000001,Ogallala,18,14,12,6
18416,Tetrabelodon osborni Quarry,-98.800003,42.900002,14.4,Valentine,6,2,6,0
18417,Tetrabelodon willistoni Quarry,-100.0,42.700001,14.4,Valentine,1,1,1,0
18418,Tetrabelodon Skull Quarry,-100.800003,42.799999,10.95,Valentine,1,0,1,0
18419,Thayer Ranch,-100.800003,42.799999,10.95,Ash Hollow,1,1,0,1
18420,The Loop,-100.800003,42.799999,8.6,Ash Hollow,1,1,1,0
18421,Three Miles East of Rosebud,-100.699997,43.200001,8.6,Ash Hollow,2,2,1,1
18422,Tihen Locality,-99.699997,42.799999,12.850000000000001,Valentine,1,1,0,1
18423,Torynobelodon loomisi Quarry,-99.400002,40.200001,7.050000000000001,,1,1,1,0
18424,Trail Creek Quarry,-105.099998,41.299999,8.6,Ash Hollow,14,10,11,2
18425,Trailside Kat Quarry,-100.800003,42.799999,10.95,Ash Hollow,8,8,7,1
18426,Trilophodon giganteus Site,-99.800003,43.200001,10.95,Ash Hollow,1,1,1,0
18427,Troxell's Rhino,-99.699997,42.799999,10.95,Valentine,1,1,1,0
18428,Turtle Butte (Burge),-99.800003,43.200001,10.95,Valentine,9,8,8,1
18429,Turtle Butte (Cap Rock),-99.800003,43.200001,10.95,Ash Hollow,1,1,1,0
18430,Turtle Canyon,-102.5,42.700001,10.95,Ash Hollow,3,3,2,1
18431,Turtle-Carnivore Quarry,-100.5,40.5,7.050000000000001,,2,2,0,2
18432,Turtle Locality,-103.0,41.099998,7.050000000000001,,1,1,0,1
18433,UCMP V-3332,-100.800003,42.799999,8.6,Ash Hollow,2,1,2,0
18434,UCMP V-36119,-100.800003,42.799999,10.95,Valentine,1,1,1,0
18435,UCMP V-77035,-100.800003,42.799999,14.4,Valentine,1,1,1,0
18436,UNSM Cr-121,-100.800003,42.799999,14.186499999999999,,6,3,5,0
18437,UNSM Ft-47,-100.5,40.5,8.6,Ash Hollow,1,1,0,1
18438,UNSM Gd-104,-102.400002,41.400002,8.6,Ash Hollow,1,1,1,0
18439,UNSM Sm-101,-98.800003,41.200001,7.050000000000001,Ash Hollow,3,2,1,2
18440,Upper County Road,-100.800003,42.799999,10.95,Ash Hollow,2,2,2,0
18441,Uptegrove,-103.0,41.099998,7.050000000000001,,10,9,8,2
18442,Valentine Railway Quarries,-100.800003,42.799999,14.4,Valentine,71,59,48,14
18443,Verdigre Quarry,-98.0,42.599998,14.4,Valentine,39,28,24,11
18444,Vicinity of Hall Cope's Ranch,-99.699997,39.599998,7.050000000000001,,1,1,0,1
18445,Vim-Peetz,-103.099998,40.799999,12.850000000000001,Pawnee Creek Beds,13,7,10,2
18446,Volcanic Ash Pit,-100.800003,42.799999,10.95,Ash Hollow,2,2,0,2
18447,Wade Quarry,-100.800003,42.799999,10.95,Ash Hollow,12,11,8,4
18448,WaKeeney (Amebelodon Locality),-99.900002,39.0,8.4815,,1,1,1,0
18449,WaKeeny (KU Locality 29),-99.769798,39.0821,10.95,Ogallala,9,7,9,0
18450,WaKeeny (UM-K6-59),-99.751297,39.0821,10.95,Ogallala,26,14,16,3
18451,WaKeeney (Unit C),-99.751297,39.0821,8.4815,Ogallala,1,1,0,1
18452,Waldo Simons Quarry,-100.800003,42.799999,10.95,Valentine,4,4,4,0
18453,Warren Crossing,-100.800003,42.799999,8.6,Ash Hollow,1,0,1,0
18454,Welke,-100.0,42.700001,14.4,,21,14,18,1
18455,Wessington Springs,-98.583336,44.083332,14.4,,5,1,5,0
18456,West Coon Creek,-100.800003,42.799999,10.95,Ash Hollow,5,3,4,0
18457,West Fork of Indian Creek,-99.699997,42.799999,10.95,Ash Hollow,1,1,0,1
18458,West Line Kat Quarry,-100.800003,42.799999,10.95,Ash Hollow,13,13,9,4
18459,West of Boiling Spring Flat,-100.800003,42.799999,10.95,Ash Hollow,1,1,0,1
18460,West of Burton,-99.699997,42.799999,10.95,Ash Hollow,2,2,1,1
18461,West of Miller Creek,-98.0,42.599998,14.4,,1,1,0,1
18462,West of Phillipsburg,-99.400002,39.799999,8.4815,,2,2,2,0
18463,Whisenhunt Quarry,-100.5,36.799999,10.95,Laverne,29,22,18,3
18464,White Cliffs,-100.0,42.700001,14.4,Valentine,2,2,1,1
18465,Whiteface Quarry,-100.800003,42.799999,10.95,Valentine,2,2,2,0
18466,White Point Quarry,-100.0,42.700001,10.95,Valentine,6,6,4,2
18467,Whitford's Quarry No. 2,-100.0,42.700001,10.95,Ash Hollow,3,3,1,2
18468,Jonas Wilson Quarry,-100.0,42.700001,10.95,Ash Hollow,9,6,5,4
18469,Wolf Creek (Nebraska),-102.5,42.700001,14.186499999999999,,1,1,1,0
18470,Wolf Creek (SDSM V-521),-102.5,43.299999,10.95,,9,7,9,0
18471,Wolf Creek (SDSM V-522),-102.5,43.299999,10.95,,1,0,1,0
18472,Wolf Creek (SDSM V-523),-102.5,43.299999,10.95,,2,2,2,0
18473,Wolf Creek (SDSM V-524),-102.5,43.299999,10.95,,2,2,1,1
18474,Wolf Creek (SDSM V-525),-102.5,43.299999,10.95,,5,1,5,0
18475,Wolf Creek (SDSM V-526),-102.5,43.299999,10.95,,3,2,3,0
18476,Wolf Creek (SDSM V-527),-102.5,43.299999,10.95,,4,3,4,0
18477,Wolf Creek (SDSM V-528),-102.5,43.299999,10.95,,1,1,1,0
18478,Wolf Creek (SDSM V-529),-102.5,43.299999,10.95,,7,6,7,0
18479,Wolf Creek (SDSM V-5322),-102.5,43.299999,10.95,,1,0,0,1
18480,Wolf Creek (SDSM V-5323),-102.5,43.299999,10.95,,1,1,1,0
18481,Wolf Creek (SDSM V-5324),-102.5,43.299999,10.95,,10,7,8,2
18482,Wolf Creek (SDSM V-5325),-102.5,43.299999,10.95,,7,2,6,1
18483,Wolf Creek (SDSM V-5326),-102.390732,42.999275,10.95,,5,3,4,1
18484,Wolf Creek (SDSM V-5327),-102.5,43.299999,10.95,,3,1,3,0
18485,Wolf Creek (SDSM V-5328),-102.5,43.299999,10.95,,8,5,7,1
18486,Wolf Creek (SDSM V-5329),-102.5,43.299999,10.95,,4,3,4,0
18487,Wolf Creek (SDSM V-5330),-102.5,43.299999,10.95,,4,2,4,0
18488,Wolf Creek (SDSM V-5331),-102.5,43.299999,10.95,,1,1,0,1
18489,Wolf Creek (SDSM V-5332),-102.5,43.299999,10.95,,2,0,2,0
18490,Wolf Creek (SDSM V-5333),-102.5,43.299999,10.95,,6,4,6,0
18491,Wolf Creek (SDSM V-5334),-102.5,43.299999,10.95,,4,2,3,0
18492,Wolf Creek (SDSM V-5335),-102.5,43.299999,10.95,,6,4,6,0
18493,Wolf Creek (SDSM V-5336),-102.5,43.299999,10.95,,2,1,2,0
18494,Wounded Knee Creek,-100.800003,42.799999,10.95,,1,1,0,1
18495,Wray,-102.199997,40.099998,7.050000000000001,,17,14,13,4
18496,Xmas Quarry,-100.800003,42.799999,10.95,Ash Hollow,26,23,20,6
18497,Young Brothers Ranch,-99.900002,37.200001,7.050000000000001,,3,3,1,2
18498,Zippy Lizard Quarry,-99.699997,42.799999,14.4,Valentine,6,4,5,0
18499,ZX Bar,-103.800003,42.400002,7.050000000000001,Snake Creek,14,13,10,3
18501,Agricola Road,-81.800003,27.9,7.615,Peace River,7,6,6,1
18502,Agrico Pierce Mine,-81.800003,27.9,7.050000000000001,,6,4,4,1
18503,Alum Bluff,-84.900002,30.200001,14.186499999999999,"""Fort Preston sand""",4,2,4,0
18504,AMAX Phosphate Mine,-81.849998,27.700001,7.050000000000001,Peace River,1,1,0,1
18507,Ashville,-83.699997,30.700001,14.186499999999999,,4,2,4,0
18508,Bird Branch,-81.800003,27.9,14.186499999999999,Arcadia,3,2,3,0
18509,Bradley,-81.800003,27.9,9.438,Peace River,15,11,11,2
18510,Bradon River,-82.5,27.5,14.186499999999999,,3,3,3,0
18511,Brewster Haynsworth Mine,-81.800003,27.9,7.615,Peace River,3,3,2,1
18513,Cargill Phosphate Mine,-81.800003,27.9,7.050000000000001,Peace River,2,1,0,2
18514,CF Industries Mine,-81.800003,27.9,7.050000000000001,Peace River,2,2,1,1
18515,Chattahoochee,-84.5,30.5,14.186499999999999,,1,1,1,0
18517,Chesapeake Bay (Middle Calvert),-76.5,38.400002,14.186499999999999,Calvert,1,1,1,0
18519,Chesapeake Bay (Choptank),-76.5,38.400002,14.4,Choptank,3,3,2,1
18520,Chicora Mine (Hemphillian),-81.800003,27.9,7.050000000000001,,5,5,5,0
18521,Coffrin Creek,-82.099998,29.799999,14.186499999999999,,6,4,6,0
18522,Colclough Hill,-82.099998,29.799999,14.186499999999999,,1,1,1,0
18525,Cummer Lumber Company Phosphate Mine,-82.599998,29.700001,7.050000000000001,,1,1,1,0
18526,Cummer Mine No. 8,-82.599998,29.700001,14.186499999999999,,1,1,1,0
18527,District Grade Mine,-81.849998,27.700001,7.050000000000001,,3,3,1,2
18528,Dunnellon Phosphate Company No. 5,-82.199997,28.799999,14.186499999999999,,3,0,3,0
18529,Dunnellon Phosphate Mining District,-82.300003,29.1,7.050000000000001,,9,7,9,0
18530,Dutton Phosphate Company No. 22,-82.300003,29.1,14.186499999999999,,1,1,1,0
18531,Emathla,-82.300003,29.1,14.186499999999999,,1,1,1,0
18533,"Four Corners Mine, Miocene",-81.800003,27.9,7.050000000000001,,6,4,5,1
18534,Gainesville Creek,-82.099998,29.799999,14.186499999999999,,2,1,2,0
18539,Haile V/XIXA,-82.566666,29.683332,7.050000000000001,,19,13,17,2
18540,Haile 5B,-82.099998,29.799999,14.186499999999999,Alachua,4,4,4,0
18541,Haile 6A,-82.099998,29.799999,8.6,,5,4,4,1
18542,Haysand Road,-82.099998,29.799999,14.186499999999999,,1,1,1,0
18543,Hickory Hill,-82.099998,29.799999,14.186499999999999,,2,0,2,0
18544,"Hog Creek (""Pliocene"")",-82.199997,27.0,14.186499999999999,,3,2,3,0
18545,Hogtown Creek II,-82.099998,29.799999,7.050000000000001,,1,1,0,1
18546,Hollowell's Place,-82.099998,29.799999,14.186499999999999,,1,0,1,0
18547,Joshua Creek,-81.900002,27.200001,8.6,,1,1,1,0
18548,Kingsford Mine (Younger),-81.800003,27.9,7.615,Bone Valley,7,7,6,0
18551,Leisey Shell Pit (Arcadia Formation),-82.5,27.700001,14.186499999999999,,1,1,1,0
18552,Leisey Shell Pit 1C,-82.5,27.700001,7.050000000000001,Bone Valley,4,4,4,0
18553,Lockwood Meadows,-82.199997,27.0,7.050000000000001,Peace River,10,6,9,1
18555,North of Lulu,-82.599998,30.0,10.95,,1,1,1,0
18557,Martin-Anthony Roadcut,-82.166664,29.283333,20.8,Penney Farms,3,2,2,1
18560,McGehee Farm,-82.599998,29.65,7.050000000000001,Alachua,31,21,22,6
18561,Midway,-84.5,30.5,17.4,Torreya,14,10,10,3
18562,Miller Locality,-83.199997,29.299999,17.4,,12,11,0,12
18563,Mixson's Bone Bed,-82.599998,29.4,7.050000000000001,Alachua,18,15,16,2
18564,Moss Acres Racetrack,-82.300003,29.1,7.050000000000001,Alachua,20,15,18,2
18566,Needmore,-82.900002,30.9,14.186499999999999,Statenville,1,1,1,0
18568,Nichols Mine Stream Matrix Horizon,-81.800003,27.9,7.615,Peace River,8,6,8,0
18570,Oldsmar Pit 1 (Arcadia Formation),-82.800003,27.799999,14.186499999999999,Arcadia,2,2,2,0
18571,Oldsmar Pit 1 (Hemphillian),-82.800003,27.799999,14.186499999999999,Arcadia,2,2,2,0
18572,Oldsmar Pit 2 (Arcadia Formation),-82.800003,27.799999,14.186499999999999,Arcadia,1,1,1,0
18574,Pareners Branch,-82.099998,29.799999,14.186499999999999,,6,5,6,0
18575,Pasco County Arikareean Site,-82.400002,28.299999,14.186499999999999,,1,1,1,0
18578,Peace River,-81.900002,27.5,7.050000000000001,,4,3,4,0
18581,Port Manatee,-82.5,27.5,7.050000000000001,Bone Valley,12,8,10,1
18582,Quincy,-84.5,30.5,13.805,Torreya,1,1,1,0
18583,Red Zone Phosphoria Mine,-81.800003,27.9,14.4,Peace River,5,4,5,0
18584,Rick's Pump Site,-81.800003,27.9,7.050000000000001,,4,4,4,0
18585,Roaring Creek,-83.0,30.4,14.4,Statenville,3,2,3,0
18588,Silver City Mine,-81.800003,27.9,10.95,Peace River,5,5,3,1
18589,Smith Mine,-84.5,30.5,14.4,Torreya,1,1,1,0
18590,St. Mark's River,-84.199997,30.299999,14.186499999999999,,1,1,1,0
18592,Statenville,-82.900002,30.9,14.186499999999999,Statenville,7,5,6,1
18593,St. Marys Formation,-76.5,38.400002,14.186499999999999,,1,1,1,0
18594,Sweetwater Branch,-81.800003,27.9,14.186499999999999,,3,2,3,0
18595,Swift Mine,-81.800003,27.9,7.050000000000001,Peace River,7,7,5,1
18596,Tallahassee Water Works,-84.5,30.5,13.805,Torreya,2,1,2,0
18597,Thomas Farm,-82.599998,29.700001,17.4,Alachua,43,34,23,13
18598,T.A. Thompson Mine,-82.099998,29.799999,14.186499999999999,,2,0,2,0
18599,Tiger Bay Mine,-81.800003,27.9,7.050000000000001,Peace River,8,8,8,0
18600,VA Hospital Site,-82.099998,29.799999,14.186499999999999,,1,1,1,0
18601,Withlacoochee River Site 4A,-82.316666,28.799999,7.050000000000001,,29,23,23,6
18602,Withlacoochee River Site 4X,-82.199997,28.799999,7.050000000000001,,5,4,4,1
18603,Withlacoochee River Site 5E,-82.300003,29.1,7.050000000000001,,2,2,2,0
18604,Akin Hill,-95.199997,30.6,14.4,Fleming,5,1,5,0
18605,Anderson,-95.699997,30.299999,14.186499999999999,,1,1,1,0
18606,S. F. Austin State Park,-95.900002,29.799999,14.186499999999999,,2,2,2,0
18607,Belt's Creek,-94.300003,30.799999,14.4,,5,4,5,0
18608,"Bennett Farm, San Jacinto County site 4",-95.281998,30.716999,14.4,Fleming,8,8,8,0
18609,Bordon,-96.699997,29.700001,14.4,Fleming,1,0,1,0
18610,"Bridge Ranch, Normanna",-97.699997,28.6,10.95,Goliad,30,24,25,4
18611,"Buckner Ranch Locality, Site 1",-97.699997,28.6,10.95,Goliad,25,16,23,2
18612,Buckner Ranch Site 2,-97.699997,28.6,14.186499999999999,,4,4,3,0
18614,Burkeville (TAM 43),-93.400002,31.0,14.186499999999999,,4,1,4,0
18615,Caper Place,-95.0,30.5,14.186499999999999,,1,1,1,0
18616,Cedar Creek (Texas),-96.0,30.0,14.186499999999999,,1,0,1,0
18617,Cedar Run,-96.099998,30.1,17.4,Oakville,13,10,11,2
18618,Four miles southeast of ChapellHill,-96.099998,30.1,14.4,,5,3,5,0
18619,"Cold Spring, San Jacinto site 3",-95.131897,30.6117,14.4,Fleming,22,12,20,1
18620,Diamond Mountain,-95.400002,30.1,14.4,,9,4,8,1
18621,Discovery Site (Fort Polk),-93.099998,31.1,14.4,Fleming,16,13,14,1
18622,Dripping Springs,-96.699997,29.700001,14.4,Fleming,1,1,1,0
18623,"Farish Ranch, Medio Creek",-97.699997,28.6,10.95,Goliad,31,22,25,6
18624,"UCMP loc V-304, J. Fiestam's Farm",-96.900002,29.799999,14.186499999999999,,1,1,1,0
18625,"Foster Estate, San Jacinto County Site 6",-95.233101,30.684299,14.186499999999999,,4,2,4,0
18626,Garvin Gully,-95.699997,30.299999,17.4,Oakville,22,13,20,2
18627,"Gay Hill, San Jacinto County site 1",-95.269798,30.749701,14.4,Fleming,11,9,9,2
18628,Goodrich Site 1,-94.913002,30.593399,14.4,Fleming,8,6,7,1
18629,Goodrich Site 2,-94.699997,30.700001,14.4,Fleming,12,6,9,3
18630,"Goodrich Site 3, Lowe place",-94.914803,30.6031,14.4,,9,5,8,1
18631,Goodrich (F:AM),-94.699997,30.700001,14.4,Fleming,1,1,0,1
18632,Gully Site,-93.099998,31.1,14.4,Fleming,6,4,5,0
18633,Hallettsville,-97.0,29.4,14.186499999999999,,1,1,1,0
18634,E. R. Harvey No. 1,-95.0,30.5,14.186499999999999,,1,1,1,0
18635,Hidalgo Bluff,-96.099998,30.1,17.4,Oakville,12,11,11,1
18636,Highway 36,-96.099998,30.1,15.5,,1,1,1,0
18637,Sam Houston,-95.0,30.5,14.4,Fleming,14,8,12,2
18638,Independence,-96.099998,30.1,14.186499999999999,Oakville,3,2,3,0
18639,Ernest Kurgeis Land,-96.900002,29.799999,14.4,Fleming,1,0,1,0
18640,"Lapara Creek Site 8, Ten Mile Creek",-97.958397,28.343399,10.95,Goliad,21,16,18,3
18641,Love Place,-95.0,30.5,14.4,,1,1,1,0
18642,Mann Place,-95.252777,30.74361,17.4,Fleming,4,3,3,1
18643,McKenney Place,-95.0,30.5,14.4,,1,1,1,0
18644,McMurry Pits 1/2,-95.0,30.5,14.186499999999999,,5,5,5,0
18645,"Medio Creek Site No. 19, Richards farm",-97.7407,28.530701,10.95,Goliad,26,21,24,2
18646,Moscow,-94.699997,30.700001,14.4,Fleming,17,13,15,2
18647,Mound Creek,-95.400002,30.1,14.186499999999999,,3,2,3,0
18648,Navasota,-95.699997,30.299999,14.186499999999999,,2,2,2,0
18649,Niscavit Farm,-95.699997,30.299999,14.4,Fleming,1,1,0,1
18650,Noble Farm,-95.699997,30.299999,14.4,Fleming,14,8,13,1
18651,Old Walker Place,-95.0,30.5,17.4,,1,1,1,0
18652,Persimmon Barrow,-93.099998,31.1,14.4,Fleming,2,1,2,0
18653,Plantersville,-95.699997,30.299999,14.4,,1,1,1,0
18654,Push Creek,-94.300003,30.799999,14.4,,3,2,3,0
18655,Red Hill,-95.699997,30.299999,14.4,Fleming,4,1,3,1
18656,Shamrock,-93.099998,31.1,14.4,Fleming,1,1,1,0
18657,August Sherris Pasture,-96.900002,29.799999,14.4,Fleming,1,1,1,0
18658,Sommer's Pit,-95.699997,30.299999,14.186499999999999,,4,3,4,0
18659,Stonehenge Site,-93.099998,31.1,14.4,Fleming,10,8,7,2
18660,Swartaut,-94.699997,30.700001,14.4,Fleming,3,3,3,0
18661,Swiss Alp,-96.900002,29.799999,14.4,,3,3,3,0
18662,TAM 71,-95.0,30.5,14.186499999999999,,1,1,1,0
18663,Toledo Bend,-93.400002,31.0,21.744999999999997,Fleming,26,19,22,3
18664,Town Bluff,-94.300003,30.799999,14.4,Fleming,4,3,3,0
18665,Trinity River Pit 1,-95.0,30.5,14.4,Fleming,30,25,26,4
18666,TVOR Site,-93.099998,31.1,14.4,Fleming,11,9,7,1
18667,TVOR North,-93.099998,31.1,14.4,Fleming,1,1,0,0
18668,TVOR North Creek,-93.099998,31.1,14.4,Fleming,1,1,0,0
18669,TVOR South,-93.099998,31.1,14.4,Fleming,1,0,0,1
18670,TVOR Southeast,-93.099998,31.1,14.4,Fleming,1,1,0,0
18671,"Wanza Farm, San Jacinto County site 5",-95.225403,30.7101,14.186499999999999,,4,3,4,0
18672,Water Run,-96.099998,30.1,14.186499999999999,,1,1,1,0
18673,West Doucette,-94.300003,30.799999,14.4,Fleming,3,2,3,0
18674,Woodville,-94.300003,30.799999,14.4,Fleming,4,4,4,0
18675,Wright Farm,-94.699997,30.700001,14.4,Fleming,2,2,2,0
18676,TMM 30009 (Woodville Southwest),-94.300003,30.799999,14.4,,1,1,1,0
18677,TMM 30904,-98.099998,28.299999,14.186499999999999,,2,1,2,0
18678,TMM 31039,-98.099998,28.299999,14.186499999999999,,1,1,1,0
18679,TMM 31048 (Garvin Gully),-96.099998,30.1,14.186499999999999,,1,1,1,0
18680,TMM 31085,-96.099998,30.1,14.186499999999999,Oakville,6,3,6,0
18681,TMM 31158,-96.099998,30.1,14.186499999999999,Oakville,1,0,0,0
18682,TMM 31162,-96.099998,30.1,14.4,Oakville,3,3,3,0
18683,"TMM 31204, John Dye Farm",-97.394997,28.701099,8.6,Goliad,1,1,1,0
18684,TMM 31245,-96.900002,29.799999,14.4,,2,1,2,0
18685,TMM 31259,-96.900002,29.799999,14.186499999999999,,1,1,1,0
18686,TMM 31262,-97.300003,29.200001,14.4,,1,1,1,0
18687,TMM 31263,-98.099998,28.299999,14.186499999999999,,5,5,5,0
18688,TMM 31273,-97.0,29.4,15.5,,1,1,1,0
18689,TMM 31390,-97.699997,28.6,14.186499999999999,,2,2,2,0
18690,"TMM 40071, 1.5 mi. N of Hwy 244",-96.099998,30.1,17.4,,1,1,1,0
18691,"TMM 40081, GC & SF Railway milepost 128c N of Brenham",-96.099998,30.1,15.5,,1,1,1,0
18692,"TMM 40104, below Hidalgo Church",-96.099998,30.1,17.4,,1,1,1,0
18693,TMM 40105,-96.099998,30.1,14.186499999999999,,1,1,1,0
18694,TMM 40106,-95.699997,30.299999,17.4,,4,4,4,0
18695,"TMM 40122, Rd. cut 1.5 mi. E of Brenham",-96.099998,30.1,15.5,,1,1,1,0
18696,TMM 40127,-96.099998,30.1,14.4,Fleming,1,1,1,0
18697,TMM 40189,-96.099998,30.1,14.4,,1,1,1,0
18698,TMM 40217,-95.699997,30.299999,14.186499999999999,,1,1,1,0
18699,TMM 40223,-96.099998,30.1,17.4,Oakville,2,2,2,0
18700,TMM 40224,-95.0,30.5,14.4,Fleming,1,1,1,0
18701,TMM 40262,-97.199997,29.4,14.186499999999999,,1,1,1,0
18702,TMM 40269,-95.0,30.5,14.186499999999999,,1,1,0,1
18703,TMM 40282,-95.699997,30.299999,10.95,,2,2,2,0
18704,TMM 40393,-97.199997,29.4,15.5,,1,1,1,0
18705,TMM 40418,-96.099998,30.1,14.4,,3,2,2,1
18706,TMM 40453,-95.0,30.5,14.4,,1,1,1,0
18707,TMM 40643,-95.699997,30.299999,14.186499999999999,,1,1,1,0
18708,TMM 40674,-96.099998,30.1,14.4,,1,0,1,0
18709,TMM 41040,-97.0,29.4,14.186499999999999,,1,1,1,0
18710,TMM 40142,-95.699997,30.299999,14.186499999999999,Oakville,1,1,1,0
18711,TMM 41662,-95.900002,30.200001,17.4,Oakville,1,1,1,0
18712,TMM 42312,-94.0,30.700001,14.186499999999999,,1,0,1,0
18713,Arroyo Tepalcates,-100.699997,21.0,7.050000000000001,Rancho Viejo Beds,15,15,10,5
18714,Basuchil,-107.300003,28.5,14.186499999999999,,7,4,5,2
18715,Belen del Refugio,-102.400002,21.5,7.050000000000001,,1,1,0,1
18716,Carboneras River,-88.900002,15.6,8.4815,Herreria,3,2,3,0
18717,Cinqua,-93.900002,17.9,7.050000000000001,,2,1,2,0
18718,Coecillos,-100.800003,21.0,7.050000000000001,,25,20,21,4
18719,Colotlan,-103.300003,22.1,7.050000000000001,,1,1,1,0
18720,Corinto,-88.099998,13.9,8.4815,,5,4,4,1
18721,Cuicatlan,-97.0,17.799999,13.805,,3,0,3,0
18722,El Camarón,-96.033333,16.549999,14.4,El Camarón,11,8,9,2
18723,El Carrizal,-88.638649,14.66823,14.186499999999999,Gracias,2,2,2,0
18724,El Gramal,-96.050003,16.616667,14.4,El Camarón,4,2,4,0
18725,Gaillard Cut,-79.699997,9.1,17.4,Cucaracha,12,9,9,3
18726,Ixtapa,-92.900002,16.799999,14.186499999999999,,2,2,2,0
18727,La Mancornada,-96.0,16.6,14.186499999999999,,5,3,4,1
18728,La Mision,-116.800003,32.099998,13.805,Rosarito Beach,1,1,1,0
18729,Landa de Matamoros,-99.300003,21.200001,7.050000000000001,,3,3,3,0
18730,La Nopalera,-99.699997,20.700001,7.050000000000001,,2,2,2,0
18732,Las Culebras,-88.5,14.6,7.050000000000001,Gracias,3,3,2,1
18733,Las Golondrinas,-99.0,20.5,7.050000000000001,,5,4,4,1
18734,Matachic,-107.800003,28.5,7.050000000000001,,7,7,6,1
18735,Matatlán,-96.375,16.916668,14.4,Matatlán,8,3,6,2
18736,New Year,-88.5,14.6,7.050000000000001,Gracias,4,4,3,1
18737,Rancho El Ocote (Basal),-100.666664,21.083332,7.050000000000001,Rancho Viejo Beds,23,18,19,4
18738,Rancho El Ocote (Medial),-100.699997,21.200001,7.050000000000001,Rancho Viejo Beds,20,14,20,0
18739,Rancho Lobo,-88.5,14.6,7.050000000000001,Gracias,7,6,6,1
18740,La Rinconada,-100.800003,21.1,7.050000000000001,Rancho Viejo Beds,20,18,14,6
18741,Rio Campuca,-88.599998,14.7,14.186499999999999,Gracias,1,1,1,0
18742,Rio Salado,-93.099998,16.700001,14.186499999999999,,1,1,1,0
18743,Saddle (Honduras),-88.5,14.6,14.186499999999999,Gracias,1,1,1,0
18744,Suchilquitongo,-96.699997,17.1,17.4,Suchilquitongo,5,2,5,0
18745,Tecolotlan (Hemphillian),-104.099998,20.200001,7.050000000000001,,13,13,9,4
18746,Tehuichila,-98.699997,20.700001,7.050000000000001,,11,9,10,1
18747,Teocaltiche (Unit A),-102.599998,21.4,7.050000000000001,,3,2,2,1
18748,Teocaltiche (Unit B),-102.599998,21.4,7.050000000000001,,1,1,1,0
18749,Teocaltiche (Unit C),-102.599998,21.4,7.050000000000001,,2,1,2,0
18750,Tepusuna Hill,-88.5,14.6,7.050000000000001,Gracias,9,8,8,1
18751,Three Miles North of Rancho Lobo,-88.5,14.6,14.186499999999999,Gracias,3,2,3,0
18752,Tubutama,-111.5,30.9,14.186499999999999,,1,1,1,0
18754,Yecora,-108.900002,28.4,14.186499999999999,,1,0,1,0
18755,Yepomera,-108.0,28.799999,7.050000000000001,,34,28,23,9
18756,Zoyatal,-102.300003,21.799999,14.186499999999999,,4,4,4,0
18757,Courtney Pit,-112.300003,51.5,7.050000000000001,,10,7,9,1
18758,Four Courners,-106.199997,49.200001,14.4,Wood Mountain,14,12,12,2
18759,Kleinfelder Farm,-105.993431,49.172428,14.4,Wood Mountain,34,31,24,3
18760,NMC,-106.199997,49.200001,14.4,Wood Mountain,2,0,2,0
18761,Quantock,-106.199997,49.200001,14.4,Wood Mountain,16,13,12,4
18762,ROM 25,-106.199997,49.200001,14.4,Wood Mountain,4,2,4,0
18763,ROM 27,-106.199997,49.200001,14.4,Wood Mountain,2,0,2,0
18764,ROM 67,-106.199997,49.200001,14.4,Wood Mountain,2,0,2,0
18765,ROM 70,-106.199997,49.200001,14.4,Wood Mountain,2,1,2,0
18766,ROM 76,-106.199997,49.200001,14.4,Wood Mountain,3,2,3,0
18767,ROM 22,-106.199997,49.200001,14.4,Wood Mountain,2,1,2,0
18768,ROM 31,-106.199997,49.200001,14.4,Wood Mountain,2,0,2,0
18769,ROM 14,-106.199997,49.200001,14.4,Wood Mountain,5,4,3,2
18770,ROM 15,-106.199997,49.200001,14.4,Wood Mountain,3,1,3,0
18771,ROM 16,-106.199997,49.200001,14.4,Wood Mountain,4,0,4,0
18772,ROM 17,-106.199997,49.200001,14.4,Wood Mountain,4,2,4,0
18773,ROM 18,-106.199997,49.200001,14.4,Wood Mountain,4,2,3,1
18774,ROM 53,-106.199997,49.200001,14.4,Wood Mountain,2,2,2,0
18775,ROM 60,-106.199997,49.200001,14.4,Wood Mountain,3,1,3,0
18776,ROM 62,-106.199997,49.200001,14.4,Wood Mountain,3,1,3,0
18777,ROM 64,-106.199997,49.200001,14.4,Wood Mountain,3,1,3,0
18778,ROM 66,-106.199997,49.200001,14.4,Wood Mountain,2,0,2,0
18779,ROM 73,-106.199997,49.200001,14.4,Wood Mountain,3,0,2,1
18780,Russell Pit,-112.300003,51.5,7.050000000000001,,2,1,2,0
18781,Sinclair (Miocene),-112.300003,51.599998,14.186499999999999,,5,2,5,0
18782,SMNH 24,-106.199997,49.200001,14.4,Wood Mountain,2,0,2,0
18783,SMNH 91,-106.199997,49.200001,14.4,Wood Mountain,3,1,3,0
18784,SMNH 93,-106.199997,49.200001,14.4,Wood Mountain,2,1,2,0
18785,SMNH 34,-106.199997,49.200001,14.4,Wood Mountain,11,9,7,3
18786,SMNH 98,-106.199997,49.200001,14.4,Wood Mountain,5,5,5,0
18787,SMNH 133,-106.199997,49.200001,14.4,Wood Mountain,2,1,2,0
18788,SMNH 134,-106.199997,49.200001,14.4,Wood Mountain,4,4,2,2
18789,SMNH 31,-106.199997,49.200001,14.4,Wood Mountain,4,3,3,1
18790,SMNH 32,-106.199997,49.200001,14.4,Wood Mountain,6,3,4,1
18791,SMNH 94,-106.199997,49.200001,14.4,Wood Mountain,2,1,2,0
18792,SMNH 96,-106.199997,49.200001,14.4,Wood Mountain,2,2,2,0
18793,SMNH 166,-106.199997,49.200001,14.4,Wood Mountain,2,1,1,1
18794,Wood Mountain,-106.199997,49.200001,14.4,Wood Mountain,11,8,8,2
18795,Wood Mountain (Loc. WM-1),-106.199997,49.200001,14.4,Wood Mountain,3,0,3,0
18796,Wood Mountain (Loc. WM-2),-106.199997,49.200001,14.4,Wood Mountain,1,0,1,0
18797,Yost Farm,-106.199997,49.200001,14.4,Wood Mountain,25,21,16,8
18798,Yost Farmyard,-106.199997,49.200001,14.4,Wood Mountain,4,2,3,1
18799,Zygolophodon Quarry,-106.199997,49.200001,14.4,Wood Mountain,7,6,6,1
18800,Aelurodon Locality,-108.199997,43.200001,14.186499999999999,,1,0,0,1
18801,Ambrose Creek (Lower),-114.199997,45.900002,10.95,,2,0,2,0
18802,Ambrose Creek (Upper),-114.199997,45.900002,8.6,,1,1,1,0
18803,Anceney,-111.294724,45.926109,14.4,Madison Valley,43,32,31,7
18804,Antelope Hills,-112.0,45.200001,14.4,Sixmile Creek,3,0,3,0
18805,Barton Creek,-112.0,45.200001,12.850000000000001,"""Madison Valley Equivalent""",2,2,2,0
18806,Bartlett Mountain (General),-118.699997,42.700001,7.050000000000001,Drewsey,16,12,13,2
18807,Bartlett Mountain (UO 2517),-118.699997,42.700001,7.050000000000001,Drewsey,21,14,18,0
18808,Basque Cabin,-117.5,43.599998,14.4,,1,1,1,0
18809,Beatty Buttes,-118.699997,42.700001,14.4,,20,14,16,2
18810,Beaver Creek (Oregon),-120.5,44.200001,14.186499999999999,Mascall,1,0,1,0
18811,Belmont Park,-112.0,45.200001,19.700000000000003,Renova,10,5,10,0
18812,Bert Creek,-113.0,46.400002,14.186499999999999,,5,4,5,0
18813,Big Creek Park,-106.300003,40.700001,14.186499999999999,? Browns Park,1,1,1,0
18814,Birch Creek (Mascall Formation),-120.199997,44.900002,14.186499999999999,Mascall,7,4,7,0
18815,Black Butte (UO 2326),-117.5,43.599998,10.95,Juntura,1,1,1,0
18816,Black Butte (UO 2332),-117.5,43.599998,10.95,Juntura,5,5,4,1
18817,Black Butte (UO 2333),-117.5,43.599998,10.95,Juntura,1,0,1,0
18818,Black Butte (UO 2334),-117.5,43.599998,10.95,Juntura,3,2,2,1
18819,Black Butte (UO 2335),-117.5,43.599998,10.95,Juntura,1,1,0,1
18820,Black Butte (UO 2337),-117.5,43.599998,10.95,Juntura,12,9,8,1
18821,Black Butte (UO 2338),-117.5,43.599998,10.95,Juntura,2,2,2,0
18822,Black Butte (UO 2340),-117.5,43.599998,10.95,Juntura,5,5,5,0
18823,Black Butte (UO 2341),-117.5,43.599998,10.95,Juntura,3,3,3,0
18824,Black Butte (UO 2343),-117.5,43.599998,10.95,Juntura,4,2,2,2
18825,Black Butte (UO 2344),-117.5,43.599998,10.95,Juntura,4,3,1,3
18826,Black Butte (UO 2348),-117.5,43.599998,10.95,Juntura,3,1,2,1
18827,Black Butte (UO 2349),-117.5,43.599998,10.95,Juntura,1,1,1,0
18828,Black Butte (UO 2352),-117.5,43.599998,10.95,Juntura,1,1,1,0
18829,Black Butte (UO 2353),-117.5,43.599998,10.95,Juntura,1,0,1,0
18830,Black Butte (UO 2448),-117.5,43.599998,10.95,Juntura,5,5,5,0
18831,Black Butte (UO 2500),-117.5,43.599998,10.95,Juntura,20,16,12,2
18832,Blair Junction,-117.5,38.0,14.186499999999999,,2,1,1,1
18833,Boardman,-119.71611,45.84,7.050000000000001,,13,5,8,5
18834,Bowden Hills,-117.5,43.599998,14.4,,2,2,0,0
18835,Brady Pocket,-118.5,39.5,10.95,Truckee,16,10,11,5
18836,Camp Creek (LACM 1286),-115.5,41.0,14.186499999999999,Raine Ranch,3,2,3,0
18837,Camp Creek (LACM 1535),-115.5,41.0,14.186499999999999,Raine Ranch,7,2,5,2
18838,Camp Creek (LACM 1537),-115.5,41.0,14.186499999999999,Raine Ranch,3,1,3,0
18839,Camp Creek (UCMP V-4951),-120.5,44.200001,14.4,Mascall,3,2,3,0
18840,Carlin,-116.099998,40.700001,14.186499999999999,,1,1,1,0
18841,Carlin High Quarry,-115.5,41.0,14.186499999999999,? Hay Ranch,2,2,1,1
18842,"W. A. Carson ranch house, Crooked River",-120.5,44.200001,14.186499999999999,,2,1,2,0
18843,CC-4,-110.5,45.799999,13.805,Hepburn's Mesa,6,2,5,0
18844,C.C.C. Camp No. 1685,-115.5,41.0,14.186499999999999,,2,1,2,0
18845,Cedar Mountain,-117.900002,38.25,10.95,Esmeralda,30,18,21,8
18846,Cedar Springs Draw,-108.099998,40.599998,8.4815,Browns Park,7,5,6,1
18847,Chalk Cliffs North,-110.5,45.799999,14.186499999999999,Hepburn's Mesa,4,0,4,0
18848,Chalk Cliffs South,-110.5,45.799999,14.4,Hepburn's Mesa,21,12,20,0
18849,Christmas Valley,-119.5,42.200001,7.050000000000001,,3,3,2,0
18850,Churchill Butte,-119.199997,39.0,7.050000000000001,"""Coal Valley""",10,2,8,2
18851,Churchill Narrows,-119.199997,39.0,14.186499999999999,"""Coal Valley""",2,0,2,0
18852,Churchill Valley (LACM 6278),-119.199997,39.0,14.186499999999999,"""Coal Valley""",4,2,3,1
18853,Churchill Valley (LACM 6279),-119.199997,39.0,14.186499999999999,"""Coal Valley""",3,2,3,0
18854,Churchill Valley (LACM 6280),-119.199997,39.0,14.186499999999999,"""Coal Valley""",2,1,2,0
18855,Churchill Valley (LACM 6281),-119.199997,39.0,14.186499999999999,"""Coal Valley""",1,1,1,0
18856,Churchill Valley (LACM 6282),-119.199997,39.0,14.186499999999999,"""Coal Valley""",2,2,2,0
18857,Coal Valley (UCMP V-3939),-118.300003,38.5,14.186499999999999,Coal Valley,4,2,4,0
18858,Coal Valley (UCMP V-4705),-118.300003,38.5,14.186499999999999,Coal Valley,4,3,4,0
18859,Coal Valley (UCMP V-4706),-118.300003,38.5,14.186499999999999,Coal Valley,2,1,2,0
18860,Coal Valley (UCMP V-4707),-118.300003,38.5,14.186499999999999,Coal Valley,1,1,1,0
18861,Coal Valley (UCMP V-4808),-118.300003,38.5,14.186499999999999,Coal Valley,4,1,3,1
18862,Coal Valley (UCMP V-4836),-118.300003,38.5,14.186499999999999,Coal Valley,3,0,3,0
18863,Coal Valley (UCMP V-5113),-118.300003,38.5,14.186499999999999,Coal Valley,2,1,2,0
18864,Confusion,-120.199997,44.900002,15.5,Mascall,4,4,2,2
18865,Corral Buttes (CIT 417),-118.699997,42.700001,14.186499999999999,,6,5,6,0
18866,Cottonwood Creek Valley,-116.099998,40.700001,15.5,Carlin,2,2,2,0
18867,Cross Mountain,-108.099998,40.599998,14.186499999999999,Browns Park,2,2,2,0
18868,Cunningham Hill,-110.800003,43.900002,14.4,Colter,18,11,16,0
18869,Deer Lodge County Gravel Pit,-113.0,46.0,14.186499999999999,,3,0,3,0
18870,Dempsey Creek Gravel Pit,-112.800003,46.400002,7.050000000000001,,4,3,4,0
18871,Derby Peak,-107.599998,39.700001,12.850000000000001,,6,2,6,0
18872,Devil's Gate (UCMP V-77154),-107.099998,43.200001,17.4,Arikaree,2,1,2,0
18873,Devil's Gate (UCMP V-77155),-107.099998,43.200001,17.4,Arikaree,7,5,6,1
18874,Douglas Mountain,-108.099998,40.599998,14.186499999999999,Browns Park,3,2,3,0
18875,Drinkwater,-118.699997,42.700001,7.050000000000001,Drewsey,3,1,2,1
18876,Eagle-Picher Mine Site,-119.5,39.700001,14.186499999999999,Desert Peak,2,0,2,0
18877,East Exposures,-115.5,41.0,14.186499999999999,,1,0,1,0
188779,Sand Below Ashfall Lagerstatte,-98.0,42.299999,10.95,Ash Hollow,45,39,31,8
18878,East of Green Knoll,-115.5,41.0,14.186499999999999,,1,1,1,0
18879,East of High Point,-115.5,41.0,14.186499999999999,,1,0,1,0
18880,East of Scobey,-105.0,48.799999,7.050000000000001,Flaxville Gravels,1,1,1,0
18881,East of Whitehall,-112.0,46.0,14.186499999999999,Sixmile Creek,1,0,1,0
18882,East Pilgrim 5,-110.800003,43.900002,17.4,Colter,3,2,3,0
18884,Elephant Mountain Type Locality,-120.400002,46.5,10.95,Ellensburg,4,0,4,0
18885,Elko-Wells,-115.5,41.0,14.186499999999999,Humboldt,1,1,1,0
18886,Etna Reservoir,-112.900002,41.5,10.656500000000001,Salt Lake,1,1,1,0
18887,Fighting Butte,-104.400002,45.799999,13.805,Arikaree,1,1,1,0
18888,Fish Lake Valley,-118.031944,37.956669,10.95,Esmeralda,29,25,20,4
18889,Flaxville Gravels (Loc. DF6-1a),-106.599998,48.400002,7.105,Flaxville Gravels,5,0,5,0
18890,Flaxville Gravels (Loc. DF6-2a),-106.599998,48.400002,7.105,Flaxville Gravels,1,0,1,0
18891,Flaxville Gravels (Loc. DF6-3),-105.5,48.799999,7.105,Flaxville Gravels,1,0,1,0
18892,Flaxville Gravels (Loc. GF6-2),-105.5,48.799999,8.4815,Flaxville Gravels,1,0,1,0
18893,Flaxville Gravels (Loc. SM-1),-105.400002,46.900002,7.105,Flaxville Gravels,1,0,1,0
18894,Flint Creek Beds,-113.199997,46.400002,14.4,,22,15,18,3
188943,Red Rock Canyon,-117.992226,35.37278,10.95,Dove Spring,1,1,0,1
188945,Red Rock Canyon (LACM 3580),-117.992226,35.37278,7.050000000000001,,1,1,0,1
188947,Red Rock Canyon (general),-117.992226,35.37278,10.95,Dove Spring,1,1,0,1
18895,Fossil Hill,-115.5,41.0,14.186499999999999,,5,2,3,2
18896,Frank Ranch,-112.0,45.200001,14.186499999999999,Sixmile Creek,2,1,2,0
188963,Agate (Oxydactylus campestris type locality),-103.79361,42.439445,20.8,Harrison,1,1,1,0
18897,Gardiner,-110.5,45.799999,14.4,Hepburn’s Mesa,1,1,1,0
18898,Gateway,-121.199997,44.700001,14.186499999999999,Mascall,6,2,5,1
18899,Gilmore,-113.599998,45.0,14.186499999999999,,1,1,1,0
18900,Golgotha Watermill Pothole Quarry,-114.300003,37.799999,7.050000000000001,Panaca,12,11,6,6
189002,East of Hyde Post-office,-111.519722,45.729168,14.4,,2,2,2,0
18901,Goose Creek,-113.800003,42.5,14.186499999999999,Idavada Volcanics,1,0,1,0
18902,Granby,-106.099998,40.200001,14.186499999999999,Troublesome,5,2,4,1
189022,Ricardo Ampitheater,-117.992226,35.373055,10.95,Dove Spring,2,2,1,1
18903,Granger Clay Pit,-120.400002,46.5,14.186499999999999,Ellensburg,8,2,6,1
18904,Granite Mountains (UCMP V-77152),-107.099998,43.200001,10.95,Ogallala,1,0,1,0
18905,Granite Mountains (UCMP V-77153),-107.099998,43.200001,10.95,Ogallala,2,0,2,0
18906,Granite Mountains (UCMP V-77156),-108.199997,43.200001,17.4,Arikaree,3,0,3,0
18907,Granite Mountains (UCMP V-77157),-108.199997,43.200001,17.4,Arikaree,4,1,3,0
18908,Granite Mountains (UCMP V-77158),-108.199997,43.200001,17.4,Arikaree,8,2,5,2
18909,Granite Mountains (UCMP V-77159),-107.099998,43.200001,17.4,Arikaree,1,0,1,0
18910,Granite Mountains (UCMP V-77160),-107.099998,43.200001,17.4,Arikaree,6,1,5,1
18911,Granite Mountains (UCMP V-77161),-107.099998,43.200001,17.4,Arikaree,1,0,0,0
18912,Green Knoll,-115.5,41.0,14.186499999999999,,1,0,1,0
18913,Grouse Creek (Rabbit Horizon),-112.900002,41.5,10.95,Salt Lake,3,3,3,0
18914,Grouse Creek (Ungulate Horizon),-112.900002,41.5,10.95,Salt Lake,1,0,1,0
18915,Grouse Creek Valley,-112.900002,41.5,15.5,Salt Lake,6,4,6,0
18916,Guano Lake,-119.5,42.200001,14.186499999999999,,1,1,0,0
18917,Guano Ranch,-119.5,42.200001,14.186499999999999,,4,4,0,0
18918,Hazen,-118.5,39.5,14.186499999999999,Truckee,2,0,1,1
18919,Hepburn Ranch,-110.5,45.799999,14.186499999999999,Hepburn's Mesa,3,2,3,0
18920,High Point,-115.5,41.0,14.186499999999999,,2,0,2,0
18921,High Ridge,-119.199997,39.0,7.050000000000001,,3,2,3,0
18922,High Rock Canyon,-117.800003,41.099998,14.186499999999999,,18,12,15,3
18923,Highway,-119.300003,44.5,14.186499999999999,Mascall,1,1,1,0
18924,Home Station Wash,-118.099998,40.400002,14.4,,3,3,2,1
18925,Horse Camp Springs,-114.099998,39.0,14.186499999999999,,1,1,1,0
18926,Hot Creek,-118.0,43.0,7.050000000000001,Chalk Hills,5,1,5,0
18928,IMNH 890,-116.699997,46.0,17.4,Imnaha Basalt,1,1,0,0
18930,Ironside,-117.5,43.599998,14.186499999999999,,3,1,3,0
18931,Johnson Gulch Quarry,-113.0,46.0,14.186499999999999,,6,5,6,0
18932,Jordan Narrows,-111.699997,40.799999,10.95,,1,1,1,0
18933,Juanita Springs,-113.400002,34.700001,7.050000000000001,Muddy Creek,5,5,3,2
18934,Junction,-106.099998,40.200001,14.186499999999999,Troublesome,2,2,1,0
18935,Juniper Creek (UO 2451),-117.5,43.599998,7.050000000000001,,12,9,9,3
18936,Juniper Creek (UO 2469),-117.5,43.599998,7.050000000000001,,12,10,8,4
18937,Kawsoh Mountain,-118.5,39.5,14.186499999999999,Truckee,1,0,1,0
18938,Kelly Road,-110.800003,43.900002,14.186499999999999,Teewinot,4,3,3,0
18939,Krebs Ranch 1,-120.199722,45.716946,7.050000000000001,Alkali Canyon,12,8,10,1
18940,Krebs Ranch 2,-120.199722,45.716946,7.050000000000001,Alkali Canyon,17,8,15,1
18941,Lettuce Patch,-106.099998,40.200001,14.186499999999999,Troublesome,3,3,2,0
18942,Little Valley (Idaho),-118.0,43.0,14.186499999999999,Chalk Hills,2,0,2,0
18943,Little Valley (UO 2380),-117.5,43.599998,7.050000000000001,Chalk Butte,6,5,4,1
18944,Little Valley (UO 2516),-117.5,43.599998,7.050000000000001,Chalk Butte,16,13,11,2
18945,Lone Butte,-104.400002,45.799999,14.186499999999999,,1,1,1,0
18946,Lone Mountain,-115.5,41.0,14.186499999999999,"Raine Ranch ""equivalent""",2,2,2,0
18947,Love's 13VD,-107.099998,43.200001,10.95,Ogallala,1,0,1,0
18948,Love's 22V,-107.099998,43.200001,17.4,Arikaree,3,3,2,1
18949,Love's 23V,-107.099998,43.200001,17.4,Arikaree,1,1,1,0
18950,MacKay Ranch (UCMP V-4941),-119.300003,44.5,14.186499999999999,Mascall,1,1,1,0
18951,MacKay Ranch (UCMP V-4942),-119.300003,44.5,14.186499999999999,Mascall,3,2,3,0
18952,MacKay Ranch (UCMP V-4943),-119.300003,44.5,14.186499999999999,Mascall,1,0,1,0
18953,Mascall Type Locality,-119.300003,44.5,14.186499999999999,Mascall,7,7,7,0
18954,Mascall (UCMP 895),-119.300003,44.5,14.186499999999999,Mascall,1,0,1,0
18955,Mascall (UCMP 896),-119.300003,44.5,14.186499999999999,Mascall,3,1,3,0
18957,Mascall (UCMP V-4823),-119.300003,44.5,14.186499999999999,Mascall,4,2,4,0
18958,Mascall (UCMP V-4824),-119.300003,44.5,14.186499999999999,Mascall,2,2,1,1
18959,Mascall (UCMP V-4945),-119.300003,44.5,14.186499999999999,Mascall,2,1,2,0
18960,Massacre Lake RV-6160,-119.699997,41.700001,17.4,,5,5,5,0
18961,Massacre Lake RV-6161,-119.699997,41.700001,17.4,,16,12,14,2
18962,Massacre Lake RV-7043,-119.699997,41.700001,17.4,,31,25,24,5
18963,Massacre Lake RV-7316,-119.699997,41.700001,17.4,,2,2,2,0
18964,Massacre Lake RV-7317,-119.699997,41.700001,17.4,,5,4,5,0
18965,Massacre Lake RV-7318,-119.699997,41.700001,17.4,,2,2,2,0
18966,Mayflower Mine,-112.0,45.200001,14.186499999999999,Sixmile Creek,8,2,7,1
18967,McDonald (UCMP V-4828),-120.199997,44.900002,14.186499999999999,Mascall,2,2,2,0
18968,McDonald (UCMP V-4946),-120.199997,44.900002,14.186499999999999,Mascall,1,0,1,0
18969,McKanna Spring,-112.0,46.0,14.186499999999999,Sixmile Creek,8,7,7,1
18970,McKay Reservoir,-118.800003,45.5,7.050000000000001,McKay,46,38,33,8
18971,McKnight Ranch,-115.5,41.0,12.850000000000001,,4,0,3,1
18972,Mesquite,-115.199997,35.700001,7.050000000000001,Muddy Creek,2,2,2,0
18973,Mickey Wash Site 1,-119.199997,39.0,7.050000000000001,,4,2,4,0
18974,Mickey Wash Site 2,-119.199997,39.0,7.050000000000001,,3,2,2,1
18975,Mickey Wash Site 4,-119.199997,39.0,7.050000000000001,,5,2,3,2
18976,Middle Park (USGS D522),-106.099998,40.200001,13.805,Troublesome,1,1,1,0
18977,Middle Park (USGS D526),-106.099998,40.200001,13.805,Troublesome,1,1,1,0
18978,Middle Park (Middle),-106.099998,40.200001,19.509999999999998,Troublesome,7,6,4,0
189788,La Hacienda ,-104.082222,20.14889,7.050000000000001,,18,18,14,4
18979,Middle Park (Upper),-106.099998,40.200001,13.805,Troublesome,10,5,10,0
189790,Santa Maria,-104.060837,20.123333,7.050000000000001,,22,21,16,6
18980,Mollie Gulch,-113.599998,45.0,14.186499999999999,,10,8,9,1
18981,Monarch Mill (Lower),-118.5,39.5,14.186499999999999,Monarch Mill,1,1,1,0
18982,Monarch Mill (Upper),-118.5,39.5,14.186499999999999,Monarch Mill,5,2,4,1
18983,Mount Lewis,-116.900002,39.900002,14.186499999999999,Humboldt,2,0,2,0
18984,Mount Wilson,-119.199997,39.0,7.050000000000001,,2,1,2,0
18985,Muddy Valley,-114.300003,37.799999,7.050000000000001,Muddy Creek,1,0,1,0
18986,Near Craig,-108.099998,40.599998,10.95,Browns Park,1,1,0,1
18987,Nightingale Road,-118.5,39.5,10.95,Truckee,5,2,2,3
18988,North Carlin,-115.5,41.0,14.186499999999999,Humboldt,1,1,1,0
18989,Northeast of Battle Mountain,-115.5,41.0,14.186499999999999,,2,2,2,0
18990,North Pilgrim 2,-110.800003,43.900002,14.4,Colter,13,10,12,0
18991,Northwest of Elko Airport,-115.5,41.0,17.4,,2,2,2,0
18992,Notch Butte,-118.0,43.0,14.186499999999999,,4,1,4,0
18993,Old Schneider Ranch (UCMP V-4830),-119.300003,44.5,14.186499999999999,Mascall,4,3,3,1
18994,Old Schneider Ranch (UCMP V-4831),-119.300003,44.5,14.186499999999999,Mascall,3,3,3,0
18995,Old Schneider Ranch (UCMP V-4832),-119.300003,44.5,14.186499999999999,Mascall,3,2,3,0
18996,Old Stiener Ranch,-116.900002,39.900002,7.050000000000001,,1,1,1,0
18997,Old Wagonroad,-112.0,45.200001,14.186499999999999,Sixmile Creek,3,1,3,0
18998,Old Windmill,-112.0,45.200001,10.95,Sixmile Creek,3,0,3,0
18999,Otis Basin,-118.699997,42.700001,7.050000000000001,Drewsey,12,7,11,0
19000,Owl Gully,-110.5,45.799999,14.186499999999999,Hepburn's Mesa,14,9,14,0
19001,Oxbow Basin,-117.5,43.599998,14.186499999999999,,1,1,1,0
19002,Parrot Bench (MV 6101),-112.0,45.200001,14.186499999999999,Sixmile Creek,2,1,2,0
19003,Parrot Bench (MV 6206),-112.0,45.200001,7.050000000000001,Sixmile Creek,1,1,1,0
19004,Parrot Bench (MV 6228),-112.0,45.200001,14.186499999999999,Sixmile Creek,1,0,1,0
19005,Parrot Bench (MV 6227),-112.0,45.200001,14.186499999999999,Sixmile Creek,1,0,1,0
19006,Paulina Creek,-120.5,44.200001,14.4,,2,2,2,0
19007,Peterson Ridge,-106.300003,40.700001,14.186499999999999,North Park,1,0,1,0
19008,Piney River,-106.599998,39.799999,14.186499999999999,North Park,5,3,3,2
19009,Prison Farm Gravel Pit,-112.800003,46.400002,8.4815,,1,1,0,1
19010,Quartz Basin (UO 2453),-117.5,43.599998,14.4,Deer Butte,2,1,2,0
19011,Quartz Basin (UO 2465),-117.5,43.599998,14.4,Deer Butte,27,19,15,5
19012,Rabbitt Creek,-111.0,46.5,14.186499999999999,Deep River,5,2,4,1
19013,Railroad Canyon,-113.599998,45.0,14.4,Railroad Canyon Beds,21,9,18,2
19014,Raine Ranch Formation (UCMP V-5433),-115.5,41.0,14.4,Raine Ranch,1,1,0,1
19015,Rattlesnake,-119.300003,44.5,7.050000000000001,Rattlesnake,33,23,23,9
19016,Rattlesnake Hills,-108.199997,43.200001,17.4,Split Rock,1,1,0,1
19017,Red Basin (UO 2495),-117.5,43.599998,14.4,Butte Creek,32,28,18,4
19018,Red Basin (UO 2496),-117.5,43.599998,14.4,Butte Creek,2,2,2,0
19019,Red Basin (UO 2497),-117.5,43.599998,14.4, Volcanic Sandstone,11,9,10,1
19020,Red Basin (UO 2498),-117.5,43.599998,14.4,Butte Creek,2,2,2,0
19021,Red Mountain,-116.099998,40.700001,14.186499999999999,,1,1,1,0
19022,Reese River Crossing,-116.900002,39.900002,14.186499999999999,Humboldt,1,0,1,0
19023,Reynolds Creek,-118.0,43.0,10.95,Poison Creek,3,2,1,2
19024,River Road local fauna,-119.099998,46.299999,7.050000000000001,Ringold,2,1,2,0
19025,Riverside (UCMP V-4833),-119.300003,44.5,14.186499999999999,Mascall,5,4,5,0
19026,Riverside (UCMP V-4944),-119.300003,44.5,14.186499999999999,Mascall,1,0,1,0
19027,Riverside (UCMP V-4834),-119.300003,44.5,14.4,Mascall,11,5,10,1
19028,Riverside (UCMP V-4835),-119.300003,44.5,14.186499999999999,Mascall,7,4,6,1
19029,Riverside (UO 2489),-117.5,43.599998,10.95,,1,1,0,0
19030,Road Cut,-115.5,41.0,14.186499999999999,,2,1,2,0
19031,Rock Creek (Mascall),-119.667778,44.516945,14.4,Mascall,15,9,12,2
19032,Rockland,-112.900002,42.799999,14.186499999999999,Starlight,3,0,3,0
19033,Rockland (IMNH 67004),-112.900002,42.799999,14.186499999999999,Starlight,1,1,0,0
19034,Rockland Valley Gravel Quarry,-112.900002,42.799999,7.050000000000001,Starlight,9,5,8,1
19035,Roglove,-115.5,41.0,10.95,,10,8,8,2
19036,Rome,-117.5,43.599998,10.95,,25,17,15,7
19037,Rose Creek Member,-119.300003,44.5,20.8,John Day,12,8,9,3
19038,Ruby River Basin No.5,-112.0,45.200001,14.186499999999999,"""Madison Valley Equivalent""",5,4,4,1
19039,Ruby River Basin No.6,-112.0,45.200001,15.5,"""Madison Valley Equivalent""",2,0,2,0
19040,Sand Hill,-115.5,41.0,14.186499999999999,,6,3,6,0
19041,Sands,-118.0,43.0,10.95,Poison Creek,2,0,2,0
19042,Sant Ranch,-112.0,45.200001,14.186499999999999,Sixmile Creek,1,1,1,0
19043,Saratoga Valley (Lewis),-107.0,41.799999,8.4815,North Park,2,1,2,0
19044,Saratoga Valley (Montagne & Barnes),-107.0,41.799999,8.4815,North Park,5,3,5,0
19045,Saratoga Valley (McGrew),-107.0,41.799999,8.4815,North Park,5,2,5,0
19046,Roy Saunders Locality,-110.800003,43.900002,17.4,Colter,2,2,2,0
19047,Shield Mountain,-106.900002,40.099998,14.186499999999999,North Park,2,0,2,0
19048,Silver Springs (LACM 1179),-118.849998,39.25,14.186499999999999,Truckee,2,1,2,0
19049,Silver Springs (LACM 6270),-118.849998,39.25,14.186499999999999,Truckee,1,1,1,0
19050,Silver Springs (LACM 6272),-118.849998,39.25,14.186499999999999,Truckee,3,1,3,0
19051,Silver Springs (LACM 6273),-118.849998,39.25,14.186499999999999,Truckee,1,1,1,0
19052,Silver Springs (LACM 6274),-118.849998,39.25,14.186499999999999,Truckee,2,2,2,0
19053,Silver Springs (LACM 6275),-118.849998,39.25,14.186499999999999,Truckee,2,2,2,0
19054,Silver Springs (LACM 6276),-118.849998,39.25,7.050000000000001,Truckee,8,4,7,1
190543,Niobrara River (coll. Hayden 1857),-102.5,42.700001,12.850000000000001,Loup Fork,12,10,6,6
19055,Silver Springs (LACM 6277),-118.849998,39.25,14.186499999999999,Truckee,2,1,2,0
19056,Skull Spring,-117.5,43.599998,14.4,Butte Creek,25,19,17,8
19057,Smiths Valley (CIT 174),-119.199997,39.0,7.050000000000001,Coal Valley,8,6,7,1
19058,Smiths Valley (CIT 175),-119.199997,39.0,7.050000000000001,,2,1,1,1
19059,Smiths Valley (CIT 177),-119.199997,39.0,7.050000000000001,,3,2,3,0
19060,Smiths Valley (UCMP V-4715),-119.199997,39.0,7.050000000000001,,2,2,1,1
19061,Snyder Ranch,-119.5,42.200001,14.4,,1,1,0,0
19062,Southeast of Cook Ranch,-112.800003,45.0,14.186499999999999,,1,1,1,0
19063,South Fork (UCMP V-4949),-120.5,44.200001,14.186499999999999,Mascall,7,3,7,0
19064,South Fork (UCMP V-4950),-120.5,44.200001,14.186499999999999,Mascall,2,0,2,0
19065,South Pine Valley,-116.099998,40.700001,14.186499999999999,Humboldt,1,1,1,0
19066,South Reese River,-116.900002,39.900002,14.186499999999999,Humboldt,3,0,2,1
19067,South Side of Sand Hollow Gulch,-112.800003,46.400002,14.186499999999999,,5,3,5,0
19068,Southwest of Whitehall (MV 6206),-112.0,46.0,14.186499999999999,Sixmile Creek,2,1,2,0
19069,Southwest of Whitehall (MV 6209),-112.0,46.0,14.186499999999999,Sixmile Creek,1,1,1,0
19070,Southwest of Whitehall (MV 6225),-112.0,46.0,14.186499999999999,Sixmile Creek,1,0,1,0
19071,Southwest of Whitehall (MV 6305),-112.0,46.0,14.186499999999999,Sixmile Creek,1,0,1,0
19072,Southwest of Whitehall (MV 6306),-112.0,46.0,14.186499999999999,Sixmile Creek,1,0,1,0
19073,Split Rock (UCMP V-69190),-108.199997,43.200001,17.4,Arikaree,33,23,26,5
19074,Split Rock (UCMP V-69191),-108.199997,43.200001,17.4,Arikaree,33,23,21,7
19075,Split Rock (UCMP V-69192),-108.199997,43.200001,17.4,Arikaree,32,23,20,7
19076,Split Rock (UCMP V-77144),-107.099998,43.200001,17.4,Arikaree,19,14,13,2
19077,Split Rock (UCMP V-77145),-107.099998,43.200001,17.4,Arikaree,12,8,8,1
19078,Split Rock (UCMP V-77146),-108.199997,43.200001,17.4,Arikaree,16,11,13,1
19079,Split Rock (UCMP V-77147),-108.199997,43.200001,17.4,Arikaree,12,9,8,2
19080,Split Rock (UCMP V-77148),-108.199997,43.200001,17.4,Arikaree,5,4,4,1
19081,Split Rock (UCMP V-77149),-108.199997,43.200001,17.4,Arikaree,17,11,13,2
19082,Split Rock (UCMP V-77150),-107.099998,43.200001,17.4,Arikaree,3,1,3,0
19083,Split Rock (UCMP V-77151),-107.099998,43.200001,17.4,Arikaree,5,3,4,1
19084,Spring Creek 1 (Level 2),-111.0,46.5,15.5,Deep River,6,3,5,0
19085,Star Valley (IMNH 67001),-116.966667,42.016666,7.050000000000001,,18,9,13,5
19086,Star Valley (IMNH 69004),-118.0,43.0,14.186499999999999,,2,0,2,0
19087,Star Valley (USGS M1062),-118.0,43.0,14.186499999999999,,7,3,5,2
19088,Stewart Spring,-117.900002,38.25,14.4,Esmeralda,35,22,24,7
19089,Stinking Water Creek,-118.699997,42.700001,14.186499999999999,,2,2,1,1
19090,Stroud Claim,-114.900002,43.0,7.050000000000001,Hole-in-the-wall Diatomite,2,2,2,0
19091,Substation Locality,-106.099998,40.200001,14.186499999999999,Troublesome,1,1,0,1
19092,Sucker Creek,-117.5,43.599998,14.4,Sucker Creek,22,13,19,3
19093,The Dalles Basin,-121.300003,44.900002,10.95,The Dalles,1,1,0,1
19094,The Dalles Beds,-121.300003,44.900002,14.186499999999999,,1,0,1,0
19095,Thousand Creek Formation,-117.800003,41.099998,7.050000000000001,Thousand Creek,30,24,22,7
19096,Three Mile Creek,-114.199997,45.900002,8.6,,1,0,1,0
19097,Tonopah,-117.300003,38.099998,14.4,,20,18,11,8
19098,Triolite Mine,-115.5,41.0,14.186499999999999,Humboldt,1,0,1,0
19099,Two Ocean Lake,-110.800003,43.900002,14.4,Colter,1,1,1,0
19100,Upper High Point,-115.5,41.0,14.186499999999999,,5,0,4,1
19101,Upper Petrified Canyon,-119.199997,39.0,7.050000000000001,,3,2,2,1
19102,Verdi,-119.699997,41.700001,14.186499999999999,Truckee,1,1,1,0
19103,Virgin Valley,-117.800003,41.099998,14.4,Virgin Valley,24,21,21,3
19104,Warrior-Douglas,-117.300003,38.099998,14.186499999999999,Esmeralda,3,0,2,1
19105,Washoe (UCMP V-95002),-119.5,38.799999,7.050000000000001,,4,0,3,1
19106,Washoe (UCMP V-95003),-119.5,38.799999,7.050000000000001,,1,0,1,0
19107,Washoe (UCMP V-95004),-119.5,38.799999,7.050000000000001,,4,2,4,0
19108,Washoe (UCMP V-95005),-119.5,38.799999,7.050000000000001,,3,1,3,0
19109,Washoe (UCMP V-95006),-119.5,38.799999,7.050000000000001,,2,2,2,0
19115,Werner Homestead,-117.599998,44.799999,10.656500000000001,,1,1,1,0
19116,Westend Blowout,-119.28833,45.840557,7.050000000000001,Alkali Canyon,24,15,17,6
19117,West of the Rock Creek Bridge,-120.199997,44.900002,14.186499999999999,,2,0,2,0
19118,West of Whitehall (MV 6208),-112.0,46.0,14.186499999999999,Sixmile Creek,1,0,1,0
19119,West of Whitehall (MV 6210),-112.0,46.0,14.186499999999999,Sixmile Creek,1,0,1,0
19120,White Cliff,-110.5,45.799999,14.4,,1,1,1,0
19121,Whitetail,-105.0,48.799999,7.050000000000001,Flaxville Gravels,1,1,1,0
19122,Wildcat Creek,-117.5,43.599998,14.4,,1,0,1,0
19123,Willoughby Creek (Buff Silts),-114.199997,45.900002,8.6,,1,0,1,0
19124,Willoughby Creek (Gray Sands),-114.199997,45.900002,8.6,,1,1,1,0
19125,Willow Canyon,-118.300003,38.5,14.186499999999999,,1,1,1,0
19126,Willow Creek,-114.199997,45.900002,8.6,,1,1,1,0
19127,Woodruff Creek Canyon,-115.5,41.0,14.186499999999999,Raine Ranch,1,1,1,0
19129,Yerington,-118.300003,38.5,14.186499999999999,,8,5,7,1
19130,Abiquiu Formation Type Section,-107.0,36.5,14.186499999999999,,2,1,2,0
19131,"UCMP V-3617, Alder Spring",-121.459999,37.615002,14.186499999999999,Neroly,1,0,1,0
19132,Alvord Mountain (USGS D300),-117.0,34.799999,14.4,Barstow,1,1,1,0
19133,Alvord Mountain (USGS D301),-117.0,34.799999,14.4,Barstow,4,4,3,1
19134,Alvord Mountain (USGS D319),-117.0,34.799999,14.4,Barstow,1,1,1,0
19135,Alvord Mountain (Below USGS D319),-117.0,34.799999,14.4,Barstow,1,1,1,0
19136,Alvord Mountain (USGS D320),-117.0,34.799999,14.4,Barstow,2,1,2,0
19137,Alvord Mountain (USGS D321),-117.0,34.799999,14.4,Barstow,2,2,2,0
19138,Alvord Mountain (RV-6621),-117.0,34.799999,14.4,Barstow,2,2,2,0
19139,Alvord Powerline,-117.0,34.799999,17.4,Barstow,6,5,6,0
19140,Anderson Mine,-112.5,34.5,14.186499999999999,,2,1,2,0
19141,Argonaut,-117.0,34.799999,14.4,Barstow,11,7,11,0
19142,"UCMP V-3614, Arroyo Cayetano",-121.785004,37.779999,7.105,,1,0,1,0
19143,Arroyo Chamiso Prospect,-107.0,35.700001,17.4,"""Santa Fe""",1,1,1,0
19144,"""A"" Sites",-120.0,35.099998,14.186499999999999,Caliente,8,4,7,0
19145,Avawatz Mountains,-117.0,34.799999,10.95,Avawatz,20,15,16,3
19146,"UCMP 1082a, Bald Peak Site 1",-122.230003,37.887001,14.186499999999999,Siesta,3,1,3,0
19147,"UCMP V-2402, Bald Peak Site 2",-122.220001,37.884998,14.186499999999999,Siesta,1,1,1,0
19148,Ballinger Canyon 1,-119.0,34.299999,14.186499999999999,Caliente,1,1,1,0
19149,Ballinger Canyon 2,-119.0,34.299999,14.186499999999999,Caliente,1,1,1,0
19150,Ballinger Canyon 4,-119.0,34.299999,14.186499999999999,Caliente,1,0,1,0
19152,Barstow (CIT 288),-116.199997,34.476665,14.4,Barstow,1,1,1,0
19153,Barstow (Locality WS Bar 4),-117.0,34.799999,14.4,Barstow,4,3,4,0
19154,Barstow (Locality WS Bar 5),-117.0,34.799999,14.4,Barstow,2,1,2,0
19155,Barstow (Locality WS Bar 6),-117.0,34.799999,14.4,Barstow,2,1,2,0
19156,Barstow (RV-4701),-117.0,34.799999,14.4,Barstow,1,1,1,0
19157,Barstow (UCMP 1307),-117.0,34.799999,14.4,Barstow,1,1,0,1
19158,Barstow (UCMP 1396),-117.0,34.799999,14.4,Barstow,1,0,1,0
19159,Barstow (UCMP 1398),-117.0,34.799999,14.4,Barstow,1,1,1,0
19160,Barstow (UCMP 1401),-117.0,34.799999,14.4,Barstow,2,1,2,0
19161,Barstow (UCMP 2056),-117.0,34.799999,14.4,Barstow,2,0,2,0
19162,Barstow (UCMP 2057),-117.0,34.799999,14.4,Barstow,4,4,4,0
19163,Barstow (UCMP 2058),-117.0,34.799999,14.4,Barstow,1,0,1,0
19164,Barstow (UCMP 2060),-117.0,34.799999,14.4,Barstow,1,0,1,0
19165,Barstow (UCMP V-3840,-117.0,34.799999,14.4,Barstow,1,1,1,0
19166,Barstow (UCMP V-3849,-117.0,34.799999,14.4,Barstow,1,1,1,0
19167,Barstow (UCMP V-6454),-117.0,34.799999,14.4,Barstow,2,1,2,0
19168,Barstow (UCMP V-65131),-117.0,34.799999,14.4,Barstow,2,2,2,0
19169,Barstow (UCMP V-65133),-117.0,34.799999,14.4,Barstow,4,3,3,0
19170,Barstow (UCMP V-65135),-117.0,34.799999,14.4,Barstow,1,1,1,0
19171,Barstow (UCMP V-65148),-117.0,34.799999,14.4,Barstow,1,1,1,0
19172,Barstow (UCMP V-65149),-117.0,34.799999,14.4,Barstow,3,3,2,0
19173,Barstow (UCMP V-6605),-117.0,34.799999,14.4,Barstow,7,5,6,0
19174,Barstow (UCMP V-66152),-117.0,34.799999,14.4,Barstow,3,2,3,0
19175,Barstow (UCMP V-66153),-117.0,34.799999,14.4,Barstow,1,0,1,0
19176,Barstow (UCR V-6401),-117.0,34.799999,14.4,Barstow,1,1,1,0
19177,Bear Sp. 1,-109.599998,33.0,14.186499999999999,,3,0,2,1
19178,Bear Sp. 2,-109.599998,33.0,14.186499999999999,,2,0,2,0
19179,Bear Sp. 3,-109.599998,33.0,14.186499999999999,,3,0,3,0
19180,Bellshire,-122.099998,37.900002,10.95,Orinda,1,0,1,0
19181,Big Cat Quarry,-119.0,34.299999,10.95,MR Caliente,13,10,9,1
19182,Big Horse Quarry,-119.0,34.299999,10.95,MR Caliente,5,4,5,0
19183,Big Pine Fault 2,-119.0,34.299999,10.95,MR Caliente,1,0,1,0
19184,Bird Canyon (UCMP V-6450),-117.0,34.799999,14.4,Barstow,2,2,2,0
19185,"UCMP V-3310, Black Hawk Ranch",-121.910004,37.814999,10.95,Green Valley,21,18,12,9
19186,Black Mountain (Chamita Formation),-107.0,36.5,7.050000000000001,Chamita,4,4,2,2
19187,Black Rascal Creek,-120.599998,37.299999,7.050000000000001,Mehrten,1,1,1,0
19188,Blick Quarry,-107.0,35.700001,17.4,Zia Sand,11,9,7,4
19189,"Blickomylus Hill, Jemez Creek drainage",-107.0,35.700001,17.4,Zia Sand,1,1,0,1
19190,"UCMP 1035, Bolinger Canyon Site 1",-122.029999,37.799999,10.95,Orinda,1,1,1,0
19191,"UCMP 1042, Bolinger Canyon Site 2",-122.029999,37.799999,14.186499999999999,,1,0,1,0
19192,"UCMP 299, Bolinger Canyon Site 3",-122.029999,37.799999,10.95,Orinda,1,0,1,0
19193,Bonanza (Barstow),-117.0,34.799999,14.4,Barstow,18,12,14,0
19194,Boron,-117.686584,35.052204,17.4,Kramer Beds,10,6,10,0
19195,Brachycrus Quarry,-119.0,34.299999,14.4,Caliente,1,1,1,0
19197,Cache Peak (LACM(CIT) 498),-118.283333,35.191666,15.5,Bopesta,10,4,8,2
191975,Escobar Hill,-79.636787,9.030115,17.4,Cucaracha,1,1,1,0
19198,Cache Peak (LACM(CIT) 499),-118.5,35.299999,15.5,Bopesta,3,1,3,0
191985,UO 2993,-119.712219,44.520279,14.4,Mascall,2,1,0,2
19199,Cache Peak (LACM(CIT) 500),-118.272827,35.191883,15.5,Bopesta,3,1,3,0
19200,Cache Peak (LACM(CIT) 501),-118.257973,35.186672,15.5,Bopesta,8,3,8,0
19201,Cache Peak (LACM(CIT) 502),-118.252495,35.186604,15.5,Bopesta,12,5,9,2
19202,Cache Peak (LACM(CIT) 517),-118.278221,35.188972,15.5,Bopesta,2,2,2,0
19203,Cache Peak (LACM 1546),-118.235962,35.182842,15.5,Bopesta,1,1,1,0
19204,Cache Peak (LACM 4894),-118.5,35.299999,15.5,Bopesta,5,1,5,0
19205,Cache Peak (LACM(CIT) 4900),-118.5,35.299999,15.5,Bopesta,3,1,3,0
19206,Cache Peak (P-3643),-118.5,35.299999,15.5,Bopesta,1,1,1,0
19207,Cache Peak (RV-8201),-118.5,35.299999,15.5,Bopesta,2,1,2,0
19208,Cache Peak (RV-8204),-118.5,35.299999,15.5,Bopesta,1,1,1,0
19209,Cache Peak (RV-8205),-118.5,35.299999,15.5,Bopesta,2,1,2,0
19210,Cache Peak (RV-8206),-118.5,35.299999,15.5,Bopesta,1,0,1,0
19211,Cache Peak (RV-8208),-118.5,35.299999,15.5,Bopesta,1,0,1,0
19212,Cache Peak (RV-8212),-118.5,35.299999,15.5,Bopesta,1,1,1,0
19213,Cache Peak (RV-8214),-118.5,35.299999,15.5,Bopesta,2,1,2,0
19214,Cache Peak (RV-8220),-118.239357,35.180214,15.5,Bopesta,3,1,3,0
19215,Cache Peak (RV-8224),-118.249878,35.18512,15.5,Bopesta,2,0,2,0
19216,Cache Peak (RV-8228),-118.255333,35.186172,15.5,Bopesta,1,1,1,0
19217,Cache Peak (RV-8229),-118.5,35.299999,15.5,Bopesta,3,1,3,0
19218,Cache Peak (RV-8230),-118.5,35.299999,15.5,Bopesta,2,2,2,0
19219,Cache Peak (RV-8232),-118.5,35.299999,15.5,Bopesta,1,1,1,0
19220,Cache Peak (RV-8234),-118.5,35.299999,15.5,Bopesta,1,0,1,0
19221,Cache Peak (RV-8235),-118.5,35.299999,15.5,Bopesta,1,1,1,0
19222,Cache Peak (RV-8241),-118.5,35.299999,15.5,Bopesta,1,0,1,0
19223,Cache Peak (RV-8242),-118.5,35.299999,15.5,Bopesta,1,1,1,0
19224,Cache Peak (RV-8244),-118.5,35.299999,15.5,Bopesta,2,1,2,0
19225,Cache Peak (RV-8247),-118.5,35.299999,15.5,Bopesta,1,0,1,0
19226,Cache Peak (RV-8248),-118.5,35.299999,15.5,Bopesta,1,1,1,0
19227,Cache Peak (RV-8249),-118.234459,35.182896,15.5,Bopesta,1,1,1,0
19228,Cache Peak (RV-8250),-118.5,35.299999,15.5,Bopesta,2,1,2,0
19229,Cache Peak (RV-8251),-118.5,35.299999,15.5,Bopesta,1,0,0,1
19230,Cache Peak (RV-8252),-118.5,35.299999,15.5,Bopesta,1,1,1,0
19231,Cache Peak (RV-8253),-118.5,35.299999,15.5,Bopesta,1,1,1,0
19232,Cache Peak (RV-8257),-118.5,35.299999,15.5,Bopesta,1,1,1,0
19233,Cady Mountains Horse Quarry,-117.0,34.799999,17.4,Hector,6,6,5,1
192332,Mint Canyon (CIT 102),-118.450211,34.463718,10.656500000000001,Mint Canyon,2,2,2,0
192333,Mint Canyon (CIT 99),-118.479919,34.470264,10.656500000000001,Mint Canyon,1,1,1,0
19234,Cajon Valley (LACM L.40),-117.0,34.799999,14.186499999999999,Crowder,1,1,1,0
19235,Cajon Valley (LACM L.400),-117.0,34.799999,15.5,Punchbowl,7,4,7,0
19236,Cajon Valley (UCMP B-3143),-117.0,34.799999,14.186499999999999,Crowder,1,0,1,0
19237,Cajon Valley (UCMP B-3144),-117.0,34.799999,15.5,Punchbowl,2,1,2,0
19238,Cajon Valley (UCMP B-3145),-117.0,34.799999,15.5,Punchbowl,1,0,1,0
19239,Cajon Valley (UCR RV-65256),-117.0,34.799999,14.186499999999999,Crowder,1,0,1,0
19240,Cajon Valley (UCR RV-6605),-117.0,34.799999,15.5,Punchbowl,2,1,2,0
19241,Cajon Valley (UCR RV-6628),-117.0,34.799999,15.5,Punchbowl,2,0,2,0
19242,Cajon Valley (UCR RV-6765),-117.0,34.799999,15.5,Punchbowl,1,1,1,0
19243,Cajon Valley (UCR RV-6766),-117.0,34.799999,15.5,Punchbowl,1,1,1,0
19244,Cajon Valley (UCR RV-6768),-117.0,34.799999,15.5,Punchbowl,1,0,1,0
19245,Cajon Valley (UCR RV-6770),-117.0,34.799999,15.5,Punchbowl,1,1,1,0
19246,Cajon Valley (UCR RV-6771),-117.0,34.799999,15.5,Punchbowl,1,0,1,0
19247,Cajon Valley (UCR RV-6984),-117.0,34.799999,15.5,Punchbowl,1,1,1,0
19248,Cajon Valley (UCR RV-6985),-117.0,34.799999,15.5,Punchbowl,1,1,1,0
19249,Cajon Valley (UCR RV-6986),-117.0,34.799999,15.5,Punchbowl,1,0,1,0
19250,Cajon Valley (UCR RV-6987),-117.0,34.799999,15.5,Punchbowl,1,1,1,0
19251,Cajon Valley (UCR RV-6989),-117.0,34.799999,15.5,Punchbowl,1,1,1,0
19252,Cajon Valley (UCR RV-6990),-117.0,34.799999,15.5,Punchbowl,3,2,3,0
19253,Cajon Valley (UCR RV-6991),-117.0,34.799999,15.5,Punchbowl,1,1,1,0
19254,Cajon Valley (UCR RV-6992),-117.0,34.799999,15.5,Punchbowl,5,2,5,0
19255,Cajon Valley (UCR RV-6993),-117.0,34.799999,15.5,Punchbowl,3,2,3,0
19256,Cajon Valley (UCR RV-6994),-117.0,34.799999,15.5,Punchbowl,2,1,2,0
19257,Cajon Valley (UCR RV-6995),-117.0,34.799999,15.5,Punchbowl,1,0,1,0
19258,Cajon Valley (UCR RV-69127),-117.0,34.799999,14.186499999999999,Crowder,1,1,1,0
19259,Cajon Valley (UCR RV-69128),-117.0,34.799999,14.186499999999999,Crowder,1,1,1,0
19260,Cajon Valley (UCR RV-69129),-117.0,34.799999,14.186499999999999,Crowder,1,0,1,0
19261,Cajon Valley (UCR RV-69130),-117.0,34.799999,15.5,Punchbowl,1,0,1,0
19262,Cajon Valley (UCR RV-69131),-117.0,34.799999,14.186499999999999,Crowder,1,0,1,0
19263,Cajon Valley (UCR RV-69132),-117.0,34.799999,15.5,Punchbowl,3,2,3,0
19264,Cajon Valley (UCR RV-69133),-117.0,34.799999,14.186499999999999,Crowder,1,0,1,0
19265,Cajon Valley (UCR RV-7005),-117.0,34.799999,15.5,Punchbowl,3,1,3,0
19266,Cajon Valley (UCR RV-7006),-117.0,34.799999,15.5,Punchbowl,3,2,3,0
19267,Cajon Valley (UCR RV-7675),-117.0,34.799999,14.186499999999999,Cajon Valley Beds,1,1,1,0
19268,"UCMP V-3638, Callahan Road Site 1",-121.389999,37.599998,7.105,,1,0,1,0
19269,"UCMP V-3639, Callahan Road Site 2",-121.389999,37.599998,7.105,,1,0,1,0
19270,"UCMP V-3640, Callahan Road Site 3",-121.389999,37.599998,7.105,,1,0,1,0
19271,Camel B. 3,-117.0,34.799999,14.4,Barstow,11,7,10,0
19272,Camel Canyon,-110.800003,32.900002,7.050000000000001,,11,7,6,5
19273,Camp Quarry,-117.0,34.799999,14.4,Barstow,1,1,1,0
19274,Canyada de Zia,-107.0,35.700001,14.4,Zia,5,4,2,3
19275,Canyada Pilares,-107.0,35.700001,17.4,Zia Sand,3,3,2,1
19276,Canyon West of Nettle Spring 1,-119.0,34.299999,10.95,MR Caliente,5,3,5,0
19277,Canyon West of Nettle Spring 2,-119.0,34.299999,10.95,NS Caliente,3,2,3,0
19278,Canyon West of Nettle Spring 3,-119.0,34.299999,10.95,NS Caliente,3,2,2,1
19279,Carnivore Canyon 4,-117.0,34.799999,14.4,Barstow,11,7,9,0
19280,Carnivore Canyon 5,-117.0,34.799999,14.4,Barstow,11,8,8,0
19281,Carnivore Canyon 6,-117.0,34.799999,14.4,Barstow,12,9,11,0
19282,Carnivore Canyon (UCMP V-6458),-117.0,34.799999,14.4,Barstow,1,1,1,0
19283,Carnivore Canyon (UCMP V-6459),-117.0,34.799999,14.4,Barstow,1,1,1,0
19284,Carnivore Canyon (UCMP V-6462),-117.0,34.799999,14.4,Barstow,3,3,3,0
19285,Cedar Hill (Rincon Valley Formation),-106.699997,32.0,7.050000000000001,Rincon Valley,1,1,1,0
19286,Ceja del Rio Puerco,-107.0,35.700001,12.850000000000001,Zia,13,10,10,3
19287,Chama-El Rito,-107.0,36.5,14.4,Tesuque,24,23,19,3
19288,Chamita Formation (Lower Brown Unit),-107.0,36.5,7.050000000000001,Chamita,4,3,3,1
19289,Chamita Formation (Lower Tuffaceous Zone),-107.0,36.5,7.050000000000001,Chamita,1,1,1,0
19290,Chamita Formation (Middle Brown Unit),-107.0,36.5,7.050000000000001,Chamita,2,2,2,0
19291,Chamita Formation (Upper Brown Unit),-107.0,36.5,7.050000000000001,Chamita,1,1,1,0
19292,Cherty Bonebed,-119.0,34.299999,14.4,Caliente,5,4,4,1
19293,CIT 306,-118.5,35.299999,14.186499999999999,Chanac,2,1,1,1
19294,CIT 315/324,-120.0,35.099998,14.186499999999999,,6,2,6,0
19295,CIT 322,-120.0,35.099998,14.186499999999999,,3,1,3,0
19296,CIT 323,-120.0,35.099998,14.186499999999999,,1,1,1,0
19297,"UCMP V-2702, Claremont Canyon",-122.224998,37.869999,14.186499999999999,Orinda,1,0,1,0
19298,"UCMP V-2837, Claremont Tunnel Site 1",-122.216003,37.877998,10.95,Orinda,1,0,1,0
19299,"UCMP V-2839, Claremont Tunnel Site 2",-122.209,37.886002,10.95,Orinda,1,0,1,0
19300,"UCMP V-2840, Claremont Tunnel Site 3",-122.213997,37.880001,10.95,Orinda,1,0,1,0
19301,Cliff Prospect,-112.5,34.5,14.186499999999999,Milk Creek,1,1,1,0
19302,Comanche Point,-118.5,35.299999,9.438,"""Santa Margarita""",2,1,2,0
19303,Congress Junction,-112.5,34.5,7.050000000000001,,2,0,2,0
19304,Coon Canyon 5,-117.0,34.799999,14.4,Barstow,11,8,9,0
19305,Coon Canyon (UALP 9009),-117.0,34.799999,14.4,Barstow,9,6,8,0
19306,Coso Mountains (USGS M1430),-117.900002,36.099998,7.050000000000001,Coso,1,1,0,1
19307,Creek Bottom,-112.5,34.5,14.186499999999999,Milk Creek,1,1,1,0
19309,Crowder 4-4,-117.0,34.799999,7.050000000000001,Crowder,9,6,8,0
19310,"""C"" Sites",-120.0,35.099998,10.95,Caliente,3,2,2,1
19311,Cynarctoides Prospect,-107.0,35.700001,17.4,Zia Sand,1,1,0,1
19312,Cynarctoides Quarry,-107.0,35.700001,17.4,Zia Sand,3,3,2,1
19313,Daggett Ridge,-117.0,34.799999,14.4,Barstow,12,7,11,1
19314,Deep Quarry,-117.0,34.799999,14.4,Barstow,2,1,1,1
19315,Deep Spring Quarry,-112.5,34.5,10.95,Milk Creek,3,2,2,1
19316,Devil's Punchbowl (LACM 398),-118.199997,34.0,10.95,Punchbowl,5,2,4,1
19317,Devil's Punchbowl (LACM 1346),-118.199997,34.0,10.95,Punchbowl,1,1,1,0
19318,Devil's Punchbowl (UCR RV-7011),-118.199997,34.0,10.95,Punchbowl,4,2,3,1
19319,Dip Slope,-117.0,34.799999,15.5,Punchbowl,7,3,6,1
19320,Dixon Sites,-107.0,36.5,14.4,Tesuque,1,1,0,1
19321,Doc's Steepside,-117.0,34.799999,14.4,Barstow,9,5,8,0
19322,Dove Spring (Lower),-118.5,35.299999,10.95,Dove Spring,20,19,12,5
19323,Dove Spring (Middle),-118.5,35.299999,10.95,Dove Spring,19,18,12,5
19324,Dove Spring (Upper),-118.5,35.299999,10.95,Dove Spring,10,9,7,2
19325,Dry Canyon East Side 1,-119.0,34.299999,14.186499999999999,Caliente,1,1,1,0
19326,Dry Canyon West Side 1,-119.0,34.299999,14.186499999999999,Caliente,1,1,1,0
19327,Dry Canyon West Side 3,-119.0,34.299999,14.4,Caliente,3,3,3,0
19328,Dry Canyon West Side 4,-119.0,34.299999,14.4,Caliente,2,2,1,1
19329,Dry Canyon West Side 5,-119.0,34.299999,14.4,Caliente,1,1,1,0
19330,Dry Canyon West Side 6,-119.0,34.299999,14.4,Caliente,2,2,2,0
19331,Dry Canyon West Side 7,-119.0,34.299999,14.4,Caliente,2,2,2,0
19332,Dry Canyon West Side 9,-119.0,34.299999,14.4,Caliente,4,3,4,0
19333,Dry Canyon West Side 10,-119.0,34.299999,14.186499999999999,Caliente,1,0,1,0
19334,Dry Canyon West Side 11,-119.0,34.299999,14.186499999999999,Caliente,1,1,1,0
19335,Dry Canyon West Side 12,-119.0,34.299999,14.186499999999999,Caliente,1,1,1,0
19336,Dry Canyon West Side (Site Unknown),-119.0,34.299999,14.186499999999999,Caliente,1,1,1,0
19337,Dry Creek (New Mexico),-108.800003,33.5,14.186499999999999,,1,1,1,0
19338,East Alcalde,-106.053635,36.088913,7.050000000000001,Chamita,2,2,1,1
19339,East Cuyamungue,-106.199997,35.5,17.4,Tesuque,11,8,8,3
19340,"UCMP V-3523, Elkinton Property",-122.199997,37.889198,10.95,Orinda,1,0,1,0
19341,El Rito,-107.0,36.5,14.186499999999999,Abiquiu,2,2,1,1
19343,Eureka,-117.0,34.799999,14.4,Barstow,9,8,8,0
19344,Fernwood Member,-118.199997,34.0,14.186499999999999,Topanga Canyon,1,1,1,0
19345,Fuller's Earth Canyon,-117.0,34.799999,14.4,Barstow,1,1,1,0
19346,Gabaldon Badlands Level A,-106.900002,34.799999,8.6,Popotosa,1,1,1,0
19347,Gabaldon Badlands Level B,-106.900002,34.799999,7.050000000000001,Popotosa,2,2,2,0
19348,Gabaldon Badlands Level C,-106.900002,34.799999,7.050000000000001,Popotosa,9,7,6,3
19349,Gabaldon Badlands Level D,-106.900002,34.799999,7.050000000000001,Popotosa,3,1,2,1
19350,Gabaldon Badlands Level E,-106.900002,34.799999,7.050000000000001,Popotosa,3,2,3,0
19351,Gabaldon Badlands Level F,-106.900002,34.799999,7.050000000000001,Popotosa,4,3,3,1
19352,Gabaldon Badlands Level G,-106.900002,34.799999,14.186499999999999,Sierra Ladrones,1,1,1,0
19353,Glory Gorge,-119.0,34.299999,10.95,NS Caliente,5,3,4,1
19354,Goldie's Honeypot Quarry,-112.5,34.5,14.186499999999999,Milk Creek,3,2,3,0
19355,Graywater Wash,-109.400002,35.0,14.186499999999999,,6,0,4,2
19356,Green Hills Quarry,-117.0,34.799999,14.4,Barstow,8,7,6,2
19357,"UCMP V-0501, Grizzly Canyon",-122.080002,37.855,14.186499999999999,"""Orinda""",1,0,1,0
19358,Hackberry Wash,-117.0,34.799999,17.4,,8,6,6,2
19359,Hailstone Quarry,-117.0,34.799999,14.4,Barstow,1,1,0,1
19360,Hazelwood Ranch,-112.5,34.5,14.186499999999999,,2,0,2,0
19361,Hedgehog Quarry,-119.0,34.299999,10.95,MR Caliente,16,12,11,1
19362,Hell Gate Basin No. 4,-117.0,34.799999,14.4,Barstow,1,1,0,1
19363,Hell Gate Basin (UCMP V-66154),-117.0,34.799999,14.4,Barstow,2,2,2,0
19364,Hemicyon Quarry,-117.066666,35.049999,14.4,Barstow,12,12,6,6
19365,"UCMP V-5053, Hemme Hills",-121.93,37.82,7.050000000000001,Tassajara,1,0,1,0
19366,Hidden Hollow Quarry,-117.0,34.799999,14.4,Barstow,9,8,4,5
19367,Hidden Treasure Spring,-119.0,34.299999,17.4,Caliente,8,5,8,0
19368,High Level Quarry,-119.0,34.299999,14.186499999999999,Caliente,1,0,1,0
19369,Highway 138 Borrow Cut,-117.0,34.799999,17.4,Crowder,24,15,20,3
19370,"UCMP 1037, Hipparion Point",-122.305,38.009998,14.186499999999999,Pinole Tuff,2,2,2,0
19371,"UCMP V-1103, Hospital Creek Site 1",-121.355003,37.577,7.105,,1,0,1,0
19372,"UCMP V-3608, Hospital Creek Site 2",-121.355003,37.577,7.105,,1,0,1,0
19373,"UCMP V-3645, Hospital Creek Site 3",-121.355003,37.577,7.105,,1,1,1,0
19374,Hoye Canyon (UCMP V-95013),-119.5,38.799999,7.050000000000001,,6,6,6,0
19375,Hoye Canyon (LACM 6994),-119.5,38.799999,7.050000000000001,,3,1,3,0
19376,"""H"" Sites",-120.0,35.099998,14.186499999999999,Caliente,6,2,5,1
19377,"UCMP V-2903, Indian Creek",-121.800003,37.564999,7.105,Livermore Gravels,1,1,1,0
19378,Ingram Creek Site 1,-120.800003,37.599998,10.95,Neroly,2,2,2,0
19379,Ingram Creek Site 1B,-120.800003,37.599998,14.186499999999999,Neroly,2,2,2,0
19380,Ingram Creek Site 2 (Neroly),-120.800003,37.599998,10.95,,3,3,2,1
19382,Ingram Creek Site 3,-120.800003,37.599998,14.186499999999999,Neroly,1,1,1,0
19383,Iron Canyon (Lower),-118.5,35.299999,10.95,Dove Spring,15,12,11,2
19384,Iron Canyon (Upper),-118.5,35.299999,10.95,Dove Spring,17,17,13,2
19385,Iron Springs,-112.5,34.5,14.186499999999999,,2,0,2,0
19386,Jack Rabbit Trail (Site 131y),-117.0,33.900002,7.050000000000001,Lower Arkose Unit,1,1,1,0
19387,Jeddito,-110.099998,35.799999,14.186499999999999,,1,1,1,0
19388,Jeep,-107.0,35.700001,17.4,Zia Sand,14,12,8,6
19389,"UCMP V-3612, Kaiser Creek",-122.065002,37.805,14.186499999999999,"""Orinda""",1,0,1,0
19390,Keam's Canyon,-110.099998,35.799999,7.050000000000001,,2,2,2,0
19391,Kendall-Mallory,-122.029999,37.799999,10.95,,10,7,6,4
19392,Kent Quarry,-119.0,34.299999,14.4,Caliente,17,15,12,4
19393,Kern River,-118.5,35.299999,10.95,Kern River,13,11,8,5
19394,Kinsey Ranch (CIT 444),-118.810898,34.712101,7.050000000000001,Hungry Valley,3,1,3,0
19395,Kinsey Ranch (CIT 452),-118.810898,34.712101,7.050000000000001,Peace Valley Beds,2,2,2,0
19396,Kinsey Ranch (CIT 453),-118.810898,34.712101,7.050000000000001,Peace Valley Beds,4,2,3,1
193968,"UWBM C2830, Kienbaum racetrack",-116.279999,46.990002,14.4,Latah,1,0,1,0
19397,Kinsey Ranch (CIT 459),-118.810898,34.712101,7.050000000000001,Peace Valley Beds,2,2,2,0
193977,"UCMP V5108, Grand Coulee rhino",-119.410004,47.57,21.64,Columbia River Basalts,1,1,1,0
19398,Kinsey Ranch (CIT 466),-118.810898,34.712101,7.050000000000001,Hungry Valley,1,1,1,0
19399,Kinsey Ranch (CIT 468),-118.810898,34.712101,7.050000000000001,Hungry Valley,1,1,1,0
19400,Kinsey Ranch (CIT 469),-118.810898,34.712101,7.050000000000001,Hungry Valley,1,1,1,0
19401,Kinsey Ranch (CIT 471),-118.810898,34.712101,7.050000000000001,Hungry Valley,3,2,3,0
19402,Kinsey Ranch (CIT 486),-118.810898,34.712101,7.050000000000001,,3,2,3,0
19403,Kinsey Ranch (CIT 487),-118.810898,34.712101,7.050000000000001,,1,1,1,0
19404,Kinsey Ranch (CIT 488),-118.810898,34.712101,7.050000000000001,,1,1,1,0
19405,Kinsey Ranch (LACM 1092),-118.810898,34.712101,7.050000000000001,Peace Valley Beds,1,1,1,0
19406,Kinsey Ranch (LACM 7049),-118.810898,34.712101,7.050000000000001,Hungry Valley,2,1,2,0
19407,Kinsey Ranch (LACM 7050),-118.810898,34.712101,7.050000000000001,Hungry Valley,1,1,1,0
19408,Kinsey Ranch (LACM 7248),-118.810898,34.712101,7.050000000000001,,1,1,1,0
19409,Kirkland Valley,-112.5,34.5,7.050000000000001,,2,0,2,0
19410,Kiva Quarry,-107.0,35.700001,17.4,Zia Sand,4,3,2,2
19411,Klipstein Ranch 3,-118.5,35.299999,7.050000000000001,Caliente,1,1,1,0
19412,LACM 5996,-119.0,34.299999,14.186499999999999,Caliente,1,1,1,0
19413,LACM 6008,-119.0,34.299999,14.186499999999999,,1,1,1,0
19414,LACM 6010,-119.0,34.299999,14.186499999999999,,1,1,1,0
19415,"UCMP V-2838, Lafayette Dam",-122.139999,37.884998,14.186499999999999,"""Orinda""",1,0,1,0
19416,Lake Bed,-117.0,34.799999,14.4,Barstow,11,7,10,0
19417,Lake Mathews,-117.0,33.900002,10.95,Lake Mathews,3,1,2,1
19418,"UCMP V-3607, Las Trampas Creek",-122.084999,37.830002,10.95,Orinda,1,1,1,0
19419,Lava Mountains,-117.0,34.799999,7.050000000000001,Bedrock Spring,14,12,11,2
19420,Lawler Ranch,-122.5,38.299999,14.186499999999999,Petaluma,1,1,1,0
19422,Leader Quarry,-117.0,34.799999,14.4,Barstow,8,7,4,4
19423,Ledge 3,-117.0,34.799999,14.4,Barstow,1,1,1,0
19424,Lower Brown Unit,-107.0,36.5,8.4815,Chamita,4,3,3,1
19425,Lower Cady Mountains,-117.0,34.799999,14.186499999999999,Hector,2,0,2,0
19426,Lower Dome Spring,-119.0,34.299999,14.186499999999999,Caliente,9,9,9,0
19427,Lower Dome Spring (Site Unknown),-119.0,34.299999,14.186499999999999,Caliente,1,1,1,0
19428,Lower West Dry Canyon,-119.0,34.299999,14.186499999999999,Caliente,8,4,8,0
19429,Manzanita Quarry,-112.5,34.5,10.95,Milk Creek,4,3,2,2
19430,Margo Quarry,-117.0,34.799999,14.4,Barstow,10,7,10,0
19431,"UCMP V-1104, Martin Creek",-121.315002,37.549999,7.105,,1,0,1,0
19432,Mayday Quarry,-117.0,34.799999,14.4,Barstow,8,8,4,4
19433,Merychyus Locality (Cady Mountains),-117.0,34.799999,14.186499999999999,Hector,1,1,1,0
19434,Mesa Prospect,-107.0,35.700001,17.4,Zia Sand,9,5,8,1
19435,Middle Red Member (Higher),-107.0,35.700001,14.4,Santa Fe,5,5,3,1
19436,Milk Creek Quarry,-112.5,34.5,10.95,Milk Creek,5,4,2,3
19437,Mint Canyon (CIT 97),-118.53717,34.522591,14.186499999999999,Mint Canyon,1,1,1,0
19438,Mint Canyon (CIT 98),-118.415298,34.382511,14.186499999999999,Mint Canyon,1,0,1,0
19439,Mint Canyon (CIT 100),-118.440735,34.47028,14.186499999999999,Mint Canyon,4,1,3,1
19440,Mint Canyon (CIT 101),-118.499817,34.471954,14.186499999999999,Mint Canyon,2,1,2,0
19441,Mint Canyon (CIT 103/LACM 1006),-118.430573,34.468605,14.186499999999999,Mint Canyon,2,1,2,0
19442,Mint Canyon (UCMP 3555),-118.423531,34.474655,14.186499999999999,Mint Canyon,3,2,3,0
19443,Mint Canyon (UCMP 3564),-118.433937,34.473129,14.186499999999999,Mint Canyon,1,1,1,0
19444,"UCMP V-1001, Mount Diablo Base Line",-122.188004,37.881001,14.186499999999999,Moraga,1,0,1,0
19445,Mount Eden,-117.0,33.900002,7.050000000000001,Mt. Eden,21,14,14,7
19446,"UCMP V-3303, Mulholland Site 1",-122.108002,37.845001,7.050000000000001,Siesta,11,6,10,1
19447,"UCMP V-3611, Mulholland Site 2",-122.120003,37.856998,7.050000000000001,Garrity,18,12,14,1
19448,Mulholland (UCMP V-73148),-122.150002,37.860001,7.050000000000001,Mulholland,1,1,0,1
19449,Nambe,-106.199997,35.5,14.4,Tesuque,13,13,8,5
19450,Near Hill 1284 Site 1,-122.099998,37.900002,10.95,,1,0,1,0
19451,Near Hill 1284 Site 2,-122.099998,37.900002,10.95,,1,0,1,0
19452,Ness Quarry,-117.0,34.799999,14.4,Barstow,1,1,1,0
19453,Nettle Spring Canyon 1,-119.0,34.299999,10.95,NS Caliente,12,9,10,2
19454,Nettle Spring Canyon 2,-119.0,34.299999,10.95,NS Caliente,4,3,4,0
19455,Nettle Spring Canyon 3,-119.0,34.299999,10.95,MR Caliente,2,1,2,0
19456,Nettle Spring Canyon (LACM 6106),-119.0,34.299999,14.186499999999999,Caliente,1,1,1,0
19457,New Hope Quarry,-117.0,34.799999,14.4,Barstow,5,5,1,4
19458,New Year Quarry,-117.0,34.799999,14.4,Barstow,10,10,7,3
19459,"UCMP V-3405, Norris Canyon",-122.0,37.755001,14.186499999999999,,3,1,3,0
19460,North Coalinga,-120.400002,36.099998,14.4,Temblor,16,9,11,4
19461,North Dome (UCMP V-3520),-120.0,35.900002,14.186499999999999,Etchegoin,2,2,1,1
19462,North Dome (UCMP V-3634),-120.0,35.900002,14.186499999999999,Etchegoin,1,1,0,1
19463,North End Quarry,-117.0,34.799999,14.4,Barstow,10,9,5,5
19464,North Fossil Ridge,-112.5,34.5,14.186499999999999,Milk Creek,1,1,1,0
19465,North of Fossil Canyon,-117.0,34.799999,14.4,Barstow,1,0,1,0
19466,North Tejon Hills,-118.5,35.299999,9.438,Chanac,7,7,5,2
19467,Northwest Amphitheater,-119.0,34.299999,10.95,MR Caliente,8,4,6,2
19468,Oakdale,-120.771858,37.791985,7.615,Mehrten,3,2,3,0
19469,"UCMP V-3649, Oak Springs",-121.949997,37.959999,7.105,,1,0,1,0
19470,Ojo Caliente,-107.0,36.5,14.4,Tesuque,6,5,5,1
19471,Old Mill 1931,-117.0,34.799999,14.4,Barstow,2,2,2,0
19472,Oreodont Quarry,-117.0,34.799999,14.4,Barstow,5,5,3,2
19473,Osbornoceros Quarry,-107.0,36.5,7.050000000000001,Chamita,8,8,4,4
19474,Otowi Bridge,-106.199997,35.5,7.050000000000001,Chamita,1,1,1,0
19475,Owl Rock Quarry Prado Plant (Feldspathic Sands),-117.800003,33.599998,7.050000000000001,Puente,2,1,2,0
19476,Owl Rock Quarry Prado Plant (Sandy Conglomerate),-117.800003,33.599998,7.050000000000001,Puente,2,2,2,0
19477,Padrones Spring,-120.0,35.099998,14.186499999999999,,3,2,3,0
19478,Phillips Ranch,-118.311386,35.192223,15.5,Bopesta,11,8,9,2
19479,"UCMP 2572, Pinole Junction Site 1",-122.248001,37.970001,7.050000000000001,Pinole Tuff,11,10,7,4
19480,"UCMP V-3425, Pinole Junction Site 2",-122.249001,37.970001,7.050000000000001,Pinole Tuff,3,3,2,1
19481,Plush Ranch Contact,-119.0,34.299999,17.4,Caliente,2,0,2,0
19482,Prescott Southeast,-112.5,34.5,14.186499999999999,,2,0,2,0
19483,President Wilson Springs,-110.099998,35.799999,10.95,Bidahochi,1,1,0,1
19484,Prince Ranch Wash,-107.0,36.5,14.186499999999999,Tesuque,2,2,2,0
19486,Quarry Point,-119.0,34.299999,10.95,MR Caliente,5,3,5,0
19487,Quatal Canyon North Side 1,-119.0,34.299999,10.95,MR Caliente,1,1,1,0
19488,Quatal Canyon North Side 2,-119.0,34.299999,10.95,MR Caliente,2,1,2,0
19489,Quatal Canyon South Side 3,-119.0,34.299999,10.95,MR Caliente,9,6,7,2
19490,Quatal Canyon South Side 4,-119.0,34.299999,10.95,MR Caliente,1,1,1,0
19491,Quatal Canyon South Side 5,-119.0,34.299999,10.95,MR Caliente,2,1,2,0
19492,Quatal Canyon South Side 6,-119.0,34.299999,10.95,MR Caliente,4,2,4,0
19493,Quatal Canyon South Side 7,-119.0,34.299999,10.95,MR Caliente,1,0,1,0
19494,Quatal Canyon South Side 9,-119.0,34.299999,10.95,MR Caliente,7,4,6,1
19495,Quatal Canyon South Side 10,-119.0,34.299999,10.95,MR Caliente,4,2,4,0
19496,Quatal Canyon South Side 11,-119.0,34.299999,10.95,MR Caliente,8,5,8,0
19497,Quatal Canyon South Side 13,-119.0,34.299999,10.95,MR Caliente,9,5,8,1
19498,Quatal Canyon South Side 14,-119.0,34.299999,14.4,Caliente,8,8,6,2
19499,Quatal Canyon South Side 15,-119.0,34.299999,10.95,MR Caliente,2,2,2,0
19500,Quatal Canyon South Side 16,-119.0,34.299999,10.95,MR Caliente,4,3,4,0
19501,Quatal Canyon South Side 17,-119.0,34.299999,10.95,NS Caliente,6,3,5,1
19502,Quatal Canyon South Side 18,-119.0,34.299999,10.95,NS Caliente,1,0,1,0
19503,Quatal Canyon South Side 19,-119.0,34.299999,10.95,NS Caliente,2,1,1,1
19504,Quatal Canyon South Side 20,-119.0,34.299999,10.95,NS Caliente,4,2,3,1
19505,Quatal Canyon South Side 21,-119.0,34.299999,10.95,NS Caliente,1,1,1,0
19506,Quatal Canyon South Side 22,-119.0,34.299999,10.95,NS Caliente,3,1,3,0
19507,Quatal Canyon South Side 23,-119.0,34.299999,10.95,NS Caliente,6,5,6,0
19508,Quatal Canyon South Side 24,-119.0,34.299999,10.95,NS Caliente,1,1,1,0
19509,Rainbow Canyon,-117.0,34.799999,14.4,Barstow,2,2,1,1
19510,Rak Division,-117.0,34.799999,14.4,Barstow,12,10,9,3
19511,Rakomylus Site,-107.0,36.5,14.186499999999999,"""Santa Fe""",1,1,1,0
19512,Raven's Roost,-119.0,34.299999,10.95,MR Caliente,7,5,6,1
19513,Red Division,-117.0,34.799999,14.4,Barstow,5,5,5,0
19514,Redington,-110.599998,32.5,7.050000000000001,Quiburis,33,24,20,11
19515,Remnant Hill,-119.0,34.299999,10.95,NS Caliente,15,12,9,4
19516,Rhino Site,-119.0,34.299999,17.4,Caliente,2,0,2,0
19517,Ricardo,-117.992119,35.372936,10.95,Dove Spring,31,24,22,5
19518,Rinconada (New Mexico),-107.0,36.5,14.186499999999999,Tesuque,2,2,2,0
19519,Rincon Quarry,-107.0,36.5,14.4,Santa Fe,7,7,4,3
19520,Rio del Oso-Abiquiu Sites,-107.0,36.5,14.4,Tesuque,6,5,2,4
19521,"UCMP loc. 509, Rocky Ridge",-122.050003,37.799999,10.95,,1,0,1,0
19522,Rodent Hill,-117.0,34.799999,14.4,Barstow,16,10,12,2
19523,Rodent Hill 15,-117.0,34.799999,14.4,Barstow,12,8,8,0
19524,Rodent Hill (UCMP V-65130),-117.0,34.799999,14.4,Barstow,1,1,1,0
19525,Rodent Hill (UCMP V-65140),-117.0,34.799999,14.4,Barstow,3,3,2,0
19526,Rodent Hill (UCMP V-65142),-117.0,34.799999,14.4,Barstow,2,2,2,0
19527,Rodent Hill (UCMP V-65143),-117.0,34.799999,14.4,Barstow,2,2,2,0
19528,Round Mountain Quarry,-107.0,36.5,10.95,referred Chamita,15,13,11,4
19529,RV-9001,-117.0,34.799999,15.5,"""Barstow""",1,1,1,0
19530,Sandstone Quarry,-117.0,34.799999,14.4,Barstow,1,1,0,1
19531,San Ildefonso Pueblo,-106.199997,35.5,12.850000000000001,,11,8,9,2
19533,San Juan-Rak Camel Quarries,-107.0,36.5,7.050000000000001,Chamita,15,11,11,4
19534,San Luis Rey River,-117.099998,32.900002,14.186499999999999,San Mateo,1,1,1,0
19535,Santa Cruz,-106.199997,35.5,14.4,Tesuque,57,50,43,10
19536,Santa Fe Widening,-117.0,34.799999,14.186499999999999,Cajon Valley Beds,2,1,2,0
19537,Schell Ranch,-120.800003,37.599998,7.050000000000001,Mehrten,6,4,6,0
19538,Screw Bean,-103.045555,29.265278,7.050000000000001,Banta Shut-In,16,10,9,7
19539,Sequence Canyon 1,-119.0,34.299999,10.95,NS Caliente,4,2,3,1
19540,Sequence Canyon 2 (Hemphillian),-119.0,34.299999,10.95,MR Caliente,1,1,1,0
19541,Sequence Canyon 2 (Clarendonian),-119.0,34.299999,10.95,MR Caliente,9,7,9,0
19543,Shields Ranch Quarry,-112.5,34.5,10.95,Milk Creek,3,2,2,1
19544,"UCMP 707, Siesta Valley Site 1",-122.214996,37.875,14.186499999999999,Siesta,1,0,1,0
19545,"UCMP V-3652, Siesta Valley Site 2",-122.214996,37.875,14.186499999999999,Siesta,1,0,1,0
19546,Siphon Canal,-120.800003,37.599998,7.050000000000001,Mehrten,1,1,1,0
19547,Skull Ridge,-106.199997,35.5,14.4,Tesuque,42,39,28,12
19548,Skyline Quarry,-117.0,34.799999,14.4,Barstow,15,14,8,7
19549,Slippery Side,-117.0,34.799999,14.4,Barstow,6,5,4,0
19550,Slug Bed,-117.0,34.799999,14.4,Barstow,18,11,14,0
19551,South of Red Rock Canyon,-117.977379,35.327599,7.050000000000001,,8,5,6,2
19552,South of the Coso Mountains,-117.900002,36.099998,8.6,,1,1,0,1
19553,South Tejon Hills,-118.800316,35.10041,10.95,"""Santa Margarita""",14,8,10,4
19554,Springfield Shaft Number 2,-119.900002,38.099998,8.4815,,1,1,1,0
19555,Springfield Shaft Number 3,-119.900002,38.099998,8.4815,,1,0,1,0
19556,Starlight Quarry,-117.0,34.799999,14.4,Barstow,2,2,1,1
19557,Steepside Quarry,-117.0,34.799999,14.4,Barstow,24,18,15,6
19558,Stirton Wash (UCMP V-6463),-117.0,34.799999,14.4,Barstow,5,3,5,0
19559,Stirton Wash (UCMP V-6464),-117.0,34.799999,14.4,Barstow,1,1,1,0
19560,Stirton Wash (UCMP V-65138),-117.0,34.799999,14.4,Barstow,3,2,3,0
19561,Stirton Wash (UCMP V-65145),-117.0,34.799999,14.4,Barstow,1,1,1,0
19562,Straight Cliff Prospect,-107.0,35.700001,14.186499999999999,Zia Sand,1,1,1,0
19563,"UCMP V-3503, Strawberry Canyon",-122.232002,37.877998,10.95,Orinda,1,0,1,0
19564,Sulfur Spring,-117.0,34.799999,14.4,Crowder,9,6,9,0
19565,Sunder Ridge Quarry,-117.0,34.799999,14.4,Barstow,2,2,1,1
19566,Sunrise Canyon,-117.0,34.799999,14.4,Barstow,1,1,1,0
19567,Sunset Quarry,-117.0,34.799999,14.4,Barstow,3,3,3,0
19568,Sunnyside Quarry,-117.0,34.799999,14.4,Barstow,2,2,0,2
19569,Sycamore,-118.5,35.299999,7.050000000000001,Kern River,11,8,11,0
19570,Sycamore Creek,-121.949997,37.82,14.186499999999999,Diablo,2,2,2,0
19571,Symons Well No. 1,-118.5,35.299999,7.105,,1,0,1,0
19572,Syncline,-117.0,34.799999,14.4,Barstow,1,1,0,1
19573,Taos Road,-105.599998,36.400002,8.6,,1,1,1,0
19574,Taylor Gravel,-110.099998,35.799999,14.186499999999999,,2,0,2,0
19575,"UCMP V-1603,Tice Valley",-122.059998,37.855,7.105,,1,0,1,0
19576,Tonto Basin,-111.300003,33.900002,7.050000000000001,,3,0,2,1
19577,Tower 19,-117.0,34.799999,14.186499999999999,Cajon Valley Beds,9,8,7,0
19578,Tp5 P/L,-117.0,34.799999,14.186499999999999,Cajon Valley Beds,2,2,2,0
19579,Tp6 P/L,-117.0,34.799999,14.186499999999999,Cajon Valley Beds,3,3,3,0
19580,Trail Prospect,-112.5,34.5,14.186499999999999,Milk Creek,2,1,2,0
19581,Turbin Quarry,-117.0,34.799999,14.4,Barstow,4,4,1,3
19582,Turlock Lake (UCMP V-5836),-120.800003,37.599998,7.050000000000001,Mehrten,12,10,5,7
19583,Two Mile Bar,-119.900002,38.099998,14.186499999999999,Mehrten,5,0,5,0
19584,"UCMP V-5509, Mount Diablo Country Club 1",-121.964996,37.84,14.186499999999999,Green Valley,1,1,1,0
19585,Unknown Quarry,-117.0,34.799999,14.4,Barstow,4,3,4,0
19586,Upper Cady Mountains,-117.0,34.799999,17.4,Hector,8,7,7,1
19587,Upper Dry Canyon 1,-119.0,34.299999,14.4,Caliente,2,2,2,0
19588,Upper Dry Canyon 3,-119.0,34.299999,14.4,Caliente,2,2,2,0
19589,Upper Dry Canyon 4,-119.0,34.299999,14.4,Caliente,1,1,1,0
19590,Upper Dry Canyon 5,-119.0,34.299999,14.4,Caliente,1,1,1,0
19591,Upper Nettle Spring Canyon 1,-119.0,34.299999,10.95,MR Caliente,1,0,1,0
19592,Upper Nettle Spring Canyon 2,-119.0,34.299999,10.95,MR Caliente,5,2,4,1
19593,Upper Nettle Spring Canyon 4,-119.0,34.299999,10.95,MR Caliente,4,2,4,0
19594,Upper Nettle Spring Canyon 5,-119.0,34.299999,10.95,MR Caliente,7,4,6,1
19596,"UCMP V-2403, Upper San Pablo (Neroly)",-122.014999,37.895,10.95,Neroly,1,0,1,0
19597,Upper West Dry Canyon,-119.0,34.299999,14.186499999999999,Caliente,4,4,4,0
19598,Valley View Quarry,-117.0,34.799999,14.4,Barstow,5,5,2,3
19599,Vedder (UCMP V-6761),-119.5,34.900002,17.4,Branch Canyon,15,13,12,0
19600,Vedder (UCMP V-69140),-119.5,34.900002,17.4,Branch Canyon,1,1,1,0
19601,Vedder (USGS M1090),-119.5,34.900002,15.5,Branch Canyon,5,4,4,1
19602,Walnut Canyon,-108.5,33.0,7.050000000000001,,8,6,7,1
19603,Walnut Grove,-112.5,34.5,10.95,,9,2,5,4
19604,Warren,-118.5,35.299999,7.050000000000001,Horned Toad,25,20,20,3
19605,Waterfall Canyon,-117.0,34.799999,14.4,Barstow,3,2,2,0
19606,Western Cronese Basin,-117.0,34.799999,14.186499999999999,,4,1,4,0
19607,West Fork of Dry Canyon 1,-119.0,34.299999,14.186499999999999,Caliente,1,1,1,0
19608,Westley,-120.800003,37.599998,14.186499999999999,,1,1,1,0
19609,"UCMP 708, West of Tassajero",-121.875,37.799999,7.105,,1,1,1,0
19610,White Cone,-110.099998,35.799999,7.050000000000001,Bidahochi,20,13,13,5
19611,White Operation Quarry,-106.199997,35.5,14.4,Tesuque,8,8,6,2
19612,Wikieup,-113.400002,34.700001,7.050000000000001,Big Sandy,25,19,11,14
19613,"UCMP V-1102, Wildcat Canyon",-122.290001,37.935001,10.95,Orinda,1,0,1,0
19614,Witt-Decker No. 2 Oil Well,-122.5,38.299999,14.186499999999999,Petaluma,1,1,1,0
19615,Yule Tide Quarry,-117.0,34.799999,14.4,Barstow,1,1,0,1
19616,Yermo,-117.0,34.799999,14.4,Barstow,10,10,5,5
19765,4.8 km east of Boise,-116.199997,43.599998,7.050000000000001,Chalk Hills,1,1,1,0
19966,SBCM Locality 2.12.16,-115.199997,35.700001,5.4,Horse Spring,5,5,3,0
200046,LACM 7502,-117.8545,34.409,10.95,Punchbowl,1,1,1,0
200705,"Montbrook, FLMNH site LV070",-82.444443,29.385555,7.050000000000001,,3,3,2,1
204601,LACM 4702,-118.5,35.299999,9.438,Dove Spring,7,4,7,0
206138,Wolf Creek ,-134.95723,60.583611,8.4815,,2,0,2,0
207452,"Site 15, Medio Creek, Parrish Ranch",-97.667702,28.4883,10.95,Goliad,23,16,21,2
207489,"Site 18, Richards farm, east of Normanna",-97.740997,28.530701,10.95,Blanco,7,7,6,1
207493,"Cold Spring, San Jacinto site 2",-95.1492,30.6052,14.4,Fleming,14,10,12,2
208510,UO 4343 Cave Basin,-120.010002,44.09,17.4,Mascall,1,0,0,1
208511,UO 4354 Cave Basin,-120.010002,44.09,17.4,Mascall,1,1,0,1
208512,UO 5141 Lili's Site,-120.02417,44.038334,17.4,Mascall,1,1,0,1
208513,UO 4358 Hawk Rim,-120.141388,44.004723,17.4,Mascall,1,1,0,1
210284,Park City,-97.320274,37.803055,7.050000000000001,,1,1,0,1
210591,CM 5073,-103.720558,42.423332,8.6,Snake Creek,1,1,1,0
210633,UCMP loc. 3042,-119.662277,44.487034,14.4,Mascall,2,1,1,1
212307,La Plegaria,-99.400002,19.833332,7.050000000000001,,11,11,7,4
212335,Jalostotitlan City,-102.468056,21.206944,7.050000000000001,,1,1,1,0
212337,Chincua,-101.175835,19.418888,7.050000000000001,,6,5,6,0
212338,El Gigante,-105.177498,21.716667,7.050000000000001,,7,7,6,1
212339,El Trapiche Village,-105.157776,21.681389,7.050000000000001,,5,5,5,0
212341,Santo Domingo,-103.254166,21.416945,7.050000000000001,,8,6,8,0
212342,Los Velis,-103.257225,21.445278,7.050000000000001,,3,2,3,0
212622,JDNM 267 Hawk Rim Main locality,-120.125,44.0,17.4,Mascall,13,11,11,2
212623,JDNM 271 Hawk Rim Blowout locality,-120.125,44.0,17.4,Mascall,8,5,6,2
212624,JDNM 272 Hawk Rim Brit locality,-120.125,44.0,17.4,Mascall,5,2,4,1
212625,JDNM 269 Hawk Rim Carnivore locality,-120.125,44.0,17.4,Mascall,6,5,4,2
212626,JDNM 268 Hawk Rim Cone locality,-120.125,44.0,17.4,Mascall,4,3,4,0
212627,JDNM 270 Hawk Rim Front Hills locality,-120.125,44.0,17.4,Mascall,6,4,6,0
21371,Haughton-Astrobleme,-89.430275,75.41111,21.744999999999997,Haughton,6,2,3,1
214888,Robbins Fossil Quarry,-117.076385,35.063889,14.4,Barstow,23,18,15,7
214889,Truck Top Quarry,-117.113609,35.06028,14.4,Barstow,14,11,13,1
216990,"Archer, near",-82.518997,29.529968,7.050000000000001,Alachua,7,7,7,0
218109,Little Jacks Creek,-115.924812,42.771606,7.050000000000001,Chalk Hills,25,15,18,6
218111,Sugar Creek,-115.865868,42.732113,7.050000000000001,Chalk Hills,17,11,13,3
222670,ULGM Locality V-13,-120.519997,42.638058,7.050000000000001,Fort Rock,4,1,2,0
225600,Río Pataste,-84.668892,10.564444,13.805,Venado,1,1,1,0
22630,1477 Hill Quarry,-103.861,42.419201,14.186499999999999,Harrison,3,1,3,0
22641,Beardog Hill,-103.866669,42.416668,20.8,Marsland,4,4,0,4
22852,Carlson Quarry,-100.901947,40.052776,10.5,Ogallala,1,1,0,1
229134,W. M. Keck locality P-102,-119.927223,39.52861,7.050000000000001,Hunter Creek Sandstone,1,1,1,0
229135,W. M. Keck locality P-103,-119.927223,39.52861,7.050000000000001,Hunter Creek Sandstone,3,2,3,0
229136,W. M. Keck locality P-104,-119.927223,39.52861,7.050000000000001,Hunter Creek Sandstone,4,2,4,0
229137,W. M. Keck locality P-106,-119.927223,39.52861,7.050000000000001,Hunter Creek Sandstone,2,1,2,0
229138,W. M. Keck locality P-107,-119.927223,39.52861,7.050000000000001,Hunter Creek Sandstone,4,3,4,0
229139,W. M. Keck locality P-108,-119.927223,39.52861,7.050000000000001,Hunter Creek Sandstone,1,0,1,0
229140,W. M. Keck locality P-126,-119.927223,39.52861,7.050000000000001,Hunter Creek Sandstone,1,0,1,0
229141,W. M. Keck locality P-127,-119.927223,39.52861,7.050000000000001,Hunter Creek Sandstone,2,1,2,0
229142,W. M. Keck locality P-129,-119.927223,39.52861,7.050000000000001,Hunter Creek Sandstone,1,0,1,0
229143,W. M. Keck locality P-109,-119.957222,39.511391,10.95,Hunter Creek Sandstone,1,0,1,0
229144,W. M. Keck locality P-110,-119.957222,39.511391,10.95,Hunter Creek Sandstone,2,0,2,0
229145,W. M. Keck locality P-125,-119.957222,39.511391,10.95,Hunter Creek Sandstone,2,1,2,0
229146,W. M. Keck locality P-128,-119.957222,39.511391,10.95,Hunter Creek Sandstone,1,0,1,0
229147,W. M. Keck locality P-131,-119.957222,39.511391,10.95,Hunter Creek Sandstone,1,0,1,0
229148,W. M. Keck locality P-133,-119.957222,39.511391,10.95,Hunter Creek Sandstone,1,0,1,0
229149,W. M. Keck locality P-134,-119.957222,39.511391,10.95,Hunter Creek Sandstone,1,0,1,0
229150,W. M. Keck locality P-167,-119.957222,39.511391,10.95,Hunter Creek Sandstone,1,0,1,0
229152,W. M. Keck locality P-132,-119.957222,39.511391,10.95,Hunter Creek Sandstone,2,0,2,0
229153,W. M. Keck locality P-105,-119.927223,39.52861,5.4,Hunter Creek Sandstone,2,1,2,0
230864,Cottonwood Creek,-120.175552,44.923889,20.5,John Day,1,1,0,1
230904,"""Loup Fork Fauna"", Cottonwood Creek",-120.175552,44.923889,14.4,Mascall,4,2,2,2
230906,Snake Creek Fauna,-103.794441,42.400555,12.850000000000001,,15,15,11,4
230947,Cedar Creek,-103.186668,40.735001,14.4,,1,1,0,1
231010,Cottonwood Creek,-120.175552,44.923889,14.4,Mascall,2,2,1,1
231897,Unity,-118.150002,44.450001,10.95,Ironside,1,1,1,0
231898,"7 miles southeast of Fort Logan, Deep River",-111.0,46.0,14.4,Deep River,5,3,5,0
231900,Kingsford Mine,-82.0,28.0,14.4,,1,1,1,0
231901,"RAM loc. V201006, Barstow Mud hills",-117.0,35.0,14.4,Barstow,1,1,1,0
231902,HQ Quarry,-103.300003,40.5,14.4,,2,1,2,0
231903,Saw Rock,-100.900002,37.200001,5.4,,2,1,2,0
232055,"Wilbur Locality, SDSM V8910",-120.665558,46.680279,7.050000000000001,Ellensburg,15,13,13,2
232149,UCMP V6432,-119.647224,44.748333,17.4165,John Day,1,1,1,0
232513,Jalteco 26 “Kowallis” - Above Dated Ash,-104.082222,20.14139,7.050000000000001,San Jose,4,4,4,0
232515,UCMP RV8103 ,-118.5,35.299999,7.050000000000001,Horned Toad,1,1,1,0
234755,Hemingford Area,-103.099998,42.799999,17.4,Runningwater,2,2,2,0
234756,Sands of the Niobrara River (coll. Hayden 1857),-102.5,42.700001,10.95,Ash Hollow,1,1,1,0
237237,Antillothrix bernensis,-68.547226,18.732107,14.186499999999999,,1,1,0,0
237752,Cajon Pass,-117.430222,34.325176,15.5,Cajon Valley,5,3,5,0
237803,Big Cut Locality,-120.158333,45.68639,7.050000000000001,Alkali  Canyon,1,1,1,0
237928,Arlington 3,-120.151665,45.67889,7.050000000000001,Alkali Canyon,3,3,3,0
237929,Arlington 4,-120.147224,45.693611,7.050000000000001,Alkali Canyon,2,2,2,0
237930,Arlington 7,-120.176941,45.68861,7.050000000000001,Alkali Canyon,5,5,5,0
237940,Arlington 5,-120.160278,45.671944,7.050000000000001,Alkali Canyon,3,3,3,0
237941,Arlington 8,-120.14167,45.674168,7.050000000000001,Alkali Canyon,1,1,1,0
237942,Arlington 13,-120.157501,45.68222,7.050000000000001,Alkali Canyon,3,3,3,0
239507,KU-CO-048,-103.291664,40.895279,17.4,Pawnee Creek,1,1,1,0
239943,UO 4158 Coglan Buttes Mylagaulid area,-120.348892,42.60611,22.9,,2,2,2,0
239944,UO 4166 Coglan Buttes Guzzler Area,-120.347221,42.597221,22.9,,2,1,0,2
239945,"UO 4164 Coglan Buttes, Beardog Area",-120.3675,42.601391,22.9,,3,3,2,1
239946,"UO 4165 Coglan Buttes, Beardog Area",-120.363892,42.610279,22.9,,1,1,0,1
239947,UO 4152 Coglan Buttes Shelter Area,-120.358612,42.59639,22.9,,3,3,2,1
239948,"UO 4156 Coglan Buttes, Beardog Area",-120.363609,42.598057,22.9,,1,1,0,1
239949,"UO 4162 Coglan Buttes, Mylagaulid area",-120.378891,42.608891,22.9,,1,1,1,0
239950,"UO 4155 Coglan Buttes, Beardog Area",-120.381943,42.605831,22.9,,2,2,2,0
239951,"UO 4153 Coglan Buttes, Shelter Area",-120.369164,42.608891,22.9,,1,1,1,0
240929,UCMP V88079 - ‘‘Hanson’s Dog”,-117.983002,39.389999,14.4,Monarch Mill,1,1,0,1
240931,UCMP V67245 - ‘‘Eastgate 2”,-117.980003,39.389999,14.4,Monarch Mill,1,1,0,1
240932,"UCMP V87139 - ""V-3”",-117.983002,39.389999,14.4,Monarch Mill,1,1,0,1
26019,Cottonwood Creek (UNSM Dw-117),-102.960701,42.445599,17.4,Runningwater,9,8,5,0
26549,Tyner Farm,-82.099998,29.799999,7.050000000000001,,12,8,10,1
26565,Alligator Slide,-100.0,42.700001,10.95,Ash Hollow,1,0,0,1
26574,Gray Fossil Site,-82.476669,36.419724,5.4,,28,21,16,7
27481,South-southwest of Franklin,-98.960602,40.052799,14.4,,16,7,9,3
275656,Haughton Crater,-89.666664,75.383331,19.509999999999998,Haughton,1,1,1,0
278117,Rabbithole,-118.498611,40.325832,14.4,,1,0,0,0
278650,Kimball,-103.663002,41.235699,14.186499999999999,,1,1,1,0
28043,Stage Hill I,-103.666664,41.700001,20.8,Wildcat Hills Beds,29,29,20,7
31183,Domo de Zaza,-79.53083,21.621111,19.509999999999998,Lagunitas,5,4,2,0
34807,Harrison Formation (Migmacastor Locality),-103.744797,42.5322,20.8,Harrison,1,1,1,0
35430,Rick Irwin Site,-99.599998,42.783333,7.050000000000001,,11,10,2,9
35575,Simojovel (Balumtum Sandstone),-92.633331,17.200001,19.509999999999998,Balumtum Sandstone,1,1,1,0
35591,Stephen Prairie,-95.212502,30.745556,14.4,Fleming,2,2,1,1
35606,Foster Ranch,-103.532501,42.345001,17.4,Runningwater,1,1,0,1
35607,Dawes County Sect 23 T30N R49W,-103.039101,42.5611,17.4,Runningwater,1,1,0,1
35608,U.S. Highway 40 Roadcut,-106.242401,40.064499,17.4,Troublesome,1,1,0,1
36263,Curlew Creek,-82.787224,28.044722,21.6,,2,1,2,0
37520,Mundy's Landing Hipparion site,-84.770836,37.854168,8.85,,1,0,1,0
37802,Pocket Mouse Burrows,-98.097397,42.386299,10.95,Ash Hollow,1,1,1,0
37803,Above Pocket Mouse Burrows,-98.097397,42.386299,10.95,Ash Hollow,1,1,1,0
40517,Milpitas Road,-121.833298,37.450001,10.533000000000001,Briones,1,1,0,0
45483,Santa Barbara Lighthouse,-119.723053,34.395557,14.9,Monterey,1,1,0,0
45496,Stone Canyon,-120.544724,36.015278,18.215,Vaqueros,1,1,0,0
51592,Goldsboro,-77.992996,35.384998,14.186499999999999,,1,1,1,0
52180,"Temple Hill, NE",-117.75222,33.557499,17.134999999999998,Topanga,3,3,0,0
58451,Cenote Kambul,-89.716667,21.066668,7.050000000000001,Carrillo Puerto,1,1,0,0
58993,"Big Creek, south",-124.060745,44.646618,18.215,Nye,5,3,0,4
59059,Sharktooth Hill Bonebed,-118.912178,35.465393,14.9,Temblor,10,8,3,1
62876,Aelurodon Cut (Aelurodon Jaws),-112.169899,45.896999,14.4,Sixmile Creek,1,1,0,1
62877,Aelurodon Cut (Aepycamelus Metapodial),-112.169899,45.896999,14.4,Sixmile Creek,1,1,1,0
67638,Reunion Creek,-101.349998,42.883331,20.8,Reunion Creek Beds,10,10,8,0
69806,Belmont Grade,-103.349998,42.549999,20.8,Coffee Mill Butte Beds,17,16,13,0
69807,Collins Ranch,-102.199997,42.799999,20.8,Lavaca Flats Beds,14,14,11,0
69808,Eastern Runningwater Fauna,-102.0,42.75,17.4,Runningwater,20,18,17,0
69915,UNSM Sh-109,-102.099998,42.700001,17.4,Runningwater,7,7,6,0
69916,UNSM Cr-149,-102.0,42.75,17.4,Runningwater,10,10,8,0
70119,Wild Horse Creek #1,-99.599998,35.683334,8.6,Ogallala,6,4,5,1
70133,South Canadian River Procamelus Site,-99.633331,35.799999,14.186499999999999,Ogallala,1,1,1,0
71139,San Juan Unión,-99.633331,18.633333,7.105,,1,1,1,0
71406,Sciurus olsoni type locality,-119.112778,39.558334,10.95,Truckee,1,1,1,0
72052,Summit Pass oreodont,-103.166664,45.366669,17.4,Arikaree,1,1,1,0
74096,Blastomeryx olcotti type locality,-104.449997,42.766666,20.8,,1,1,1,0
74098,Crocodilian Locality D,-98.125999,42.393398,10.95,Ash Hollow,3,2,3,0
74792,L. A. Mus. no. V492,-117.083336,35.066666,14.4,Barstow,6,0,5,1
75859,Smith Valley (LACM 7685),-119.333336,38.849998,7.050000000000001,Coal Valley,2,2,2,0
75945,UTBEG 31190 (USNM Collection),-95.216667,30.75,17.4,Oakville,4,3,4,0
79633,Joseph R Thomasson Site 9a,-99.51667,39.016666,7.050000000000001,Ogallala,2,2,2,0
85056,Northeast Rim of Sinclair Draw,-102.75,42.033333,14.4,Olcott,1,1,0,1
89444,Centenario Bridge,-79.636787,9.030115,17.4,Cucaracha,3,3,3,0
93076,Steer Creek (Burge Member),-100.849998,42.716667,10.95,Valentine,1,1,1,0
93077,Reynolds,-84.099998,32.566666,7.050000000000001,,1,1,1,0
93107,UCR RV-7515,-116.683334,32.966667,14.4,Punchbowl,4,4,4,0
94334,Utah Geological Survey Site 42Sv066v,-112.26667,38.583332,7.050000000000001,Sevier,5,5,5,0
