species,rid,year,occ_t,occ_tm1
3160,124-11-10,2022,1.0,0.0
3160,124-11-17,1999,1.0,0.0
3160,124-11-17,2000,1.0,1.0
3160,124-11-19,2000,1.0,1.0
3160,124-11-19,2008,1.0,0.0
3160,124-11-19,2022,1.0,0.0
3160,124-11-208,2000,1.0,1.0
3160,124-11-208,2007,1.0,1.0
3160,124-11-208,2013,1.0,1.0
3160,124-11-208,2014,1.0,1.0
3160,124-11-208,2018,1.0,1.0
3160,124-11-208,2022,1.0,1.0
3160,124-11-220,2014,1.0,0.0
3160,124-11-220,2016,1.0,0.0
3160,124-11-222,2007,1.0,0.0
3160,124-11-222,2008,1.0,1.0
3160,124-11-222,2011,1.0,0.0
3160,124-11-222,2018,1.0,0.0
3160,124-11-223,2000,1.0,0.0
3160,124-11-244,2023,1.0,0.0
3160,124-11-29,1998,1.0,0.0
3160,124-11-29,2007,1.0,0.0
3160,124-11-29,2014,1.0,0.0
3160,124-11-401,2015,1.0,0.0
3160,124-11-407,2008,1.0,1.0
3160,124-11-408,1998,1.0,1.0
3160,124-11-408,2000,1.0,1.0
3160,124-11-408,2007,1.0,1.0
3160,124-11-408,2008,1.0,1.0
3160,124-11-408,2014,1.0,0.0
3160,124-11-408,2022,1.0,1.0
3160,124-11-419,2000,1.0,1.0
3160,124-11-420,2000,1.0,1.0
3160,124-11-420,2007,1.0,1.0
3160,124-11-420,2008,1.0,1.0
3160,124-11-420,2014,1.0,0.0
3160,124-11-45,2000,1.0,1.0
3160,124-11-45,2005,1.0,0.0
3160,124-11-45,2007,1.0,1.0
3160,124-11-45,2010,1.0,1.0
3160,124-11-45,2014,1.0,1.0
3160,124-11-45,2018,1.0,0.0
3160,124-11-608,1998,1.0,1.0
3160,124-11-608,2000,1.0,1.0
3160,124-11-608,2007,1.0,1.0
3160,124-11-608,2013,1.0,1.0
3160,124-11-608,2014,1.0,1.0
3160,124-11-608,2018,1.0,1.0
3160,124-4-10,2007,1.0,0.0
3160,124-4-106,2001,1.0,1.0
3160,124-4-106,2002,1.0,1.0
3160,124-4-106,2019,1.0,1.0
3160,124-4-106,2022,1.0,1.0
3160,124-4-107,2001,1.0,1.0
3160,124-4-107,2003,1.0,0.0
3160,124-4-107,2012,1.0,0.0
3160,124-4-107,2013,1.0,1.0
3160,124-4-107,2019,1.0,1.0
3160,124-4-109,2000,1.0,0.0
3160,124-4-109,2004,1.0,0.0
3160,124-4-109,2008,1.0,1.0
3160,124-4-109,2012,1.0,1.0
3160,124-4-109,2013,1.0,1.0
3160,124-4-109,2018,1.0,1.0
3160,124-4-109,2022,1.0,1.0
3160,124-4-113,1998,1.0,1.0
3160,124-4-113,2001,1.0,1.0
3160,124-4-113,2003,1.0,1.0
3160,124-4-113,2008,1.0,1.0
3160,124-4-113,2009,1.0,1.0
3160,124-4-113,2013,1.0,1.0
3160,124-4-113,2019,1.0,1.0
3160,124-4-114,1998,1.0,0.0
3160,124-4-114,2004,1.0,0.0
3160,124-4-114,2013,1.0,0.0
3160,124-4-114,2019,1.0,1.0
3160,124-4-114,2022,1.0,1.0
3160,124-4-115,2003,1.0,1.0
3160,124-4-115,2007,1.0,1.0
3160,124-4-115,2012,1.0,1.0
3160,124-4-115,2013,1.0,1.0
3160,124-4-115,2019,1.0,1.0
3160,124-4-121,2008,1.0,0.0
3160,124-4-121,2009,1.0,1.0
3160,124-4-121,2010,1.0,1.0
3160,124-4-121,2011,1.0,1.0
3160,124-4-127,1999,1.0,0.0
3160,124-4-127,2008,1.0,0.0
3160,124-4-127,2009,1.0,1.0
3160,124-4-127,2010,1.0,1.0
3160,124-4-127,2011,1.0,1.0
3160,124-4-127,2014,1.0,0.0
3160,124-4-128,1998,1.0,0.0
3160,124-4-128,2007,1.0,0.0
3160,124-4-128,2012,1.0,0.0
3160,124-4-128,2022,1.0,1.0
3160,124-4-13,2008,1.0,1.0
3160,124-4-13,2009,1.0,1.0
3160,124-4-13,2013,1.0,1.0
3160,124-4-136,2011,1.0,0.0
3160,124-4-136,2017,1.0,1.0
3160,124-4-136,2019,1.0,0.0
3160,124-4-138,2008,1.0,0.0
3160,124-4-138,2010,1.0,0.0
3160,124-4-14,2008,1.0,0.0
3160,124-4-14,2009,1.0,1.0
3160,124-4-14,2010,1.0,1.0
3160,124-4-14,2013,1.0,0.0
3160,124-4-18,1998,1.0,1.0
3160,124-4-18,2000,1.0,0.0
3160,124-4-18,2001,1.0,1.0
3160,124-4-18,2003,1.0,1.0
3160,124-4-18,2008,1.0,1.0
3160,124-4-18,2010,1.0,0.0
3160,124-4-18,2011,1.0,1.0
3160,124-4-18,2013,1.0,1.0
3160,124-4-19,1998,1.0,1.0
3160,124-4-19,2001,1.0,0.0
3160,124-4-19,2008,1.0,1.0
3160,124-4-19,2009,1.0,1.0
3160,124-4-19,2010,1.0,1.0
3160,124-4-19,2013,1.0,0.0
3160,124-4-2,2000,1.0,1.0
3160,124-4-2,2001,1.0,1.0
3160,124-4-2,2002,1.0,1.0
3160,124-4-2,2003,1.0,1.0
3160,124-4-2,2012,1.0,1.0
3160,124-4-2,2013,1.0,1.0
3160,124-4-2,2019,1.0,1.0
3160,124-4-2,2022,1.0,1.0
3160,124-4-20,2022,1.0,0.0
3160,124-4-201,2001,1.0,1.0
3160,124-4-201,2002,1.0,1.0
3160,124-4-201,2003,1.0,1.0
3160,124-4-201,2012,1.0,0.0
3160,124-4-201,2013,1.0,1.0
3160,124-4-201,2019,1.0,1.0
3160,124-4-201,2022,1.0,1.0
3160,124-4-204,2002,1.0,1.0
3160,124-4-204,2004,1.0,1.0
3160,124-4-204,2008,1.0,1.0
3160,124-4-204,2013,1.0,0.0
3160,124-4-204,2018,1.0,1.0
3160,124-4-204,2019,1.0,1.0
3160,124-4-210,2004,1.0,0.0
3160,124-4-210,2013,1.0,1.0
3160,124-4-210,2018,1.0,1.0
3160,124-4-210,2019,1.0,1.0
3160,124-4-210,2022,1.0,1.0
3160,124-4-212,1998,1.0,0.0
3160,124-4-212,2000,1.0,0.0
3160,124-4-212,2008,1.0,1.0
3160,124-4-212,2013,1.0,0.0
3160,124-4-212,2019,1.0,1.0
3160,124-4-213,2013,1.0,0.0
3160,124-4-213,2019,1.0,0.0
3160,124-4-214,2007,1.0,0.0
3160,124-4-214,2012,1.0,1.0
3160,124-4-214,2019,1.0,0.0
3160,124-4-214,2022,1.0,1.0
3160,124-4-215,2002,1.0,0.0
3160,124-4-215,2016,1.0,1.0
3160,124-4-22,2003,1.0,0.0
3160,124-4-22,2004,1.0,1.0
3160,124-4-22,2007,1.0,1.0
3160,124-4-22,2012,1.0,1.0
3160,124-4-22,2019,1.0,0.0
3160,124-4-227,1999,1.0,1.0
3160,124-4-227,2001,1.0,1.0
3160,124-4-227,2007,1.0,0.0
3160,124-4-227,2011,1.0,1.0
3160,124-4-228,1998,1.0,1.0
3160,124-4-228,2008,1.0,0.0
3160,124-4-228,2012,1.0,0.0
3160,124-4-229,2009,1.0,0.0
3160,124-4-229,2010,1.0,1.0
3160,124-4-229,2013,1.0,0.0
3160,124-4-229,2014,1.0,1.0
3160,124-4-229,2017,1.0,1.0
3160,124-4-229,2022,1.0,1.0
3160,124-4-251,2004,1.0,0.0
3160,124-4-251,2006,1.0,0.0
3160,124-4-26,1998,1.0,0.0
3160,124-4-26,2006,1.0,0.0
3160,124-4-27,1999,1.0,1.0
3160,124-4-27,2000,1.0,1.0
3160,124-4-27,2001,1.0,1.0
3160,124-4-27,2003,1.0,1.0
3160,124-4-27,2009,1.0,0.0
3160,124-4-27,2011,1.0,0.0
3160,124-4-27,2013,1.0,0.0
3160,124-4-3,2000,1.0,1.0
3160,124-4-3,2001,1.0,1.0
3160,124-4-3,2002,1.0,1.0
3160,124-4-3,2004,1.0,1.0
3160,124-4-3,2008,1.0,1.0
3160,124-4-3,2009,1.0,1.0
3160,124-4-3,2012,1.0,1.0
3160,124-4-3,2013,1.0,1.0
3160,124-4-302,2001,1.0,1.0
3160,124-4-302,2002,1.0,1.0
3160,124-4-302,2012,1.0,1.0
3160,124-4-302,2013,1.0,1.0
3160,124-4-302,2019,1.0,1.0
3160,124-4-302,2022,1.0,1.0
3160,124-4-304,2000,1.0,0.0
3160,124-4-304,2008,1.0,1.0
3160,124-4-304,2013,1.0,0.0
3160,124-4-304,2019,1.0,0.0
3160,124-4-306,2012,1.0,1.0
3160,124-4-306,2013,1.0,1.0
3160,124-4-306,2019,1.0,1.0
3160,124-4-306,2022,1.0,1.0
3160,124-4-31,2007,1.0,0.0
3160,124-4-31,2017,1.0,0.0
3160,124-4-311,1998,1.0,0.0
3160,124-4-311,1999,1.0,1.0
3160,124-4-311,2000,1.0,1.0
3160,124-4-311,2003,1.0,0.0
3160,124-4-311,2008,1.0,1.0
3160,124-4-311,2009,1.0,1.0
3160,124-4-311,2010,1.0,1.0
3160,124-4-312,2003,1.0,0.0
3160,124-4-312,2009,1.0,1.0
3160,124-4-312,2013,1.0,1.0
3160,124-4-312,2019,1.0,1.0
3160,124-4-312,2022,1.0,1.0
3160,124-4-313,1998,1.0,0.0
3160,124-4-313,2001,1.0,1.0
3160,124-4-313,2003,1.0,1.0
3160,124-4-313,2009,1.0,0.0
3160,124-4-313,2022,1.0,1.0
3160,124-4-315,2003,1.0,1.0
3160,124-4-315,2004,1.0,1.0
3160,124-4-315,2019,1.0,1.0
3160,124-4-328,1998,1.0,1.0
3160,124-4-328,2007,1.0,1.0
3160,124-4-328,2022,1.0,1.0
3160,124-4-329,2009,1.0,0.0
3160,124-4-329,2012,1.0,1.0
3160,124-4-4,2002,1.0,0.0
3160,124-4-4,2004,1.0,0.0
3160,124-4-4,2008,1.0,1.0
3160,124-4-4,2013,1.0,1.0
3160,124-4-4,2018,1.0,1.0
3160,124-4-40,2009,1.0,0.0
3160,124-4-40,2010,1.0,1.0
3160,124-4-40,2014,1.0,0.0
3160,124-4-40,2022,1.0,0.0
3160,124-4-404,2008,1.0,0.0
3160,124-4-404,2019,1.0,0.0
3160,124-4-42,1999,1.0,0.0
3160,124-4-6,2000,1.0,0.0
3160,124-4-6,2003,1.0,1.0
3160,124-4-6,2013,1.0,0.0
3160,124-4-6,2022,1.0,0.0
3160,124-4-7,2000,1.0,0.0
3160,124-4-7,2004,1.0,1.0
3160,124-4-7,2008,1.0,1.0
3160,124-4-9,2008,1.0,0.0
3160,124-4-9,2013,1.0,0.0
3160,124-45-1,2005,1.0,0.0
3160,124-45-1,2007,1.0,1.0
3160,124-45-1,2013,1.0,1.0
3160,124-45-1,2015,1.0,1.0
3160,124-45-1,2016,1.0,1.0
3160,124-45-1,2017,1.0,1.0
3160,124-45-102,2002,1.0,1.0
3160,124-45-102,2003,1.0,1.0
3160,124-45-102,2005,1.0,1.0
3160,124-45-102,2007,1.0,1.0
3160,124-45-102,2013,1.0,1.0
3160,124-45-102,2015,1.0,1.0
3160,124-45-102,2016,1.0,1.0
3160,124-45-102,2017,1.0,1.0
3160,124-45-103,2003,1.0,1.0
3160,124-45-103,2005,1.0,1.0
3160,124-45-103,2007,1.0,0.0
3160,124-45-103,2016,1.0,1.0
3160,124-45-103,2017,1.0,1.0
3160,124-45-105,2003,1.0,1.0
3160,124-45-105,2007,1.0,1.0
3160,124-45-105,2013,1.0,1.0
3160,124-45-105,2015,1.0,1.0
3160,124-45-105,2016,1.0,1.0
3160,124-45-105,2017,1.0,1.0
3160,124-45-105,2019,1.0,1.0
3160,124-45-107,2003,1.0,1.0
3160,124-45-107,2005,1.0,1.0
3160,124-45-107,2017,1.0,1.0
3160,124-45-107,2022,1.0,0.0
3160,124-45-109,2007,1.0,1.0
3160,124-45-109,2013,1.0,1.0
3160,124-45-109,2015,1.0,1.0
3160,124-45-11,2007,1.0,0.0
3160,124-45-11,2013,1.0,1.0
3160,124-45-11,2017,1.0,1.0
3160,124-45-11,2019,1.0,1.0
3160,124-45-111,2003,1.0,1.0
3160,124-45-111,2005,1.0,1.0
3160,124-45-111,2010,1.0,1.0
3160,124-45-111,2017,1.0,1.0
3160,124-45-111,2022,1.0,1.0
3160,124-45-113,1999,1.0,1.0
3160,124-45-113,2005,1.0,1.0
3160,124-45-113,2011,1.0,0.0
3160,124-45-114,1999,1.0,1.0
3160,124-45-114,2005,1.0,0.0
3160,124-45-114,2008,1.0,1.0
3160,124-45-114,2010,1.0,1.0
3160,124-45-114,2011,1.0,1.0
3160,124-45-114,2014,1.0,0.0
3160,124-45-116,2005,1.0,1.0
3160,124-45-116,2007,1.0,0.0
3160,124-45-116,2017,1.0,1.0
3160,124-45-118,2001,1.0,0.0
3160,124-45-118,2007,1.0,1.0
3160,124-45-118,2008,1.0,1.0
3160,124-45-118,2010,1.0,1.0
3160,124-45-118,2011,1.0,1.0
3160,124-45-118,2014,1.0,1.0
3160,124-45-118,2022,1.0,0.0
3160,124-45-12,2016,1.0,0.0
3160,124-45-120,2003,1.0,1.0
3160,124-45-120,2012,1.0,1.0
3160,124-45-120,2013,1.0,1.0
3160,124-45-120,2016,1.0,1.0
3160,124-45-121,2003,1.0,1.0
3160,124-45-121,2005,1.0,1.0
3160,124-45-121,2007,1.0,1.0
3160,124-45-121,2010,1.0,1.0
3160,124-45-121,2017,1.0,1.0
3160,124-45-121,2022,1.0,1.0
3160,124-45-13,2003,1.0,1.0
3160,124-45-13,2005,1.0,1.0
3160,124-45-13,2007,1.0,1.0
3160,124-45-13,2013,1.0,1.0
3160,124-45-13,2015,1.0,1.0
3160,124-45-13,2016,1.0,1.0
3160,124-45-13,2017,1.0,1.0
3160,124-45-18,2005,1.0,1.0
3160,124-45-18,2017,1.0,1.0
3160,124-45-2,2003,1.0,1.0
3160,124-45-2,2005,1.0,1.0
3160,124-45-2,2007,1.0,1.0
3160,124-45-2,2013,1.0,1.0
3160,124-45-2,2015,1.0,1.0
3160,124-45-2,2016,1.0,1.0
3160,124-45-2,2017,1.0,1.0
3160,124-45-201,2005,1.0,0.0
3160,124-45-201,2013,1.0,0.0
3160,124-45-201,2017,1.0,0.0
3160,124-45-201,2022,1.0,0.0
3160,124-45-203,2003,1.0,1.0
3160,124-45-203,2005,1.0,1.0
3160,124-45-203,2013,1.0,1.0
3160,124-45-203,2015,1.0,1.0
3160,124-45-203,2016,1.0,1.0
3160,124-45-203,2017,1.0,1.0
3160,124-45-203,2019,1.0,1.0
3160,124-45-203,2022,1.0,1.0
3160,124-45-205,2003,1.0,1.0
3160,124-45-205,2005,1.0,1.0
3160,124-45-205,2013,1.0,1.0
3160,124-45-205,2015,1.0,1.0
3160,124-45-205,2016,1.0,1.0
3160,124-45-205,2017,1.0,1.0
3160,124-45-205,2019,1.0,1.0
3160,124-45-207,2003,1.0,1.0
3160,124-45-207,2005,1.0,0.0
3160,124-45-207,2010,1.0,1.0
3160,124-45-207,2022,1.0,0.0
3160,124-45-209,2003,1.0,1.0
3160,124-45-209,2007,1.0,1.0
3160,124-45-209,2013,1.0,1.0
3160,124-45-209,2017,1.0,1.0
3160,124-45-209,2019,1.0,1.0
3160,124-45-21,2003,1.0,1.0
3160,124-45-21,2005,1.0,1.0
3160,124-45-21,2007,1.0,1.0
3160,124-45-21,2010,1.0,1.0
3160,124-45-21,2022,1.0,1.0
3160,124-45-213,1999,1.0,0.0
3160,124-45-213,2005,1.0,1.0
3160,124-45-213,2007,1.0,1.0
3160,124-45-213,2011,1.0,1.0
3160,124-45-213,2015,1.0,1.0
3160,124-45-216,1999,1.0,0.0
3160,124-45-216,2008,1.0,1.0
3160,124-45-216,2010,1.0,1.0
3160,124-45-216,2011,1.0,1.0
3160,124-45-216,2022,1.0,1.0
3160,124-45-218,2003,1.0,1.0
3160,124-45-218,2007,1.0,1.0
3160,124-45-218,2013,1.0,1.0
3160,124-45-218,2016,1.0,1.0
3160,124-45-218,2017,1.0,1.0
3160,124-45-22,1999,1.0,0.0
3160,124-45-22,2005,1.0,1.0
3160,124-45-220,2001,1.0,1.0
3160,124-45-220,2005,1.0,1.0
3160,124-45-220,2007,1.0,1.0
3160,124-45-220,2010,1.0,1.0
3160,124-45-220,2011,1.0,1.0
3160,124-45-3,1999,1.0,0.0
3160,124-45-3,2001,1.0,1.0
3160,124-45-3,2008,1.0,1.0
3160,124-45-3,2010,1.0,1.0
3160,124-45-3,2011,1.0,1.0
3160,124-45-3,2014,1.0,1.0
3160,124-45-30,2012,1.0,1.0
3160,124-45-30,2013,1.0,1.0
3160,124-45-307,2007,1.0,0.0
3160,124-45-307,2013,1.0,1.0
3160,124-45-307,2015,1.0,1.0
3160,124-45-307,2017,1.0,1.0
3160,124-45-307,2019,1.0,1.0
3160,124-45-41,1999,1.0,0.0
3160,124-45-41,2005,1.0,0.0
3160,124-45-41,2016,1.0,0.0
3160,124-45-41,2019,1.0,1.0
3160,124-45-42,1999,1.0,1.0
3160,124-45-42,2005,1.0,1.0
3160,124-45-42,2008,1.0,0.0
3160,124-45-43,1999,1.0,1.0
3160,124-45-43,2005,1.0,0.0
3160,124-45-43,2007,1.0,1.0
3160,124-45-43,2008,1.0,1.0
3160,124-45-43,2010,1.0,1.0
3160,124-45-49,2012,1.0,1.0
3160,124-45-49,2019,1.0,1.0
3160,124-45-5,2003,1.0,1.0
3160,124-45-5,2005,1.0,1.0
3160,124-45-5,2013,1.0,1.0
3160,124-45-5,2015,1.0,0.0
3160,124-45-5,2016,1.0,1.0
3160,124-45-5,2017,1.0,1.0
3160,124-45-5,2019,1.0,1.0
3160,124-45-7,2013,1.0,1.0
3160,124-45-7,2015,1.0,1.0
3160,124-45-7,2017,1.0,1.0
3160,124-45-7,2019,1.0,1.0
3160,124-45-7,2022,1.0,1.0
3160,124-45-9,2007,1.0,1.0
3160,124-45-9,2013,1.0,1.0
3160,124-45-9,2015,1.0,1.0
3160,124-45-9,2017,1.0,1.0
3160,124-45-9,2019,1.0,1.0
3160,124-56-105,1998,1.0,1.0
3160,124-56-105,2007,1.0,1.0
3160,124-56-105,2009,1.0,0.0
3160,124-56-105,2011,1.0,0.0
3160,124-56-105,2016,1.0,1.0
3160,124-56-105,2017,1.0,1.0
3160,124-56-105,2023,1.0,0.0
3160,124-56-13,2005,1.0,1.0
3160,124-56-13,2008,1.0,1.0
3160,124-56-13,2009,1.0,1.0
3160,124-56-13,2010,1.0,1.0
3160,124-56-13,2012,1.0,1.0
3160,124-56-13,2013,1.0,1.0
3160,124-56-13,2016,1.0,1.0
3160,124-56-13,2019,1.0,1.0
3160,124-56-13,2023,1.0,1.0
3160,124-56-137,2003,1.0,1.0
3160,124-56-137,2007,1.0,1.0
3160,124-56-137,2013,1.0,1.0
3160,124-56-137,2014,1.0,1.0
3160,124-56-137,2017,1.0,1.0
3160,124-56-137,2019,1.0,1.0
3160,124-56-137,2022,1.0,1.0
3160,124-56-14,1998,1.0,1.0
3160,124-56-14,2000,1.0,1.0
3160,124-56-14,2003,1.0,1.0
3160,124-56-14,2007,1.0,1.0
3160,124-56-14,2012,1.0,1.0
3160,124-56-14,2013,1.0,1.0
3160,124-56-14,2015,1.0,0.0
3160,124-56-15,2000,1.0,1.0
3160,124-56-15,2003,1.0,1.0
3160,124-56-15,2005,1.0,1.0
3160,124-56-15,2007,1.0,1.0
3160,124-56-15,2008,1.0,1.0
3160,124-56-15,2009,1.0,1.0
3160,124-56-15,2010,1.0,1.0
3160,124-56-15,2013,1.0,1.0
3160,124-56-15,2016,1.0,1.0
3160,124-56-15,2019,1.0,1.0
3160,124-56-21,1998,1.0,1.0
3160,124-56-21,2007,1.0,1.0
3160,124-56-21,2008,1.0,1.0
3160,124-56-21,2009,1.0,1.0
3160,124-56-21,2010,1.0,1.0
3160,124-56-21,2012,1.0,1.0
3160,124-56-21,2013,1.0,1.0
3160,124-56-21,2016,1.0,1.0
3160,124-56-21,2017,1.0,1.0
3160,124-56-21,2019,1.0,1.0
3160,124-56-21,2022,1.0,1.0
3160,124-56-21,2023,1.0,1.0
3160,124-56-22,2003,1.0,1.0
3160,124-56-22,2007,1.0,1.0
3160,124-56-22,2008,1.0,1.0
3160,124-56-22,2009,1.0,1.0
3160,124-56-22,2010,1.0,1.0
3160,124-56-22,2013,1.0,1.0
3160,124-56-22,2014,1.0,1.0
3160,124-56-22,2017,1.0,1.0
3160,124-56-22,2019,1.0,1.0
3160,124-56-22,2022,1.0,0.0
3160,124-56-25,2007,1.0,0.0
3160,124-56-25,2008,1.0,1.0
3160,124-56-25,2010,1.0,0.0
3160,124-56-25,2012,1.0,0.0
3160,124-56-25,2023,1.0,1.0
3160,124-56-26,2000,1.0,1.0
3160,124-56-26,2010,1.0,0.0
3160,124-56-26,2012,1.0,1.0
3160,124-56-26,2016,1.0,1.0
3160,124-56-26,2019,1.0,1.0
3160,124-56-26,2023,1.0,1.0
3160,124-56-31,1998,1.0,1.0
3160,124-56-31,2000,1.0,1.0
3160,124-56-31,2007,1.0,0.0
3160,124-56-31,2010,1.0,1.0
3160,124-56-31,2014,1.0,1.0
3160,124-56-31,2017,1.0,1.0
3160,124-56-31,2019,1.0,1.0
3160,124-56-31,2023,1.0,1.0
3160,124-56-33,2003,1.0,1.0
3160,124-56-33,2007,1.0,1.0
3160,124-56-33,2008,1.0,1.0
3160,124-56-33,2009,1.0,1.0
3160,124-56-33,2010,1.0,1.0
3160,124-56-33,2013,1.0,1.0
3160,124-56-33,2014,1.0,1.0
3160,124-56-33,2017,1.0,1.0
3160,124-56-33,2022,1.0,1.0
3160,124-56-34,2000,1.0,1.0
3160,124-56-34,2007,1.0,1.0
3160,124-56-34,2009,1.0,1.0
3160,124-56-34,2011,1.0,0.0
3160,124-56-34,2012,1.0,1.0
3160,124-56-34,2016,1.0,1.0
3160,124-56-38,2000,1.0,1.0
3160,124-56-38,2003,1.0,1.0
3160,124-56-38,2005,1.0,1.0
3160,124-56-38,2006,1.0,1.0
3160,124-56-38,2007,1.0,1.0
3160,124-56-38,2008,1.0,1.0
3160,124-56-38,2009,1.0,1.0
3160,124-56-38,2011,1.0,1.0
3160,124-56-38,2012,1.0,1.0
3160,124-56-38,2016,1.0,0.0
3160,124-56-38,2017,1.0,1.0
3160,124-56-38,2022,1.0,1.0
3160,124-56-38,2023,1.0,1.0
3160,124-56-40,2000,1.0,1.0
3160,124-56-40,2003,1.0,0.0
3160,124-56-40,2016,1.0,0.0
3160,124-56-40,2017,1.0,1.0
3160,124-56-40,2022,1.0,0.0
3160,124-56-40,2023,1.0,1.0
3160,124-56-41,1998,1.0,1.0
3160,124-56-41,2000,1.0,1.0
3160,124-56-41,2003,1.0,1.0
3160,124-56-41,2005,1.0,1.0
3160,124-56-41,2006,1.0,1.0
3160,124-56-41,2007,1.0,1.0
3160,124-56-41,2011,1.0,1.0
3160,124-56-41,2012,1.0,1.0
3160,124-56-41,2013,1.0,1.0
3160,124-56-41,2017,1.0,1.0
3160,124-56-41,2019,1.0,1.0
3160,124-56-41,2023,1.0,1.0
3160,124-56-42,1998,1.0,1.0
3160,124-56-42,2000,1.0,0.0
3160,124-56-42,2005,1.0,1.0
3160,124-56-42,2007,1.0,1.0
3160,124-56-42,2010,1.0,1.0
3160,124-56-42,2012,1.0,1.0
3160,124-56-42,2014,1.0,0.0
3160,124-56-44,2003,1.0,1.0
3160,124-56-44,2005,1.0,1.0
3160,124-56-44,2007,1.0,1.0
3160,124-56-44,2008,1.0,1.0
3160,124-56-44,2009,1.0,1.0
3160,124-56-44,2010,1.0,1.0
3160,124-56-44,2013,1.0,1.0
3160,124-56-44,2014,1.0,1.0
3160,124-57-10,2005,1.0,0.0
3160,124-57-10,2008,1.0,1.0
3160,124-57-10,2016,1.0,1.0
3160,124-57-10,2017,1.0,1.0
3160,124-57-10,2023,1.0,1.0
3160,124-57-121,2005,1.0,0.0
3160,124-57-16,2008,1.0,0.0
3160,124-57-16,2013,1.0,1.0
3160,124-57-16,2023,1.0,1.0
3160,124-57-3,2013,1.0,0.0
3160,124-57-36,2011,1.0,0.0
3160,124-57-36,2013,1.0,0.0
3160,124-57-6,2014,1.0,0.0
3160,124-57-6,2023,1.0,0.0
3160,124-65-11,1998,1.0,1.0
3160,124-65-11,2003,1.0,0.0
3160,124-65-11,2005,1.0,1.0
3160,124-65-11,2007,1.0,0.0
3160,124-65-11,2008,1.0,1.0
3160,124-65-11,2016,1.0,1.0
3160,124-65-11,2023,1.0,1.0
3160,124-65-117,2000,1.0,1.0
3160,124-65-117,2003,1.0,1.0
3160,124-65-117,2005,1.0,1.0
3160,124-65-117,2008,1.0,1.0
3160,124-65-117,2009,1.0,1.0
3160,124-65-117,2010,1.0,1.0
3160,124-65-117,2013,1.0,1.0
3160,124-65-117,2014,1.0,1.0
3160,124-65-117,2017,1.0,1.0
3160,124-65-117,2022,1.0,1.0
3160,124-65-13,2008,1.0,1.0
3160,124-65-13,2009,1.0,1.0
3160,124-65-13,2010,1.0,1.0
3160,124-65-13,2014,1.0,1.0
3160,124-65-13,2022,1.0,1.0
3160,124-65-13,2023,1.0,1.0
3160,124-65-130,1998,1.0,1.0
3160,124-65-130,2000,1.0,1.0
3160,124-65-130,2005,1.0,1.0
3160,124-65-130,2017,1.0,1.0
3160,124-65-130,2023,1.0,1.0
3160,124-65-14,1998,1.0,0.0
3160,124-65-14,2000,1.0,1.0
3160,124-65-14,2003,1.0,1.0
3160,124-65-14,2005,1.0,1.0
3160,124-65-14,2008,1.0,1.0
3160,124-65-14,2009,1.0,1.0
3160,124-65-14,2010,1.0,1.0
3160,124-65-14,2014,1.0,1.0
3160,124-65-14,2023,1.0,1.0
3160,124-65-18,2005,1.0,1.0
3160,124-65-18,2008,1.0,0.0
3160,124-65-18,2009,1.0,1.0
3160,124-65-18,2010,1.0,1.0
3160,124-65-18,2013,1.0,1.0
3160,124-65-18,2017,1.0,1.0
3160,124-65-18,2022,1.0,1.0
3160,124-65-18,2023,1.0,1.0
3160,124-65-19,1998,1.0,1.0
3160,124-65-19,2000,1.0,1.0
3160,124-65-19,2003,1.0,1.0
3160,124-65-19,2005,1.0,1.0
3160,124-65-19,2008,1.0,1.0
3160,124-65-19,2009,1.0,1.0
3160,124-65-19,2010,1.0,1.0
3160,124-65-19,2014,1.0,1.0
3160,124-65-19,2017,1.0,1.0
3160,124-65-19,2019,1.0,1.0
3160,124-65-19,2023,1.0,1.0
3160,124-65-20,2000,1.0,1.0
3160,124-65-20,2003,1.0,1.0
3160,124-65-20,2005,1.0,1.0
3160,124-65-20,2008,1.0,1.0
3160,124-65-20,2009,1.0,1.0
3160,124-65-20,2010,1.0,1.0
3160,124-65-20,2013,1.0,1.0
3160,124-65-20,2014,1.0,1.0
3160,124-65-20,2017,1.0,1.0
3160,124-65-20,2022,1.0,0.0
3160,124-65-20,2023,1.0,1.0
3160,124-65-21,1998,1.0,0.0
3160,124-65-21,2000,1.0,1.0
3160,124-65-21,2005,1.0,1.0
3160,124-65-21,2007,1.0,1.0
3160,124-65-21,2010,1.0,0.0
3160,124-65-21,2014,1.0,1.0
3160,124-65-21,2017,1.0,1.0
3160,124-65-22,1998,1.0,1.0
3160,124-65-22,2000,1.0,1.0
3160,124-65-22,2007,1.0,0.0
3160,124-65-22,2023,1.0,1.0
3160,124-65-23,1998,1.0,1.0
3160,124-65-23,2000,1.0,0.0
3160,124-65-23,2005,1.0,1.0
3160,124-65-23,2007,1.0,0.0
3160,124-65-23,2012,1.0,0.0
3160,124-65-23,2014,1.0,1.0
3160,124-65-23,2019,1.0,1.0
3160,124-65-23,2023,1.0,1.0
3160,124-65-27,1998,1.0,1.0
3160,124-65-27,2000,1.0,1.0
3160,124-65-27,2003,1.0,1.0
3160,124-65-27,2005,1.0,1.0
3160,124-65-27,2008,1.0,1.0
3160,124-65-27,2009,1.0,1.0
3160,124-65-27,2010,1.0,1.0
3160,124-65-27,2012,1.0,1.0
3160,124-65-27,2014,1.0,1.0
3160,124-65-27,2017,1.0,1.0
3160,124-65-27,2023,1.0,1.0
3160,124-65-28,2000,1.0,1.0
3160,124-65-28,2003,1.0,1.0
3160,124-65-28,2005,1.0,1.0
3160,124-65-28,2007,1.0,1.0
3160,124-65-28,2008,1.0,1.0
3160,124-65-28,2009,1.0,1.0
3160,124-65-28,2010,1.0,1.0
3160,124-65-28,2014,1.0,0.0
3160,124-65-28,2017,1.0,1.0
3160,124-65-28,2023,1.0,0.0
3160,124-65-29,1998,1.0,1.0
3160,124-65-29,2000,1.0,1.0
3160,124-65-29,2005,1.0,0.0
3160,124-65-29,2006,1.0,1.0
3160,124-65-29,2007,1.0,1.0
3160,124-65-29,2008,1.0,1.0
3160,124-65-29,2009,1.0,1.0
3160,124-65-29,2014,1.0,0.0
3160,124-65-29,2017,1.0,1.0
3160,124-65-3,2010,1.0,0.0
3160,124-65-3,2014,1.0,0.0
3160,124-65-3,2016,1.0,1.0
3160,124-65-3,2019,1.0,0.0
3160,124-65-3,2023,1.0,1.0
3160,124-65-31,1998,1.0,1.0
3160,124-65-31,2000,1.0,1.0
3160,124-65-31,2006,1.0,0.0
3160,124-65-31,2007,1.0,1.0
3160,124-65-31,2008,1.0,1.0
3160,124-65-31,2012,1.0,1.0
3160,124-65-31,2014,1.0,1.0
3160,124-65-31,2017,1.0,0.0
3160,124-65-31,2022,1.0,1.0
3160,124-65-31,2023,1.0,1.0
3160,124-65-33,2000,1.0,1.0
3160,124-65-33,2007,1.0,1.0
3160,124-65-33,2008,1.0,1.0
3160,124-65-33,2011,1.0,1.0
3160,124-65-33,2013,1.0,1.0
3160,124-65-33,2014,1.0,1.0
3160,124-65-33,2019,1.0,1.0
3160,124-65-33,2023,1.0,1.0
3160,124-65-34,2000,1.0,1.0
3160,124-65-34,2008,1.0,1.0
3160,124-65-34,2013,1.0,0.0
3160,124-65-34,2014,1.0,1.0
3160,124-65-34,2016,1.0,1.0
3160,124-65-34,2023,1.0,1.0
3160,124-65-35,2000,1.0,1.0
3160,124-65-35,2011,1.0,0.0
3160,124-65-35,2013,1.0,0.0
3160,124-65-35,2016,1.0,1.0
3160,124-65-35,2017,1.0,1.0
3160,124-65-35,2019,1.0,1.0
3160,124-65-35,2023,1.0,1.0
3160,124-65-36,2003,1.0,1.0
3160,124-65-36,2007,1.0,0.0
3160,124-65-36,2009,1.0,1.0
3160,124-65-36,2011,1.0,1.0
3160,124-65-36,2012,1.0,1.0
3160,124-65-36,2019,1.0,1.0
3160,124-65-36,2023,1.0,1.0
3160,124-65-37,1998,1.0,1.0
3160,124-65-37,2000,1.0,1.0
3160,124-65-37,2011,1.0,1.0
3160,124-65-37,2016,1.0,1.0
3160,124-65-37,2017,1.0,1.0
3160,124-65-38,1998,1.0,1.0
3160,124-65-38,2007,1.0,0.0
3160,124-65-38,2015,1.0,0.0
3160,124-65-38,2017,1.0,1.0
3160,124-65-38,2023,1.0,0.0
3160,124-65-5,2016,1.0,0.0
3160,124-65-5,2017,1.0,1.0
3160,124-65-5,2019,1.0,0.0
3160,124-65-5,2023,1.0,0.0
3160,124-65-7,2012,1.0,1.0
3160,124-65-7,2014,1.0,1.0
3160,124-65-7,2016,1.0,1.0
3160,124-65-7,2019,1.0,1.0
3160,124-65-7,2023,1.0,1.0
3160,124-65-9,2002,1.0,0.0
3160,124-65-9,2004,1.0,1.0
3160,124-65-9,2016,1.0,1.0
3160,124-68-10,2006,1.0,0.0
3160,124-68-10,2008,1.0,1.0
3160,124-68-10,2010,1.0,1.0
3160,124-68-10,2014,1.0,1.0
3160,124-68-10,2016,1.0,1.0
3160,124-68-10,2017,1.0,1.0
3160,124-68-10,2018,1.0,1.0
3160,124-68-10,2022,1.0,1.0
3160,124-68-10,2023,1.0,1.0
3160,124-68-11,1998,1.0,1.0
3160,124-68-11,2001,1.0,1.0
3160,124-68-11,2006,1.0,0.0
3160,124-68-11,2007,1.0,1.0
3160,124-68-11,2010,1.0,1.0
3160,124-68-11,2011,1.0,1.0
3160,124-68-11,2014,1.0,1.0
3160,124-68-11,2016,1.0,1.0
3160,124-68-11,2022,1.0,1.0
3160,124-68-11,2023,1.0,1.0
3160,124-68-113,1998,1.0,1.0
3160,124-68-113,2001,1.0,1.0
3160,124-68-113,2003,1.0,1.0
3160,124-68-113,2006,1.0,1.0
3160,124-68-113,2008,1.0,1.0
3160,124-68-113,2010,1.0,1.0
3160,124-68-113,2011,1.0,1.0
3160,124-68-113,2014,1.0,1.0
3160,124-68-113,2016,1.0,1.0
3160,124-68-113,2023,1.0,1.0
3160,124-68-117,1998,1.0,1.0
3160,124-68-117,2001,1.0,1.0
3160,124-68-117,2010,1.0,1.0
3160,124-68-117,2013,1.0,1.0
3160,124-68-119,1998,1.0,1.0
3160,124-68-119,2008,1.0,1.0
3160,124-68-119,2010,1.0,1.0
3160,124-68-119,2013,1.0,1.0
3160,124-68-119,2017,1.0,1.0
3160,124-68-12,1998,1.0,1.0
3160,124-68-12,2001,1.0,1.0
3160,124-68-12,2003,1.0,1.0
3160,124-68-12,2006,1.0,1.0
3160,124-68-12,2008,1.0,1.0
3160,124-68-12,2010,1.0,1.0
3160,124-68-12,2011,1.0,1.0
3160,124-68-12,2014,1.0,1.0
3160,124-68-12,2018,1.0,1.0
3160,124-68-127,2011,1.0,0.0
3160,124-68-127,2013,1.0,1.0
3160,124-68-127,2017,1.0,0.0
3160,124-68-127,2018,1.0,1.0
3160,124-68-14,1998,1.0,1.0
3160,124-68-14,2008,1.0,1.0
3160,124-68-14,2011,1.0,1.0
3160,124-68-14,2022,1.0,1.0
3160,124-68-142,2001,1.0,0.0
3160,124-68-142,2008,1.0,1.0
3160,124-68-142,2010,1.0,1.0
3160,124-68-142,2011,1.0,1.0
3160,124-68-142,2013,1.0,1.0
3160,124-68-142,2016,1.0,1.0
3160,124-68-142,2017,1.0,1.0
3160,124-68-142,2018,1.0,1.0
3160,124-68-15,1998,1.0,1.0
3160,124-68-15,2001,1.0,1.0
3160,124-68-15,2003,1.0,1.0
3160,124-68-15,2006,1.0,1.0
3160,124-68-15,2008,1.0,1.0
3160,124-68-15,2010,1.0,1.0
3160,124-68-15,2011,1.0,1.0
3160,124-68-15,2014,1.0,1.0
3160,124-68-15,2018,1.0,1.0
3160,124-68-16,2011,1.0,1.0
3160,124-68-16,2013,1.0,1.0
3160,124-68-16,2014,1.0,1.0
3160,124-68-16,2018,1.0,1.0
3160,124-68-18,1998,1.0,1.0
3160,124-68-18,2008,1.0,1.0
3160,124-68-18,2010,1.0,1.0
3160,124-68-18,2013,1.0,1.0
3160,124-68-18,2017,1.0,1.0
3160,124-68-2,2006,1.0,0.0
3160,124-68-2,2008,1.0,1.0
3160,124-68-2,2011,1.0,1.0
3160,124-68-2,2014,1.0,1.0
3160,124-68-2,2016,1.0,1.0
3160,124-68-2,2017,1.0,1.0
3160,124-68-2,2018,1.0,1.0
3160,124-68-2,2022,1.0,1.0
3160,124-68-2,2023,1.0,1.0
3160,124-68-20,2001,1.0,1.0
3160,124-68-20,2008,1.0,1.0
3160,124-68-20,2013,1.0,1.0
3160,124-68-20,2014,1.0,1.0
3160,124-68-20,2018,1.0,0.0
3160,124-68-20,2022,1.0,1.0
3160,124-68-202,2001,1.0,1.0
3160,124-68-202,2002,1.0,1.0
3160,124-68-202,2009,1.0,1.0
3160,124-68-202,2013,1.0,0.0
3160,124-68-202,2017,1.0,0.0
3160,124-68-203,1998,1.0,1.0
3160,124-68-203,2006,1.0,1.0
3160,124-68-203,2014,1.0,1.0
3160,124-68-203,2016,1.0,1.0
3160,124-68-203,2017,1.0,1.0
3160,124-68-203,2018,1.0,1.0
3160,124-68-207,2006,1.0,1.0
3160,124-68-207,2008,1.0,1.0
3160,124-68-207,2010,1.0,1.0
3160,124-68-207,2014,1.0,1.0
3160,124-68-207,2018,1.0,1.0
3160,124-68-207,2022,1.0,1.0
3160,124-68-208,1998,1.0,1.0
3160,124-68-208,2001,1.0,0.0
3160,124-68-208,2014,1.0,1.0
3160,124-68-208,2016,1.0,1.0
3160,124-68-208,2018,1.0,1.0
3160,124-68-208,2023,1.0,0.0
3160,124-68-209,2001,1.0,0.0
3160,124-68-209,2008,1.0,1.0
3160,124-68-209,2014,1.0,1.0
3160,124-68-209,2016,1.0,1.0
3160,124-68-209,2017,1.0,1.0
3160,124-68-209,2018,1.0,1.0
3160,124-68-209,2022,1.0,1.0
3160,124-68-209,2023,1.0,1.0
3160,124-68-210,2006,1.0,0.0
3160,124-68-210,2008,1.0,1.0
3160,124-68-210,2010,1.0,1.0
3160,124-68-210,2014,1.0,1.0
3160,124-68-210,2016,1.0,1.0
3160,124-68-210,2017,1.0,1.0
3160,124-68-210,2022,1.0,1.0
3160,124-68-210,2023,1.0,1.0
3160,124-68-211,2001,1.0,1.0
3160,124-68-211,2003,1.0,1.0
3160,124-68-211,2006,1.0,1.0
3160,124-68-211,2008,1.0,1.0
3160,124-68-211,2010,1.0,1.0
3160,124-68-211,2011,1.0,1.0
3160,124-68-211,2014,1.0,1.0
3160,124-68-211,2016,1.0,1.0
3160,124-68-211,2023,1.0,1.0
3160,124-68-213,2006,1.0,1.0
3160,124-68-213,2008,1.0,0.0
3160,124-68-213,2010,1.0,0.0
3160,124-68-213,2011,1.0,1.0
3160,124-68-213,2023,1.0,1.0
3160,124-68-214,1998,1.0,1.0
3160,124-68-214,2001,1.0,1.0
3160,124-68-214,2006,1.0,1.0
3160,124-68-214,2010,1.0,1.0
3160,124-68-214,2011,1.0,1.0
3160,124-68-214,2014,1.0,1.0
3160,124-68-214,2018,1.0,1.0
3160,124-68-215,1998,1.0,1.0
3160,124-68-215,2006,1.0,0.0
3160,124-68-215,2008,1.0,0.0
3160,124-68-215,2010,1.0,1.0
3160,124-68-215,2011,1.0,1.0
3160,124-68-215,2016,1.0,0.0
3160,124-68-215,2018,1.0,0.0
3160,124-68-216,1998,1.0,1.0
3160,124-68-216,2001,1.0,1.0
3160,124-68-216,2006,1.0,1.0
3160,124-68-216,2008,1.0,1.0
3160,124-68-216,2010,1.0,1.0
3160,124-68-216,2011,1.0,1.0
3160,124-68-216,2014,1.0,1.0
3160,124-68-216,2018,1.0,1.0
3160,124-68-217,1998,1.0,1.0
3160,124-68-217,2001,1.0,1.0
3160,124-68-217,2010,1.0,1.0
3160,124-68-217,2013,1.0,1.0
3160,124-68-217,2016,1.0,1.0
3160,124-68-217,2018,1.0,0.0
3160,124-68-218,2008,1.0,1.0
3160,124-68-218,2010,1.0,1.0
3160,124-68-218,2011,1.0,1.0
3160,124-68-218,2013,1.0,1.0
3160,124-68-218,2022,1.0,0.0
3160,124-68-219,2001,1.0,0.0
3160,124-68-219,2002,1.0,1.0
3160,124-68-219,2006,1.0,1.0
3160,124-68-219,2008,1.0,1.0
3160,124-68-219,2010,1.0,1.0
3160,124-68-219,2014,1.0,1.0
3160,124-68-219,2016,1.0,1.0
3160,124-68-219,2022,1.0,1.0
3160,124-68-22,2001,1.0,1.0
3160,124-68-22,2002,1.0,1.0
3160,124-68-22,2008,1.0,1.0
3160,124-68-22,2013,1.0,1.0
3160,124-68-22,2014,1.0,1.0
3160,124-68-22,2017,1.0,1.0
3160,124-68-22,2018,1.0,1.0
3160,124-68-22,2022,1.0,1.0
3160,124-68-220,2002,1.0,0.0
3160,124-68-220,2008,1.0,1.0
3160,124-68-220,2010,1.0,1.0
3160,124-68-220,2013,1.0,1.0
3160,124-68-220,2017,1.0,0.0
3160,124-68-220,2018,1.0,1.0
3160,124-68-223,1998,1.0,1.0
3160,124-68-223,2003,1.0,0.0
3160,124-68-223,2006,1.0,1.0
3160,124-68-223,2007,1.0,1.0
3160,124-68-223,2010,1.0,1.0
3160,124-68-223,2011,1.0,1.0
3160,124-68-223,2012,1.0,1.0
3160,124-68-223,2014,1.0,1.0
3160,124-68-223,2022,1.0,1.0
3160,124-68-223,2023,1.0,1.0
3160,124-68-224,1998,1.0,1.0
3160,124-68-224,2001,1.0,1.0
3160,124-68-224,2006,1.0,1.0
3160,124-68-224,2007,1.0,1.0
3160,124-68-224,2011,1.0,0.0
3160,124-68-224,2014,1.0,1.0
3160,124-68-224,2016,1.0,1.0
3160,124-68-224,2022,1.0,1.0
3160,124-68-224,2023,1.0,1.0
3160,124-68-225,2006,1.0,1.0
3160,124-68-225,2007,1.0,1.0
3160,124-68-225,2008,1.0,1.0
3160,124-68-225,2011,1.0,0.0
3160,124-68-225,2014,1.0,1.0
3160,124-68-225,2016,1.0,1.0
3160,124-68-225,2022,1.0,1.0
3160,124-68-225,2023,1.0,1.0
3160,124-68-233,2006,1.0,0.0
3160,124-68-233,2023,1.0,0.0
3160,124-68-238,2001,1.0,0.0
3160,124-68-238,2002,1.0,1.0
3160,124-68-238,2008,1.0,1.0
3160,124-68-238,2011,1.0,0.0
3160,124-68-238,2013,1.0,1.0
3160,124-68-238,2017,1.0,1.0
3160,124-68-242,2010,1.0,1.0
3160,124-68-242,2011,1.0,1.0
3160,124-68-242,2013,1.0,1.0
3160,124-68-242,2014,1.0,1.0
3160,124-68-25,2001,1.0,1.0
3160,124-68-25,2006,1.0,1.0
3160,124-68-25,2007,1.0,1.0
3160,124-68-25,2008,1.0,1.0
3160,124-68-25,2010,1.0,1.0
3160,124-68-25,2011,1.0,1.0
3160,124-68-25,2014,1.0,1.0
3160,124-68-25,2016,1.0,1.0
3160,124-68-251,2006,1.0,1.0
3160,124-68-251,2010,1.0,1.0
3160,124-68-251,2011,1.0,1.0
3160,124-68-251,2016,1.0,1.0
3160,124-68-251,2018,1.0,1.0
3160,124-68-251,2022,1.0,1.0
3160,124-68-252,1998,1.0,1.0
3160,124-68-252,2008,1.0,1.0
3160,124-68-252,2010,1.0,1.0
3160,124-68-252,2011,1.0,1.0
3160,124-68-252,2013,1.0,1.0
3160,124-68-252,2018,1.0,0.0
3160,124-68-26,2001,1.0,1.0
3160,124-68-26,2006,1.0,1.0
3160,124-68-26,2007,1.0,1.0
3160,124-68-26,2008,1.0,1.0
3160,124-68-26,2011,1.0,1.0
3160,124-68-26,2014,1.0,1.0
3160,124-68-26,2016,1.0,1.0
3160,124-68-28,2017,1.0,1.0
3160,124-68-28,2018,1.0,1.0
3160,124-68-28,2022,1.0,1.0
3160,124-68-29,1998,1.0,0.0
3160,124-68-29,2000,1.0,1.0
3160,124-68-29,2001,1.0,1.0
3160,124-68-29,2002,1.0,1.0
3160,124-68-29,2006,1.0,0.0
3160,124-68-29,2011,1.0,1.0
3160,124-68-29,2014,1.0,1.0
3160,124-68-29,2016,1.0,0.0
3160,124-68-29,2017,1.0,1.0
3160,124-68-29,2018,1.0,1.0
3160,124-68-29,2023,1.0,1.0
3160,124-68-296,1998,1.0,0.0
3160,124-68-296,2001,1.0,0.0
3160,124-68-296,2013,1.0,1.0
3160,124-68-296,2014,1.0,1.0
3160,124-68-296,2016,1.0,1.0
3160,124-68-296,2018,1.0,1.0
3160,124-68-296,2022,1.0,1.0
3160,124-68-297,2000,1.0,1.0
3160,124-68-297,2002,1.0,1.0
3160,124-68-297,2007,1.0,1.0
3160,124-68-297,2013,1.0,0.0
3160,124-68-298,2000,1.0,1.0
3160,124-68-298,2002,1.0,1.0
3160,124-68-298,2017,1.0,1.0
3160,124-68-299,2001,1.0,1.0
3160,124-68-299,2002,1.0,1.0
3160,124-68-299,2006,1.0,1.0
3160,124-68-299,2008,1.0,1.0
3160,124-68-299,2010,1.0,0.0
3160,124-68-299,2014,1.0,1.0
3160,124-68-299,2016,1.0,1.0
3160,124-68-299,2018,1.0,1.0
3160,124-68-299,2022,1.0,1.0
3160,124-68-299,2023,1.0,1.0
3160,124-68-300,1998,1.0,0.0
3160,124-68-300,2011,1.0,0.0
3160,124-68-300,2013,1.0,1.0
3160,124-68-300,2014,1.0,1.0
3160,124-68-300,2018,1.0,1.0
3160,124-68-300,2022,1.0,1.0
3160,124-68-303,1998,1.0,1.0
3160,124-68-303,1999,1.0,1.0
3160,124-68-303,2006,1.0,0.0
3160,124-68-303,2016,1.0,0.0
3160,124-68-303,2017,1.0,1.0
3160,124-68-303,2018,1.0,1.0
3160,124-68-303,2022,1.0,1.0
3160,124-68-303,2023,1.0,1.0
3160,124-68-308,1998,1.0,1.0
3160,124-68-308,2001,1.0,1.0
3160,124-68-308,2008,1.0,1.0
3160,124-68-308,2010,1.0,1.0
3160,124-68-308,2014,1.0,1.0
3160,124-68-308,2016,1.0,1.0
3160,124-68-308,2018,1.0,1.0
3160,124-68-308,2022,1.0,1.0
3160,124-68-308,2023,1.0,1.0
3160,124-68-312,2006,1.0,1.0
3160,124-68-312,2008,1.0,1.0
3160,124-68-312,2010,1.0,1.0
3160,124-68-312,2011,1.0,1.0
3160,124-68-312,2014,1.0,1.0
3160,124-68-312,2018,1.0,1.0
3160,124-68-314,1998,1.0,1.0
3160,124-68-314,2001,1.0,0.0
3160,124-68-314,2010,1.0,0.0
3160,124-68-314,2011,1.0,1.0
3160,124-68-314,2013,1.0,0.0
3160,124-68-314,2014,1.0,1.0
3160,124-68-314,2018,1.0,1.0
3160,124-68-316,1998,1.0,0.0
3160,124-68-316,2010,1.0,1.0
3160,124-68-316,2018,1.0,1.0
3160,124-68-317,1998,1.0,1.0
3160,124-68-317,2008,1.0,1.0
3160,124-68-317,2010,1.0,1.0
3160,124-68-317,2011,1.0,1.0
3160,124-68-317,2013,1.0,0.0
3160,124-68-319,1998,1.0,1.0
3160,124-68-319,2010,1.0,1.0
3160,124-68-319,2011,1.0,1.0
3160,124-68-319,2013,1.0,1.0
3160,124-68-319,2018,1.0,1.0
3160,124-68-319,2022,1.0,1.0
3160,124-68-323,2006,1.0,0.0
3160,124-68-323,2007,1.0,1.0
3160,124-68-323,2010,1.0,1.0
3160,124-68-323,2011,1.0,1.0
3160,124-68-323,2014,1.0,0.0
3160,124-68-323,2016,1.0,1.0
3160,124-68-324,1998,1.0,1.0
3160,124-68-324,2001,1.0,1.0
3160,124-68-324,2006,1.0,1.0
3160,124-68-324,2007,1.0,1.0
3160,124-68-324,2011,1.0,0.0
3160,124-68-325,2001,1.0,1.0
3160,124-68-325,2006,1.0,0.0
3160,124-68-325,2007,1.0,1.0
3160,124-68-325,2008,1.0,1.0
3160,124-68-325,2011,1.0,0.0
3160,124-68-325,2014,1.0,1.0
3160,124-68-326,2003,1.0,1.0
3160,124-68-326,2010,1.0,0.0
3160,124-68-326,2011,1.0,1.0
3160,124-68-326,2016,1.0,1.0
3160,124-68-338,2001,1.0,0.0
3160,124-68-338,2010,1.0,1.0
3160,124-68-338,2013,1.0,1.0
3160,124-68-338,2017,1.0,0.0
3160,124-68-338,2022,1.0,1.0
3160,124-68-35,2010,1.0,0.0
3160,124-68-350,1998,1.0,1.0
3160,124-68-350,2001,1.0,0.0
3160,124-68-350,2006,1.0,1.0
3160,124-68-350,2007,1.0,1.0
3160,124-68-350,2016,1.0,0.0
3160,124-68-37,2001,1.0,1.0
3160,124-68-37,2002,1.0,1.0
3160,124-68-37,2013,1.0,0.0
3160,124-68-37,2014,1.0,1.0
3160,124-68-37,2017,1.0,1.0
3160,124-68-37,2018,1.0,1.0
3160,124-68-39,2001,1.0,0.0
3160,124-68-39,2006,1.0,1.0
3160,124-68-39,2008,1.0,1.0
3160,124-68-39,2010,1.0,1.0
3160,124-68-39,2011,1.0,1.0
3160,124-68-39,2013,1.0,1.0
3160,124-68-39,2016,1.0,1.0
3160,124-68-39,2017,1.0,1.0
3160,124-68-39,2022,1.0,1.0
3160,124-68-4,2006,1.0,0.0
3160,124-68-4,2008,1.0,1.0
3160,124-68-4,2011,1.0,1.0
3160,124-68-4,2014,1.0,0.0
3160,124-68-4,2016,1.0,1.0
3160,124-68-4,2017,1.0,1.0
3160,124-68-4,2018,1.0,1.0
3160,124-68-43,1999,1.0,0.0
3160,124-68-43,2003,1.0,0.0
3160,124-68-43,2018,1.0,0.0
3160,124-68-44,2003,1.0,1.0
3160,124-68-44,2013,1.0,0.0
3160,124-68-47,1998,1.0,1.0
3160,124-68-47,2008,1.0,0.0
3160,124-68-47,2009,1.0,1.0
3160,124-68-47,2010,1.0,1.0
3160,124-68-47,2011,1.0,1.0
3160,124-68-47,2017,1.0,0.0
3160,124-68-5,1998,1.0,1.0
3160,124-68-5,2001,1.0,1.0
3160,124-68-5,2002,1.0,1.0
3160,124-68-5,2006,1.0,1.0
3160,124-68-5,2008,1.0,1.0
3160,124-68-5,2010,1.0,1.0
3160,124-68-5,2014,1.0,1.0
3160,124-68-5,2016,1.0,1.0
3160,124-68-5,2018,1.0,1.0
3160,124-68-5,2022,1.0,1.0
3160,124-68-5,2023,1.0,1.0
3160,124-68-50,2001,1.0,1.0
3160,124-68-50,2006,1.0,1.0
3160,124-68-50,2007,1.0,1.0
3160,124-68-50,2008,1.0,1.0
3160,124-68-50,2011,1.0,0.0
3160,124-68-52,2001,1.0,0.0
3160,124-68-52,2008,1.0,0.0
3160,124-68-52,2013,1.0,0.0
3160,124-68-52,2017,1.0,0.0
3160,124-68-57,2000,1.0,0.0
3160,124-68-57,2001,1.0,1.0
3160,124-68-57,2013,1.0,1.0
3160,124-68-59,1998,1.0,0.0
3160,124-68-59,1999,1.0,1.0
3160,124-68-59,2001,1.0,1.0
3160,124-68-59,2002,1.0,1.0
3160,124-68-59,2013,1.0,1.0
3160,124-68-59,2014,1.0,1.0
3160,124-68-6,1998,1.0,1.0
3160,124-68-6,2001,1.0,1.0
3160,124-68-6,2008,1.0,1.0
3160,124-68-6,2010,1.0,1.0
3160,124-68-6,2014,1.0,1.0
3160,124-68-6,2016,1.0,1.0
3160,124-68-64,2006,1.0,0.0
3160,124-68-66,1999,1.0,1.0
3160,124-68-66,2001,1.0,1.0
3160,124-68-66,2003,1.0,1.0
3160,124-68-66,2010,1.0,1.0
3160,124-68-66,2013,1.0,1.0
3160,124-68-66,2016,1.0,1.0
3160,124-68-7,2001,1.0,1.0
3160,124-68-7,2011,1.0,1.0
3160,124-68-7,2014,1.0,1.0
3160,124-68-7,2017,1.0,1.0
3160,124-68-8,2001,1.0,1.0
3160,124-68-8,2002,1.0,1.0
3160,124-68-8,2014,1.0,1.0
3160,124-68-8,2016,1.0,1.0
3160,124-68-8,2017,1.0,1.0
3160,124-68-83,2001,1.0,1.0
3160,124-68-83,2006,1.0,1.0
3160,124-68-83,2007,1.0,1.0
3160,124-68-83,2008,1.0,1.0
3160,124-68-83,2014,1.0,0.0
3160,124-68-83,2016,1.0,1.0
3160,124-68-9,2001,1.0,0.0
3160,124-68-9,2013,1.0,1.0
3160,124-75-5,2000,1.0,1.0
3160,124-75-5,2003,1.0,1.0
3160,124-75-5,2007,1.0,1.0
3160,124-75-5,2008,1.0,1.0
3160,124-75-5,2010,1.0,1.0
3160,124-75-5,2014,1.0,1.0
3160,124-75-5,2019,1.0,1.0
3160,124-75-9,1998,1.0,1.0
3160,124-75-9,2000,1.0,1.0
3160,124-75-9,2003,1.0,1.0
3160,124-75-9,2007,1.0,1.0
3160,124-75-9,2010,1.0,1.0
3160,124-75-9,2014,1.0,1.0
3160,124-75-9,2019,1.0,1.0
3160,124-75-9,2023,1.0,1.0
3160,124-76-1,2003,1.0,1.0
3160,124-76-1,2006,1.0,1.0
3160,124-76-1,2007,1.0,1.0
3160,124-76-1,2008,1.0,1.0
3160,124-76-1,2010,1.0,1.0
3160,124-76-1,2011,1.0,1.0
3160,124-76-1,2014,1.0,1.0
3160,124-76-1,2016,1.0,1.0
3160,124-76-1,2022,1.0,1.0
3160,124-76-109,1998,1.0,1.0
3160,124-76-109,2016,1.0,1.0
3160,124-76-109,2017,1.0,1.0
3160,124-76-109,2022,1.0,1.0
3160,124-76-109,2023,1.0,1.0
3160,124-76-113,2009,1.0,1.0
3160,124-76-113,2010,1.0,1.0
3160,124-76-113,2016,1.0,0.0
3160,124-76-113,2017,1.0,1.0
3160,124-76-113,2022,1.0,1.0
3160,124-76-12,1998,1.0,1.0
3160,124-76-12,2006,1.0,1.0
3160,124-76-12,2007,1.0,1.0
3160,124-76-12,2008,1.0,1.0
3160,124-76-12,2011,1.0,1.0
3160,124-76-12,2014,1.0,1.0
3160,124-76-12,2023,1.0,1.0
3160,124-76-120,1998,1.0,1.0
3160,124-76-120,2003,1.0,1.0
3160,124-76-120,2007,1.0,1.0
3160,124-76-120,2008,1.0,1.0
3160,124-76-120,2010,1.0,1.0
3160,124-76-120,2011,1.0,1.0
3160,124-76-120,2012,1.0,1.0
3160,124-76-120,2016,1.0,1.0
3160,124-76-120,2017,1.0,1.0
3160,124-76-120,2022,1.0,1.0
3160,124-76-120,2023,1.0,1.0
3160,124-76-121,1998,1.0,0.0
3160,124-76-121,2003,1.0,1.0
3160,124-76-121,2008,1.0,0.0
3160,124-76-121,2010,1.0,1.0
3160,124-76-121,2011,1.0,1.0
3160,124-76-121,2016,1.0,1.0
3160,124-76-121,2017,1.0,1.0
3160,124-76-121,2022,1.0,1.0
3160,124-76-121,2023,1.0,1.0
3160,124-76-125,2008,1.0,1.0
3160,124-76-125,2010,1.0,1.0
3160,124-76-125,2011,1.0,1.0
3160,124-76-125,2014,1.0,1.0
3160,124-76-125,2016,1.0,1.0
3160,124-76-125,2017,1.0,1.0
3160,124-76-125,2018,1.0,1.0
3160,124-76-127,2006,1.0,1.0
3160,124-76-127,2010,1.0,1.0
3160,124-76-140,2003,1.0,0.0
3160,124-76-140,2006,1.0,1.0
3160,124-76-140,2007,1.0,1.0
3160,124-76-140,2008,1.0,1.0
3160,124-76-140,2010,1.0,0.0
3160,124-76-140,2011,1.0,1.0
3160,124-76-140,2012,1.0,1.0
3160,124-76-140,2016,1.0,1.0
3160,124-76-140,2022,1.0,1.0
3160,124-76-140,2023,1.0,1.0
3160,124-76-159,1998,1.0,1.0
3160,124-76-159,2008,1.0,0.0
3160,124-76-159,2009,1.0,1.0
3160,124-76-159,2016,1.0,1.0
3160,124-76-159,2017,1.0,1.0
3160,124-76-159,2023,1.0,0.0
3160,124-76-16,1998,1.0,0.0
3160,124-76-16,2001,1.0,1.0
3160,124-76-16,2006,1.0,1.0
3160,124-76-16,2007,1.0,1.0
3160,124-76-16,2008,1.0,1.0
3160,124-76-16,2012,1.0,1.0
3160,124-76-16,2014,1.0,0.0
3160,124-76-165,2000,1.0,0.0
3160,124-76-165,2007,1.0,1.0
3160,124-76-165,2008,1.0,1.0
3160,124-76-165,2009,1.0,1.0
3160,124-76-165,2010,1.0,1.0
3160,124-76-165,2013,1.0,1.0
3160,124-76-165,2015,1.0,1.0
3160,124-76-165,2016,1.0,1.0
3160,124-76-165,2019,1.0,1.0
3160,124-76-165,2022,1.0,1.0
3160,124-76-165,2023,1.0,1.0
3160,124-76-18,1998,1.0,1.0
3160,124-76-18,2003,1.0,0.0
3160,124-76-18,2007,1.0,1.0
3160,124-76-18,2008,1.0,1.0
3160,124-76-18,2011,1.0,1.0
3160,124-76-18,2012,1.0,1.0
3160,124-76-18,2016,1.0,1.0
3160,124-76-18,2022,1.0,1.0
3160,124-76-18,2023,1.0,1.0
3160,124-76-19,2007,1.0,1.0
3160,124-76-19,2010,1.0,1.0
3160,124-76-19,2011,1.0,1.0
3160,124-76-19,2012,1.0,1.0
3160,124-76-19,2016,1.0,1.0
3160,124-76-19,2017,1.0,1.0
3160,124-76-19,2022,1.0,1.0
3160,124-76-19,2023,1.0,1.0
3160,124-76-190,1998,1.0,1.0
3160,124-76-190,2007,1.0,1.0
3160,124-76-190,2010,1.0,1.0
3160,124-76-190,2012,1.0,0.0
3160,124-76-190,2013,1.0,1.0
3160,124-76-190,2016,1.0,1.0
3160,124-76-190,2022,1.0,0.0
3160,124-76-2,2003,1.0,1.0
3160,124-76-2,2010,1.0,1.0
3160,124-76-2,2016,1.0,1.0
3160,124-76-2,2017,1.0,1.0
3160,124-76-2,2018,1.0,1.0
3160,124-76-2,2022,1.0,1.0
3160,124-76-201,2001,1.0,1.0
3160,124-76-201,2006,1.0,1.0
3160,124-76-201,2007,1.0,1.0
3160,124-76-201,2010,1.0,1.0
3160,124-76-201,2011,1.0,1.0
3160,124-76-201,2014,1.0,0.0
3160,124-76-201,2016,1.0,1.0
3160,124-76-21,1998,1.0,1.0
3160,124-76-21,2003,1.0,1.0
3160,124-76-21,2007,1.0,1.0
3160,124-76-21,2008,1.0,1.0
3160,124-76-21,2010,1.0,1.0
3160,124-76-21,2011,1.0,1.0
3160,124-76-21,2012,1.0,1.0
3160,124-76-21,2016,1.0,1.0
3160,124-76-21,2017,1.0,1.0
3160,124-76-21,2022,1.0,1.0
3160,124-76-21,2023,1.0,1.0
3160,124-76-216,2006,1.0,0.0
3160,124-76-216,2007,1.0,1.0
3160,124-76-216,2008,1.0,1.0
3160,124-76-216,2012,1.0,1.0
3160,124-76-216,2023,1.0,0.0
3160,124-76-22,1998,1.0,1.0
3160,124-76-22,2007,1.0,1.0
3160,124-76-22,2010,1.0,1.0
3160,124-76-22,2011,1.0,1.0
3160,124-76-22,2012,1.0,1.0
3160,124-76-22,2013,1.0,1.0
3160,124-76-22,2016,1.0,1.0
3160,124-76-22,2017,1.0,1.0
3160,124-76-22,2022,1.0,1.0
3160,124-76-22,2023,1.0,1.0
3160,124-76-221,1998,1.0,1.0
3160,124-76-221,2003,1.0,1.0
3160,124-76-221,2007,1.0,1.0
3160,124-76-221,2008,1.0,1.0
3160,124-76-221,2011,1.0,1.0
3160,124-76-221,2012,1.0,1.0
3160,124-76-23,1998,1.0,1.0
3160,124-76-23,2007,1.0,1.0
3160,124-76-23,2008,1.0,1.0
3160,124-76-23,2011,1.0,1.0
3160,124-76-23,2012,1.0,1.0
3160,124-76-23,2016,1.0,1.0
3160,124-76-23,2023,1.0,0.0
3160,124-76-3,1998,1.0,1.0
3160,124-76-3,2003,1.0,0.0
3160,124-76-3,2006,1.0,1.0
3160,124-76-3,2007,1.0,1.0
3160,124-76-3,2008,1.0,1.0
3160,124-76-3,2011,1.0,1.0
3160,124-76-302,1998,1.0,1.0
3160,124-76-302,2003,1.0,1.0
3160,124-76-302,2006,1.0,1.0
3160,124-76-302,2007,1.0,1.0
3160,124-76-302,2010,1.0,1.0
3160,124-76-302,2011,1.0,1.0
3160,124-76-302,2014,1.0,1.0
3160,124-76-302,2016,1.0,1.0
3160,124-76-302,2022,1.0,1.0
3160,124-76-302,2023,1.0,1.0
3160,124-76-306,1998,1.0,1.0
3160,124-76-306,2003,1.0,1.0
3160,124-76-306,2007,1.0,1.0
3160,124-76-306,2010,1.0,1.0
3160,124-76-306,2011,1.0,1.0
3160,124-76-306,2016,1.0,1.0
3160,124-76-306,2023,1.0,1.0
3160,124-76-309,1998,1.0,0.0
3160,124-76-309,2003,1.0,1.0
3160,124-76-309,2007,1.0,1.0
3160,124-76-309,2010,1.0,1.0
3160,124-76-309,2011,1.0,1.0
3160,124-76-309,2012,1.0,1.0
3160,124-76-309,2013,1.0,1.0
3160,124-76-309,2016,1.0,1.0
3160,124-76-309,2017,1.0,1.0
3160,124-76-309,2018,1.0,1.0
3160,124-76-310,1998,1.0,1.0
3160,124-76-310,2003,1.0,0.0
3160,124-76-310,2007,1.0,1.0
3160,124-76-310,2010,1.0,1.0
3160,124-76-310,2011,1.0,1.0
3160,124-76-310,2012,1.0,1.0
3160,124-76-310,2016,1.0,1.0
3160,124-76-310,2017,1.0,1.0
3160,124-76-310,2019,1.0,1.0
3160,124-76-310,2022,1.0,1.0
3160,124-76-310,2023,1.0,1.0
3160,124-76-314,2003,1.0,1.0
3160,124-76-314,2006,1.0,1.0
3160,124-76-314,2007,1.0,1.0
3160,124-76-314,2008,1.0,1.0
3160,124-76-314,2011,1.0,1.0
3160,124-76-314,2014,1.0,0.0
3160,124-76-314,2023,1.0,1.0
3160,124-76-318,1998,1.0,0.0
3160,124-76-318,2003,1.0,1.0
3160,124-76-318,2011,1.0,0.0
3160,124-76-318,2012,1.0,1.0
3160,124-76-318,2014,1.0,0.0
3160,124-76-318,2016,1.0,1.0
3160,124-76-318,2022,1.0,1.0
3160,124-76-318,2023,1.0,1.0
3160,124-76-320,2007,1.0,1.0
3160,124-76-320,2008,1.0,1.0
3160,124-76-320,2011,1.0,1.0
3160,124-76-320,2012,1.0,1.0
3160,124-76-320,2014,1.0,0.0
3160,124-76-320,2023,1.0,0.0
3160,124-76-324,2007,1.0,0.0
3160,124-76-324,2008,1.0,1.0
3160,124-76-324,2010,1.0,1.0
3160,124-76-324,2011,1.0,1.0
3160,124-76-324,2012,1.0,1.0
3160,124-76-324,2016,1.0,1.0
3160,124-76-324,2017,1.0,1.0
3160,124-76-39,2011,1.0,0.0
3160,124-76-4,1998,1.0,1.0
3160,124-76-4,2003,1.0,1.0
3160,124-76-4,2006,1.0,1.0
3160,124-76-4,2007,1.0,1.0
3160,124-76-4,2010,1.0,1.0
3160,124-76-4,2011,1.0,1.0
3160,124-76-4,2013,1.0,1.0
3160,124-76-4,2016,1.0,1.0
3160,124-76-4,2017,1.0,1.0
3160,124-76-4,2022,1.0,1.0
3160,124-76-4,2023,1.0,1.0
3160,124-76-40,2003,1.0,0.0
3160,124-76-40,2007,1.0,0.0
3160,124-76-40,2008,1.0,1.0
3160,124-76-40,2010,1.0,1.0
3160,124-76-40,2011,1.0,1.0
3160,124-76-40,2012,1.0,1.0
3160,124-76-40,2017,1.0,1.0
3160,124-76-40,2022,1.0,1.0
3160,124-76-439,2006,1.0,1.0
3160,124-76-439,2007,1.0,1.0
3160,124-76-439,2011,1.0,0.0
3160,124-76-439,2012,1.0,1.0
3160,124-76-439,2017,1.0,1.0
3160,124-76-439,2022,1.0,1.0
3160,124-76-439,2023,1.0,1.0
3160,124-76-5,1998,1.0,1.0
3160,124-76-5,2003,1.0,1.0
3160,124-76-5,2007,1.0,1.0
3160,124-76-5,2010,1.0,1.0
3160,124-76-5,2011,1.0,1.0
3160,124-76-5,2013,1.0,1.0
3160,124-76-5,2016,1.0,1.0
3160,124-76-5,2017,1.0,1.0
3160,124-76-5,2022,1.0,1.0
3160,124-76-5,2023,1.0,1.0
3160,124-76-55,2007,1.0,0.0
3160,124-76-55,2008,1.0,1.0
3160,124-76-55,2011,1.0,1.0
3160,124-76-55,2016,1.0,1.0
3160,124-76-55,2017,1.0,1.0
3160,124-76-55,2022,1.0,1.0
3160,124-76-6,1998,1.0,1.0
3160,124-76-6,2003,1.0,1.0
3160,124-76-6,2006,1.0,1.0
3160,124-76-6,2007,1.0,1.0
3160,124-76-6,2008,1.0,1.0
3160,124-76-6,2011,1.0,1.0
3160,124-76-6,2012,1.0,1.0
3160,124-76-6,2014,1.0,1.0
3160,124-76-60,1998,1.0,0.0
3160,124-76-60,2008,1.0,0.0
3160,124-76-60,2009,1.0,1.0
3160,124-76-60,2011,1.0,0.0
3160,124-76-60,2012,1.0,1.0
3160,124-76-60,2016,1.0,1.0
3160,124-76-60,2017,1.0,1.0
3160,124-76-61,2008,1.0,0.0
3160,124-76-61,2011,1.0,0.0
3160,124-76-61,2016,1.0,0.0
3160,124-76-61,2017,1.0,1.0
3160,124-76-67,2007,1.0,1.0
3160,124-76-67,2009,1.0,1.0
3160,124-76-67,2013,1.0,1.0
3160,124-76-67,2016,1.0,1.0
3160,124-76-67,2022,1.0,1.0
3160,124-76-67,2023,1.0,1.0
3160,124-76-69,2007,1.0,1.0
3160,124-76-69,2009,1.0,0.0
3160,124-76-69,2010,1.0,1.0
3160,124-76-69,2012,1.0,0.0
3160,124-76-69,2016,1.0,0.0
3160,124-76-69,2017,1.0,1.0
3160,124-76-69,2022,1.0,1.0
3160,124-76-69,2023,1.0,1.0
3160,124-76-70,2000,1.0,1.0
3160,124-76-70,2014,1.0,0.0
3160,124-76-70,2017,1.0,1.0
3160,124-76-8,1998,1.0,1.0
3160,124-76-8,2003,1.0,1.0
3160,124-76-8,2007,1.0,1.0
3160,124-76-8,2010,1.0,1.0
3160,124-76-8,2011,1.0,1.0
3160,124-76-8,2012,1.0,1.0
3160,124-76-8,2022,1.0,1.0
3160,124-76-8,2023,1.0,1.0
3160,124-76-9,1998,1.0,1.0
3160,124-76-9,2003,1.0,1.0
3160,124-76-9,2007,1.0,0.0
3160,124-76-9,2010,1.0,1.0
3160,124-76-9,2011,1.0,1.0
3160,124-76-9,2013,1.0,1.0
3160,124-76-9,2016,1.0,1.0
3160,124-76-9,2023,1.0,0.0
3160,124-76-90,1998,1.0,1.0
3160,124-76-90,2003,1.0,1.0
3160,124-76-90,2007,1.0,1.0
3160,124-76-90,2010,1.0,1.0
3160,124-76-90,2011,1.0,1.0
3160,124-76-90,2017,1.0,0.0
3160,124-76-90,2022,1.0,1.0
3160,124-79-106,2002,1.0,1.0
3160,124-79-106,2005,1.0,1.0
3160,124-79-106,2009,1.0,1.0
3160,124-79-106,2010,1.0,1.0
3160,124-79-106,2013,1.0,1.0
3160,124-79-109,2001,1.0,1.0
3160,124-79-109,2002,1.0,1.0
3160,124-79-109,2003,1.0,1.0
3160,124-79-109,2019,1.0,1.0
3160,124-79-109,2022,1.0,0.0
3160,124-79-112,2002,1.0,0.0
3160,124-79-112,2003,1.0,1.0
3160,124-79-112,2006,1.0,1.0
3160,124-79-112,2007,1.0,1.0
3160,124-79-112,2010,1.0,1.0
3160,124-79-112,2012,1.0,0.0
3160,124-79-112,2022,1.0,0.0
3160,124-79-113,2006,1.0,1.0
3160,124-79-113,2007,1.0,1.0
3160,124-79-113,2009,1.0,1.0
3160,124-79-113,2010,1.0,1.0
3160,124-79-113,2013,1.0,1.0
3160,124-79-113,2022,1.0,1.0
3160,124-79-116,2002,1.0,1.0
3160,124-79-116,2009,1.0,1.0
3160,124-79-116,2010,1.0,1.0
3160,124-79-123,2001,1.0,1.0
3160,124-79-123,2007,1.0,1.0
3160,124-79-123,2008,1.0,1.0
3160,124-79-123,2009,1.0,1.0
3160,124-79-123,2011,1.0,0.0
3160,124-79-123,2013,1.0,0.0
3160,124-79-124,2001,1.0,0.0
3160,124-79-124,2003,1.0,0.0
3160,124-79-124,2007,1.0,0.0
3160,124-79-124,2009,1.0,1.0
3160,124-79-124,2010,1.0,1.0
3160,124-79-124,2011,1.0,1.0
3160,124-79-124,2013,1.0,0.0
3160,124-79-124,2017,1.0,1.0
3160,124-79-124,2019,1.0,1.0
3160,124-79-124,2022,1.0,1.0
3160,124-79-130,2008,1.0,1.0
3160,124-79-130,2009,1.0,1.0
3160,124-79-130,2010,1.0,1.0
3160,124-79-130,2011,1.0,1.0
3160,124-79-130,2012,1.0,1.0
3160,124-79-130,2013,1.0,1.0
3160,124-79-130,2017,1.0,1.0
3160,124-79-130,2022,1.0,1.0
3160,124-79-132,2001,1.0,1.0
3160,124-79-132,2003,1.0,1.0
3160,124-79-132,2006,1.0,1.0
3160,124-79-132,2008,1.0,1.0
3160,124-79-132,2009,1.0,1.0
3160,124-79-132,2011,1.0,1.0
3160,124-79-132,2012,1.0,1.0
3160,124-79-132,2013,1.0,1.0
3160,124-79-132,2017,1.0,1.0
3160,124-79-132,2019,1.0,0.0
3160,124-79-132,2022,1.0,1.0
3160,124-79-133,2001,1.0,1.0
3160,124-79-133,2003,1.0,1.0
3160,124-79-133,2007,1.0,1.0
3160,124-79-133,2008,1.0,1.0
3160,124-79-133,2009,1.0,1.0
3160,124-79-133,2010,1.0,1.0
3160,124-79-133,2011,1.0,1.0
3160,124-79-133,2012,1.0,1.0
3160,124-79-133,2013,1.0,1.0
3160,124-79-133,2017,1.0,1.0
3160,124-79-133,2019,1.0,0.0
3160,124-79-133,2022,1.0,1.0
3160,124-79-139,1998,1.0,0.0
3160,124-79-139,1999,1.0,1.0
3160,124-79-139,2001,1.0,1.0
3160,124-79-139,2007,1.0,0.0
3160,124-79-139,2010,1.0,0.0
3160,124-79-139,2011,1.0,1.0
3160,124-79-139,2017,1.0,0.0
3160,124-79-142,1998,1.0,1.0
3160,124-79-142,2001,1.0,1.0
3160,124-79-142,2003,1.0,1.0
3160,124-79-142,2007,1.0,1.0
3160,124-79-142,2010,1.0,1.0
3160,124-79-142,2011,1.0,1.0
3160,124-79-142,2012,1.0,1.0
3160,124-79-142,2013,1.0,1.0
3160,124-79-217,2002,1.0,1.0
3160,124-79-217,2012,1.0,0.0
3160,124-79-217,2013,1.0,1.0
3160,124-79-217,2019,1.0,1.0
3160,124-79-217,2022,1.0,1.0
3160,124-79-24,2001,1.0,1.0
3160,124-79-24,2003,1.0,1.0
3160,124-79-24,2007,1.0,1.0
3160,124-79-24,2008,1.0,1.0
3160,124-79-24,2009,1.0,1.0
3160,124-79-309,2002,1.0,0.0
3160,124-79-309,2003,1.0,1.0
3160,124-79-309,2012,1.0,1.0
3160,124-79-309,2013,1.0,1.0
3160,124-79-309,2019,1.0,1.0
3160,124-79-33,2001,1.0,1.0
3160,124-79-33,2003,1.0,1.0
3160,124-79-33,2007,1.0,1.0
3160,124-79-33,2008,1.0,1.0
3160,124-79-33,2009,1.0,1.0
3160,124-79-33,2010,1.0,1.0
3160,124-79-33,2011,1.0,1.0
3160,124-79-33,2013,1.0,1.0
3160,124-79-33,2019,1.0,1.0
3160,124-79-40,1998,1.0,0.0
3160,124-79-40,1999,1.0,1.0
3160,124-79-40,2001,1.0,1.0
3160,124-79-40,2019,1.0,1.0
3160,124-79-40,2022,1.0,1.0
3160,124-79-403,2019,1.0,1.0
3160,124-79-403,2022,1.0,0.0
3160,124-79-424,2002,1.0,1.0
3160,124-79-424,2010,1.0,0.0
3160,124-79-424,2013,1.0,0.0
3160,124-79-424,2019,1.0,1.0
3160,840-14-1,2007,1.0,1.0
3160,840-14-1,2008,1.0,1.0
3160,840-14-1,2009,1.0,1.0
3160,840-14-1,2018,1.0,1.0
3160,840-14-106,2002,1.0,1.0
3160,840-14-106,2013,1.0,1.0
3160,840-14-106,2014,1.0,1.0
3160,840-14-106,2018,1.0,1.0
3160,840-14-108,1998,1.0,1.0
3160,840-14-108,2000,1.0,1.0
3160,840-14-108,2001,1.0,1.0
3160,840-14-108,2003,1.0,1.0
3160,840-14-108,2006,1.0,1.0
3160,840-14-108,2008,1.0,1.0
3160,840-14-108,2009,1.0,1.0
3160,840-14-108,2013,1.0,1.0
3160,840-14-108,2014,1.0,1.0
3160,840-14-108,2017,1.0,1.0
3160,840-14-108,2018,1.0,1.0
3160,840-14-11,2002,1.0,0.0
3160,840-14-11,2003,1.0,1.0
3160,840-14-11,2013,1.0,1.0
3160,840-14-11,2014,1.0,1.0
3160,840-14-11,2016,1.0,1.0
3160,840-14-11,2017,1.0,1.0
3160,840-14-11,2018,1.0,1.0
3160,840-14-11,2019,1.0,1.0
3160,840-14-118,2012,1.0,1.0
3160,840-14-118,2018,1.0,1.0
3160,840-14-128,2002,1.0,0.0
3160,840-14-128,2003,1.0,1.0
3160,840-14-128,2004,1.0,1.0
3160,840-14-128,2007,1.0,1.0
3160,840-14-128,2008,1.0,1.0
3160,840-14-128,2014,1.0,1.0
3160,840-14-129,2013,1.0,1.0
3160,840-14-129,2014,1.0,1.0
3160,840-14-129,2018,1.0,1.0
3160,840-14-13,2002,1.0,0.0
3160,840-14-13,2004,1.0,0.0
3160,840-14-13,2014,1.0,0.0
3160,840-14-13,2022,1.0,1.0
3160,840-14-137,2007,1.0,1.0
3160,840-14-137,2013,1.0,1.0
3160,840-14-137,2014,1.0,1.0
3160,840-14-137,2018,1.0,1.0
3160,840-14-138,2002,1.0,0.0
3160,840-14-138,2003,1.0,1.0
3160,840-14-138,2004,1.0,1.0
3160,840-14-138,2007,1.0,1.0
3160,840-14-138,2010,1.0,1.0
3160,840-14-138,2014,1.0,1.0
3160,840-14-14,1998,1.0,1.0
3160,840-14-14,2003,1.0,1.0
3160,840-14-14,2013,1.0,1.0
3160,840-14-14,2014,1.0,1.0
3160,840-14-140,2002,1.0,1.0
3160,840-14-140,2004,1.0,1.0
3160,840-14-140,2007,1.0,1.0
3160,840-14-140,2014,1.0,1.0
3160,840-14-148,2000,1.0,1.0
3160,840-14-148,2002,1.0,0.0
3160,840-14-148,2004,1.0,1.0
3160,840-14-148,2007,1.0,1.0
3160,840-14-148,2019,1.0,1.0
3160,840-14-151,2001,1.0,1.0
3160,840-14-151,2008,1.0,0.0
3160,840-14-151,2019,1.0,1.0
3160,840-14-153,2001,1.0,1.0
3160,840-14-153,2002,1.0,1.0
3160,840-14-153,2003,1.0,1.0
3160,840-14-153,2004,1.0,1.0
3160,840-14-153,2006,1.0,1.0
3160,840-14-153,2007,1.0,1.0
3160,840-14-153,2008,1.0,1.0
3160,840-14-153,2014,1.0,1.0
3160,840-14-153,2016,1.0,1.0
3160,840-14-153,2017,1.0,1.0
3160,840-14-153,2018,1.0,1.0
3160,840-14-153,2019,1.0,1.0
3160,840-14-153,2022,1.0,1.0
3160,840-14-154,2002,1.0,0.0
3160,840-14-154,2003,1.0,1.0
3160,840-14-154,2004,1.0,1.0
3160,840-14-154,2014,1.0,1.0
3160,840-14-154,2016,1.0,1.0
3160,840-14-154,2017,1.0,1.0
3160,840-14-154,2018,1.0,1.0
3160,840-14-154,2022,1.0,1.0
3160,840-14-155,2003,1.0,1.0
3160,840-14-155,2004,1.0,1.0
3160,840-14-155,2007,1.0,1.0
3160,840-14-155,2018,1.0,1.0
3160,840-14-156,2002,1.0,1.0
3160,840-14-156,2003,1.0,1.0
3160,840-14-156,2004,1.0,1.0
3160,840-14-156,2007,1.0,0.0
3160,840-14-156,2008,1.0,1.0
3160,840-14-158,2003,1.0,0.0
3160,840-14-158,2007,1.0,1.0
3160,840-14-158,2016,1.0,1.0
3160,840-14-158,2019,1.0,0.0
3160,840-14-159,2003,1.0,1.0
3160,840-14-159,2006,1.0,1.0
3160,840-14-159,2012,1.0,1.0
3160,840-14-16,2002,1.0,1.0
3160,840-14-16,2003,1.0,1.0
3160,840-14-16,2004,1.0,1.0
3160,840-14-16,2006,1.0,1.0
3160,840-14-16,2012,1.0,1.0
3160,840-14-16,2015,1.0,1.0
3160,840-14-16,2018,1.0,0.0
3160,840-14-160,2002,1.0,0.0
3160,840-14-160,2003,1.0,1.0
3160,840-14-160,2004,1.0,1.0
3160,840-14-160,2008,1.0,1.0
3160,840-14-160,2013,1.0,1.0
3160,840-14-160,2016,1.0,1.0
3160,840-14-160,2018,1.0,1.0
3160,840-14-160,2023,1.0,0.0
3160,840-14-162,2001,1.0,1.0
3160,840-14-162,2007,1.0,1.0
3160,840-14-162,2017,1.0,1.0
3160,840-14-162,2018,1.0,1.0
3160,840-14-162,2022,1.0,1.0
3160,840-14-164,2001,1.0,1.0
3160,840-14-164,2007,1.0,1.0
3160,840-14-164,2008,1.0,1.0
3160,840-14-165,2001,1.0,1.0
3160,840-14-165,2008,1.0,0.0
3160,840-14-165,2018,1.0,1.0
3160,840-14-165,2019,1.0,1.0
3160,840-14-165,2022,1.0,1.0
3160,840-14-166,2007,1.0,1.0
3160,840-14-166,2016,1.0,1.0
3160,840-14-166,2017,1.0,1.0
3160,840-14-166,2018,1.0,1.0
3160,840-14-166,2019,1.0,1.0
3160,840-14-168,2007,1.0,1.0
3160,840-14-168,2016,1.0,1.0
3160,840-14-168,2017,1.0,1.0
3160,840-14-168,2018,1.0,1.0
3160,840-14-168,2019,1.0,1.0
3160,840-14-173,2000,1.0,1.0
3160,840-14-173,2013,1.0,1.0
3160,840-14-173,2014,1.0,1.0
3160,840-14-173,2018,1.0,1.0
3160,840-14-173,2019,1.0,1.0
3160,840-14-175,2002,1.0,1.0
3160,840-14-175,2007,1.0,1.0
3160,840-14-175,2016,1.0,1.0
3160,840-14-176,2002,1.0,1.0
3160,840-14-176,2004,1.0,1.0
3160,840-14-176,2006,1.0,1.0
3160,840-14-176,2007,1.0,1.0
3160,840-14-176,2013,1.0,1.0
3160,840-14-176,2014,1.0,1.0
3160,840-14-176,2016,1.0,1.0
3160,840-14-176,2017,1.0,1.0
3160,840-14-176,2018,1.0,1.0
3160,840-14-177,2002,1.0,1.0
3160,840-14-177,2013,1.0,1.0
3160,840-14-177,2014,1.0,1.0
3160,840-14-177,2017,1.0,1.0
3160,840-14-177,2018,1.0,1.0
3160,840-14-179,2000,1.0,1.0
3160,840-14-179,2001,1.0,1.0
3160,840-14-179,2002,1.0,1.0
3160,840-14-179,2006,1.0,1.0
3160,840-14-179,2007,1.0,1.0
3160,840-14-179,2008,1.0,1.0
3160,840-14-179,2016,1.0,1.0
3160,840-14-179,2019,1.0,1.0
3160,840-14-179,2022,1.0,1.0
3160,840-14-18,2001,1.0,0.0
3160,840-14-181,2001,1.0,1.0
3160,840-14-181,2007,1.0,1.0
3160,840-14-181,2008,1.0,1.0
3160,840-14-181,2016,1.0,1.0
3160,840-14-181,2018,1.0,1.0
3160,840-14-181,2019,1.0,1.0
3160,840-14-182,1998,1.0,0.0
3160,840-14-182,2003,1.0,0.0
3160,840-14-182,2008,1.0,1.0
3160,840-14-182,2009,1.0,1.0
3160,840-14-182,2018,1.0,1.0
3160,840-14-184,2002,1.0,1.0
3160,840-14-184,2003,1.0,1.0
3160,840-14-184,2004,1.0,1.0
3160,840-14-184,2006,1.0,1.0
3160,840-14-184,2007,1.0,1.0
3160,840-14-184,2018,1.0,0.0
3160,840-14-185,2001,1.0,1.0
3160,840-14-185,2007,1.0,1.0
3160,840-14-186,2002,1.0,1.0
3160,840-14-186,2004,1.0,1.0
3160,840-14-186,2007,1.0,1.0
3160,840-14-186,2017,1.0,1.0
3160,840-14-186,2019,1.0,1.0
3160,840-14-188,2004,1.0,0.0
3160,840-14-188,2006,1.0,0.0
3160,840-14-188,2008,1.0,1.0
3160,840-14-188,2013,1.0,1.0
3160,840-14-188,2014,1.0,1.0
3160,840-14-188,2017,1.0,0.0
3160,840-14-188,2022,1.0,1.0
3160,840-14-189,2003,1.0,1.0
3160,840-14-189,2004,1.0,1.0
3160,840-14-189,2007,1.0,1.0
3160,840-14-189,2016,1.0,1.0
3160,840-14-189,2017,1.0,1.0
3160,840-14-189,2018,1.0,1.0
3160,840-14-189,2019,1.0,1.0
3160,840-14-190,2002,1.0,0.0
3160,840-14-190,2003,1.0,1.0
3160,840-14-190,2004,1.0,1.0
3160,840-14-191,2000,1.0,1.0
3160,840-14-191,2006,1.0,1.0
3160,840-14-191,2008,1.0,1.0
3160,840-14-191,2018,1.0,1.0
3160,840-14-191,2019,1.0,1.0
3160,840-14-193,2002,1.0,1.0
3160,840-14-193,2004,1.0,0.0
3160,840-14-193,2006,1.0,1.0
3160,840-14-193,2008,1.0,1.0
3160,840-14-193,2009,1.0,1.0
3160,840-14-193,2013,1.0,1.0
3160,840-14-193,2018,1.0,0.0
3160,840-14-194,2003,1.0,1.0
3160,840-14-194,2006,1.0,1.0
3160,840-14-194,2008,1.0,1.0
3160,840-14-194,2014,1.0,1.0
3160,840-14-194,2017,1.0,1.0
3160,840-14-194,2018,1.0,1.0
3160,840-14-195,2008,1.0,1.0
3160,840-14-195,2013,1.0,1.0
3160,840-14-195,2014,1.0,1.0
3160,840-14-195,2017,1.0,1.0
3160,840-14-195,2018,1.0,1.0
3160,840-14-195,2019,1.0,1.0
3160,840-14-198,2002,1.0,1.0
3160,840-14-198,2007,1.0,1.0
3160,840-14-198,2016,1.0,1.0
3160,840-14-198,2019,1.0,1.0
3160,840-14-199,2002,1.0,0.0
3160,840-14-199,2004,1.0,1.0
3160,840-14-199,2007,1.0,1.0
3160,840-14-199,2014,1.0,1.0
3160,840-14-199,2016,1.0,1.0
3160,840-14-199,2017,1.0,1.0
3160,840-14-199,2018,1.0,1.0
3160,840-14-201,2003,1.0,0.0
3160,840-14-201,2004,1.0,1.0
3160,840-14-201,2007,1.0,0.0
3160,840-14-201,2013,1.0,1.0
3160,840-14-201,2016,1.0,1.0
3160,840-14-201,2017,1.0,1.0
3160,840-14-201,2018,1.0,1.0
3160,840-14-205,2003,1.0,1.0
3160,840-14-205,2014,1.0,0.0
3160,840-14-21,2002,1.0,1.0
3160,840-14-21,2003,1.0,1.0
3160,840-14-21,2004,1.0,1.0
3160,840-14-21,2006,1.0,1.0
3160,840-14-21,2007,1.0,1.0
3160,840-14-21,2018,1.0,1.0
3160,840-14-21,2019,1.0,1.0
3160,840-14-221,2007,1.0,1.0
3160,840-14-221,2013,1.0,1.0
3160,840-14-221,2014,1.0,1.0
3160,840-14-221,2018,1.0,1.0
3160,840-14-226,2007,1.0,1.0
3160,840-14-226,2013,1.0,1.0
3160,840-14-226,2014,1.0,1.0
3160,840-14-226,2018,1.0,1.0
3160,840-14-3,2002,1.0,1.0
3160,840-14-3,2003,1.0,1.0
3160,840-14-3,2004,1.0,1.0
3160,840-14-3,2007,1.0,1.0
3160,840-14-3,2013,1.0,1.0
3160,840-14-3,2014,1.0,1.0
3160,840-14-3,2016,1.0,1.0
3160,840-14-3,2017,1.0,1.0
3160,840-14-3,2018,1.0,1.0
3160,840-14-308,2007,1.0,0.0
3160,840-14-308,2013,1.0,0.0
3160,840-14-319,2001,1.0,0.0
3160,840-14-319,2003,1.0,1.0
3160,840-14-319,2004,1.0,1.0
3160,840-14-319,2005,1.0,1.0
3160,840-14-319,2006,1.0,1.0
3160,840-14-319,2013,1.0,1.0
3160,840-14-319,2014,1.0,1.0
3160,840-14-319,2017,1.0,0.0
3160,840-14-319,2022,1.0,0.0
3160,840-14-319,2023,1.0,1.0
3160,840-14-32,2006,1.0,0.0
3160,840-14-32,2008,1.0,1.0
3160,840-14-32,2013,1.0,1.0
3160,840-14-32,2014,1.0,1.0
3160,840-14-32,2018,1.0,1.0
3160,840-14-33,2002,1.0,1.0
3160,840-14-33,2004,1.0,1.0
3160,840-14-33,2019,1.0,1.0
3160,840-14-406,2004,1.0,1.0
3160,840-14-406,2006,1.0,1.0
3160,840-14-406,2007,1.0,1.0
3160,840-14-406,2013,1.0,1.0
3160,840-14-406,2014,1.0,1.0
3160,840-14-406,2016,1.0,1.0
3160,840-14-406,2017,1.0,1.0
3160,840-14-406,2018,1.0,1.0
3160,840-14-406,2019,1.0,1.0
3160,840-14-407,2002,1.0,0.0
3160,840-14-407,2007,1.0,1.0
3160,840-14-407,2014,1.0,1.0
3160,840-14-407,2016,1.0,1.0
3160,840-14-407,2017,1.0,1.0
3160,840-14-407,2018,1.0,1.0
3160,840-14-407,2019,1.0,1.0
3160,840-14-408,2001,1.0,0.0
3160,840-14-408,2018,1.0,1.0
3160,840-14-408,2019,1.0,1.0
3160,840-14-408,2022,1.0,1.0
3160,840-14-409,2007,1.0,0.0
3160,840-14-409,2009,1.0,1.0
3160,840-14-415,2001,1.0,1.0
3160,840-14-415,2003,1.0,0.0
3160,840-14-415,2004,1.0,1.0
3160,840-14-415,2007,1.0,0.0
3160,840-14-415,2008,1.0,1.0
3160,840-14-415,2016,1.0,1.0
3160,840-14-415,2017,1.0,1.0
3160,840-14-415,2018,1.0,1.0
3160,840-14-415,2019,1.0,1.0
3160,840-14-415,2022,1.0,1.0
3160,840-14-417,2000,1.0,0.0
3160,840-14-417,2001,1.0,1.0
3160,840-14-417,2002,1.0,1.0
3160,840-14-417,2003,1.0,1.0
3160,840-14-417,2004,1.0,1.0
3160,840-14-417,2006,1.0,0.0
3160,840-14-417,2007,1.0,1.0
3160,840-14-417,2013,1.0,1.0
3160,840-14-417,2014,1.0,1.0
3160,840-14-417,2016,1.0,1.0
3160,840-14-417,2018,1.0,0.0
3160,840-14-418,2001,1.0,1.0
3160,840-14-418,2002,1.0,1.0
3160,840-14-418,2004,1.0,0.0
3160,840-14-418,2007,1.0,0.0
3160,840-14-418,2008,1.0,1.0
3160,840-14-418,2014,1.0,1.0
3160,840-14-418,2016,1.0,1.0
3160,840-14-418,2017,1.0,1.0
3160,840-14-418,2018,1.0,1.0
3160,840-14-418,2019,1.0,1.0
3160,840-14-418,2022,1.0,1.0
3160,840-14-419,2012,1.0,1.0
3160,840-14-420,2001,1.0,1.0
3160,840-14-420,2002,1.0,1.0
3160,840-14-420,2004,1.0,0.0
3160,840-14-420,2007,1.0,1.0
3160,840-14-421,2002,1.0,1.0
3160,840-14-421,2003,1.0,1.0
3160,840-14-421,2004,1.0,1.0
3160,840-14-421,2006,1.0,1.0
3160,840-14-421,2007,1.0,1.0
3160,840-14-421,2008,1.0,1.0
3160,840-14-421,2018,1.0,0.0
3160,840-14-421,2019,1.0,1.0
3160,840-14-422,2002,1.0,1.0
3160,840-14-422,2003,1.0,1.0
3160,840-14-422,2004,1.0,1.0
3160,840-14-422,2006,1.0,1.0
3160,840-14-422,2007,1.0,1.0
3160,840-14-422,2019,1.0,0.0
3160,840-14-423,2001,1.0,1.0
3160,840-14-423,2003,1.0,1.0
3160,840-14-423,2004,1.0,1.0
3160,840-14-423,2007,1.0,1.0
3160,840-14-423,2008,1.0,1.0
3160,840-14-426,2000,1.0,1.0
3160,840-14-426,2018,1.0,0.0
3160,840-14-434,2001,1.0,1.0
3160,840-14-434,2002,1.0,1.0
3160,840-14-434,2003,1.0,1.0
3160,840-14-434,2004,1.0,1.0
3160,840-14-434,2006,1.0,1.0
3160,840-14-434,2007,1.0,1.0
3160,840-14-434,2008,1.0,1.0
3160,840-14-434,2019,1.0,0.0
3160,840-14-435,2002,1.0,1.0
3160,840-14-435,2008,1.0,0.0
3160,840-14-435,2022,1.0,1.0
3160,840-14-435,2023,1.0,1.0
3160,840-14-436,2001,1.0,1.0
3160,840-14-436,2007,1.0,1.0
3160,840-14-436,2008,1.0,1.0
3160,840-14-436,2016,1.0,1.0
3160,840-14-436,2018,1.0,1.0
3160,840-14-436,2019,1.0,1.0
3160,840-14-47,2004,1.0,1.0
3160,840-14-47,2007,1.0,1.0
3160,840-14-47,2013,1.0,1.0
3160,840-14-47,2014,1.0,1.0
3160,840-14-47,2018,1.0,1.0
3160,840-14-49,2012,1.0,1.0
3160,840-14-49,2014,1.0,1.0
3160,840-14-49,2018,1.0,1.0
3160,840-14-49,2019,1.0,1.0
3160,840-14-51,2000,1.0,0.0
3160,840-14-51,2007,1.0,1.0
3160,840-14-51,2013,1.0,0.0
3160,840-14-51,2018,1.0,1.0
3160,840-14-54,2002,1.0,1.0
3160,840-14-54,2003,1.0,1.0
3160,840-14-54,2004,1.0,1.0
3160,840-14-54,2012,1.0,1.0
3160,840-14-58,2000,1.0,1.0
3160,840-14-58,2002,1.0,0.0
3160,840-14-58,2003,1.0,1.0
3160,840-14-59,2003,1.0,0.0
3160,840-14-59,2004,1.0,1.0
3160,840-14-59,2007,1.0,1.0
3160,840-14-59,2008,1.0,1.0
3160,840-14-59,2014,1.0,1.0
3160,840-14-6,2002,1.0,1.0
3160,840-14-6,2008,1.0,1.0
3160,840-14-6,2017,1.0,1.0
3160,840-14-6,2018,1.0,1.0
3160,840-14-6,2022,1.0,1.0
3160,840-14-62,2001,1.0,1.0
3160,840-14-62,2002,1.0,1.0
3160,840-14-62,2003,1.0,1.0
3160,840-14-62,2004,1.0,1.0
3160,840-14-62,2008,1.0,0.0
3160,840-14-62,2019,1.0,0.0
3160,840-14-69,2000,1.0,0.0
3160,840-14-69,2012,1.0,1.0
3160,840-14-69,2014,1.0,0.0
3160,840-14-69,2018,1.0,1.0
3160,840-14-7,2002,1.0,0.0
3160,840-14-7,2003,1.0,1.0
3160,840-14-7,2007,1.0,1.0
3160,840-14-7,2016,1.0,1.0
3160,840-14-7,2019,1.0,1.0
3160,840-14-7,2022,1.0,1.0
3160,840-14-7,2023,1.0,1.0
3160,840-14-71,2000,1.0,1.0
3160,840-14-71,2001,1.0,1.0
3160,840-14-71,2003,1.0,1.0
3160,840-14-71,2004,1.0,1.0
3160,840-14-71,2005,1.0,1.0
3160,840-14-71,2006,1.0,1.0
3160,840-14-71,2009,1.0,1.0
3160,840-14-71,2010,1.0,1.0
3160,840-14-71,2013,1.0,1.0
3160,840-14-71,2014,1.0,1.0
3160,840-14-71,2015,1.0,1.0
3160,840-14-71,2016,1.0,1.0
3160,840-14-71,2017,1.0,1.0
3160,840-14-71,2018,1.0,1.0
3160,840-14-71,2022,1.0,1.0
3160,840-14-78,2006,1.0,0.0
3160,840-14-78,2007,1.0,1.0
3160,840-14-78,2013,1.0,0.0
3160,840-14-78,2016,1.0,1.0
3160,840-14-78,2017,1.0,1.0
3160,840-14-79,2000,1.0,1.0
3160,840-14-79,2013,1.0,1.0
3160,840-14-79,2016,1.0,1.0
3160,840-14-79,2017,1.0,1.0
3160,840-14-79,2022,1.0,1.0
3160,840-14-80,2000,1.0,1.0
3160,840-14-80,2001,1.0,1.0
3160,840-14-80,2002,1.0,1.0
3160,840-14-80,2006,1.0,1.0
3160,840-14-80,2007,1.0,1.0
3160,840-14-80,2008,1.0,1.0
3160,840-14-80,2019,1.0,1.0
3160,840-14-80,2022,1.0,0.0
3160,840-14-82,2001,1.0,0.0
3160,840-14-82,2002,1.0,1.0
3160,840-14-82,2003,1.0,1.0
3160,840-14-82,2004,1.0,1.0
3160,840-14-82,2006,1.0,1.0
3160,840-14-82,2007,1.0,1.0
3160,840-14-82,2008,1.0,1.0
3160,840-14-82,2013,1.0,0.0
3160,840-14-82,2014,1.0,1.0
3160,840-14-82,2016,1.0,1.0
3160,840-14-82,2018,1.0,0.0
3160,840-14-82,2022,1.0,1.0
3160,840-14-88,2003,1.0,0.0
3160,840-14-88,2004,1.0,1.0
3160,840-14-88,2012,1.0,1.0
3160,840-14-88,2019,1.0,0.0
3160,840-14-89,2002,1.0,0.0
3160,840-14-89,2007,1.0,0.0
3160,840-14-89,2012,1.0,1.0
3160,840-14-89,2014,1.0,1.0
3160,840-14-89,2018,1.0,1.0
3160,840-14-89,2019,1.0,1.0
3160,840-14-9,2002,1.0,0.0
3160,840-14-9,2006,1.0,1.0
3160,840-14-9,2007,1.0,1.0
3160,840-14-9,2013,1.0,1.0
3160,840-14-9,2014,1.0,1.0
3160,840-14-9,2016,1.0,1.0
3160,840-14-9,2017,1.0,1.0
3160,840-14-9,2018,1.0,1.0
3160,840-14-96,2000,1.0,1.0
3160,840-14-96,2001,1.0,1.0
3160,840-14-96,2006,1.0,1.0
3160,840-14-96,2007,1.0,1.0
3160,840-14-96,2008,1.0,1.0
3160,840-14-96,2014,1.0,1.0
3160,840-14-96,2016,1.0,1.0
3160,840-14-96,2022,1.0,1.0
3160,840-14-98,2002,1.0,1.0
3160,840-14-98,2003,1.0,1.0
3160,840-14-98,2004,1.0,1.0
3160,840-14-98,2006,1.0,1.0
3160,840-14-98,2007,1.0,1.0
3160,840-14-98,2016,1.0,1.0
3160,840-14-98,2018,1.0,1.0
3160,840-17-1,2000,1.0,1.0
3160,840-17-1,2022,1.0,1.0
3160,840-17-10,2001,1.0,0.0
3160,840-17-10,2010,1.0,0.0
3160,840-17-10,2015,1.0,0.0
3160,840-17-10,2022,1.0,0.0
3160,840-17-11,2000,1.0,1.0
3160,840-17-11,2005,1.0,1.0
3160,840-17-11,2007,1.0,1.0
3160,840-17-11,2008,1.0,1.0
3160,840-17-11,2015,1.0,1.0
3160,840-17-12,2000,1.0,1.0
3160,840-17-12,2007,1.0,1.0
3160,840-17-12,2011,1.0,0.0
3160,840-17-12,2015,1.0,0.0
3160,840-17-125,2004,1.0,0.0
3160,840-17-125,2007,1.0,1.0
3160,840-17-125,2008,1.0,1.0
3160,840-17-126,2008,1.0,1.0
3160,840-17-126,2014,1.0,1.0
3160,840-17-126,2015,1.0,1.0
3160,840-17-126,2022,1.0,1.0
3160,840-17-13,2000,1.0,1.0
3160,840-17-13,2007,1.0,1.0
3160,840-17-13,2011,1.0,1.0
3160,840-17-13,2015,1.0,0.0
3160,840-17-14,2005,1.0,1.0
3160,840-17-14,2011,1.0,1.0
3160,840-17-14,2015,1.0,1.0
3160,840-17-14,2019,1.0,1.0
3160,840-17-15,2000,1.0,0.0
3160,840-17-15,2015,1.0,1.0
3160,840-17-153,2007,1.0,0.0
3160,840-17-153,2015,1.0,1.0
3160,840-17-153,2022,1.0,1.0
3160,840-17-154,2000,1.0,0.0
3160,840-17-154,2007,1.0,1.0
3160,840-17-154,2015,1.0,0.0
3160,840-17-154,2022,1.0,1.0
3160,840-17-16,2004,1.0,1.0
3160,840-17-16,2014,1.0,0.0
3160,840-17-17,2000,1.0,1.0
3160,840-17-17,2001,1.0,1.0
3160,840-17-17,2007,1.0,1.0
3160,840-17-17,2010,1.0,1.0
3160,840-17-17,2015,1.0,0.0
3160,840-17-17,2022,1.0,1.0
3160,840-17-18,2010,1.0,0.0
3160,840-17-18,2011,1.0,1.0
3160,840-17-18,2015,1.0,1.0
3160,840-17-18,2017,1.0,1.0
3160,840-17-18,2022,1.0,1.0
3160,840-17-19,2001,1.0,0.0
3160,840-17-19,2010,1.0,1.0
3160,840-17-19,2011,1.0,1.0
3160,840-17-19,2017,1.0,1.0
3160,840-17-19,2022,1.0,1.0
3160,840-17-2,2004,1.0,1.0
3160,840-17-2,2010,1.0,0.0
3160,840-17-2,2014,1.0,1.0
3160,840-17-202,2000,1.0,0.0
3160,840-17-203,2000,1.0,1.0
3160,840-17-203,2010,1.0,0.0
3160,840-17-203,2022,1.0,0.0
3160,840-17-204,2007,1.0,1.0
3160,840-17-205,2001,1.0,1.0
3160,840-17-205,2007,1.0,1.0
3160,840-17-205,2015,1.0,1.0
3160,840-17-205,2017,1.0,1.0
3160,840-17-206,2010,1.0,0.0
3160,840-17-206,2017,1.0,1.0
3160,840-17-207,2000,1.0,1.0
3160,840-17-207,2005,1.0,1.0
3160,840-17-207,2010,1.0,1.0
3160,840-17-207,2011,1.0,1.0
3160,840-17-207,2015,1.0,1.0
3160,840-17-208,2000,1.0,1.0
3160,840-17-208,2001,1.0,1.0
3160,840-17-208,2022,1.0,1.0
3160,840-17-209,2000,1.0,1.0
3160,840-17-209,2010,1.0,1.0
3160,840-17-21,2008,1.0,1.0
3160,840-17-21,2014,1.0,1.0
3160,840-17-21,2015,1.0,1.0
3160,840-17-21,2017,1.0,0.0
3160,840-17-213,2001,1.0,1.0
3160,840-17-213,2011,1.0,1.0
3160,840-17-213,2015,1.0,0.0
3160,840-17-213,2017,1.0,1.0
3160,840-17-214,2005,1.0,1.0
3160,840-17-214,2007,1.0,1.0
3160,840-17-214,2008,1.0,1.0
3160,840-17-215,2000,1.0,0.0
3160,840-17-215,2007,1.0,1.0
3160,840-17-215,2015,1.0,1.0
3160,840-17-215,2022,1.0,1.0
3160,840-17-216,2004,1.0,1.0
3160,840-17-216,2010,1.0,1.0
3160,840-17-216,2014,1.0,1.0
3160,840-17-217,2000,1.0,0.0
3160,840-17-217,2007,1.0,0.0
3160,840-17-217,2010,1.0,0.0
3160,840-17-217,2011,1.0,1.0
3160,840-17-217,2022,1.0,0.0
3160,840-17-218,2000,1.0,1.0
3160,840-17-218,2005,1.0,1.0
3160,840-17-218,2008,1.0,1.0
3160,840-17-218,2014,1.0,0.0
3160,840-17-218,2015,1.0,1.0
3160,840-17-220,2005,1.0,1.0
3160,840-17-220,2009,1.0,1.0
3160,840-17-221,2001,1.0,1.0
3160,840-17-221,2008,1.0,1.0
3160,840-17-221,2014,1.0,1.0
3160,840-17-221,2015,1.0,1.0
3160,840-17-221,2017,1.0,1.0
3160,840-17-222,2010,1.0,0.0
3160,840-17-222,2015,1.0,0.0
3160,840-17-223,2000,1.0,1.0
3160,840-17-223,2001,1.0,1.0
3160,840-17-223,2007,1.0,0.0
3160,840-17-223,2010,1.0,1.0
3160,840-17-223,2014,1.0,1.0
3160,840-17-223,2015,1.0,1.0
3160,840-17-223,2022,1.0,1.0
3160,840-17-225,2000,1.0,1.0
3160,840-17-225,2001,1.0,1.0
3160,840-17-225,2010,1.0,1.0
3160,840-17-225,2011,1.0,1.0
3160,840-17-225,2015,1.0,1.0
3160,840-17-225,2017,1.0,0.0
3160,840-17-228,2001,1.0,1.0
3160,840-17-228,2014,1.0,1.0
3160,840-17-228,2017,1.0,1.0
3160,840-17-23,2000,1.0,1.0
3160,840-17-23,2001,1.0,1.0
3160,840-17-23,2007,1.0,0.0
3160,840-17-23,2010,1.0,1.0
3160,840-17-23,2014,1.0,1.0
3160,840-17-23,2015,1.0,1.0
3160,840-17-3,2000,1.0,1.0
3160,840-17-3,2010,1.0,1.0
3160,840-17-3,2022,1.0,1.0
3160,840-17-301,2000,1.0,1.0
3160,840-17-301,2001,1.0,1.0
3160,840-17-301,2022,1.0,1.0
3160,840-17-302,2000,1.0,1.0
3160,840-17-302,2001,1.0,1.0
3160,840-17-302,2004,1.0,1.0
3160,840-17-302,2010,1.0,1.0
3160,840-17-302,2022,1.0,1.0
3160,840-17-303,2006,1.0,1.0
3160,840-17-303,2007,1.0,1.0
3160,840-17-303,2017,1.0,1.0
3160,840-17-304,2000,1.0,0.0
3160,840-17-304,2007,1.0,1.0
3160,840-17-304,2010,1.0,1.0
3160,840-17-304,2017,1.0,0.0
3160,840-17-304,2022,1.0,1.0
3160,840-17-305,2001,1.0,1.0
3160,840-17-305,2007,1.0,1.0
3160,840-17-305,2015,1.0,1.0
3160,840-17-305,2017,1.0,1.0
3160,840-17-306,2000,1.0,1.0
3160,840-17-306,2007,1.0,1.0
3160,840-17-306,2010,1.0,1.0
3160,840-17-306,2011,1.0,1.0
3160,840-17-307,2007,1.0,0.0
3160,840-17-307,2010,1.0,1.0
3160,840-17-307,2011,1.0,1.0
3160,840-17-307,2019,1.0,1.0
3160,840-17-308,2004,1.0,1.0
3160,840-17-308,2010,1.0,1.0
3160,840-17-309,2010,1.0,0.0
3160,840-17-31,2000,1.0,1.0
3160,840-17-31,2001,1.0,1.0
3160,840-17-31,2004,1.0,1.0
3160,840-17-31,2010,1.0,1.0
3160,840-17-31,2022,1.0,1.0
3160,840-17-312,2000,1.0,1.0
3160,840-17-312,2007,1.0,1.0
3160,840-17-312,2011,1.0,1.0
3160,840-17-312,2015,1.0,1.0
3160,840-17-313,2000,1.0,0.0
3160,840-17-313,2005,1.0,1.0
3160,840-17-313,2007,1.0,1.0
3160,840-17-313,2008,1.0,1.0
3160,840-17-314,2008,1.0,1.0
3160,840-17-314,2014,1.0,1.0
3160,840-17-314,2017,1.0,1.0
3160,840-17-315,2000,1.0,1.0
3160,840-17-315,2001,1.0,1.0
3160,840-17-315,2004,1.0,1.0
3160,840-17-315,2007,1.0,1.0
3160,840-17-315,2010,1.0,0.0
3160,840-17-315,2015,1.0,1.0
3160,840-17-316,2000,1.0,1.0
3160,840-17-316,2001,1.0,1.0
3160,840-17-316,2022,1.0,1.0
3160,840-17-317,2000,1.0,0.0
3160,840-17-317,2001,1.0,1.0
3160,840-17-318,2000,1.0,1.0
3160,840-17-318,2001,1.0,1.0
3160,840-17-318,2007,1.0,1.0
3160,840-17-318,2011,1.0,0.0
3160,840-17-319,2008,1.0,1.0
3160,840-17-319,2014,1.0,1.0
3160,840-17-319,2015,1.0,1.0
3160,840-17-319,2017,1.0,1.0
3160,840-17-319,2022,1.0,1.0
3160,840-17-32,2000,1.0,1.0
3160,840-17-32,2004,1.0,1.0
3160,840-17-32,2010,1.0,1.0
3160,840-17-32,2022,1.0,1.0
3160,840-17-322,2000,1.0,1.0
3160,840-17-322,2004,1.0,1.0
3160,840-17-322,2010,1.0,1.0
3160,840-17-322,2014,1.0,1.0
3160,840-17-326,2000,1.0,0.0
3160,840-17-326,2008,1.0,1.0
3160,840-17-326,2014,1.0,1.0
3160,840-17-326,2015,1.0,1.0
3160,840-17-34,2000,1.0,0.0
3160,840-17-34,2022,1.0,0.0
3160,840-17-35,2000,1.0,1.0
3160,840-17-35,2008,1.0,1.0
3160,840-17-35,2010,1.0,1.0
3160,840-17-35,2011,1.0,1.0
3160,840-17-351,2000,1.0,1.0
3160,840-17-351,2001,1.0,1.0
3160,840-17-351,2022,1.0,1.0
3160,840-17-352,2010,1.0,1.0
3160,840-17-352,2022,1.0,1.0
3160,840-17-359,2000,1.0,1.0
3160,840-17-359,2001,1.0,1.0
3160,840-17-359,2017,1.0,1.0
3160,840-17-36,2005,1.0,1.0
3160,840-17-36,2008,1.0,0.0
3160,840-17-36,2011,1.0,1.0
3160,840-17-36,2019,1.0,0.0
3160,840-17-362,2001,1.0,1.0
3160,840-17-362,2010,1.0,0.0
3160,840-17-362,2011,1.0,1.0
3160,840-17-362,2017,1.0,1.0
3160,840-17-362,2022,1.0,1.0
3160,840-17-365,2001,1.0,0.0
3160,840-17-365,2007,1.0,1.0
3160,840-17-365,2015,1.0,1.0
3160,840-17-365,2022,1.0,1.0
3160,840-17-366,2000,1.0,0.0
3160,840-17-366,2007,1.0,1.0
3160,840-17-366,2010,1.0,0.0
3160,840-17-366,2015,1.0,0.0
3160,840-17-367,2000,1.0,0.0
3160,840-17-367,2007,1.0,1.0
3160,840-17-367,2011,1.0,0.0
3160,840-17-368,2000,1.0,1.0
3160,840-17-368,2001,1.0,1.0
3160,840-17-368,2010,1.0,1.0
3160,840-17-37,2000,1.0,1.0
3160,840-17-37,2005,1.0,1.0
3160,840-17-37,2011,1.0,1.0
3160,840-17-37,2015,1.0,1.0
3160,840-17-372,2000,1.0,1.0
3160,840-17-372,2001,1.0,1.0
3160,840-17-372,2007,1.0,1.0
3160,840-17-372,2010,1.0,1.0
3160,840-17-372,2015,1.0,1.0
3160,840-17-372,2022,1.0,1.0
3160,840-17-375,2000,1.0,1.0
3160,840-17-375,2014,1.0,1.0
3160,840-17-375,2015,1.0,1.0
3160,840-17-375,2017,1.0,0.0
3160,840-17-375,2022,1.0,1.0
3160,840-17-4,2000,1.0,1.0
3160,840-17-4,2010,1.0,1.0
3160,840-17-4,2011,1.0,1.0
3160,840-17-40,2007,1.0,0.0
3160,840-17-41,2000,1.0,0.0
3160,840-17-41,2007,1.0,1.0
3160,840-17-41,2015,1.0,0.0
3160,840-17-41,2022,1.0,0.0
3160,840-17-410,2001,1.0,0.0
3160,840-17-410,2007,1.0,1.0
3160,840-17-410,2010,1.0,1.0
3160,840-17-410,2015,1.0,0.0
3160,840-17-410,2022,1.0,1.0
3160,840-17-412,2007,1.0,1.0
3160,840-17-412,2010,1.0,1.0
3160,840-17-412,2015,1.0,1.0
3160,840-17-419,2001,1.0,0.0
3160,840-17-419,2008,1.0,1.0
3160,840-17-419,2014,1.0,1.0
3160,840-17-419,2015,1.0,1.0
3160,840-17-419,2022,1.0,1.0
3160,840-17-42,2000,1.0,1.0
3160,840-17-42,2007,1.0,1.0
3160,840-17-42,2010,1.0,1.0
3160,840-17-42,2011,1.0,1.0
3160,840-17-42,2015,1.0,0.0
3160,840-17-43,2005,1.0,0.0
3160,840-17-43,2007,1.0,0.0
3160,840-17-43,2008,1.0,1.0
3160,840-17-43,2019,1.0,1.0
3160,840-17-44,2000,1.0,1.0
3160,840-17-44,2008,1.0,1.0
3160,840-17-44,2011,1.0,1.0
3160,840-17-44,2015,1.0,1.0
3160,840-17-44,2017,1.0,1.0
3160,840-17-45,2004,1.0,0.0
3160,840-17-45,2010,1.0,1.0
3160,840-17-45,2014,1.0,1.0
3160,840-17-46,2000,1.0,1.0
3160,840-17-46,2001,1.0,1.0
3160,840-17-46,2007,1.0,1.0
3160,840-17-46,2010,1.0,1.0
3160,840-17-46,2015,1.0,1.0
3160,840-17-46,2022,1.0,1.0
3160,840-17-47,2000,1.0,1.0
3160,840-17-47,2001,1.0,1.0
3160,840-17-47,2007,1.0,1.0
3160,840-17-47,2011,1.0,1.0
3160,840-17-47,2022,1.0,1.0
3160,840-17-48,2000,1.0,1.0
3160,840-17-48,2007,1.0,1.0
3160,840-17-49,2000,1.0,1.0
3160,840-17-49,2001,1.0,1.0
3160,840-17-49,2005,1.0,1.0
3160,840-17-49,2014,1.0,1.0
3160,840-17-49,2015,1.0,1.0
3160,840-17-49,2017,1.0,1.0
3160,840-17-49,2022,1.0,1.0
3160,840-17-5,2007,1.0,1.0
3160,840-17-50,2008,1.0,1.0
3160,840-17-50,2014,1.0,1.0
3160,840-17-50,2015,1.0,1.0
3160,840-17-50,2017,1.0,0.0
3160,840-17-50,2022,1.0,1.0
3160,840-17-51,2008,1.0,1.0
3160,840-17-51,2014,1.0,1.0
3160,840-17-51,2015,1.0,1.0
3160,840-17-51,2017,1.0,1.0
3160,840-17-51,2022,1.0,1.0
3160,840-17-52,2003,1.0,0.0
3160,840-17-52,2004,1.0,1.0
3160,840-17-55,2000,1.0,1.0
3160,840-17-55,2001,1.0,1.0
3160,840-17-55,2011,1.0,1.0
3160,840-17-55,2014,1.0,1.0
3160,840-17-55,2015,1.0,1.0
3160,840-17-56,1998,1.0,1.0
3160,840-17-56,2001,1.0,1.0
3160,840-17-56,2014,1.0,1.0
3160,840-17-56,2015,1.0,1.0
3160,840-17-56,2022,1.0,1.0
3160,840-17-57,1998,1.0,0.0
3160,840-17-57,2005,1.0,1.0
3160,840-17-57,2014,1.0,1.0
3160,840-17-57,2015,1.0,1.0
3160,840-17-57,2017,1.0,0.0
3160,840-17-58,1998,1.0,1.0
3160,840-17-58,2001,1.0,1.0
3160,840-17-58,2005,1.0,1.0
3160,840-17-58,2014,1.0,1.0
3160,840-17-6,2000,1.0,1.0
3160,840-17-6,2007,1.0,0.0
3160,840-17-6,2010,1.0,1.0
3160,840-17-6,2011,1.0,1.0
3160,840-17-6,2015,1.0,1.0
3160,840-17-8,2000,1.0,1.0
3160,840-17-8,2001,1.0,1.0
3160,840-17-8,2004,1.0,1.0
3160,840-17-9,2000,1.0,1.0
3160,840-17-9,2010,1.0,1.0
3160,840-17-9,2022,1.0,1.0
3160,840-18-1,2000,1.0,1.0
3160,840-18-1,2002,1.0,1.0
3160,840-18-1,2004,1.0,0.0
3160,840-18-1,2012,1.0,0.0
3160,840-18-1,2014,1.0,1.0
3160,840-18-1,2017,1.0,0.0
3160,840-18-1,2018,1.0,1.0
3160,840-18-1,2019,1.0,1.0
3160,840-18-102,2000,1.0,1.0
3160,840-18-102,2002,1.0,1.0
3160,840-18-102,2004,1.0,1.0
3160,840-18-102,2006,1.0,1.0
3160,840-18-102,2007,1.0,1.0
3160,840-18-102,2011,1.0,1.0
3160,840-18-102,2012,1.0,1.0
3160,840-18-102,2013,1.0,1.0
3160,840-18-102,2014,1.0,1.0
3160,840-18-102,2015,1.0,1.0
3160,840-18-102,2017,1.0,1.0
3160,840-18-102,2018,1.0,1.0
3160,840-18-102,2019,1.0,1.0
3160,840-18-102,2022,1.0,1.0
3160,840-18-11,2006,1.0,1.0
3160,840-18-11,2011,1.0,1.0
3160,840-18-11,2012,1.0,1.0
3160,840-18-11,2013,1.0,1.0
3160,840-18-11,2014,1.0,1.0
3160,840-18-11,2015,1.0,1.0
3160,840-18-11,2017,1.0,1.0
3160,840-18-11,2019,1.0,0.0
3160,840-18-11,2022,1.0,1.0
3160,840-18-14,2006,1.0,1.0
3160,840-18-14,2007,1.0,1.0
3160,840-18-14,2011,1.0,1.0
3160,840-18-14,2012,1.0,1.0
3160,840-18-14,2013,1.0,1.0
3160,840-18-14,2014,1.0,1.0
3160,840-18-14,2015,1.0,1.0
3160,840-18-14,2016,1.0,1.0
3160,840-18-14,2017,1.0,1.0
3160,840-18-14,2018,1.0,1.0
3160,840-18-14,2019,1.0,1.0
3160,840-18-15,2006,1.0,1.0
3160,840-18-15,2007,1.0,1.0
3160,840-18-15,2011,1.0,1.0
3160,840-18-15,2015,1.0,0.0
3160,840-18-15,2017,1.0,1.0
3160,840-18-15,2018,1.0,1.0
3160,840-18-15,2019,1.0,1.0
3160,840-18-15,2022,1.0,1.0
3160,840-18-3,2000,1.0,1.0
3160,840-18-3,2002,1.0,1.0
3160,840-18-3,2004,1.0,1.0
3160,840-18-3,2006,1.0,1.0
3160,840-18-3,2007,1.0,1.0
3160,840-18-3,2011,1.0,1.0
3160,840-18-3,2012,1.0,1.0
3160,840-18-3,2013,1.0,1.0
3160,840-18-3,2014,1.0,1.0
3160,840-18-3,2015,1.0,1.0
3160,840-18-3,2016,1.0,1.0
3160,840-18-3,2022,1.0,1.0
3160,840-18-4,2000,1.0,1.0
3160,840-18-4,2002,1.0,0.0
3160,840-18-4,2011,1.0,1.0
3160,840-18-4,2012,1.0,1.0
3160,840-18-4,2013,1.0,1.0
3160,840-18-4,2014,1.0,1.0
3160,840-18-4,2015,1.0,1.0
3160,840-18-4,2016,1.0,1.0
3160,840-18-4,2019,1.0,1.0
3160,840-18-7,2000,1.0,1.0
3160,840-18-7,2002,1.0,1.0
3160,840-18-7,2006,1.0,1.0
3160,840-18-7,2007,1.0,1.0
3160,840-18-7,2011,1.0,0.0
3160,840-18-7,2012,1.0,1.0
3160,840-18-7,2014,1.0,1.0
3160,840-18-7,2015,1.0,1.0
3160,840-18-7,2017,1.0,1.0
3160,840-18-7,2018,1.0,1.0
3160,840-18-8,2000,1.0,1.0
3160,840-18-8,2002,1.0,1.0
3160,840-18-8,2004,1.0,1.0
3160,840-18-8,2006,1.0,1.0
3160,840-18-8,2007,1.0,1.0
3160,840-18-8,2011,1.0,0.0
3160,840-18-8,2012,1.0,1.0
3160,840-18-8,2013,1.0,1.0
3160,840-18-8,2014,1.0,1.0
3160,840-18-8,2015,1.0,1.0
3160,840-18-8,2017,1.0,1.0
3160,840-18-8,2018,1.0,1.0
3160,840-18-8,2019,1.0,1.0
3160,840-18-8,2022,1.0,1.0
3160,840-18-9,2000,1.0,1.0
3160,840-18-9,2002,1.0,1.0
3160,840-18-9,2004,1.0,1.0
3160,840-18-9,2006,1.0,1.0
3160,840-18-9,2007,1.0,1.0
3160,840-18-9,2011,1.0,1.0
3160,840-18-9,2012,1.0,1.0
3160,840-18-9,2013,1.0,1.0
3160,840-18-9,2014,1.0,1.0
3160,840-18-9,2015,1.0,1.0
3160,840-18-9,2017,1.0,1.0
3160,840-18-9,2018,1.0,1.0
3160,840-18-9,2019,1.0,1.0
3160,840-2-1,1999,1.0,1.0
3160,840-2-1,2002,1.0,1.0
3160,840-2-1,2005,1.0,1.0
3160,840-2-1,2006,1.0,1.0
3160,840-2-1,2008,1.0,1.0
3160,840-2-1,2013,1.0,1.0
3160,840-2-1,2014,1.0,1.0
3160,840-2-1,2015,1.0,1.0
3160,840-2-1,2019,1.0,1.0
3160,840-2-1,2023,1.0,1.0
3160,840-2-10,2002,1.0,1.0
3160,840-2-10,2009,1.0,1.0
3160,840-2-10,2012,1.0,1.0
3160,840-2-10,2018,1.0,1.0
3160,840-2-102,1999,1.0,1.0
3160,840-2-102,2002,1.0,1.0
3160,840-2-102,2004,1.0,1.0
3160,840-2-102,2005,1.0,1.0
3160,840-2-102,2006,1.0,1.0
3160,840-2-102,2013,1.0,1.0
3160,840-2-102,2014,1.0,1.0
3160,840-2-102,2023,1.0,1.0
3160,840-2-105,2000,1.0,1.0
3160,840-2-105,2002,1.0,1.0
3160,840-2-105,2004,1.0,1.0
3160,840-2-105,2006,1.0,1.0
3160,840-2-105,2009,1.0,1.0
3160,840-2-105,2012,1.0,1.0
3160,840-2-105,2015,1.0,1.0
3160,840-2-109,2000,1.0,1.0
3160,840-2-109,2002,1.0,1.0
3160,840-2-109,2004,1.0,1.0
3160,840-2-109,2006,1.0,1.0
3160,840-2-109,2009,1.0,1.0
3160,840-2-109,2012,1.0,1.0
3160,840-2-111,2000,1.0,0.0
3160,840-2-111,2002,1.0,1.0
3160,840-2-111,2004,1.0,1.0
3160,840-2-111,2006,1.0,1.0
3160,840-2-111,2009,1.0,1.0
3160,840-2-111,2012,1.0,1.0
3160,840-2-111,2015,1.0,1.0
3160,840-2-111,2018,1.0,1.0
3160,840-2-12,2000,1.0,0.0
3160,840-2-12,2009,1.0,0.0
3160,840-2-12,2012,1.0,1.0
3160,840-2-13,2005,1.0,0.0
3160,840-2-13,2019,1.0,1.0
3160,840-2-13,2023,1.0,1.0
3160,840-2-14,2004,1.0,1.0
3160,840-2-14,2005,1.0,1.0
3160,840-2-14,2013,1.0,1.0
3160,840-2-14,2014,1.0,1.0
3160,840-2-14,2023,1.0,0.0
3160,840-2-140,1998,1.0,1.0
3160,840-2-140,1999,1.0,1.0
3160,840-2-140,2000,1.0,1.0
3160,840-2-140,2003,1.0,1.0
3160,840-2-140,2004,1.0,1.0
3160,840-2-140,2006,1.0,1.0
3160,840-2-140,2007,1.0,1.0
3160,840-2-140,2008,1.0,1.0
3160,840-2-140,2009,1.0,1.0
3160,840-2-140,2013,1.0,0.0
3160,840-2-140,2014,1.0,1.0
3160,840-2-140,2015,1.0,1.0
3160,840-2-141,2004,1.0,0.0
3160,840-2-141,2007,1.0,1.0
3160,840-2-141,2008,1.0,1.0
3160,840-2-141,2009,1.0,1.0
3160,840-2-141,2013,1.0,1.0
3160,840-2-141,2015,1.0,1.0
3160,840-2-141,2016,1.0,1.0
3160,840-2-141,2018,1.0,1.0
3160,840-2-141,2019,1.0,1.0
3160,840-2-142,1999,1.0,1.0
3160,840-2-142,2000,1.0,1.0
3160,840-2-142,2002,1.0,1.0
3160,840-2-142,2004,1.0,1.0
3160,840-2-142,2007,1.0,1.0
3160,840-2-142,2008,1.0,1.0
3160,840-2-142,2009,1.0,1.0
3160,840-2-142,2013,1.0,0.0
3160,840-2-142,2015,1.0,1.0
3160,840-2-142,2018,1.0,1.0
3160,840-2-142,2019,1.0,1.0
3160,840-2-15,1999,1.0,1.0
3160,840-2-15,2005,1.0,0.0
3160,840-2-15,2013,1.0,1.0
3160,840-2-15,2014,1.0,1.0
3160,840-2-15,2019,1.0,1.0
3160,840-2-15,2023,1.0,0.0
3160,840-2-156,2000,1.0,0.0
3160,840-2-156,2002,1.0,1.0
3160,840-2-156,2006,1.0,1.0
3160,840-2-156,2009,1.0,1.0
3160,840-2-156,2012,1.0,1.0
3160,840-2-156,2015,1.0,1.0
3160,840-2-156,2018,1.0,1.0
3160,840-2-16,2004,1.0,1.0
3160,840-2-16,2005,1.0,1.0
3160,840-2-16,2013,1.0,1.0
3160,840-2-16,2014,1.0,1.0
3160,840-2-16,2019,1.0,1.0
3160,840-2-16,2023,1.0,0.0
3160,840-2-162,2002,1.0,1.0
3160,840-2-162,2004,1.0,1.0
3160,840-2-162,2006,1.0,1.0
3160,840-2-162,2009,1.0,1.0
3160,840-2-162,2012,1.0,1.0
3160,840-2-164,2000,1.0,0.0
3160,840-2-164,2002,1.0,1.0
3160,840-2-164,2006,1.0,1.0
3160,840-2-164,2008,1.0,1.0
3160,840-2-164,2009,1.0,1.0
3160,840-2-164,2012,1.0,1.0
3160,840-2-164,2015,1.0,1.0
3160,840-2-164,2018,1.0,0.0
3160,840-2-17,2002,1.0,1.0
3160,840-2-17,2009,1.0,1.0
3160,840-2-17,2012,1.0,0.0
3160,840-2-17,2015,1.0,0.0
3160,840-2-17,2018,1.0,1.0
3160,840-2-19,2002,1.0,1.0
3160,840-2-19,2013,1.0,0.0
3160,840-2-19,2014,1.0,1.0
3160,840-2-19,2015,1.0,1.0
3160,840-2-19,2016,1.0,1.0
3160,840-2-20,1999,1.0,1.0
3160,840-2-20,2012,1.0,1.0
3160,840-2-20,2013,1.0,1.0
3160,840-2-20,2014,1.0,1.0
3160,840-2-20,2016,1.0,0.0
3160,840-2-20,2023,1.0,1.0
3160,840-2-201,1999,1.0,1.0
3160,840-2-201,2002,1.0,1.0
3160,840-2-201,2005,1.0,1.0
3160,840-2-201,2013,1.0,1.0
3160,840-2-201,2014,1.0,1.0
3160,840-2-201,2015,1.0,1.0
3160,840-2-201,2017,1.0,1.0
3160,840-2-201,2019,1.0,1.0
3160,840-2-201,2023,1.0,1.0
3160,840-2-204,2002,1.0,1.0
3160,840-2-204,2004,1.0,1.0
3160,840-2-204,2006,1.0,1.0
3160,840-2-204,2009,1.0,1.0
3160,840-2-204,2012,1.0,1.0
3160,840-2-204,2014,1.0,1.0
3160,840-2-204,2018,1.0,1.0
3160,840-2-205,2000,1.0,1.0
3160,840-2-205,2002,1.0,1.0
3160,840-2-205,2008,1.0,1.0
3160,840-2-205,2009,1.0,1.0
3160,840-2-205,2012,1.0,1.0
3160,840-2-205,2015,1.0,1.0
3160,840-2-205,2016,1.0,1.0
3160,840-2-207,2000,1.0,1.0
3160,840-2-207,2002,1.0,1.0
3160,840-2-207,2006,1.0,1.0
3160,840-2-207,2009,1.0,1.0
3160,840-2-207,2012,1.0,1.0
3160,840-2-207,2015,1.0,0.0
3160,840-2-208,2000,1.0,0.0
3160,840-2-208,2002,1.0,0.0
3160,840-2-208,2006,1.0,1.0
3160,840-2-208,2016,1.0,0.0
3160,840-2-208,2018,1.0,1.0
3160,840-2-209,2000,1.0,0.0
3160,840-2-209,2006,1.0,1.0
3160,840-2-209,2009,1.0,1.0
3160,840-2-209,2012,1.0,1.0
3160,840-2-209,2015,1.0,0.0
3160,840-2-21,2000,1.0,1.0
3160,840-2-21,2002,1.0,1.0
3160,840-2-21,2012,1.0,1.0
3160,840-2-21,2016,1.0,0.0
3160,840-2-21,2023,1.0,1.0
3160,840-2-210,2002,1.0,0.0
3160,840-2-210,2012,1.0,1.0
3160,840-2-210,2013,1.0,1.0
3160,840-2-210,2014,1.0,1.0
3160,840-2-210,2016,1.0,0.0
3160,840-2-210,2018,1.0,1.0
3160,840-2-210,2019,1.0,1.0
3160,840-2-211,2002,1.0,1.0
3160,840-2-211,2006,1.0,1.0
3160,840-2-211,2012,1.0,1.0
3160,840-2-211,2015,1.0,0.0
3160,840-2-211,2016,1.0,1.0
3160,840-2-211,2019,1.0,0.0
3160,840-2-211,2023,1.0,1.0
3160,840-2-212,2002,1.0,1.0
3160,840-2-212,2004,1.0,1.0
3160,840-2-212,2009,1.0,1.0
3160,840-2-212,2012,1.0,1.0
3160,840-2-212,2015,1.0,1.0
3160,840-2-214,2002,1.0,1.0
3160,840-2-214,2004,1.0,1.0
3160,840-2-214,2013,1.0,1.0
3160,840-2-214,2015,1.0,1.0
3160,840-2-214,2016,1.0,1.0
3160,840-2-214,2018,1.0,1.0
3160,840-2-214,2019,1.0,1.0
3160,840-2-215,2004,1.0,1.0
3160,840-2-215,2005,1.0,1.0
3160,840-2-215,2012,1.0,0.0
3160,840-2-215,2018,1.0,1.0
3160,840-2-215,2023,1.0,1.0
3160,840-2-216,2009,1.0,0.0
3160,840-2-216,2015,1.0,0.0
3160,840-2-216,2016,1.0,1.0
3160,840-2-216,2018,1.0,1.0
3160,840-2-218,2002,1.0,1.0
3160,840-2-218,2008,1.0,1.0
3160,840-2-218,2013,1.0,0.0
3160,840-2-218,2015,1.0,1.0
3160,840-2-218,2018,1.0,1.0
3160,840-2-218,2019,1.0,1.0
3160,840-2-22,2000,1.0,1.0
3160,840-2-22,2002,1.0,1.0
3160,840-2-22,2006,1.0,1.0
3160,840-2-22,2012,1.0,1.0
3160,840-2-22,2013,1.0,1.0
3160,840-2-22,2015,1.0,0.0
3160,840-2-22,2019,1.0,1.0
3160,840-2-22,2023,1.0,1.0
3160,840-2-23,2002,1.0,1.0
3160,840-2-23,2004,1.0,1.0
3160,840-2-23,2005,1.0,1.0
3160,840-2-23,2012,1.0,1.0
3160,840-2-23,2013,1.0,1.0
3160,840-2-23,2014,1.0,1.0
3160,840-2-23,2023,1.0,1.0
3160,840-2-24,2002,1.0,1.0
3160,840-2-24,2009,1.0,1.0
3160,840-2-24,2013,1.0,1.0
3160,840-2-24,2015,1.0,1.0
3160,840-2-24,2016,1.0,1.0
3160,840-2-24,2018,1.0,1.0
3160,840-2-24,2019,1.0,1.0
3160,840-2-25,2002,1.0,1.0
3160,840-2-25,2006,1.0,1.0
3160,840-2-25,2012,1.0,1.0
3160,840-2-25,2013,1.0,1.0
3160,840-2-25,2015,1.0,1.0
3160,840-2-25,2016,1.0,1.0
3160,840-2-25,2019,1.0,0.0
3160,840-2-26,1999,1.0,1.0
3160,840-2-26,2004,1.0,1.0
3160,840-2-26,2012,1.0,1.0
3160,840-2-26,2013,1.0,1.0
3160,840-2-26,2019,1.0,0.0
3160,840-2-27,2002,1.0,1.0
3160,840-2-27,2004,1.0,1.0
3160,840-2-27,2009,1.0,1.0
3160,840-2-27,2018,1.0,1.0
3160,840-2-27,2019,1.0,1.0
3160,840-2-28,2002,1.0,1.0
3160,840-2-28,2009,1.0,1.0
3160,840-2-28,2018,1.0,1.0
3160,840-2-29,2002,1.0,1.0
3160,840-2-29,2004,1.0,1.0
3160,840-2-29,2009,1.0,1.0
3160,840-2-29,2018,1.0,1.0
3160,840-2-31,1999,1.0,0.0
3160,840-2-31,2004,1.0,1.0
3160,840-2-31,2009,1.0,1.0
3160,840-2-31,2016,1.0,0.0
3160,840-2-31,2018,1.0,1.0
3160,840-2-31,2023,1.0,1.0
3160,840-2-33,2004,1.0,1.0
3160,840-2-33,2005,1.0,1.0
3160,840-2-33,2012,1.0,1.0
3160,840-2-33,2013,1.0,1.0
3160,840-2-33,2014,1.0,1.0
3160,840-2-33,2023,1.0,1.0
3160,840-2-34,2000,1.0,1.0
3160,840-2-34,2002,1.0,1.0
3160,840-2-34,2007,1.0,1.0
3160,840-2-34,2008,1.0,1.0
3160,840-2-34,2009,1.0,1.0
3160,840-2-34,2023,1.0,1.0
3160,840-2-35,2002,1.0,1.0
3160,840-2-35,2004,1.0,1.0
3160,840-2-35,2009,1.0,0.0
3160,840-2-35,2013,1.0,0.0
3160,840-2-35,2015,1.0,1.0
3160,840-2-35,2018,1.0,1.0
3160,840-2-35,2023,1.0,1.0
3160,840-2-36,2002,1.0,1.0
3160,840-2-36,2004,1.0,1.0
3160,840-2-36,2013,1.0,1.0
3160,840-2-36,2016,1.0,0.0
3160,840-2-36,2019,1.0,0.0
3160,840-2-38,2002,1.0,1.0
3160,840-2-38,2013,1.0,1.0
3160,840-2-38,2015,1.0,1.0
3160,840-2-38,2016,1.0,1.0
3160,840-2-38,2018,1.0,1.0
3160,840-2-38,2019,1.0,1.0
3160,840-2-38,2023,1.0,0.0
3160,840-2-4,2002,1.0,1.0
3160,840-2-4,2004,1.0,1.0
3160,840-2-4,2005,1.0,1.0
3160,840-2-4,2013,1.0,1.0
3160,840-2-4,2014,1.0,1.0
3160,840-2-4,2019,1.0,1.0
3160,840-2-43,2002,1.0,1.0
3160,840-2-43,2006,1.0,1.0
3160,840-2-43,2012,1.0,1.0
3160,840-2-43,2015,1.0,1.0
3160,840-2-43,2016,1.0,1.0
3160,840-2-43,2018,1.0,1.0
3160,840-2-45,2002,1.0,1.0
3160,840-2-45,2009,1.0,1.0
3160,840-2-45,2012,1.0,1.0
3160,840-2-45,2013,1.0,1.0
3160,840-2-45,2014,1.0,1.0
3160,840-2-45,2015,1.0,1.0
3160,840-2-47,2002,1.0,1.0
3160,840-2-47,2012,1.0,1.0
3160,840-2-47,2014,1.0,1.0
3160,840-2-47,2015,1.0,1.0
3160,840-2-47,2016,1.0,1.0
3160,840-2-47,2023,1.0,1.0
3160,840-2-48,2002,1.0,1.0
3160,840-2-48,2015,1.0,0.0
3160,840-2-48,2016,1.0,1.0
3160,840-2-48,2023,1.0,0.0
3160,840-2-49,2002,1.0,1.0
3160,840-2-49,2005,1.0,0.0
3160,840-2-49,2019,1.0,1.0
3160,840-2-49,2023,1.0,0.0
3160,840-2-50,2002,1.0,1.0
3160,840-2-50,2006,1.0,1.0
3160,840-2-50,2012,1.0,1.0
3160,840-2-50,2013,1.0,1.0
3160,840-2-50,2015,1.0,1.0
3160,840-2-50,2016,1.0,1.0
3160,840-2-50,2018,1.0,1.0
3160,840-2-50,2019,1.0,1.0
3160,840-2-50,2023,1.0,1.0
3160,840-2-52,1999,1.0,0.0
3160,840-2-52,2004,1.0,1.0
3160,840-2-52,2012,1.0,1.0
3160,840-2-52,2013,1.0,1.0
3160,840-2-52,2014,1.0,1.0
3160,840-2-52,2015,1.0,1.0
3160,840-2-52,2016,1.0,1.0
3160,840-2-52,2019,1.0,1.0
3160,840-2-52,2023,1.0,0.0
3160,840-2-53,2002,1.0,1.0
3160,840-2-53,2013,1.0,1.0
3160,840-2-53,2015,1.0,1.0
3160,840-2-53,2016,1.0,1.0
3160,840-2-53,2018,1.0,1.0
3160,840-2-53,2019,1.0,1.0
3160,840-2-53,2023,1.0,0.0
3160,840-2-54,2002,1.0,1.0
3160,840-2-54,2008,1.0,1.0
3160,840-2-54,2009,1.0,1.0
3160,840-2-54,2013,1.0,1.0
3160,840-2-54,2015,1.0,0.0
3160,840-2-54,2016,1.0,1.0
3160,840-2-54,2018,1.0,0.0
3160,840-2-55,2002,1.0,1.0
3160,840-2-55,2009,1.0,1.0
3160,840-2-55,2015,1.0,0.0
3160,840-2-55,2016,1.0,1.0
3160,840-2-55,2018,1.0,1.0
3160,840-2-55,2023,1.0,1.0
3160,840-2-57,2002,1.0,1.0
3160,840-2-57,2005,1.0,1.0
3160,840-2-57,2006,1.0,1.0
3160,840-2-57,2008,1.0,1.0
3160,840-2-57,2009,1.0,1.0
3160,840-2-57,2013,1.0,1.0
3160,840-2-57,2014,1.0,1.0
3160,840-2-57,2015,1.0,1.0
3160,840-2-58,2002,1.0,1.0
3160,840-2-58,2004,1.0,1.0
3160,840-2-58,2005,1.0,1.0
3160,840-2-58,2012,1.0,1.0
3160,840-2-58,2014,1.0,1.0
3160,840-2-58,2019,1.0,1.0
3160,840-2-59,2002,1.0,1.0
3160,840-2-59,2013,1.0,1.0
3160,840-2-59,2014,1.0,1.0
3160,840-2-59,2015,1.0,1.0
3160,840-2-59,2016,1.0,1.0
3160,840-2-59,2023,1.0,1.0
3160,840-2-60,2002,1.0,1.0
3160,840-2-60,2009,1.0,1.0
3160,840-2-60,2012,1.0,1.0
3160,840-2-60,2015,1.0,1.0
3160,840-2-60,2016,1.0,1.0
3160,840-2-61,2000,1.0,0.0
3160,840-2-61,2002,1.0,1.0
3160,840-2-61,2006,1.0,0.0
3160,840-2-61,2009,1.0,1.0
3160,840-2-61,2012,1.0,1.0
3160,840-2-61,2018,1.0,1.0
3160,840-2-63,2000,1.0,1.0
3160,840-2-63,2002,1.0,1.0
3160,840-2-63,2005,1.0,1.0
3160,840-2-63,2006,1.0,1.0
3160,840-2-63,2012,1.0,1.0
3160,840-2-63,2013,1.0,1.0
3160,840-2-63,2014,1.0,1.0
3160,840-2-63,2016,1.0,0.0
3160,840-2-63,2019,1.0,1.0
3160,840-2-63,2023,1.0,1.0
3160,840-2-65,2002,1.0,1.0
3160,840-2-65,2004,1.0,1.0
3160,840-2-65,2009,1.0,1.0
3160,840-2-65,2012,1.0,1.0
3160,840-2-65,2018,1.0,0.0
3160,840-2-65,2019,1.0,1.0
3160,840-2-66,2002,1.0,1.0
3160,840-2-66,2004,1.0,1.0
3160,840-2-66,2008,1.0,1.0
3160,840-2-66,2009,1.0,1.0
3160,840-2-66,2013,1.0,1.0
3160,840-2-66,2015,1.0,1.0
3160,840-2-66,2018,1.0,1.0
3160,840-2-66,2019,1.0,1.0
3160,840-2-66,2023,1.0,0.0
3160,840-2-67,2002,1.0,1.0
3160,840-2-67,2004,1.0,1.0
3160,840-2-67,2023,1.0,1.0
3160,840-2-68,2002,1.0,1.0
3160,840-2-68,2004,1.0,1.0
3160,840-2-68,2009,1.0,1.0
3160,840-2-68,2013,1.0,0.0
3160,840-2-68,2015,1.0,1.0
3160,840-2-68,2023,1.0,0.0
3160,840-2-7,2000,1.0,1.0
3160,840-2-7,2002,1.0,1.0
3160,840-2-7,2006,1.0,0.0
3160,840-2-7,2009,1.0,1.0
3160,840-2-7,2014,1.0,1.0
3160,840-2-7,2015,1.0,1.0
3160,840-2-7,2018,1.0,1.0
3160,840-2-70,1999,1.0,1.0
3160,840-2-70,2000,1.0,1.0
3160,840-2-70,2002,1.0,1.0
3160,840-2-70,2007,1.0,0.0
3160,840-2-70,2008,1.0,1.0
3160,840-2-70,2009,1.0,1.0
3160,840-2-70,2013,1.0,1.0
3160,840-2-70,2016,1.0,0.0
3160,840-2-70,2018,1.0,1.0
3160,840-2-70,2019,1.0,1.0
3160,840-2-70,2023,1.0,0.0
3160,840-2-71,1999,1.0,0.0
3160,840-2-71,2002,1.0,1.0
3160,840-2-71,2008,1.0,1.0
3160,840-2-71,2013,1.0,1.0
3160,840-2-71,2014,1.0,1.0
3160,840-2-71,2019,1.0,1.0
3160,840-2-71,2023,1.0,1.0
3160,840-2-72,1999,1.0,1.0
3160,840-2-72,2000,1.0,1.0
3160,840-2-72,2002,1.0,1.0
3160,840-2-72,2005,1.0,1.0
3160,840-2-72,2006,1.0,1.0
3160,840-2-72,2009,1.0,1.0
3160,840-2-72,2014,1.0,1.0
3160,840-2-72,2015,1.0,1.0
3160,840-2-73,2008,1.0,1.0
3160,840-2-73,2009,1.0,1.0
3160,840-2-73,2011,1.0,1.0
3160,840-2-73,2012,1.0,1.0
3160,840-2-73,2015,1.0,1.0
3160,840-2-73,2018,1.0,1.0
3160,840-2-8,2004,1.0,1.0
3160,840-2-8,2013,1.0,0.0
3160,840-2-8,2014,1.0,1.0
3160,840-2-8,2019,1.0,1.0
3160,840-2-8,2023,1.0,0.0
3160,840-21-1,1999,1.0,1.0
3160,840-21-1,2000,1.0,1.0
3160,840-21-1,2001,1.0,1.0
3160,840-21-1,2005,1.0,1.0
3160,840-21-1,2006,1.0,1.0
3160,840-21-1,2007,1.0,1.0
3160,840-21-1,2012,1.0,1.0
3160,840-21-1,2013,1.0,1.0
3160,840-21-1,2014,1.0,1.0
3160,840-21-1,2015,1.0,1.0
3160,840-21-1,2018,1.0,0.0
3160,840-21-1,2019,1.0,1.0
3160,840-21-10,2000,1.0,1.0
3160,840-21-10,2002,1.0,1.0
3160,840-21-10,2004,1.0,0.0
3160,840-21-10,2006,1.0,1.0
3160,840-21-10,2007,1.0,1.0
3160,840-21-10,2013,1.0,1.0
3160,840-21-10,2014,1.0,1.0
3160,840-21-10,2016,1.0,1.0
3160,840-21-105,1999,1.0,1.0
3160,840-21-105,2000,1.0,1.0
3160,840-21-105,2001,1.0,1.0
3160,840-21-105,2005,1.0,1.0
3160,840-21-105,2006,1.0,1.0
3160,840-21-105,2007,1.0,1.0
3160,840-21-105,2012,1.0,1.0
3160,840-21-105,2013,1.0,1.0
3160,840-21-105,2014,1.0,1.0
3160,840-21-105,2015,1.0,1.0
3160,840-21-105,2017,1.0,0.0
3160,840-21-105,2018,1.0,1.0
3160,840-21-105,2019,1.0,1.0
3160,840-21-105,2022,1.0,1.0
3160,840-21-109,1999,1.0,1.0
3160,840-21-109,2000,1.0,1.0
3160,840-21-109,2001,1.0,1.0
3160,840-21-109,2004,1.0,1.0
3160,840-21-109,2005,1.0,1.0
3160,840-21-109,2006,1.0,1.0
3160,840-21-109,2007,1.0,1.0
3160,840-21-109,2013,1.0,1.0
3160,840-21-109,2014,1.0,1.0
3160,840-21-109,2017,1.0,1.0
3160,840-21-109,2018,1.0,1.0
3160,840-21-109,2019,1.0,1.0
3160,840-21-2,2000,1.0,1.0
3160,840-21-2,2006,1.0,1.0
3160,840-21-2,2007,1.0,1.0
3160,840-21-2,2012,1.0,1.0
3160,840-21-2,2013,1.0,1.0
3160,840-21-2,2014,1.0,1.0
3160,840-21-3,1999,1.0,1.0
3160,840-21-3,2000,1.0,1.0
3160,840-21-3,2001,1.0,1.0
3160,840-21-3,2005,1.0,1.0
3160,840-21-3,2006,1.0,1.0
3160,840-21-3,2007,1.0,1.0
3160,840-21-3,2013,1.0,1.0
3160,840-21-3,2014,1.0,1.0
3160,840-21-3,2018,1.0,1.0
3160,840-21-3,2019,1.0,1.0
3160,840-21-4,1999,1.0,1.0
3160,840-21-4,2000,1.0,1.0
3160,840-21-4,2001,1.0,1.0
3160,840-21-4,2005,1.0,1.0
3160,840-21-4,2006,1.0,1.0
3160,840-21-4,2007,1.0,1.0
3160,840-21-4,2013,1.0,1.0
3160,840-21-4,2014,1.0,1.0
3160,840-25-1,2000,1.0,1.0
3160,840-25-1,2002,1.0,1.0
3160,840-25-1,2007,1.0,1.0
3160,840-25-1,2008,1.0,1.0
3160,840-25-1,2009,1.0,1.0
3160,840-25-1,2015,1.0,0.0
3160,840-25-10,2002,1.0,1.0
3160,840-25-10,2006,1.0,1.0
3160,840-25-10,2007,1.0,1.0
3160,840-25-10,2013,1.0,1.0
3160,840-25-10,2018,1.0,1.0
3160,840-25-108,2002,1.0,1.0
3160,840-25-108,2009,1.0,0.0
3160,840-25-108,2015,1.0,1.0
3160,840-25-108,2016,1.0,1.0
3160,840-25-108,2023,1.0,0.0
3160,840-25-11,2000,1.0,0.0
3160,840-25-11,2004,1.0,0.0
3160,840-25-11,2008,1.0,1.0
3160,840-25-11,2009,1.0,1.0
3160,840-25-11,2013,1.0,1.0
3160,840-25-11,2014,1.0,1.0
3160,840-25-11,2018,1.0,0.0
3160,840-25-11,2019,1.0,1.0
3160,840-25-113,1999,1.0,1.0
3160,840-25-113,2001,1.0,1.0
3160,840-25-113,2002,1.0,1.0
3160,840-25-113,2007,1.0,1.0
3160,840-25-113,2009,1.0,1.0
3160,840-25-113,2013,1.0,1.0
3160,840-25-113,2014,1.0,1.0
3160,840-25-113,2017,1.0,1.0
3160,840-25-113,2018,1.0,1.0
3160,840-25-113,2023,1.0,1.0
3160,840-25-116,2000,1.0,1.0
3160,840-25-116,2006,1.0,1.0
3160,840-25-116,2007,1.0,1.0
3160,840-25-116,2008,1.0,1.0
3160,840-25-116,2009,1.0,1.0
3160,840-25-116,2016,1.0,0.0
3160,840-25-116,2018,1.0,1.0
3160,840-25-116,2019,1.0,1.0
3160,840-25-116,2023,1.0,1.0
3160,840-25-12,2002,1.0,1.0
3160,840-25-12,2004,1.0,1.0
3160,840-25-12,2006,1.0,1.0
3160,840-25-12,2008,1.0,1.0
3160,840-25-12,2009,1.0,1.0
3160,840-25-12,2018,1.0,1.0
3160,840-25-129,2001,1.0,1.0
3160,840-25-129,2007,1.0,1.0
3160,840-25-129,2014,1.0,1.0
3160,840-25-129,2016,1.0,0.0
3160,840-25-132,2007,1.0,1.0
3160,840-25-132,2008,1.0,1.0
3160,840-25-132,2009,1.0,1.0
3160,840-25-132,2013,1.0,1.0
3160,840-25-132,2014,1.0,1.0
3160,840-25-132,2015,1.0,1.0
3160,840-25-14,2001,1.0,1.0
3160,840-25-14,2002,1.0,1.0
3160,840-25-14,2007,1.0,1.0
3160,840-25-14,2009,1.0,1.0
3160,840-25-14,2013,1.0,1.0
3160,840-25-14,2014,1.0,1.0
3160,840-25-14,2017,1.0,1.0
3160,840-25-14,2018,1.0,1.0
3160,840-25-14,2023,1.0,0.0
3160,840-25-15,2002,1.0,1.0
3160,840-25-15,2004,1.0,1.0
3160,840-25-15,2013,1.0,1.0
3160,840-25-15,2015,1.0,1.0
3160,840-25-15,2016,1.0,1.0
3160,840-25-15,2018,1.0,1.0
3160,840-25-15,2019,1.0,1.0
3160,840-25-15,2023,1.0,0.0
3160,840-25-165,2002,1.0,0.0
3160,840-25-165,2007,1.0,1.0
3160,840-25-165,2008,1.0,1.0
3160,840-25-165,2009,1.0,1.0
3160,840-25-165,2013,1.0,1.0
3160,840-25-165,2014,1.0,1.0
3160,840-25-165,2018,1.0,0.0
3160,840-25-172,2001,1.0,1.0
3160,840-25-172,2013,1.0,1.0
3160,840-25-172,2014,1.0,1.0
3160,840-25-172,2016,1.0,1.0
3160,840-25-172,2019,1.0,1.0
3160,840-25-172,2023,1.0,0.0
3160,840-25-175,2000,1.0,1.0
3160,840-25-175,2001,1.0,1.0
3160,840-25-175,2002,1.0,1.0
3160,840-25-175,2003,1.0,1.0
3160,840-25-175,2006,1.0,1.0
3160,840-25-175,2008,1.0,0.0
3160,840-25-175,2009,1.0,1.0
3160,840-25-175,2013,1.0,1.0
3160,840-25-175,2014,1.0,1.0
3160,840-25-175,2015,1.0,1.0
3160,840-25-175,2016,1.0,1.0
3160,840-25-175,2017,1.0,1.0
3160,840-25-175,2018,1.0,1.0
3160,840-25-175,2019,1.0,1.0
3160,840-25-178,2000,1.0,1.0
3160,840-25-178,2003,1.0,1.0
3160,840-25-178,2005,1.0,1.0
3160,840-25-178,2006,1.0,1.0
3160,840-25-178,2007,1.0,1.0
3160,840-25-178,2008,1.0,1.0
3160,840-25-178,2009,1.0,1.0
3160,840-25-178,2011,1.0,1.0
3160,840-25-178,2012,1.0,1.0
3160,840-25-178,2013,1.0,1.0
3160,840-25-178,2014,1.0,1.0
3160,840-25-178,2015,1.0,1.0
3160,840-25-178,2016,1.0,1.0
3160,840-25-178,2018,1.0,0.0
3160,840-25-178,2022,1.0,1.0
3160,840-25-18,2000,1.0,1.0
3160,840-25-18,2001,1.0,1.0
3160,840-25-18,2002,1.0,1.0
3160,840-25-18,2003,1.0,1.0
3160,840-25-18,2005,1.0,1.0
3160,840-25-18,2006,1.0,1.0
3160,840-25-18,2008,1.0,1.0
3160,840-25-18,2009,1.0,1.0
3160,840-25-18,2013,1.0,1.0
3160,840-25-18,2014,1.0,1.0
3160,840-25-18,2015,1.0,1.0
3160,840-25-18,2023,1.0,1.0
3160,840-25-180,2000,1.0,0.0
3160,840-25-180,2001,1.0,1.0
3160,840-25-180,2003,1.0,1.0
3160,840-25-180,2005,1.0,1.0
3160,840-25-180,2007,1.0,0.0
3160,840-25-180,2008,1.0,1.0
3160,840-25-180,2009,1.0,1.0
3160,840-25-180,2012,1.0,0.0
3160,840-25-180,2013,1.0,1.0
3160,840-25-180,2014,1.0,1.0
3160,840-25-180,2015,1.0,1.0
3160,840-25-180,2018,1.0,0.0
3160,840-25-19,2006,1.0,1.0
3160,840-25-19,2009,1.0,1.0
3160,840-25-19,2013,1.0,1.0
3160,840-25-19,2014,1.0,1.0
3160,840-25-19,2018,1.0,0.0
3160,840-25-19,2023,1.0,1.0
3160,840-25-2,2000,1.0,1.0
3160,840-25-2,2002,1.0,1.0
3160,840-25-2,2004,1.0,1.0
3160,840-25-2,2008,1.0,1.0
3160,840-25-2,2009,1.0,1.0
3160,840-25-20,2001,1.0,1.0
3160,840-25-20,2002,1.0,1.0
3160,840-25-20,2006,1.0,1.0
3160,840-25-20,2007,1.0,1.0
3160,840-25-20,2008,1.0,1.0
3160,840-25-20,2009,1.0,1.0
3160,840-25-20,2013,1.0,1.0
3160,840-25-20,2014,1.0,1.0
3160,840-25-20,2017,1.0,1.0
3160,840-25-20,2018,1.0,1.0
3160,840-25-20,2023,1.0,1.0
3160,840-25-21,2000,1.0,1.0
3160,840-25-21,2001,1.0,1.0
3160,840-25-21,2002,1.0,1.0
3160,840-25-21,2007,1.0,1.0
3160,840-25-21,2008,1.0,1.0
3160,840-25-21,2009,1.0,1.0
3160,840-25-21,2013,1.0,1.0
3160,840-25-21,2014,1.0,1.0
3160,840-25-21,2018,1.0,0.0
3160,840-25-22,2001,1.0,1.0
3160,840-25-22,2007,1.0,1.0
3160,840-25-22,2008,1.0,1.0
3160,840-25-22,2014,1.0,1.0
3160,840-25-22,2016,1.0,1.0
3160,840-25-22,2019,1.0,1.0
3160,840-25-22,2023,1.0,1.0
3160,840-25-24,2001,1.0,1.0
3160,840-25-24,2007,1.0,1.0
3160,840-25-24,2009,1.0,1.0
3160,840-25-24,2013,1.0,1.0
3160,840-25-24,2014,1.0,1.0
3160,840-25-24,2016,1.0,1.0
3160,840-25-25,2000,1.0,1.0
3160,840-25-25,2001,1.0,1.0
3160,840-25-25,2002,1.0,1.0
3160,840-25-25,2003,1.0,1.0
3160,840-25-25,2006,1.0,1.0
3160,840-25-25,2007,1.0,1.0
3160,840-25-25,2008,1.0,1.0
3160,840-25-25,2009,1.0,1.0
3160,840-25-25,2011,1.0,1.0
3160,840-25-25,2013,1.0,1.0
3160,840-25-25,2014,1.0,1.0
3160,840-25-25,2015,1.0,1.0
3160,840-25-25,2016,1.0,1.0
3160,840-25-25,2018,1.0,0.0
3160,840-25-25,2019,1.0,1.0
3160,840-25-26,2000,1.0,1.0
3160,840-25-26,2007,1.0,1.0
3160,840-25-26,2008,1.0,1.0
3160,840-25-26,2009,1.0,1.0
3160,840-25-27,2001,1.0,1.0
3160,840-25-27,2007,1.0,1.0
3160,840-25-27,2008,1.0,1.0
3160,840-25-27,2009,1.0,1.0
3160,840-25-27,2014,1.0,1.0
3160,840-25-27,2016,1.0,1.0
3160,840-25-27,2019,1.0,1.0
3160,840-25-27,2023,1.0,1.0
3160,840-25-28,2000,1.0,1.0
3160,840-25-28,2001,1.0,1.0
3160,840-25-28,2003,1.0,1.0
3160,840-25-28,2005,1.0,1.0
3160,840-25-28,2008,1.0,0.0
3160,840-25-28,2009,1.0,1.0
3160,840-25-28,2012,1.0,0.0
3160,840-25-28,2013,1.0,1.0
3160,840-25-28,2014,1.0,1.0
3160,840-25-28,2017,1.0,1.0
3160,840-25-28,2018,1.0,1.0
3160,840-25-28,2022,1.0,1.0
3160,840-25-3,2000,1.0,1.0
3160,840-25-3,2002,1.0,1.0
3160,840-25-3,2004,1.0,1.0
3160,840-25-3,2008,1.0,1.0
3160,840-25-3,2009,1.0,1.0
3160,840-25-30,2007,1.0,1.0
3160,840-25-30,2008,1.0,1.0
3160,840-25-30,2016,1.0,0.0
3160,840-25-30,2019,1.0,1.0
3160,840-25-31,2000,1.0,1.0
3160,840-25-31,2001,1.0,1.0
3160,840-25-31,2002,1.0,1.0
3160,840-25-31,2003,1.0,1.0
3160,840-25-31,2007,1.0,1.0
3160,840-25-31,2008,1.0,1.0
3160,840-25-31,2009,1.0,1.0
3160,840-25-31,2012,1.0,1.0
3160,840-25-31,2013,1.0,1.0
3160,840-25-31,2014,1.0,1.0
3160,840-25-31,2016,1.0,1.0
3160,840-25-37,2000,1.0,1.0
3160,840-25-37,2002,1.0,1.0
3160,840-25-37,2006,1.0,1.0
3160,840-25-37,2009,1.0,1.0
3160,840-25-37,2013,1.0,0.0
3160,840-25-37,2014,1.0,1.0
3160,840-25-37,2018,1.0,0.0
3160,840-25-4,2002,1.0,1.0
3160,840-25-4,2004,1.0,1.0
3160,840-25-4,2008,1.0,1.0
3160,840-25-4,2009,1.0,1.0
3160,840-25-4,2015,1.0,1.0
3160,840-25-4,2016,1.0,1.0
3160,840-25-4,2018,1.0,1.0
3160,840-25-4,2023,1.0,1.0
7610,124-11-10,2022,1.0,0.0
7610,124-11-126,2000,1.0,0.0
7610,124-11-126,2005,1.0,1.0
7610,124-11-126,2013,1.0,1.0
7610,124-11-126,2014,1.0,1.0
7610,124-11-126,2016,1.0,1.0
7610,124-11-126,2017,1.0,1.0
7610,124-11-126,2018,1.0,1.0
7610,124-11-126,2022,1.0,0.0
7610,124-11-136,2009,1.0,1.0
7610,124-11-136,2015,1.0,0.0
7610,124-11-136,2016,1.0,1.0
7610,124-11-136,2023,1.0,1.0
7610,124-11-137,1999,1.0,1.0
7610,124-11-137,2001,1.0,1.0
7610,124-11-137,2002,1.0,1.0
7610,124-11-137,2007,1.0,1.0
7610,124-11-137,2023,1.0,0.0
7610,124-11-167,2002,1.0,1.0
7610,124-11-167,2003,1.0,1.0
7610,124-11-167,2005,1.0,1.0
7610,124-11-167,2009,1.0,1.0
7610,124-11-167,2014,1.0,0.0
7610,124-11-167,2017,1.0,1.0
7610,124-11-17,2003,1.0,1.0
7610,124-11-17,2007,1.0,1.0
7610,124-11-17,2013,1.0,0.0
7610,124-11-17,2017,1.0,0.0
7610,124-11-17,2019,1.0,1.0
7610,124-11-17,2022,1.0,1.0
7610,124-11-19,2000,1.0,1.0
7610,124-11-19,2008,1.0,0.0
7610,124-11-19,2018,1.0,1.0
7610,124-11-19,2022,1.0,0.0
7610,124-11-198,2003,1.0,1.0
7610,124-11-198,2006,1.0,1.0
7610,124-11-198,2009,1.0,1.0
7610,124-11-198,2011,1.0,1.0
7610,124-11-198,2018,1.0,1.0
7610,124-11-198,2022,1.0,1.0
7610,124-11-208,1998,1.0,1.0
7610,124-11-208,2000,1.0,1.0
7610,124-11-208,2007,1.0,1.0
7610,124-11-208,2013,1.0,1.0
7610,124-11-208,2014,1.0,1.0
7610,124-11-208,2018,1.0,1.0
7610,124-11-208,2019,1.0,1.0
7610,124-11-208,2022,1.0,1.0
7610,124-11-220,2014,1.0,0.0
7610,124-11-220,2016,1.0,0.0
7610,124-11-222,2000,1.0,1.0
7610,124-11-222,2005,1.0,1.0
7610,124-11-222,2007,1.0,1.0
7610,124-11-222,2008,1.0,1.0
7610,124-11-222,2014,1.0,1.0
7610,124-11-222,2018,1.0,1.0
7610,124-11-223,2000,1.0,1.0
7610,124-11-223,2005,1.0,1.0
7610,124-11-234,2000,1.0,0.0
7610,124-11-234,2005,1.0,1.0
7610,124-11-234,2007,1.0,1.0
7610,124-11-234,2010,1.0,1.0
7610,124-11-234,2014,1.0,1.0
7610,124-11-234,2022,1.0,1.0
7610,124-11-244,2005,1.0,1.0
7610,124-11-244,2007,1.0,1.0
7610,124-11-244,2009,1.0,1.0
7610,124-11-244,2014,1.0,1.0
7610,124-11-244,2016,1.0,1.0
7610,124-11-244,2017,1.0,1.0
7610,124-11-244,2018,1.0,1.0
7610,124-11-244,2019,1.0,1.0
7610,124-11-244,2022,1.0,1.0
7610,124-11-255,2003,1.0,1.0
7610,124-11-255,2005,1.0,1.0
7610,124-11-255,2009,1.0,1.0
7610,124-11-255,2014,1.0,1.0
7610,124-11-255,2017,1.0,1.0
7610,124-11-255,2018,1.0,1.0
7610,124-11-255,2019,1.0,1.0
7610,124-11-255,2022,1.0,1.0
7610,124-11-265,2005,1.0,1.0
7610,124-11-265,2014,1.0,1.0
7610,124-11-265,2016,1.0,1.0
7610,124-11-265,2017,1.0,1.0
7610,124-11-265,2018,1.0,1.0
7610,124-11-265,2019,1.0,1.0
7610,124-11-265,2022,1.0,1.0
7610,124-11-270,2002,1.0,1.0
7610,124-11-270,2005,1.0,1.0
7610,124-11-270,2009,1.0,1.0
7610,124-11-270,2016,1.0,1.0
7610,124-11-270,2019,1.0,1.0
7610,124-11-29,1998,1.0,1.0
7610,124-11-29,2007,1.0,1.0
7610,124-11-29,2008,1.0,1.0
7610,124-11-29,2013,1.0,1.0
7610,124-11-29,2014,1.0,1.0
7610,124-11-29,2018,1.0,1.0
7610,124-11-3,2000,1.0,1.0
7610,124-11-3,2008,1.0,1.0
7610,124-11-3,2013,1.0,1.0
7610,124-11-3,2014,1.0,1.0
7610,124-11-3,2018,1.0,1.0
7610,124-11-3,2022,1.0,0.0
7610,124-11-33,2000,1.0,1.0
7610,124-11-33,2005,1.0,1.0
7610,124-11-33,2007,1.0,1.0
7610,124-11-33,2008,1.0,1.0
7610,124-11-33,2010,1.0,1.0
7610,124-11-33,2011,1.0,1.0
7610,124-11-33,2014,1.0,1.0
7610,124-11-332,2005,1.0,0.0
7610,124-11-332,2007,1.0,0.0
7610,124-11-332,2009,1.0,1.0
7610,124-11-332,2011,1.0,1.0
7610,124-11-332,2015,1.0,1.0
7610,124-11-332,2018,1.0,1.0
7610,124-11-332,2019,1.0,1.0
7610,124-11-332,2023,1.0,0.0
7610,124-11-401,2002,1.0,0.0
7610,124-11-401,2005,1.0,1.0
7610,124-11-401,2013,1.0,1.0
7610,124-11-401,2014,1.0,1.0
7610,124-11-401,2016,1.0,1.0
7610,124-11-401,2017,1.0,1.0
7610,124-11-401,2018,1.0,1.0
7610,124-11-401,2019,1.0,1.0
7610,124-11-401,2022,1.0,1.0
7610,124-11-401,2023,1.0,1.0
7610,124-11-402,2002,1.0,1.0
7610,124-11-402,2013,1.0,1.0
7610,124-11-402,2014,1.0,1.0
7610,124-11-402,2016,1.0,1.0
7610,124-11-402,2017,1.0,1.0
7610,124-11-407,1998,1.0,1.0
7610,124-11-407,2007,1.0,1.0
7610,124-11-407,2013,1.0,1.0
7610,124-11-407,2017,1.0,1.0
7610,124-11-407,2019,1.0,1.0
7610,124-11-408,1998,1.0,1.0
7610,124-11-408,2000,1.0,1.0
7610,124-11-408,2007,1.0,1.0
7610,124-11-408,2008,1.0,1.0
7610,124-11-408,2014,1.0,0.0
7610,124-11-408,2022,1.0,1.0
7610,124-11-409,2000,1.0,0.0
7610,124-11-409,2018,1.0,1.0
7610,124-11-409,2019,1.0,1.0
7610,124-11-410,2002,1.0,1.0
7610,124-11-410,2013,1.0,0.0
7610,124-11-410,2016,1.0,1.0
7610,124-11-410,2017,1.0,1.0
7610,124-11-413,2014,1.0,0.0
7610,124-11-413,2016,1.0,1.0
7610,124-11-413,2017,1.0,1.0
7610,124-11-413,2019,1.0,1.0
7610,124-11-419,2000,1.0,1.0
7610,124-11-419,2007,1.0,1.0
7610,124-11-419,2013,1.0,1.0
7610,124-11-419,2014,1.0,1.0
7610,124-11-420,2000,1.0,1.0
7610,124-11-420,2007,1.0,1.0
7610,124-11-420,2008,1.0,1.0
7610,124-11-420,2014,1.0,0.0
7610,124-11-45,2000,1.0,1.0
7610,124-11-45,2005,1.0,1.0
7610,124-11-45,2007,1.0,1.0
7610,124-11-45,2010,1.0,1.0
7610,124-11-45,2014,1.0,1.0
7610,124-11-45,2018,1.0,1.0
7610,124-11-45,2019,1.0,1.0
7610,124-11-45,2022,1.0,0.0
7610,124-11-5,1998,1.0,0.0
7610,124-11-5,2007,1.0,1.0
7610,124-11-5,2008,1.0,1.0
7610,124-11-5,2009,1.0,1.0
7610,124-11-5,2018,1.0,0.0
7610,124-11-5,2019,1.0,1.0
7610,124-11-5,2022,1.0,0.0
7610,124-11-53,2007,1.0,1.0
7610,124-11-53,2008,1.0,1.0
7610,124-11-53,2009,1.0,1.0
7610,124-11-53,2010,1.0,1.0
7610,124-11-53,2011,1.0,1.0
7610,124-11-53,2012,1.0,1.0
7610,124-11-53,2019,1.0,0.0
7610,124-11-55,2003,1.0,1.0
7610,124-11-55,2014,1.0,1.0
7610,124-11-55,2016,1.0,1.0
7610,124-11-55,2017,1.0,1.0
7610,124-11-55,2018,1.0,1.0
7610,124-11-55,2019,1.0,1.0
7610,124-11-55,2022,1.0,1.0
7610,124-11-57,2005,1.0,1.0
7610,124-11-57,2009,1.0,1.0
7610,124-11-57,2014,1.0,0.0
7610,124-11-57,2016,1.0,1.0
7610,124-11-57,2017,1.0,1.0
7610,124-11-57,2022,1.0,0.0
7610,124-11-58,2005,1.0,1.0
7610,124-11-58,2007,1.0,1.0
7610,124-11-58,2008,1.0,1.0
7610,124-11-58,2009,1.0,1.0
7610,124-11-58,2010,1.0,1.0
7610,124-11-58,2011,1.0,1.0
7610,124-11-58,2019,1.0,0.0
7610,124-11-6,2007,1.0,1.0
7610,124-11-6,2009,1.0,1.0
7610,124-11-6,2013,1.0,1.0
7610,124-11-6,2018,1.0,1.0
7610,124-11-608,1998,1.0,1.0
7610,124-11-608,2000,1.0,1.0
7610,124-11-608,2007,1.0,1.0
7610,124-11-608,2013,1.0,1.0
7610,124-11-608,2014,1.0,1.0
7610,124-11-608,2018,1.0,1.0
7610,124-11-609,2000,1.0,1.0
7610,124-11-609,2007,1.0,1.0
7610,124-11-612,2013,1.0,1.0
7610,124-11-612,2014,1.0,1.0
7610,124-11-612,2016,1.0,1.0
7610,124-11-612,2017,1.0,1.0
7610,124-11-612,2019,1.0,1.0
7610,124-11-612,2022,1.0,1.0
7610,124-11-613,2002,1.0,1.0
7610,124-11-613,2003,1.0,1.0
7610,124-11-613,2005,1.0,1.0
7610,124-11-613,2013,1.0,0.0
7610,124-11-613,2014,1.0,1.0
7610,124-11-613,2016,1.0,1.0
7610,124-11-613,2017,1.0,1.0
7610,124-11-614,2013,1.0,1.0
7610,124-11-614,2014,1.0,1.0
7610,124-11-614,2016,1.0,1.0
7610,124-11-614,2017,1.0,1.0
7610,124-11-614,2018,1.0,1.0
7610,124-11-614,2022,1.0,0.0
7610,124-11-69,2000,1.0,1.0
7610,124-11-69,2002,1.0,1.0
7610,124-11-69,2003,1.0,1.0
7610,124-11-69,2014,1.0,0.0
7610,124-11-69,2017,1.0,1.0
7610,124-11-69,2018,1.0,1.0
7610,124-11-709,2000,1.0,1.0
7610,124-11-709,2005,1.0,1.0
7610,124-11-709,2007,1.0,1.0
7610,124-11-709,2008,1.0,1.0
7610,124-11-709,2022,1.0,0.0
7610,124-11-71,2002,1.0,0.0
7610,124-11-71,2003,1.0,1.0
7610,124-11-71,2018,1.0,1.0
7610,124-11-72,2006,1.0,0.0
7610,124-11-72,2009,1.0,1.0
7610,124-11-72,2017,1.0,1.0
7610,124-11-72,2022,1.0,0.0
7610,124-11-74,2000,1.0,1.0
7610,124-11-74,2005,1.0,1.0
7610,124-11-74,2007,1.0,1.0
7610,124-11-74,2008,1.0,1.0
7610,124-11-74,2010,1.0,1.0
7610,124-11-74,2012,1.0,1.0
7610,124-11-74,2013,1.0,1.0
7610,124-11-74,2017,1.0,1.0
7610,124-11-74,2018,1.0,1.0
7610,124-11-74,2022,1.0,1.0
7610,124-11-75,2000,1.0,1.0
7610,124-11-75,2005,1.0,0.0
7610,124-11-75,2007,1.0,1.0
7610,124-11-75,2009,1.0,1.0
7610,124-11-75,2011,1.0,1.0
7610,124-11-75,2014,1.0,1.0
7610,124-11-75,2017,1.0,1.0
7610,124-11-75,2018,1.0,1.0
7610,124-11-75,2019,1.0,1.0
7610,124-11-81,2000,1.0,1.0
7610,124-11-81,2003,1.0,1.0
7610,124-11-81,2011,1.0,1.0
7610,124-11-81,2014,1.0,1.0
7610,124-11-9,2000,1.0,1.0
7610,124-11-9,2005,1.0,1.0
7610,124-11-9,2007,1.0,1.0
7610,124-4-10,2000,1.0,1.0
7610,124-4-10,2004,1.0,1.0
7610,124-4-10,2008,1.0,1.0
7610,124-4-10,2012,1.0,1.0
7610,124-4-10,2018,1.0,1.0
7610,124-4-10,2019,1.0,1.0
7610,124-4-10,2022,1.0,1.0
7610,124-4-105,2000,1.0,1.0
7610,124-4-105,2002,1.0,1.0
7610,124-4-105,2004,1.0,1.0
7610,124-4-105,2013,1.0,1.0
7610,124-4-105,2018,1.0,1.0
7610,124-4-105,2022,1.0,1.0
7610,124-4-107,2003,1.0,1.0
7610,124-4-107,2019,1.0,1.0
7610,124-4-109,2000,1.0,0.0
7610,124-4-109,2004,1.0,0.0
7610,124-4-109,2008,1.0,1.0
7610,124-4-109,2012,1.0,1.0
7610,124-4-109,2013,1.0,1.0
7610,124-4-109,2018,1.0,1.0
7610,124-4-109,2022,1.0,1.0
7610,124-4-113,1998,1.0,1.0
7610,124-4-113,2001,1.0,1.0
7610,124-4-113,2003,1.0,1.0
7610,124-4-113,2008,1.0,1.0
7610,124-4-113,2009,1.0,1.0
7610,124-4-113,2013,1.0,1.0
7610,124-4-113,2019,1.0,1.0
7610,124-4-114,1998,1.0,1.0
7610,124-4-114,2003,1.0,1.0
7610,124-4-114,2004,1.0,1.0
7610,124-4-114,2007,1.0,1.0
7610,124-4-114,2013,1.0,0.0
7610,124-4-114,2019,1.0,1.0
7610,124-4-114,2022,1.0,1.0
7610,124-4-115,2003,1.0,1.0
7610,124-4-115,2004,1.0,1.0
7610,124-4-115,2008,1.0,1.0
7610,124-4-115,2012,1.0,1.0
7610,124-4-115,2013,1.0,1.0
7610,124-4-115,2019,1.0,1.0
7610,124-4-116,2003,1.0,1.0
7610,124-4-116,2007,1.0,1.0
7610,124-4-116,2018,1.0,0.0
7610,124-4-116,2019,1.0,1.0
7610,124-4-121,1998,1.0,1.0
7610,124-4-121,2001,1.0,1.0
7610,124-4-121,2003,1.0,1.0
7610,124-4-121,2008,1.0,0.0
7610,124-4-121,2009,1.0,1.0
7610,124-4-121,2010,1.0,1.0
7610,124-4-121,2011,1.0,1.0
7610,124-4-121,2013,1.0,1.0
7610,124-4-125,1998,1.0,1.0
7610,124-4-125,2003,1.0,1.0
7610,124-4-125,2005,1.0,1.0
7610,124-4-125,2007,1.0,0.0
7610,124-4-125,2009,1.0,1.0
7610,124-4-125,2014,1.0,1.0
7610,124-4-125,2019,1.0,0.0
7610,124-4-125,2022,1.0,1.0
7610,124-4-127,1998,1.0,0.0
7610,124-4-127,1999,1.0,1.0
7610,124-4-127,2007,1.0,0.0
7610,124-4-127,2008,1.0,1.0
7610,124-4-127,2009,1.0,1.0
7610,124-4-127,2010,1.0,1.0
7610,124-4-127,2013,1.0,1.0
7610,124-4-127,2017,1.0,1.0
7610,124-4-128,1998,1.0,1.0
7610,124-4-128,1999,1.0,1.0
7610,124-4-128,2000,1.0,1.0
7610,124-4-128,2003,1.0,1.0
7610,124-4-128,2007,1.0,1.0
7610,124-4-128,2008,1.0,1.0
7610,124-4-128,2009,1.0,1.0
7610,124-4-128,2010,1.0,1.0
7610,124-4-128,2011,1.0,1.0
7610,124-4-128,2013,1.0,1.0
7610,124-4-128,2014,1.0,1.0
7610,124-4-128,2022,1.0,1.0
7610,124-4-129,2003,1.0,1.0
7610,124-4-129,2004,1.0,1.0
7610,124-4-129,2008,1.0,1.0
7610,124-4-129,2009,1.0,1.0
7610,124-4-129,2010,1.0,1.0
7610,124-4-129,2011,1.0,1.0
7610,124-4-129,2013,1.0,1.0
7610,124-4-13,1998,1.0,1.0
7610,124-4-13,2008,1.0,1.0
7610,124-4-13,2009,1.0,1.0
7610,124-4-13,2013,1.0,1.0
7610,124-4-136,2003,1.0,1.0
7610,124-4-136,2007,1.0,1.0
7610,124-4-136,2010,1.0,1.0
7610,124-4-136,2011,1.0,1.0
7610,124-4-136,2013,1.0,1.0
7610,124-4-136,2022,1.0,1.0
7610,124-4-138,2009,1.0,1.0
7610,124-4-138,2013,1.0,0.0
7610,124-4-138,2017,1.0,1.0
7610,124-4-138,2019,1.0,1.0
7610,124-4-138,2022,1.0,1.0
7610,124-4-14,1998,1.0,1.0
7610,124-4-14,1999,1.0,1.0
7610,124-4-14,2000,1.0,1.0
7610,124-4-14,2001,1.0,1.0
7610,124-4-14,2004,1.0,1.0
7610,124-4-14,2008,1.0,1.0
7610,124-4-14,2010,1.0,1.0
7610,124-4-14,2013,1.0,0.0
7610,124-4-15,1998,1.0,0.0
7610,124-4-15,2003,1.0,1.0
7610,124-4-15,2004,1.0,1.0
7610,124-4-15,2007,1.0,0.0
7610,124-4-15,2012,1.0,0.0
7610,124-4-15,2013,1.0,1.0
7610,124-4-15,2019,1.0,1.0
7610,124-4-15,2022,1.0,1.0
7610,124-4-17,1998,1.0,1.0
7610,124-4-17,2007,1.0,1.0
7610,124-4-17,2008,1.0,1.0
7610,124-4-17,2009,1.0,1.0
7610,124-4-17,2014,1.0,0.0
7610,124-4-17,2018,1.0,0.0
7610,124-4-17,2022,1.0,0.0
7610,124-4-18,1998,1.0,1.0
7610,124-4-18,1999,1.0,1.0
7610,124-4-18,2000,1.0,1.0
7610,124-4-18,2001,1.0,1.0
7610,124-4-18,2003,1.0,1.0
7610,124-4-18,2009,1.0,0.0
7610,124-4-18,2010,1.0,1.0
7610,124-4-18,2011,1.0,1.0
7610,124-4-18,2013,1.0,1.0
7610,124-4-19,1998,1.0,1.0
7610,124-4-19,2000,1.0,1.0
7610,124-4-19,2001,1.0,1.0
7610,124-4-19,2003,1.0,1.0
7610,124-4-19,2008,1.0,1.0
7610,124-4-19,2009,1.0,1.0
7610,124-4-19,2010,1.0,1.0
7610,124-4-19,2013,1.0,1.0
7610,124-4-196,2008,1.0,1.0
7610,124-4-196,2018,1.0,1.0
7610,124-4-196,2019,1.0,1.0
7610,124-4-196,2022,1.0,1.0
7610,124-4-2,2000,1.0,1.0
7610,124-4-2,2001,1.0,1.0
7610,124-4-2,2002,1.0,1.0
7610,124-4-2,2003,1.0,1.0
7610,124-4-2,2012,1.0,1.0
7610,124-4-2,2013,1.0,1.0
7610,124-4-2,2019,1.0,1.0
7610,124-4-2,2022,1.0,1.0
7610,124-4-20,1998,1.0,1.0
7610,124-4-20,2007,1.0,1.0
7610,124-4-20,2009,1.0,1.0
7610,124-4-20,2012,1.0,0.0
7610,124-4-20,2013,1.0,1.0
7610,124-4-20,2022,1.0,1.0
7610,124-4-201,2001,1.0,1.0
7610,124-4-201,2002,1.0,1.0
7610,124-4-201,2003,1.0,1.0
7610,124-4-201,2012,1.0,0.0
7610,124-4-201,2013,1.0,1.0
7610,124-4-201,2019,1.0,1.0
7610,124-4-201,2022,1.0,1.0
7610,124-4-204,2001,1.0,0.0
7610,124-4-204,2002,1.0,1.0
7610,124-4-204,2004,1.0,1.0
7610,124-4-204,2008,1.0,1.0
7610,124-4-204,2013,1.0,1.0
7610,124-4-204,2018,1.0,1.0
7610,124-4-210,2004,1.0,0.0
7610,124-4-210,2008,1.0,1.0
7610,124-4-210,2013,1.0,1.0
7610,124-4-210,2018,1.0,1.0
7610,124-4-210,2019,1.0,1.0
7610,124-4-210,2022,1.0,1.0
7610,124-4-212,1998,1.0,0.0
7610,124-4-212,2000,1.0,0.0
7610,124-4-212,2001,1.0,1.0
7610,124-4-212,2003,1.0,1.0
7610,124-4-212,2008,1.0,1.0
7610,124-4-212,2009,1.0,1.0
7610,124-4-212,2010,1.0,1.0
7610,124-4-212,2013,1.0,0.0
7610,124-4-212,2019,1.0,1.0
7610,124-4-213,2000,1.0,1.0
7610,124-4-213,2001,1.0,1.0
7610,124-4-213,2003,1.0,0.0
7610,124-4-213,2009,1.0,1.0
7610,124-4-213,2012,1.0,1.0
7610,124-4-213,2013,1.0,1.0
7610,124-4-213,2019,1.0,1.0
7610,124-4-214,1998,1.0,1.0
7610,124-4-214,2004,1.0,0.0
7610,124-4-214,2007,1.0,1.0
7610,124-4-214,2012,1.0,1.0
7610,124-4-214,2013,1.0,1.0
7610,124-4-214,2019,1.0,0.0
7610,124-4-214,2022,1.0,1.0
7610,124-4-215,2003,1.0,1.0
7610,124-4-215,2004,1.0,1.0
7610,124-4-215,2007,1.0,1.0
7610,124-4-215,2013,1.0,1.0
7610,124-4-215,2022,1.0,0.0
7610,124-4-22,1998,1.0,1.0
7610,124-4-22,2001,1.0,1.0
7610,124-4-22,2003,1.0,1.0
7610,124-4-22,2004,1.0,1.0
7610,124-4-22,2008,1.0,1.0
7610,124-4-22,2009,1.0,1.0
7610,124-4-22,2010,1.0,1.0
7610,124-4-22,2019,1.0,0.0
7610,124-4-227,1999,1.0,1.0
7610,124-4-227,2001,1.0,1.0
7610,124-4-227,2007,1.0,0.0
7610,124-4-227,2009,1.0,1.0
7610,124-4-227,2011,1.0,1.0
7610,124-4-227,2013,1.0,1.0
7610,124-4-227,2014,1.0,1.0
7610,124-4-228,1998,1.0,1.0
7610,124-4-228,2007,1.0,1.0
7610,124-4-228,2008,1.0,1.0
7610,124-4-228,2012,1.0,0.0
7610,124-4-228,2017,1.0,1.0
7610,124-4-229,2003,1.0,1.0
7610,124-4-229,2007,1.0,1.0
7610,124-4-229,2008,1.0,1.0
7610,124-4-229,2009,1.0,1.0
7610,124-4-229,2010,1.0,1.0
7610,124-4-229,2013,1.0,0.0
7610,124-4-229,2014,1.0,1.0
7610,124-4-229,2017,1.0,1.0
7610,124-4-229,2022,1.0,1.0
7610,124-4-24,1998,1.0,1.0
7610,124-4-24,2003,1.0,0.0
7610,124-4-24,2013,1.0,0.0
7610,124-4-25,1998,1.0,1.0
7610,124-4-25,2003,1.0,1.0
7610,124-4-25,2005,1.0,1.0
7610,124-4-25,2007,1.0,0.0
7610,124-4-25,2013,1.0,1.0
7610,124-4-25,2014,1.0,1.0
7610,124-4-25,2018,1.0,0.0
7610,124-4-251,2004,1.0,1.0
7610,124-4-251,2008,1.0,1.0
7610,124-4-251,2010,1.0,1.0
7610,124-4-251,2012,1.0,1.0
7610,124-4-251,2013,1.0,1.0
7610,124-4-251,2017,1.0,1.0
7610,124-4-251,2019,1.0,1.0
7610,124-4-251,2022,1.0,1.0
7610,124-4-26,1999,1.0,1.0
7610,124-4-26,2003,1.0,0.0
7610,124-4-26,2007,1.0,1.0
7610,124-4-26,2009,1.0,1.0
7610,124-4-26,2010,1.0,1.0
7610,124-4-26,2011,1.0,1.0
7610,124-4-26,2013,1.0,1.0
7610,124-4-26,2014,1.0,1.0
7610,124-4-26,2017,1.0,1.0
7610,124-4-26,2019,1.0,0.0
7610,124-4-27,1999,1.0,1.0
7610,124-4-27,2000,1.0,1.0
7610,124-4-27,2001,1.0,1.0
7610,124-4-27,2003,1.0,1.0
7610,124-4-27,2007,1.0,1.0
7610,124-4-27,2008,1.0,1.0
7610,124-4-27,2009,1.0,1.0
7610,124-4-27,2010,1.0,1.0
7610,124-4-27,2011,1.0,1.0
7610,124-4-27,2013,1.0,1.0
7610,124-4-28,2007,1.0,1.0
7610,124-4-28,2008,1.0,1.0
7610,124-4-28,2010,1.0,1.0
7610,124-4-28,2013,1.0,1.0
7610,124-4-28,2017,1.0,1.0
7610,124-4-28,2022,1.0,1.0
7610,124-4-29,2003,1.0,1.0
7610,124-4-29,2004,1.0,1.0
7610,124-4-29,2008,1.0,0.0
7610,124-4-29,2009,1.0,1.0
7610,124-4-29,2010,1.0,1.0
7610,124-4-29,2013,1.0,1.0
7610,124-4-29,2014,1.0,1.0
7610,124-4-29,2017,1.0,1.0
7610,124-4-29,2022,1.0,1.0
7610,124-4-3,2000,1.0,1.0
7610,124-4-3,2001,1.0,1.0
7610,124-4-3,2002,1.0,1.0
7610,124-4-3,2004,1.0,1.0
7610,124-4-3,2008,1.0,1.0
7610,124-4-3,2009,1.0,1.0
7610,124-4-3,2012,1.0,1.0
7610,124-4-3,2013,1.0,1.0
7610,124-4-302,2001,1.0,1.0
7610,124-4-302,2002,1.0,1.0
7610,124-4-302,2012,1.0,1.0
7610,124-4-302,2013,1.0,1.0
7610,124-4-302,2019,1.0,1.0
7610,124-4-302,2022,1.0,1.0
7610,124-4-304,2000,1.0,0.0
7610,124-4-304,2002,1.0,1.0
7610,124-4-304,2008,1.0,1.0
7610,124-4-304,2013,1.0,1.0
7610,124-4-304,2018,1.0,1.0
7610,124-4-304,2019,1.0,1.0
7610,124-4-306,2012,1.0,1.0
7610,124-4-306,2013,1.0,1.0
7610,124-4-306,2019,1.0,1.0
7610,124-4-306,2022,1.0,1.0
7610,124-4-31,2001,1.0,1.0
7610,124-4-31,2003,1.0,1.0
7610,124-4-31,2007,1.0,0.0
7610,124-4-31,2009,1.0,1.0
7610,124-4-31,2010,1.0,1.0
7610,124-4-31,2017,1.0,1.0
7610,124-4-311,1998,1.0,0.0
7610,124-4-311,2000,1.0,1.0
7610,124-4-311,2001,1.0,1.0
7610,124-4-311,2009,1.0,0.0
7610,124-4-311,2010,1.0,1.0
7610,124-4-312,2013,1.0,0.0
7610,124-4-312,2017,1.0,0.0
7610,124-4-312,2019,1.0,0.0
7610,124-4-312,2022,1.0,1.0
7610,124-4-313,2001,1.0,1.0
7610,124-4-313,2003,1.0,1.0
7610,124-4-313,2012,1.0,1.0
7610,124-4-313,2013,1.0,1.0
7610,124-4-313,2019,1.0,0.0
7610,124-4-313,2022,1.0,1.0
7610,124-4-315,1998,1.0,0.0
7610,124-4-315,2000,1.0,1.0
7610,124-4-315,2001,1.0,1.0
7610,124-4-315,2004,1.0,1.0
7610,124-4-315,2008,1.0,0.0
7610,124-4-315,2010,1.0,1.0
7610,124-4-315,2011,1.0,1.0
7610,124-4-315,2019,1.0,1.0
7610,124-4-328,1998,1.0,1.0
7610,124-4-328,2007,1.0,1.0
7610,124-4-328,2013,1.0,0.0
7610,124-4-328,2022,1.0,1.0
7610,124-4-329,1998,1.0,1.0
7610,124-4-329,2003,1.0,0.0
7610,124-4-329,2009,1.0,0.0
7610,124-4-329,2010,1.0,1.0
7610,124-4-329,2013,1.0,1.0
7610,124-4-329,2022,1.0,1.0
7610,124-4-33,1998,1.0,1.0
7610,124-4-33,2008,1.0,1.0
7610,124-4-33,2009,1.0,1.0
7610,124-4-33,2010,1.0,1.0
7610,124-4-33,2012,1.0,1.0
7610,124-4-33,2013,1.0,1.0
7610,124-4-33,2014,1.0,1.0
7610,124-4-33,2022,1.0,1.0
7610,124-4-330,2004,1.0,1.0
7610,124-4-330,2007,1.0,1.0
7610,124-4-330,2008,1.0,1.0
7610,124-4-330,2009,1.0,1.0
7610,124-4-330,2010,1.0,1.0
7610,124-4-330,2012,1.0,0.0
7610,124-4-330,2013,1.0,1.0
7610,124-4-330,2017,1.0,1.0
7610,124-4-330,2022,1.0,1.0
7610,124-4-37,1999,1.0,1.0
7610,124-4-37,2007,1.0,1.0
7610,124-4-37,2011,1.0,1.0
7610,124-4-37,2019,1.0,1.0
7610,124-4-4,2000,1.0,1.0
7610,124-4-4,2001,1.0,1.0
7610,124-4-4,2002,1.0,1.0
7610,124-4-4,2004,1.0,1.0
7610,124-4-4,2008,1.0,1.0
7610,124-4-4,2013,1.0,1.0
7610,124-4-40,2001,1.0,1.0
7610,124-4-40,2003,1.0,1.0
7610,124-4-40,2007,1.0,1.0
7610,124-4-40,2009,1.0,1.0
7610,124-4-40,2010,1.0,1.0
7610,124-4-40,2012,1.0,1.0
7610,124-4-40,2013,1.0,1.0
7610,124-4-40,2014,1.0,1.0
7610,124-4-40,2017,1.0,1.0
7610,124-4-40,2022,1.0,0.0
7610,124-4-404,2008,1.0,1.0
7610,124-4-404,2013,1.0,1.0
7610,124-4-404,2018,1.0,1.0
7610,124-4-404,2019,1.0,1.0
7610,124-4-42,2007,1.0,0.0
7610,124-4-42,2008,1.0,1.0
7610,124-4-42,2010,1.0,0.0
7610,124-4-42,2013,1.0,0.0
7610,124-4-42,2014,1.0,1.0
7610,124-4-49,1999,1.0,1.0
7610,124-4-49,2004,1.0,1.0
7610,124-4-49,2007,1.0,1.0
7610,124-4-49,2009,1.0,1.0
7610,124-4-49,2011,1.0,1.0
7610,124-4-49,2013,1.0,1.0
7610,124-4-49,2019,1.0,0.0
7610,124-4-50,2004,1.0,1.0
7610,124-4-50,2008,1.0,1.0
7610,124-4-50,2010,1.0,1.0
7610,124-4-50,2013,1.0,1.0
7610,124-4-50,2017,1.0,1.0
7610,124-4-50,2018,1.0,1.0
7610,124-4-50,2022,1.0,1.0
7610,124-4-55,2000,1.0,1.0
7610,124-4-55,2003,1.0,1.0
7610,124-4-55,2005,1.0,1.0
7610,124-4-55,2008,1.0,0.0
7610,124-4-55,2010,1.0,1.0
7610,124-4-55,2012,1.0,1.0
7610,124-4-55,2013,1.0,1.0
7610,124-4-55,2014,1.0,1.0
7610,124-4-55,2017,1.0,1.0
7610,124-4-55,2018,1.0,1.0
7610,124-4-6,2000,1.0,0.0
7610,124-4-6,2003,1.0,0.0
7610,124-4-6,2009,1.0,1.0
7610,124-4-6,2013,1.0,0.0
7610,124-4-62,2007,1.0,1.0
7610,124-4-62,2008,1.0,1.0
7610,124-4-62,2019,1.0,0.0
7610,124-4-63,2007,1.0,1.0
7610,124-4-63,2008,1.0,1.0
7610,124-4-63,2010,1.0,1.0
7610,124-4-63,2012,1.0,1.0
7610,124-4-63,2013,1.0,1.0
7610,124-4-63,2014,1.0,1.0
7610,124-4-63,2017,1.0,1.0
7610,124-4-63,2019,1.0,0.0
7610,124-4-63,2022,1.0,1.0
7610,124-4-7,1999,1.0,1.0
7610,124-4-7,2000,1.0,1.0
7610,124-4-7,2004,1.0,1.0
7610,124-4-7,2008,1.0,1.0
7610,124-4-7,2009,1.0,1.0
7610,124-4-77,1999,1.0,1.0
7610,124-4-77,2001,1.0,1.0
7610,124-4-77,2011,1.0,0.0
7610,124-4-77,2017,1.0,1.0
7610,124-4-77,2018,1.0,1.0
7610,124-4-77,2022,1.0,1.0
7610,124-4-78,2001,1.0,1.0
7610,124-4-78,2008,1.0,1.0
7610,124-4-78,2017,1.0,1.0
7610,124-4-78,2018,1.0,1.0
7610,124-4-78,2022,1.0,1.0
7610,124-4-9,2000,1.0,1.0
7610,124-4-9,2001,1.0,1.0
7610,124-4-9,2008,1.0,1.0
7610,124-4-9,2012,1.0,1.0
7610,124-4-9,2013,1.0,1.0
7610,124-4-9,2022,1.0,0.0
7610,124-4-96,2000,1.0,1.0
7610,124-4-96,2012,1.0,1.0
7610,124-4-96,2018,1.0,1.0
7610,124-4-96,2019,1.0,1.0
7610,124-4-96,2022,1.0,1.0
7610,124-43-11,2001,1.0,1.0
7610,124-43-11,2008,1.0,1.0
7610,124-43-11,2009,1.0,1.0
7610,124-43-11,2011,1.0,0.0
7610,124-43-11,2014,1.0,1.0
7610,124-43-11,2017,1.0,0.0
7610,124-43-7,2000,1.0,0.0
7610,124-43-7,2002,1.0,1.0
7610,124-43-7,2007,1.0,1.0
7610,124-43-7,2008,1.0,1.0
7610,124-43-7,2017,1.0,1.0
7610,124-43-7,2018,1.0,1.0
7610,124-43-8,1999,1.0,0.0
7610,124-43-8,2000,1.0,1.0
7610,124-43-8,2001,1.0,1.0
7610,124-43-8,2007,1.0,0.0
7610,124-43-8,2008,1.0,1.0
7610,124-43-9,2001,1.0,1.0
7610,124-43-9,2002,1.0,1.0
7610,124-43-9,2008,1.0,1.0
7610,124-43-9,2010,1.0,1.0
7610,124-43-9,2011,1.0,1.0
7610,124-43-9,2017,1.0,1.0
7610,124-43-9,2018,1.0,1.0
7610,124-43-9,2022,1.0,1.0
7610,124-45-1,2005,1.0,0.0
7610,124-45-1,2007,1.0,1.0
7610,124-45-1,2013,1.0,1.0
7610,124-45-1,2015,1.0,1.0
7610,124-45-1,2016,1.0,1.0
7610,124-45-1,2017,1.0,1.0
7610,124-45-101,2003,1.0,1.0
7610,124-45-101,2013,1.0,1.0
7610,124-45-101,2015,1.0,1.0
7610,124-45-101,2016,1.0,1.0
7610,124-45-101,2017,1.0,1.0
7610,124-45-102,2002,1.0,1.0
7610,124-45-102,2003,1.0,1.0
7610,124-45-102,2005,1.0,1.0
7610,124-45-102,2007,1.0,1.0
7610,124-45-102,2013,1.0,1.0
7610,124-45-102,2015,1.0,1.0
7610,124-45-102,2016,1.0,1.0
7610,124-45-102,2017,1.0,1.0
7610,124-45-103,2003,1.0,1.0
7610,124-45-103,2005,1.0,1.0
7610,124-45-103,2007,1.0,0.0
7610,124-45-103,2016,1.0,1.0
7610,124-45-103,2017,1.0,1.0
7610,124-45-105,2003,1.0,1.0
7610,124-45-105,2007,1.0,1.0
7610,124-45-105,2013,1.0,1.0
7610,124-45-105,2015,1.0,1.0
7610,124-45-105,2016,1.0,1.0
7610,124-45-105,2017,1.0,1.0
7610,124-45-105,2019,1.0,1.0
7610,124-45-107,2003,1.0,1.0
7610,124-45-107,2005,1.0,1.0
7610,124-45-107,2017,1.0,1.0
7610,124-45-107,2022,1.0,0.0
7610,124-45-109,2007,1.0,1.0
7610,124-45-109,2013,1.0,1.0
7610,124-45-109,2015,1.0,1.0
7610,124-45-11,2007,1.0,0.0
7610,124-45-11,2013,1.0,1.0
7610,124-45-11,2017,1.0,1.0
7610,124-45-11,2019,1.0,1.0
7610,124-45-111,2003,1.0,1.0
7610,124-45-111,2005,1.0,1.0
7610,124-45-111,2010,1.0,1.0
7610,124-45-111,2017,1.0,1.0
7610,124-45-111,2022,1.0,1.0
7610,124-45-112,2005,1.0,0.0
7610,124-45-112,2007,1.0,1.0
7610,124-45-112,2015,1.0,0.0
7610,124-45-112,2016,1.0,1.0
7610,124-45-112,2017,1.0,1.0
7610,124-45-113,1999,1.0,1.0
7610,124-45-113,2005,1.0,1.0
7610,124-45-113,2007,1.0,1.0
7610,124-45-113,2011,1.0,1.0
7610,124-45-113,2015,1.0,1.0
7610,124-45-113,2016,1.0,1.0
7610,124-45-113,2017,1.0,1.0
7610,124-45-114,1999,1.0,1.0
7610,124-45-114,2005,1.0,0.0
7610,124-45-114,2008,1.0,1.0
7610,124-45-114,2010,1.0,1.0
7610,124-45-114,2011,1.0,1.0
7610,124-45-114,2014,1.0,0.0
7610,124-45-116,2005,1.0,1.0
7610,124-45-116,2007,1.0,0.0
7610,124-45-116,2017,1.0,1.0
7610,124-45-118,2001,1.0,0.0
7610,124-45-118,2007,1.0,1.0
7610,124-45-118,2008,1.0,1.0
7610,124-45-118,2010,1.0,1.0
7610,124-45-118,2011,1.0,1.0
7610,124-45-118,2014,1.0,1.0
7610,124-45-118,2022,1.0,0.0
7610,124-45-12,2005,1.0,0.0
7610,124-45-12,2007,1.0,1.0
7610,124-45-12,2011,1.0,1.0
7610,124-45-12,2015,1.0,0.0
7610,124-45-12,2016,1.0,1.0
7610,124-45-12,2017,1.0,1.0
7610,124-45-120,2003,1.0,1.0
7610,124-45-120,2012,1.0,1.0
7610,124-45-120,2013,1.0,1.0
7610,124-45-120,2016,1.0,1.0
7610,124-45-121,2003,1.0,1.0
7610,124-45-121,2005,1.0,1.0
7610,124-45-121,2007,1.0,1.0
7610,124-45-121,2010,1.0,1.0
7610,124-45-121,2017,1.0,1.0
7610,124-45-121,2022,1.0,1.0
7610,124-45-13,2003,1.0,1.0
7610,124-45-13,2005,1.0,1.0
7610,124-45-13,2007,1.0,1.0
7610,124-45-13,2013,1.0,1.0
7610,124-45-13,2015,1.0,1.0
7610,124-45-13,2016,1.0,1.0
7610,124-45-13,2017,1.0,1.0
7610,124-45-18,2005,1.0,1.0
7610,124-45-18,2017,1.0,1.0
7610,124-45-2,2003,1.0,1.0
7610,124-45-2,2005,1.0,1.0
7610,124-45-2,2007,1.0,1.0
7610,124-45-2,2013,1.0,1.0
7610,124-45-2,2015,1.0,1.0
7610,124-45-2,2016,1.0,1.0
7610,124-45-2,2017,1.0,1.0
7610,124-45-201,2005,1.0,0.0
7610,124-45-201,2013,1.0,1.0
7610,124-45-201,2015,1.0,1.0
7610,124-45-201,2016,1.0,1.0
7610,124-45-201,2017,1.0,1.0
7610,124-45-201,2019,1.0,0.0
7610,124-45-201,2022,1.0,1.0
7610,124-45-203,2003,1.0,1.0
7610,124-45-203,2005,1.0,1.0
7610,124-45-203,2013,1.0,1.0
7610,124-45-203,2015,1.0,1.0
7610,124-45-203,2016,1.0,1.0
7610,124-45-203,2017,1.0,1.0
7610,124-45-203,2019,1.0,1.0
7610,124-45-203,2022,1.0,1.0
7610,124-45-205,2003,1.0,1.0
7610,124-45-205,2005,1.0,1.0
7610,124-45-205,2013,1.0,1.0
7610,124-45-205,2015,1.0,1.0
7610,124-45-205,2016,1.0,1.0
7610,124-45-205,2017,1.0,1.0
7610,124-45-205,2019,1.0,1.0
7610,124-45-207,2003,1.0,1.0
7610,124-45-207,2005,1.0,0.0
7610,124-45-207,2010,1.0,1.0
7610,124-45-207,2022,1.0,0.0
7610,124-45-209,2003,1.0,1.0
7610,124-45-209,2007,1.0,1.0
7610,124-45-209,2013,1.0,1.0
7610,124-45-209,2017,1.0,1.0
7610,124-45-209,2019,1.0,1.0
7610,124-45-21,2003,1.0,1.0
7610,124-45-21,2005,1.0,1.0
7610,124-45-21,2007,1.0,1.0
7610,124-45-21,2010,1.0,1.0
7610,124-45-21,2022,1.0,1.0
7610,124-45-213,1999,1.0,0.0
7610,124-45-213,2005,1.0,1.0
7610,124-45-213,2007,1.0,1.0
7610,124-45-213,2011,1.0,1.0
7610,124-45-213,2015,1.0,1.0
7610,124-45-216,1999,1.0,0.0
7610,124-45-216,2008,1.0,1.0
7610,124-45-216,2010,1.0,1.0
7610,124-45-216,2011,1.0,1.0
7610,124-45-216,2022,1.0,1.0
7610,124-45-218,2003,1.0,1.0
7610,124-45-218,2007,1.0,1.0
7610,124-45-218,2013,1.0,1.0
7610,124-45-218,2016,1.0,1.0
7610,124-45-218,2017,1.0,1.0
7610,124-45-22,1999,1.0,0.0
7610,124-45-22,2005,1.0,1.0
7610,124-45-22,2007,1.0,1.0
7610,124-45-22,2008,1.0,1.0
7610,124-45-22,2010,1.0,0.0
7610,124-45-220,2001,1.0,1.0
7610,124-45-220,2005,1.0,1.0
7610,124-45-220,2007,1.0,1.0
7610,124-45-220,2010,1.0,1.0
7610,124-45-220,2011,1.0,1.0
7610,124-45-3,1999,1.0,0.0
7610,124-45-3,2008,1.0,1.0
7610,124-45-3,2010,1.0,1.0
7610,124-45-3,2011,1.0,1.0
7610,124-45-3,2014,1.0,1.0
7610,124-45-30,2012,1.0,1.0
7610,124-45-30,2013,1.0,1.0
7610,124-45-307,2007,1.0,0.0
7610,124-45-307,2013,1.0,1.0
7610,124-45-307,2015,1.0,1.0
7610,124-45-307,2017,1.0,1.0
7610,124-45-307,2019,1.0,1.0
7610,124-45-41,1999,1.0,1.0
7610,124-45-41,2005,1.0,0.0
7610,124-45-41,2007,1.0,0.0
7610,124-45-41,2011,1.0,1.0
7610,124-45-41,2015,1.0,0.0
7610,124-45-41,2016,1.0,1.0
7610,124-45-41,2019,1.0,1.0
7610,124-45-42,1999,1.0,1.0
7610,124-45-42,2005,1.0,1.0
7610,124-45-42,2013,1.0,1.0
7610,124-45-42,2016,1.0,1.0
7610,124-45-42,2019,1.0,1.0
7610,124-45-43,1999,1.0,1.0
7610,124-45-43,2005,1.0,0.0
7610,124-45-43,2007,1.0,1.0
7610,124-45-43,2008,1.0,1.0
7610,124-45-43,2010,1.0,1.0
7610,124-45-49,2012,1.0,1.0
7610,124-45-49,2019,1.0,1.0
7610,124-45-5,2003,1.0,1.0
7610,124-45-5,2005,1.0,1.0
7610,124-45-5,2013,1.0,1.0
7610,124-45-5,2015,1.0,0.0
7610,124-45-5,2016,1.0,1.0
7610,124-45-5,2017,1.0,1.0
7610,124-45-5,2019,1.0,1.0
7610,124-45-7,2013,1.0,1.0
7610,124-45-7,2015,1.0,1.0
7610,124-45-7,2017,1.0,1.0
7610,124-45-7,2019,1.0,1.0
7610,124-45-7,2022,1.0,1.0
7610,124-45-9,2007,1.0,1.0
7610,124-45-9,2013,1.0,1.0
7610,124-45-9,2015,1.0,1.0
7610,124-45-9,2017,1.0,1.0
7610,124-45-9,2019,1.0,1.0
7610,124-56-105,1998,1.0,1.0
7610,124-56-105,2007,1.0,1.0
7610,124-56-105,2009,1.0,0.0
7610,124-56-105,2011,1.0,0.0
7610,124-56-105,2016,1.0,1.0
7610,124-56-105,2017,1.0,1.0
7610,124-56-105,2023,1.0,0.0
7610,124-56-13,2005,1.0,1.0
7610,124-56-13,2008,1.0,1.0
7610,124-56-13,2009,1.0,1.0
7610,124-56-13,2010,1.0,1.0
7610,124-56-13,2012,1.0,1.0
7610,124-56-13,2013,1.0,1.0
7610,124-56-13,2016,1.0,1.0
7610,124-56-13,2019,1.0,1.0
7610,124-56-13,2023,1.0,1.0
7610,124-56-137,2003,1.0,1.0
7610,124-56-137,2007,1.0,1.0
7610,124-56-137,2013,1.0,1.0
7610,124-56-137,2014,1.0,1.0
7610,124-56-137,2017,1.0,1.0
7610,124-56-137,2019,1.0,1.0
7610,124-56-137,2022,1.0,1.0
7610,124-56-14,1998,1.0,1.0
7610,124-56-14,2000,1.0,1.0
7610,124-56-14,2003,1.0,1.0
7610,124-56-14,2007,1.0,1.0
7610,124-56-14,2012,1.0,1.0
7610,124-56-14,2013,1.0,1.0
7610,124-56-14,2015,1.0,0.0
7610,124-56-15,2000,1.0,1.0
7610,124-56-15,2003,1.0,1.0
7610,124-56-15,2005,1.0,1.0
7610,124-56-15,2007,1.0,1.0
7610,124-56-15,2008,1.0,1.0
7610,124-56-15,2009,1.0,1.0
7610,124-56-15,2010,1.0,1.0
7610,124-56-15,2013,1.0,1.0
7610,124-56-15,2016,1.0,1.0
7610,124-56-15,2019,1.0,1.0
7610,124-56-21,1998,1.0,1.0
7610,124-56-21,2007,1.0,1.0
7610,124-56-21,2008,1.0,1.0
7610,124-56-21,2009,1.0,1.0
7610,124-56-21,2010,1.0,1.0
7610,124-56-21,2012,1.0,1.0
7610,124-56-21,2013,1.0,1.0
7610,124-56-21,2016,1.0,1.0
7610,124-56-21,2017,1.0,1.0
7610,124-56-21,2019,1.0,1.0
7610,124-56-21,2022,1.0,1.0
7610,124-56-21,2023,1.0,1.0
7610,124-56-22,2003,1.0,1.0
7610,124-56-22,2007,1.0,1.0
7610,124-56-22,2008,1.0,1.0
7610,124-56-22,2009,1.0,1.0
7610,124-56-22,2010,1.0,1.0
7610,124-56-22,2013,1.0,1.0
7610,124-56-22,2014,1.0,1.0
7610,124-56-22,2017,1.0,1.0
7610,124-56-22,2019,1.0,1.0
7610,124-56-22,2022,1.0,0.0
7610,124-56-25,2000,1.0,0.0
7610,124-56-25,2007,1.0,0.0
7610,124-56-25,2008,1.0,1.0
7610,124-56-25,2010,1.0,0.0
7610,124-56-25,2012,1.0,1.0
7610,124-56-25,2013,1.0,1.0
7610,124-56-25,2016,1.0,1.0
7610,124-56-25,2023,1.0,1.0
7610,124-56-26,2000,1.0,1.0
7610,124-56-26,2010,1.0,0.0
7610,124-56-26,2012,1.0,1.0
7610,124-56-26,2016,1.0,1.0
7610,124-56-26,2019,1.0,1.0
7610,124-56-26,2023,1.0,1.0
7610,124-56-31,1998,1.0,1.0
7610,124-56-31,2000,1.0,1.0
7610,124-56-31,2007,1.0,0.0
7610,124-56-31,2010,1.0,1.0
7610,124-56-31,2014,1.0,1.0
7610,124-56-31,2017,1.0,1.0
7610,124-56-31,2019,1.0,1.0
7610,124-56-31,2023,1.0,1.0
7610,124-56-33,1998,1.0,1.0
7610,124-56-33,2003,1.0,1.0
7610,124-56-33,2007,1.0,1.0
7610,124-56-33,2008,1.0,1.0
7610,124-56-33,2009,1.0,1.0
7610,124-56-33,2010,1.0,1.0
7610,124-56-33,2013,1.0,1.0
7610,124-56-33,2016,1.0,1.0
7610,124-56-33,2022,1.0,1.0
7610,124-56-34,2000,1.0,1.0
7610,124-56-34,2007,1.0,1.0
7610,124-56-34,2009,1.0,1.0
7610,124-56-34,2011,1.0,0.0
7610,124-56-34,2012,1.0,1.0
7610,124-56-34,2016,1.0,1.0
7610,124-56-38,2000,1.0,1.0
7610,124-56-38,2003,1.0,1.0
7610,124-56-38,2005,1.0,1.0
7610,124-56-38,2006,1.0,1.0
7610,124-56-38,2007,1.0,1.0
7610,124-56-38,2008,1.0,1.0
7610,124-56-38,2009,1.0,1.0
7610,124-56-38,2011,1.0,1.0
7610,124-56-38,2012,1.0,1.0
7610,124-56-38,2016,1.0,0.0
7610,124-56-38,2017,1.0,1.0
7610,124-56-38,2022,1.0,1.0
7610,124-56-38,2023,1.0,1.0
7610,124-56-40,2000,1.0,1.0
7610,124-56-40,2003,1.0,1.0
7610,124-56-40,2005,1.0,1.0
7610,124-56-40,2006,1.0,1.0
7610,124-56-40,2007,1.0,1.0
7610,124-56-40,2008,1.0,1.0
7610,124-56-40,2009,1.0,1.0
7610,124-56-40,2016,1.0,1.0
7610,124-56-40,2017,1.0,1.0
7610,124-56-40,2022,1.0,1.0
7610,124-56-40,2023,1.0,1.0
7610,124-56-41,1998,1.0,1.0
7610,124-56-41,2000,1.0,1.0
7610,124-56-41,2003,1.0,1.0
7610,124-56-41,2005,1.0,1.0
7610,124-56-41,2006,1.0,1.0
7610,124-56-41,2007,1.0,1.0
7610,124-56-41,2011,1.0,1.0
7610,124-56-41,2012,1.0,1.0
7610,124-56-41,2013,1.0,1.0
7610,124-56-41,2017,1.0,1.0
7610,124-56-41,2019,1.0,1.0
7610,124-56-41,2023,1.0,1.0
7610,124-56-42,1998,1.0,1.0
7610,124-56-42,2000,1.0,0.0
7610,124-56-42,2005,1.0,1.0
7610,124-56-42,2007,1.0,1.0
7610,124-56-42,2008,1.0,1.0
7610,124-56-42,2009,1.0,1.0
7610,124-56-42,2010,1.0,1.0
7610,124-56-42,2013,1.0,1.0
7610,124-56-42,2014,1.0,1.0
7610,124-56-42,2017,1.0,1.0
7610,124-56-44,2003,1.0,1.0
7610,124-56-44,2005,1.0,1.0
7610,124-56-44,2007,1.0,1.0
7610,124-56-44,2008,1.0,1.0
7610,124-56-44,2009,1.0,1.0
7610,124-56-44,2010,1.0,1.0
7610,124-56-44,2013,1.0,1.0
7610,124-56-44,2014,1.0,1.0
7610,124-56-9,1998,1.0,0.0
7610,124-56-9,2000,1.0,0.0
7610,124-56-9,2007,1.0,1.0
7610,124-56-9,2009,1.0,0.0
7610,124-56-9,2010,1.0,1.0
7610,124-56-9,2012,1.0,1.0
7610,124-56-9,2016,1.0,1.0
7610,124-57-10,2005,1.0,0.0
7610,124-57-10,2008,1.0,1.0
7610,124-57-10,2011,1.0,0.0
7610,124-57-10,2013,1.0,1.0
7610,124-57-10,2014,1.0,1.0
7610,124-57-10,2017,1.0,1.0
7610,124-57-10,2023,1.0,1.0
7610,124-57-12,2001,1.0,1.0
7610,124-57-12,2005,1.0,1.0
7610,124-57-12,2008,1.0,1.0
7610,124-57-12,2012,1.0,1.0
7610,124-57-12,2013,1.0,1.0
7610,124-57-12,2014,1.0,1.0
7610,124-57-12,2016,1.0,1.0
7610,124-57-12,2017,1.0,1.0
7610,124-57-121,2005,1.0,0.0
7610,124-57-121,2008,1.0,1.0
7610,124-57-121,2011,1.0,1.0
7610,124-57-121,2016,1.0,1.0
7610,124-57-14,2008,1.0,1.0
7610,124-57-14,2013,1.0,1.0
7610,124-57-14,2016,1.0,1.0
7610,124-57-14,2017,1.0,1.0
7610,124-57-14,2019,1.0,1.0
7610,124-57-14,2023,1.0,1.0
7610,124-57-15,2003,1.0,1.0
7610,124-57-15,2008,1.0,1.0
7610,124-57-15,2011,1.0,1.0
7610,124-57-15,2016,1.0,1.0
7610,124-57-15,2017,1.0,1.0
7610,124-57-16,2007,1.0,1.0
7610,124-57-16,2012,1.0,1.0
7610,124-57-16,2013,1.0,1.0
7610,124-57-16,2014,1.0,1.0
7610,124-57-16,2017,1.0,1.0
7610,124-57-16,2023,1.0,1.0
7610,124-57-18,2003,1.0,1.0
7610,124-57-18,2008,1.0,1.0
7610,124-57-18,2010,1.0,1.0
7610,124-57-18,2017,1.0,0.0
7610,124-57-18,2019,1.0,1.0
7610,124-57-3,2001,1.0,1.0
7610,124-57-3,2002,1.0,1.0
7610,124-57-3,2008,1.0,0.0
7610,124-57-3,2010,1.0,1.0
7610,124-57-3,2011,1.0,1.0
7610,124-57-3,2012,1.0,1.0
7610,124-57-3,2014,1.0,1.0
7610,124-57-3,2015,1.0,1.0
7610,124-57-3,2016,1.0,1.0
7610,124-57-3,2017,1.0,1.0
7610,124-57-36,2000,1.0,1.0
7610,124-57-36,2003,1.0,0.0
7610,124-57-36,2005,1.0,1.0
7610,124-57-36,2011,1.0,1.0
7610,124-57-36,2013,1.0,0.0
7610,124-57-36,2015,1.0,1.0
7610,124-57-6,2005,1.0,1.0
7610,124-57-6,2007,1.0,1.0
7610,124-57-6,2008,1.0,1.0
7610,124-57-6,2013,1.0,1.0
7610,124-57-6,2014,1.0,1.0
7610,124-57-6,2016,1.0,1.0
7610,124-57-6,2023,1.0,1.0
7610,124-65-11,1998,1.0,1.0
7610,124-65-11,2003,1.0,1.0
7610,124-65-11,2005,1.0,1.0
7610,124-65-11,2007,1.0,1.0
7610,124-65-11,2008,1.0,1.0
7610,124-65-11,2016,1.0,1.0
7610,124-65-11,2023,1.0,1.0
7610,124-65-117,2000,1.0,1.0
7610,124-65-117,2003,1.0,1.0
7610,124-65-117,2005,1.0,1.0
7610,124-65-117,2008,1.0,1.0
7610,124-65-117,2009,1.0,1.0
7610,124-65-117,2010,1.0,1.0
7610,124-65-117,2013,1.0,1.0
7610,124-65-117,2014,1.0,1.0
7610,124-65-117,2017,1.0,1.0
7610,124-65-117,2022,1.0,1.0
7610,124-65-13,2000,1.0,1.0
7610,124-65-13,2005,1.0,1.0
7610,124-65-13,2008,1.0,1.0
7610,124-65-13,2009,1.0,1.0
7610,124-65-13,2010,1.0,1.0
7610,124-65-13,2014,1.0,1.0
7610,124-65-13,2022,1.0,1.0
7610,124-65-13,2023,1.0,1.0
7610,124-65-130,1998,1.0,1.0
7610,124-65-130,2000,1.0,1.0
7610,124-65-130,2003,1.0,1.0
7610,124-65-130,2005,1.0,1.0
7610,124-65-130,2017,1.0,1.0
7610,124-65-130,2023,1.0,1.0
7610,124-65-14,1998,1.0,1.0
7610,124-65-14,2000,1.0,1.0
7610,124-65-14,2003,1.0,1.0
7610,124-65-14,2005,1.0,1.0
7610,124-65-14,2008,1.0,1.0
7610,124-65-14,2009,1.0,1.0
7610,124-65-14,2010,1.0,1.0
7610,124-65-14,2014,1.0,1.0
7610,124-65-14,2023,1.0,1.0
7610,124-65-18,2005,1.0,1.0
7610,124-65-18,2008,1.0,0.0
7610,124-65-18,2009,1.0,1.0
7610,124-65-18,2010,1.0,1.0
7610,124-65-18,2013,1.0,1.0
7610,124-65-18,2017,1.0,1.0
7610,124-65-18,2022,1.0,1.0
7610,124-65-18,2023,1.0,1.0
7610,124-65-19,1998,1.0,1.0
7610,124-65-19,2000,1.0,1.0
7610,124-65-19,2003,1.0,1.0
7610,124-65-19,2005,1.0,1.0
7610,124-65-19,2008,1.0,1.0
7610,124-65-19,2009,1.0,1.0
7610,124-65-19,2010,1.0,1.0
7610,124-65-19,2014,1.0,1.0
7610,124-65-19,2017,1.0,1.0
7610,124-65-19,2019,1.0,1.0
7610,124-65-19,2023,1.0,1.0
7610,124-65-20,2000,1.0,1.0
7610,124-65-20,2003,1.0,1.0
7610,124-65-20,2005,1.0,1.0
7610,124-65-20,2008,1.0,1.0
7610,124-65-20,2009,1.0,1.0
7610,124-65-20,2010,1.0,1.0
7610,124-65-20,2013,1.0,1.0
7610,124-65-20,2014,1.0,1.0
7610,124-65-20,2017,1.0,1.0
7610,124-65-20,2022,1.0,0.0
7610,124-65-20,2023,1.0,1.0
7610,124-65-21,1998,1.0,0.0
7610,124-65-21,2000,1.0,1.0
7610,124-65-21,2005,1.0,1.0
7610,124-65-21,2007,1.0,1.0
7610,124-65-21,2010,1.0,0.0
7610,124-65-21,2014,1.0,1.0
7610,124-65-21,2017,1.0,1.0
7610,124-65-22,1998,1.0,1.0
7610,124-65-22,2000,1.0,1.0
7610,124-65-22,2007,1.0,0.0
7610,124-65-22,2023,1.0,1.0
7610,124-65-23,1998,1.0,1.0
7610,124-65-23,2000,1.0,0.0
7610,124-65-23,2005,1.0,1.0
7610,124-65-23,2007,1.0,0.0
7610,124-65-23,2012,1.0,0.0
7610,124-65-23,2014,1.0,1.0
7610,124-65-23,2019,1.0,1.0
7610,124-65-23,2023,1.0,1.0
7610,124-65-27,1998,1.0,1.0
7610,124-65-27,2000,1.0,1.0
7610,124-65-27,2003,1.0,1.0
7610,124-65-27,2005,1.0,1.0
7610,124-65-27,2008,1.0,1.0
7610,124-65-27,2009,1.0,1.0
7610,124-65-27,2010,1.0,1.0
7610,124-65-27,2012,1.0,1.0
7610,124-65-27,2014,1.0,1.0
7610,124-65-27,2017,1.0,1.0
7610,124-65-27,2023,1.0,1.0
7610,124-65-28,2000,1.0,1.0
7610,124-65-28,2003,1.0,1.0
7610,124-65-28,2005,1.0,1.0
7610,124-65-28,2007,1.0,1.0
7610,124-65-28,2008,1.0,1.0
7610,124-65-28,2009,1.0,1.0
7610,124-65-28,2010,1.0,1.0
7610,124-65-28,2014,1.0,0.0
7610,124-65-28,2017,1.0,1.0
7610,124-65-28,2023,1.0,0.0
7610,124-65-29,1998,1.0,1.0
7610,124-65-29,2000,1.0,1.0
7610,124-65-29,2005,1.0,0.0
7610,124-65-29,2006,1.0,1.0
7610,124-65-29,2007,1.0,1.0
7610,124-65-29,2008,1.0,1.0
7610,124-65-29,2009,1.0,1.0
7610,124-65-29,2014,1.0,0.0
7610,124-65-29,2017,1.0,1.0
7610,124-65-3,1998,1.0,0.0
7610,124-65-3,2000,1.0,1.0
7610,124-65-3,2010,1.0,0.0
7610,124-65-3,2012,1.0,1.0
7610,124-65-3,2014,1.0,1.0
7610,124-65-3,2019,1.0,1.0
7610,124-65-3,2023,1.0,1.0
7610,124-65-31,1998,1.0,1.0
7610,124-65-31,2000,1.0,1.0
7610,124-65-31,2006,1.0,0.0
7610,124-65-31,2007,1.0,1.0
7610,124-65-31,2008,1.0,1.0
7610,124-65-31,2012,1.0,1.0
7610,124-65-31,2014,1.0,1.0
7610,124-65-31,2017,1.0,0.0
7610,124-65-31,2022,1.0,1.0
7610,124-65-31,2023,1.0,1.0
7610,124-65-33,2000,1.0,1.0
7610,124-65-33,2007,1.0,1.0
7610,124-65-33,2008,1.0,1.0
7610,124-65-33,2011,1.0,1.0
7610,124-65-33,2013,1.0,1.0
7610,124-65-33,2014,1.0,1.0
7610,124-65-33,2019,1.0,1.0
7610,124-65-33,2023,1.0,1.0
7610,124-65-34,2000,1.0,1.0
7610,124-65-34,2008,1.0,1.0
7610,124-65-34,2013,1.0,0.0
7610,124-65-34,2014,1.0,1.0
7610,124-65-34,2016,1.0,1.0
7610,124-65-34,2023,1.0,1.0
7610,124-65-35,2000,1.0,1.0
7610,124-65-35,2011,1.0,0.0
7610,124-65-35,2013,1.0,0.0
7610,124-65-35,2016,1.0,1.0
7610,124-65-35,2017,1.0,1.0
7610,124-65-35,2019,1.0,1.0
7610,124-65-35,2023,1.0,1.0
7610,124-65-36,1998,1.0,0.0
7610,124-65-36,2000,1.0,1.0
7610,124-65-36,2003,1.0,1.0
7610,124-65-36,2005,1.0,1.0
7610,124-65-36,2007,1.0,1.0
7610,124-65-36,2009,1.0,1.0
7610,124-65-36,2012,1.0,1.0
7610,124-65-36,2014,1.0,1.0
7610,124-65-36,2017,1.0,1.0
7610,124-65-36,2022,1.0,0.0
7610,124-65-36,2023,1.0,1.0
7610,124-65-37,1998,1.0,1.0
7610,124-65-37,2000,1.0,1.0
7610,124-65-37,2011,1.0,1.0
7610,124-65-37,2016,1.0,1.0
7610,124-65-37,2017,1.0,1.0
7610,124-65-38,1998,1.0,1.0
7610,124-65-38,2007,1.0,0.0
7610,124-65-38,2015,1.0,0.0
7610,124-65-38,2017,1.0,1.0
7610,124-65-38,2023,1.0,0.0
7610,124-65-5,1998,1.0,1.0
7610,124-65-5,2014,1.0,0.0
7610,124-65-5,2016,1.0,0.0
7610,124-65-5,2017,1.0,1.0
7610,124-65-5,2019,1.0,1.0
7610,124-65-5,2023,1.0,0.0
7610,124-65-7,1998,1.0,1.0
7610,124-65-7,2000,1.0,1.0
7610,124-65-7,2012,1.0,1.0
7610,124-65-7,2014,1.0,1.0
7610,124-65-7,2016,1.0,1.0
7610,124-65-7,2019,1.0,1.0
7610,124-65-7,2023,1.0,1.0
7610,124-65-9,1998,1.0,1.0
7610,124-65-9,2000,1.0,1.0
7610,124-65-9,2003,1.0,1.0
7610,124-65-9,2007,1.0,1.0
7610,124-65-9,2008,1.0,1.0
7610,124-65-9,2009,1.0,1.0
7610,124-65-9,2010,1.0,1.0
7610,124-68-10,2006,1.0,0.0
7610,124-68-10,2008,1.0,1.0
7610,124-68-10,2010,1.0,1.0
7610,124-68-10,2014,1.0,1.0
7610,124-68-10,2016,1.0,1.0
7610,124-68-10,2017,1.0,1.0
7610,124-68-10,2018,1.0,1.0
7610,124-68-10,2022,1.0,1.0
7610,124-68-10,2023,1.0,1.0
7610,124-68-11,1998,1.0,1.0
7610,124-68-11,2001,1.0,1.0
7610,124-68-11,2006,1.0,0.0
7610,124-68-11,2007,1.0,1.0
7610,124-68-11,2010,1.0,1.0
7610,124-68-11,2011,1.0,1.0
7610,124-68-11,2014,1.0,1.0
7610,124-68-11,2016,1.0,1.0
7610,124-68-11,2022,1.0,1.0
7610,124-68-11,2023,1.0,1.0
7610,124-68-113,1998,1.0,1.0
7610,124-68-113,2001,1.0,1.0
7610,124-68-113,2003,1.0,1.0
7610,124-68-113,2006,1.0,1.0
7610,124-68-113,2008,1.0,1.0
7610,124-68-113,2010,1.0,1.0
7610,124-68-113,2011,1.0,1.0
7610,124-68-113,2014,1.0,1.0
7610,124-68-113,2016,1.0,1.0
7610,124-68-113,2023,1.0,1.0
7610,124-68-117,1998,1.0,1.0
7610,124-68-117,2001,1.0,1.0
7610,124-68-117,2010,1.0,1.0
7610,124-68-117,2013,1.0,1.0
7610,124-68-119,1998,1.0,1.0
7610,124-68-119,2008,1.0,1.0
7610,124-68-119,2010,1.0,1.0
7610,124-68-119,2013,1.0,1.0
7610,124-68-119,2017,1.0,1.0
7610,124-68-12,1998,1.0,1.0
7610,124-68-12,2001,1.0,1.0
7610,124-68-12,2003,1.0,1.0
7610,124-68-12,2006,1.0,1.0
7610,124-68-12,2008,1.0,1.0
7610,124-68-12,2010,1.0,1.0
7610,124-68-12,2011,1.0,1.0
7610,124-68-12,2014,1.0,1.0
7610,124-68-12,2018,1.0,1.0
7610,124-68-127,2001,1.0,1.0
7610,124-68-127,2008,1.0,1.0
7610,124-68-127,2010,1.0,1.0
7610,124-68-127,2011,1.0,1.0
7610,124-68-127,2017,1.0,0.0
7610,124-68-127,2018,1.0,1.0
7610,124-68-14,1998,1.0,1.0
7610,124-68-14,2008,1.0,1.0
7610,124-68-14,2011,1.0,1.0
7610,124-68-14,2022,1.0,1.0
7610,124-68-142,2001,1.0,1.0
7610,124-68-142,2002,1.0,1.0
7610,124-68-142,2008,1.0,1.0
7610,124-68-142,2010,1.0,1.0
7610,124-68-142,2011,1.0,1.0
7610,124-68-142,2013,1.0,1.0
7610,124-68-142,2014,1.0,1.0
7610,124-68-142,2016,1.0,1.0
7610,124-68-142,2017,1.0,1.0
7610,124-68-142,2018,1.0,1.0
7610,124-68-15,1998,1.0,1.0
7610,124-68-15,2001,1.0,1.0
7610,124-68-15,2003,1.0,1.0
7610,124-68-15,2006,1.0,1.0
7610,124-68-15,2008,1.0,1.0
7610,124-68-15,2010,1.0,1.0
7610,124-68-15,2011,1.0,1.0
7610,124-68-15,2014,1.0,1.0
7610,124-68-15,2018,1.0,1.0
7610,124-68-16,2011,1.0,1.0
7610,124-68-16,2013,1.0,1.0
7610,124-68-16,2014,1.0,1.0
7610,124-68-16,2018,1.0,1.0
7610,124-68-18,1998,1.0,1.0
7610,124-68-18,2008,1.0,1.0
7610,124-68-18,2010,1.0,1.0
7610,124-68-18,2013,1.0,1.0
7610,124-68-18,2017,1.0,1.0
7610,124-68-2,2006,1.0,0.0
7610,124-68-2,2008,1.0,1.0
7610,124-68-2,2011,1.0,1.0
7610,124-68-2,2014,1.0,1.0
7610,124-68-2,2016,1.0,1.0
7610,124-68-2,2017,1.0,1.0
7610,124-68-2,2018,1.0,1.0
7610,124-68-2,2022,1.0,1.0
7610,124-68-2,2023,1.0,1.0
7610,124-68-20,2001,1.0,1.0
7610,124-68-20,2008,1.0,1.0
7610,124-68-20,2013,1.0,1.0
7610,124-68-20,2014,1.0,1.0
7610,124-68-20,2018,1.0,0.0
7610,124-68-20,2022,1.0,1.0
7610,124-68-202,2001,1.0,1.0
7610,124-68-202,2002,1.0,1.0
7610,124-68-202,2009,1.0,1.0
7610,124-68-202,2013,1.0,0.0
7610,124-68-202,2017,1.0,0.0
7610,124-68-203,1998,1.0,1.0
7610,124-68-203,2006,1.0,1.0
7610,124-68-203,2014,1.0,1.0
7610,124-68-203,2016,1.0,1.0
7610,124-68-203,2017,1.0,1.0
7610,124-68-203,2018,1.0,1.0
7610,124-68-207,2006,1.0,1.0
7610,124-68-207,2008,1.0,1.0
7610,124-68-207,2010,1.0,1.0
7610,124-68-207,2014,1.0,1.0
7610,124-68-207,2018,1.0,1.0
7610,124-68-207,2022,1.0,1.0
7610,124-68-208,1998,1.0,1.0
7610,124-68-208,2001,1.0,0.0
7610,124-68-208,2014,1.0,1.0
7610,124-68-208,2016,1.0,1.0
7610,124-68-208,2018,1.0,1.0
7610,124-68-208,2023,1.0,0.0
7610,124-68-209,2001,1.0,0.0
7610,124-68-209,2008,1.0,1.0
7610,124-68-209,2014,1.0,1.0
7610,124-68-209,2016,1.0,1.0
7610,124-68-209,2017,1.0,1.0
7610,124-68-209,2018,1.0,1.0
7610,124-68-209,2022,1.0,1.0
7610,124-68-209,2023,1.0,1.0
7610,124-68-210,2006,1.0,0.0
7610,124-68-210,2008,1.0,1.0
7610,124-68-210,2010,1.0,1.0
7610,124-68-210,2014,1.0,1.0
7610,124-68-210,2016,1.0,1.0
7610,124-68-210,2017,1.0,1.0
7610,124-68-210,2022,1.0,1.0
7610,124-68-210,2023,1.0,1.0
7610,124-68-211,2001,1.0,1.0
7610,124-68-211,2003,1.0,1.0
7610,124-68-211,2006,1.0,1.0
7610,124-68-211,2008,1.0,1.0
7610,124-68-211,2010,1.0,1.0
7610,124-68-211,2011,1.0,1.0
7610,124-68-211,2014,1.0,1.0
7610,124-68-211,2016,1.0,1.0
7610,124-68-211,2023,1.0,1.0
7610,124-68-213,2006,1.0,1.0
7610,124-68-213,2008,1.0,0.0
7610,124-68-213,2010,1.0,0.0
7610,124-68-213,2011,1.0,1.0
7610,124-68-213,2023,1.0,1.0
7610,124-68-214,1998,1.0,1.0
7610,124-68-214,2001,1.0,1.0
7610,124-68-214,2006,1.0,1.0
7610,124-68-214,2010,1.0,1.0
7610,124-68-214,2011,1.0,1.0
7610,124-68-214,2014,1.0,1.0
7610,124-68-214,2018,1.0,1.0
7610,124-68-215,1998,1.0,1.0
7610,124-68-215,2008,1.0,0.0
7610,124-68-215,2010,1.0,1.0
7610,124-68-215,2011,1.0,1.0
7610,124-68-215,2016,1.0,0.0
7610,124-68-215,2018,1.0,1.0
7610,124-68-216,1998,1.0,1.0
7610,124-68-216,2001,1.0,1.0
7610,124-68-216,2006,1.0,1.0
7610,124-68-216,2008,1.0,1.0
7610,124-68-216,2010,1.0,1.0
7610,124-68-216,2011,1.0,1.0
7610,124-68-216,2014,1.0,1.0
7610,124-68-216,2018,1.0,1.0
7610,124-68-217,1998,1.0,1.0
7610,124-68-217,2001,1.0,1.0
7610,124-68-217,2010,1.0,1.0
7610,124-68-217,2013,1.0,1.0
7610,124-68-217,2016,1.0,1.0
7610,124-68-217,2018,1.0,0.0
7610,124-68-218,2008,1.0,1.0
7610,124-68-218,2010,1.0,1.0
7610,124-68-218,2011,1.0,1.0
7610,124-68-218,2013,1.0,1.0
7610,124-68-218,2022,1.0,0.0
7610,124-68-219,2001,1.0,0.0
7610,124-68-219,2002,1.0,1.0
7610,124-68-219,2006,1.0,1.0
7610,124-68-219,2008,1.0,1.0
7610,124-68-219,2010,1.0,1.0
7610,124-68-219,2014,1.0,1.0
7610,124-68-219,2016,1.0,1.0
7610,124-68-219,2022,1.0,1.0
7610,124-68-22,2001,1.0,1.0
7610,124-68-22,2002,1.0,1.0
7610,124-68-22,2008,1.0,1.0
7610,124-68-22,2013,1.0,1.0
7610,124-68-22,2014,1.0,1.0
7610,124-68-22,2017,1.0,1.0
7610,124-68-22,2018,1.0,1.0
7610,124-68-22,2022,1.0,1.0
7610,124-68-220,2002,1.0,0.0
7610,124-68-220,2008,1.0,1.0
7610,124-68-220,2010,1.0,1.0
7610,124-68-220,2013,1.0,1.0
7610,124-68-220,2017,1.0,0.0
7610,124-68-220,2018,1.0,1.0
7610,124-68-223,1998,1.0,1.0
7610,124-68-223,2003,1.0,0.0
7610,124-68-223,2006,1.0,1.0
7610,124-68-223,2007,1.0,1.0
7610,124-68-223,2010,1.0,1.0
7610,124-68-223,2011,1.0,1.0
7610,124-68-223,2012,1.0,1.0
7610,124-68-223,2014,1.0,1.0
7610,124-68-223,2022,1.0,1.0
7610,124-68-223,2023,1.0,1.0
7610,124-68-224,1998,1.0,1.0
7610,124-68-224,2001,1.0,1.0
7610,124-68-224,2006,1.0,1.0
7610,124-68-224,2007,1.0,1.0
7610,124-68-224,2011,1.0,0.0
7610,124-68-224,2014,1.0,1.0
7610,124-68-224,2016,1.0,1.0
7610,124-68-224,2022,1.0,1.0
7610,124-68-224,2023,1.0,1.0
7610,124-68-225,2006,1.0,1.0
7610,124-68-225,2007,1.0,1.0
7610,124-68-225,2008,1.0,1.0
7610,124-68-225,2011,1.0,0.0
7610,124-68-225,2014,1.0,1.0
7610,124-68-225,2016,1.0,1.0
7610,124-68-225,2022,1.0,1.0
7610,124-68-225,2023,1.0,1.0
7610,124-68-233,2008,1.0,1.0
7610,124-68-233,2009,1.0,1.0
7610,124-68-233,2011,1.0,1.0
7610,124-68-233,2014,1.0,1.0
7610,124-68-233,2017,1.0,1.0
7610,124-68-233,2018,1.0,1.0
7610,124-68-233,2022,1.0,1.0
7610,124-68-238,2001,1.0,0.0
7610,124-68-238,2010,1.0,1.0
7610,124-68-238,2013,1.0,1.0
7610,124-68-238,2014,1.0,1.0
7610,124-68-238,2016,1.0,1.0
7610,124-68-238,2018,1.0,1.0
7610,124-68-238,2022,1.0,1.0
7610,124-68-242,2002,1.0,0.0
7610,124-68-242,2008,1.0,1.0
7610,124-68-242,2010,1.0,1.0
7610,124-68-242,2011,1.0,1.0
7610,124-68-242,2013,1.0,1.0
7610,124-68-242,2014,1.0,1.0
7610,124-68-25,2001,1.0,1.0
7610,124-68-25,2006,1.0,1.0
7610,124-68-25,2007,1.0,1.0
7610,124-68-25,2008,1.0,1.0
7610,124-68-25,2010,1.0,1.0
7610,124-68-25,2011,1.0,1.0
7610,124-68-25,2014,1.0,1.0
7610,124-68-25,2016,1.0,1.0
7610,124-68-251,1998,1.0,1.0
7610,124-68-251,2006,1.0,1.0
7610,124-68-251,2010,1.0,1.0
7610,124-68-251,2011,1.0,1.0
7610,124-68-251,2016,1.0,1.0
7610,124-68-251,2018,1.0,1.0
7610,124-68-251,2022,1.0,1.0
7610,124-68-252,1998,1.0,1.0
7610,124-68-252,2008,1.0,1.0
7610,124-68-252,2010,1.0,1.0
7610,124-68-252,2013,1.0,1.0
7610,124-68-26,2001,1.0,1.0
7610,124-68-26,2006,1.0,1.0
7610,124-68-26,2007,1.0,1.0
7610,124-68-26,2008,1.0,1.0
7610,124-68-26,2011,1.0,1.0
7610,124-68-26,2014,1.0,1.0
7610,124-68-26,2016,1.0,1.0
7610,124-68-274,2008,1.0,1.0
7610,124-68-274,2009,1.0,1.0
7610,124-68-274,2010,1.0,1.0
7610,124-68-274,2011,1.0,1.0
7610,124-68-274,2014,1.0,1.0
7610,124-68-274,2016,1.0,1.0
7610,124-68-274,2017,1.0,1.0
7610,124-68-274,2018,1.0,1.0
7610,124-68-28,2007,1.0,1.0
7610,124-68-28,2010,1.0,1.0
7610,124-68-28,2013,1.0,1.0
7610,124-68-28,2014,1.0,1.0
7610,124-68-28,2017,1.0,1.0
7610,124-68-28,2018,1.0,1.0
7610,124-68-28,2022,1.0,1.0
7610,124-68-29,1998,1.0,0.0
7610,124-68-29,2000,1.0,1.0
7610,124-68-29,2001,1.0,1.0
7610,124-68-29,2002,1.0,1.0
7610,124-68-29,2006,1.0,0.0
7610,124-68-29,2011,1.0,1.0
7610,124-68-29,2014,1.0,1.0
7610,124-68-29,2016,1.0,0.0
7610,124-68-29,2017,1.0,1.0
7610,124-68-29,2018,1.0,1.0
7610,124-68-29,2023,1.0,1.0
7610,124-68-296,1998,1.0,0.0
7610,124-68-296,2001,1.0,0.0
7610,124-68-296,2013,1.0,1.0
7610,124-68-296,2014,1.0,1.0
7610,124-68-296,2016,1.0,1.0
7610,124-68-296,2018,1.0,1.0
7610,124-68-296,2022,1.0,1.0
7610,124-68-297,2000,1.0,1.0
7610,124-68-297,2002,1.0,1.0
7610,124-68-297,2007,1.0,1.0
7610,124-68-297,2013,1.0,0.0
7610,124-68-297,2017,1.0,1.0
7610,124-68-298,2000,1.0,1.0
7610,124-68-298,2002,1.0,1.0
7610,124-68-298,2017,1.0,1.0
7610,124-68-299,2001,1.0,1.0
7610,124-68-299,2002,1.0,1.0
7610,124-68-299,2006,1.0,1.0
7610,124-68-299,2008,1.0,1.0
7610,124-68-299,2010,1.0,0.0
7610,124-68-299,2014,1.0,1.0
7610,124-68-299,2016,1.0,1.0
7610,124-68-299,2018,1.0,1.0
7610,124-68-299,2022,1.0,1.0
7610,124-68-299,2023,1.0,1.0
7610,124-68-300,1998,1.0,0.0
7610,124-68-300,2011,1.0,0.0
7610,124-68-300,2013,1.0,1.0
7610,124-68-300,2014,1.0,1.0
7610,124-68-300,2018,1.0,1.0
7610,124-68-300,2022,1.0,1.0
7610,124-68-303,1998,1.0,1.0
7610,124-68-303,1999,1.0,1.0
7610,124-68-303,2006,1.0,0.0
7610,124-68-303,2016,1.0,0.0
7610,124-68-303,2017,1.0,1.0
7610,124-68-303,2018,1.0,1.0
7610,124-68-303,2022,1.0,1.0
7610,124-68-303,2023,1.0,1.0
7610,124-68-308,1998,1.0,1.0
7610,124-68-308,2001,1.0,1.0
7610,124-68-308,2008,1.0,1.0
7610,124-68-308,2010,1.0,1.0
7610,124-68-308,2014,1.0,1.0
7610,124-68-308,2016,1.0,1.0
7610,124-68-308,2018,1.0,1.0
7610,124-68-308,2022,1.0,1.0
7610,124-68-308,2023,1.0,1.0
7610,124-68-312,2006,1.0,1.0
7610,124-68-312,2008,1.0,1.0
7610,124-68-312,2010,1.0,1.0
7610,124-68-312,2011,1.0,1.0
7610,124-68-312,2014,1.0,1.0
7610,124-68-312,2018,1.0,1.0
7610,124-68-314,1998,1.0,1.0
7610,124-68-314,2001,1.0,0.0
7610,124-68-314,2010,1.0,0.0
7610,124-68-314,2011,1.0,1.0
7610,124-68-314,2013,1.0,0.0
7610,124-68-314,2014,1.0,1.0
7610,124-68-314,2018,1.0,1.0
7610,124-68-316,1998,1.0,0.0
7610,124-68-316,2010,1.0,1.0
7610,124-68-316,2018,1.0,1.0
7610,124-68-317,1998,1.0,1.0
7610,124-68-317,2008,1.0,1.0
7610,124-68-317,2010,1.0,1.0
7610,124-68-317,2011,1.0,1.0
7610,124-68-317,2013,1.0,0.0
7610,124-68-319,1998,1.0,1.0
7610,124-68-319,2010,1.0,1.0
7610,124-68-319,2011,1.0,1.0
7610,124-68-319,2013,1.0,1.0
7610,124-68-319,2018,1.0,1.0
7610,124-68-319,2022,1.0,1.0
7610,124-68-323,2006,1.0,0.0
7610,124-68-323,2007,1.0,1.0
7610,124-68-323,2010,1.0,1.0
7610,124-68-323,2011,1.0,1.0
7610,124-68-323,2014,1.0,0.0
7610,124-68-323,2016,1.0,1.0
7610,124-68-324,1998,1.0,1.0
7610,124-68-324,2001,1.0,1.0
7610,124-68-324,2006,1.0,1.0
7610,124-68-324,2007,1.0,1.0
7610,124-68-324,2011,1.0,0.0
7610,124-68-325,2001,1.0,1.0
7610,124-68-325,2006,1.0,0.0
7610,124-68-325,2007,1.0,1.0
7610,124-68-325,2008,1.0,1.0
7610,124-68-325,2011,1.0,0.0
7610,124-68-325,2014,1.0,1.0
7610,124-68-326,2003,1.0,1.0
7610,124-68-326,2007,1.0,1.0
7610,124-68-326,2008,1.0,1.0
7610,124-68-326,2010,1.0,0.0
7610,124-68-326,2011,1.0,1.0
7610,124-68-326,2016,1.0,1.0
7610,124-68-338,2001,1.0,0.0
7610,124-68-338,2010,1.0,1.0
7610,124-68-338,2013,1.0,1.0
7610,124-68-338,2016,1.0,1.0
7610,124-68-338,2017,1.0,1.0
7610,124-68-338,2022,1.0,1.0
7610,124-68-35,1999,1.0,0.0
7610,124-68-35,2001,1.0,1.0
7610,124-68-35,2002,1.0,1.0
7610,124-68-35,2013,1.0,1.0
7610,124-68-35,2018,1.0,0.0
7610,124-68-35,2022,1.0,1.0
7610,124-68-350,1998,1.0,1.0
7610,124-68-350,2001,1.0,0.0
7610,124-68-350,2006,1.0,1.0
7610,124-68-350,2007,1.0,1.0
7610,124-68-350,2014,1.0,1.0
7610,124-68-350,2016,1.0,1.0
7610,124-68-36,2010,1.0,1.0
7610,124-68-36,2013,1.0,1.0
7610,124-68-36,2017,1.0,0.0
7610,124-68-36,2019,1.0,0.0
7610,124-68-36,2022,1.0,0.0
7610,124-68-36,2023,1.0,1.0
7610,124-68-37,2001,1.0,1.0
7610,124-68-37,2002,1.0,1.0
7610,124-68-37,2011,1.0,1.0
7610,124-68-37,2013,1.0,0.0
7610,124-68-37,2014,1.0,1.0
7610,124-68-37,2017,1.0,1.0
7610,124-68-37,2018,1.0,1.0
7610,124-68-39,2001,1.0,1.0
7610,124-68-39,2006,1.0,1.0
7610,124-68-39,2008,1.0,1.0
7610,124-68-39,2010,1.0,1.0
7610,124-68-39,2011,1.0,1.0
7610,124-68-39,2013,1.0,1.0
7610,124-68-39,2016,1.0,1.0
7610,124-68-39,2017,1.0,1.0
7610,124-68-39,2018,1.0,1.0
7610,124-68-39,2022,1.0,1.0
7610,124-68-4,2006,1.0,0.0
7610,124-68-4,2008,1.0,1.0
7610,124-68-4,2011,1.0,1.0
7610,124-68-4,2014,1.0,0.0
7610,124-68-4,2016,1.0,1.0
7610,124-68-4,2017,1.0,1.0
7610,124-68-4,2018,1.0,1.0
7610,124-68-43,2001,1.0,1.0
7610,124-68-43,2003,1.0,0.0
7610,124-68-43,2014,1.0,1.0
7610,124-68-43,2015,1.0,1.0
7610,124-68-43,2017,1.0,1.0
7610,124-68-43,2018,1.0,1.0
7610,124-68-43,2022,1.0,1.0
7610,124-68-44,2003,1.0,1.0
7610,124-68-44,2008,1.0,0.0
7610,124-68-44,2010,1.0,0.0
7610,124-68-44,2011,1.0,1.0
7610,124-68-44,2013,1.0,0.0
7610,124-68-44,2016,1.0,1.0
7610,124-68-47,1998,1.0,1.0
7610,124-68-47,2008,1.0,0.0
7610,124-68-47,2009,1.0,1.0
7610,124-68-47,2010,1.0,1.0
7610,124-68-47,2011,1.0,1.0
7610,124-68-47,2014,1.0,1.0
7610,124-68-47,2016,1.0,1.0
7610,124-68-47,2017,1.0,1.0
7610,124-68-47,2018,1.0,1.0
7610,124-68-49,1998,1.0,1.0
7610,124-68-49,2001,1.0,1.0
7610,124-68-49,2008,1.0,1.0
7610,124-68-49,2010,1.0,1.0
7610,124-68-49,2011,1.0,1.0
7610,124-68-49,2013,1.0,1.0
7610,124-68-49,2014,1.0,1.0
7610,124-68-49,2016,1.0,1.0
7610,124-68-49,2022,1.0,1.0
7610,124-68-5,1998,1.0,1.0
7610,124-68-5,2001,1.0,1.0
7610,124-68-5,2002,1.0,1.0
7610,124-68-5,2006,1.0,1.0
7610,124-68-5,2008,1.0,1.0
7610,124-68-5,2010,1.0,1.0
7610,124-68-5,2014,1.0,1.0
7610,124-68-5,2016,1.0,1.0
7610,124-68-5,2018,1.0,1.0
7610,124-68-5,2022,1.0,1.0
7610,124-68-5,2023,1.0,1.0
7610,124-68-50,2001,1.0,1.0
7610,124-68-50,2006,1.0,1.0
7610,124-68-50,2007,1.0,1.0
7610,124-68-50,2008,1.0,1.0
7610,124-68-50,2011,1.0,0.0
7610,124-68-52,2008,1.0,0.0
7610,124-68-52,2010,1.0,0.0
7610,124-68-52,2011,1.0,1.0
7610,124-68-52,2013,1.0,1.0
7610,124-68-52,2017,1.0,1.0
7610,124-68-52,2022,1.0,0.0
7610,124-68-53,2001,1.0,0.0
7610,124-68-53,2003,1.0,0.0
7610,124-68-53,2005,1.0,1.0
7610,124-68-53,2015,1.0,1.0
7610,124-68-53,2019,1.0,0.0
7610,124-68-54,2002,1.0,1.0
7610,124-68-54,2005,1.0,1.0
7610,124-68-54,2007,1.0,1.0
7610,124-68-54,2013,1.0,1.0
7610,124-68-54,2015,1.0,1.0
7610,124-68-54,2017,1.0,1.0
7610,124-68-57,2000,1.0,0.0
7610,124-68-57,2001,1.0,1.0
7610,124-68-57,2013,1.0,1.0
7610,124-68-59,1998,1.0,0.0
7610,124-68-59,1999,1.0,1.0
7610,124-68-59,2001,1.0,1.0
7610,124-68-59,2002,1.0,1.0
7610,124-68-59,2013,1.0,1.0
7610,124-68-59,2014,1.0,1.0
7610,124-68-59,2018,1.0,0.0
7610,124-68-6,1998,1.0,1.0
7610,124-68-6,2001,1.0,1.0
7610,124-68-6,2008,1.0,1.0
7610,124-68-6,2010,1.0,1.0
7610,124-68-6,2014,1.0,1.0
7610,124-68-6,2016,1.0,1.0
7610,124-68-64,2008,1.0,1.0
7610,124-68-64,2009,1.0,1.0
7610,124-68-64,2011,1.0,1.0
7610,124-68-64,2015,1.0,1.0
7610,124-68-64,2017,1.0,1.0
7610,124-68-64,2018,1.0,1.0
7610,124-68-65,2001,1.0,0.0
7610,124-68-65,2017,1.0,1.0
7610,124-68-66,1999,1.0,1.0
7610,124-68-66,2001,1.0,1.0
7610,124-68-66,2010,1.0,1.0
7610,124-68-66,2013,1.0,1.0
7610,124-68-66,2016,1.0,1.0
7610,124-68-66,2022,1.0,0.0
7610,124-68-7,2001,1.0,1.0
7610,124-68-7,2011,1.0,1.0
7610,124-68-7,2014,1.0,1.0
7610,124-68-7,2017,1.0,1.0
7610,124-68-8,2001,1.0,1.0
7610,124-68-8,2002,1.0,1.0
7610,124-68-8,2014,1.0,1.0
7610,124-68-8,2016,1.0,1.0
7610,124-68-8,2017,1.0,1.0
7610,124-68-83,2001,1.0,1.0
7610,124-68-83,2006,1.0,1.0
7610,124-68-83,2007,1.0,1.0
7610,124-68-83,2008,1.0,1.0
7610,124-68-83,2014,1.0,0.0
7610,124-68-83,2016,1.0,1.0
7610,124-68-9,2001,1.0,0.0
7610,124-68-9,2013,1.0,1.0
7610,124-75-5,1998,1.0,1.0
7610,124-75-5,2000,1.0,1.0
7610,124-75-5,2003,1.0,1.0
7610,124-75-5,2007,1.0,1.0
7610,124-75-5,2008,1.0,1.0
7610,124-75-5,2010,1.0,1.0
7610,124-75-5,2014,1.0,1.0
7610,124-75-5,2019,1.0,1.0
7610,124-75-9,1998,1.0,1.0
7610,124-75-9,2000,1.0,1.0
7610,124-75-9,2003,1.0,1.0
7610,124-75-9,2007,1.0,1.0
7610,124-75-9,2010,1.0,1.0
7610,124-75-9,2014,1.0,1.0
7610,124-75-9,2019,1.0,1.0
7610,124-75-9,2023,1.0,1.0
7610,124-76-1,2003,1.0,1.0
7610,124-76-1,2006,1.0,1.0
7610,124-76-1,2007,1.0,1.0
7610,124-76-1,2008,1.0,1.0
7610,124-76-1,2010,1.0,1.0
7610,124-76-1,2011,1.0,1.0
7610,124-76-1,2014,1.0,1.0
7610,124-76-1,2016,1.0,1.0
7610,124-76-1,2022,1.0,1.0
7610,124-76-109,1998,1.0,1.0
7610,124-76-109,2016,1.0,1.0
7610,124-76-109,2017,1.0,1.0
7610,124-76-109,2022,1.0,1.0
7610,124-76-109,2023,1.0,1.0
7610,124-76-113,2009,1.0,1.0
7610,124-76-113,2010,1.0,1.0
7610,124-76-113,2016,1.0,0.0
7610,124-76-113,2017,1.0,1.0
7610,124-76-113,2022,1.0,1.0
7610,124-76-12,1998,1.0,1.0
7610,124-76-12,2006,1.0,1.0
7610,124-76-12,2007,1.0,1.0
7610,124-76-12,2008,1.0,1.0
7610,124-76-12,2011,1.0,1.0
7610,124-76-12,2014,1.0,1.0
7610,124-76-12,2023,1.0,1.0
7610,124-76-120,1998,1.0,1.0
7610,124-76-120,2003,1.0,1.0
7610,124-76-120,2007,1.0,1.0
7610,124-76-120,2008,1.0,1.0
7610,124-76-120,2010,1.0,1.0
7610,124-76-120,2011,1.0,1.0
7610,124-76-120,2012,1.0,1.0
7610,124-76-120,2016,1.0,1.0
7610,124-76-120,2017,1.0,1.0
7610,124-76-120,2022,1.0,1.0
7610,124-76-120,2023,1.0,1.0
7610,124-76-121,1998,1.0,0.0
7610,124-76-121,2003,1.0,1.0
7610,124-76-121,2008,1.0,0.0
7610,124-76-121,2010,1.0,1.0
7610,124-76-121,2011,1.0,1.0
7610,124-76-121,2016,1.0,1.0
7610,124-76-121,2017,1.0,1.0
7610,124-76-121,2022,1.0,1.0
7610,124-76-121,2023,1.0,1.0
7610,124-76-125,2008,1.0,1.0
7610,124-76-125,2010,1.0,1.0
7610,124-76-125,2011,1.0,1.0
7610,124-76-125,2014,1.0,1.0
7610,124-76-125,2016,1.0,1.0
7610,124-76-125,2017,1.0,1.0
7610,124-76-125,2018,1.0,1.0
7610,124-76-127,2001,1.0,1.0
7610,124-76-127,2006,1.0,1.0
7610,124-76-127,2007,1.0,1.0
7610,124-76-127,2022,1.0,1.0
7610,124-76-140,2003,1.0,0.0
7610,124-76-140,2006,1.0,1.0
7610,124-76-140,2007,1.0,1.0
7610,124-76-140,2008,1.0,1.0
7610,124-76-140,2010,1.0,0.0
7610,124-76-140,2011,1.0,1.0
7610,124-76-140,2012,1.0,1.0
7610,124-76-140,2016,1.0,1.0
7610,124-76-140,2017,1.0,1.0
7610,124-76-140,2022,1.0,1.0
7610,124-76-140,2023,1.0,1.0
7610,124-76-159,1998,1.0,1.0
7610,124-76-159,2008,1.0,0.0
7610,124-76-159,2009,1.0,1.0
7610,124-76-159,2016,1.0,1.0
7610,124-76-159,2017,1.0,1.0
7610,124-76-159,2023,1.0,0.0
7610,124-76-16,1998,1.0,0.0
7610,124-76-16,2001,1.0,1.0
7610,124-76-16,2003,1.0,1.0
7610,124-76-16,2006,1.0,1.0
7610,124-76-16,2007,1.0,1.0
7610,124-76-16,2008,1.0,1.0
7610,124-76-16,2011,1.0,1.0
7610,124-76-16,2012,1.0,1.0
7610,124-76-16,2014,1.0,1.0
7610,124-76-165,1998,1.0,1.0
7610,124-76-165,2000,1.0,0.0
7610,124-76-165,2007,1.0,1.0
7610,124-76-165,2008,1.0,1.0
7610,124-76-165,2009,1.0,1.0
7610,124-76-165,2010,1.0,1.0
7610,124-76-165,2013,1.0,1.0
7610,124-76-165,2015,1.0,1.0
7610,124-76-165,2016,1.0,1.0
7610,124-76-165,2019,1.0,1.0
7610,124-76-165,2022,1.0,1.0
7610,124-76-165,2023,1.0,1.0
7610,124-76-18,1998,1.0,1.0
7610,124-76-18,2003,1.0,0.0
7610,124-76-18,2007,1.0,1.0
7610,124-76-18,2008,1.0,1.0
7610,124-76-18,2011,1.0,1.0
7610,124-76-18,2012,1.0,1.0
7610,124-76-18,2016,1.0,1.0
7610,124-76-18,2022,1.0,1.0
7610,124-76-18,2023,1.0,1.0
7610,124-76-19,2007,1.0,1.0
7610,124-76-19,2010,1.0,1.0
7610,124-76-19,2011,1.0,1.0
7610,124-76-19,2012,1.0,1.0
7610,124-76-19,2016,1.0,1.0
7610,124-76-19,2017,1.0,1.0
7610,124-76-19,2022,1.0,1.0
7610,124-76-19,2023,1.0,1.0
7610,124-76-190,1998,1.0,1.0
7610,124-76-190,2007,1.0,1.0
7610,124-76-190,2010,1.0,1.0
7610,124-76-190,2012,1.0,0.0
7610,124-76-190,2013,1.0,1.0
7610,124-76-190,2016,1.0,1.0
7610,124-76-190,2022,1.0,1.0
7610,124-76-2,2003,1.0,1.0
7610,124-76-2,2010,1.0,1.0
7610,124-76-2,2016,1.0,1.0
7610,124-76-2,2017,1.0,1.0
7610,124-76-2,2018,1.0,1.0
7610,124-76-2,2022,1.0,1.0
7610,124-76-201,2001,1.0,1.0
7610,124-76-201,2006,1.0,1.0
7610,124-76-201,2007,1.0,1.0
7610,124-76-201,2010,1.0,1.0
7610,124-76-201,2011,1.0,1.0
7610,124-76-201,2014,1.0,0.0
7610,124-76-201,2016,1.0,1.0
7610,124-76-21,1998,1.0,1.0
7610,124-76-21,2003,1.0,1.0
7610,124-76-21,2007,1.0,1.0
7610,124-76-21,2008,1.0,1.0
7610,124-76-21,2010,1.0,1.0
7610,124-76-21,2011,1.0,1.0
7610,124-76-21,2012,1.0,1.0
7610,124-76-21,2016,1.0,1.0
7610,124-76-21,2017,1.0,1.0
7610,124-76-21,2022,1.0,1.0
7610,124-76-21,2023,1.0,1.0
7610,124-76-216,2003,1.0,1.0
7610,124-76-216,2010,1.0,0.0
7610,124-76-216,2011,1.0,1.0
7610,124-76-216,2022,1.0,1.0
7610,124-76-22,1998,1.0,1.0
7610,124-76-22,2007,1.0,1.0
7610,124-76-22,2010,1.0,1.0
7610,124-76-22,2011,1.0,1.0
7610,124-76-22,2012,1.0,1.0
7610,124-76-22,2013,1.0,1.0
7610,124-76-22,2016,1.0,1.0
7610,124-76-22,2017,1.0,1.0
7610,124-76-22,2022,1.0,1.0
7610,124-76-22,2023,1.0,1.0
7610,124-76-221,1998,1.0,1.0
7610,124-76-221,2003,1.0,1.0
7610,124-76-221,2007,1.0,1.0
7610,124-76-221,2008,1.0,1.0
7610,124-76-221,2011,1.0,1.0
7610,124-76-221,2012,1.0,1.0
7610,124-76-23,1998,1.0,1.0
7610,124-76-23,2007,1.0,1.0
7610,124-76-23,2008,1.0,1.0
7610,124-76-23,2011,1.0,1.0
7610,124-76-23,2012,1.0,1.0
7610,124-76-23,2016,1.0,1.0
7610,124-76-23,2023,1.0,0.0
7610,124-76-238,1998,1.0,1.0
7610,124-76-238,2003,1.0,0.0
7610,124-76-238,2010,1.0,1.0
7610,124-76-238,2011,1.0,1.0
7610,124-76-238,2016,1.0,1.0
7610,124-76-238,2017,1.0,1.0
7610,124-76-238,2022,1.0,1.0
7610,124-76-238,2023,1.0,1.0
7610,124-76-3,2003,1.0,0.0
7610,124-76-3,2010,1.0,1.0
7610,124-76-3,2011,1.0,1.0
7610,124-76-3,2016,1.0,1.0
7610,124-76-3,2022,1.0,0.0
7610,124-76-302,1998,1.0,1.0
7610,124-76-302,2003,1.0,1.0
7610,124-76-302,2006,1.0,1.0
7610,124-76-302,2007,1.0,1.0
7610,124-76-302,2010,1.0,1.0
7610,124-76-302,2011,1.0,1.0
7610,124-76-302,2014,1.0,1.0
7610,124-76-302,2016,1.0,1.0
7610,124-76-302,2022,1.0,1.0
7610,124-76-302,2023,1.0,1.0
7610,124-76-306,1998,1.0,1.0
7610,124-76-306,2003,1.0,1.0
7610,124-76-306,2007,1.0,1.0
7610,124-76-306,2010,1.0,1.0
7610,124-76-306,2011,1.0,1.0
7610,124-76-306,2016,1.0,1.0
7610,124-76-306,2023,1.0,1.0
7610,124-76-309,1998,1.0,0.0
7610,124-76-309,2003,1.0,1.0
7610,124-76-309,2007,1.0,1.0
7610,124-76-309,2010,1.0,1.0
7610,124-76-309,2011,1.0,1.0
7610,124-76-309,2012,1.0,1.0
7610,124-76-309,2013,1.0,1.0
7610,124-76-309,2016,1.0,1.0
7610,124-76-309,2017,1.0,1.0
7610,124-76-309,2018,1.0,1.0
7610,124-76-310,1998,1.0,1.0
7610,124-76-310,2003,1.0,0.0
7610,124-76-310,2007,1.0,1.0
7610,124-76-310,2010,1.0,1.0
7610,124-76-310,2011,1.0,1.0
7610,124-76-310,2012,1.0,1.0
7610,124-76-310,2016,1.0,1.0
7610,124-76-310,2017,1.0,1.0
7610,124-76-310,2019,1.0,1.0
7610,124-76-310,2022,1.0,1.0
7610,124-76-310,2023,1.0,1.0
7610,124-76-314,2003,1.0,1.0
7610,124-76-314,2007,1.0,1.0
7610,124-76-314,2010,1.0,1.0
7610,124-76-314,2011,1.0,1.0
7610,124-76-314,2014,1.0,0.0
7610,124-76-318,1998,1.0,0.0
7610,124-76-318,2003,1.0,1.0
7610,124-76-318,2011,1.0,0.0
7610,124-76-318,2012,1.0,1.0
7610,124-76-318,2014,1.0,0.0
7610,124-76-318,2016,1.0,1.0
7610,124-76-318,2022,1.0,1.0
7610,124-76-318,2023,1.0,1.0
7610,124-76-320,2007,1.0,1.0
7610,124-76-320,2008,1.0,1.0
7610,124-76-320,2011,1.0,1.0
7610,124-76-320,2012,1.0,1.0
7610,124-76-320,2014,1.0,0.0
7610,124-76-320,2023,1.0,0.0
7610,124-76-324,2007,1.0,1.0
7610,124-76-324,2008,1.0,1.0
7610,124-76-324,2010,1.0,1.0
7610,124-76-324,2011,1.0,1.0
7610,124-76-324,2012,1.0,1.0
7610,124-76-324,2016,1.0,1.0
7610,124-76-324,2017,1.0,1.0
7610,124-76-324,2023,1.0,0.0
7610,124-76-39,1998,1.0,1.0
7610,124-76-39,2003,1.0,1.0
7610,124-76-39,2006,1.0,1.0
7610,124-76-39,2007,1.0,1.0
7610,124-76-39,2008,1.0,1.0
7610,124-76-39,2010,1.0,1.0
7610,124-76-39,2011,1.0,1.0
7610,124-76-39,2012,1.0,1.0
7610,124-76-39,2017,1.0,1.0
7610,124-76-39,2022,1.0,0.0
7610,124-76-39,2023,1.0,1.0
7610,124-76-4,1998,1.0,1.0
7610,124-76-4,2003,1.0,1.0
7610,124-76-4,2006,1.0,1.0
7610,124-76-4,2007,1.0,1.0
7610,124-76-4,2010,1.0,1.0
7610,124-76-4,2011,1.0,1.0
7610,124-76-4,2013,1.0,1.0
7610,124-76-4,2016,1.0,1.0
7610,124-76-4,2017,1.0,1.0
7610,124-76-4,2022,1.0,1.0
7610,124-76-4,2023,1.0,1.0
7610,124-76-40,2003,1.0,0.0
7610,124-76-40,2007,1.0,0.0
7610,124-76-40,2008,1.0,1.0
7610,124-76-40,2010,1.0,1.0
7610,124-76-40,2011,1.0,1.0
7610,124-76-40,2012,1.0,1.0
7610,124-76-40,2017,1.0,1.0
7610,124-76-40,2022,1.0,1.0
7610,124-76-439,2006,1.0,1.0
7610,124-76-439,2007,1.0,1.0
7610,124-76-439,2011,1.0,0.0
7610,124-76-439,2012,1.0,1.0
7610,124-76-439,2017,1.0,1.0
7610,124-76-439,2022,1.0,1.0
7610,124-76-439,2023,1.0,1.0
7610,124-76-5,1998,1.0,1.0
7610,124-76-5,2003,1.0,1.0
7610,124-76-5,2007,1.0,1.0
7610,124-76-5,2010,1.0,1.0
7610,124-76-5,2011,1.0,1.0
7610,124-76-5,2013,1.0,1.0
7610,124-76-5,2016,1.0,1.0
7610,124-76-5,2017,1.0,1.0
7610,124-76-5,2022,1.0,1.0
7610,124-76-5,2023,1.0,1.0
7610,124-76-537,1998,1.0,0.0
7610,124-76-537,2003,1.0,0.0
7610,124-76-537,2007,1.0,1.0
7610,124-76-537,2008,1.0,1.0
7610,124-76-537,2011,1.0,1.0
7610,124-76-537,2012,1.0,1.0
7610,124-76-537,2016,1.0,1.0
7610,124-76-537,2022,1.0,1.0
7610,124-76-537,2023,1.0,1.0
7610,124-76-55,2007,1.0,0.0
7610,124-76-55,2008,1.0,1.0
7610,124-76-55,2011,1.0,1.0
7610,124-76-55,2016,1.0,1.0
7610,124-76-55,2017,1.0,1.0
7610,124-76-55,2022,1.0,1.0
7610,124-76-6,1998,1.0,1.0
7610,124-76-6,2003,1.0,1.0
7610,124-76-6,2006,1.0,1.0
7610,124-76-6,2007,1.0,1.0
7610,124-76-6,2008,1.0,1.0
7610,124-76-6,2011,1.0,1.0
7610,124-76-6,2012,1.0,1.0
7610,124-76-6,2014,1.0,1.0
7610,124-76-60,1998,1.0,1.0
7610,124-76-60,2007,1.0,1.0
7610,124-76-60,2008,1.0,1.0
7610,124-76-60,2009,1.0,1.0
7610,124-76-60,2011,1.0,0.0
7610,124-76-60,2012,1.0,1.0
7610,124-76-60,2016,1.0,1.0
7610,124-76-60,2017,1.0,1.0
7610,124-76-61,1998,1.0,1.0
7610,124-76-61,2008,1.0,0.0
7610,124-76-61,2011,1.0,0.0
7610,124-76-61,2012,1.0,1.0
7610,124-76-61,2016,1.0,1.0
7610,124-76-61,2017,1.0,1.0
7610,124-76-67,2007,1.0,1.0
7610,124-76-67,2009,1.0,1.0
7610,124-76-67,2010,1.0,1.0
7610,124-76-67,2013,1.0,1.0
7610,124-76-67,2016,1.0,1.0
7610,124-76-67,2022,1.0,1.0
7610,124-76-67,2023,1.0,1.0
7610,124-76-69,1998,1.0,1.0
7610,124-76-69,2007,1.0,1.0
7610,124-76-69,2009,1.0,0.0
7610,124-76-69,2010,1.0,1.0
7610,124-76-69,2012,1.0,0.0
7610,124-76-69,2016,1.0,0.0
7610,124-76-69,2017,1.0,1.0
7610,124-76-69,2022,1.0,1.0
7610,124-76-69,2023,1.0,1.0
7610,124-76-70,2000,1.0,1.0
7610,124-76-70,2008,1.0,0.0
7610,124-76-70,2014,1.0,1.0
7610,124-76-70,2016,1.0,1.0
7610,124-76-8,1998,1.0,1.0
7610,124-76-8,2003,1.0,1.0
7610,124-76-8,2007,1.0,1.0
7610,124-76-8,2010,1.0,1.0
7610,124-76-8,2011,1.0,1.0
7610,124-76-8,2012,1.0,1.0
7610,124-76-8,2022,1.0,1.0
7610,124-76-8,2023,1.0,1.0
7610,124-76-9,1998,1.0,1.0
7610,124-76-9,2003,1.0,1.0
7610,124-76-9,2007,1.0,0.0
7610,124-76-9,2010,1.0,1.0
7610,124-76-9,2011,1.0,1.0
7610,124-76-9,2013,1.0,1.0
7610,124-76-9,2016,1.0,1.0
7610,124-76-9,2023,1.0,0.0
7610,124-76-90,1998,1.0,1.0
7610,124-76-90,2003,1.0,1.0
7610,124-76-90,2007,1.0,1.0
7610,124-76-90,2010,1.0,1.0
7610,124-76-90,2011,1.0,1.0
7610,124-76-90,2017,1.0,0.0
7610,124-76-90,2022,1.0,1.0
7610,124-79-106,2002,1.0,1.0
7610,124-79-106,2005,1.0,1.0
7610,124-79-106,2009,1.0,1.0
7610,124-79-106,2010,1.0,1.0
7610,124-79-106,2013,1.0,1.0
7610,124-79-109,1999,1.0,1.0
7610,124-79-109,2000,1.0,1.0
7610,124-79-109,2001,1.0,1.0
7610,124-79-109,2002,1.0,1.0
7610,124-79-109,2003,1.0,1.0
7610,124-79-109,2005,1.0,0.0
7610,124-79-109,2019,1.0,1.0
7610,124-79-109,2022,1.0,0.0
7610,124-79-112,2002,1.0,0.0
7610,124-79-112,2003,1.0,1.0
7610,124-79-112,2006,1.0,1.0
7610,124-79-112,2007,1.0,1.0
7610,124-79-112,2010,1.0,1.0
7610,124-79-112,2012,1.0,0.0
7610,124-79-112,2022,1.0,0.0
7610,124-79-113,2006,1.0,1.0
7610,124-79-113,2007,1.0,1.0
7610,124-79-113,2009,1.0,1.0
7610,124-79-113,2010,1.0,1.0
7610,124-79-113,2013,1.0,1.0
7610,124-79-113,2022,1.0,1.0
7610,124-79-116,2002,1.0,1.0
7610,124-79-116,2009,1.0,1.0
7610,124-79-116,2010,1.0,1.0
7610,124-79-123,2001,1.0,1.0
7610,124-79-123,2007,1.0,1.0
7610,124-79-123,2008,1.0,1.0
7610,124-79-123,2009,1.0,1.0
7610,124-79-123,2011,1.0,0.0
7610,124-79-124,2001,1.0,0.0
7610,124-79-124,2003,1.0,0.0
7610,124-79-124,2007,1.0,0.0
7610,124-79-124,2009,1.0,1.0
7610,124-79-124,2010,1.0,1.0
7610,124-79-124,2011,1.0,1.0
7610,124-79-124,2013,1.0,0.0
7610,124-79-124,2017,1.0,1.0
7610,124-79-124,2019,1.0,1.0
7610,124-79-124,2022,1.0,1.0
7610,124-79-130,2008,1.0,1.0
7610,124-79-130,2009,1.0,1.0
7610,124-79-130,2010,1.0,1.0
7610,124-79-130,2011,1.0,1.0
7610,124-79-130,2012,1.0,1.0
7610,124-79-130,2013,1.0,1.0
7610,124-79-130,2017,1.0,1.0
7610,124-79-130,2022,1.0,1.0
7610,124-79-132,2001,1.0,1.0
7610,124-79-132,2003,1.0,1.0
7610,124-79-132,2006,1.0,1.0
7610,124-79-132,2008,1.0,1.0
7610,124-79-132,2009,1.0,1.0
7610,124-79-132,2011,1.0,1.0
7610,124-79-132,2012,1.0,1.0
7610,124-79-132,2013,1.0,1.0
7610,124-79-132,2017,1.0,1.0
7610,124-79-132,2019,1.0,0.0
7610,124-79-132,2022,1.0,1.0
7610,124-79-133,2001,1.0,1.0
7610,124-79-133,2003,1.0,1.0
7610,124-79-133,2007,1.0,1.0
7610,124-79-133,2008,1.0,1.0
7610,124-79-133,2009,1.0,1.0
7610,124-79-133,2010,1.0,1.0
7610,124-79-133,2011,1.0,1.0
7610,124-79-133,2012,1.0,1.0
7610,124-79-133,2013,1.0,1.0
7610,124-79-133,2017,1.0,1.0
7610,124-79-133,2019,1.0,0.0
7610,124-79-133,2022,1.0,1.0
7610,124-79-139,1998,1.0,0.0
7610,124-79-139,1999,1.0,1.0
7610,124-79-139,2001,1.0,1.0
7610,124-79-139,2010,1.0,0.0
7610,124-79-139,2011,1.0,1.0
7610,124-79-139,2017,1.0,0.0
7610,124-79-142,1998,1.0,1.0
7610,124-79-142,2001,1.0,1.0
7610,124-79-142,2003,1.0,1.0
7610,124-79-142,2007,1.0,1.0
7610,124-79-142,2010,1.0,1.0
7610,124-79-142,2011,1.0,1.0
7610,124-79-142,2012,1.0,1.0
7610,124-79-142,2013,1.0,1.0
7610,124-79-217,2002,1.0,1.0
7610,124-79-217,2012,1.0,0.0
7610,124-79-217,2013,1.0,1.0
7610,124-79-217,2019,1.0,1.0
7610,124-79-217,2022,1.0,1.0
7610,124-79-24,2001,1.0,1.0
7610,124-79-24,2003,1.0,1.0
7610,124-79-24,2007,1.0,1.0
7610,124-79-24,2008,1.0,1.0
7610,124-79-24,2009,1.0,1.0
7610,124-79-309,2002,1.0,0.0
7610,124-79-309,2003,1.0,1.0
7610,124-79-309,2012,1.0,1.0
7610,124-79-309,2013,1.0,1.0
7610,124-79-309,2019,1.0,1.0
7610,124-79-33,2001,1.0,1.0
7610,124-79-33,2003,1.0,1.0
7610,124-79-33,2007,1.0,1.0
7610,124-79-33,2008,1.0,1.0
7610,124-79-33,2009,1.0,1.0
7610,124-79-33,2010,1.0,1.0
7610,124-79-33,2011,1.0,1.0
7610,124-79-33,2013,1.0,1.0
7610,124-79-33,2019,1.0,1.0
7610,124-79-40,1998,1.0,0.0
7610,124-79-40,1999,1.0,1.0
7610,124-79-40,2001,1.0,1.0
7610,124-79-40,2019,1.0,1.0
7610,124-79-40,2022,1.0,1.0
7610,124-79-403,2005,1.0,1.0
7610,124-79-403,2019,1.0,1.0
7610,124-79-424,2002,1.0,1.0
7610,124-79-424,2010,1.0,0.0
7610,124-79-424,2013,1.0,0.0
7610,124-79-424,2019,1.0,1.0
7610,124-93-164,2005,1.0,1.0
7610,124-93-164,2006,1.0,1.0
7610,124-93-164,2009,1.0,1.0
7610,124-93-164,2010,1.0,1.0
7610,124-93-164,2016,1.0,1.0
7610,124-93-164,2017,1.0,1.0
7610,124-93-164,2019,1.0,0.0
7610,124-93-164,2022,1.0,1.0
7610,124-93-19,2010,1.0,0.0
7610,124-93-19,2011,1.0,1.0
7610,124-93-19,2015,1.0,1.0
7610,124-93-19,2017,1.0,0.0
7610,124-93-19,2018,1.0,1.0
7610,124-93-19,2019,1.0,1.0
7610,124-93-21,2000,1.0,0.0
7610,124-93-21,2001,1.0,1.0
7610,124-93-21,2002,1.0,1.0
7610,124-93-21,2005,1.0,1.0
7610,124-93-21,2006,1.0,1.0
7610,124-93-21,2009,1.0,1.0
7610,124-93-21,2011,1.0,1.0
7610,124-93-21,2015,1.0,1.0
7610,124-93-21,2017,1.0,1.0
7610,124-93-21,2018,1.0,1.0
7610,124-93-21,2019,1.0,1.0
7610,124-93-21,2023,1.0,1.0
7610,124-93-26,2007,1.0,1.0
7610,124-93-26,2009,1.0,0.0
7610,124-93-26,2011,1.0,1.0
7610,124-93-26,2016,1.0,0.0
7610,124-93-26,2023,1.0,1.0
7610,124-93-314,1999,1.0,0.0
7610,124-93-314,2001,1.0,1.0
7610,124-93-314,2002,1.0,1.0
7610,124-93-314,2007,1.0,1.0
7610,124-93-314,2016,1.0,1.0
7610,124-93-314,2023,1.0,1.0
7610,124-93-51,2005,1.0,1.0
7610,124-93-51,2006,1.0,1.0
7610,124-93-51,2009,1.0,1.0
7610,124-93-51,2012,1.0,1.0
7610,124-93-51,2015,1.0,1.0
7610,124-93-51,2016,1.0,1.0
7610,124-93-51,2017,1.0,1.0
7610,124-93-6,2001,1.0,1.0
7610,124-93-6,2002,1.0,1.0
7610,124-93-6,2005,1.0,1.0
7610,124-93-6,2009,1.0,0.0
7610,124-93-6,2012,1.0,0.0
7610,124-93-6,2015,1.0,1.0
7610,124-93-6,2017,1.0,1.0
7610,124-93-6,2018,1.0,1.0
7610,124-93-6,2019,1.0,1.0
7610,124-93-64,2008,1.0,0.0
7610,124-93-64,2009,1.0,1.0
7610,124-93-64,2016,1.0,1.0
7610,124-93-64,2017,1.0,1.0
7610,124-93-78,1999,1.0,0.0
7610,124-93-78,2001,1.0,1.0
7610,124-93-78,2002,1.0,1.0
7610,124-93-78,2010,1.0,1.0
7610,124-93-78,2014,1.0,0.0
7610,124-93-78,2015,1.0,1.0
7610,124-93-78,2023,1.0,1.0
7610,124-93-79,1999,1.0,0.0
7610,124-93-79,2001,1.0,1.0
7610,124-93-79,2002,1.0,1.0
7610,124-93-79,2010,1.0,1.0
7610,124-93-79,2014,1.0,1.0
7610,124-93-79,2015,1.0,1.0
7610,840-14-1,2007,1.0,1.0
7610,840-14-1,2008,1.0,1.0
7610,840-14-1,2009,1.0,1.0
7610,840-14-1,2018,1.0,1.0
7610,840-14-106,2012,1.0,1.0
7610,840-14-106,2018,1.0,1.0
7610,840-14-108,1998,1.0,1.0
7610,840-14-108,2000,1.0,1.0
7610,840-14-108,2001,1.0,1.0
7610,840-14-108,2003,1.0,1.0
7610,840-14-108,2006,1.0,1.0
7610,840-14-108,2008,1.0,1.0
7610,840-14-108,2009,1.0,1.0
7610,840-14-108,2013,1.0,1.0
7610,840-14-108,2014,1.0,1.0
7610,840-14-108,2017,1.0,1.0
7610,840-14-108,2018,1.0,1.0
7610,840-14-11,2002,1.0,0.0
7610,840-14-11,2003,1.0,1.0
7610,840-14-11,2004,1.0,1.0
7610,840-14-11,2013,1.0,1.0
7610,840-14-11,2016,1.0,1.0
7610,840-14-11,2018,1.0,1.0
7610,840-14-118,2011,1.0,0.0
7610,840-14-128,2004,1.0,0.0
7610,840-14-128,2007,1.0,1.0
7610,840-14-128,2008,1.0,1.0
7610,840-14-129,2000,1.0,0.0
7610,840-14-129,2013,1.0,1.0
7610,840-14-129,2014,1.0,1.0
7610,840-14-129,2018,1.0,1.0
7610,840-14-13,2001,1.0,0.0
7610,840-14-13,2002,1.0,1.0
7610,840-14-13,2004,1.0,0.0
7610,840-14-13,2006,1.0,0.0
7610,840-14-13,2007,1.0,1.0
7610,840-14-13,2008,1.0,1.0
7610,840-14-13,2014,1.0,1.0
7610,840-14-13,2016,1.0,1.0
7610,840-14-13,2017,1.0,1.0
7610,840-14-13,2018,1.0,1.0
7610,840-14-13,2019,1.0,1.0
7610,840-14-13,2022,1.0,1.0
7610,840-14-138,2003,1.0,0.0
7610,840-14-138,2004,1.0,1.0
7610,840-14-138,2010,1.0,1.0
7610,840-14-138,2014,1.0,0.0
7610,840-14-14,1998,1.0,1.0
7610,840-14-14,2001,1.0,1.0
7610,840-14-14,2002,1.0,1.0
7610,840-14-14,2003,1.0,1.0
7610,840-14-14,2004,1.0,1.0
7610,840-14-14,2007,1.0,1.0
7610,840-14-14,2009,1.0,1.0
7610,840-14-14,2013,1.0,1.0
7610,840-14-148,2000,1.0,1.0
7610,840-14-148,2002,1.0,0.0
7610,840-14-148,2004,1.0,1.0
7610,840-14-148,2007,1.0,1.0
7610,840-14-148,2019,1.0,1.0
7610,840-14-151,2001,1.0,1.0
7610,840-14-151,2008,1.0,0.0
7610,840-14-151,2019,1.0,1.0
7610,840-14-153,2001,1.0,1.0
7610,840-14-153,2002,1.0,1.0
7610,840-14-153,2003,1.0,1.0
7610,840-14-153,2004,1.0,1.0
7610,840-14-153,2006,1.0,1.0
7610,840-14-153,2007,1.0,1.0
7610,840-14-153,2008,1.0,1.0
7610,840-14-153,2014,1.0,1.0
7610,840-14-153,2016,1.0,1.0
7610,840-14-153,2017,1.0,1.0
7610,840-14-153,2018,1.0,1.0
7610,840-14-153,2019,1.0,1.0
7610,840-14-153,2022,1.0,1.0
7610,840-14-154,2002,1.0,0.0
7610,840-14-154,2003,1.0,1.0
7610,840-14-154,2004,1.0,1.0
7610,840-14-154,2014,1.0,1.0
7610,840-14-154,2016,1.0,1.0
7610,840-14-154,2017,1.0,1.0
7610,840-14-154,2018,1.0,1.0
7610,840-14-154,2022,1.0,1.0
7610,840-14-155,2003,1.0,1.0
7610,840-14-155,2004,1.0,1.0
7610,840-14-155,2007,1.0,1.0
7610,840-14-155,2018,1.0,1.0
7610,840-14-156,2002,1.0,1.0
7610,840-14-156,2003,1.0,1.0
7610,840-14-156,2004,1.0,1.0
7610,840-14-156,2006,1.0,1.0
7610,840-14-156,2007,1.0,1.0
7610,840-14-156,2008,1.0,1.0
7610,840-14-156,2018,1.0,1.0
7610,840-14-156,2019,1.0,1.0
7610,840-14-158,2003,1.0,0.0
7610,840-14-158,2007,1.0,1.0
7610,840-14-158,2008,1.0,1.0
7610,840-14-158,2016,1.0,1.0
7610,840-14-158,2019,1.0,0.0
7610,840-14-159,2003,1.0,1.0
7610,840-14-159,2006,1.0,1.0
7610,840-14-159,2012,1.0,1.0
7610,840-14-16,2012,1.0,0.0
7610,840-14-16,2019,1.0,0.0
7610,840-14-160,2002,1.0,0.0
7610,840-14-160,2003,1.0,1.0
7610,840-14-160,2004,1.0,1.0
7610,840-14-160,2008,1.0,1.0
7610,840-14-160,2013,1.0,1.0
7610,840-14-160,2016,1.0,1.0
7610,840-14-160,2018,1.0,1.0
7610,840-14-160,2023,1.0,0.0
7610,840-14-162,2002,1.0,0.0
7610,840-14-162,2004,1.0,0.0
7610,840-14-162,2013,1.0,0.0
7610,840-14-162,2016,1.0,0.0
7610,840-14-164,2001,1.0,1.0
7610,840-14-164,2007,1.0,1.0
7610,840-14-164,2009,1.0,1.0
7610,840-14-165,2001,1.0,1.0
7610,840-14-165,2008,1.0,0.0
7610,840-14-165,2018,1.0,1.0
7610,840-14-165,2019,1.0,1.0
7610,840-14-165,2022,1.0,1.0
7610,840-14-166,2007,1.0,1.0
7610,840-14-166,2016,1.0,1.0
7610,840-14-166,2017,1.0,1.0
7610,840-14-166,2018,1.0,1.0
7610,840-14-166,2019,1.0,1.0
7610,840-14-168,2007,1.0,1.0
7610,840-14-168,2016,1.0,1.0
7610,840-14-168,2017,1.0,1.0
7610,840-14-168,2018,1.0,1.0
7610,840-14-168,2019,1.0,1.0
7610,840-14-173,2003,1.0,0.0
7610,840-14-175,2002,1.0,1.0
7610,840-14-175,2007,1.0,1.0
7610,840-14-175,2016,1.0,1.0
7610,840-14-175,2017,1.0,1.0
7610,840-14-175,2019,1.0,1.0
7610,840-14-176,2002,1.0,1.0
7610,840-14-176,2004,1.0,1.0
7610,840-14-176,2006,1.0,1.0
7610,840-14-176,2007,1.0,1.0
7610,840-14-176,2013,1.0,1.0
7610,840-14-176,2014,1.0,1.0
7610,840-14-176,2016,1.0,1.0
7610,840-14-176,2017,1.0,1.0
7610,840-14-176,2018,1.0,1.0
7610,840-14-177,2002,1.0,1.0
7610,840-14-177,2013,1.0,1.0
7610,840-14-177,2014,1.0,1.0
7610,840-14-177,2017,1.0,1.0
7610,840-14-177,2018,1.0,1.0
7610,840-14-179,2000,1.0,1.0
7610,840-14-179,2001,1.0,1.0
7610,840-14-179,2002,1.0,1.0
7610,840-14-179,2006,1.0,1.0
7610,840-14-179,2007,1.0,1.0
7610,840-14-179,2008,1.0,1.0
7610,840-14-179,2016,1.0,1.0
7610,840-14-179,2019,1.0,1.0
7610,840-14-179,2022,1.0,1.0
7610,840-14-18,2001,1.0,1.0
7610,840-14-18,2002,1.0,1.0
7610,840-14-18,2003,1.0,1.0
7610,840-14-18,2004,1.0,1.0
7610,840-14-18,2006,1.0,1.0
7610,840-14-18,2007,1.0,1.0
7610,840-14-18,2008,1.0,1.0
7610,840-14-18,2014,1.0,1.0
7610,840-14-18,2018,1.0,1.0
7610,840-14-18,2019,1.0,1.0
7610,840-14-181,2001,1.0,1.0
7610,840-14-181,2007,1.0,1.0
7610,840-14-181,2008,1.0,1.0
7610,840-14-181,2016,1.0,1.0
7610,840-14-181,2018,1.0,1.0
7610,840-14-181,2019,1.0,1.0
7610,840-14-182,1998,1.0,1.0
7610,840-14-182,2002,1.0,0.0
7610,840-14-182,2003,1.0,1.0
7610,840-14-182,2004,1.0,1.0
7610,840-14-182,2008,1.0,1.0
7610,840-14-182,2009,1.0,1.0
7610,840-14-182,2013,1.0,1.0
7610,840-14-182,2016,1.0,1.0
7610,840-14-182,2017,1.0,1.0
7610,840-14-182,2018,1.0,1.0
7610,840-14-182,2022,1.0,1.0
7610,840-14-182,2023,1.0,1.0
7610,840-14-184,2002,1.0,1.0
7610,840-14-184,2003,1.0,1.0
7610,840-14-184,2004,1.0,1.0
7610,840-14-184,2006,1.0,1.0
7610,840-14-184,2007,1.0,1.0
7610,840-14-184,2018,1.0,0.0
7610,840-14-185,2001,1.0,1.0
7610,840-14-185,2002,1.0,1.0
7610,840-14-185,2003,1.0,1.0
7610,840-14-185,2007,1.0,1.0
7610,840-14-185,2008,1.0,1.0
7610,840-14-185,2016,1.0,1.0
7610,840-14-185,2018,1.0,0.0
7610,840-14-185,2019,1.0,1.0
7610,840-14-185,2022,1.0,1.0
7610,840-14-186,2002,1.0,1.0
7610,840-14-186,2004,1.0,1.0
7610,840-14-186,2007,1.0,1.0
7610,840-14-186,2017,1.0,1.0
7610,840-14-186,2019,1.0,1.0
7610,840-14-188,2001,1.0,1.0
7610,840-14-188,2002,1.0,1.0
7610,840-14-188,2003,1.0,1.0
7610,840-14-188,2004,1.0,1.0
7610,840-14-188,2007,1.0,1.0
7610,840-14-188,2008,1.0,1.0
7610,840-14-188,2016,1.0,1.0
7610,840-14-188,2017,1.0,1.0
7610,840-14-188,2018,1.0,1.0
7610,840-14-188,2019,1.0,1.0
7610,840-14-188,2022,1.0,1.0
7610,840-14-189,2003,1.0,1.0
7610,840-14-189,2004,1.0,1.0
7610,840-14-189,2007,1.0,1.0
7610,840-14-189,2016,1.0,1.0
7610,840-14-189,2017,1.0,1.0
7610,840-14-189,2018,1.0,1.0
7610,840-14-189,2019,1.0,1.0
7610,840-14-190,2002,1.0,0.0
7610,840-14-190,2003,1.0,1.0
7610,840-14-190,2004,1.0,1.0
7610,840-14-191,2002,1.0,0.0
7610,840-14-191,2003,1.0,1.0
7610,840-14-193,2001,1.0,1.0
7610,840-14-193,2002,1.0,1.0
7610,840-14-193,2003,1.0,1.0
7610,840-14-193,2004,1.0,1.0
7610,840-14-193,2006,1.0,1.0
7610,840-14-193,2008,1.0,1.0
7610,840-14-193,2009,1.0,1.0
7610,840-14-193,2013,1.0,1.0
7610,840-14-193,2016,1.0,1.0
7610,840-14-193,2017,1.0,1.0
7610,840-14-193,2018,1.0,1.0
7610,840-14-194,2003,1.0,1.0
7610,840-14-194,2006,1.0,1.0
7610,840-14-194,2008,1.0,1.0
7610,840-14-194,2014,1.0,1.0
7610,840-14-194,2017,1.0,1.0
7610,840-14-194,2018,1.0,1.0
7610,840-14-195,2008,1.0,1.0
7610,840-14-195,2017,1.0,1.0
7610,840-14-195,2019,1.0,0.0
7610,840-14-198,2002,1.0,1.0
7610,840-14-198,2007,1.0,1.0
7610,840-14-198,2016,1.0,1.0
7610,840-14-198,2019,1.0,1.0
7610,840-14-199,2002,1.0,0.0
7610,840-14-199,2004,1.0,1.0
7610,840-14-199,2007,1.0,1.0
7610,840-14-199,2016,1.0,1.0
7610,840-14-199,2017,1.0,1.0
7610,840-14-199,2019,1.0,1.0
7610,840-14-201,2002,1.0,1.0
7610,840-14-201,2003,1.0,1.0
7610,840-14-201,2004,1.0,1.0
7610,840-14-201,2006,1.0,1.0
7610,840-14-201,2007,1.0,1.0
7610,840-14-201,2013,1.0,1.0
7610,840-14-201,2016,1.0,1.0
7610,840-14-201,2017,1.0,1.0
7610,840-14-201,2018,1.0,1.0
7610,840-14-205,2001,1.0,1.0
7610,840-14-205,2003,1.0,1.0
7610,840-14-205,2004,1.0,1.0
7610,840-14-205,2006,1.0,1.0
7610,840-14-205,2007,1.0,1.0
7610,840-14-205,2008,1.0,1.0
7610,840-14-205,2014,1.0,0.0
7610,840-14-21,2002,1.0,1.0
7610,840-14-21,2003,1.0,1.0
7610,840-14-21,2004,1.0,1.0
7610,840-14-21,2006,1.0,1.0
7610,840-14-21,2007,1.0,1.0
7610,840-14-21,2018,1.0,1.0
7610,840-14-21,2019,1.0,1.0
7610,840-14-221,2007,1.0,1.0
7610,840-14-221,2013,1.0,1.0
7610,840-14-221,2014,1.0,1.0
7610,840-14-221,2018,1.0,1.0
7610,840-14-226,2007,1.0,1.0
7610,840-14-226,2013,1.0,1.0
7610,840-14-3,2002,1.0,1.0
7610,840-14-3,2003,1.0,1.0
7610,840-14-3,2004,1.0,1.0
7610,840-14-3,2007,1.0,1.0
7610,840-14-3,2013,1.0,1.0
7610,840-14-3,2014,1.0,1.0
7610,840-14-3,2016,1.0,1.0
7610,840-14-3,2017,1.0,1.0
7610,840-14-3,2018,1.0,1.0
7610,840-14-308,2002,1.0,1.0
7610,840-14-308,2003,1.0,1.0
7610,840-14-308,2004,1.0,1.0
7610,840-14-308,2007,1.0,1.0
7610,840-14-308,2008,1.0,1.0
7610,840-14-308,2013,1.0,1.0
7610,840-14-308,2016,1.0,0.0
7610,840-14-308,2018,1.0,0.0
7610,840-14-308,2019,1.0,1.0
7610,840-14-319,2001,1.0,0.0
7610,840-14-319,2003,1.0,1.0
7610,840-14-319,2004,1.0,1.0
7610,840-14-319,2005,1.0,1.0
7610,840-14-319,2006,1.0,1.0
7610,840-14-319,2013,1.0,1.0
7610,840-14-319,2014,1.0,1.0
7610,840-14-319,2017,1.0,0.0
7610,840-14-319,2018,1.0,1.0
7610,840-14-319,2022,1.0,0.0
7610,840-14-319,2023,1.0,1.0
7610,840-14-32,2006,1.0,0.0
7610,840-14-32,2008,1.0,1.0
7610,840-14-32,2013,1.0,1.0
7610,840-14-32,2014,1.0,1.0
7610,840-14-32,2018,1.0,0.0
7610,840-14-32,2019,1.0,1.0
7610,840-14-33,2003,1.0,1.0
7610,840-14-406,2004,1.0,1.0
7610,840-14-406,2007,1.0,1.0
7610,840-14-406,2016,1.0,1.0
7610,840-14-406,2017,1.0,1.0
7610,840-14-406,2018,1.0,1.0
7610,840-14-406,2019,1.0,1.0
7610,840-14-407,2002,1.0,0.0
7610,840-14-407,2007,1.0,1.0
7610,840-14-407,2014,1.0,1.0
7610,840-14-407,2016,1.0,1.0
7610,840-14-407,2017,1.0,1.0
7610,840-14-407,2018,1.0,1.0
7610,840-14-407,2019,1.0,1.0
7610,840-14-408,2001,1.0,0.0
7610,840-14-408,2018,1.0,1.0
7610,840-14-408,2019,1.0,1.0
7610,840-14-408,2022,1.0,1.0
7610,840-14-409,2001,1.0,1.0
7610,840-14-409,2007,1.0,0.0
7610,840-14-409,2008,1.0,1.0
7610,840-14-409,2009,1.0,1.0
7610,840-14-414,2001,1.0,1.0
7610,840-14-414,2008,1.0,1.0
7610,840-14-415,2001,1.0,1.0
7610,840-14-415,2003,1.0,0.0
7610,840-14-415,2004,1.0,1.0
7610,840-14-415,2007,1.0,0.0
7610,840-14-415,2008,1.0,1.0
7610,840-14-415,2016,1.0,1.0
7610,840-14-415,2017,1.0,1.0
7610,840-14-415,2018,1.0,1.0
7610,840-14-415,2019,1.0,1.0
7610,840-14-415,2022,1.0,1.0
7610,840-14-417,2001,1.0,1.0
7610,840-14-417,2002,1.0,1.0
7610,840-14-417,2004,1.0,1.0
7610,840-14-417,2007,1.0,1.0
7610,840-14-417,2008,1.0,1.0
7610,840-14-417,2014,1.0,1.0
7610,840-14-417,2016,1.0,1.0
7610,840-14-417,2018,1.0,0.0
7610,840-14-417,2019,1.0,1.0
7610,840-14-417,2022,1.0,1.0
7610,840-14-418,2001,1.0,1.0
7610,840-14-418,2002,1.0,1.0
7610,840-14-418,2004,1.0,0.0
7610,840-14-418,2007,1.0,0.0
7610,840-14-418,2008,1.0,1.0
7610,840-14-418,2014,1.0,1.0
7610,840-14-418,2016,1.0,1.0
7610,840-14-418,2017,1.0,1.0
7610,840-14-418,2018,1.0,1.0
7610,840-14-418,2019,1.0,1.0
7610,840-14-418,2022,1.0,1.0
7610,840-14-419,2002,1.0,1.0
7610,840-14-419,2003,1.0,1.0
7610,840-14-419,2004,1.0,1.0
7610,840-14-419,2007,1.0,1.0
7610,840-14-419,2017,1.0,1.0
7610,840-14-419,2018,1.0,1.0
7610,840-14-419,2019,1.0,1.0
7610,840-14-420,2001,1.0,1.0
7610,840-14-420,2002,1.0,1.0
7610,840-14-420,2004,1.0,0.0
7610,840-14-420,2007,1.0,1.0
7610,840-14-420,2016,1.0,0.0
7610,840-14-420,2017,1.0,1.0
7610,840-14-420,2018,1.0,1.0
7610,840-14-420,2019,1.0,1.0
7610,840-14-421,2002,1.0,1.0
7610,840-14-421,2003,1.0,1.0
7610,840-14-421,2004,1.0,1.0
7610,840-14-421,2006,1.0,1.0
7610,840-14-421,2007,1.0,1.0
7610,840-14-421,2008,1.0,1.0
7610,840-14-421,2018,1.0,0.0
7610,840-14-421,2019,1.0,1.0
7610,840-14-422,2002,1.0,1.0
7610,840-14-422,2003,1.0,1.0
7610,840-14-422,2004,1.0,1.0
7610,840-14-422,2006,1.0,1.0
7610,840-14-422,2007,1.0,1.0
7610,840-14-422,2019,1.0,0.0
7610,840-14-423,2001,1.0,1.0
7610,840-14-423,2003,1.0,1.0
7610,840-14-423,2004,1.0,1.0
7610,840-14-423,2007,1.0,1.0
7610,840-14-423,2008,1.0,1.0
7610,840-14-426,2000,1.0,1.0
7610,840-14-426,2003,1.0,0.0
7610,840-14-426,2014,1.0,1.0
7610,840-14-426,2016,1.0,1.0
7610,840-14-426,2017,1.0,1.0
7610,840-14-426,2018,1.0,1.0
7610,840-14-426,2022,1.0,1.0
7610,840-14-434,2001,1.0,1.0
7610,840-14-434,2002,1.0,1.0
7610,840-14-434,2003,1.0,1.0
7610,840-14-434,2004,1.0,1.0
7610,840-14-434,2006,1.0,1.0
7610,840-14-434,2007,1.0,1.0
7610,840-14-434,2008,1.0,1.0
7610,840-14-434,2014,1.0,1.0
7610,840-14-434,2018,1.0,1.0
7610,840-14-434,2019,1.0,1.0
7610,840-14-435,2002,1.0,1.0
7610,840-14-435,2004,1.0,1.0
7610,840-14-435,2008,1.0,1.0
7610,840-14-435,2017,1.0,1.0
7610,840-14-435,2018,1.0,1.0
7610,840-14-435,2022,1.0,1.0
7610,840-14-435,2023,1.0,1.0
7610,840-14-436,2001,1.0,1.0
7610,840-14-436,2007,1.0,1.0
7610,840-14-436,2008,1.0,1.0
7610,840-14-436,2016,1.0,1.0
7610,840-14-436,2018,1.0,1.0
7610,840-14-436,2019,1.0,1.0
7610,840-14-47,2013,1.0,1.0
7610,840-14-51,2013,1.0,0.0
7610,840-14-54,2002,1.0,1.0
7610,840-14-54,2003,1.0,1.0
7610,840-14-54,2004,1.0,1.0
7610,840-14-54,2012,1.0,1.0
7610,840-14-6,2002,1.0,1.0
7610,840-14-6,2008,1.0,1.0
7610,840-14-6,2017,1.0,1.0
7610,840-14-6,2018,1.0,1.0
7610,840-14-6,2022,1.0,1.0
7610,840-14-7,2002,1.0,0.0
7610,840-14-7,2003,1.0,1.0
7610,840-14-7,2007,1.0,1.0
7610,840-14-7,2016,1.0,1.0
7610,840-14-7,2019,1.0,1.0
7610,840-14-7,2022,1.0,1.0
7610,840-14-7,2023,1.0,1.0
7610,840-14-71,2000,1.0,1.0
7610,840-14-71,2001,1.0,1.0
7610,840-14-71,2003,1.0,1.0
7610,840-14-71,2004,1.0,1.0
7610,840-14-71,2005,1.0,1.0
7610,840-14-71,2006,1.0,1.0
7610,840-14-71,2009,1.0,1.0
7610,840-14-71,2010,1.0,1.0
7610,840-14-71,2013,1.0,1.0
7610,840-14-71,2014,1.0,1.0
7610,840-14-71,2015,1.0,1.0
7610,840-14-71,2016,1.0,1.0
7610,840-14-71,2017,1.0,1.0
7610,840-14-71,2018,1.0,1.0
7610,840-14-71,2022,1.0,1.0
7610,840-14-78,2007,1.0,1.0
7610,840-14-78,2008,1.0,1.0
7610,840-14-78,2016,1.0,1.0
7610,840-14-78,2018,1.0,1.0
7610,840-14-78,2019,1.0,1.0
7610,840-14-78,2022,1.0,1.0
7610,840-14-79,2000,1.0,1.0
7610,840-14-79,2013,1.0,1.0
7610,840-14-79,2016,1.0,1.0
7610,840-14-79,2017,1.0,1.0
7610,840-14-79,2022,1.0,1.0
7610,840-14-80,2000,1.0,1.0
7610,840-14-80,2001,1.0,1.0
7610,840-14-80,2002,1.0,1.0
7610,840-14-80,2006,1.0,1.0
7610,840-14-80,2007,1.0,1.0
7610,840-14-80,2008,1.0,1.0
7610,840-14-80,2019,1.0,1.0
7610,840-14-80,2022,1.0,0.0
7610,840-14-82,2001,1.0,1.0
7610,840-14-82,2002,1.0,1.0
7610,840-14-82,2003,1.0,1.0
7610,840-14-82,2004,1.0,1.0
7610,840-14-82,2007,1.0,1.0
7610,840-14-82,2008,1.0,1.0
7610,840-14-82,2014,1.0,1.0
7610,840-14-82,2016,1.0,1.0
7610,840-14-82,2018,1.0,0.0
7610,840-14-82,2019,1.0,1.0
7610,840-14-82,2022,1.0,1.0
7610,840-14-9,2002,1.0,0.0
7610,840-14-9,2006,1.0,1.0
7610,840-14-9,2007,1.0,1.0
7610,840-14-9,2013,1.0,1.0
7610,840-14-9,2014,1.0,1.0
7610,840-14-9,2016,1.0,1.0
7610,840-14-9,2017,1.0,1.0
7610,840-14-9,2018,1.0,1.0
7610,840-14-95,2002,1.0,0.0
7610,840-14-95,2003,1.0,1.0
7610,840-14-95,2004,1.0,1.0
7610,840-14-95,2006,1.0,1.0
7610,840-14-95,2007,1.0,1.0
7610,840-14-95,2008,1.0,1.0
7610,840-14-95,2014,1.0,0.0
7610,840-14-95,2016,1.0,1.0
7610,840-14-95,2018,1.0,1.0
7610,840-14-95,2019,1.0,1.0
7610,840-14-96,2001,1.0,1.0
7610,840-14-96,2006,1.0,1.0
7610,840-14-96,2007,1.0,1.0
7610,840-14-96,2008,1.0,1.0
7610,840-14-96,2016,1.0,1.0
7610,840-14-96,2022,1.0,1.0
7610,840-14-98,2002,1.0,1.0
7610,840-14-98,2003,1.0,1.0
7610,840-14-98,2004,1.0,1.0
7610,840-14-98,2006,1.0,1.0
7610,840-14-98,2007,1.0,1.0
7610,840-14-98,2016,1.0,1.0
7610,840-14-98,2018,1.0,1.0
7610,840-17-1,2000,1.0,1.0
7610,840-17-1,2022,1.0,1.0
7610,840-17-10,2000,1.0,0.0
7610,840-17-10,2001,1.0,1.0
7610,840-17-10,2010,1.0,1.0
7610,840-17-10,2017,1.0,1.0
7610,840-17-10,2022,1.0,1.0
7610,840-17-11,2000,1.0,1.0
7610,840-17-11,2008,1.0,1.0
7610,840-17-11,2015,1.0,1.0
7610,840-17-12,2000,1.0,1.0
7610,840-17-12,2007,1.0,1.0
7610,840-17-12,2011,1.0,0.0
7610,840-17-12,2015,1.0,0.0
7610,840-17-125,2005,1.0,0.0
7610,840-17-13,1998,1.0,0.0
7610,840-17-13,2004,1.0,1.0
7610,840-17-14,2005,1.0,1.0
7610,840-17-14,2007,1.0,1.0
7610,840-17-14,2008,1.0,1.0
7610,840-17-14,2011,1.0,1.0
7610,840-17-14,2019,1.0,0.0
7610,840-17-15,2000,1.0,0.0
7610,840-17-15,2015,1.0,1.0
7610,840-17-153,2000,1.0,1.0
7610,840-17-153,2007,1.0,0.0
7610,840-17-153,2015,1.0,1.0
7610,840-17-153,2022,1.0,1.0
7610,840-17-154,2000,1.0,1.0
7610,840-17-154,2007,1.0,1.0
7610,840-17-154,2011,1.0,0.0
7610,840-17-154,2015,1.0,0.0
7610,840-17-16,2004,1.0,1.0
7610,840-17-16,2010,1.0,0.0
7610,840-17-16,2014,1.0,0.0
7610,840-17-17,2000,1.0,1.0
7610,840-17-17,2001,1.0,1.0
7610,840-17-17,2007,1.0,1.0
7610,840-17-17,2010,1.0,1.0
7610,840-17-17,2022,1.0,1.0
7610,840-17-19,2001,1.0,0.0
7610,840-17-19,2010,1.0,1.0
7610,840-17-19,2011,1.0,1.0
7610,840-17-19,2017,1.0,1.0
7610,840-17-19,2022,1.0,1.0
7610,840-17-2,2004,1.0,1.0
7610,840-17-2,2010,1.0,0.0
7610,840-17-2,2014,1.0,1.0
7610,840-17-202,2000,1.0,1.0
7610,840-17-202,2010,1.0,1.0
7610,840-17-202,2022,1.0,1.0
7610,840-17-203,2000,1.0,1.0
7610,840-17-203,2010,1.0,1.0
7610,840-17-204,2007,1.0,1.0
7610,840-17-205,2001,1.0,1.0
7610,840-17-205,2007,1.0,1.0
7610,840-17-205,2015,1.0,1.0
7610,840-17-205,2017,1.0,1.0
7610,840-17-206,2010,1.0,0.0
7610,840-17-206,2017,1.0,1.0
7610,840-17-207,2000,1.0,1.0
7610,840-17-207,2005,1.0,1.0
7610,840-17-207,2010,1.0,1.0
7610,840-17-207,2011,1.0,1.0
7610,840-17-207,2015,1.0,1.0
7610,840-17-208,2000,1.0,1.0
7610,840-17-208,2001,1.0,1.0
7610,840-17-208,2022,1.0,1.0
7610,840-17-209,2000,1.0,1.0
7610,840-17-209,2001,1.0,1.0
7610,840-17-209,2010,1.0,1.0
7610,840-17-211,2007,1.0,1.0
7610,840-17-211,2010,1.0,1.0
7610,840-17-211,2011,1.0,1.0
7610,840-17-211,2015,1.0,1.0
7610,840-17-213,2001,1.0,1.0
7610,840-17-213,2010,1.0,1.0
7610,840-17-213,2017,1.0,1.0
7610,840-17-214,2005,1.0,1.0
7610,840-17-214,2007,1.0,1.0
7610,840-17-214,2008,1.0,1.0
7610,840-17-215,2000,1.0,1.0
7610,840-17-215,2001,1.0,1.0
7610,840-17-215,2007,1.0,1.0
7610,840-17-215,2015,1.0,1.0
7610,840-17-215,2022,1.0,1.0
7610,840-17-216,2004,1.0,1.0
7610,840-17-216,2010,1.0,1.0
7610,840-17-216,2014,1.0,1.0
7610,840-17-217,2000,1.0,1.0
7610,840-17-217,2001,1.0,1.0
7610,840-17-217,2007,1.0,0.0
7610,840-17-217,2011,1.0,1.0
7610,840-17-217,2022,1.0,1.0
7610,840-17-218,2000,1.0,1.0
7610,840-17-218,2005,1.0,1.0
7610,840-17-218,2008,1.0,1.0
7610,840-17-218,2014,1.0,0.0
7610,840-17-218,2015,1.0,1.0
7610,840-17-221,2000,1.0,1.0
7610,840-17-221,2005,1.0,0.0
7610,840-17-221,2017,1.0,0.0
7610,840-17-222,2004,1.0,1.0
7610,840-17-222,2010,1.0,1.0
7610,840-17-222,2014,1.0,1.0
7610,840-17-222,2015,1.0,1.0
7610,840-17-223,2000,1.0,1.0
7610,840-17-223,2001,1.0,1.0
7610,840-17-223,2007,1.0,0.0
7610,840-17-223,2010,1.0,1.0
7610,840-17-223,2014,1.0,1.0
7610,840-17-223,2015,1.0,1.0
7610,840-17-223,2022,1.0,1.0
7610,840-17-225,2017,1.0,0.0
7610,840-17-225,2022,1.0,0.0
7610,840-17-228,2012,1.0,0.0
7610,840-17-23,2000,1.0,1.0
7610,840-17-23,2001,1.0,1.0
7610,840-17-23,2007,1.0,0.0
7610,840-17-23,2010,1.0,1.0
7610,840-17-23,2014,1.0,1.0
7610,840-17-23,2015,1.0,1.0
7610,840-17-3,2000,1.0,1.0
7610,840-17-3,2010,1.0,1.0
7610,840-17-3,2022,1.0,1.0
7610,840-17-301,2000,1.0,1.0
7610,840-17-301,2001,1.0,1.0
7610,840-17-301,2022,1.0,1.0
7610,840-17-302,2000,1.0,1.0
7610,840-17-302,2001,1.0,1.0
7610,840-17-302,2004,1.0,1.0
7610,840-17-302,2010,1.0,1.0
7610,840-17-302,2022,1.0,1.0
7610,840-17-303,2001,1.0,1.0
7610,840-17-303,2007,1.0,1.0
7610,840-17-303,2017,1.0,1.0
7610,840-17-303,2022,1.0,1.0
7610,840-17-304,2000,1.0,1.0
7610,840-17-304,2010,1.0,1.0
7610,840-17-305,2001,1.0,1.0
7610,840-17-305,2007,1.0,1.0
7610,840-17-305,2015,1.0,1.0
7610,840-17-305,2017,1.0,1.0
7610,840-17-306,2000,1.0,1.0
7610,840-17-306,2007,1.0,1.0
7610,840-17-306,2010,1.0,1.0
7610,840-17-306,2011,1.0,1.0
7610,840-17-307,2007,1.0,0.0
7610,840-17-307,2010,1.0,1.0
7610,840-17-307,2011,1.0,1.0
7610,840-17-307,2019,1.0,1.0
7610,840-17-308,2004,1.0,1.0
7610,840-17-308,2010,1.0,1.0
7610,840-17-309,2000,1.0,1.0
7610,840-17-309,2001,1.0,1.0
7610,840-17-309,2010,1.0,1.0
7610,840-17-31,2000,1.0,1.0
7610,840-17-31,2001,1.0,1.0
7610,840-17-31,2004,1.0,1.0
7610,840-17-31,2010,1.0,1.0
7610,840-17-31,2022,1.0,1.0
7610,840-17-312,2000,1.0,1.0
7610,840-17-312,2007,1.0,1.0
7610,840-17-312,2011,1.0,1.0
7610,840-17-312,2015,1.0,1.0
7610,840-17-313,2000,1.0,0.0
7610,840-17-313,2005,1.0,1.0
7610,840-17-313,2007,1.0,1.0
7610,840-17-313,2008,1.0,1.0
7610,840-17-314,2008,1.0,1.0
7610,840-17-314,2014,1.0,1.0
7610,840-17-314,2017,1.0,1.0
7610,840-17-315,2000,1.0,1.0
7610,840-17-315,2001,1.0,1.0
7610,840-17-315,2004,1.0,1.0
7610,840-17-315,2007,1.0,1.0
7610,840-17-316,2000,1.0,1.0
7610,840-17-316,2001,1.0,1.0
7610,840-17-316,2004,1.0,1.0
7610,840-17-316,2014,1.0,0.0
7610,840-17-317,2000,1.0,1.0
7610,840-17-317,2001,1.0,1.0
7610,840-17-317,2010,1.0,0.0
7610,840-17-317,2011,1.0,1.0
7610,840-17-318,2000,1.0,1.0
7610,840-17-318,2001,1.0,1.0
7610,840-17-318,2007,1.0,1.0
7610,840-17-318,2011,1.0,1.0
7610,840-17-318,2015,1.0,1.0
7610,840-17-318,2022,1.0,1.0
7610,840-17-319,2008,1.0,1.0
7610,840-17-319,2014,1.0,1.0
7610,840-17-319,2015,1.0,1.0
7610,840-17-319,2017,1.0,1.0
7610,840-17-319,2022,1.0,1.0
7610,840-17-32,2000,1.0,1.0
7610,840-17-32,2004,1.0,1.0
7610,840-17-32,2010,1.0,1.0
7610,840-17-32,2022,1.0,1.0
7610,840-17-322,2000,1.0,1.0
7610,840-17-322,2004,1.0,1.0
7610,840-17-322,2010,1.0,1.0
7610,840-17-322,2014,1.0,1.0
7610,840-17-326,2000,1.0,0.0
7610,840-17-326,2008,1.0,1.0
7610,840-17-326,2014,1.0,1.0
7610,840-17-326,2015,1.0,1.0
7610,840-17-33,2000,1.0,1.0
7610,840-17-33,2022,1.0,1.0
7610,840-17-34,2000,1.0,1.0
7610,840-17-34,2017,1.0,1.0
7610,840-17-34,2022,1.0,0.0
7610,840-17-35,2000,1.0,1.0
7610,840-17-35,2008,1.0,1.0
7610,840-17-35,2010,1.0,1.0
7610,840-17-35,2011,1.0,1.0
7610,840-17-351,2000,1.0,1.0
7610,840-17-351,2001,1.0,1.0
7610,840-17-351,2022,1.0,1.0
7610,840-17-352,2010,1.0,1.0
7610,840-17-352,2022,1.0,1.0
7610,840-17-359,2000,1.0,1.0
7610,840-17-359,2001,1.0,1.0
7610,840-17-359,2017,1.0,1.0
7610,840-17-36,2010,1.0,1.0
7610,840-17-36,2019,1.0,0.0
7610,840-17-362,2001,1.0,1.0
7610,840-17-362,2010,1.0,0.0
7610,840-17-362,2011,1.0,1.0
7610,840-17-362,2017,1.0,1.0
7610,840-17-362,2022,1.0,1.0
7610,840-17-365,2001,1.0,0.0
7610,840-17-365,2007,1.0,1.0
7610,840-17-365,2015,1.0,1.0
7610,840-17-365,2022,1.0,1.0
7610,840-17-366,2000,1.0,1.0
7610,840-17-366,2001,1.0,1.0
7610,840-17-366,2007,1.0,1.0
7610,840-17-366,2010,1.0,0.0
7610,840-17-366,2015,1.0,0.0
7610,840-17-367,2000,1.0,1.0
7610,840-17-367,2001,1.0,1.0
7610,840-17-367,2007,1.0,1.0
7610,840-17-367,2010,1.0,1.0
7610,840-17-367,2015,1.0,1.0
7610,840-17-367,2022,1.0,1.0
7610,840-17-368,2000,1.0,1.0
7610,840-17-368,2001,1.0,1.0
7610,840-17-368,2010,1.0,1.0
7610,840-17-37,2000,1.0,1.0
7610,840-17-37,2005,1.0,1.0
7610,840-17-37,2011,1.0,1.0
7610,840-17-37,2015,1.0,1.0
7610,840-17-372,2000,1.0,1.0
7610,840-17-372,2001,1.0,1.0
7610,840-17-372,2007,1.0,1.0
7610,840-17-372,2010,1.0,1.0
7610,840-17-372,2015,1.0,1.0
7610,840-17-372,2022,1.0,1.0
7610,840-17-373,2001,1.0,0.0
7610,840-17-373,2007,1.0,1.0
7610,840-17-373,2015,1.0,0.0
7610,840-17-373,2022,1.0,1.0
7610,840-17-375,2000,1.0,1.0
7610,840-17-375,2014,1.0,1.0
7610,840-17-375,2015,1.0,1.0
7610,840-17-375,2017,1.0,0.0
7610,840-17-375,2022,1.0,1.0
7610,840-17-39,2007,1.0,1.0
7610,840-17-39,2015,1.0,1.0
7610,840-17-39,2017,1.0,1.0
7610,840-17-4,2000,1.0,1.0
7610,840-17-4,2010,1.0,1.0
7610,840-17-4,2011,1.0,1.0
7610,840-17-40,2000,1.0,1.0
7610,840-17-40,2001,1.0,1.0
7610,840-17-40,2007,1.0,1.0
7610,840-17-40,2010,1.0,1.0
7610,840-17-40,2022,1.0,1.0
7610,840-17-41,2000,1.0,0.0
7610,840-17-41,2007,1.0,1.0
7610,840-17-41,2010,1.0,1.0
7610,840-17-41,2011,1.0,1.0
7610,840-17-41,2015,1.0,1.0
7610,840-17-41,2022,1.0,1.0
7610,840-17-410,2001,1.0,0.0
7610,840-17-410,2007,1.0,1.0
7610,840-17-410,2010,1.0,1.0
7610,840-17-410,2015,1.0,1.0
7610,840-17-410,2022,1.0,1.0
7610,840-17-412,2007,1.0,1.0
7610,840-17-412,2010,1.0,1.0
7610,840-17-412,2015,1.0,1.0
7610,840-17-419,2001,1.0,0.0
7610,840-17-419,2008,1.0,1.0
7610,840-17-419,2014,1.0,1.0
7610,840-17-419,2015,1.0,1.0
7610,840-17-419,2017,1.0,1.0
7610,840-17-419,2022,1.0,0.0
7610,840-17-42,2000,1.0,1.0
7610,840-17-42,2007,1.0,1.0
7610,840-17-42,2010,1.0,1.0
7610,840-17-42,2011,1.0,1.0
7610,840-17-42,2015,1.0,0.0
7610,840-17-43,2005,1.0,0.0
7610,840-17-43,2007,1.0,0.0
7610,840-17-43,2008,1.0,1.0
7610,840-17-43,2019,1.0,1.0
7610,840-17-44,2000,1.0,1.0
7610,840-17-44,2008,1.0,1.0
7610,840-17-44,2011,1.0,1.0
7610,840-17-44,2015,1.0,1.0
7610,840-17-44,2017,1.0,1.0
7610,840-17-45,2000,1.0,0.0
7610,840-17-45,2004,1.0,0.0
7610,840-17-45,2010,1.0,1.0
7610,840-17-45,2014,1.0,1.0
7610,840-17-46,2000,1.0,1.0
7610,840-17-46,2001,1.0,1.0
7610,840-17-46,2007,1.0,1.0
7610,840-17-46,2010,1.0,1.0
7610,840-17-46,2015,1.0,1.0
7610,840-17-46,2022,1.0,1.0
7610,840-17-47,2000,1.0,1.0
7610,840-17-47,2001,1.0,1.0
7610,840-17-47,2007,1.0,1.0
7610,840-17-47,2011,1.0,1.0
7610,840-17-47,2022,1.0,1.0
7610,840-17-48,2000,1.0,1.0
7610,840-17-48,2007,1.0,1.0
7610,840-17-49,2000,1.0,0.0
7610,840-17-49,2014,1.0,0.0
7610,840-17-49,2017,1.0,1.0
7610,840-17-49,2022,1.0,1.0
7610,840-17-5,2008,1.0,0.0
7610,840-17-50,2008,1.0,1.0
7610,840-17-50,2014,1.0,1.0
7610,840-17-50,2015,1.0,1.0
7610,840-17-50,2017,1.0,0.0
7610,840-17-50,2022,1.0,1.0
7610,840-17-51,2008,1.0,1.0
7610,840-17-51,2015,1.0,0.0
7610,840-17-51,2017,1.0,1.0
7610,840-17-51,2022,1.0,1.0
7610,840-17-52,2000,1.0,1.0
7610,840-17-52,2001,1.0,1.0
7610,840-17-52,2004,1.0,1.0
7610,840-17-52,2007,1.0,1.0
7610,840-17-52,2010,1.0,1.0
7610,840-17-52,2015,1.0,1.0
7610,840-17-55,2000,1.0,1.0
7610,840-17-55,2001,1.0,1.0
7610,840-17-55,2011,1.0,1.0
7610,840-17-55,2014,1.0,1.0
7610,840-17-55,2015,1.0,1.0
7610,840-17-56,2005,1.0,0.0
7610,840-17-56,2014,1.0,1.0
7610,840-17-56,2015,1.0,1.0
7610,840-17-57,2000,1.0,1.0
7610,840-17-57,2004,1.0,0.0
7610,840-17-57,2005,1.0,1.0
7610,840-17-58,1998,1.0,0.0
7610,840-17-58,2001,1.0,1.0
7610,840-17-58,2005,1.0,0.0
7610,840-17-58,2014,1.0,0.0
7610,840-17-6,2000,1.0,1.0
7610,840-17-6,2010,1.0,0.0
7610,840-17-6,2011,1.0,1.0
7610,840-17-6,2015,1.0,0.0
7610,840-17-8,2000,1.0,1.0
7610,840-17-8,2001,1.0,1.0
7610,840-17-8,2004,1.0,1.0
7610,840-17-9,2000,1.0,1.0
7610,840-17-9,2010,1.0,1.0
7610,840-17-9,2022,1.0,1.0
7610,840-18-1,2000,1.0,1.0
7610,840-18-1,2002,1.0,1.0
7610,840-18-1,2004,1.0,0.0
7610,840-18-1,2012,1.0,0.0
7610,840-18-1,2014,1.0,1.0
7610,840-18-1,2017,1.0,0.0
7610,840-18-1,2018,1.0,1.0
7610,840-18-1,2019,1.0,1.0
7610,840-18-102,2000,1.0,1.0
7610,840-18-102,2002,1.0,1.0
7610,840-18-102,2004,1.0,1.0
7610,840-18-102,2006,1.0,1.0
7610,840-18-102,2007,1.0,1.0
7610,840-18-102,2011,1.0,1.0
7610,840-18-102,2012,1.0,1.0
7610,840-18-102,2013,1.0,1.0
7610,840-18-102,2014,1.0,1.0
7610,840-18-102,2015,1.0,1.0
7610,840-18-102,2017,1.0,1.0
7610,840-18-102,2018,1.0,1.0
7610,840-18-102,2019,1.0,1.0
7610,840-18-102,2022,1.0,1.0
7610,840-18-11,2006,1.0,1.0
7610,840-18-11,2011,1.0,1.0
7610,840-18-11,2012,1.0,1.0
7610,840-18-11,2013,1.0,1.0
7610,840-18-11,2014,1.0,1.0
7610,840-18-11,2015,1.0,1.0
7610,840-18-11,2017,1.0,1.0
7610,840-18-11,2019,1.0,0.0
7610,840-18-11,2022,1.0,1.0
7610,840-18-14,2006,1.0,1.0
7610,840-18-14,2007,1.0,1.0
7610,840-18-14,2011,1.0,1.0
7610,840-18-14,2012,1.0,1.0
7610,840-18-14,2013,1.0,1.0
7610,840-18-14,2014,1.0,1.0
7610,840-18-14,2015,1.0,1.0
7610,840-18-14,2016,1.0,1.0
7610,840-18-14,2017,1.0,1.0
7610,840-18-14,2018,1.0,1.0
7610,840-18-14,2019,1.0,1.0
7610,840-18-15,2006,1.0,1.0
7610,840-18-15,2007,1.0,1.0
7610,840-18-15,2011,1.0,1.0
7610,840-18-15,2015,1.0,0.0
7610,840-18-15,2017,1.0,1.0
7610,840-18-15,2018,1.0,1.0
7610,840-18-15,2019,1.0,1.0
7610,840-18-15,2022,1.0,1.0
7610,840-18-3,2000,1.0,1.0
7610,840-18-3,2002,1.0,1.0
7610,840-18-3,2004,1.0,1.0
7610,840-18-3,2006,1.0,1.0
7610,840-18-3,2007,1.0,1.0
7610,840-18-3,2011,1.0,1.0
7610,840-18-3,2012,1.0,1.0
7610,840-18-3,2013,1.0,1.0
7610,840-18-3,2014,1.0,1.0
7610,840-18-3,2015,1.0,1.0
7610,840-18-3,2016,1.0,1.0
7610,840-18-3,2022,1.0,1.0
7610,840-18-4,2000,1.0,1.0
7610,840-18-4,2002,1.0,0.0
7610,840-18-4,2011,1.0,1.0
7610,840-18-4,2012,1.0,1.0
7610,840-18-4,2013,1.0,1.0
7610,840-18-4,2014,1.0,1.0
7610,840-18-4,2015,1.0,1.0
7610,840-18-4,2016,1.0,1.0
7610,840-18-4,2019,1.0,1.0
7610,840-18-7,2000,1.0,1.0
7610,840-18-7,2002,1.0,1.0
7610,840-18-7,2006,1.0,1.0
7610,840-18-7,2007,1.0,1.0
7610,840-18-7,2011,1.0,0.0
7610,840-18-7,2012,1.0,1.0
7610,840-18-7,2014,1.0,1.0
7610,840-18-7,2015,1.0,1.0
7610,840-18-7,2017,1.0,1.0
7610,840-18-7,2018,1.0,1.0
7610,840-18-8,2000,1.0,1.0
7610,840-18-8,2002,1.0,1.0
7610,840-18-8,2004,1.0,1.0
7610,840-18-8,2006,1.0,1.0
7610,840-18-8,2007,1.0,1.0
7610,840-18-8,2011,1.0,0.0
7610,840-18-8,2012,1.0,1.0
7610,840-18-8,2013,1.0,1.0
7610,840-18-8,2014,1.0,1.0
7610,840-18-8,2015,1.0,1.0
7610,840-18-8,2017,1.0,1.0
7610,840-18-8,2018,1.0,1.0
7610,840-18-8,2019,1.0,1.0
7610,840-18-8,2022,1.0,1.0
7610,840-18-9,2000,1.0,1.0
7610,840-18-9,2002,1.0,1.0
7610,840-18-9,2004,1.0,1.0
7610,840-18-9,2006,1.0,1.0
7610,840-18-9,2007,1.0,1.0
7610,840-18-9,2011,1.0,1.0
7610,840-18-9,2012,1.0,1.0
7610,840-18-9,2013,1.0,1.0
7610,840-18-9,2014,1.0,1.0
7610,840-18-9,2015,1.0,1.0
7610,840-18-9,2017,1.0,1.0
7610,840-18-9,2018,1.0,1.0
7610,840-18-9,2019,1.0,1.0
7610,840-2-1,1999,1.0,1.0
7610,840-2-1,2002,1.0,1.0
7610,840-2-1,2005,1.0,1.0
7610,840-2-1,2006,1.0,1.0
7610,840-2-1,2008,1.0,1.0
7610,840-2-1,2013,1.0,1.0
7610,840-2-1,2014,1.0,1.0
7610,840-2-1,2015,1.0,1.0
7610,840-2-1,2019,1.0,1.0
7610,840-2-1,2023,1.0,1.0
7610,840-2-10,2002,1.0,1.0
7610,840-2-10,2009,1.0,1.0
7610,840-2-10,2012,1.0,1.0
7610,840-2-10,2018,1.0,1.0
7610,840-2-102,1999,1.0,1.0
7610,840-2-102,2002,1.0,1.0
7610,840-2-102,2004,1.0,1.0
7610,840-2-102,2005,1.0,1.0
7610,840-2-102,2006,1.0,1.0
7610,840-2-102,2013,1.0,1.0
7610,840-2-102,2014,1.0,1.0
7610,840-2-102,2023,1.0,1.0
7610,840-2-105,2000,1.0,1.0
7610,840-2-105,2002,1.0,1.0
7610,840-2-105,2004,1.0,1.0
7610,840-2-105,2006,1.0,1.0
7610,840-2-105,2009,1.0,1.0
7610,840-2-105,2012,1.0,1.0
7610,840-2-105,2015,1.0,1.0
7610,840-2-109,2000,1.0,1.0
7610,840-2-109,2002,1.0,1.0
7610,840-2-109,2004,1.0,1.0
7610,840-2-109,2006,1.0,1.0
7610,840-2-109,2009,1.0,1.0
7610,840-2-109,2012,1.0,1.0
7610,840-2-111,2000,1.0,0.0
7610,840-2-111,2002,1.0,1.0
7610,840-2-111,2004,1.0,1.0
7610,840-2-111,2006,1.0,1.0
7610,840-2-111,2009,1.0,1.0
7610,840-2-111,2012,1.0,1.0
7610,840-2-111,2015,1.0,1.0
7610,840-2-111,2018,1.0,1.0
7610,840-2-12,2000,1.0,0.0
7610,840-2-12,2009,1.0,0.0
7610,840-2-12,2012,1.0,1.0
7610,840-2-12,2015,1.0,1.0
7610,840-2-12,2018,1.0,1.0
7610,840-2-13,2005,1.0,0.0
7610,840-2-13,2019,1.0,1.0
7610,840-2-13,2023,1.0,1.0
7610,840-2-14,2004,1.0,1.0
7610,840-2-14,2005,1.0,1.0
7610,840-2-14,2013,1.0,1.0
7610,840-2-14,2014,1.0,1.0
7610,840-2-14,2023,1.0,0.0
7610,840-2-15,1999,1.0,1.0
7610,840-2-15,2005,1.0,0.0
7610,840-2-15,2013,1.0,1.0
7610,840-2-15,2014,1.0,1.0
7610,840-2-15,2019,1.0,1.0
7610,840-2-15,2023,1.0,0.0
7610,840-2-156,2004,1.0,1.0
7610,840-2-156,2013,1.0,0.0
7610,840-2-156,2014,1.0,1.0
7610,840-2-156,2019,1.0,0.0
7610,840-2-16,2006,1.0,1.0
7610,840-2-16,2008,1.0,0.0
7610,840-2-16,2009,1.0,1.0
7610,840-2-16,2012,1.0,0.0
7610,840-2-16,2015,1.0,0.0
7610,840-2-16,2016,1.0,1.0
7610,840-2-162,2002,1.0,1.0
7610,840-2-162,2004,1.0,1.0
7610,840-2-162,2009,1.0,1.0
7610,840-2-162,2012,1.0,1.0
7610,840-2-164,2000,1.0,0.0
7610,840-2-164,2002,1.0,1.0
7610,840-2-164,2006,1.0,1.0
7610,840-2-164,2009,1.0,0.0
7610,840-2-164,2012,1.0,1.0
7610,840-2-164,2015,1.0,1.0
7610,840-2-164,2018,1.0,0.0
7610,840-2-17,2002,1.0,1.0
7610,840-2-17,2009,1.0,1.0
7610,840-2-17,2012,1.0,0.0
7610,840-2-17,2015,1.0,0.0
7610,840-2-19,1999,1.0,1.0
7610,840-2-19,2002,1.0,1.0
7610,840-2-19,2014,1.0,0.0
7610,840-2-19,2015,1.0,1.0
7610,840-2-20,1999,1.0,1.0
7610,840-2-20,2004,1.0,1.0
7610,840-2-20,2016,1.0,0.0
7610,840-2-20,2023,1.0,0.0
7610,840-2-201,1999,1.0,1.0
7610,840-2-201,2002,1.0,1.0
7610,840-2-201,2005,1.0,1.0
7610,840-2-201,2014,1.0,0.0
7610,840-2-201,2015,1.0,1.0
7610,840-2-201,2017,1.0,1.0
7610,840-2-201,2019,1.0,1.0
7610,840-2-201,2023,1.0,1.0
7610,840-2-204,2002,1.0,1.0
7610,840-2-204,2004,1.0,1.0
7610,840-2-204,2006,1.0,1.0
7610,840-2-204,2009,1.0,1.0
7610,840-2-204,2012,1.0,1.0
7610,840-2-204,2014,1.0,1.0
7610,840-2-204,2018,1.0,1.0
7610,840-2-205,2002,1.0,1.0
7610,840-2-205,2009,1.0,1.0
7610,840-2-205,2012,1.0,0.0
7610,840-2-205,2015,1.0,1.0
7610,840-2-205,2016,1.0,1.0
7610,840-2-207,2000,1.0,1.0
7610,840-2-207,2002,1.0,1.0
7610,840-2-207,2006,1.0,1.0
7610,840-2-207,2009,1.0,1.0
7610,840-2-207,2012,1.0,1.0
7610,840-2-207,2015,1.0,0.0
7610,840-2-208,2000,1.0,0.0
7610,840-2-208,2002,1.0,0.0
7610,840-2-208,2006,1.0,1.0
7610,840-2-208,2018,1.0,1.0
7610,840-2-209,2000,1.0,0.0
7610,840-2-209,2009,1.0,1.0
7610,840-2-209,2012,1.0,1.0
7610,840-2-209,2015,1.0,0.0
7610,840-2-21,1999,1.0,0.0
7610,840-2-21,2002,1.0,1.0
7610,840-2-211,2006,1.0,0.0
7610,840-2-211,2016,1.0,0.0
7610,840-2-212,2009,1.0,0.0
7610,840-2-212,2015,1.0,0.0
7610,840-2-215,2015,1.0,0.0
7610,840-2-23,2002,1.0,0.0
7610,840-2-23,2005,1.0,0.0
7610,840-2-23,2012,1.0,1.0
7610,840-2-24,2004,1.0,0.0
7610,840-2-25,2002,1.0,1.0
7610,840-2-25,2006,1.0,1.0
7610,840-2-25,2012,1.0,1.0
7610,840-2-25,2013,1.0,1.0
7610,840-2-25,2015,1.0,1.0
7610,840-2-25,2016,1.0,1.0
7610,840-2-25,2019,1.0,0.0
7610,840-2-26,1999,1.0,1.0
7610,840-2-26,2004,1.0,1.0
7610,840-2-26,2012,1.0,1.0
7610,840-2-26,2013,1.0,1.0
7610,840-2-26,2019,1.0,0.0
7610,840-2-27,2004,1.0,1.0
7610,840-2-27,2005,1.0,1.0
7610,840-2-27,2009,1.0,0.0
7610,840-2-28,2002,1.0,1.0
7610,840-2-28,2009,1.0,1.0
7610,840-2-28,2018,1.0,1.0
7610,840-2-29,2015,1.0,1.0
7610,840-2-29,2018,1.0,1.0
7610,840-2-29,2019,1.0,1.0
7610,840-2-36,2005,1.0,0.0
7610,840-2-4,2002,1.0,1.0
7610,840-2-4,2004,1.0,1.0
7610,840-2-4,2005,1.0,1.0
7610,840-2-4,2013,1.0,1.0
7610,840-2-4,2014,1.0,1.0
7610,840-2-43,2002,1.0,1.0
7610,840-2-43,2004,1.0,1.0
7610,840-2-43,2005,1.0,1.0
7610,840-2-43,2012,1.0,1.0
7610,840-2-43,2013,1.0,1.0
7610,840-2-43,2014,1.0,1.0
7610,840-2-43,2015,1.0,1.0
7610,840-2-43,2019,1.0,1.0
7610,840-2-45,1999,1.0,1.0
7610,840-2-45,2002,1.0,1.0
7610,840-2-45,2004,1.0,1.0
7610,840-2-45,2005,1.0,1.0
7610,840-2-45,2013,1.0,1.0
7610,840-2-45,2014,1.0,1.0
7610,840-2-45,2019,1.0,0.0
7610,840-2-47,2002,1.0,1.0
7610,840-2-47,2015,1.0,0.0
7610,840-2-48,1999,1.0,1.0
7610,840-2-48,2004,1.0,1.0
7610,840-2-48,2005,1.0,1.0
7610,840-2-48,2019,1.0,1.0
7610,840-2-49,1999,1.0,1.0
7610,840-2-49,2002,1.0,1.0
7610,840-2-49,2005,1.0,0.0
7610,840-2-49,2023,1.0,0.0
7610,840-2-50,2023,1.0,0.0
7610,840-2-53,2015,1.0,0.0
7610,840-2-53,2018,1.0,1.0
7610,840-2-53,2023,1.0,0.0
7610,840-2-55,2004,1.0,0.0
7610,840-2-57,2002,1.0,1.0
7610,840-2-57,2005,1.0,1.0
7610,840-2-57,2006,1.0,1.0
7610,840-2-57,2008,1.0,1.0
7610,840-2-57,2009,1.0,1.0
7610,840-2-57,2013,1.0,1.0
7610,840-2-57,2014,1.0,1.0
7610,840-2-57,2015,1.0,1.0
7610,840-2-58,2002,1.0,1.0
7610,840-2-58,2004,1.0,1.0
7610,840-2-58,2005,1.0,1.0
7610,840-2-58,2012,1.0,1.0
7610,840-2-58,2014,1.0,1.0
7610,840-2-58,2019,1.0,1.0
7610,840-2-59,2002,1.0,1.0
7610,840-2-59,2009,1.0,1.0
7610,840-2-60,2000,1.0,0.0
7610,840-2-60,2002,1.0,1.0
7610,840-2-60,2008,1.0,1.0
7610,840-2-60,2009,1.0,1.0
7610,840-2-60,2012,1.0,1.0
7610,840-2-61,2000,1.0,0.0
7610,840-2-61,2002,1.0,1.0
7610,840-2-61,2006,1.0,0.0
7610,840-2-61,2009,1.0,1.0
7610,840-2-61,2012,1.0,1.0
7610,840-2-61,2018,1.0,1.0
7610,840-2-63,2009,1.0,0.0
7610,840-2-67,2001,1.0,0.0
7610,840-2-68,2023,1.0,0.0
7610,840-2-7,2000,1.0,1.0
7610,840-2-7,2002,1.0,1.0
7610,840-2-7,2006,1.0,0.0
7610,840-2-7,2009,1.0,1.0
7610,840-2-7,2014,1.0,1.0
7610,840-2-7,2015,1.0,1.0
7610,840-2-7,2018,1.0,1.0
7610,840-2-71,1999,1.0,0.0
7610,840-2-71,2002,1.0,1.0
7610,840-2-71,2008,1.0,1.0
7610,840-2-71,2013,1.0,1.0
7610,840-2-71,2014,1.0,1.0
7610,840-2-71,2023,1.0,1.0
7610,840-2-72,1999,1.0,1.0
7610,840-2-72,2000,1.0,1.0
7610,840-2-72,2002,1.0,1.0
7610,840-2-72,2005,1.0,1.0
7610,840-2-72,2006,1.0,1.0
7610,840-2-72,2009,1.0,1.0
7610,840-2-72,2014,1.0,1.0
7610,840-2-72,2015,1.0,1.0
7610,840-2-73,2008,1.0,1.0
7610,840-2-73,2009,1.0,1.0
7610,840-2-73,2011,1.0,1.0
7610,840-2-73,2012,1.0,1.0
7610,840-2-73,2015,1.0,1.0
7610,840-2-73,2018,1.0,1.0
7610,840-2-8,2004,1.0,1.0
7610,840-2-8,2013,1.0,0.0
7610,840-2-8,2014,1.0,1.0
7610,840-2-8,2019,1.0,1.0
7610,840-2-8,2023,1.0,0.0
7610,840-21-1,1999,1.0,1.0
7610,840-21-1,2000,1.0,1.0
7610,840-21-1,2001,1.0,1.0
7610,840-21-1,2005,1.0,1.0
7610,840-21-1,2006,1.0,1.0
7610,840-21-1,2007,1.0,1.0
7610,840-21-1,2012,1.0,1.0
7610,840-21-1,2013,1.0,1.0
7610,840-21-1,2014,1.0,1.0
7610,840-21-1,2015,1.0,1.0
7610,840-21-1,2018,1.0,0.0
7610,840-21-1,2019,1.0,1.0
7610,840-21-10,2000,1.0,1.0
7610,840-21-10,2002,1.0,1.0
7610,840-21-10,2004,1.0,0.0
7610,840-21-10,2006,1.0,1.0
7610,840-21-10,2007,1.0,1.0
7610,840-21-10,2013,1.0,1.0
7610,840-21-10,2014,1.0,1.0
7610,840-21-10,2016,1.0,1.0
7610,840-21-105,1999,1.0,1.0
7610,840-21-105,2000,1.0,1.0
7610,840-21-105,2001,1.0,1.0
7610,840-21-105,2005,1.0,1.0
7610,840-21-105,2006,1.0,1.0
7610,840-21-105,2007,1.0,1.0
7610,840-21-105,2012,1.0,1.0
7610,840-21-105,2013,1.0,1.0
7610,840-21-105,2014,1.0,1.0
7610,840-21-105,2015,1.0,1.0
7610,840-21-105,2017,1.0,0.0
7610,840-21-105,2018,1.0,1.0
7610,840-21-105,2019,1.0,1.0
7610,840-21-105,2022,1.0,1.0
7610,840-21-109,1999,1.0,1.0
7610,840-21-109,2000,1.0,1.0
7610,840-21-109,2001,1.0,1.0
7610,840-21-109,2004,1.0,1.0
7610,840-21-109,2005,1.0,1.0
7610,840-21-109,2006,1.0,1.0
7610,840-21-109,2007,1.0,1.0
7610,840-21-109,2013,1.0,1.0
7610,840-21-109,2014,1.0,1.0
7610,840-21-109,2017,1.0,1.0
7610,840-21-109,2018,1.0,1.0
7610,840-21-109,2019,1.0,1.0
7610,840-21-2,2000,1.0,1.0
7610,840-21-2,2006,1.0,1.0
7610,840-21-2,2007,1.0,1.0
7610,840-21-2,2012,1.0,1.0
7610,840-21-2,2013,1.0,1.0
7610,840-21-2,2014,1.0,1.0
7610,840-21-3,1999,1.0,1.0
7610,840-21-3,2000,1.0,1.0
7610,840-21-3,2001,1.0,1.0
7610,840-21-3,2005,1.0,1.0
7610,840-21-3,2006,1.0,1.0
7610,840-21-3,2007,1.0,1.0
7610,840-21-3,2013,1.0,1.0
7610,840-21-3,2014,1.0,1.0
7610,840-21-3,2018,1.0,1.0
7610,840-21-3,2019,1.0,1.0
7610,840-21-4,1999,1.0,1.0
7610,840-21-4,2000,1.0,1.0
7610,840-21-4,2001,1.0,1.0
7610,840-21-4,2005,1.0,1.0
7610,840-21-4,2006,1.0,1.0
7610,840-21-4,2007,1.0,1.0
7610,840-21-4,2013,1.0,1.0
7610,840-21-4,2014,1.0,1.0
7610,840-25-19,2006,1.0,0.0
7610,840-25-19,2009,1.0,0.0
7610,840-25-19,2013,1.0,1.0
7610,840-25-19,2018,1.0,0.0
4980,124-11-10,2022,1.0,0.0
4980,124-11-136,2009,1.0,1.0
4980,124-11-136,2015,1.0,0.0
4980,124-11-136,2016,1.0,1.0
4980,124-11-136,2023,1.0,1.0
4980,124-11-167,2002,1.0,1.0
4980,124-11-167,2003,1.0,1.0
4980,124-11-167,2009,1.0,0.0
4980,124-11-167,2014,1.0,0.0
4980,124-11-167,2016,1.0,1.0
4980,124-11-17,2003,1.0,1.0
4980,124-11-17,2007,1.0,1.0
4980,124-11-17,2013,1.0,0.0
4980,124-11-17,2017,1.0,0.0
4980,124-11-17,2019,1.0,1.0
4980,124-11-17,2022,1.0,1.0
4980,124-11-19,2000,1.0,1.0
4980,124-11-19,2008,1.0,0.0
4980,124-11-19,2018,1.0,1.0
4980,124-11-19,2022,1.0,0.0
4980,124-11-208,2000,1.0,0.0
4980,124-11-208,2007,1.0,0.0
4980,124-11-208,2014,1.0,0.0
4980,124-11-220,2014,1.0,0.0
4980,124-11-220,2016,1.0,0.0
4980,124-11-222,2005,1.0,0.0
4980,124-11-222,2008,1.0,0.0
4980,124-11-222,2011,1.0,1.0
4980,124-11-222,2018,1.0,0.0
4980,124-11-223,2000,1.0,0.0
4980,124-11-223,2005,1.0,0.0
4980,124-11-234,2000,1.0,0.0
4980,124-11-234,2005,1.0,1.0
4980,124-11-234,2007,1.0,1.0
4980,124-11-234,2010,1.0,1.0
4980,124-11-234,2014,1.0,1.0
4980,124-11-234,2022,1.0,1.0
4980,124-11-244,2005,1.0,1.0
4980,124-11-244,2007,1.0,1.0
4980,124-11-244,2009,1.0,1.0
4980,124-11-244,2014,1.0,1.0
4980,124-11-244,2016,1.0,1.0
4980,124-11-244,2017,1.0,1.0
4980,124-11-244,2018,1.0,1.0
4980,124-11-244,2019,1.0,1.0
4980,124-11-244,2022,1.0,1.0
4980,124-11-255,2003,1.0,1.0
4980,124-11-255,2005,1.0,1.0
4980,124-11-255,2009,1.0,1.0
4980,124-11-255,2014,1.0,1.0
4980,124-11-255,2017,1.0,1.0
4980,124-11-255,2018,1.0,1.0
4980,124-11-255,2019,1.0,1.0
4980,124-11-255,2022,1.0,1.0
4980,124-11-265,2005,1.0,1.0
4980,124-11-265,2014,1.0,1.0
4980,124-11-265,2016,1.0,1.0
4980,124-11-265,2017,1.0,1.0
4980,124-11-265,2018,1.0,1.0
4980,124-11-265,2019,1.0,1.0
4980,124-11-265,2022,1.0,1.0
4980,124-11-270,2002,1.0,1.0
4980,124-11-270,2005,1.0,1.0
4980,124-11-270,2009,1.0,1.0
4980,124-11-270,2016,1.0,1.0
4980,124-11-270,2019,1.0,1.0
4980,124-11-29,1998,1.0,1.0
4980,124-11-29,2007,1.0,1.0
4980,124-11-29,2008,1.0,1.0
4980,124-11-29,2013,1.0,1.0
4980,124-11-29,2014,1.0,1.0
4980,124-11-29,2018,1.0,1.0
4980,124-11-3,2003,1.0,0.0
4980,124-11-3,2006,1.0,0.0
4980,124-11-33,2000,1.0,1.0
4980,124-11-33,2005,1.0,1.0
4980,124-11-33,2007,1.0,1.0
4980,124-11-33,2008,1.0,1.0
4980,124-11-33,2010,1.0,1.0
4980,124-11-33,2011,1.0,1.0
4980,124-11-33,2014,1.0,1.0
4980,124-11-401,2002,1.0,0.0
4980,124-11-401,2005,1.0,1.0
4980,124-11-401,2013,1.0,1.0
4980,124-11-401,2014,1.0,1.0
4980,124-11-401,2016,1.0,1.0
4980,124-11-401,2017,1.0,1.0
4980,124-11-401,2018,1.0,1.0
4980,124-11-401,2019,1.0,1.0
4980,124-11-401,2022,1.0,1.0
4980,124-11-401,2023,1.0,1.0
4980,124-11-402,2002,1.0,1.0
4980,124-11-402,2006,1.0,1.0
4980,124-11-402,2014,1.0,0.0
4980,124-11-407,1998,1.0,1.0
4980,124-11-407,2007,1.0,1.0
4980,124-11-407,2013,1.0,0.0
4980,124-11-407,2017,1.0,0.0
4980,124-11-408,1998,1.0,1.0
4980,124-11-408,2000,1.0,1.0
4980,124-11-408,2007,1.0,1.0
4980,124-11-408,2008,1.0,1.0
4980,124-11-408,2014,1.0,0.0
4980,124-11-409,2016,1.0,1.0
4980,124-11-409,2017,1.0,1.0
4980,124-11-409,2019,1.0,1.0
4980,124-11-410,2002,1.0,0.0
4980,124-11-410,2006,1.0,0.0
4980,124-11-410,2023,1.0,0.0
4980,124-11-413,2014,1.0,0.0
4980,124-11-413,2016,1.0,1.0
4980,124-11-413,2017,1.0,1.0
4980,124-11-413,2019,1.0,1.0
4980,124-11-419,2000,1.0,1.0
4980,124-11-419,2007,1.0,1.0
4980,124-11-419,2013,1.0,1.0
4980,124-11-419,2014,1.0,1.0
4980,124-11-420,2000,1.0,1.0
4980,124-11-420,2007,1.0,1.0
4980,124-11-420,2008,1.0,1.0
4980,124-11-420,2014,1.0,0.0
4980,124-11-45,2000,1.0,1.0
4980,124-11-45,2005,1.0,1.0
4980,124-11-45,2007,1.0,1.0
4980,124-11-45,2010,1.0,1.0
4980,124-11-45,2014,1.0,1.0
4980,124-11-45,2018,1.0,1.0
4980,124-11-45,2019,1.0,1.0
4980,124-11-45,2022,1.0,0.0
4980,124-11-53,2008,1.0,0.0
4980,124-11-55,2003,1.0,1.0
4980,124-11-55,2014,1.0,1.0
4980,124-11-55,2017,1.0,0.0
4980,124-11-55,2018,1.0,1.0
4980,124-11-55,2019,1.0,1.0
4980,124-11-55,2022,1.0,1.0
4980,124-11-57,2005,1.0,1.0
4980,124-11-57,2009,1.0,1.0
4980,124-11-57,2014,1.0,0.0
4980,124-11-57,2016,1.0,1.0
4980,124-11-57,2017,1.0,1.0
4980,124-11-57,2022,1.0,0.0
4980,124-11-58,2023,1.0,0.0
4980,124-11-6,2007,1.0,1.0
4980,124-11-6,2009,1.0,1.0
4980,124-11-6,2013,1.0,1.0
4980,124-11-6,2018,1.0,1.0
4980,124-11-608,1998,1.0,1.0
4980,124-11-608,2000,1.0,1.0
4980,124-11-608,2007,1.0,1.0
4980,124-11-608,2013,1.0,1.0
4980,124-11-608,2014,1.0,1.0
4980,124-11-608,2018,1.0,1.0
4980,124-11-609,2000,1.0,1.0
4980,124-11-609,2007,1.0,1.0
4980,124-11-612,2014,1.0,0.0
4980,124-11-612,2018,1.0,1.0
4980,124-11-612,2022,1.0,1.0
4980,124-11-613,2002,1.0,1.0
4980,124-11-613,2003,1.0,1.0
4980,124-11-613,2005,1.0,1.0
4980,124-11-613,2013,1.0,0.0
4980,124-11-613,2014,1.0,1.0
4980,124-11-613,2016,1.0,1.0
4980,124-11-613,2017,1.0,1.0
4980,124-11-69,2010,1.0,1.0
4980,124-11-69,2011,1.0,1.0
4980,124-11-69,2018,1.0,0.0
4980,124-11-709,2000,1.0,1.0
4980,124-11-709,2005,1.0,1.0
4980,124-11-709,2007,1.0,1.0
4980,124-11-709,2008,1.0,1.0
4980,124-11-709,2022,1.0,0.0
4980,124-11-71,2014,1.0,0.0
4980,124-11-71,2018,1.0,0.0
4980,124-11-74,2000,1.0,1.0
4980,124-11-74,2005,1.0,1.0
4980,124-11-74,2007,1.0,1.0
4980,124-11-74,2008,1.0,1.0
4980,124-11-74,2010,1.0,1.0
4980,124-11-74,2012,1.0,1.0
4980,124-11-74,2013,1.0,1.0
4980,124-11-74,2017,1.0,1.0
4980,124-11-74,2018,1.0,1.0
4980,124-11-74,2022,1.0,1.0
4980,124-11-81,2002,1.0,0.0
4980,124-11-81,2014,1.0,0.0
4980,124-11-9,2007,1.0,0.0
4980,124-4-10,2000,1.0,1.0
4980,124-4-10,2008,1.0,1.0
4980,124-4-10,2018,1.0,1.0
4980,124-4-10,2019,1.0,1.0
4980,124-4-10,2022,1.0,1.0
4980,124-4-105,2000,1.0,1.0
4980,124-4-105,2002,1.0,1.0
4980,124-4-105,2004,1.0,1.0
4980,124-4-105,2013,1.0,1.0
4980,124-4-105,2018,1.0,1.0
4980,124-4-105,2022,1.0,1.0
4980,124-4-106,2001,1.0,1.0
4980,124-4-106,2002,1.0,1.0
4980,124-4-106,2019,1.0,1.0
4980,124-4-106,2022,1.0,1.0
4980,124-4-107,2001,1.0,1.0
4980,124-4-107,2003,1.0,1.0
4980,124-4-107,2012,1.0,1.0
4980,124-4-107,2013,1.0,1.0
4980,124-4-107,2019,1.0,1.0
4980,124-4-107,2022,1.0,0.0
4980,124-4-109,2000,1.0,0.0
4980,124-4-109,2004,1.0,0.0
4980,124-4-109,2008,1.0,1.0
4980,124-4-109,2012,1.0,1.0
4980,124-4-109,2013,1.0,1.0
4980,124-4-109,2018,1.0,1.0
4980,124-4-109,2022,1.0,1.0
4980,124-4-113,1998,1.0,1.0
4980,124-4-113,2001,1.0,1.0
4980,124-4-113,2003,1.0,1.0
4980,124-4-113,2008,1.0,1.0
4980,124-4-113,2009,1.0,1.0
4980,124-4-113,2013,1.0,1.0
4980,124-4-113,2019,1.0,1.0
4980,124-4-114,1998,1.0,1.0
4980,124-4-114,2003,1.0,1.0
4980,124-4-114,2004,1.0,1.0
4980,124-4-114,2007,1.0,1.0
4980,124-4-114,2013,1.0,0.0
4980,124-4-114,2019,1.0,1.0
4980,124-4-114,2022,1.0,1.0
4980,124-4-115,2003,1.0,1.0
4980,124-4-115,2004,1.0,1.0
4980,124-4-115,2008,1.0,1.0
4980,124-4-115,2012,1.0,1.0
4980,124-4-115,2013,1.0,1.0
4980,124-4-115,2019,1.0,1.0
4980,124-4-116,2002,1.0,1.0
4980,124-4-116,2003,1.0,1.0
4980,124-4-116,2007,1.0,1.0
4980,124-4-116,2018,1.0,0.0
4980,124-4-116,2019,1.0,1.0
4980,124-4-121,1998,1.0,1.0
4980,124-4-121,2001,1.0,1.0
4980,124-4-121,2003,1.0,1.0
4980,124-4-121,2008,1.0,0.0
4980,124-4-121,2009,1.0,1.0
4980,124-4-121,2010,1.0,1.0
4980,124-4-121,2011,1.0,1.0
4980,124-4-121,2013,1.0,1.0
4980,124-4-127,1998,1.0,0.0
4980,124-4-127,1999,1.0,1.0
4980,124-4-127,2007,1.0,0.0
4980,124-4-127,2008,1.0,1.0
4980,124-4-127,2009,1.0,1.0
4980,124-4-127,2010,1.0,1.0
4980,124-4-127,2013,1.0,1.0
4980,124-4-127,2017,1.0,1.0
4980,124-4-128,1998,1.0,1.0
4980,124-4-128,1999,1.0,1.0
4980,124-4-128,2000,1.0,1.0
4980,124-4-128,2003,1.0,1.0
4980,124-4-128,2007,1.0,1.0
4980,124-4-128,2008,1.0,1.0
4980,124-4-128,2009,1.0,1.0
4980,124-4-128,2010,1.0,1.0
4980,124-4-128,2011,1.0,1.0
4980,124-4-128,2013,1.0,1.0
4980,124-4-128,2014,1.0,1.0
4980,124-4-128,2022,1.0,1.0
4980,124-4-129,2003,1.0,1.0
4980,124-4-129,2004,1.0,1.0
4980,124-4-129,2008,1.0,1.0
4980,124-4-129,2009,1.0,1.0
4980,124-4-129,2010,1.0,1.0
4980,124-4-129,2011,1.0,1.0
4980,124-4-129,2013,1.0,1.0
4980,124-4-13,1998,1.0,1.0
4980,124-4-13,2008,1.0,1.0
4980,124-4-13,2009,1.0,1.0
4980,124-4-13,2013,1.0,1.0
4980,124-4-136,2003,1.0,1.0
4980,124-4-136,2007,1.0,1.0
4980,124-4-136,2010,1.0,1.0
4980,124-4-136,2011,1.0,1.0
4980,124-4-136,2013,1.0,1.0
4980,124-4-136,2022,1.0,1.0
4980,124-4-138,2009,1.0,1.0
4980,124-4-138,2013,1.0,0.0
4980,124-4-138,2017,1.0,1.0
4980,124-4-138,2019,1.0,1.0
4980,124-4-138,2022,1.0,1.0
4980,124-4-14,1998,1.0,1.0
4980,124-4-14,1999,1.0,1.0
4980,124-4-14,2000,1.0,1.0
4980,124-4-14,2001,1.0,1.0
4980,124-4-14,2004,1.0,1.0
4980,124-4-14,2008,1.0,1.0
4980,124-4-14,2010,1.0,1.0
4980,124-4-14,2013,1.0,0.0
4980,124-4-15,1998,1.0,0.0
4980,124-4-15,2003,1.0,1.0
4980,124-4-15,2004,1.0,1.0
4980,124-4-15,2007,1.0,0.0
4980,124-4-15,2012,1.0,0.0
4980,124-4-15,2013,1.0,1.0
4980,124-4-15,2019,1.0,1.0
4980,124-4-15,2022,1.0,1.0
4980,124-4-18,1998,1.0,1.0
4980,124-4-18,1999,1.0,1.0
4980,124-4-18,2000,1.0,1.0
4980,124-4-18,2001,1.0,1.0
4980,124-4-18,2003,1.0,1.0
4980,124-4-18,2008,1.0,1.0
4980,124-4-18,2009,1.0,1.0
4980,124-4-18,2010,1.0,1.0
4980,124-4-18,2011,1.0,1.0
4980,124-4-18,2013,1.0,1.0
4980,124-4-19,1998,1.0,1.0
4980,124-4-19,2000,1.0,1.0
4980,124-4-19,2001,1.0,1.0
4980,124-4-19,2003,1.0,1.0
4980,124-4-19,2008,1.0,1.0
4980,124-4-19,2009,1.0,1.0
4980,124-4-19,2010,1.0,1.0
4980,124-4-19,2013,1.0,1.0
4980,124-4-196,2016,1.0,0.0
4980,124-4-2,2000,1.0,1.0
4980,124-4-2,2001,1.0,1.0
4980,124-4-2,2002,1.0,1.0
4980,124-4-2,2003,1.0,1.0
4980,124-4-2,2012,1.0,1.0
4980,124-4-2,2013,1.0,1.0
4980,124-4-2,2019,1.0,1.0
4980,124-4-2,2022,1.0,1.0
4980,124-4-20,1998,1.0,1.0
4980,124-4-20,2007,1.0,1.0
4980,124-4-20,2009,1.0,1.0
4980,124-4-20,2012,1.0,0.0
4980,124-4-20,2013,1.0,1.0
4980,124-4-20,2022,1.0,1.0
4980,124-4-201,2001,1.0,1.0
4980,124-4-201,2002,1.0,1.0
4980,124-4-201,2003,1.0,1.0
4980,124-4-201,2012,1.0,0.0
4980,124-4-201,2013,1.0,1.0
4980,124-4-201,2019,1.0,1.0
4980,124-4-201,2022,1.0,1.0
4980,124-4-204,2001,1.0,0.0
4980,124-4-204,2002,1.0,1.0
4980,124-4-204,2004,1.0,1.0
4980,124-4-204,2008,1.0,1.0
4980,124-4-204,2013,1.0,1.0
4980,124-4-204,2018,1.0,1.0
4980,124-4-210,2004,1.0,0.0
4980,124-4-210,2008,1.0,1.0
4980,124-4-210,2013,1.0,1.0
4980,124-4-210,2018,1.0,1.0
4980,124-4-210,2019,1.0,1.0
4980,124-4-210,2022,1.0,1.0
4980,124-4-212,1998,1.0,0.0
4980,124-4-212,2000,1.0,1.0
4980,124-4-212,2001,1.0,1.0
4980,124-4-212,2003,1.0,1.0
4980,124-4-212,2008,1.0,1.0
4980,124-4-212,2009,1.0,1.0
4980,124-4-212,2010,1.0,1.0
4980,124-4-212,2013,1.0,0.0
4980,124-4-212,2019,1.0,1.0
4980,124-4-213,1998,1.0,1.0
4980,124-4-213,2000,1.0,1.0
4980,124-4-213,2001,1.0,1.0
4980,124-4-213,2003,1.0,1.0
4980,124-4-213,2009,1.0,1.0
4980,124-4-213,2012,1.0,1.0
4980,124-4-213,2013,1.0,1.0
4980,124-4-213,2019,1.0,1.0
4980,124-4-214,1998,1.0,1.0
4980,124-4-214,2004,1.0,0.0
4980,124-4-214,2007,1.0,1.0
4980,124-4-214,2012,1.0,1.0
4980,124-4-214,2013,1.0,1.0
4980,124-4-214,2019,1.0,0.0
4980,124-4-214,2022,1.0,1.0
4980,124-4-215,2000,1.0,1.0
4980,124-4-215,2004,1.0,0.0
4980,124-4-215,2010,1.0,0.0
4980,124-4-215,2012,1.0,0.0
4980,124-4-215,2013,1.0,1.0
4980,124-4-215,2022,1.0,0.0
4980,124-4-22,1998,1.0,1.0
4980,124-4-22,2001,1.0,1.0
4980,124-4-22,2003,1.0,1.0
4980,124-4-22,2004,1.0,1.0
4980,124-4-22,2008,1.0,1.0
4980,124-4-22,2009,1.0,1.0
4980,124-4-22,2010,1.0,1.0
4980,124-4-22,2019,1.0,0.0
4980,124-4-227,1999,1.0,1.0
4980,124-4-227,2001,1.0,1.0
4980,124-4-227,2007,1.0,0.0
4980,124-4-227,2009,1.0,1.0
4980,124-4-227,2011,1.0,1.0
4980,124-4-227,2013,1.0,1.0
4980,124-4-227,2014,1.0,1.0
4980,124-4-228,1998,1.0,1.0
4980,124-4-228,2007,1.0,1.0
4980,124-4-228,2008,1.0,1.0
4980,124-4-228,2012,1.0,0.0
4980,124-4-228,2017,1.0,1.0
4980,124-4-229,2003,1.0,1.0
4980,124-4-229,2007,1.0,1.0
4980,124-4-229,2008,1.0,1.0
4980,124-4-229,2009,1.0,1.0
4980,124-4-229,2010,1.0,1.0
4980,124-4-229,2013,1.0,0.0
4980,124-4-229,2014,1.0,1.0
4980,124-4-229,2017,1.0,1.0
4980,124-4-229,2022,1.0,1.0
4980,124-4-24,1998,1.0,1.0
4980,124-4-24,2001,1.0,1.0
4980,124-4-24,2003,1.0,0.0
4980,124-4-24,2011,1.0,0.0
4980,124-4-251,2004,1.0,1.0
4980,124-4-251,2008,1.0,1.0
4980,124-4-251,2010,1.0,1.0
4980,124-4-251,2012,1.0,1.0
4980,124-4-251,2013,1.0,1.0
4980,124-4-251,2017,1.0,1.0
4980,124-4-251,2019,1.0,1.0
4980,124-4-251,2022,1.0,1.0
4980,124-4-26,1999,1.0,1.0
4980,124-4-26,2003,1.0,0.0
4980,124-4-26,2007,1.0,1.0
4980,124-4-26,2009,1.0,1.0
4980,124-4-26,2010,1.0,1.0
4980,124-4-26,2011,1.0,1.0
4980,124-4-26,2013,1.0,1.0
4980,124-4-26,2014,1.0,1.0
4980,124-4-26,2017,1.0,1.0
4980,124-4-26,2019,1.0,0.0
4980,124-4-27,1999,1.0,1.0
4980,124-4-27,2000,1.0,1.0
4980,124-4-27,2001,1.0,1.0
4980,124-4-27,2003,1.0,1.0
4980,124-4-27,2007,1.0,1.0
4980,124-4-27,2008,1.0,1.0
4980,124-4-27,2009,1.0,1.0
4980,124-4-27,2010,1.0,1.0
4980,124-4-27,2011,1.0,1.0
4980,124-4-27,2013,1.0,1.0
4980,124-4-28,2007,1.0,1.0
4980,124-4-28,2008,1.0,1.0
4980,124-4-28,2010,1.0,1.0
4980,124-4-28,2013,1.0,1.0
4980,124-4-28,2017,1.0,1.0
4980,124-4-28,2022,1.0,1.0
4980,124-4-29,2003,1.0,1.0
4980,124-4-29,2004,1.0,1.0
4980,124-4-29,2008,1.0,0.0
4980,124-4-29,2009,1.0,1.0
4980,124-4-29,2010,1.0,1.0
4980,124-4-29,2013,1.0,1.0
4980,124-4-29,2014,1.0,1.0
4980,124-4-29,2017,1.0,1.0
4980,124-4-29,2022,1.0,1.0
4980,124-4-3,2000,1.0,1.0
4980,124-4-3,2001,1.0,1.0
4980,124-4-3,2002,1.0,1.0
4980,124-4-3,2004,1.0,1.0
4980,124-4-3,2008,1.0,1.0
4980,124-4-3,2009,1.0,1.0
4980,124-4-3,2012,1.0,1.0
4980,124-4-3,2013,1.0,1.0
4980,124-4-302,2001,1.0,1.0
4980,124-4-302,2002,1.0,1.0
4980,124-4-302,2012,1.0,1.0
4980,124-4-302,2013,1.0,1.0
4980,124-4-302,2019,1.0,1.0
4980,124-4-302,2022,1.0,1.0
4980,124-4-304,2000,1.0,0.0
4980,124-4-304,2002,1.0,1.0
4980,124-4-304,2008,1.0,1.0
4980,124-4-304,2013,1.0,1.0
4980,124-4-304,2018,1.0,1.0
4980,124-4-304,2019,1.0,1.0
4980,124-4-306,2012,1.0,1.0
4980,124-4-306,2013,1.0,1.0
4980,124-4-306,2019,1.0,1.0
4980,124-4-306,2022,1.0,1.0
4980,124-4-31,2001,1.0,1.0
4980,124-4-31,2003,1.0,1.0
4980,124-4-31,2007,1.0,0.0
4980,124-4-31,2009,1.0,1.0
4980,124-4-31,2010,1.0,1.0
4980,124-4-31,2017,1.0,1.0
4980,124-4-311,1998,1.0,0.0
4980,124-4-311,1999,1.0,1.0
4980,124-4-311,2000,1.0,1.0
4980,124-4-311,2003,1.0,1.0
4980,124-4-311,2008,1.0,1.0
4980,124-4-311,2009,1.0,1.0
4980,124-4-311,2010,1.0,1.0
4980,124-4-312,2003,1.0,1.0
4980,124-4-312,2009,1.0,1.0
4980,124-4-312,2013,1.0,1.0
4980,124-4-312,2019,1.0,1.0
4980,124-4-312,2022,1.0,1.0
4980,124-4-313,1998,1.0,0.0
4980,124-4-313,2001,1.0,1.0
4980,124-4-313,2003,1.0,1.0
4980,124-4-313,2008,1.0,0.0
4980,124-4-313,2009,1.0,1.0
4980,124-4-313,2013,1.0,1.0
4980,124-4-313,2019,1.0,1.0
4980,124-4-313,2022,1.0,1.0
4980,124-4-315,1998,1.0,0.0
4980,124-4-315,2000,1.0,1.0
4980,124-4-315,2001,1.0,1.0
4980,124-4-315,2004,1.0,1.0
4980,124-4-315,2008,1.0,0.0
4980,124-4-315,2010,1.0,1.0
4980,124-4-315,2011,1.0,1.0
4980,124-4-315,2019,1.0,1.0
4980,124-4-328,1998,1.0,1.0
4980,124-4-328,2007,1.0,1.0
4980,124-4-328,2013,1.0,0.0
4980,124-4-328,2022,1.0,1.0
4980,124-4-329,1998,1.0,1.0
4980,124-4-329,2003,1.0,0.0
4980,124-4-329,2009,1.0,0.0
4980,124-4-329,2010,1.0,1.0
4980,124-4-329,2013,1.0,1.0
4980,124-4-329,2022,1.0,1.0
4980,124-4-33,2009,1.0,0.0
4980,124-4-33,2013,1.0,0.0
4980,124-4-33,2014,1.0,1.0
4980,124-4-33,2022,1.0,1.0
4980,124-4-330,2004,1.0,1.0
4980,124-4-330,2007,1.0,1.0
4980,124-4-330,2008,1.0,1.0
4980,124-4-330,2009,1.0,1.0
4980,124-4-330,2010,1.0,1.0
4980,124-4-330,2012,1.0,0.0
4980,124-4-330,2013,1.0,1.0
4980,124-4-330,2017,1.0,1.0
4980,124-4-330,2022,1.0,1.0
4980,124-4-37,1999,1.0,1.0
4980,124-4-37,2007,1.0,1.0
4980,124-4-37,2011,1.0,1.0
4980,124-4-37,2019,1.0,1.0
4980,124-4-4,2000,1.0,1.0
4980,124-4-4,2001,1.0,1.0
4980,124-4-4,2002,1.0,1.0
4980,124-4-4,2004,1.0,1.0
4980,124-4-4,2008,1.0,1.0
4980,124-4-4,2013,1.0,1.0
4980,124-4-40,2001,1.0,1.0
4980,124-4-40,2003,1.0,1.0
4980,124-4-40,2007,1.0,1.0
4980,124-4-40,2009,1.0,1.0
4980,124-4-40,2010,1.0,1.0
4980,124-4-40,2012,1.0,1.0
4980,124-4-40,2013,1.0,1.0
4980,124-4-40,2014,1.0,1.0
4980,124-4-40,2017,1.0,1.0
4980,124-4-40,2022,1.0,0.0
4980,124-4-404,2008,1.0,1.0
4980,124-4-404,2013,1.0,1.0
4980,124-4-404,2018,1.0,1.0
4980,124-4-404,2019,1.0,1.0
4980,124-4-42,2007,1.0,0.0
4980,124-4-42,2008,1.0,1.0
4980,124-4-42,2010,1.0,0.0
4980,124-4-42,2013,1.0,0.0
4980,124-4-42,2014,1.0,1.0
4980,124-4-49,1999,1.0,1.0
4980,124-4-49,2004,1.0,1.0
4980,124-4-49,2007,1.0,1.0
4980,124-4-49,2009,1.0,0.0
4980,124-4-49,2013,1.0,1.0
4980,124-4-49,2019,1.0,0.0
4980,124-4-50,2004,1.0,1.0
4980,124-4-50,2008,1.0,1.0
4980,124-4-50,2010,1.0,1.0
4980,124-4-50,2013,1.0,1.0
4980,124-4-50,2017,1.0,1.0
4980,124-4-50,2018,1.0,1.0
4980,124-4-50,2022,1.0,1.0
4980,124-4-55,2000,1.0,1.0
4980,124-4-55,2003,1.0,1.0
4980,124-4-55,2005,1.0,1.0
4980,124-4-55,2008,1.0,0.0
4980,124-4-55,2010,1.0,1.0
4980,124-4-55,2012,1.0,1.0
4980,124-4-55,2013,1.0,1.0
4980,124-4-55,2014,1.0,1.0
4980,124-4-55,2017,1.0,1.0
4980,124-4-55,2018,1.0,1.0
4980,124-4-6,2000,1.0,0.0
4980,124-4-6,2003,1.0,1.0
4980,124-4-6,2013,1.0,0.0
4980,124-4-6,2022,1.0,0.0
4980,124-4-62,2007,1.0,1.0
4980,124-4-62,2008,1.0,1.0
4980,124-4-62,2019,1.0,0.0
4980,124-4-63,2007,1.0,1.0
4980,124-4-63,2008,1.0,1.0
4980,124-4-63,2010,1.0,1.0
4980,124-4-63,2012,1.0,1.0
4980,124-4-63,2013,1.0,1.0
4980,124-4-63,2014,1.0,1.0
4980,124-4-63,2017,1.0,1.0
4980,124-4-63,2019,1.0,0.0
4980,124-4-63,2022,1.0,1.0
4980,124-4-7,1999,1.0,1.0
4980,124-4-7,2000,1.0,1.0
4980,124-4-7,2004,1.0,1.0
4980,124-4-7,2008,1.0,1.0
4980,124-4-7,2009,1.0,1.0
4980,124-4-77,2001,1.0,0.0
4980,124-4-77,2005,1.0,1.0
4980,124-4-78,2022,1.0,0.0
4980,124-4-9,2000,1.0,1.0
4980,124-4-9,2001,1.0,1.0
4980,124-4-9,2004,1.0,0.0
4980,124-4-9,2008,1.0,1.0
4980,124-4-9,2012,1.0,1.0
4980,124-4-9,2013,1.0,1.0
4980,124-4-9,2022,1.0,0.0
4980,124-4-96,2000,1.0,1.0
4980,124-4-96,2012,1.0,1.0
4980,124-4-96,2018,1.0,1.0
4980,124-4-96,2019,1.0,1.0
4980,124-4-96,2022,1.0,1.0
4980,124-43-11,1999,1.0,0.0
4980,124-43-11,2000,1.0,1.0
4980,124-43-7,2000,1.0,0.0
4980,124-43-7,2002,1.0,1.0
4980,124-43-7,2007,1.0,1.0
4980,124-43-7,2008,1.0,1.0
4980,124-43-7,2017,1.0,1.0
4980,124-43-7,2018,1.0,1.0
4980,124-43-8,1999,1.0,0.0
4980,124-43-8,2000,1.0,1.0
4980,124-43-8,2007,1.0,0.0
4980,124-43-8,2008,1.0,1.0
4980,124-43-9,2001,1.0,1.0
4980,124-43-9,2002,1.0,1.0
4980,124-43-9,2008,1.0,1.0
4980,124-43-9,2010,1.0,1.0
4980,124-43-9,2011,1.0,1.0
4980,124-43-9,2017,1.0,1.0
4980,124-43-9,2018,1.0,1.0
4980,124-43-9,2022,1.0,1.0
4980,124-45-1,2005,1.0,0.0
4980,124-45-1,2007,1.0,1.0
4980,124-45-1,2013,1.0,1.0
4980,124-45-1,2015,1.0,1.0
4980,124-45-1,2016,1.0,1.0
4980,124-45-1,2017,1.0,1.0
4980,124-45-101,2003,1.0,1.0
4980,124-45-101,2013,1.0,1.0
4980,124-45-101,2015,1.0,1.0
4980,124-45-101,2016,1.0,1.0
4980,124-45-101,2017,1.0,1.0
4980,124-45-102,2002,1.0,1.0
4980,124-45-102,2003,1.0,1.0
4980,124-45-102,2005,1.0,1.0
4980,124-45-102,2007,1.0,1.0
4980,124-45-102,2013,1.0,1.0
4980,124-45-102,2015,1.0,1.0
4980,124-45-102,2016,1.0,1.0
4980,124-45-102,2017,1.0,1.0
4980,124-45-103,2003,1.0,1.0
4980,124-45-103,2005,1.0,1.0
4980,124-45-103,2007,1.0,0.0
4980,124-45-103,2016,1.0,1.0
4980,124-45-103,2017,1.0,1.0
4980,124-45-105,2003,1.0,1.0
4980,124-45-105,2007,1.0,1.0
4980,124-45-105,2013,1.0,1.0
4980,124-45-105,2015,1.0,1.0
4980,124-45-105,2016,1.0,1.0
4980,124-45-105,2017,1.0,1.0
4980,124-45-105,2019,1.0,1.0
4980,124-45-107,2003,1.0,1.0
4980,124-45-107,2005,1.0,1.0
4980,124-45-107,2017,1.0,1.0
4980,124-45-107,2022,1.0,0.0
4980,124-45-109,2007,1.0,1.0
4980,124-45-109,2013,1.0,1.0
4980,124-45-109,2015,1.0,1.0
4980,124-45-11,2007,1.0,0.0
4980,124-45-11,2013,1.0,1.0
4980,124-45-11,2017,1.0,1.0
4980,124-45-11,2019,1.0,1.0
4980,124-45-111,2003,1.0,1.0
4980,124-45-111,2005,1.0,1.0
4980,124-45-111,2010,1.0,1.0
4980,124-45-111,2017,1.0,1.0
4980,124-45-111,2022,1.0,1.0
4980,124-45-112,1998,1.0,1.0
4980,124-45-112,2001,1.0,1.0
4980,124-45-112,2008,1.0,0.0
4980,124-45-112,2010,1.0,0.0
4980,124-45-112,2016,1.0,1.0
4980,124-45-112,2022,1.0,0.0
4980,124-45-113,1999,1.0,1.0
4980,124-45-113,2005,1.0,1.0
4980,124-45-113,2007,1.0,1.0
4980,124-45-113,2011,1.0,1.0
4980,124-45-113,2015,1.0,1.0
4980,124-45-113,2016,1.0,1.0
4980,124-45-113,2017,1.0,1.0
4980,124-45-114,1999,1.0,1.0
4980,124-45-114,2005,1.0,0.0
4980,124-45-114,2008,1.0,1.0
4980,124-45-114,2010,1.0,1.0
4980,124-45-114,2011,1.0,1.0
4980,124-45-114,2014,1.0,0.0
4980,124-45-116,2005,1.0,1.0
4980,124-45-116,2007,1.0,0.0
4980,124-45-116,2017,1.0,1.0
4980,124-45-118,2001,1.0,0.0
4980,124-45-118,2007,1.0,1.0
4980,124-45-118,2008,1.0,1.0
4980,124-45-118,2010,1.0,1.0
4980,124-45-118,2011,1.0,1.0
4980,124-45-118,2014,1.0,1.0
4980,124-45-118,2022,1.0,0.0
4980,124-45-12,2005,1.0,0.0
4980,124-45-12,2007,1.0,1.0
4980,124-45-12,2011,1.0,1.0
4980,124-45-12,2015,1.0,0.0
4980,124-45-12,2016,1.0,1.0
4980,124-45-12,2017,1.0,1.0
4980,124-45-120,2003,1.0,1.0
4980,124-45-120,2012,1.0,1.0
4980,124-45-120,2013,1.0,1.0
4980,124-45-120,2016,1.0,1.0
4980,124-45-121,2003,1.0,1.0
4980,124-45-121,2005,1.0,1.0
4980,124-45-121,2007,1.0,1.0
4980,124-45-121,2010,1.0,1.0
4980,124-45-121,2017,1.0,1.0
4980,124-45-121,2022,1.0,1.0
4980,124-45-13,2003,1.0,1.0
4980,124-45-13,2005,1.0,1.0
4980,124-45-13,2007,1.0,1.0
4980,124-45-13,2013,1.0,1.0
4980,124-45-13,2015,1.0,1.0
4980,124-45-13,2016,1.0,1.0
4980,124-45-13,2017,1.0,1.0
4980,124-45-18,2005,1.0,1.0
4980,124-45-18,2017,1.0,1.0
4980,124-45-2,2003,1.0,1.0
4980,124-45-2,2005,1.0,1.0
4980,124-45-2,2007,1.0,1.0
4980,124-45-2,2013,1.0,1.0
4980,124-45-2,2015,1.0,1.0
4980,124-45-2,2016,1.0,1.0
4980,124-45-2,2017,1.0,1.0
4980,124-45-201,2005,1.0,0.0
4980,124-45-201,2013,1.0,1.0
4980,124-45-201,2015,1.0,1.0
4980,124-45-201,2016,1.0,1.0
4980,124-45-201,2017,1.0,1.0
4980,124-45-201,2022,1.0,1.0
4980,124-45-203,2003,1.0,1.0
4980,124-45-203,2005,1.0,1.0
4980,124-45-203,2013,1.0,1.0
4980,124-45-203,2015,1.0,1.0
4980,124-45-203,2016,1.0,1.0
4980,124-45-203,2017,1.0,1.0
4980,124-45-203,2019,1.0,1.0
4980,124-45-203,2022,1.0,1.0
4980,124-45-205,2003,1.0,1.0
4980,124-45-205,2005,1.0,1.0
4980,124-45-205,2013,1.0,1.0
4980,124-45-205,2015,1.0,1.0
4980,124-45-205,2016,1.0,1.0
4980,124-45-205,2017,1.0,1.0
4980,124-45-205,2019,1.0,1.0
4980,124-45-207,2003,1.0,1.0
4980,124-45-207,2005,1.0,0.0
4980,124-45-207,2010,1.0,1.0
4980,124-45-207,2022,1.0,0.0
4980,124-45-209,2003,1.0,1.0
4980,124-45-209,2007,1.0,1.0
4980,124-45-209,2013,1.0,1.0
4980,124-45-209,2017,1.0,1.0
4980,124-45-209,2019,1.0,1.0
4980,124-45-21,2003,1.0,1.0
4980,124-45-21,2005,1.0,1.0
4980,124-45-21,2007,1.0,1.0
4980,124-45-21,2010,1.0,1.0
4980,124-45-21,2022,1.0,1.0
4980,124-45-213,1999,1.0,0.0
4980,124-45-213,2005,1.0,1.0
4980,124-45-213,2007,1.0,1.0
4980,124-45-213,2011,1.0,1.0
4980,124-45-213,2015,1.0,1.0
4980,124-45-216,1999,1.0,0.0
4980,124-45-216,2008,1.0,1.0
4980,124-45-216,2010,1.0,1.0
4980,124-45-216,2011,1.0,1.0
4980,124-45-216,2022,1.0,1.0
4980,124-45-218,2003,1.0,1.0
4980,124-45-218,2007,1.0,1.0
4980,124-45-218,2013,1.0,1.0
4980,124-45-218,2016,1.0,1.0
4980,124-45-218,2017,1.0,1.0
4980,124-45-22,1999,1.0,0.0
4980,124-45-22,2005,1.0,1.0
4980,124-45-22,2007,1.0,1.0
4980,124-45-22,2008,1.0,1.0
4980,124-45-22,2010,1.0,0.0
4980,124-45-220,2001,1.0,1.0
4980,124-45-220,2005,1.0,1.0
4980,124-45-220,2007,1.0,1.0
4980,124-45-220,2010,1.0,1.0
4980,124-45-220,2011,1.0,1.0
4980,124-45-3,1999,1.0,0.0
4980,124-45-3,2001,1.0,1.0
4980,124-45-3,2008,1.0,1.0
4980,124-45-3,2010,1.0,1.0
4980,124-45-3,2011,1.0,1.0
4980,124-45-3,2014,1.0,1.0
4980,124-45-30,1998,1.0,0.0
4980,124-45-30,2001,1.0,1.0
4980,124-45-30,2009,1.0,0.0
4980,124-45-30,2011,1.0,0.0
4980,124-45-30,2013,1.0,1.0
4980,124-45-307,2007,1.0,0.0
4980,124-45-307,2013,1.0,1.0
4980,124-45-307,2015,1.0,1.0
4980,124-45-307,2017,1.0,1.0
4980,124-45-307,2019,1.0,1.0
4980,124-45-41,1999,1.0,1.0
4980,124-45-41,2005,1.0,0.0
4980,124-45-41,2007,1.0,0.0
4980,124-45-41,2011,1.0,1.0
4980,124-45-41,2015,1.0,0.0
4980,124-45-41,2016,1.0,1.0
4980,124-45-41,2019,1.0,1.0
4980,124-45-42,1999,1.0,1.0
4980,124-45-42,2005,1.0,1.0
4980,124-45-42,2013,1.0,1.0
4980,124-45-42,2016,1.0,1.0
4980,124-45-42,2019,1.0,1.0
4980,124-45-43,1999,1.0,1.0
4980,124-45-43,2005,1.0,0.0
4980,124-45-43,2007,1.0,1.0
4980,124-45-43,2008,1.0,1.0
4980,124-45-43,2010,1.0,1.0
4980,124-45-49,1998,1.0,0.0
4980,124-45-49,2005,1.0,1.0
4980,124-45-49,2010,1.0,1.0
4980,124-45-49,2011,1.0,1.0
4980,124-45-49,2012,1.0,1.0
4980,124-45-49,2019,1.0,1.0
4980,124-45-5,2003,1.0,1.0
4980,124-45-5,2005,1.0,1.0
4980,124-45-5,2013,1.0,1.0
4980,124-45-5,2015,1.0,0.0
4980,124-45-5,2016,1.0,1.0
4980,124-45-5,2017,1.0,1.0
4980,124-45-5,2019,1.0,1.0
4980,124-45-7,2013,1.0,1.0
4980,124-45-7,2015,1.0,1.0
4980,124-45-7,2017,1.0,1.0
4980,124-45-7,2019,1.0,1.0
4980,124-45-7,2022,1.0,1.0
4980,124-45-9,2007,1.0,1.0
4980,124-45-9,2013,1.0,1.0
4980,124-45-9,2015,1.0,1.0
4980,124-45-9,2017,1.0,1.0
4980,124-45-9,2019,1.0,1.0
4980,124-56-105,1998,1.0,1.0
4980,124-56-105,2007,1.0,1.0
4980,124-56-105,2009,1.0,0.0
4980,124-56-105,2011,1.0,0.0
4980,124-56-105,2016,1.0,1.0
4980,124-56-105,2017,1.0,1.0
4980,124-56-105,2023,1.0,0.0
4980,124-56-13,2005,1.0,1.0
4980,124-56-13,2008,1.0,1.0
4980,124-56-13,2009,1.0,1.0
4980,124-56-13,2010,1.0,1.0
4980,124-56-13,2012,1.0,1.0
4980,124-56-13,2013,1.0,1.0
4980,124-56-13,2016,1.0,1.0
4980,124-56-13,2019,1.0,1.0
4980,124-56-13,2023,1.0,1.0
4980,124-56-137,2003,1.0,1.0
4980,124-56-137,2007,1.0,0.0
4980,124-56-137,2013,1.0,0.0
4980,124-56-137,2017,1.0,0.0
4980,124-56-137,2019,1.0,0.0
4980,124-56-14,1998,1.0,1.0
4980,124-56-14,2000,1.0,1.0
4980,124-56-14,2003,1.0,1.0
4980,124-56-14,2006,1.0,1.0
4980,124-56-14,2012,1.0,0.0
4980,124-56-14,2013,1.0,1.0
4980,124-56-14,2015,1.0,0.0
4980,124-56-15,2000,1.0,1.0
4980,124-56-15,2003,1.0,1.0
4980,124-56-15,2005,1.0,1.0
4980,124-56-15,2007,1.0,1.0
4980,124-56-15,2008,1.0,1.0
4980,124-56-15,2009,1.0,1.0
4980,124-56-15,2010,1.0,1.0
4980,124-56-15,2013,1.0,1.0
4980,124-56-15,2016,1.0,1.0
4980,124-56-15,2019,1.0,1.0
4980,124-56-21,1998,1.0,1.0
4980,124-56-21,2000,1.0,1.0
4980,124-56-21,2007,1.0,1.0
4980,124-56-21,2008,1.0,1.0
4980,124-56-21,2009,1.0,1.0
4980,124-56-21,2010,1.0,1.0
4980,124-56-21,2011,1.0,1.0
4980,124-56-21,2012,1.0,1.0
4980,124-56-21,2013,1.0,1.0
4980,124-56-21,2016,1.0,1.0
4980,124-56-21,2019,1.0,1.0
4980,124-56-21,2023,1.0,0.0
4980,124-56-22,2003,1.0,1.0
4980,124-56-22,2007,1.0,1.0
4980,124-56-22,2008,1.0,1.0
4980,124-56-22,2009,1.0,1.0
4980,124-56-22,2010,1.0,1.0
4980,124-56-22,2013,1.0,1.0
4980,124-56-22,2014,1.0,1.0
4980,124-56-22,2017,1.0,1.0
4980,124-56-22,2019,1.0,1.0
4980,124-56-22,2022,1.0,0.0
4980,124-56-25,2000,1.0,0.0
4980,124-56-25,2007,1.0,0.0
4980,124-56-25,2010,1.0,0.0
4980,124-56-25,2012,1.0,0.0
4980,124-56-25,2013,1.0,1.0
4980,124-56-25,2016,1.0,1.0
4980,124-56-26,2000,1.0,0.0
4980,124-56-26,2010,1.0,0.0
4980,124-56-26,2019,1.0,0.0
4980,124-56-31,1998,1.0,1.0
4980,124-56-31,2000,1.0,1.0
4980,124-56-31,2007,1.0,0.0
4980,124-56-31,2010,1.0,1.0
4980,124-56-31,2014,1.0,1.0
4980,124-56-31,2017,1.0,1.0
4980,124-56-31,2019,1.0,1.0
4980,124-56-31,2023,1.0,1.0
4980,124-56-33,2004,1.0,0.0
4980,124-56-34,2009,1.0,0.0
4980,124-56-34,2011,1.0,0.0
4980,124-56-34,2012,1.0,1.0
4980,124-56-38,2000,1.0,1.0
4980,124-56-38,2003,1.0,1.0
4980,124-56-38,2005,1.0,1.0
4980,124-56-38,2006,1.0,1.0
4980,124-56-38,2007,1.0,1.0
4980,124-56-38,2008,1.0,1.0
4980,124-56-38,2009,1.0,1.0
4980,124-56-38,2011,1.0,1.0
4980,124-56-38,2012,1.0,1.0
4980,124-56-38,2016,1.0,0.0
4980,124-56-38,2017,1.0,1.0
4980,124-56-38,2022,1.0,0.0
4980,124-56-38,2023,1.0,1.0
4980,124-56-40,2005,1.0,0.0
4980,124-56-40,2008,1.0,0.0
4980,124-56-41,1998,1.0,1.0
4980,124-56-41,2000,1.0,1.0
4980,124-56-41,2003,1.0,1.0
4980,124-56-41,2005,1.0,1.0
4980,124-56-41,2006,1.0,1.0
4980,124-56-41,2007,1.0,1.0
4980,124-56-41,2011,1.0,1.0
4980,124-56-41,2012,1.0,1.0
4980,124-56-41,2013,1.0,1.0
4980,124-56-41,2017,1.0,1.0
4980,124-56-41,2019,1.0,1.0
4980,124-56-41,2023,1.0,1.0
4980,124-56-42,1998,1.0,1.0
4980,124-56-42,2000,1.0,0.0
4980,124-56-42,2005,1.0,1.0
4980,124-56-42,2007,1.0,1.0
4980,124-56-42,2008,1.0,1.0
4980,124-56-42,2009,1.0,1.0
4980,124-56-42,2010,1.0,1.0
4980,124-56-42,2013,1.0,1.0
4980,124-56-42,2014,1.0,1.0
4980,124-56-42,2017,1.0,1.0
4980,124-56-44,1998,1.0,1.0
4980,124-56-44,2000,1.0,1.0
4980,124-56-44,2003,1.0,0.0
4980,124-56-44,2012,1.0,0.0
4980,124-56-44,2014,1.0,0.0
4980,124-57-10,2008,1.0,0.0
4980,124-57-10,2016,1.0,1.0
4980,124-57-10,2017,1.0,1.0
4980,124-65-11,2000,1.0,0.0
4980,124-65-11,2022,1.0,0.0
4980,124-65-11,2023,1.0,1.0
4980,124-65-117,2000,1.0,1.0
4980,124-65-117,2003,1.0,1.0
4980,124-65-117,2005,1.0,1.0
4980,124-65-117,2008,1.0,1.0
4980,124-65-117,2009,1.0,1.0
4980,124-65-117,2010,1.0,1.0
4980,124-65-117,2013,1.0,1.0
4980,124-65-117,2014,1.0,1.0
4980,124-65-117,2017,1.0,1.0
4980,124-65-117,2022,1.0,1.0
4980,124-65-13,2000,1.0,1.0
4980,124-65-13,2007,1.0,0.0
4980,124-65-13,2009,1.0,0.0
4980,124-65-13,2010,1.0,1.0
4980,124-65-13,2012,1.0,0.0
4980,124-65-13,2014,1.0,1.0
4980,124-65-13,2019,1.0,1.0
4980,124-65-130,2000,1.0,0.0
4980,124-65-130,2005,1.0,0.0
4980,124-65-130,2014,1.0,1.0
4980,124-65-130,2017,1.0,1.0
4980,124-65-130,2022,1.0,1.0
4980,124-65-130,2023,1.0,1.0
4980,124-65-14,1998,1.0,1.0
4980,124-65-14,2000,1.0,1.0
4980,124-65-14,2003,1.0,1.0
4980,124-65-14,2005,1.0,1.0
4980,124-65-14,2008,1.0,1.0
4980,124-65-14,2009,1.0,1.0
4980,124-65-14,2010,1.0,1.0
4980,124-65-14,2014,1.0,1.0
4980,124-65-14,2023,1.0,1.0
4980,124-65-18,2005,1.0,1.0
4980,124-65-18,2008,1.0,0.0
4980,124-65-18,2009,1.0,1.0
4980,124-65-18,2010,1.0,1.0
4980,124-65-18,2013,1.0,1.0
4980,124-65-18,2017,1.0,1.0
4980,124-65-18,2022,1.0,1.0
4980,124-65-18,2023,1.0,1.0
4980,124-65-19,1998,1.0,1.0
4980,124-65-19,2000,1.0,1.0
4980,124-65-19,2003,1.0,1.0
4980,124-65-19,2005,1.0,1.0
4980,124-65-19,2008,1.0,1.0
4980,124-65-19,2009,1.0,1.0
4980,124-65-19,2010,1.0,1.0
4980,124-65-19,2014,1.0,1.0
4980,124-65-19,2017,1.0,1.0
4980,124-65-19,2019,1.0,1.0
4980,124-65-19,2023,1.0,1.0
4980,124-65-20,2000,1.0,1.0
4980,124-65-20,2005,1.0,1.0
4980,124-65-20,2008,1.0,1.0
4980,124-65-20,2009,1.0,1.0
4980,124-65-20,2010,1.0,1.0
4980,124-65-20,2014,1.0,1.0
4980,124-65-20,2017,1.0,1.0
4980,124-65-20,2019,1.0,1.0
4980,124-65-20,2023,1.0,1.0
4980,124-65-21,1998,1.0,0.0
4980,124-65-21,2000,1.0,1.0
4980,124-65-21,2005,1.0,1.0
4980,124-65-21,2007,1.0,1.0
4980,124-65-21,2010,1.0,0.0
4980,124-65-21,2014,1.0,1.0
4980,124-65-21,2017,1.0,1.0
4980,124-65-22,1998,1.0,1.0
4980,124-65-22,2000,1.0,1.0
4980,124-65-22,2007,1.0,0.0
4980,124-65-22,2023,1.0,1.0
4980,124-65-23,1998,1.0,1.0
4980,124-65-23,2000,1.0,0.0
4980,124-65-23,2005,1.0,1.0
4980,124-65-23,2007,1.0,0.0
4980,124-65-23,2012,1.0,0.0
4980,124-65-23,2014,1.0,1.0
4980,124-65-23,2019,1.0,1.0
4980,124-65-23,2023,1.0,1.0
4980,124-65-27,2000,1.0,1.0
4980,124-65-27,2003,1.0,0.0
4980,124-65-27,2007,1.0,0.0
4980,124-65-27,2008,1.0,1.0
4980,124-65-28,2000,1.0,1.0
4980,124-65-28,2003,1.0,1.0
4980,124-65-28,2005,1.0,1.0
4980,124-65-28,2007,1.0,1.0
4980,124-65-28,2008,1.0,1.0
4980,124-65-28,2009,1.0,1.0
4980,124-65-28,2010,1.0,1.0
4980,124-65-28,2014,1.0,0.0
4980,124-65-28,2017,1.0,1.0
4980,124-65-28,2023,1.0,0.0
4980,124-65-29,1998,1.0,1.0
4980,124-65-29,2000,1.0,1.0
4980,124-65-29,2005,1.0,0.0
4980,124-65-29,2006,1.0,1.0
4980,124-65-29,2007,1.0,1.0
4980,124-65-29,2008,1.0,1.0
4980,124-65-29,2009,1.0,1.0
4980,124-65-29,2014,1.0,0.0
4980,124-65-29,2017,1.0,1.0
4980,124-65-3,2018,1.0,0.0
4980,124-65-31,1998,1.0,1.0
4980,124-65-31,2000,1.0,1.0
4980,124-65-31,2006,1.0,0.0
4980,124-65-31,2007,1.0,1.0
4980,124-65-31,2008,1.0,1.0
4980,124-65-31,2012,1.0,1.0
4980,124-65-31,2014,1.0,1.0
4980,124-65-31,2017,1.0,0.0
4980,124-65-31,2022,1.0,1.0
4980,124-65-31,2023,1.0,1.0
4980,124-65-33,2000,1.0,1.0
4980,124-65-33,2007,1.0,1.0
4980,124-65-33,2008,1.0,1.0
4980,124-65-33,2011,1.0,1.0
4980,124-65-33,2014,1.0,0.0
4980,124-65-33,2019,1.0,1.0
4980,124-65-33,2023,1.0,1.0
4980,124-65-34,2013,1.0,0.0
4980,124-65-34,2014,1.0,1.0
4980,124-65-34,2016,1.0,1.0
4980,124-65-34,2022,1.0,1.0
4980,124-65-34,2023,1.0,1.0
4980,124-65-35,2000,1.0,1.0
4980,124-65-35,2011,1.0,0.0
4980,124-65-35,2013,1.0,0.0
4980,124-65-35,2016,1.0,1.0
4980,124-65-35,2017,1.0,1.0
4980,124-65-35,2019,1.0,1.0
4980,124-65-35,2023,1.0,1.0
4980,124-65-36,2003,1.0,0.0
4980,124-65-36,2007,1.0,1.0
4980,124-65-36,2009,1.0,1.0
4980,124-65-36,2017,1.0,1.0
4980,124-65-38,2001,1.0,0.0
4980,124-65-38,2016,1.0,1.0
4980,124-65-38,2023,1.0,0.0
4980,124-65-7,1998,1.0,0.0
4980,124-65-7,2000,1.0,1.0
4980,124-65-7,2012,1.0,1.0
4980,124-65-7,2014,1.0,0.0
4980,124-65-7,2016,1.0,1.0
4980,124-65-7,2019,1.0,1.0
4980,124-65-7,2023,1.0,1.0
4980,124-65-9,2002,1.0,0.0
4980,124-65-9,2004,1.0,0.0
4980,124-65-9,2016,1.0,1.0
4980,124-68-10,2006,1.0,0.0
4980,124-68-10,2008,1.0,1.0
4980,124-68-10,2010,1.0,1.0
4980,124-68-10,2014,1.0,1.0
4980,124-68-10,2016,1.0,1.0
4980,124-68-10,2017,1.0,1.0
4980,124-68-10,2018,1.0,1.0
4980,124-68-10,2022,1.0,1.0
4980,124-68-10,2023,1.0,1.0
4980,124-68-11,1998,1.0,1.0
4980,124-68-11,2001,1.0,1.0
4980,124-68-11,2006,1.0,0.0
4980,124-68-11,2007,1.0,1.0
4980,124-68-11,2010,1.0,1.0
4980,124-68-11,2011,1.0,1.0
4980,124-68-11,2014,1.0,1.0
4980,124-68-11,2016,1.0,1.0
4980,124-68-11,2022,1.0,1.0
4980,124-68-11,2023,1.0,1.0
4980,124-68-113,1998,1.0,1.0
4980,124-68-113,2001,1.0,1.0
4980,124-68-113,2003,1.0,1.0
4980,124-68-113,2006,1.0,1.0
4980,124-68-113,2008,1.0,1.0
4980,124-68-113,2010,1.0,1.0
4980,124-68-113,2011,1.0,1.0
4980,124-68-113,2014,1.0,1.0
4980,124-68-113,2016,1.0,1.0
4980,124-68-113,2023,1.0,1.0
4980,124-68-117,1998,1.0,1.0
4980,124-68-117,2001,1.0,1.0
4980,124-68-117,2010,1.0,1.0
4980,124-68-117,2013,1.0,1.0
4980,124-68-119,1998,1.0,1.0
4980,124-68-119,2008,1.0,1.0
4980,124-68-119,2010,1.0,1.0
4980,124-68-119,2013,1.0,1.0
4980,124-68-119,2017,1.0,1.0
4980,124-68-12,1998,1.0,1.0
4980,124-68-12,2001,1.0,1.0
4980,124-68-12,2003,1.0,1.0
4980,124-68-12,2006,1.0,1.0
4980,124-68-12,2008,1.0,1.0
4980,124-68-12,2010,1.0,1.0
4980,124-68-12,2011,1.0,1.0
4980,124-68-12,2014,1.0,1.0
4980,124-68-12,2018,1.0,1.0
4980,124-68-127,2001,1.0,1.0
4980,124-68-127,2010,1.0,1.0
4980,124-68-127,2011,1.0,1.0
4980,124-68-127,2018,1.0,1.0
4980,124-68-14,1998,1.0,1.0
4980,124-68-14,2008,1.0,1.0
4980,124-68-14,2011,1.0,1.0
4980,124-68-14,2022,1.0,1.0
4980,124-68-142,2001,1.0,1.0
4980,124-68-142,2002,1.0,1.0
4980,124-68-142,2010,1.0,0.0
4980,124-68-142,2013,1.0,1.0
4980,124-68-142,2014,1.0,1.0
4980,124-68-142,2016,1.0,1.0
4980,124-68-142,2017,1.0,1.0
4980,124-68-142,2018,1.0,1.0
4980,124-68-15,1998,1.0,1.0
4980,124-68-15,2001,1.0,1.0
4980,124-68-15,2003,1.0,1.0
4980,124-68-15,2006,1.0,1.0
4980,124-68-15,2008,1.0,1.0
4980,124-68-15,2010,1.0,1.0
4980,124-68-15,2011,1.0,1.0
4980,124-68-15,2014,1.0,1.0
4980,124-68-15,2018,1.0,1.0
4980,124-68-16,2011,1.0,1.0
4980,124-68-16,2013,1.0,1.0
4980,124-68-16,2014,1.0,1.0
4980,124-68-16,2018,1.0,1.0
4980,124-68-18,1998,1.0,1.0
4980,124-68-18,2008,1.0,1.0
4980,124-68-18,2010,1.0,1.0
4980,124-68-18,2013,1.0,1.0
4980,124-68-18,2017,1.0,1.0
4980,124-68-2,2006,1.0,0.0
4980,124-68-2,2008,1.0,1.0
4980,124-68-2,2011,1.0,1.0
4980,124-68-2,2014,1.0,1.0
4980,124-68-2,2016,1.0,1.0
4980,124-68-2,2017,1.0,1.0
4980,124-68-2,2018,1.0,1.0
4980,124-68-2,2022,1.0,1.0
4980,124-68-2,2023,1.0,1.0
4980,124-68-20,2001,1.0,1.0
4980,124-68-20,2008,1.0,1.0
4980,124-68-20,2013,1.0,1.0
4980,124-68-20,2014,1.0,1.0
4980,124-68-20,2018,1.0,0.0
4980,124-68-20,2022,1.0,1.0
4980,124-68-202,2001,1.0,1.0
4980,124-68-202,2002,1.0,1.0
4980,124-68-202,2009,1.0,1.0
4980,124-68-202,2013,1.0,0.0
4980,124-68-202,2017,1.0,0.0
4980,124-68-203,1998,1.0,1.0
4980,124-68-203,2006,1.0,1.0
4980,124-68-203,2014,1.0,1.0
4980,124-68-203,2016,1.0,1.0
4980,124-68-203,2017,1.0,1.0
4980,124-68-203,2018,1.0,1.0
4980,124-68-207,2006,1.0,1.0
4980,124-68-207,2008,1.0,1.0
4980,124-68-207,2010,1.0,1.0
4980,124-68-207,2014,1.0,1.0
4980,124-68-207,2018,1.0,1.0
4980,124-68-207,2022,1.0,1.0
4980,124-68-208,1998,1.0,1.0
4980,124-68-208,2001,1.0,0.0
4980,124-68-208,2014,1.0,1.0
4980,124-68-208,2016,1.0,1.0
4980,124-68-208,2018,1.0,1.0
4980,124-68-208,2023,1.0,0.0
4980,124-68-209,2001,1.0,0.0
4980,124-68-209,2008,1.0,1.0
4980,124-68-209,2014,1.0,1.0
4980,124-68-209,2016,1.0,1.0
4980,124-68-209,2017,1.0,1.0
4980,124-68-209,2018,1.0,1.0
4980,124-68-209,2022,1.0,1.0
4980,124-68-209,2023,1.0,1.0
4980,124-68-210,2006,1.0,0.0
4980,124-68-210,2008,1.0,1.0
4980,124-68-210,2010,1.0,1.0
4980,124-68-210,2014,1.0,1.0
4980,124-68-210,2016,1.0,1.0
4980,124-68-210,2017,1.0,1.0
4980,124-68-210,2022,1.0,1.0
4980,124-68-210,2023,1.0,1.0
4980,124-68-211,2001,1.0,1.0
4980,124-68-211,2003,1.0,1.0
4980,124-68-211,2006,1.0,1.0
4980,124-68-211,2008,1.0,1.0
4980,124-68-211,2010,1.0,1.0
4980,124-68-211,2011,1.0,1.0
4980,124-68-211,2014,1.0,1.0
4980,124-68-211,2016,1.0,1.0
4980,124-68-211,2023,1.0,1.0
4980,124-68-213,2006,1.0,1.0
4980,124-68-213,2008,1.0,0.0
4980,124-68-213,2010,1.0,0.0
4980,124-68-213,2011,1.0,1.0
4980,124-68-213,2023,1.0,1.0
4980,124-68-214,1998,1.0,1.0
4980,124-68-214,2001,1.0,1.0
4980,124-68-214,2006,1.0,1.0
4980,124-68-214,2010,1.0,1.0
4980,124-68-214,2011,1.0,1.0
4980,124-68-214,2014,1.0,1.0
4980,124-68-214,2018,1.0,1.0
4980,124-68-215,1998,1.0,1.0
4980,124-68-215,2008,1.0,0.0
4980,124-68-215,2010,1.0,1.0
4980,124-68-215,2011,1.0,1.0
4980,124-68-215,2016,1.0,0.0
4980,124-68-215,2018,1.0,1.0
4980,124-68-216,1998,1.0,1.0
4980,124-68-216,2001,1.0,1.0
4980,124-68-216,2006,1.0,1.0
4980,124-68-216,2008,1.0,1.0
4980,124-68-216,2010,1.0,1.0
4980,124-68-216,2011,1.0,1.0
4980,124-68-216,2014,1.0,1.0
4980,124-68-216,2018,1.0,1.0
4980,124-68-217,1998,1.0,1.0
4980,124-68-217,2001,1.0,1.0
4980,124-68-217,2010,1.0,1.0
4980,124-68-217,2013,1.0,1.0
4980,124-68-217,2016,1.0,1.0
4980,124-68-217,2018,1.0,0.0
4980,124-68-218,2008,1.0,1.0
4980,124-68-218,2010,1.0,1.0
4980,124-68-218,2011,1.0,1.0
4980,124-68-218,2013,1.0,1.0
4980,124-68-218,2022,1.0,0.0
4980,124-68-219,2001,1.0,0.0
4980,124-68-219,2002,1.0,1.0
4980,124-68-219,2006,1.0,1.0
4980,124-68-219,2008,1.0,1.0
4980,124-68-219,2010,1.0,1.0
4980,124-68-219,2014,1.0,1.0
4980,124-68-219,2016,1.0,1.0
4980,124-68-219,2022,1.0,1.0
4980,124-68-22,2001,1.0,1.0
4980,124-68-22,2002,1.0,1.0
4980,124-68-22,2008,1.0,1.0
4980,124-68-22,2013,1.0,1.0
4980,124-68-22,2014,1.0,1.0
4980,124-68-22,2017,1.0,1.0
4980,124-68-22,2018,1.0,1.0
4980,124-68-22,2022,1.0,1.0
4980,124-68-220,2002,1.0,0.0
4980,124-68-220,2008,1.0,1.0
4980,124-68-220,2010,1.0,1.0
4980,124-68-220,2013,1.0,1.0
4980,124-68-220,2017,1.0,0.0
4980,124-68-220,2018,1.0,1.0
4980,124-68-223,1998,1.0,1.0
4980,124-68-223,2003,1.0,0.0
4980,124-68-223,2006,1.0,1.0
4980,124-68-223,2007,1.0,1.0
4980,124-68-223,2010,1.0,1.0
4980,124-68-223,2011,1.0,1.0
4980,124-68-223,2012,1.0,1.0
4980,124-68-223,2014,1.0,1.0
4980,124-68-223,2022,1.0,1.0
4980,124-68-223,2023,1.0,1.0
4980,124-68-224,1998,1.0,1.0
4980,124-68-224,2001,1.0,1.0
4980,124-68-224,2006,1.0,1.0
4980,124-68-224,2007,1.0,1.0
4980,124-68-224,2011,1.0,0.0
4980,124-68-224,2014,1.0,1.0
4980,124-68-224,2016,1.0,1.0
4980,124-68-224,2022,1.0,1.0
4980,124-68-224,2023,1.0,1.0
4980,124-68-225,2006,1.0,1.0
4980,124-68-225,2007,1.0,1.0
4980,124-68-225,2008,1.0,1.0
4980,124-68-225,2011,1.0,0.0
4980,124-68-225,2014,1.0,1.0
4980,124-68-225,2016,1.0,1.0
4980,124-68-225,2022,1.0,1.0
4980,124-68-225,2023,1.0,1.0
4980,124-68-233,2008,1.0,1.0
4980,124-68-233,2009,1.0,1.0
4980,124-68-233,2011,1.0,1.0
4980,124-68-233,2014,1.0,1.0
4980,124-68-233,2017,1.0,1.0
4980,124-68-233,2018,1.0,1.0
4980,124-68-233,2022,1.0,1.0
4980,124-68-238,2001,1.0,0.0
4980,124-68-238,2010,1.0,1.0
4980,124-68-238,2013,1.0,1.0
4980,124-68-238,2014,1.0,1.0
4980,124-68-238,2016,1.0,1.0
4980,124-68-238,2018,1.0,1.0
4980,124-68-238,2022,1.0,1.0
4980,124-68-242,2002,1.0,0.0
4980,124-68-242,2008,1.0,1.0
4980,124-68-242,2010,1.0,1.0
4980,124-68-242,2011,1.0,1.0
4980,124-68-242,2013,1.0,1.0
4980,124-68-242,2014,1.0,1.0
4980,124-68-25,2001,1.0,1.0
4980,124-68-25,2006,1.0,1.0
4980,124-68-25,2007,1.0,1.0
4980,124-68-25,2008,1.0,1.0
4980,124-68-25,2010,1.0,1.0
4980,124-68-25,2011,1.0,1.0
4980,124-68-25,2014,1.0,1.0
4980,124-68-25,2016,1.0,1.0
4980,124-68-251,1998,1.0,1.0
4980,124-68-251,2006,1.0,1.0
4980,124-68-251,2010,1.0,1.0
4980,124-68-251,2011,1.0,1.0
4980,124-68-251,2016,1.0,1.0
4980,124-68-251,2018,1.0,1.0
4980,124-68-251,2022,1.0,1.0
4980,124-68-252,1998,1.0,1.0
4980,124-68-252,2008,1.0,1.0
4980,124-68-252,2010,1.0,1.0
4980,124-68-252,2013,1.0,1.0
4980,124-68-26,2001,1.0,1.0
4980,124-68-26,2006,1.0,1.0
4980,124-68-26,2007,1.0,1.0
4980,124-68-26,2008,1.0,1.0
4980,124-68-26,2011,1.0,1.0
4980,124-68-26,2014,1.0,1.0
4980,124-68-26,2016,1.0,1.0
4980,124-68-274,2009,1.0,0.0
4980,124-68-274,2015,1.0,0.0
4980,124-68-28,2007,1.0,1.0
4980,124-68-28,2010,1.0,1.0
4980,124-68-28,2013,1.0,1.0
4980,124-68-28,2014,1.0,1.0
4980,124-68-28,2017,1.0,1.0
4980,124-68-28,2018,1.0,1.0
4980,124-68-28,2022,1.0,1.0
4980,124-68-29,1998,1.0,0.0
4980,124-68-29,2000,1.0,1.0
4980,124-68-29,2001,1.0,1.0
4980,124-68-29,2002,1.0,1.0
4980,124-68-29,2006,1.0,0.0
4980,124-68-29,2011,1.0,1.0
4980,124-68-29,2014,1.0,1.0
4980,124-68-29,2016,1.0,0.0
4980,124-68-29,2017,1.0,1.0
4980,124-68-29,2018,1.0,1.0
4980,124-68-29,2023,1.0,1.0
4980,124-68-296,1998,1.0,0.0
4980,124-68-296,2013,1.0,1.0
4980,124-68-296,2014,1.0,1.0
4980,124-68-296,2016,1.0,1.0
4980,124-68-296,2018,1.0,1.0
4980,124-68-296,2022,1.0,1.0
4980,124-68-297,2000,1.0,1.0
4980,124-68-297,2002,1.0,1.0
4980,124-68-297,2007,1.0,1.0
4980,124-68-297,2013,1.0,0.0
4980,124-68-297,2017,1.0,1.0
4980,124-68-298,2000,1.0,1.0
4980,124-68-298,2002,1.0,1.0
4980,124-68-298,2017,1.0,1.0
4980,124-68-299,2001,1.0,1.0
4980,124-68-299,2002,1.0,1.0
4980,124-68-299,2006,1.0,1.0
4980,124-68-299,2008,1.0,1.0
4980,124-68-299,2010,1.0,0.0
4980,124-68-299,2014,1.0,1.0
4980,124-68-299,2016,1.0,1.0
4980,124-68-299,2018,1.0,1.0
4980,124-68-299,2022,1.0,1.0
4980,124-68-299,2023,1.0,1.0
4980,124-68-300,1998,1.0,0.0
4980,124-68-300,2011,1.0,0.0
4980,124-68-300,2013,1.0,1.0
4980,124-68-300,2014,1.0,1.0
4980,124-68-300,2018,1.0,1.0
4980,124-68-300,2022,1.0,1.0
4980,124-68-303,1998,1.0,1.0
4980,124-68-303,1999,1.0,1.0
4980,124-68-303,2006,1.0,0.0
4980,124-68-303,2016,1.0,0.0
4980,124-68-303,2017,1.0,1.0
4980,124-68-303,2018,1.0,1.0
4980,124-68-303,2022,1.0,1.0
4980,124-68-303,2023,1.0,1.0
4980,124-68-308,1998,1.0,1.0
4980,124-68-308,2001,1.0,1.0
4980,124-68-308,2008,1.0,1.0
4980,124-68-308,2010,1.0,1.0
4980,124-68-308,2014,1.0,1.0
4980,124-68-308,2016,1.0,1.0
4980,124-68-308,2018,1.0,1.0
4980,124-68-308,2022,1.0,1.0
4980,124-68-308,2023,1.0,1.0
4980,124-68-312,2006,1.0,1.0
4980,124-68-312,2008,1.0,1.0
4980,124-68-312,2010,1.0,1.0
4980,124-68-312,2011,1.0,1.0
4980,124-68-312,2014,1.0,1.0
4980,124-68-312,2018,1.0,1.0
4980,124-68-314,1998,1.0,1.0
4980,124-68-314,2001,1.0,0.0
4980,124-68-314,2010,1.0,0.0
4980,124-68-314,2011,1.0,1.0
4980,124-68-314,2013,1.0,0.0
4980,124-68-314,2014,1.0,1.0
4980,124-68-314,2018,1.0,1.0
4980,124-68-316,1998,1.0,0.0
4980,124-68-316,2010,1.0,1.0
4980,124-68-316,2018,1.0,1.0
4980,124-68-317,1998,1.0,1.0
4980,124-68-317,2008,1.0,1.0
4980,124-68-317,2010,1.0,1.0
4980,124-68-317,2011,1.0,1.0
4980,124-68-317,2013,1.0,0.0
4980,124-68-319,1998,1.0,1.0
4980,124-68-319,2010,1.0,1.0
4980,124-68-319,2011,1.0,1.0
4980,124-68-319,2013,1.0,1.0
4980,124-68-319,2018,1.0,1.0
4980,124-68-319,2022,1.0,1.0
4980,124-68-323,2006,1.0,0.0
4980,124-68-323,2007,1.0,1.0
4980,124-68-323,2010,1.0,1.0
4980,124-68-323,2011,1.0,1.0
4980,124-68-323,2014,1.0,0.0
4980,124-68-323,2016,1.0,1.0
4980,124-68-324,1998,1.0,1.0
4980,124-68-324,2001,1.0,1.0
4980,124-68-324,2006,1.0,1.0
4980,124-68-324,2007,1.0,1.0
4980,124-68-324,2011,1.0,0.0
4980,124-68-325,2001,1.0,1.0
4980,124-68-325,2006,1.0,0.0
4980,124-68-325,2007,1.0,1.0
4980,124-68-325,2008,1.0,1.0
4980,124-68-325,2011,1.0,0.0
4980,124-68-325,2014,1.0,1.0
4980,124-68-326,2003,1.0,1.0
4980,124-68-326,2007,1.0,1.0
4980,124-68-326,2008,1.0,1.0
4980,124-68-326,2010,1.0,0.0
4980,124-68-326,2011,1.0,1.0
4980,124-68-326,2016,1.0,1.0
4980,124-68-338,2001,1.0,0.0
4980,124-68-338,2010,1.0,1.0
4980,124-68-338,2013,1.0,1.0
4980,124-68-338,2016,1.0,1.0
4980,124-68-338,2017,1.0,1.0
4980,124-68-338,2022,1.0,1.0
4980,124-68-35,1999,1.0,0.0
4980,124-68-35,2001,1.0,1.0
4980,124-68-35,2002,1.0,1.0
4980,124-68-35,2013,1.0,1.0
4980,124-68-35,2018,1.0,0.0
4980,124-68-35,2022,1.0,1.0
4980,124-68-350,1998,1.0,1.0
4980,124-68-350,2001,1.0,0.0
4980,124-68-350,2006,1.0,1.0
4980,124-68-350,2007,1.0,1.0
4980,124-68-350,2014,1.0,1.0
4980,124-68-350,2016,1.0,1.0
4980,124-68-36,2010,1.0,1.0
4980,124-68-36,2017,1.0,0.0
4980,124-68-36,2019,1.0,0.0
4980,124-68-37,2001,1.0,1.0
4980,124-68-37,2002,1.0,1.0
4980,124-68-37,2011,1.0,1.0
4980,124-68-37,2013,1.0,0.0
4980,124-68-37,2014,1.0,1.0
4980,124-68-37,2017,1.0,1.0
4980,124-68-37,2018,1.0,1.0
4980,124-68-39,2001,1.0,1.0
4980,124-68-39,2006,1.0,1.0
4980,124-68-39,2008,1.0,1.0
4980,124-68-39,2010,1.0,1.0
4980,124-68-39,2011,1.0,1.0
4980,124-68-39,2013,1.0,1.0
4980,124-68-39,2016,1.0,1.0
4980,124-68-39,2017,1.0,1.0
4980,124-68-39,2018,1.0,1.0
4980,124-68-39,2022,1.0,1.0
4980,124-68-4,2006,1.0,0.0
4980,124-68-4,2008,1.0,1.0
4980,124-68-4,2011,1.0,1.0
4980,124-68-4,2014,1.0,0.0
4980,124-68-4,2016,1.0,1.0
4980,124-68-4,2017,1.0,1.0
4980,124-68-4,2018,1.0,1.0
4980,124-68-43,2003,1.0,0.0
4980,124-68-43,2023,1.0,1.0
4980,124-68-44,2003,1.0,1.0
4980,124-68-44,2008,1.0,0.0
4980,124-68-44,2010,1.0,0.0
4980,124-68-44,2011,1.0,1.0
4980,124-68-44,2013,1.0,0.0
4980,124-68-44,2016,1.0,1.0
4980,124-68-47,1998,1.0,1.0
4980,124-68-47,2008,1.0,0.0
4980,124-68-47,2009,1.0,1.0
4980,124-68-47,2010,1.0,1.0
4980,124-68-47,2011,1.0,1.0
4980,124-68-47,2014,1.0,1.0
4980,124-68-47,2016,1.0,1.0
4980,124-68-47,2017,1.0,1.0
4980,124-68-47,2018,1.0,1.0
4980,124-68-49,2001,1.0,0.0
4980,124-68-49,2008,1.0,1.0
4980,124-68-49,2010,1.0,0.0
4980,124-68-49,2013,1.0,1.0
4980,124-68-49,2014,1.0,1.0
4980,124-68-49,2016,1.0,1.0
4980,124-68-49,2022,1.0,1.0
4980,124-68-5,1998,1.0,1.0
4980,124-68-5,2001,1.0,1.0
4980,124-68-5,2002,1.0,1.0
4980,124-68-5,2006,1.0,1.0
4980,124-68-5,2008,1.0,1.0
4980,124-68-5,2010,1.0,1.0
4980,124-68-5,2014,1.0,1.0
4980,124-68-5,2016,1.0,1.0
4980,124-68-5,2018,1.0,1.0
4980,124-68-5,2022,1.0,1.0
4980,124-68-5,2023,1.0,1.0
4980,124-68-50,2001,1.0,1.0
4980,124-68-50,2006,1.0,1.0
4980,124-68-50,2007,1.0,1.0
4980,124-68-50,2008,1.0,1.0
4980,124-68-50,2011,1.0,0.0
4980,124-68-52,2008,1.0,0.0
4980,124-68-52,2010,1.0,0.0
4980,124-68-52,2011,1.0,1.0
4980,124-68-52,2013,1.0,1.0
4980,124-68-52,2017,1.0,1.0
4980,124-68-52,2022,1.0,0.0
4980,124-68-53,2001,1.0,0.0
4980,124-68-53,2003,1.0,0.0
4980,124-68-53,2005,1.0,1.0
4980,124-68-53,2015,1.0,1.0
4980,124-68-53,2019,1.0,0.0
4980,124-68-54,2002,1.0,1.0
4980,124-68-54,2005,1.0,1.0
4980,124-68-54,2007,1.0,1.0
4980,124-68-54,2013,1.0,1.0
4980,124-68-54,2015,1.0,1.0
4980,124-68-54,2017,1.0,1.0
4980,124-68-57,2000,1.0,0.0
4980,124-68-57,2001,1.0,1.0
4980,124-68-57,2013,1.0,1.0
4980,124-68-59,1998,1.0,0.0
4980,124-68-59,1999,1.0,1.0
4980,124-68-59,2010,1.0,1.0
4980,124-68-59,2013,1.0,0.0
4980,124-68-59,2014,1.0,1.0
4980,124-68-59,2018,1.0,0.0
4980,124-68-6,1998,1.0,1.0
4980,124-68-6,2001,1.0,1.0
4980,124-68-6,2008,1.0,1.0
4980,124-68-6,2010,1.0,1.0
4980,124-68-6,2014,1.0,1.0
4980,124-68-6,2016,1.0,1.0
4980,124-68-65,2001,1.0,0.0
4980,124-68-65,2017,1.0,1.0
4980,124-68-66,1999,1.0,1.0
4980,124-68-66,2001,1.0,1.0
4980,124-68-66,2010,1.0,1.0
4980,124-68-66,2013,1.0,1.0
4980,124-68-66,2016,1.0,1.0
4980,124-68-66,2022,1.0,0.0
4980,124-68-7,2001,1.0,1.0
4980,124-68-7,2011,1.0,1.0
4980,124-68-7,2014,1.0,1.0
4980,124-68-7,2017,1.0,1.0
4980,124-68-8,2001,1.0,1.0
4980,124-68-8,2002,1.0,1.0
4980,124-68-8,2014,1.0,1.0
4980,124-68-8,2016,1.0,1.0
4980,124-68-8,2017,1.0,1.0
4980,124-68-83,2001,1.0,1.0
4980,124-68-83,2006,1.0,1.0
4980,124-68-83,2007,1.0,1.0
4980,124-68-83,2008,1.0,1.0
4980,124-68-83,2014,1.0,0.0
4980,124-68-83,2016,1.0,1.0
4980,124-68-9,2001,1.0,0.0
4980,124-68-9,2013,1.0,1.0
4980,124-75-5,1998,1.0,1.0
4980,124-75-5,2000,1.0,1.0
4980,124-75-5,2003,1.0,1.0
4980,124-75-5,2007,1.0,1.0
4980,124-75-5,2008,1.0,1.0
4980,124-75-5,2010,1.0,1.0
4980,124-75-5,2014,1.0,1.0
4980,124-75-5,2019,1.0,1.0
4980,124-75-9,1998,1.0,1.0
4980,124-75-9,2000,1.0,1.0
4980,124-75-9,2003,1.0,1.0
4980,124-75-9,2007,1.0,1.0
4980,124-75-9,2010,1.0,1.0
4980,124-75-9,2014,1.0,1.0
4980,124-75-9,2019,1.0,1.0
4980,124-75-9,2023,1.0,1.0
4980,124-76-1,2003,1.0,1.0
4980,124-76-1,2006,1.0,1.0
4980,124-76-1,2007,1.0,1.0
4980,124-76-1,2008,1.0,1.0
4980,124-76-1,2010,1.0,1.0
4980,124-76-1,2011,1.0,1.0
4980,124-76-1,2014,1.0,1.0
4980,124-76-1,2016,1.0,1.0
4980,124-76-1,2022,1.0,1.0
4980,124-76-109,1998,1.0,1.0
4980,124-76-109,2016,1.0,1.0
4980,124-76-109,2017,1.0,1.0
4980,124-76-109,2022,1.0,1.0
4980,124-76-109,2023,1.0,1.0
4980,124-76-113,2009,1.0,1.0
4980,124-76-113,2010,1.0,1.0
4980,124-76-113,2016,1.0,0.0
4980,124-76-113,2017,1.0,1.0
4980,124-76-113,2022,1.0,1.0
4980,124-76-12,2003,1.0,1.0
4980,124-76-12,2007,1.0,1.0
4980,124-76-12,2010,1.0,1.0
4980,124-76-12,2011,1.0,1.0
4980,124-76-12,2014,1.0,1.0
4980,124-76-12,2016,1.0,0.0
4980,124-76-12,2022,1.0,0.0
4980,124-76-120,1998,1.0,1.0
4980,124-76-120,2003,1.0,1.0
4980,124-76-120,2007,1.0,1.0
4980,124-76-120,2008,1.0,1.0
4980,124-76-120,2010,1.0,1.0
4980,124-76-120,2011,1.0,1.0
4980,124-76-120,2012,1.0,1.0
4980,124-76-120,2016,1.0,1.0
4980,124-76-120,2017,1.0,1.0
4980,124-76-120,2022,1.0,1.0
4980,124-76-120,2023,1.0,1.0
4980,124-76-121,1998,1.0,0.0
4980,124-76-121,2003,1.0,1.0
4980,124-76-121,2008,1.0,0.0
4980,124-76-121,2010,1.0,1.0
4980,124-76-121,2011,1.0,1.0
4980,124-76-121,2016,1.0,1.0
4980,124-76-121,2017,1.0,1.0
4980,124-76-121,2022,1.0,1.0
4980,124-76-121,2023,1.0,1.0
4980,124-76-125,2008,1.0,1.0
4980,124-76-125,2010,1.0,1.0
4980,124-76-125,2011,1.0,1.0
4980,124-76-125,2014,1.0,1.0
4980,124-76-125,2016,1.0,1.0
4980,124-76-125,2017,1.0,1.0
4980,124-76-125,2018,1.0,1.0
4980,124-76-127,2001,1.0,1.0
4980,124-76-127,2007,1.0,0.0
4980,124-76-127,2022,1.0,1.0
4980,124-76-140,2003,1.0,0.0
4980,124-76-140,2006,1.0,1.0
4980,124-76-140,2007,1.0,1.0
4980,124-76-140,2011,1.0,0.0
4980,124-76-140,2012,1.0,1.0
4980,124-76-140,2022,1.0,0.0
4980,124-76-140,2023,1.0,1.0
4980,124-76-159,1998,1.0,1.0
4980,124-76-159,2008,1.0,0.0
4980,124-76-159,2009,1.0,1.0
4980,124-76-159,2016,1.0,1.0
4980,124-76-159,2017,1.0,1.0
4980,124-76-159,2023,1.0,0.0
4980,124-76-16,2001,1.0,0.0
4980,124-76-16,2007,1.0,0.0
4980,124-76-16,2012,1.0,0.0
4980,124-76-16,2014,1.0,1.0
4980,124-76-165,2009,1.0,0.0
4980,124-76-165,2010,1.0,1.0
4980,124-76-165,2015,1.0,1.0
4980,124-76-165,2016,1.0,1.0
4980,124-76-165,2019,1.0,1.0
4980,124-76-165,2022,1.0,0.0
4980,124-76-165,2023,1.0,1.0
4980,124-76-18,1998,1.0,1.0
4980,124-76-18,2003,1.0,0.0
4980,124-76-18,2007,1.0,1.0
4980,124-76-18,2008,1.0,1.0
4980,124-76-18,2011,1.0,1.0
4980,124-76-18,2012,1.0,1.0
4980,124-76-18,2016,1.0,1.0
4980,124-76-18,2022,1.0,1.0
4980,124-76-18,2023,1.0,1.0
4980,124-76-19,2007,1.0,1.0
4980,124-76-19,2010,1.0,1.0
4980,124-76-19,2011,1.0,1.0
4980,124-76-19,2012,1.0,1.0
4980,124-76-19,2016,1.0,1.0
4980,124-76-19,2017,1.0,1.0
4980,124-76-19,2022,1.0,1.0
4980,124-76-19,2023,1.0,1.0
4980,124-76-190,1998,1.0,1.0
4980,124-76-190,2007,1.0,1.0
4980,124-76-190,2010,1.0,1.0
4980,124-76-190,2012,1.0,0.0
4980,124-76-190,2013,1.0,1.0
4980,124-76-190,2016,1.0,1.0
4980,124-76-190,2022,1.0,1.0
4980,124-76-2,2003,1.0,1.0
4980,124-76-2,2010,1.0,1.0
4980,124-76-2,2016,1.0,1.0
4980,124-76-2,2017,1.0,1.0
4980,124-76-2,2018,1.0,1.0
4980,124-76-2,2022,1.0,1.0
4980,124-76-201,2001,1.0,1.0
4980,124-76-201,2006,1.0,1.0
4980,124-76-201,2007,1.0,1.0
4980,124-76-201,2010,1.0,1.0
4980,124-76-201,2011,1.0,1.0
4980,124-76-201,2014,1.0,0.0
4980,124-76-201,2016,1.0,1.0
4980,124-76-21,1998,1.0,1.0
4980,124-76-21,2003,1.0,1.0
4980,124-76-21,2007,1.0,1.0
4980,124-76-21,2008,1.0,1.0
4980,124-76-21,2010,1.0,1.0
4980,124-76-21,2011,1.0,1.0
4980,124-76-21,2012,1.0,1.0
4980,124-76-21,2016,1.0,1.0
4980,124-76-21,2017,1.0,1.0
4980,124-76-21,2022,1.0,1.0
4980,124-76-21,2023,1.0,1.0
4980,124-76-216,2003,1.0,1.0
4980,124-76-216,2010,1.0,0.0
4980,124-76-216,2011,1.0,1.0
4980,124-76-216,2022,1.0,1.0
4980,124-76-22,1998,1.0,1.0
4980,124-76-22,2007,1.0,1.0
4980,124-76-22,2010,1.0,1.0
4980,124-76-22,2011,1.0,1.0
4980,124-76-22,2012,1.0,1.0
4980,124-76-22,2013,1.0,1.0
4980,124-76-22,2016,1.0,1.0
4980,124-76-22,2017,1.0,1.0
4980,124-76-22,2022,1.0,1.0
4980,124-76-22,2023,1.0,1.0
4980,124-76-221,1998,1.0,1.0
4980,124-76-221,2003,1.0,1.0
4980,124-76-221,2007,1.0,1.0
4980,124-76-221,2008,1.0,1.0
4980,124-76-221,2011,1.0,1.0
4980,124-76-221,2012,1.0,1.0
4980,124-76-23,1998,1.0,1.0
4980,124-76-23,2007,1.0,1.0
4980,124-76-23,2008,1.0,1.0
4980,124-76-23,2011,1.0,1.0
4980,124-76-23,2012,1.0,1.0
4980,124-76-23,2016,1.0,1.0
4980,124-76-23,2023,1.0,0.0
4980,124-76-3,2003,1.0,0.0
4980,124-76-3,2010,1.0,1.0
4980,124-76-3,2011,1.0,1.0
4980,124-76-3,2016,1.0,1.0
4980,124-76-3,2022,1.0,0.0
4980,124-76-302,1998,1.0,1.0
4980,124-76-302,2003,1.0,1.0
4980,124-76-302,2006,1.0,1.0
4980,124-76-302,2007,1.0,1.0
4980,124-76-302,2010,1.0,1.0
4980,124-76-302,2011,1.0,1.0
4980,124-76-302,2014,1.0,1.0
4980,124-76-302,2016,1.0,1.0
4980,124-76-302,2022,1.0,1.0
4980,124-76-302,2023,1.0,1.0
4980,124-76-306,1998,1.0,1.0
4980,124-76-306,2003,1.0,1.0
4980,124-76-306,2007,1.0,1.0
4980,124-76-306,2010,1.0,1.0
4980,124-76-306,2011,1.0,1.0
4980,124-76-306,2016,1.0,1.0
4980,124-76-306,2023,1.0,1.0
4980,124-76-309,1998,1.0,0.0
4980,124-76-309,2003,1.0,1.0
4980,124-76-309,2007,1.0,1.0
4980,124-76-309,2010,1.0,1.0
4980,124-76-309,2011,1.0,1.0
4980,124-76-309,2012,1.0,1.0
4980,124-76-309,2013,1.0,1.0
4980,124-76-309,2016,1.0,1.0
4980,124-76-309,2017,1.0,1.0
4980,124-76-309,2018,1.0,1.0
4980,124-76-310,1998,1.0,1.0
4980,124-76-310,2003,1.0,0.0
4980,124-76-310,2007,1.0,1.0
4980,124-76-310,2010,1.0,1.0
4980,124-76-310,2011,1.0,1.0
4980,124-76-310,2012,1.0,1.0
4980,124-76-310,2016,1.0,1.0
4980,124-76-310,2017,1.0,1.0
4980,124-76-310,2019,1.0,1.0
4980,124-76-310,2022,1.0,1.0
4980,124-76-310,2023,1.0,1.0
4980,124-76-314,2003,1.0,1.0
4980,124-76-314,2006,1.0,1.0
4980,124-76-314,2007,1.0,1.0
4980,124-76-314,2008,1.0,1.0
4980,124-76-314,2011,1.0,1.0
4980,124-76-314,2014,1.0,0.0
4980,124-76-314,2023,1.0,1.0
4980,124-76-318,1998,1.0,0.0
4980,124-76-318,2003,1.0,1.0
4980,124-76-318,2011,1.0,0.0
4980,124-76-318,2012,1.0,1.0
4980,124-76-318,2014,1.0,0.0
4980,124-76-318,2016,1.0,1.0
4980,124-76-318,2022,1.0,1.0
4980,124-76-318,2023,1.0,1.0
4980,124-76-320,2007,1.0,1.0
4980,124-76-320,2008,1.0,1.0
4980,124-76-320,2011,1.0,1.0
4980,124-76-320,2012,1.0,1.0
4980,124-76-320,2014,1.0,0.0
4980,124-76-320,2023,1.0,0.0
4980,124-76-324,2007,1.0,1.0
4980,124-76-324,2008,1.0,1.0
4980,124-76-324,2010,1.0,1.0
4980,124-76-324,2011,1.0,1.0
4980,124-76-324,2012,1.0,1.0
4980,124-76-324,2016,1.0,1.0
4980,124-76-324,2017,1.0,1.0
4980,124-76-324,2023,1.0,0.0
4980,124-76-39,1998,1.0,1.0
4980,124-76-39,2003,1.0,0.0
4980,124-76-39,2010,1.0,1.0
4980,124-76-4,1998,1.0,1.0
4980,124-76-4,2003,1.0,1.0
4980,124-76-4,2006,1.0,1.0
4980,124-76-4,2007,1.0,1.0
4980,124-76-4,2010,1.0,1.0
4980,124-76-4,2011,1.0,1.0
4980,124-76-4,2013,1.0,1.0
4980,124-76-4,2016,1.0,1.0
4980,124-76-4,2017,1.0,1.0
4980,124-76-4,2022,1.0,1.0
4980,124-76-4,2023,1.0,1.0
4980,124-76-40,2003,1.0,0.0
4980,124-76-40,2007,1.0,0.0
4980,124-76-40,2008,1.0,1.0
4980,124-76-40,2010,1.0,1.0
4980,124-76-40,2011,1.0,1.0
4980,124-76-40,2012,1.0,1.0
4980,124-76-40,2017,1.0,1.0
4980,124-76-40,2022,1.0,1.0
4980,124-76-439,2006,1.0,1.0
4980,124-76-439,2007,1.0,1.0
4980,124-76-439,2011,1.0,0.0
4980,124-76-439,2012,1.0,1.0
4980,124-76-439,2017,1.0,1.0
4980,124-76-439,2023,1.0,0.0
4980,124-76-5,1998,1.0,1.0
4980,124-76-5,2003,1.0,1.0
4980,124-76-5,2007,1.0,1.0
4980,124-76-5,2010,1.0,1.0
4980,124-76-5,2011,1.0,1.0
4980,124-76-5,2013,1.0,1.0
4980,124-76-5,2016,1.0,1.0
4980,124-76-5,2017,1.0,1.0
4980,124-76-5,2022,1.0,1.0
4980,124-76-5,2023,1.0,1.0
4980,124-76-537,2008,1.0,0.0
4980,124-76-537,2009,1.0,1.0
4980,124-76-537,2010,1.0,1.0
4980,124-76-537,2011,1.0,1.0
4980,124-76-537,2016,1.0,1.0
4980,124-76-537,2022,1.0,1.0
4980,124-76-55,2007,1.0,0.0
4980,124-76-55,2008,1.0,1.0
4980,124-76-55,2016,1.0,0.0
4980,124-76-55,2017,1.0,1.0
4980,124-76-55,2022,1.0,1.0
4980,124-76-6,1998,1.0,1.0
4980,124-76-6,2003,1.0,1.0
4980,124-76-6,2006,1.0,1.0
4980,124-76-6,2007,1.0,1.0
4980,124-76-6,2008,1.0,1.0
4980,124-76-6,2011,1.0,1.0
4980,124-76-6,2012,1.0,1.0
4980,124-76-6,2014,1.0,1.0
4980,124-76-60,1998,1.0,1.0
4980,124-76-60,2007,1.0,1.0
4980,124-76-60,2008,1.0,1.0
4980,124-76-60,2009,1.0,1.0
4980,124-76-60,2011,1.0,0.0
4980,124-76-60,2012,1.0,1.0
4980,124-76-60,2016,1.0,1.0
4980,124-76-60,2017,1.0,1.0
4980,124-76-61,1998,1.0,1.0
4980,124-76-61,2008,1.0,0.0
4980,124-76-61,2011,1.0,0.0
4980,124-76-61,2012,1.0,1.0
4980,124-76-61,2016,1.0,1.0
4980,124-76-61,2017,1.0,1.0
4980,124-76-67,2007,1.0,1.0
4980,124-76-67,2009,1.0,1.0
4980,124-76-67,2010,1.0,1.0
4980,124-76-67,2013,1.0,0.0
4980,124-76-67,2016,1.0,1.0
4980,124-76-67,2022,1.0,1.0
4980,124-76-67,2023,1.0,1.0
4980,124-76-69,1998,1.0,1.0
4980,124-76-69,2007,1.0,1.0
4980,124-76-69,2009,1.0,0.0
4980,124-76-69,2010,1.0,1.0
4980,124-76-69,2012,1.0,0.0
4980,124-76-69,2016,1.0,0.0
4980,124-76-69,2017,1.0,1.0
4980,124-76-69,2022,1.0,1.0
4980,124-76-69,2023,1.0,1.0
4980,124-76-70,2000,1.0,1.0
4980,124-76-70,2008,1.0,0.0
4980,124-76-70,2014,1.0,1.0
4980,124-76-70,2016,1.0,1.0
4980,124-76-8,1998,1.0,1.0
4980,124-76-8,2003,1.0,1.0
4980,124-76-8,2007,1.0,1.0
4980,124-76-8,2010,1.0,1.0
4980,124-76-8,2011,1.0,1.0
4980,124-76-8,2012,1.0,1.0
4980,124-76-8,2022,1.0,1.0
4980,124-76-8,2023,1.0,1.0
4980,124-76-9,1998,1.0,1.0
4980,124-76-9,2003,1.0,1.0
4980,124-76-9,2007,1.0,0.0
4980,124-76-9,2010,1.0,1.0
4980,124-76-9,2011,1.0,1.0
4980,124-76-9,2013,1.0,1.0
4980,124-76-9,2016,1.0,1.0
4980,124-76-9,2023,1.0,0.0
4980,124-76-90,1998,1.0,1.0
4980,124-76-90,2003,1.0,1.0
4980,124-76-90,2007,1.0,1.0
4980,124-76-90,2010,1.0,1.0
4980,124-76-90,2011,1.0,1.0
4980,124-76-90,2017,1.0,0.0
4980,124-76-90,2022,1.0,1.0
4980,124-79-106,2002,1.0,1.0
4980,124-79-106,2005,1.0,1.0
4980,124-79-106,2009,1.0,1.0
4980,124-79-106,2010,1.0,1.0
4980,124-79-106,2013,1.0,1.0
4980,124-79-109,2001,1.0,1.0
4980,124-79-109,2002,1.0,1.0
4980,124-79-109,2003,1.0,1.0
4980,124-79-109,2019,1.0,1.0
4980,124-79-109,2022,1.0,0.0
4980,124-79-112,2002,1.0,0.0
4980,124-79-112,2003,1.0,1.0
4980,124-79-112,2006,1.0,1.0
4980,124-79-112,2007,1.0,1.0
4980,124-79-112,2010,1.0,1.0
4980,124-79-112,2012,1.0,0.0
4980,124-79-112,2022,1.0,0.0
4980,124-79-113,2006,1.0,1.0
4980,124-79-113,2007,1.0,1.0
4980,124-79-113,2009,1.0,1.0
4980,124-79-113,2010,1.0,1.0
4980,124-79-113,2013,1.0,1.0
4980,124-79-113,2022,1.0,1.0
4980,124-79-116,2002,1.0,1.0
4980,124-79-116,2009,1.0,1.0
4980,124-79-116,2010,1.0,1.0
4980,124-79-123,2001,1.0,1.0
4980,124-79-123,2007,1.0,1.0
4980,124-79-123,2008,1.0,1.0
4980,124-79-123,2009,1.0,1.0
4980,124-79-123,2011,1.0,0.0
4980,124-79-124,2001,1.0,0.0
4980,124-79-124,2003,1.0,0.0
4980,124-79-124,2007,1.0,0.0
4980,124-79-124,2009,1.0,1.0
4980,124-79-124,2010,1.0,1.0
4980,124-79-124,2011,1.0,1.0
4980,124-79-124,2013,1.0,0.0
4980,124-79-124,2017,1.0,1.0
4980,124-79-124,2019,1.0,1.0
4980,124-79-124,2022,1.0,1.0
4980,124-79-130,2008,1.0,1.0
4980,124-79-130,2009,1.0,1.0
4980,124-79-130,2010,1.0,1.0
4980,124-79-130,2011,1.0,1.0
4980,124-79-130,2012,1.0,1.0
4980,124-79-130,2013,1.0,1.0
4980,124-79-130,2017,1.0,1.0
4980,124-79-130,2022,1.0,1.0
4980,124-79-132,2001,1.0,1.0
4980,124-79-132,2003,1.0,1.0
4980,124-79-132,2006,1.0,1.0
4980,124-79-132,2008,1.0,1.0
4980,124-79-132,2009,1.0,1.0
4980,124-79-132,2011,1.0,1.0
4980,124-79-132,2012,1.0,1.0
4980,124-79-132,2013,1.0,1.0
4980,124-79-132,2017,1.0,1.0
4980,124-79-132,2019,1.0,0.0
4980,124-79-132,2022,1.0,1.0
4980,124-79-133,2001,1.0,1.0
4980,124-79-133,2003,1.0,1.0
4980,124-79-133,2007,1.0,1.0
4980,124-79-133,2008,1.0,1.0
4980,124-79-133,2009,1.0,1.0
4980,124-79-133,2010,1.0,1.0
4980,124-79-133,2011,1.0,1.0
4980,124-79-133,2012,1.0,1.0
4980,124-79-133,2013,1.0,1.0
4980,124-79-133,2017,1.0,1.0
4980,124-79-133,2019,1.0,0.0
4980,124-79-133,2022,1.0,1.0
4980,124-79-139,1998,1.0,0.0
4980,124-79-139,1999,1.0,1.0
4980,124-79-139,2001,1.0,1.0
4980,124-79-139,2010,1.0,0.0
4980,124-79-139,2011,1.0,1.0
4980,124-79-139,2017,1.0,0.0
4980,124-79-142,1998,1.0,1.0
4980,124-79-142,2001,1.0,1.0
4980,124-79-142,2003,1.0,1.0
4980,124-79-142,2007,1.0,1.0
4980,124-79-142,2010,1.0,1.0
4980,124-79-142,2011,1.0,1.0
4980,124-79-142,2012,1.0,1.0
4980,124-79-142,2013,1.0,1.0
4980,124-79-217,2002,1.0,1.0
4980,124-79-217,2012,1.0,0.0
4980,124-79-217,2013,1.0,1.0
4980,124-79-217,2019,1.0,1.0
4980,124-79-217,2022,1.0,1.0
4980,124-79-24,2001,1.0,1.0
4980,124-79-24,2003,1.0,1.0
4980,124-79-24,2007,1.0,1.0
4980,124-79-24,2008,1.0,1.0
4980,124-79-24,2009,1.0,1.0
4980,124-79-309,2002,1.0,0.0
4980,124-79-309,2003,1.0,1.0
4980,124-79-309,2012,1.0,1.0
4980,124-79-309,2013,1.0,1.0
4980,124-79-309,2019,1.0,1.0
4980,124-79-33,2001,1.0,1.0
4980,124-79-33,2003,1.0,1.0
4980,124-79-33,2007,1.0,1.0
4980,124-79-33,2008,1.0,1.0
4980,124-79-33,2009,1.0,1.0
4980,124-79-33,2010,1.0,1.0
4980,124-79-33,2011,1.0,1.0
4980,124-79-33,2013,1.0,1.0
4980,124-79-33,2019,1.0,1.0
4980,124-79-40,1998,1.0,0.0
4980,124-79-40,1999,1.0,1.0
4980,124-79-40,2001,1.0,1.0
4980,124-79-40,2019,1.0,1.0
4980,124-79-40,2022,1.0,1.0
4980,124-79-403,2019,1.0,1.0
4980,124-79-403,2022,1.0,0.0
4980,124-79-424,2002,1.0,1.0
4980,124-79-424,2010,1.0,0.0
4980,124-79-424,2013,1.0,0.0
4980,124-79-424,2019,1.0,1.0
4980,124-93-21,2015,1.0,0.0
4980,124-93-21,2016,1.0,1.0
4980,124-93-26,2009,1.0,0.0
4980,124-93-26,2011,1.0,1.0
4980,124-93-26,2016,1.0,0.0
4980,124-93-26,2023,1.0,0.0
4980,124-93-6,2010,1.0,0.0
4980,840-14-1,2001,1.0,1.0
4980,840-14-1,2007,1.0,1.0
4980,840-14-1,2008,1.0,1.0
4980,840-14-1,2009,1.0,1.0
4980,840-14-106,2002,1.0,1.0
4980,840-14-106,2004,1.0,1.0
4980,840-14-106,2012,1.0,1.0
4980,840-14-108,1998,1.0,1.0
4980,840-14-108,2000,1.0,1.0
4980,840-14-108,2001,1.0,1.0
4980,840-14-108,2003,1.0,1.0
4980,840-14-108,2006,1.0,1.0
4980,840-14-108,2008,1.0,1.0
4980,840-14-108,2009,1.0,1.0
4980,840-14-108,2013,1.0,1.0
4980,840-14-108,2014,1.0,1.0
4980,840-14-108,2017,1.0,1.0
4980,840-14-108,2018,1.0,1.0
4980,840-14-11,2009,1.0,0.0
4980,840-14-118,1999,1.0,1.0
4980,840-14-118,2003,1.0,0.0
4980,840-14-118,2010,1.0,0.0
4980,840-14-118,2019,1.0,0.0
4980,840-14-128,2003,1.0,0.0
4980,840-14-128,2004,1.0,1.0
4980,840-14-128,2007,1.0,1.0
4980,840-14-128,2008,1.0,1.0
4980,840-14-128,2014,1.0,1.0
4980,840-14-137,2007,1.0,0.0
4980,840-14-137,2013,1.0,0.0
4980,840-14-137,2014,1.0,1.0
4980,840-14-137,2018,1.0,1.0
4980,840-14-138,2002,1.0,0.0
4980,840-14-138,2003,1.0,1.0
4980,840-14-138,2007,1.0,1.0
4980,840-14-138,2010,1.0,1.0
4980,840-14-138,2014,1.0,1.0
4980,840-14-138,2019,1.0,1.0
4980,840-14-14,1998,1.0,1.0
4980,840-14-14,2001,1.0,1.0
4980,840-14-14,2002,1.0,1.0
4980,840-14-14,2003,1.0,1.0
4980,840-14-14,2004,1.0,1.0
4980,840-14-14,2007,1.0,1.0
4980,840-14-14,2009,1.0,1.0
4980,840-14-14,2013,1.0,1.0
4980,840-14-140,2002,1.0,1.0
4980,840-14-140,2004,1.0,1.0
4980,840-14-140,2007,1.0,1.0
4980,840-14-140,2014,1.0,1.0
4980,840-14-148,2000,1.0,1.0
4980,840-14-148,2002,1.0,0.0
4980,840-14-148,2004,1.0,1.0
4980,840-14-148,2007,1.0,1.0
4980,840-14-148,2019,1.0,1.0
4980,840-14-151,2001,1.0,1.0
4980,840-14-151,2008,1.0,0.0
4980,840-14-151,2019,1.0,1.0
4980,840-14-153,2001,1.0,1.0
4980,840-14-153,2002,1.0,1.0
4980,840-14-153,2003,1.0,1.0
4980,840-14-153,2004,1.0,1.0
4980,840-14-153,2006,1.0,1.0
4980,840-14-153,2007,1.0,1.0
4980,840-14-153,2008,1.0,1.0
4980,840-14-153,2014,1.0,1.0
4980,840-14-153,2016,1.0,1.0
4980,840-14-153,2017,1.0,1.0
4980,840-14-153,2018,1.0,1.0
4980,840-14-153,2019,1.0,1.0
4980,840-14-153,2022,1.0,1.0
4980,840-14-154,2002,1.0,0.0
4980,840-14-154,2003,1.0,1.0
4980,840-14-154,2004,1.0,1.0
4980,840-14-154,2014,1.0,1.0
4980,840-14-154,2016,1.0,1.0
4980,840-14-154,2017,1.0,1.0
4980,840-14-154,2018,1.0,1.0
4980,840-14-154,2022,1.0,1.0
4980,840-14-155,2003,1.0,1.0
4980,840-14-155,2004,1.0,1.0
4980,840-14-155,2007,1.0,1.0
4980,840-14-155,2018,1.0,1.0
4980,840-14-156,2003,1.0,0.0
4980,840-14-156,2004,1.0,1.0
4980,840-14-156,2006,1.0,1.0
4980,840-14-156,2007,1.0,1.0
4980,840-14-156,2008,1.0,1.0
4980,840-14-156,2018,1.0,1.0
4980,840-14-156,2019,1.0,1.0
4980,840-14-158,2003,1.0,0.0
4980,840-14-158,2007,1.0,1.0
4980,840-14-158,2008,1.0,1.0
4980,840-14-158,2016,1.0,1.0
4980,840-14-158,2019,1.0,0.0
4980,840-14-159,2003,1.0,1.0
4980,840-14-159,2006,1.0,1.0
4980,840-14-159,2012,1.0,1.0
4980,840-14-16,2000,1.0,1.0
4980,840-14-16,2002,1.0,1.0
4980,840-14-16,2003,1.0,1.0
4980,840-14-16,2004,1.0,1.0
4980,840-14-16,2006,1.0,1.0
4980,840-14-16,2014,1.0,1.0
4980,840-14-16,2015,1.0,1.0
4980,840-14-160,2002,1.0,0.0
4980,840-14-160,2003,1.0,1.0
4980,840-14-160,2008,1.0,1.0
4980,840-14-160,2013,1.0,1.0
4980,840-14-160,2016,1.0,0.0
4980,840-14-160,2023,1.0,0.0
4980,840-14-162,2001,1.0,1.0
4980,840-14-162,2007,1.0,1.0
4980,840-14-162,2017,1.0,1.0
4980,840-14-162,2018,1.0,1.0
4980,840-14-162,2022,1.0,1.0
4980,840-14-164,2001,1.0,1.0
4980,840-14-164,2007,1.0,1.0
4980,840-14-164,2008,1.0,1.0
4980,840-14-165,2001,1.0,1.0
4980,840-14-165,2008,1.0,0.0
4980,840-14-165,2018,1.0,1.0
4980,840-14-165,2019,1.0,1.0
4980,840-14-165,2022,1.0,1.0
4980,840-14-166,2007,1.0,1.0
4980,840-14-166,2016,1.0,1.0
4980,840-14-166,2017,1.0,1.0
4980,840-14-166,2018,1.0,1.0
4980,840-14-166,2019,1.0,1.0
4980,840-14-168,2007,1.0,1.0
4980,840-14-168,2016,1.0,1.0
4980,840-14-168,2017,1.0,1.0
4980,840-14-168,2018,1.0,1.0
4980,840-14-168,2019,1.0,1.0
4980,840-14-173,2000,1.0,1.0
4980,840-14-173,2013,1.0,1.0
4980,840-14-173,2014,1.0,1.0
4980,840-14-173,2018,1.0,1.0
4980,840-14-173,2019,1.0,1.0
4980,840-14-175,1999,1.0,0.0
4980,840-14-175,2012,1.0,0.0
4980,840-14-176,2002,1.0,1.0
4980,840-14-176,2004,1.0,1.0
4980,840-14-176,2006,1.0,1.0
4980,840-14-176,2007,1.0,1.0
4980,840-14-176,2013,1.0,1.0
4980,840-14-176,2016,1.0,0.0
4980,840-14-176,2017,1.0,1.0
4980,840-14-176,2018,1.0,1.0
4980,840-14-177,2002,1.0,1.0
4980,840-14-177,2013,1.0,1.0
4980,840-14-177,2014,1.0,1.0
4980,840-14-177,2017,1.0,1.0
4980,840-14-177,2018,1.0,1.0
4980,840-14-179,2001,1.0,1.0
4980,840-14-179,2003,1.0,1.0
4980,840-14-179,2006,1.0,1.0
4980,840-14-179,2007,1.0,1.0
4980,840-14-179,2008,1.0,1.0
4980,840-14-179,2016,1.0,1.0
4980,840-14-179,2019,1.0,0.0
4980,840-14-18,2001,1.0,1.0
4980,840-14-18,2002,1.0,1.0
4980,840-14-18,2003,1.0,1.0
4980,840-14-18,2004,1.0,1.0
4980,840-14-18,2006,1.0,1.0
4980,840-14-18,2007,1.0,1.0
4980,840-14-18,2008,1.0,1.0
4980,840-14-18,2014,1.0,1.0
4980,840-14-18,2018,1.0,1.0
4980,840-14-181,2001,1.0,1.0
4980,840-14-181,2007,1.0,1.0
4980,840-14-181,2008,1.0,1.0
4980,840-14-181,2016,1.0,1.0
4980,840-14-181,2018,1.0,1.0
4980,840-14-181,2019,1.0,1.0
4980,840-14-182,1998,1.0,0.0
4980,840-14-182,2002,1.0,0.0
4980,840-14-182,2003,1.0,1.0
4980,840-14-182,2004,1.0,1.0
4980,840-14-182,2008,1.0,1.0
4980,840-14-182,2009,1.0,1.0
4980,840-14-182,2013,1.0,1.0
4980,840-14-182,2016,1.0,1.0
4980,840-14-182,2018,1.0,1.0
4980,840-14-182,2022,1.0,1.0
4980,840-14-182,2023,1.0,1.0
4980,840-14-184,2002,1.0,1.0
4980,840-14-184,2003,1.0,1.0
4980,840-14-184,2004,1.0,1.0
4980,840-14-184,2006,1.0,1.0
4980,840-14-186,2002,1.0,1.0
4980,840-14-186,2004,1.0,1.0
4980,840-14-186,2007,1.0,1.0
4980,840-14-186,2017,1.0,1.0
4980,840-14-186,2019,1.0,1.0
4980,840-14-189,2003,1.0,1.0
4980,840-14-189,2004,1.0,1.0
4980,840-14-189,2007,1.0,1.0
4980,840-14-189,2016,1.0,1.0
4980,840-14-189,2017,1.0,1.0
4980,840-14-189,2018,1.0,1.0
4980,840-14-189,2019,1.0,1.0
4980,840-14-190,2002,1.0,0.0
4980,840-14-190,2003,1.0,1.0
4980,840-14-190,2004,1.0,1.0
4980,840-14-191,2000,1.0,1.0
4980,840-14-191,2006,1.0,1.0
4980,840-14-191,2008,1.0,1.0
4980,840-14-191,2018,1.0,1.0
4980,840-14-191,2019,1.0,1.0
4980,840-14-193,2002,1.0,1.0
4980,840-14-193,2003,1.0,1.0
4980,840-14-193,2004,1.0,1.0
4980,840-14-193,2006,1.0,1.0
4980,840-14-193,2007,1.0,1.0
4980,840-14-193,2008,1.0,1.0
4980,840-14-193,2009,1.0,1.0
4980,840-14-193,2016,1.0,1.0
4980,840-14-193,2018,1.0,0.0
4980,840-14-194,2003,1.0,1.0
4980,840-14-194,2008,1.0,0.0
4980,840-14-194,2009,1.0,1.0
4980,840-14-195,2008,1.0,1.0
4980,840-14-195,2013,1.0,1.0
4980,840-14-195,2014,1.0,1.0
4980,840-14-195,2017,1.0,1.0
4980,840-14-195,2018,1.0,1.0
4980,840-14-195,2019,1.0,1.0
4980,840-14-198,2002,1.0,1.0
4980,840-14-198,2007,1.0,1.0
4980,840-14-198,2016,1.0,1.0
4980,840-14-198,2019,1.0,1.0
4980,840-14-201,2002,1.0,1.0
4980,840-14-201,2003,1.0,1.0
4980,840-14-201,2004,1.0,1.0
4980,840-14-201,2006,1.0,1.0
4980,840-14-201,2007,1.0,1.0
4980,840-14-201,2016,1.0,0.0
4980,840-14-201,2017,1.0,1.0
4980,840-14-201,2018,1.0,1.0
4980,840-14-205,1999,1.0,1.0
4980,840-14-205,2010,1.0,1.0
4980,840-14-21,2002,1.0,1.0
4980,840-14-21,2003,1.0,1.0
4980,840-14-21,2004,1.0,1.0
4980,840-14-21,2007,1.0,1.0
4980,840-14-221,1999,1.0,0.0
4980,840-14-226,2007,1.0,1.0
4980,840-14-226,2013,1.0,1.0
4980,840-14-226,2014,1.0,1.0
4980,840-14-226,2018,1.0,1.0
4980,840-14-3,2002,1.0,1.0
4980,840-14-3,2003,1.0,1.0
4980,840-14-3,2004,1.0,1.0
4980,840-14-3,2007,1.0,1.0
4980,840-14-3,2013,1.0,1.0
4980,840-14-3,2014,1.0,1.0
4980,840-14-3,2016,1.0,1.0
4980,840-14-3,2017,1.0,1.0
4980,840-14-3,2018,1.0,1.0
4980,840-14-308,2001,1.0,1.0
4980,840-14-308,2004,1.0,0.0
4980,840-14-308,2007,1.0,1.0
4980,840-14-308,2008,1.0,1.0
4980,840-14-319,2001,1.0,0.0
4980,840-14-319,2003,1.0,1.0
4980,840-14-319,2004,1.0,1.0
4980,840-14-319,2005,1.0,1.0
4980,840-14-319,2006,1.0,1.0
4980,840-14-319,2013,1.0,1.0
4980,840-14-319,2014,1.0,1.0
4980,840-14-319,2017,1.0,0.0
4980,840-14-319,2018,1.0,1.0
4980,840-14-319,2022,1.0,0.0
4980,840-14-319,2023,1.0,1.0
4980,840-14-32,2006,1.0,0.0
4980,840-14-32,2008,1.0,1.0
4980,840-14-32,2018,1.0,0.0
4980,840-14-33,2002,1.0,1.0
4980,840-14-33,2004,1.0,1.0
4980,840-14-33,2019,1.0,1.0
4980,840-14-406,2017,1.0,0.0
4980,840-14-407,2002,1.0,0.0
4980,840-14-407,2007,1.0,1.0
4980,840-14-407,2014,1.0,1.0
4980,840-14-407,2016,1.0,1.0
4980,840-14-407,2017,1.0,1.0
4980,840-14-407,2018,1.0,1.0
4980,840-14-407,2019,1.0,1.0
4980,840-14-408,2001,1.0,0.0
4980,840-14-408,2018,1.0,1.0
4980,840-14-408,2019,1.0,1.0
4980,840-14-408,2022,1.0,1.0
4980,840-14-414,2001,1.0,1.0
4980,840-14-414,2008,1.0,1.0
4980,840-14-415,2001,1.0,1.0
4980,840-14-415,2003,1.0,0.0
4980,840-14-415,2004,1.0,1.0
4980,840-14-415,2007,1.0,0.0
4980,840-14-415,2008,1.0,1.0
4980,840-14-415,2016,1.0,1.0
4980,840-14-415,2017,1.0,1.0
4980,840-14-415,2018,1.0,1.0
4980,840-14-415,2019,1.0,1.0
4980,840-14-415,2022,1.0,1.0
4980,840-14-417,2001,1.0,1.0
4980,840-14-417,2002,1.0,1.0
4980,840-14-417,2004,1.0,1.0
4980,840-14-417,2007,1.0,1.0
4980,840-14-417,2008,1.0,1.0
4980,840-14-417,2014,1.0,1.0
4980,840-14-417,2016,1.0,1.0
4980,840-14-417,2018,1.0,0.0
4980,840-14-417,2019,1.0,1.0
4980,840-14-417,2022,1.0,1.0
4980,840-14-420,2018,1.0,0.0
4980,840-14-420,2019,1.0,1.0
4980,840-14-421,2002,1.0,0.0
4980,840-14-421,2003,1.0,1.0
4980,840-14-421,2019,1.0,0.0
4980,840-14-422,2009,1.0,0.0
4980,840-14-422,2023,1.0,0.0
4980,840-14-423,2001,1.0,1.0
4980,840-14-423,2003,1.0,1.0
4980,840-14-423,2004,1.0,1.0
4980,840-14-423,2007,1.0,1.0
4980,840-14-423,2008,1.0,1.0
4980,840-14-436,2001,1.0,1.0
4980,840-14-436,2007,1.0,1.0
4980,840-14-436,2008,1.0,1.0
4980,840-14-436,2018,1.0,1.0
4980,840-14-436,2019,1.0,1.0
4980,840-14-47,2003,1.0,0.0
4980,840-14-47,2010,1.0,1.0
4980,840-14-47,2019,1.0,0.0
4980,840-14-49,2012,1.0,1.0
4980,840-14-49,2014,1.0,1.0
4980,840-14-49,2018,1.0,1.0
4980,840-14-49,2019,1.0,1.0
4980,840-14-54,2002,1.0,1.0
4980,840-14-54,2003,1.0,1.0
4980,840-14-54,2004,1.0,1.0
4980,840-14-54,2012,1.0,1.0
4980,840-14-7,2002,1.0,0.0
4980,840-14-7,2003,1.0,1.0
4980,840-14-7,2007,1.0,1.0
4980,840-14-7,2016,1.0,1.0
4980,840-14-7,2019,1.0,1.0
4980,840-14-7,2022,1.0,1.0
4980,840-14-7,2023,1.0,1.0
4980,840-14-71,2000,1.0,1.0
4980,840-14-71,2001,1.0,1.0
4980,840-14-71,2003,1.0,1.0
4980,840-14-71,2004,1.0,1.0
4980,840-14-71,2005,1.0,1.0
4980,840-14-71,2006,1.0,1.0
4980,840-14-71,2009,1.0,1.0
4980,840-14-71,2010,1.0,1.0
4980,840-14-71,2013,1.0,1.0
4980,840-14-71,2014,1.0,1.0
4980,840-14-71,2015,1.0,1.0
4980,840-14-71,2016,1.0,1.0
4980,840-14-71,2017,1.0,1.0
4980,840-14-71,2018,1.0,1.0
4980,840-14-71,2022,1.0,1.0
4980,840-14-78,2008,1.0,0.0
4980,840-14-78,2022,1.0,1.0
4980,840-14-79,2019,1.0,1.0
4980,840-14-80,2000,1.0,1.0
4980,840-14-80,2001,1.0,1.0
4980,840-14-80,2002,1.0,1.0
4980,840-14-80,2006,1.0,1.0
4980,840-14-80,2007,1.0,1.0
4980,840-14-80,2008,1.0,1.0
4980,840-14-80,2019,1.0,1.0
4980,840-14-80,2022,1.0,0.0
4980,840-14-82,2001,1.0,1.0
4980,840-14-82,2002,1.0,1.0
4980,840-14-82,2003,1.0,1.0
4980,840-14-82,2004,1.0,1.0
4980,840-14-82,2007,1.0,1.0
4980,840-14-82,2008,1.0,1.0
4980,840-14-82,2014,1.0,1.0
4980,840-14-82,2016,1.0,0.0
4980,840-14-82,2018,1.0,0.0
4980,840-14-89,2002,1.0,0.0
4980,840-14-89,2007,1.0,0.0
4980,840-14-89,2012,1.0,1.0
4980,840-14-89,2014,1.0,1.0
4980,840-14-89,2018,1.0,1.0
4980,840-14-89,2019,1.0,1.0
4980,840-14-9,2002,1.0,0.0
4980,840-14-9,2006,1.0,1.0
4980,840-14-9,2007,1.0,1.0
4980,840-14-9,2016,1.0,0.0
4980,840-14-9,2018,1.0,0.0
4980,840-14-96,2001,1.0,1.0
4980,840-14-96,2006,1.0,1.0
4980,840-14-96,2007,1.0,1.0
4980,840-14-96,2008,1.0,1.0
4980,840-14-96,2016,1.0,1.0
4980,840-14-96,2022,1.0,1.0
4980,840-14-98,2002,1.0,1.0
4980,840-14-98,2003,1.0,1.0
4980,840-14-98,2004,1.0,1.0
4980,840-14-98,2006,1.0,1.0
4980,840-14-98,2007,1.0,1.0
4980,840-14-98,2016,1.0,1.0
4980,840-14-98,2018,1.0,1.0
4980,840-17-1,2000,1.0,1.0
4980,840-17-1,2022,1.0,1.0
4980,840-17-10,2000,1.0,0.0
4980,840-17-10,2001,1.0,1.0
4980,840-17-10,2010,1.0,1.0
4980,840-17-10,2017,1.0,1.0
4980,840-17-10,2022,1.0,1.0
4980,840-17-11,2000,1.0,1.0
4980,840-17-11,2007,1.0,1.0
4980,840-17-11,2008,1.0,1.0
4980,840-17-11,2015,1.0,1.0
4980,840-17-12,2000,1.0,1.0
4980,840-17-12,2007,1.0,1.0
4980,840-17-12,2011,1.0,0.0
4980,840-17-12,2015,1.0,0.0
4980,840-17-125,2004,1.0,0.0
4980,840-17-125,2007,1.0,1.0
4980,840-17-125,2008,1.0,1.0
4980,840-17-126,2000,1.0,0.0
4980,840-17-13,2000,1.0,1.0
4980,840-17-13,2007,1.0,1.0
4980,840-17-13,2011,1.0,1.0
4980,840-17-13,2015,1.0,0.0
4980,840-17-14,2005,1.0,1.0
4980,840-17-14,2011,1.0,1.0
4980,840-17-14,2015,1.0,1.0
4980,840-17-14,2019,1.0,1.0
4980,840-17-15,2016,1.0,0.0
4980,840-17-153,2000,1.0,1.0
4980,840-17-153,2007,1.0,0.0
4980,840-17-153,2015,1.0,1.0
4980,840-17-154,2000,1.0,1.0
4980,840-17-154,2007,1.0,1.0
4980,840-17-154,2011,1.0,0.0
4980,840-17-154,2015,1.0,0.0
4980,840-17-16,2004,1.0,1.0
4980,840-17-16,2010,1.0,0.0
4980,840-17-16,2014,1.0,0.0
4980,840-17-17,2000,1.0,1.0
4980,840-17-17,2001,1.0,1.0
4980,840-17-17,2007,1.0,1.0
4980,840-17-17,2010,1.0,1.0
4980,840-17-17,2022,1.0,1.0
4980,840-17-18,2010,1.0,0.0
4980,840-17-18,2011,1.0,1.0
4980,840-17-18,2015,1.0,1.0
4980,840-17-18,2017,1.0,1.0
4980,840-17-18,2022,1.0,1.0
4980,840-17-19,2001,1.0,0.0
4980,840-17-19,2011,1.0,0.0
4980,840-17-19,2017,1.0,1.0
4980,840-17-2,2004,1.0,1.0
4980,840-17-2,2010,1.0,0.0
4980,840-17-2,2014,1.0,1.0
4980,840-17-202,2006,1.0,0.0
4980,840-17-202,2007,1.0,1.0
4980,840-17-203,2007,1.0,0.0
4980,840-17-203,2015,1.0,0.0
4980,840-17-203,2022,1.0,0.0
4980,840-17-204,2007,1.0,1.0
4980,840-17-205,2001,1.0,1.0
4980,840-17-205,2007,1.0,1.0
4980,840-17-205,2015,1.0,1.0
4980,840-17-205,2017,1.0,1.0
4980,840-17-206,2010,1.0,0.0
4980,840-17-206,2017,1.0,1.0
4980,840-17-207,2000,1.0,1.0
4980,840-17-207,2005,1.0,1.0
4980,840-17-207,2010,1.0,1.0
4980,840-17-207,2011,1.0,1.0
4980,840-17-207,2015,1.0,1.0
4980,840-17-208,2000,1.0,1.0
4980,840-17-208,2001,1.0,1.0
4980,840-17-208,2022,1.0,1.0
4980,840-17-21,2008,1.0,1.0
4980,840-17-21,2014,1.0,1.0
4980,840-17-21,2015,1.0,1.0
4980,840-17-21,2017,1.0,0.0
4980,840-17-211,2005,1.0,0.0
4980,840-17-211,2008,1.0,0.0
4980,840-17-211,2014,1.0,1.0
4980,840-17-213,2001,1.0,1.0
4980,840-17-213,2011,1.0,1.0
4980,840-17-213,2015,1.0,0.0
4980,840-17-213,2017,1.0,1.0
4980,840-17-214,2005,1.0,1.0
4980,840-17-214,2007,1.0,1.0
4980,840-17-214,2008,1.0,1.0
4980,840-17-215,2001,1.0,0.0
4980,840-17-215,2004,1.0,0.0
4980,840-17-215,2015,1.0,0.0
4980,840-17-215,2022,1.0,0.0
4980,840-17-216,2004,1.0,1.0
4980,840-17-216,2010,1.0,1.0
4980,840-17-216,2014,1.0,1.0
4980,840-17-217,2000,1.0,1.0
4980,840-17-217,2001,1.0,1.0
4980,840-17-217,2007,1.0,0.0
4980,840-17-217,2010,1.0,1.0
4980,840-17-217,2011,1.0,1.0
4980,840-17-217,2015,1.0,0.0
4980,840-17-217,2022,1.0,1.0
4980,840-17-218,2000,1.0,1.0
4980,840-17-218,2005,1.0,1.0
4980,840-17-218,2014,1.0,0.0
4980,840-17-218,2017,1.0,1.0
4980,840-17-218,2022,1.0,1.0
4980,840-17-220,2005,1.0,1.0
4980,840-17-220,2009,1.0,1.0
4980,840-17-221,2000,1.0,1.0
4980,840-17-221,2005,1.0,1.0
4980,840-17-221,2009,1.0,0.0
4980,840-17-222,2004,1.0,1.0
4980,840-17-222,2010,1.0,1.0
4980,840-17-222,2014,1.0,1.0
4980,840-17-222,2015,1.0,1.0
4980,840-17-223,2000,1.0,1.0
4980,840-17-223,2001,1.0,1.0
4980,840-17-223,2007,1.0,0.0
4980,840-17-223,2010,1.0,1.0
4980,840-17-223,2014,1.0,1.0
4980,840-17-223,2015,1.0,1.0
4980,840-17-223,2022,1.0,1.0
4980,840-17-225,2000,1.0,1.0
4980,840-17-225,2001,1.0,1.0
4980,840-17-225,2010,1.0,1.0
4980,840-17-225,2011,1.0,1.0
4980,840-17-225,2015,1.0,1.0
4980,840-17-225,2017,1.0,0.0
4980,840-17-228,2001,1.0,1.0
4980,840-17-228,2005,1.0,1.0
4980,840-17-228,2017,1.0,1.0
4980,840-17-23,2000,1.0,1.0
4980,840-17-23,2001,1.0,1.0
4980,840-17-23,2007,1.0,0.0
4980,840-17-23,2010,1.0,1.0
4980,840-17-23,2014,1.0,1.0
4980,840-17-23,2015,1.0,1.0
4980,840-17-3,2000,1.0,1.0
4980,840-17-3,2010,1.0,1.0
4980,840-17-3,2022,1.0,1.0
4980,840-17-301,2000,1.0,1.0
4980,840-17-301,2001,1.0,1.0
4980,840-17-301,2022,1.0,1.0
4980,840-17-302,2000,1.0,1.0
4980,840-17-302,2001,1.0,1.0
4980,840-17-302,2004,1.0,1.0
4980,840-17-302,2010,1.0,1.0
4980,840-17-302,2022,1.0,1.0
4980,840-17-303,2001,1.0,1.0
4980,840-17-303,2007,1.0,1.0
4980,840-17-303,2017,1.0,1.0
4980,840-17-303,2022,1.0,1.0
4980,840-17-304,2023,1.0,0.0
4980,840-17-305,2001,1.0,1.0
4980,840-17-305,2007,1.0,1.0
4980,840-17-305,2015,1.0,1.0
4980,840-17-305,2017,1.0,1.0
4980,840-17-306,2000,1.0,1.0
4980,840-17-306,2007,1.0,1.0
4980,840-17-306,2010,1.0,1.0
4980,840-17-306,2011,1.0,1.0
4980,840-17-307,2007,1.0,0.0
4980,840-17-307,2010,1.0,1.0
4980,840-17-307,2011,1.0,1.0
4980,840-17-307,2019,1.0,1.0
4980,840-17-308,2003,1.0,1.0
4980,840-17-309,2000,1.0,1.0
4980,840-17-309,2001,1.0,1.0
4980,840-17-309,2010,1.0,1.0
4980,840-17-31,2000,1.0,1.0
4980,840-17-31,2001,1.0,1.0
4980,840-17-31,2010,1.0,1.0
4980,840-17-31,2022,1.0,1.0
4980,840-17-312,2000,1.0,1.0
4980,840-17-312,2007,1.0,1.0
4980,840-17-312,2011,1.0,1.0
4980,840-17-312,2015,1.0,1.0
4980,840-17-313,2000,1.0,0.0
4980,840-17-313,2005,1.0,1.0
4980,840-17-313,2007,1.0,1.0
4980,840-17-313,2008,1.0,1.0
4980,840-17-314,2008,1.0,1.0
4980,840-17-314,2014,1.0,1.0
4980,840-17-314,2017,1.0,1.0
4980,840-17-315,2000,1.0,0.0
4980,840-17-315,2001,1.0,1.0
4980,840-17-315,2004,1.0,1.0
4980,840-17-315,2007,1.0,1.0
4980,840-17-315,2010,1.0,1.0
4980,840-17-315,2015,1.0,1.0
4980,840-17-316,2000,1.0,1.0
4980,840-17-316,2001,1.0,1.0
4980,840-17-316,2004,1.0,1.0
4980,840-17-316,2014,1.0,0.0
4980,840-17-317,2000,1.0,0.0
4980,840-17-317,2001,1.0,1.0
4980,840-17-317,2011,1.0,0.0
4980,840-17-318,2000,1.0,1.0
4980,840-17-318,2001,1.0,1.0
4980,840-17-318,2007,1.0,1.0
4980,840-17-318,2011,1.0,1.0
4980,840-17-318,2015,1.0,1.0
4980,840-17-318,2022,1.0,1.0
4980,840-17-319,2014,1.0,0.0
4980,840-17-319,2015,1.0,1.0
4980,840-17-319,2017,1.0,0.0
4980,840-17-32,2004,1.0,1.0
4980,840-17-32,2010,1.0,1.0
4980,840-17-32,2014,1.0,0.0
4980,840-17-32,2022,1.0,1.0
4980,840-17-322,2000,1.0,1.0
4980,840-17-322,2004,1.0,1.0
4980,840-17-322,2010,1.0,1.0
4980,840-17-322,2014,1.0,1.0
4980,840-17-326,2000,1.0,0.0
4980,840-17-326,2008,1.0,1.0
4980,840-17-326,2015,1.0,0.0
4980,840-17-33,2000,1.0,1.0
4980,840-17-33,2022,1.0,1.0
4980,840-17-34,2000,1.0,1.0
4980,840-17-34,2017,1.0,1.0
4980,840-17-34,2022,1.0,0.0
4980,840-17-35,2000,1.0,1.0
4980,840-17-35,2008,1.0,1.0
4980,840-17-35,2010,1.0,1.0
4980,840-17-35,2011,1.0,1.0
4980,840-17-351,2000,1.0,1.0
4980,840-17-351,2001,1.0,1.0
4980,840-17-351,2022,1.0,1.0
4980,840-17-352,2010,1.0,1.0
4980,840-17-352,2022,1.0,1.0
4980,840-17-359,2000,1.0,1.0
4980,840-17-359,2001,1.0,1.0
4980,840-17-359,2017,1.0,1.0
4980,840-17-36,2005,1.0,1.0
4980,840-17-36,2008,1.0,0.0
4980,840-17-36,2011,1.0,1.0
4980,840-17-36,2019,1.0,0.0
4980,840-17-362,2001,1.0,1.0
4980,840-17-362,2010,1.0,0.0
4980,840-17-362,2011,1.0,1.0
4980,840-17-362,2017,1.0,1.0
4980,840-17-362,2022,1.0,1.0
4980,840-17-366,2000,1.0,0.0
4980,840-17-366,2001,1.0,1.0
4980,840-17-366,2007,1.0,1.0
4980,840-17-366,2010,1.0,0.0
4980,840-17-366,2015,1.0,0.0
4980,840-17-366,2022,1.0,1.0
4980,840-17-367,2000,1.0,1.0
4980,840-17-367,2001,1.0,1.0
4980,840-17-367,2007,1.0,1.0
4980,840-17-367,2010,1.0,1.0
4980,840-17-367,2015,1.0,1.0
4980,840-17-367,2022,1.0,1.0
4980,840-17-368,2000,1.0,1.0
4980,840-17-368,2001,1.0,1.0
4980,840-17-368,2010,1.0,1.0
4980,840-17-37,2000,1.0,1.0
4980,840-17-37,2005,1.0,1.0
4980,840-17-37,2011,1.0,1.0
4980,840-17-37,2015,1.0,1.0
4980,840-17-372,1999,1.0,0.0
4980,840-17-372,2005,1.0,0.0
4980,840-17-372,2009,1.0,0.0
4980,840-17-373,2001,1.0,0.0
4980,840-17-373,2015,1.0,0.0
4980,840-17-373,2022,1.0,1.0
4980,840-17-375,2001,1.0,1.0
4980,840-17-375,2014,1.0,1.0
4980,840-17-375,2017,1.0,0.0
4980,840-17-375,2022,1.0,1.0
4980,840-17-4,2000,1.0,1.0
4980,840-17-4,2010,1.0,1.0
4980,840-17-4,2011,1.0,1.0
4980,840-17-40,2010,1.0,0.0
4980,840-17-40,2017,1.0,0.0
4980,840-17-40,2022,1.0,0.0
4980,840-17-41,2000,1.0,0.0
4980,840-17-41,2007,1.0,1.0
4980,840-17-41,2010,1.0,1.0
4980,840-17-41,2011,1.0,1.0
4980,840-17-41,2015,1.0,1.0
4980,840-17-41,2022,1.0,1.0
4980,840-17-410,2001,1.0,0.0
4980,840-17-410,2010,1.0,0.0
4980,840-17-410,2015,1.0,0.0
4980,840-17-410,2022,1.0,0.0
4980,840-17-412,2007,1.0,1.0
4980,840-17-412,2010,1.0,1.0
4980,840-17-412,2015,1.0,1.0
4980,840-17-419,2001,1.0,0.0
4980,840-17-419,2008,1.0,1.0
4980,840-17-419,2014,1.0,1.0
4980,840-17-419,2015,1.0,1.0
4980,840-17-419,2022,1.0,1.0
4980,840-17-42,2000,1.0,1.0
4980,840-17-42,2007,1.0,1.0
4980,840-17-42,2010,1.0,1.0
4980,840-17-42,2011,1.0,1.0
4980,840-17-42,2015,1.0,0.0
4980,840-17-43,2005,1.0,0.0
4980,840-17-43,2007,1.0,0.0
4980,840-17-43,2008,1.0,1.0
4980,840-17-43,2019,1.0,1.0
4980,840-17-44,2000,1.0,1.0
4980,840-17-44,2008,1.0,1.0
4980,840-17-44,2011,1.0,1.0
4980,840-17-44,2015,1.0,1.0
4980,840-17-44,2017,1.0,1.0
4980,840-17-46,2000,1.0,1.0
4980,840-17-46,2001,1.0,1.0
4980,840-17-46,2007,1.0,1.0
4980,840-17-46,2010,1.0,1.0
4980,840-17-46,2015,1.0,1.0
4980,840-17-46,2022,1.0,1.0
4980,840-17-47,2000,1.0,1.0
4980,840-17-47,2001,1.0,1.0
4980,840-17-47,2007,1.0,1.0
4980,840-17-47,2011,1.0,1.0
4980,840-17-47,2022,1.0,1.0
4980,840-17-48,2000,1.0,1.0
4980,840-17-48,2007,1.0,1.0
4980,840-17-49,2000,1.0,1.0
4980,840-17-49,2014,1.0,1.0
4980,840-17-49,2015,1.0,1.0
4980,840-17-49,2022,1.0,1.0
4980,840-17-5,2007,1.0,1.0
4980,840-17-50,2014,1.0,1.0
4980,840-17-50,2022,1.0,1.0
4980,840-17-51,2008,1.0,1.0
4980,840-17-51,2014,1.0,1.0
4980,840-17-51,2015,1.0,1.0
4980,840-17-51,2017,1.0,1.0
4980,840-17-51,2022,1.0,1.0
4980,840-17-52,2000,1.0,0.0
4980,840-17-52,2001,1.0,1.0
4980,840-17-52,2015,1.0,0.0
4980,840-17-52,2022,1.0,1.0
4980,840-17-55,2000,1.0,1.0
4980,840-17-55,2001,1.0,1.0
4980,840-17-55,2011,1.0,1.0
4980,840-17-55,2014,1.0,1.0
4980,840-17-55,2015,1.0,1.0
4980,840-17-56,1998,1.0,1.0
4980,840-17-56,2001,1.0,1.0
4980,840-17-56,2014,1.0,0.0
4980,840-17-56,2015,1.0,1.0
4980,840-17-56,2022,1.0,1.0
4980,840-17-57,2001,1.0,1.0
4980,840-17-58,1998,1.0,1.0
4980,840-17-58,2001,1.0,1.0
4980,840-17-58,2005,1.0,0.0
4980,840-17-58,2014,1.0,0.0
4980,840-17-6,2000,1.0,1.0
4980,840-17-6,2007,1.0,0.0
4980,840-17-6,2010,1.0,1.0
4980,840-17-6,2011,1.0,1.0
4980,840-17-6,2015,1.0,0.0
4980,840-17-8,2000,1.0,1.0
4980,840-17-8,2001,1.0,1.0
4980,840-17-8,2004,1.0,1.0
4980,840-17-9,2000,1.0,1.0
4980,840-17-9,2010,1.0,1.0
4980,840-17-9,2022,1.0,1.0
4980,840-18-1,2000,1.0,1.0
4980,840-18-1,2002,1.0,1.0
4980,840-18-1,2004,1.0,0.0
4980,840-18-1,2012,1.0,0.0
4980,840-18-1,2014,1.0,1.0
4980,840-18-1,2017,1.0,0.0
4980,840-18-1,2018,1.0,1.0
4980,840-18-1,2019,1.0,1.0
4980,840-18-102,2000,1.0,1.0
4980,840-18-102,2002,1.0,1.0
4980,840-18-102,2004,1.0,1.0
4980,840-18-102,2006,1.0,1.0
4980,840-18-102,2007,1.0,1.0
4980,840-18-102,2011,1.0,1.0
4980,840-18-102,2012,1.0,1.0
4980,840-18-102,2013,1.0,1.0
4980,840-18-102,2014,1.0,1.0
4980,840-18-102,2015,1.0,1.0
4980,840-18-102,2017,1.0,1.0
4980,840-18-102,2018,1.0,1.0
4980,840-18-102,2019,1.0,1.0
4980,840-18-102,2022,1.0,1.0
4980,840-18-11,2006,1.0,1.0
4980,840-18-11,2011,1.0,1.0
4980,840-18-11,2012,1.0,1.0
4980,840-18-11,2013,1.0,1.0
4980,840-18-11,2014,1.0,1.0
4980,840-18-11,2015,1.0,1.0
4980,840-18-11,2017,1.0,1.0
4980,840-18-11,2019,1.0,0.0
4980,840-18-11,2022,1.0,1.0
4980,840-18-14,2006,1.0,1.0
4980,840-18-14,2007,1.0,1.0
4980,840-18-14,2011,1.0,1.0
4980,840-18-14,2012,1.0,1.0
4980,840-18-14,2013,1.0,1.0
4980,840-18-14,2014,1.0,1.0
4980,840-18-14,2015,1.0,1.0
4980,840-18-14,2016,1.0,1.0
4980,840-18-14,2017,1.0,1.0
4980,840-18-14,2018,1.0,1.0
4980,840-18-14,2019,1.0,1.0
4980,840-18-15,2006,1.0,1.0
4980,840-18-15,2007,1.0,1.0
4980,840-18-15,2011,1.0,1.0
4980,840-18-15,2015,1.0,0.0
4980,840-18-15,2017,1.0,1.0
4980,840-18-15,2018,1.0,1.0
4980,840-18-15,2019,1.0,1.0
4980,840-18-15,2022,1.0,1.0
4980,840-18-3,2000,1.0,1.0
4980,840-18-3,2002,1.0,1.0
4980,840-18-3,2004,1.0,1.0
4980,840-18-3,2006,1.0,1.0
4980,840-18-3,2007,1.0,1.0
4980,840-18-3,2011,1.0,1.0
4980,840-18-3,2012,1.0,1.0
4980,840-18-3,2013,1.0,1.0
4980,840-18-3,2014,1.0,1.0
4980,840-18-3,2015,1.0,1.0
4980,840-18-3,2016,1.0,1.0
4980,840-18-3,2022,1.0,1.0
4980,840-18-4,2000,1.0,1.0
4980,840-18-4,2002,1.0,0.0
4980,840-18-4,2011,1.0,1.0
4980,840-18-4,2012,1.0,1.0
4980,840-18-4,2013,1.0,1.0
4980,840-18-4,2014,1.0,1.0
4980,840-18-4,2015,1.0,1.0
4980,840-18-4,2016,1.0,1.0
4980,840-18-4,2019,1.0,1.0
4980,840-18-7,2000,1.0,1.0
4980,840-18-7,2002,1.0,1.0
4980,840-18-7,2006,1.0,1.0
4980,840-18-7,2007,1.0,1.0
4980,840-18-7,2011,1.0,0.0
4980,840-18-7,2012,1.0,1.0
4980,840-18-7,2014,1.0,1.0
4980,840-18-7,2015,1.0,1.0
4980,840-18-7,2017,1.0,1.0
4980,840-18-7,2018,1.0,1.0
4980,840-18-8,2000,1.0,1.0
4980,840-18-8,2002,1.0,1.0
4980,840-18-8,2004,1.0,1.0
4980,840-18-8,2006,1.0,1.0
4980,840-18-8,2007,1.0,1.0
4980,840-18-8,2011,1.0,0.0
4980,840-18-8,2012,1.0,1.0
4980,840-18-8,2013,1.0,1.0
4980,840-18-8,2014,1.0,1.0
4980,840-18-8,2015,1.0,1.0
4980,840-18-8,2017,1.0,1.0
4980,840-18-8,2018,1.0,1.0
4980,840-18-8,2019,1.0,1.0
4980,840-18-8,2022,1.0,1.0
4980,840-18-9,2000,1.0,1.0
4980,840-18-9,2002,1.0,1.0
4980,840-18-9,2004,1.0,1.0
4980,840-18-9,2006,1.0,1.0
4980,840-18-9,2007,1.0,1.0
4980,840-18-9,2011,1.0,1.0
4980,840-18-9,2012,1.0,1.0
4980,840-18-9,2013,1.0,1.0
4980,840-18-9,2014,1.0,1.0
4980,840-18-9,2015,1.0,1.0
4980,840-18-9,2017,1.0,1.0
4980,840-18-9,2018,1.0,1.0
4980,840-18-9,2019,1.0,1.0
4980,840-2-1,1999,1.0,1.0
4980,840-2-1,2002,1.0,1.0
4980,840-2-1,2005,1.0,1.0
4980,840-2-1,2006,1.0,1.0
4980,840-2-1,2008,1.0,1.0
4980,840-2-1,2013,1.0,1.0
4980,840-2-1,2014,1.0,1.0
4980,840-2-1,2015,1.0,1.0
4980,840-2-1,2019,1.0,1.0
4980,840-2-1,2023,1.0,1.0
4980,840-2-10,2000,1.0,1.0
4980,840-2-10,2002,1.0,1.0
4980,840-2-10,2006,1.0,1.0
4980,840-2-10,2009,1.0,1.0
4980,840-2-10,2012,1.0,1.0
4980,840-2-10,2018,1.0,1.0
4980,840-2-102,1999,1.0,1.0
4980,840-2-102,2002,1.0,1.0
4980,840-2-102,2004,1.0,1.0
4980,840-2-102,2005,1.0,1.0
4980,840-2-102,2006,1.0,1.0
4980,840-2-102,2013,1.0,1.0
4980,840-2-102,2014,1.0,1.0
4980,840-2-105,2000,1.0,1.0
4980,840-2-105,2002,1.0,1.0
4980,840-2-105,2004,1.0,1.0
4980,840-2-105,2006,1.0,1.0
4980,840-2-105,2009,1.0,1.0
4980,840-2-105,2012,1.0,1.0
4980,840-2-105,2015,1.0,1.0
4980,840-2-109,2000,1.0,1.0
4980,840-2-109,2002,1.0,1.0
4980,840-2-109,2004,1.0,1.0
4980,840-2-109,2006,1.0,1.0
4980,840-2-109,2009,1.0,1.0
4980,840-2-109,2012,1.0,1.0
4980,840-2-111,2000,1.0,0.0
4980,840-2-111,2002,1.0,1.0
4980,840-2-111,2004,1.0,1.0
4980,840-2-111,2006,1.0,1.0
4980,840-2-111,2009,1.0,1.0
4980,840-2-111,2012,1.0,1.0
4980,840-2-111,2015,1.0,1.0
4980,840-2-111,2018,1.0,1.0
4980,840-2-12,2009,1.0,0.0
4980,840-2-12,2014,1.0,0.0
4980,840-2-12,2019,1.0,0.0
4980,840-2-13,2005,1.0,0.0
4980,840-2-13,2019,1.0,1.0
4980,840-2-13,2023,1.0,1.0
4980,840-2-14,2004,1.0,1.0
4980,840-2-14,2005,1.0,1.0
4980,840-2-14,2013,1.0,1.0
4980,840-2-14,2014,1.0,1.0
4980,840-2-14,2023,1.0,0.0
4980,840-2-140,1998,1.0,1.0
4980,840-2-140,1999,1.0,1.0
4980,840-2-140,2000,1.0,1.0
4980,840-2-140,2003,1.0,1.0
4980,840-2-140,2004,1.0,1.0
4980,840-2-140,2006,1.0,1.0
4980,840-2-140,2007,1.0,1.0
4980,840-2-140,2008,1.0,1.0
4980,840-2-140,2009,1.0,1.0
4980,840-2-140,2013,1.0,0.0
4980,840-2-140,2014,1.0,1.0
4980,840-2-140,2015,1.0,1.0
4980,840-2-141,2004,1.0,0.0
4980,840-2-141,2007,1.0,1.0
4980,840-2-141,2008,1.0,1.0
4980,840-2-141,2009,1.0,1.0
4980,840-2-141,2013,1.0,1.0
4980,840-2-141,2015,1.0,1.0
4980,840-2-141,2016,1.0,1.0
4980,840-2-141,2018,1.0,1.0
4980,840-2-141,2019,1.0,1.0
4980,840-2-142,2000,1.0,1.0
4980,840-2-142,2002,1.0,1.0
4980,840-2-142,2004,1.0,1.0
4980,840-2-142,2007,1.0,1.0
4980,840-2-142,2008,1.0,1.0
4980,840-2-142,2009,1.0,1.0
4980,840-2-142,2013,1.0,0.0
4980,840-2-142,2015,1.0,1.0
4980,840-2-142,2019,1.0,0.0
4980,840-2-15,1999,1.0,1.0
4980,840-2-15,2005,1.0,0.0
4980,840-2-15,2013,1.0,1.0
4980,840-2-15,2014,1.0,1.0
4980,840-2-15,2019,1.0,1.0
4980,840-2-15,2023,1.0,0.0
4980,840-2-156,2000,1.0,0.0
4980,840-2-156,2002,1.0,1.0
4980,840-2-156,2006,1.0,1.0
4980,840-2-156,2009,1.0,1.0
4980,840-2-156,2012,1.0,1.0
4980,840-2-156,2015,1.0,1.0
4980,840-2-156,2018,1.0,1.0
4980,840-2-16,2013,1.0,0.0
4980,840-2-16,2017,1.0,0.0
4980,840-2-16,2019,1.0,1.0
4980,840-2-16,2023,1.0,0.0
4980,840-2-162,2004,1.0,1.0
4980,840-2-162,2009,1.0,1.0
4980,840-2-162,2019,1.0,1.0
4980,840-2-164,2000,1.0,0.0
4980,840-2-164,2002,1.0,1.0
4980,840-2-164,2006,1.0,1.0
4980,840-2-164,2008,1.0,1.0
4980,840-2-164,2009,1.0,1.0
4980,840-2-164,2012,1.0,1.0
4980,840-2-164,2018,1.0,0.0
4980,840-2-17,2015,1.0,0.0
4980,840-2-19,1999,1.0,1.0
4980,840-2-19,2002,1.0,1.0
4980,840-2-19,2013,1.0,0.0
4980,840-2-19,2014,1.0,1.0
4980,840-2-19,2015,1.0,1.0
4980,840-2-20,1999,1.0,1.0
4980,840-2-20,2012,1.0,1.0
4980,840-2-20,2013,1.0,1.0
4980,840-2-20,2016,1.0,0.0
4980,840-2-201,1999,1.0,1.0
4980,840-2-201,2002,1.0,1.0
4980,840-2-201,2005,1.0,1.0
4980,840-2-201,2013,1.0,1.0
4980,840-2-201,2014,1.0,1.0
4980,840-2-201,2015,1.0,1.0
4980,840-2-201,2019,1.0,1.0
4980,840-2-201,2023,1.0,1.0
4980,840-2-204,1998,1.0,0.0
4980,840-2-204,2002,1.0,0.0
4980,840-2-204,2004,1.0,1.0
4980,840-2-204,2006,1.0,1.0
4980,840-2-204,2009,1.0,1.0
4980,840-2-204,2012,1.0,1.0
4980,840-2-204,2014,1.0,1.0
4980,840-2-204,2018,1.0,1.0
4980,840-2-205,2002,1.0,1.0
4980,840-2-205,2013,1.0,0.0
4980,840-2-205,2015,1.0,0.0
4980,840-2-205,2016,1.0,1.0
4980,840-2-207,2000,1.0,1.0
4980,840-2-207,2002,1.0,1.0
4980,840-2-207,2006,1.0,1.0
4980,840-2-207,2009,1.0,1.0
4980,840-2-207,2012,1.0,1.0
4980,840-2-207,2015,1.0,0.0
4980,840-2-208,2000,1.0,0.0
4980,840-2-208,2002,1.0,0.0
4980,840-2-208,2006,1.0,1.0
4980,840-2-208,2016,1.0,0.0
4980,840-2-208,2018,1.0,1.0
4980,840-2-209,2004,1.0,0.0
4980,840-2-209,2009,1.0,1.0
4980,840-2-209,2012,1.0,1.0
4980,840-2-21,1999,1.0,0.0
4980,840-2-21,2014,1.0,0.0
4980,840-2-210,2016,1.0,0.0
4980,840-2-210,2019,1.0,0.0
4980,840-2-211,2002,1.0,1.0
4980,840-2-211,2006,1.0,1.0
4980,840-2-211,2012,1.0,1.0
4980,840-2-211,2015,1.0,1.0
4980,840-2-211,2016,1.0,1.0
4980,840-2-211,2018,1.0,1.0
4980,840-2-211,2019,1.0,1.0
4980,840-2-212,2002,1.0,1.0
4980,840-2-212,2004,1.0,1.0
4980,840-2-212,2009,1.0,1.0
4980,840-2-212,2012,1.0,1.0
4980,840-2-212,2015,1.0,1.0
4980,840-2-215,2004,1.0,1.0
4980,840-2-216,2015,1.0,0.0
4980,840-2-216,2016,1.0,1.0
4980,840-2-216,2018,1.0,1.0
4980,840-2-218,2000,1.0,1.0
4980,840-2-218,2002,1.0,1.0
4980,840-2-218,2007,1.0,1.0
4980,840-2-218,2008,1.0,1.0
4980,840-2-218,2009,1.0,1.0
4980,840-2-218,2018,1.0,0.0
4980,840-2-218,2019,1.0,1.0
4980,840-2-218,2023,1.0,1.0
4980,840-2-22,2002,1.0,1.0
4980,840-2-22,2005,1.0,1.0
4980,840-2-22,2006,1.0,1.0
4980,840-2-22,2013,1.0,0.0
4980,840-2-22,2014,1.0,1.0
4980,840-2-22,2016,1.0,1.0
4980,840-2-22,2023,1.0,0.0
4980,840-2-23,2002,1.0,1.0
4980,840-2-23,2004,1.0,1.0
4980,840-2-23,2005,1.0,1.0
4980,840-2-23,2013,1.0,1.0
4980,840-2-23,2014,1.0,1.0
4980,840-2-23,2023,1.0,0.0
4980,840-2-24,2002,1.0,1.0
4980,840-2-24,2005,1.0,1.0
4980,840-2-24,2013,1.0,1.0
4980,840-2-24,2015,1.0,1.0
4980,840-2-24,2016,1.0,1.0
4980,840-2-24,2018,1.0,1.0
4980,840-2-24,2023,1.0,1.0
4980,840-2-25,2002,1.0,1.0
4980,840-2-25,2006,1.0,1.0
4980,840-2-25,2012,1.0,1.0
4980,840-2-25,2013,1.0,1.0
4980,840-2-25,2015,1.0,1.0
4980,840-2-25,2016,1.0,1.0
4980,840-2-25,2019,1.0,0.0
4980,840-2-26,1999,1.0,1.0
4980,840-2-26,2004,1.0,1.0
4980,840-2-26,2012,1.0,1.0
4980,840-2-26,2013,1.0,1.0
4980,840-2-26,2019,1.0,0.0
4980,840-2-27,2002,1.0,1.0
4980,840-2-27,2004,1.0,1.0
4980,840-2-27,2009,1.0,1.0
4980,840-2-27,2018,1.0,1.0
4980,840-2-27,2019,1.0,1.0
4980,840-2-28,2009,1.0,1.0
4980,840-2-28,2015,1.0,0.0
4980,840-2-28,2018,1.0,1.0
4980,840-2-29,2002,1.0,1.0
4980,840-2-29,2004,1.0,1.0
4980,840-2-29,2009,1.0,1.0
4980,840-2-29,2018,1.0,1.0
4980,840-2-31,1999,1.0,0.0
4980,840-2-31,2004,1.0,1.0
4980,840-2-31,2009,1.0,1.0
4980,840-2-31,2016,1.0,0.0
4980,840-2-31,2018,1.0,1.0
4980,840-2-31,2023,1.0,1.0
4980,840-2-33,2004,1.0,1.0
4980,840-2-33,2005,1.0,1.0
4980,840-2-33,2012,1.0,1.0
4980,840-2-33,2013,1.0,1.0
4980,840-2-33,2014,1.0,1.0
4980,840-2-33,2023,1.0,1.0
4980,840-2-34,2000,1.0,1.0
4980,840-2-34,2002,1.0,1.0
4980,840-2-36,2012,1.0,0.0
4980,840-2-36,2013,1.0,1.0
4980,840-2-36,2014,1.0,1.0
4980,840-2-38,2002,1.0,1.0
4980,840-2-38,2013,1.0,1.0
4980,840-2-38,2015,1.0,1.0
4980,840-2-38,2016,1.0,1.0
4980,840-2-38,2018,1.0,1.0
4980,840-2-38,2019,1.0,1.0
4980,840-2-38,2023,1.0,0.0
4980,840-2-4,2002,1.0,1.0
4980,840-2-4,2004,1.0,1.0
4980,840-2-4,2005,1.0,1.0
4980,840-2-4,2013,1.0,1.0
4980,840-2-4,2014,1.0,1.0
4980,840-2-4,2019,1.0,1.0
4980,840-2-43,2000,1.0,1.0
4980,840-2-43,2006,1.0,0.0
4980,840-2-43,2016,1.0,0.0
4980,840-2-45,2002,1.0,1.0
4980,840-2-45,2009,1.0,1.0
4980,840-2-45,2013,1.0,0.0
4980,840-2-45,2014,1.0,1.0
4980,840-2-45,2015,1.0,1.0
4980,840-2-47,2002,1.0,1.0
4980,840-2-47,2012,1.0,1.0
4980,840-2-47,2013,1.0,1.0
4980,840-2-47,2014,1.0,1.0
4980,840-2-47,2023,1.0,1.0
4980,840-2-48,2002,1.0,1.0
4980,840-2-48,2015,1.0,0.0
4980,840-2-48,2016,1.0,1.0
4980,840-2-48,2023,1.0,0.0
4980,840-2-49,2000,1.0,1.0
4980,840-2-49,2002,1.0,1.0
4980,840-2-49,2008,1.0,1.0
4980,840-2-50,2002,1.0,1.0
4980,840-2-50,2006,1.0,1.0
4980,840-2-50,2012,1.0,1.0
4980,840-2-50,2013,1.0,1.0
4980,840-2-50,2015,1.0,1.0
4980,840-2-50,2016,1.0,1.0
4980,840-2-50,2018,1.0,1.0
4980,840-2-50,2019,1.0,1.0
4980,840-2-50,2023,1.0,1.0
4980,840-2-52,2004,1.0,0.0
4980,840-2-52,2005,1.0,1.0
4980,840-2-52,2013,1.0,0.0
4980,840-2-53,2002,1.0,0.0
4980,840-2-53,2013,1.0,1.0
4980,840-2-53,2015,1.0,1.0
4980,840-2-53,2016,1.0,1.0
4980,840-2-53,2018,1.0,1.0
4980,840-2-53,2019,1.0,1.0
4980,840-2-54,2002,1.0,1.0
4980,840-2-54,2008,1.0,1.0
4980,840-2-54,2009,1.0,1.0
4980,840-2-54,2013,1.0,1.0
4980,840-2-54,2015,1.0,0.0
4980,840-2-54,2016,1.0,1.0
4980,840-2-54,2018,1.0,0.0
4980,840-2-55,2004,1.0,1.0
4980,840-2-55,2009,1.0,1.0
4980,840-2-55,2015,1.0,0.0
4980,840-2-55,2016,1.0,1.0
4980,840-2-55,2018,1.0,1.0
4980,840-2-55,2023,1.0,1.0
4980,840-2-57,2002,1.0,1.0
4980,840-2-57,2005,1.0,1.0
4980,840-2-57,2006,1.0,1.0
4980,840-2-57,2008,1.0,1.0
4980,840-2-57,2009,1.0,1.0
4980,840-2-57,2013,1.0,1.0
4980,840-2-57,2014,1.0,1.0
4980,840-2-57,2015,1.0,1.0
4980,840-2-58,2002,1.0,1.0
4980,840-2-58,2004,1.0,1.0
4980,840-2-58,2005,1.0,1.0
4980,840-2-58,2012,1.0,1.0
4980,840-2-58,2014,1.0,1.0
4980,840-2-58,2019,1.0,1.0
4980,840-2-59,2000,1.0,1.0
4980,840-2-59,2008,1.0,1.0
4980,840-2-59,2009,1.0,1.0
4980,840-2-59,2012,1.0,1.0
4980,840-2-59,2015,1.0,1.0
4980,840-2-59,2016,1.0,1.0
4980,840-2-60,2002,1.0,1.0
4980,840-2-60,2009,1.0,1.0
4980,840-2-60,2012,1.0,1.0
4980,840-2-60,2015,1.0,1.0
4980,840-2-60,2016,1.0,1.0
4980,840-2-61,2000,1.0,0.0
4980,840-2-61,2002,1.0,0.0
4980,840-2-61,2006,1.0,0.0
4980,840-2-61,2009,1.0,1.0
4980,840-2-61,2012,1.0,1.0
4980,840-2-63,2000,1.0,1.0
4980,840-2-63,2002,1.0,1.0
4980,840-2-63,2005,1.0,1.0
4980,840-2-63,2006,1.0,1.0
4980,840-2-63,2012,1.0,1.0
4980,840-2-63,2013,1.0,1.0
4980,840-2-63,2014,1.0,1.0
4980,840-2-63,2016,1.0,0.0
4980,840-2-63,2019,1.0,1.0
4980,840-2-63,2023,1.0,1.0
4980,840-2-65,2002,1.0,1.0
4980,840-2-65,2004,1.0,1.0
4980,840-2-65,2009,1.0,1.0
4980,840-2-65,2012,1.0,1.0
4980,840-2-65,2018,1.0,0.0
4980,840-2-65,2019,1.0,1.0
4980,840-2-66,2002,1.0,1.0
4980,840-2-66,2008,1.0,0.0
4980,840-2-66,2009,1.0,1.0
4980,840-2-66,2018,1.0,0.0
4980,840-2-67,1999,1.0,0.0
4980,840-2-67,2004,1.0,1.0
4980,840-2-67,2005,1.0,1.0
4980,840-2-67,2012,1.0,0.0
4980,840-2-68,2002,1.0,1.0
4980,840-2-68,2004,1.0,1.0
4980,840-2-68,2009,1.0,1.0
4980,840-2-68,2013,1.0,0.0
4980,840-2-68,2015,1.0,1.0
4980,840-2-68,2023,1.0,0.0
4980,840-2-7,2000,1.0,1.0
4980,840-2-7,2002,1.0,1.0
4980,840-2-7,2006,1.0,0.0
4980,840-2-7,2009,1.0,1.0
4980,840-2-7,2014,1.0,1.0
4980,840-2-7,2015,1.0,1.0
4980,840-2-7,2018,1.0,1.0
4980,840-2-70,1999,1.0,1.0
4980,840-2-70,2000,1.0,1.0
4980,840-2-70,2002,1.0,1.0
4980,840-2-70,2007,1.0,0.0
4980,840-2-70,2008,1.0,1.0
4980,840-2-70,2009,1.0,1.0
4980,840-2-70,2013,1.0,1.0
4980,840-2-70,2016,1.0,0.0
4980,840-2-70,2018,1.0,1.0
4980,840-2-70,2019,1.0,1.0
4980,840-2-70,2023,1.0,0.0
4980,840-2-71,1999,1.0,0.0
4980,840-2-71,2002,1.0,1.0
4980,840-2-71,2008,1.0,1.0
4980,840-2-71,2013,1.0,1.0
4980,840-2-71,2014,1.0,1.0
4980,840-2-71,2019,1.0,1.0
4980,840-2-71,2023,1.0,1.0
4980,840-2-72,1999,1.0,1.0
4980,840-2-72,2000,1.0,1.0
4980,840-2-72,2002,1.0,1.0
4980,840-2-72,2005,1.0,1.0
4980,840-2-72,2006,1.0,1.0
4980,840-2-72,2009,1.0,1.0
4980,840-2-72,2014,1.0,1.0
4980,840-2-72,2015,1.0,1.0
4980,840-2-73,2008,1.0,1.0
4980,840-2-73,2009,1.0,1.0
4980,840-2-73,2011,1.0,1.0
4980,840-2-73,2012,1.0,1.0
4980,840-2-73,2015,1.0,1.0
4980,840-2-73,2018,1.0,1.0
4980,840-2-8,2004,1.0,1.0
4980,840-2-8,2013,1.0,0.0
4980,840-2-8,2014,1.0,1.0
4980,840-2-8,2019,1.0,1.0
4980,840-2-8,2023,1.0,0.0
4980,840-21-1,1999,1.0,1.0
4980,840-21-1,2000,1.0,1.0
4980,840-21-1,2001,1.0,1.0
4980,840-21-1,2005,1.0,1.0
4980,840-21-1,2006,1.0,1.0
4980,840-21-1,2007,1.0,1.0
4980,840-21-1,2012,1.0,1.0
4980,840-21-1,2013,1.0,1.0
4980,840-21-1,2014,1.0,1.0
4980,840-21-1,2015,1.0,1.0
4980,840-21-1,2018,1.0,0.0
4980,840-21-1,2019,1.0,1.0
4980,840-21-10,2000,1.0,1.0
4980,840-21-10,2002,1.0,1.0
4980,840-21-10,2004,1.0,0.0
4980,840-21-10,2006,1.0,1.0
4980,840-21-10,2007,1.0,1.0
4980,840-21-10,2013,1.0,1.0
4980,840-21-10,2014,1.0,1.0
4980,840-21-10,2016,1.0,1.0
4980,840-21-105,1999,1.0,1.0
4980,840-21-105,2000,1.0,1.0
4980,840-21-105,2001,1.0,1.0
4980,840-21-105,2005,1.0,1.0
4980,840-21-105,2006,1.0,1.0
4980,840-21-105,2007,1.0,1.0
4980,840-21-105,2012,1.0,1.0
4980,840-21-105,2013,1.0,1.0
4980,840-21-105,2014,1.0,1.0
4980,840-21-105,2015,1.0,1.0
4980,840-21-105,2017,1.0,0.0
4980,840-21-105,2018,1.0,1.0
4980,840-21-105,2019,1.0,1.0
4980,840-21-105,2022,1.0,1.0
4980,840-21-109,1999,1.0,1.0
4980,840-21-109,2000,1.0,1.0
4980,840-21-109,2001,1.0,1.0
4980,840-21-109,2004,1.0,1.0
4980,840-21-109,2005,1.0,1.0
4980,840-21-109,2006,1.0,1.0
4980,840-21-109,2007,1.0,1.0
4980,840-21-109,2013,1.0,1.0
4980,840-21-109,2014,1.0,1.0
4980,840-21-109,2017,1.0,1.0
4980,840-21-109,2018,1.0,1.0
4980,840-21-109,2019,1.0,1.0
4980,840-21-2,2000,1.0,1.0
4980,840-21-2,2006,1.0,1.0
4980,840-21-2,2007,1.0,1.0
4980,840-21-2,2012,1.0,1.0
4980,840-21-2,2013,1.0,1.0
4980,840-21-2,2014,1.0,1.0
4980,840-21-3,1999,1.0,1.0
4980,840-21-3,2000,1.0,1.0
4980,840-21-3,2001,1.0,1.0
4980,840-21-3,2005,1.0,1.0
4980,840-21-3,2006,1.0,1.0
4980,840-21-3,2007,1.0,1.0
4980,840-21-3,2013,1.0,1.0
4980,840-21-3,2014,1.0,1.0
4980,840-21-3,2018,1.0,1.0
4980,840-21-3,2019,1.0,1.0
4980,840-21-4,1999,1.0,1.0
4980,840-21-4,2000,1.0,1.0
4980,840-21-4,2001,1.0,1.0
4980,840-21-4,2005,1.0,1.0
4980,840-21-4,2006,1.0,1.0
4980,840-21-4,2007,1.0,1.0
4980,840-21-4,2013,1.0,1.0
4980,840-21-4,2014,1.0,1.0
4980,840-25-1,2000,1.0,1.0
4980,840-25-1,2002,1.0,1.0
4980,840-25-1,2007,1.0,1.0
4980,840-25-1,2008,1.0,1.0
4980,840-25-1,2009,1.0,1.0
4980,840-25-1,2010,1.0,1.0
4980,840-25-10,2002,1.0,0.0
4980,840-25-10,2006,1.0,1.0
4980,840-25-10,2007,1.0,1.0
4980,840-25-10,2008,1.0,1.0
4980,840-25-10,2009,1.0,1.0
4980,840-25-10,2015,1.0,0.0
4980,840-25-10,2018,1.0,0.0
4980,840-25-10,2019,1.0,1.0
4980,840-25-108,2000,1.0,1.0
4980,840-25-108,2002,1.0,1.0
4980,840-25-108,2007,1.0,1.0
4980,840-25-108,2009,1.0,0.0
4980,840-25-108,2015,1.0,1.0
4980,840-25-11,2000,1.0,0.0
4980,840-25-11,2004,1.0,0.0
4980,840-25-11,2007,1.0,0.0
4980,840-25-11,2008,1.0,1.0
4980,840-25-11,2009,1.0,1.0
4980,840-25-11,2013,1.0,1.0
4980,840-25-11,2014,1.0,1.0
4980,840-25-11,2018,1.0,0.0
4980,840-25-113,1999,1.0,0.0
4980,840-25-113,2001,1.0,1.0
4980,840-25-113,2005,1.0,1.0
4980,840-25-113,2009,1.0,0.0
4980,840-25-113,2013,1.0,0.0
4980,840-25-113,2014,1.0,1.0
4980,840-25-113,2017,1.0,1.0
4980,840-25-113,2018,1.0,1.0
4980,840-25-113,2023,1.0,0.0
4980,840-25-116,2000,1.0,1.0
4980,840-25-116,2006,1.0,1.0
4980,840-25-116,2007,1.0,1.0
4980,840-25-116,2008,1.0,1.0
4980,840-25-116,2009,1.0,1.0
4980,840-25-116,2016,1.0,0.0
4980,840-25-116,2018,1.0,1.0
4980,840-25-116,2019,1.0,1.0
4980,840-25-116,2023,1.0,1.0
4980,840-25-12,2002,1.0,1.0
4980,840-25-12,2004,1.0,1.0
4980,840-25-12,2006,1.0,1.0
4980,840-25-12,2007,1.0,1.0
4980,840-25-12,2009,1.0,1.0
4980,840-25-12,2018,1.0,1.0
4980,840-25-129,2001,1.0,1.0
4980,840-25-129,2007,1.0,1.0
4980,840-25-129,2014,1.0,1.0
4980,840-25-129,2016,1.0,0.0
4980,840-25-132,2007,1.0,1.0
4980,840-25-132,2008,1.0,1.0
4980,840-25-132,2009,1.0,1.0
4980,840-25-132,2014,1.0,1.0
4980,840-25-132,2015,1.0,1.0
4980,840-25-135,2001,1.0,1.0
4980,840-25-135,2003,1.0,1.0
4980,840-25-135,2004,1.0,1.0
4980,840-25-135,2006,1.0,0.0
4980,840-25-135,2008,1.0,1.0
4980,840-25-135,2009,1.0,1.0
4980,840-25-135,2011,1.0,1.0
4980,840-25-135,2012,1.0,1.0
4980,840-25-135,2013,1.0,1.0
4980,840-25-135,2014,1.0,1.0
4980,840-25-135,2015,1.0,1.0
4980,840-25-135,2016,1.0,1.0
4980,840-25-135,2017,1.0,1.0
4980,840-25-135,2018,1.0,1.0
4980,840-25-135,2022,1.0,1.0
4980,840-25-14,2001,1.0,1.0
4980,840-25-14,2002,1.0,1.0
4980,840-25-14,2007,1.0,1.0
4980,840-25-14,2009,1.0,1.0
4980,840-25-14,2013,1.0,1.0
4980,840-25-14,2014,1.0,1.0
4980,840-25-14,2017,1.0,1.0
4980,840-25-14,2018,1.0,1.0
4980,840-25-14,2023,1.0,0.0
4980,840-25-15,2002,1.0,1.0
4980,840-25-15,2004,1.0,1.0
4980,840-25-15,2013,1.0,1.0
4980,840-25-15,2015,1.0,1.0
4980,840-25-15,2016,1.0,1.0
4980,840-25-15,2018,1.0,1.0
4980,840-25-15,2019,1.0,1.0
4980,840-25-15,2023,1.0,0.0
4980,840-25-165,2006,1.0,1.0
4980,840-25-165,2008,1.0,0.0
4980,840-25-165,2009,1.0,1.0
4980,840-25-165,2013,1.0,1.0
4980,840-25-165,2014,1.0,1.0
4980,840-25-165,2018,1.0,0.0
4980,840-25-172,2001,1.0,1.0
4980,840-25-172,2013,1.0,1.0
4980,840-25-172,2014,1.0,1.0
4980,840-25-172,2016,1.0,1.0
4980,840-25-172,2019,1.0,1.0
4980,840-25-172,2023,1.0,0.0
4980,840-25-175,1998,1.0,0.0
4980,840-25-178,2000,1.0,1.0
4980,840-25-178,2003,1.0,1.0
4980,840-25-178,2005,1.0,1.0
4980,840-25-178,2006,1.0,1.0
4980,840-25-178,2007,1.0,1.0
4980,840-25-178,2008,1.0,1.0
4980,840-25-178,2009,1.0,1.0
4980,840-25-178,2011,1.0,1.0
4980,840-25-178,2012,1.0,1.0
4980,840-25-178,2013,1.0,1.0
4980,840-25-178,2014,1.0,1.0
4980,840-25-178,2015,1.0,1.0
4980,840-25-178,2016,1.0,1.0
4980,840-25-178,2018,1.0,0.0
4980,840-25-178,2022,1.0,1.0
4980,840-25-18,2000,1.0,1.0
4980,840-25-18,2001,1.0,1.0
4980,840-25-18,2002,1.0,1.0
4980,840-25-18,2003,1.0,1.0
4980,840-25-18,2005,1.0,1.0
4980,840-25-18,2006,1.0,1.0
4980,840-25-18,2008,1.0,1.0
4980,840-25-18,2009,1.0,1.0
4980,840-25-18,2013,1.0,1.0
4980,840-25-18,2014,1.0,1.0
4980,840-25-18,2015,1.0,1.0
4980,840-25-18,2023,1.0,1.0
4980,840-25-180,2000,1.0,0.0
4980,840-25-180,2001,1.0,1.0
4980,840-25-180,2003,1.0,1.0
4980,840-25-180,2005,1.0,1.0
4980,840-25-180,2007,1.0,0.0
4980,840-25-180,2008,1.0,1.0
4980,840-25-180,2009,1.0,1.0
4980,840-25-180,2012,1.0,0.0
4980,840-25-180,2013,1.0,1.0
4980,840-25-180,2014,1.0,1.0
4980,840-25-180,2015,1.0,1.0
4980,840-25-180,2018,1.0,0.0
4980,840-25-19,2004,1.0,0.0
4980,840-25-19,2009,1.0,0.0
4980,840-25-2,2000,1.0,1.0
4980,840-25-2,2002,1.0,1.0
4980,840-25-2,2004,1.0,1.0
4980,840-25-2,2008,1.0,1.0
4980,840-25-2,2009,1.0,1.0
4980,840-25-20,2001,1.0,1.0
4980,840-25-20,2002,1.0,1.0
4980,840-25-20,2006,1.0,1.0
4980,840-25-20,2008,1.0,0.0
4980,840-25-20,2013,1.0,1.0
4980,840-25-20,2017,1.0,1.0
4980,840-25-20,2018,1.0,1.0
4980,840-25-20,2023,1.0,1.0
4980,840-25-21,2002,1.0,0.0
4980,840-25-21,2005,1.0,1.0
4980,840-25-21,2007,1.0,1.0
4980,840-25-21,2009,1.0,1.0
4980,840-25-21,2014,1.0,0.0
4980,840-25-22,2001,1.0,1.0
4980,840-25-22,2007,1.0,1.0
4980,840-25-22,2014,1.0,1.0
4980,840-25-22,2019,1.0,1.0
4980,840-25-22,2023,1.0,0.0
4980,840-25-24,2001,1.0,1.0
4980,840-25-24,2002,1.0,1.0
4980,840-25-24,2003,1.0,1.0
4980,840-25-24,2007,1.0,1.0
4980,840-25-24,2009,1.0,1.0
4980,840-25-24,2013,1.0,1.0
4980,840-25-24,2014,1.0,1.0
4980,840-25-24,2016,1.0,0.0
4980,840-25-25,2000,1.0,1.0
4980,840-25-25,2001,1.0,1.0
4980,840-25-25,2002,1.0,1.0
4980,840-25-25,2003,1.0,1.0
4980,840-25-25,2006,1.0,1.0
4980,840-25-25,2007,1.0,1.0
4980,840-25-25,2008,1.0,1.0
4980,840-25-25,2009,1.0,1.0
4980,840-25-25,2011,1.0,1.0
4980,840-25-25,2013,1.0,1.0
4980,840-25-25,2014,1.0,1.0
4980,840-25-25,2015,1.0,1.0
4980,840-25-25,2016,1.0,1.0
4980,840-25-25,2018,1.0,0.0
4980,840-25-25,2019,1.0,1.0
4980,840-25-26,2000,1.0,1.0
4980,840-25-26,2007,1.0,1.0
4980,840-25-26,2008,1.0,1.0
4980,840-25-26,2009,1.0,1.0
4980,840-25-27,2001,1.0,1.0
4980,840-25-27,2007,1.0,1.0
4980,840-25-27,2008,1.0,1.0
4980,840-25-27,2009,1.0,1.0
4980,840-25-27,2014,1.0,1.0
4980,840-25-27,2016,1.0,1.0
4980,840-25-27,2019,1.0,1.0
4980,840-25-27,2023,1.0,1.0
4980,840-25-28,2000,1.0,1.0
4980,840-25-28,2001,1.0,1.0
4980,840-25-28,2003,1.0,1.0
4980,840-25-28,2005,1.0,1.0
4980,840-25-28,2007,1.0,0.0
4980,840-25-28,2008,1.0,1.0
4980,840-25-28,2009,1.0,1.0
4980,840-25-28,2012,1.0,1.0
4980,840-25-28,2013,1.0,1.0
4980,840-25-28,2014,1.0,1.0
4980,840-25-28,2017,1.0,1.0
4980,840-25-28,2018,1.0,1.0
4980,840-25-28,2022,1.0,1.0
4980,840-25-3,2000,1.0,1.0
4980,840-25-3,2004,1.0,1.0
4980,840-25-3,2007,1.0,1.0
4980,840-25-3,2008,1.0,1.0
4980,840-25-3,2009,1.0,1.0
4980,840-25-30,2007,1.0,1.0
4980,840-25-30,2009,1.0,1.0
4980,840-25-30,2013,1.0,1.0
4980,840-25-30,2016,1.0,0.0
4980,840-25-30,2019,1.0,1.0
4980,840-25-31,2000,1.0,1.0
4980,840-25-31,2001,1.0,1.0
4980,840-25-31,2002,1.0,1.0
4980,840-25-31,2003,1.0,1.0
4980,840-25-31,2007,1.0,1.0
4980,840-25-31,2008,1.0,1.0
4980,840-25-31,2009,1.0,1.0
4980,840-25-31,2012,1.0,1.0
4980,840-25-31,2013,1.0,1.0
4980,840-25-31,2014,1.0,1.0
4980,840-25-31,2016,1.0,1.0
4980,840-25-37,2000,1.0,0.0
4980,840-25-37,2004,1.0,1.0
4980,840-25-37,2006,1.0,0.0
4980,840-25-37,2008,1.0,1.0
4980,840-25-4,2002,1.0,1.0
4980,840-25-4,2004,1.0,1.0
4980,840-25-4,2008,1.0,1.0
4980,840-25-4,2009,1.0,1.0
4980,840-25-4,2015,1.0,1.0
4980,840-25-4,2016,1.0,1.0
4980,840-25-4,2018,1.0,1.0
4980,840-25-4,2023,1.0,1.0
4950,124-11-10,2007,1.0,1.0
4950,124-11-10,2022,1.0,0.0
4950,124-11-126,2002,1.0,0.0
4950,124-11-126,2003,1.0,1.0
4950,124-11-126,2014,1.0,0.0
4950,124-11-136,2005,1.0,1.0
4950,124-11-136,2009,1.0,0.0
4950,124-11-136,2015,1.0,0.0
4950,124-11-167,2011,1.0,1.0
4950,124-11-167,2014,1.0,0.0
4950,124-11-17,2003,1.0,1.0
4950,124-11-17,2007,1.0,1.0
4950,124-11-17,2013,1.0,0.0
4950,124-11-17,2017,1.0,0.0
4950,124-11-17,2019,1.0,1.0
4950,124-11-19,2000,1.0,1.0
4950,124-11-19,2008,1.0,0.0
4950,124-11-19,2018,1.0,1.0
4950,124-11-19,2022,1.0,0.0
4950,124-11-208,2000,1.0,1.0
4950,124-11-208,2007,1.0,1.0
4950,124-11-208,2013,1.0,1.0
4950,124-11-208,2014,1.0,1.0
4950,124-11-208,2018,1.0,1.0
4950,124-11-208,2022,1.0,0.0
4950,124-11-220,2014,1.0,0.0
4950,124-11-220,2016,1.0,0.0
4950,124-11-222,2000,1.0,1.0
4950,124-11-222,2005,1.0,0.0
4950,124-11-222,2008,1.0,0.0
4950,124-11-223,2000,1.0,1.0
4950,124-11-223,2005,1.0,1.0
4950,124-11-234,2000,1.0,0.0
4950,124-11-234,2005,1.0,1.0
4950,124-11-234,2007,1.0,1.0
4950,124-11-234,2010,1.0,1.0
4950,124-11-234,2014,1.0,1.0
4950,124-11-234,2022,1.0,1.0
4950,124-11-244,2005,1.0,1.0
4950,124-11-244,2007,1.0,1.0
4950,124-11-244,2009,1.0,1.0
4950,124-11-244,2014,1.0,1.0
4950,124-11-244,2016,1.0,1.0
4950,124-11-244,2018,1.0,1.0
4950,124-11-244,2022,1.0,0.0
4950,124-11-255,2003,1.0,1.0
4950,124-11-255,2005,1.0,1.0
4950,124-11-255,2007,1.0,1.0
4950,124-11-255,2009,1.0,0.0
4950,124-11-255,2014,1.0,1.0
4950,124-11-255,2017,1.0,1.0
4950,124-11-255,2018,1.0,1.0
4950,124-11-265,2009,1.0,1.0
4950,124-11-265,2014,1.0,1.0
4950,124-11-265,2017,1.0,1.0
4950,124-11-265,2018,1.0,1.0
4950,124-11-265,2019,1.0,1.0
4950,124-11-270,2002,1.0,1.0
4950,124-11-270,2009,1.0,1.0
4950,124-11-270,2016,1.0,1.0
4950,124-11-270,2019,1.0,1.0
4950,124-11-29,1998,1.0,1.0
4950,124-11-29,2007,1.0,1.0
4950,124-11-29,2008,1.0,1.0
4950,124-11-29,2013,1.0,1.0
4950,124-11-29,2018,1.0,1.0
4950,124-11-3,2004,1.0,1.0
4950,124-11-3,2007,1.0,1.0
4950,124-11-33,2005,1.0,1.0
4950,124-11-33,2007,1.0,0.0
4950,124-11-33,2008,1.0,1.0
4950,124-11-33,2010,1.0,1.0
4950,124-11-33,2011,1.0,1.0
4950,124-11-332,2015,1.0,0.0
4950,124-11-401,2002,1.0,0.0
4950,124-11-401,2005,1.0,1.0
4950,124-11-401,2013,1.0,1.0
4950,124-11-401,2014,1.0,1.0
4950,124-11-401,2017,1.0,0.0
4950,124-11-401,2018,1.0,1.0
4950,124-11-401,2019,1.0,1.0
4950,124-11-401,2022,1.0,0.0
4950,124-11-401,2023,1.0,1.0
4950,124-11-402,2002,1.0,1.0
4950,124-11-402,2006,1.0,1.0
4950,124-11-402,2013,1.0,1.0
4950,124-11-402,2014,1.0,1.0
4950,124-11-402,2016,1.0,1.0
4950,124-11-402,2017,1.0,1.0
4950,124-11-407,1998,1.0,1.0
4950,124-11-407,2000,1.0,1.0
4950,124-11-407,2007,1.0,1.0
4950,124-11-407,2013,1.0,1.0
4950,124-11-407,2019,1.0,1.0
4950,124-11-408,1998,1.0,1.0
4950,124-11-408,2000,1.0,1.0
4950,124-11-408,2007,1.0,1.0
4950,124-11-408,2008,1.0,1.0
4950,124-11-408,2014,1.0,0.0
4950,124-11-408,2022,1.0,1.0
4950,124-11-409,2000,1.0,0.0
4950,124-11-409,2018,1.0,1.0
4950,124-11-409,2019,1.0,1.0
4950,124-11-410,2002,1.0,1.0
4950,124-11-410,2013,1.0,0.0
4950,124-11-410,2016,1.0,1.0
4950,124-11-410,2017,1.0,1.0
4950,124-11-413,2014,1.0,0.0
4950,124-11-413,2016,1.0,1.0
4950,124-11-413,2017,1.0,1.0
4950,124-11-413,2019,1.0,1.0
4950,124-11-419,2000,1.0,1.0
4950,124-11-419,2007,1.0,1.0
4950,124-11-419,2008,1.0,1.0
4950,124-11-419,2014,1.0,1.0
4950,124-11-420,2000,1.0,1.0
4950,124-11-420,2007,1.0,1.0
4950,124-11-420,2008,1.0,1.0
4950,124-11-420,2014,1.0,0.0
4950,124-11-45,2005,1.0,1.0
4950,124-11-45,2009,1.0,0.0
4950,124-11-45,2013,1.0,1.0
4950,124-11-45,2016,1.0,1.0
4950,124-11-45,2018,1.0,1.0
4950,124-11-45,2019,1.0,1.0
4950,124-11-45,2022,1.0,0.0
4950,124-11-5,1998,1.0,0.0
4950,124-11-5,2007,1.0,1.0
4950,124-11-5,2008,1.0,1.0
4950,124-11-5,2009,1.0,1.0
4950,124-11-5,2019,1.0,1.0
4950,124-11-53,2003,1.0,0.0
4950,124-11-53,2007,1.0,1.0
4950,124-11-53,2009,1.0,0.0
4950,124-11-53,2010,1.0,1.0
4950,124-11-53,2011,1.0,1.0
4950,124-11-53,2019,1.0,0.0
4950,124-11-57,2005,1.0,0.0
4950,124-11-57,2009,1.0,0.0
4950,124-11-57,2016,1.0,0.0
4950,124-11-58,2005,1.0,0.0
4950,124-11-58,2007,1.0,1.0
4950,124-11-58,2008,1.0,1.0
4950,124-11-58,2009,1.0,1.0
4950,124-11-58,2010,1.0,1.0
4950,124-11-58,2011,1.0,1.0
4950,124-11-58,2019,1.0,0.0
4950,124-11-6,2007,1.0,1.0
4950,124-11-6,2009,1.0,1.0
4950,124-11-6,2013,1.0,1.0
4950,124-11-6,2018,1.0,1.0
4950,124-11-608,1998,1.0,1.0
4950,124-11-608,2000,1.0,1.0
4950,124-11-608,2007,1.0,1.0
4950,124-11-608,2013,1.0,1.0
4950,124-11-608,2014,1.0,1.0
4950,124-11-608,2018,1.0,1.0
4950,124-11-609,1998,1.0,1.0
4950,124-11-609,2000,1.0,0.0
4950,124-11-609,2007,1.0,1.0
4950,124-11-612,2013,1.0,1.0
4950,124-11-612,2014,1.0,1.0
4950,124-11-612,2016,1.0,1.0
4950,124-11-612,2017,1.0,1.0
4950,124-11-612,2019,1.0,1.0
4950,124-11-612,2022,1.0,1.0
4950,124-11-613,2002,1.0,1.0
4950,124-11-613,2003,1.0,1.0
4950,124-11-613,2005,1.0,1.0
4950,124-11-613,2013,1.0,0.0
4950,124-11-613,2014,1.0,1.0
4950,124-11-613,2016,1.0,1.0
4950,124-11-613,2017,1.0,1.0
4950,124-11-614,2014,1.0,0.0
4950,124-11-614,2022,1.0,0.0
4950,124-11-69,2003,1.0,0.0
4950,124-11-709,2000,1.0,1.0
4950,124-11-709,2007,1.0,1.0
4950,124-11-74,2000,1.0,1.0
4950,124-11-74,2005,1.0,1.0
4950,124-11-74,2007,1.0,1.0
4950,124-11-74,2008,1.0,1.0
4950,124-11-74,2010,1.0,1.0
4950,124-11-74,2012,1.0,1.0
4950,124-11-74,2013,1.0,1.0
4950,124-11-74,2017,1.0,1.0
4950,124-11-74,2018,1.0,1.0
4950,124-11-74,2022,1.0,1.0
4950,124-11-75,2007,1.0,0.0
4950,124-11-81,2011,1.0,0.0
4950,124-11-81,2014,1.0,0.0
4950,124-11-9,2000,1.0,1.0
4950,124-11-9,2005,1.0,1.0
4950,124-11-9,2007,1.0,1.0
4950,124-4-10,2000,1.0,1.0
4950,124-4-10,2004,1.0,1.0
4950,124-4-10,2008,1.0,1.0
4950,124-4-10,2012,1.0,1.0
4950,124-4-10,2018,1.0,1.0
4950,124-4-10,2019,1.0,1.0
4950,124-4-10,2022,1.0,1.0
4950,124-4-105,2000,1.0,1.0
4950,124-4-105,2002,1.0,1.0
4950,124-4-105,2004,1.0,1.0
4950,124-4-105,2013,1.0,1.0
4950,124-4-105,2018,1.0,1.0
4950,124-4-105,2022,1.0,1.0
4950,124-4-106,2001,1.0,1.0
4950,124-4-106,2002,1.0,1.0
4950,124-4-106,2019,1.0,1.0
4950,124-4-106,2022,1.0,1.0
4950,124-4-107,2001,1.0,1.0
4950,124-4-107,2003,1.0,1.0
4950,124-4-107,2012,1.0,1.0
4950,124-4-107,2013,1.0,1.0
4950,124-4-107,2019,1.0,1.0
4950,124-4-107,2022,1.0,0.0
4950,124-4-109,2000,1.0,0.0
4950,124-4-109,2004,1.0,0.0
4950,124-4-109,2008,1.0,1.0
4950,124-4-109,2012,1.0,1.0
4950,124-4-109,2013,1.0,1.0
4950,124-4-109,2018,1.0,1.0
4950,124-4-109,2022,1.0,1.0
4950,124-4-113,2007,1.0,0.0
4950,124-4-113,2012,1.0,1.0
4950,124-4-113,2017,1.0,1.0
4950,124-4-113,2022,1.0,1.0
4950,124-4-114,1998,1.0,1.0
4950,124-4-114,2003,1.0,1.0
4950,124-4-114,2004,1.0,1.0
4950,124-4-114,2007,1.0,1.0
4950,124-4-114,2013,1.0,0.0
4950,124-4-114,2019,1.0,1.0
4950,124-4-114,2022,1.0,1.0
4950,124-4-115,2003,1.0,1.0
4950,124-4-115,2004,1.0,1.0
4950,124-4-115,2007,1.0,1.0
4950,124-4-115,2012,1.0,1.0
4950,124-4-115,2013,1.0,1.0
4950,124-4-115,2019,1.0,1.0
4950,124-4-116,2008,1.0,1.0
4950,124-4-116,2012,1.0,1.0
4950,124-4-116,2014,1.0,0.0
4950,124-4-116,2019,1.0,1.0
4950,124-4-121,1998,1.0,1.0
4950,124-4-121,2001,1.0,1.0
4950,124-4-121,2003,1.0,1.0
4950,124-4-121,2008,1.0,0.0
4950,124-4-121,2009,1.0,1.0
4950,124-4-121,2010,1.0,1.0
4950,124-4-121,2011,1.0,1.0
4950,124-4-125,2008,1.0,0.0
4950,124-4-125,2009,1.0,1.0
4950,124-4-125,2014,1.0,0.0
4950,124-4-125,2019,1.0,0.0
4950,124-4-125,2022,1.0,1.0
4950,124-4-127,1998,1.0,0.0
4950,124-4-127,1999,1.0,1.0
4950,124-4-127,2007,1.0,0.0
4950,124-4-127,2008,1.0,1.0
4950,124-4-127,2009,1.0,1.0
4950,124-4-127,2010,1.0,1.0
4950,124-4-127,2013,1.0,1.0
4950,124-4-127,2017,1.0,1.0
4950,124-4-128,1998,1.0,1.0
4950,124-4-128,2003,1.0,1.0
4950,124-4-128,2007,1.0,1.0
4950,124-4-128,2009,1.0,0.0
4950,124-4-128,2010,1.0,1.0
4950,124-4-128,2013,1.0,1.0
4950,124-4-128,2022,1.0,1.0
4950,124-4-129,2003,1.0,1.0
4950,124-4-129,2004,1.0,1.0
4950,124-4-129,2008,1.0,1.0
4950,124-4-129,2009,1.0,1.0
4950,124-4-129,2010,1.0,1.0
4950,124-4-129,2011,1.0,1.0
4950,124-4-13,2008,1.0,1.0
4950,124-4-13,2009,1.0,1.0
4950,124-4-13,2010,1.0,1.0
4950,124-4-13,2013,1.0,1.0
4950,124-4-13,2019,1.0,1.0
4950,124-4-136,2003,1.0,1.0
4950,124-4-136,2010,1.0,1.0
4950,124-4-136,2011,1.0,1.0
4950,124-4-136,2013,1.0,1.0
4950,124-4-136,2022,1.0,1.0
4950,124-4-138,2009,1.0,1.0
4950,124-4-138,2013,1.0,0.0
4950,124-4-138,2019,1.0,1.0
4950,124-4-138,2022,1.0,1.0
4950,124-4-14,1998,1.0,0.0
4950,124-4-14,2001,1.0,0.0
4950,124-4-14,2003,1.0,1.0
4950,124-4-15,1998,1.0,0.0
4950,124-4-15,2003,1.0,1.0
4950,124-4-15,2004,1.0,1.0
4950,124-4-15,2007,1.0,0.0
4950,124-4-15,2012,1.0,0.0
4950,124-4-15,2013,1.0,1.0
4950,124-4-15,2019,1.0,1.0
4950,124-4-15,2022,1.0,1.0
4950,124-4-17,1998,1.0,1.0
4950,124-4-17,2007,1.0,0.0
4950,124-4-17,2008,1.0,1.0
4950,124-4-17,2009,1.0,1.0
4950,124-4-17,2022,1.0,0.0
4950,124-4-18,1998,1.0,1.0
4950,124-4-18,1999,1.0,1.0
4950,124-4-18,2000,1.0,1.0
4950,124-4-18,2001,1.0,1.0
4950,124-4-18,2003,1.0,1.0
4950,124-4-18,2008,1.0,1.0
4950,124-4-18,2009,1.0,1.0
4950,124-4-18,2010,1.0,1.0
4950,124-4-18,2011,1.0,1.0
4950,124-4-18,2013,1.0,1.0
4950,124-4-19,1998,1.0,1.0
4950,124-4-19,2000,1.0,1.0
4950,124-4-19,2001,1.0,1.0
4950,124-4-19,2003,1.0,1.0
4950,124-4-19,2008,1.0,1.0
4950,124-4-19,2009,1.0,1.0
4950,124-4-19,2010,1.0,1.0
4950,124-4-19,2013,1.0,1.0
4950,124-4-196,2005,1.0,0.0
4950,124-4-196,2012,1.0,0.0
4950,124-4-2,2000,1.0,1.0
4950,124-4-2,2001,1.0,1.0
4950,124-4-2,2002,1.0,1.0
4950,124-4-2,2003,1.0,1.0
4950,124-4-2,2012,1.0,1.0
4950,124-4-2,2013,1.0,1.0
4950,124-4-2,2019,1.0,1.0
4950,124-4-2,2022,1.0,1.0
4950,124-4-20,1998,1.0,1.0
4950,124-4-20,2007,1.0,1.0
4950,124-4-20,2009,1.0,1.0
4950,124-4-20,2012,1.0,0.0
4950,124-4-20,2013,1.0,1.0
4950,124-4-20,2022,1.0,1.0
4950,124-4-201,2001,1.0,1.0
4950,124-4-201,2002,1.0,1.0
4950,124-4-201,2003,1.0,1.0
4950,124-4-201,2012,1.0,0.0
4950,124-4-201,2013,1.0,1.0
4950,124-4-201,2019,1.0,1.0
4950,124-4-201,2022,1.0,1.0
4950,124-4-204,2001,1.0,0.0
4950,124-4-204,2002,1.0,1.0
4950,124-4-204,2004,1.0,0.0
4950,124-4-204,2008,1.0,1.0
4950,124-4-204,2013,1.0,1.0
4950,124-4-204,2018,1.0,1.0
4950,124-4-210,2004,1.0,0.0
4950,124-4-210,2008,1.0,1.0
4950,124-4-210,2013,1.0,1.0
4950,124-4-210,2018,1.0,1.0
4950,124-4-210,2019,1.0,1.0
4950,124-4-210,2022,1.0,1.0
4950,124-4-212,1998,1.0,0.0
4950,124-4-212,2000,1.0,1.0
4950,124-4-212,2001,1.0,1.0
4950,124-4-212,2003,1.0,1.0
4950,124-4-212,2008,1.0,1.0
4950,124-4-212,2009,1.0,1.0
4950,124-4-212,2010,1.0,1.0
4950,124-4-212,2013,1.0,0.0
4950,124-4-212,2019,1.0,1.0
4950,124-4-213,1998,1.0,1.0
4950,124-4-213,2000,1.0,1.0
4950,124-4-213,2001,1.0,1.0
4950,124-4-213,2003,1.0,1.0
4950,124-4-213,2009,1.0,1.0
4950,124-4-213,2012,1.0,1.0
4950,124-4-213,2013,1.0,1.0
4950,124-4-213,2019,1.0,1.0
4950,124-4-214,1998,1.0,1.0
4950,124-4-214,2004,1.0,0.0
4950,124-4-214,2007,1.0,1.0
4950,124-4-214,2012,1.0,1.0
4950,124-4-214,2013,1.0,1.0
4950,124-4-214,2019,1.0,0.0
4950,124-4-214,2022,1.0,1.0
4950,124-4-215,2000,1.0,1.0
4950,124-4-215,2001,1.0,1.0
4950,124-4-215,2010,1.0,0.0
4950,124-4-215,2012,1.0,0.0
4950,124-4-215,2014,1.0,0.0
4950,124-4-215,2022,1.0,0.0
4950,124-4-22,1998,1.0,1.0
4950,124-4-22,2001,1.0,1.0
4950,124-4-22,2003,1.0,1.0
4950,124-4-22,2004,1.0,1.0
4950,124-4-22,2008,1.0,1.0
4950,124-4-22,2010,1.0,1.0
4950,124-4-22,2012,1.0,1.0
4950,124-4-22,2019,1.0,0.0
4950,124-4-227,1999,1.0,1.0
4950,124-4-227,2001,1.0,1.0
4950,124-4-227,2007,1.0,0.0
4950,124-4-227,2009,1.0,1.0
4950,124-4-227,2011,1.0,1.0
4950,124-4-227,2013,1.0,1.0
4950,124-4-227,2014,1.0,1.0
4950,124-4-228,1998,1.0,1.0
4950,124-4-228,2007,1.0,1.0
4950,124-4-228,2008,1.0,1.0
4950,124-4-228,2017,1.0,1.0
4950,124-4-229,2003,1.0,1.0
4950,124-4-229,2007,1.0,1.0
4950,124-4-229,2008,1.0,1.0
4950,124-4-229,2009,1.0,1.0
4950,124-4-229,2010,1.0,1.0
4950,124-4-229,2014,1.0,0.0
4950,124-4-229,2017,1.0,0.0
4950,124-4-24,1998,1.0,1.0
4950,124-4-24,2003,1.0,0.0
4950,124-4-25,2015,1.0,0.0
4950,124-4-251,2004,1.0,1.0
4950,124-4-251,2008,1.0,1.0
4950,124-4-251,2010,1.0,1.0
4950,124-4-251,2012,1.0,0.0
4950,124-4-251,2013,1.0,1.0
4950,124-4-251,2017,1.0,1.0
4950,124-4-251,2019,1.0,1.0
4950,124-4-251,2022,1.0,0.0
4950,124-4-26,1999,1.0,1.0
4950,124-4-26,2003,1.0,0.0
4950,124-4-26,2007,1.0,1.0
4950,124-4-26,2009,1.0,1.0
4950,124-4-26,2010,1.0,1.0
4950,124-4-26,2011,1.0,1.0
4950,124-4-26,2013,1.0,1.0
4950,124-4-26,2014,1.0,1.0
4950,124-4-26,2017,1.0,1.0
4950,124-4-26,2019,1.0,0.0
4950,124-4-27,1999,1.0,1.0
4950,124-4-27,2000,1.0,1.0
4950,124-4-27,2001,1.0,1.0
4950,124-4-27,2003,1.0,1.0
4950,124-4-27,2007,1.0,1.0
4950,124-4-27,2008,1.0,1.0
4950,124-4-27,2009,1.0,1.0
4950,124-4-27,2010,1.0,1.0
4950,124-4-27,2011,1.0,1.0
4950,124-4-27,2013,1.0,1.0
4950,124-4-28,2007,1.0,1.0
4950,124-4-28,2008,1.0,1.0
4950,124-4-28,2009,1.0,1.0
4950,124-4-28,2010,1.0,1.0
4950,124-4-28,2011,1.0,1.0
4950,124-4-28,2013,1.0,1.0
4950,124-4-29,2003,1.0,1.0
4950,124-4-29,2004,1.0,1.0
4950,124-4-29,2008,1.0,0.0
4950,124-4-29,2009,1.0,1.0
4950,124-4-29,2010,1.0,1.0
4950,124-4-29,2013,1.0,1.0
4950,124-4-29,2014,1.0,1.0
4950,124-4-29,2017,1.0,1.0
4950,124-4-29,2022,1.0,1.0
4950,124-4-3,2000,1.0,1.0
4950,124-4-3,2001,1.0,1.0
4950,124-4-3,2002,1.0,1.0
4950,124-4-3,2004,1.0,1.0
4950,124-4-3,2008,1.0,1.0
4950,124-4-3,2009,1.0,1.0
4950,124-4-3,2012,1.0,1.0
4950,124-4-3,2013,1.0,1.0
4950,124-4-302,2001,1.0,1.0
4950,124-4-302,2002,1.0,1.0
4950,124-4-302,2012,1.0,1.0
4950,124-4-302,2013,1.0,1.0
4950,124-4-302,2019,1.0,1.0
4950,124-4-302,2022,1.0,1.0
4950,124-4-304,2002,1.0,1.0
4950,124-4-304,2008,1.0,1.0
4950,124-4-304,2019,1.0,0.0
4950,124-4-306,2012,1.0,1.0
4950,124-4-306,2013,1.0,1.0
4950,124-4-306,2019,1.0,1.0
4950,124-4-306,2022,1.0,1.0
4950,124-4-31,2001,1.0,1.0
4950,124-4-31,2003,1.0,1.0
4950,124-4-31,2007,1.0,0.0
4950,124-4-31,2009,1.0,1.0
4950,124-4-31,2010,1.0,1.0
4950,124-4-31,2017,1.0,1.0
4950,124-4-311,1998,1.0,0.0
4950,124-4-311,1999,1.0,1.0
4950,124-4-311,2000,1.0,1.0
4950,124-4-311,2003,1.0,1.0
4950,124-4-311,2008,1.0,1.0
4950,124-4-311,2009,1.0,1.0
4950,124-4-311,2010,1.0,1.0
4950,124-4-312,2003,1.0,1.0
4950,124-4-312,2009,1.0,1.0
4950,124-4-312,2013,1.0,1.0
4950,124-4-312,2019,1.0,1.0
4950,124-4-312,2022,1.0,1.0
4950,124-4-313,1998,1.0,0.0
4950,124-4-313,2001,1.0,1.0
4950,124-4-313,2003,1.0,1.0
4950,124-4-313,2008,1.0,0.0
4950,124-4-313,2009,1.0,1.0
4950,124-4-313,2013,1.0,1.0
4950,124-4-313,2019,1.0,1.0
4950,124-4-313,2022,1.0,1.0
4950,124-4-315,1998,1.0,0.0
4950,124-4-315,1999,1.0,1.0
4950,124-4-315,2000,1.0,1.0
4950,124-4-315,2001,1.0,1.0
4950,124-4-315,2004,1.0,1.0
4950,124-4-315,2009,1.0,0.0
4950,124-4-315,2010,1.0,1.0
4950,124-4-315,2011,1.0,1.0
4950,124-4-315,2014,1.0,1.0
4950,124-4-315,2019,1.0,1.0
4950,124-4-328,1998,1.0,1.0
4950,124-4-328,2007,1.0,1.0
4950,124-4-328,2013,1.0,0.0
4950,124-4-328,2022,1.0,1.0
4950,124-4-329,1998,1.0,1.0
4950,124-4-329,2012,1.0,0.0
4950,124-4-329,2022,1.0,1.0
4950,124-4-33,1998,1.0,1.0
4950,124-4-33,2008,1.0,1.0
4950,124-4-33,2009,1.0,1.0
4950,124-4-33,2010,1.0,1.0
4950,124-4-33,2012,1.0,1.0
4950,124-4-33,2014,1.0,0.0
4950,124-4-33,2022,1.0,1.0
4950,124-4-330,2004,1.0,1.0
4950,124-4-330,2007,1.0,1.0
4950,124-4-330,2008,1.0,1.0
4950,124-4-330,2009,1.0,1.0
4950,124-4-330,2010,1.0,1.0
4950,124-4-330,2012,1.0,0.0
4950,124-4-330,2013,1.0,1.0
4950,124-4-330,2017,1.0,1.0
4950,124-4-330,2022,1.0,1.0
4950,124-4-37,1998,1.0,0.0
4950,124-4-37,2008,1.0,1.0
4950,124-4-37,2010,1.0,0.0
4950,124-4-37,2018,1.0,1.0
4950,124-4-4,2000,1.0,1.0
4950,124-4-4,2001,1.0,1.0
4950,124-4-4,2002,1.0,1.0
4950,124-4-4,2004,1.0,1.0
4950,124-4-4,2008,1.0,1.0
4950,124-4-4,2013,1.0,1.0
4950,124-4-40,2004,1.0,1.0
4950,124-4-40,2007,1.0,1.0
4950,124-4-40,2008,1.0,1.0
4950,124-4-40,2012,1.0,1.0
4950,124-4-40,2013,1.0,1.0
4950,124-4-40,2014,1.0,1.0
4950,124-4-40,2017,1.0,1.0
4950,124-4-40,2022,1.0,0.0
4950,124-4-404,2008,1.0,1.0
4950,124-4-404,2013,1.0,1.0
4950,124-4-404,2018,1.0,1.0
4950,124-4-404,2019,1.0,1.0
4950,124-4-42,1998,1.0,0.0
4950,124-4-42,2008,1.0,0.0
4950,124-4-42,2017,1.0,1.0
4950,124-4-49,2004,1.0,0.0
4950,124-4-50,2007,1.0,0.0
4950,124-4-50,2010,1.0,0.0
4950,124-4-50,2019,1.0,0.0
4950,124-4-55,2000,1.0,0.0
4950,124-4-55,2008,1.0,0.0
4950,124-4-55,2010,1.0,0.0
4950,124-4-55,2012,1.0,1.0
4950,124-4-55,2013,1.0,1.0
4950,124-4-55,2017,1.0,1.0
4950,124-4-6,2000,1.0,0.0
4950,124-4-6,2003,1.0,1.0
4950,124-4-6,2013,1.0,0.0
4950,124-4-6,2022,1.0,0.0
4950,124-4-62,2007,1.0,1.0
4950,124-4-62,2008,1.0,1.0
4950,124-4-62,2019,1.0,0.0
4950,124-4-63,2007,1.0,1.0
4950,124-4-63,2008,1.0,1.0
4950,124-4-63,2010,1.0,1.0
4950,124-4-63,2013,1.0,0.0
4950,124-4-63,2014,1.0,1.0
4950,124-4-63,2017,1.0,1.0
4950,124-4-63,2019,1.0,0.0
4950,124-4-7,1999,1.0,1.0
4950,124-4-7,2000,1.0,1.0
4950,124-4-7,2004,1.0,1.0
4950,124-4-7,2008,1.0,1.0
4950,124-4-7,2009,1.0,1.0
4950,124-4-9,2000,1.0,1.0
4950,124-4-9,2001,1.0,1.0
4950,124-4-9,2004,1.0,0.0
4950,124-4-9,2008,1.0,1.0
4950,124-4-9,2012,1.0,1.0
4950,124-4-9,2013,1.0,1.0
4950,124-4-9,2022,1.0,0.0
4950,124-4-96,2018,1.0,1.0
4950,124-4-96,2019,1.0,1.0
4950,124-4-96,2022,1.0,1.0
4950,124-45-1,2005,1.0,0.0
4950,124-45-1,2007,1.0,1.0
4950,124-45-1,2015,1.0,1.0
4950,124-45-1,2016,1.0,1.0
4950,124-45-1,2017,1.0,1.0
4950,124-45-101,2001,1.0,0.0
4950,124-45-101,2014,1.0,1.0
4950,124-45-102,2002,1.0,1.0
4950,124-45-102,2003,1.0,1.0
4950,124-45-102,2005,1.0,1.0
4950,124-45-102,2007,1.0,1.0
4950,124-45-102,2013,1.0,1.0
4950,124-45-102,2015,1.0,1.0
4950,124-45-102,2016,1.0,1.0
4950,124-45-102,2017,1.0,1.0
4950,124-45-103,2003,1.0,1.0
4950,124-45-103,2005,1.0,1.0
4950,124-45-103,2007,1.0,0.0
4950,124-45-103,2016,1.0,1.0
4950,124-45-103,2017,1.0,1.0
4950,124-45-105,2003,1.0,1.0
4950,124-45-105,2007,1.0,1.0
4950,124-45-105,2013,1.0,1.0
4950,124-45-105,2015,1.0,1.0
4950,124-45-105,2016,1.0,1.0
4950,124-45-105,2017,1.0,1.0
4950,124-45-105,2019,1.0,1.0
4950,124-45-107,2003,1.0,1.0
4950,124-45-107,2005,1.0,1.0
4950,124-45-107,2017,1.0,1.0
4950,124-45-107,2022,1.0,0.0
4950,124-45-109,2002,1.0,0.0
4950,124-45-109,2006,1.0,0.0
4950,124-45-109,2007,1.0,1.0
4950,124-45-109,2013,1.0,1.0
4950,124-45-109,2015,1.0,1.0
4950,124-45-11,2007,1.0,0.0
4950,124-45-11,2013,1.0,1.0
4950,124-45-11,2017,1.0,1.0
4950,124-45-11,2019,1.0,1.0
4950,124-45-111,2003,1.0,1.0
4950,124-45-111,2005,1.0,1.0
4950,124-45-111,2010,1.0,1.0
4950,124-45-111,2017,1.0,1.0
4950,124-45-111,2022,1.0,1.0
4950,124-45-113,1999,1.0,1.0
4950,124-45-113,2005,1.0,1.0
4950,124-45-113,2007,1.0,1.0
4950,124-45-113,2011,1.0,1.0
4950,124-45-113,2015,1.0,1.0
4950,124-45-113,2016,1.0,1.0
4950,124-45-113,2017,1.0,1.0
4950,124-45-114,1999,1.0,1.0
4950,124-45-114,2005,1.0,0.0
4950,124-45-114,2008,1.0,1.0
4950,124-45-114,2010,1.0,1.0
4950,124-45-114,2011,1.0,1.0
4950,124-45-114,2014,1.0,0.0
4950,124-45-116,2005,1.0,1.0
4950,124-45-116,2007,1.0,0.0
4950,124-45-116,2016,1.0,0.0
4950,124-45-116,2017,1.0,1.0
4950,124-45-118,2001,1.0,0.0
4950,124-45-118,2008,1.0,1.0
4950,124-45-118,2010,1.0,1.0
4950,124-45-118,2022,1.0,0.0
4950,124-45-12,2008,1.0,0.0
4950,124-45-12,2022,1.0,1.0
4950,124-45-120,2003,1.0,1.0
4950,124-45-120,2012,1.0,1.0
4950,124-45-120,2013,1.0,1.0
4950,124-45-120,2015,1.0,0.0
4950,124-45-120,2016,1.0,1.0
4950,124-45-121,2003,1.0,1.0
4950,124-45-121,2005,1.0,1.0
4950,124-45-121,2007,1.0,1.0
4950,124-45-121,2010,1.0,1.0
4950,124-45-121,2017,1.0,1.0
4950,124-45-121,2022,1.0,1.0
4950,124-45-13,2003,1.0,1.0
4950,124-45-13,2005,1.0,1.0
4950,124-45-13,2007,1.0,1.0
4950,124-45-13,2013,1.0,1.0
4950,124-45-13,2015,1.0,1.0
4950,124-45-13,2016,1.0,1.0
4950,124-45-13,2017,1.0,1.0
4950,124-45-18,1999,1.0,1.0
4950,124-45-18,2001,1.0,1.0
4950,124-45-18,2008,1.0,1.0
4950,124-45-18,2010,1.0,1.0
4950,124-45-18,2011,1.0,1.0
4950,124-45-2,2003,1.0,1.0
4950,124-45-2,2005,1.0,1.0
4950,124-45-2,2007,1.0,1.0
4950,124-45-2,2013,1.0,1.0
4950,124-45-2,2015,1.0,1.0
4950,124-45-2,2016,1.0,1.0
4950,124-45-2,2017,1.0,1.0
4950,124-45-201,2005,1.0,0.0
4950,124-45-201,2013,1.0,1.0
4950,124-45-201,2015,1.0,1.0
4950,124-45-201,2016,1.0,1.0
4950,124-45-201,2017,1.0,1.0
4950,124-45-201,2022,1.0,0.0
4950,124-45-203,2003,1.0,1.0
4950,124-45-203,2005,1.0,1.0
4950,124-45-203,2013,1.0,1.0
4950,124-45-203,2015,1.0,1.0
4950,124-45-203,2016,1.0,1.0
4950,124-45-203,2017,1.0,1.0
4950,124-45-203,2019,1.0,1.0
4950,124-45-203,2022,1.0,1.0
4950,124-45-205,2003,1.0,1.0
4950,124-45-205,2005,1.0,1.0
4950,124-45-205,2013,1.0,1.0
4950,124-45-205,2015,1.0,1.0
4950,124-45-205,2016,1.0,1.0
4950,124-45-205,2017,1.0,1.0
4950,124-45-205,2019,1.0,1.0
4950,124-45-207,2003,1.0,1.0
4950,124-45-207,2005,1.0,0.0
4950,124-45-207,2010,1.0,1.0
4950,124-45-207,2022,1.0,0.0
4950,124-45-209,2003,1.0,1.0
4950,124-45-209,2007,1.0,1.0
4950,124-45-209,2013,1.0,1.0
4950,124-45-209,2017,1.0,1.0
4950,124-45-209,2019,1.0,1.0
4950,124-45-21,2003,1.0,1.0
4950,124-45-21,2005,1.0,0.0
4950,124-45-21,2010,1.0,1.0
4950,124-45-21,2022,1.0,1.0
4950,124-45-213,1999,1.0,0.0
4950,124-45-213,2005,1.0,1.0
4950,124-45-213,2007,1.0,0.0
4950,124-45-213,2015,1.0,0.0
4950,124-45-216,1999,1.0,0.0
4950,124-45-216,2008,1.0,1.0
4950,124-45-216,2010,1.0,1.0
4950,124-45-216,2011,1.0,1.0
4950,124-45-216,2022,1.0,1.0
4950,124-45-218,2003,1.0,1.0
4950,124-45-218,2013,1.0,1.0
4950,124-45-218,2016,1.0,1.0
4950,124-45-218,2019,1.0,1.0
4950,124-45-22,1999,1.0,0.0
4950,124-45-22,2005,1.0,1.0
4950,124-45-22,2007,1.0,1.0
4950,124-45-22,2008,1.0,1.0
4950,124-45-22,2010,1.0,0.0
4950,124-45-220,2001,1.0,1.0
4950,124-45-220,2005,1.0,1.0
4950,124-45-220,2007,1.0,1.0
4950,124-45-220,2010,1.0,1.0
4950,124-45-220,2011,1.0,1.0
4950,124-45-26,1998,1.0,1.0
4950,124-45-26,2001,1.0,1.0
4950,124-45-26,2007,1.0,1.0
4950,124-45-26,2008,1.0,1.0
4950,124-45-26,2009,1.0,1.0
4950,124-45-26,2011,1.0,0.0
4950,124-45-26,2017,1.0,1.0
4950,124-45-26,2022,1.0,1.0
4950,124-45-3,1999,1.0,0.0
4950,124-45-3,2001,1.0,1.0
4950,124-45-3,2008,1.0,1.0
4950,124-45-3,2010,1.0,1.0
4950,124-45-3,2011,1.0,1.0
4950,124-45-3,2014,1.0,1.0
4950,124-45-30,1998,1.0,0.0
4950,124-45-30,2001,1.0,1.0
4950,124-45-30,2009,1.0,0.0
4950,124-45-30,2011,1.0,0.0
4950,124-45-30,2013,1.0,1.0
4950,124-45-307,2007,1.0,0.0
4950,124-45-307,2013,1.0,1.0
4950,124-45-307,2015,1.0,1.0
4950,124-45-307,2017,1.0,1.0
4950,124-45-307,2019,1.0,1.0
4950,124-45-41,1999,1.0,1.0
4950,124-45-41,2005,1.0,0.0
4950,124-45-41,2007,1.0,0.0
4950,124-45-41,2011,1.0,1.0
4950,124-45-41,2015,1.0,0.0
4950,124-45-41,2016,1.0,1.0
4950,124-45-41,2019,1.0,1.0
4950,124-45-42,1999,1.0,1.0
4950,124-45-42,2005,1.0,1.0
4950,124-45-42,2008,1.0,0.0
4950,124-45-42,2016,1.0,1.0
4950,124-45-43,1999,1.0,1.0
4950,124-45-43,2005,1.0,0.0
4950,124-45-43,2007,1.0,1.0
4950,124-45-43,2008,1.0,1.0
4950,124-45-43,2010,1.0,1.0
4950,124-45-43,2017,1.0,1.0
4950,124-45-49,2012,1.0,1.0
4950,124-45-49,2019,1.0,1.0
4950,124-45-5,2003,1.0,1.0
4950,124-45-5,2005,1.0,1.0
4950,124-45-5,2013,1.0,1.0
4950,124-45-5,2015,1.0,0.0
4950,124-45-5,2016,1.0,1.0
4950,124-45-5,2017,1.0,1.0
4950,124-45-5,2019,1.0,1.0
4950,124-45-7,2013,1.0,1.0
4950,124-45-7,2015,1.0,1.0
4950,124-45-7,2017,1.0,1.0
4950,124-45-7,2019,1.0,1.0
4950,124-45-7,2022,1.0,1.0
4950,124-45-9,2007,1.0,1.0
4950,124-45-9,2013,1.0,1.0
4950,124-45-9,2015,1.0,1.0
4950,124-45-9,2017,1.0,1.0
4950,124-45-9,2019,1.0,1.0
4950,124-56-14,2000,1.0,0.0
4950,124-56-14,2003,1.0,1.0
4950,124-56-14,2006,1.0,1.0
4950,124-56-21,1998,1.0,1.0
4950,124-56-21,2007,1.0,1.0
4950,124-56-21,2012,1.0,0.0
4950,124-56-22,2008,1.0,0.0
4950,124-56-22,2009,1.0,1.0
4950,124-56-31,1998,1.0,0.0
4950,124-56-33,2000,1.0,1.0
4950,124-56-34,2011,1.0,0.0
4950,124-56-41,2000,1.0,1.0
4950,124-56-41,2003,1.0,1.0
4950,124-56-41,2007,1.0,0.0
4950,124-56-41,2008,1.0,1.0
4950,124-56-41,2012,1.0,0.0
4950,124-56-42,2000,1.0,0.0
4950,124-56-42,2005,1.0,0.0
4950,124-56-42,2007,1.0,0.0
4950,124-56-42,2008,1.0,1.0
4950,124-56-42,2013,1.0,0.0
4950,124-56-44,1998,1.0,1.0
4950,124-65-11,2004,1.0,0.0
4950,124-65-117,2000,1.0,0.0
4950,124-65-117,2003,1.0,0.0
4950,124-65-13,2000,1.0,0.0
4950,124-65-14,1998,1.0,1.0
4950,124-65-14,2000,1.0,1.0
4950,124-65-18,2005,1.0,0.0
4950,124-65-18,2010,1.0,0.0
4950,124-65-18,2012,1.0,0.0
4950,124-65-22,2000,1.0,0.0
4950,124-65-29,2001,1.0,0.0
4950,124-65-33,1998,1.0,1.0
4950,124-65-35,2011,1.0,0.0
4950,124-65-36,1998,1.0,0.0
4950,124-65-36,2003,1.0,0.0
4950,124-65-36,2014,1.0,0.0
4950,124-65-38,1998,1.0,1.0
4950,124-68-10,2006,1.0,0.0
4950,124-68-10,2008,1.0,1.0
4950,124-68-10,2010,1.0,1.0
4950,124-68-10,2014,1.0,1.0
4950,124-68-10,2016,1.0,1.0
4950,124-68-10,2017,1.0,1.0
4950,124-68-10,2018,1.0,1.0
4950,124-68-10,2022,1.0,1.0
4950,124-68-10,2023,1.0,1.0
4950,124-68-11,1998,1.0,1.0
4950,124-68-11,2001,1.0,1.0
4950,124-68-11,2006,1.0,0.0
4950,124-68-11,2007,1.0,1.0
4950,124-68-11,2010,1.0,1.0
4950,124-68-11,2011,1.0,1.0
4950,124-68-11,2014,1.0,0.0
4950,124-68-11,2016,1.0,1.0
4950,124-68-11,2022,1.0,1.0
4950,124-68-113,1998,1.0,1.0
4950,124-68-113,2001,1.0,1.0
4950,124-68-113,2006,1.0,1.0
4950,124-68-113,2007,1.0,1.0
4950,124-68-113,2008,1.0,1.0
4950,124-68-113,2010,1.0,1.0
4950,124-68-113,2011,1.0,1.0
4950,124-68-113,2014,1.0,1.0
4950,124-68-113,2016,1.0,0.0
4950,124-68-113,2023,1.0,1.0
4950,124-68-117,1998,1.0,1.0
4950,124-68-117,2001,1.0,1.0
4950,124-68-117,2008,1.0,1.0
4950,124-68-119,1998,1.0,1.0
4950,124-68-119,2008,1.0,1.0
4950,124-68-119,2010,1.0,1.0
4950,124-68-119,2013,1.0,1.0
4950,124-68-119,2017,1.0,1.0
4950,124-68-12,1998,1.0,1.0
4950,124-68-12,2001,1.0,1.0
4950,124-68-12,2003,1.0,1.0
4950,124-68-12,2006,1.0,1.0
4950,124-68-12,2008,1.0,1.0
4950,124-68-12,2010,1.0,1.0
4950,124-68-12,2011,1.0,1.0
4950,124-68-14,2008,1.0,1.0
4950,124-68-14,2011,1.0,1.0
4950,124-68-14,2014,1.0,0.0
4950,124-68-14,2017,1.0,1.0
4950,124-68-142,2005,1.0,0.0
4950,124-68-15,1998,1.0,1.0
4950,124-68-15,2001,1.0,1.0
4950,124-68-15,2003,1.0,1.0
4950,124-68-15,2006,1.0,1.0
4950,124-68-15,2008,1.0,1.0
4950,124-68-15,2010,1.0,1.0
4950,124-68-15,2011,1.0,1.0
4950,124-68-15,2014,1.0,1.0
4950,124-68-15,2018,1.0,1.0
4950,124-68-16,2010,1.0,1.0
4950,124-68-16,2011,1.0,1.0
4950,124-68-16,2013,1.0,0.0
4950,124-68-16,2014,1.0,1.0
4950,124-68-18,1998,1.0,1.0
4950,124-68-18,2008,1.0,1.0
4950,124-68-18,2010,1.0,1.0
4950,124-68-18,2013,1.0,1.0
4950,124-68-18,2017,1.0,1.0
4950,124-68-2,2006,1.0,0.0
4950,124-68-2,2008,1.0,1.0
4950,124-68-2,2011,1.0,1.0
4950,124-68-2,2014,1.0,1.0
4950,124-68-2,2016,1.0,1.0
4950,124-68-2,2017,1.0,1.0
4950,124-68-2,2018,1.0,1.0
4950,124-68-2,2022,1.0,1.0
4950,124-68-2,2023,1.0,1.0
4950,124-68-20,2001,1.0,1.0
4950,124-68-20,2008,1.0,1.0
4950,124-68-20,2013,1.0,1.0
4950,124-68-20,2014,1.0,1.0
4950,124-68-20,2018,1.0,0.0
4950,124-68-20,2022,1.0,1.0
4950,124-68-202,2001,1.0,1.0
4950,124-68-202,2002,1.0,1.0
4950,124-68-202,2009,1.0,1.0
4950,124-68-202,2013,1.0,0.0
4950,124-68-202,2017,1.0,0.0
4950,124-68-203,1998,1.0,1.0
4950,124-68-203,2006,1.0,1.0
4950,124-68-203,2014,1.0,1.0
4950,124-68-203,2016,1.0,1.0
4950,124-68-203,2017,1.0,1.0
4950,124-68-203,2018,1.0,1.0
4950,124-68-207,2006,1.0,1.0
4950,124-68-207,2008,1.0,1.0
4950,124-68-207,2010,1.0,1.0
4950,124-68-207,2014,1.0,1.0
4950,124-68-207,2018,1.0,1.0
4950,124-68-207,2022,1.0,1.0
4950,124-68-208,1998,1.0,1.0
4950,124-68-208,2001,1.0,0.0
4950,124-68-208,2014,1.0,1.0
4950,124-68-208,2016,1.0,1.0
4950,124-68-208,2018,1.0,1.0
4950,124-68-208,2023,1.0,0.0
4950,124-68-209,2001,1.0,0.0
4950,124-68-209,2008,1.0,1.0
4950,124-68-209,2014,1.0,1.0
4950,124-68-209,2016,1.0,1.0
4950,124-68-209,2017,1.0,1.0
4950,124-68-209,2018,1.0,1.0
4950,124-68-209,2022,1.0,1.0
4950,124-68-209,2023,1.0,1.0
4950,124-68-210,2006,1.0,0.0
4950,124-68-210,2008,1.0,1.0
4950,124-68-210,2010,1.0,1.0
4950,124-68-210,2014,1.0,1.0
4950,124-68-210,2016,1.0,1.0
4950,124-68-210,2017,1.0,1.0
4950,124-68-210,2022,1.0,1.0
4950,124-68-210,2023,1.0,1.0
4950,124-68-211,2001,1.0,1.0
4950,124-68-211,2003,1.0,1.0
4950,124-68-211,2006,1.0,1.0
4950,124-68-211,2008,1.0,1.0
4950,124-68-211,2010,1.0,1.0
4950,124-68-211,2011,1.0,1.0
4950,124-68-211,2014,1.0,1.0
4950,124-68-211,2016,1.0,1.0
4950,124-68-211,2023,1.0,0.0
4950,124-68-213,2006,1.0,1.0
4950,124-68-213,2008,1.0,0.0
4950,124-68-213,2010,1.0,0.0
4950,124-68-214,1998,1.0,1.0
4950,124-68-214,2006,1.0,1.0
4950,124-68-214,2010,1.0,1.0
4950,124-68-214,2011,1.0,1.0
4950,124-68-215,1998,1.0,1.0
4950,124-68-215,2006,1.0,0.0
4950,124-68-215,2011,1.0,0.0
4950,124-68-215,2016,1.0,0.0
4950,124-68-216,1998,1.0,1.0
4950,124-68-216,2001,1.0,1.0
4950,124-68-216,2006,1.0,1.0
4950,124-68-216,2010,1.0,1.0
4950,124-68-216,2011,1.0,1.0
4950,124-68-216,2014,1.0,0.0
4950,124-68-216,2018,1.0,0.0
4950,124-68-217,1998,1.0,1.0
4950,124-68-217,2006,1.0,0.0
4950,124-68-217,2010,1.0,0.0
4950,124-68-217,2016,1.0,0.0
4950,124-68-218,2008,1.0,1.0
4950,124-68-218,2010,1.0,0.0
4950,124-68-218,2013,1.0,0.0
4950,124-68-219,2001,1.0,0.0
4950,124-68-219,2002,1.0,1.0
4950,124-68-219,2006,1.0,1.0
4950,124-68-219,2008,1.0,1.0
4950,124-68-219,2010,1.0,1.0
4950,124-68-219,2014,1.0,1.0
4950,124-68-219,2016,1.0,1.0
4950,124-68-219,2022,1.0,1.0
4950,124-68-22,2001,1.0,1.0
4950,124-68-22,2002,1.0,1.0
4950,124-68-22,2008,1.0,1.0
4950,124-68-22,2013,1.0,1.0
4950,124-68-22,2018,1.0,0.0
4950,124-68-22,2022,1.0,0.0
4950,124-68-220,2002,1.0,0.0
4950,124-68-220,2008,1.0,1.0
4950,124-68-220,2010,1.0,1.0
4950,124-68-220,2013,1.0,1.0
4950,124-68-220,2017,1.0,0.0
4950,124-68-220,2018,1.0,1.0
4950,124-68-223,1998,1.0,1.0
4950,124-68-223,2003,1.0,0.0
4950,124-68-223,2006,1.0,1.0
4950,124-68-223,2007,1.0,1.0
4950,124-68-223,2010,1.0,1.0
4950,124-68-223,2011,1.0,1.0
4950,124-68-223,2012,1.0,1.0
4950,124-68-223,2014,1.0,1.0
4950,124-68-223,2022,1.0,1.0
4950,124-68-223,2023,1.0,1.0
4950,124-68-224,1998,1.0,1.0
4950,124-68-224,2001,1.0,1.0
4950,124-68-224,2006,1.0,1.0
4950,124-68-224,2007,1.0,1.0
4950,124-68-224,2011,1.0,0.0
4950,124-68-224,2014,1.0,1.0
4950,124-68-224,2016,1.0,1.0
4950,124-68-224,2023,1.0,0.0
4950,124-68-225,1998,1.0,1.0
4950,124-68-225,2001,1.0,1.0
4950,124-68-225,2006,1.0,1.0
4950,124-68-225,2007,1.0,1.0
4950,124-68-225,2008,1.0,1.0
4950,124-68-225,2011,1.0,0.0
4950,124-68-225,2014,1.0,1.0
4950,124-68-225,2022,1.0,1.0
4950,124-68-225,2023,1.0,1.0
4950,124-68-233,2006,1.0,0.0
4950,124-68-238,2001,1.0,0.0
4950,124-68-238,2008,1.0,1.0
4950,124-68-238,2011,1.0,1.0
4950,124-68-238,2018,1.0,0.0
4950,124-68-25,2001,1.0,1.0
4950,124-68-25,2006,1.0,1.0
4950,124-68-25,2007,1.0,1.0
4950,124-68-25,2008,1.0,1.0
4950,124-68-25,2010,1.0,1.0
4950,124-68-25,2011,1.0,1.0
4950,124-68-25,2014,1.0,1.0
4950,124-68-25,2016,1.0,1.0
4950,124-68-251,2008,1.0,1.0
4950,124-68-251,2010,1.0,1.0
4950,124-68-251,2013,1.0,0.0
4950,124-68-252,1998,1.0,1.0
4950,124-68-26,2010,1.0,1.0
4950,124-68-26,2011,1.0,1.0
4950,124-68-28,2007,1.0,1.0
4950,124-68-28,2010,1.0,1.0
4950,124-68-28,2013,1.0,1.0
4950,124-68-28,2018,1.0,0.0
4950,124-68-28,2022,1.0,1.0
4950,124-68-29,1998,1.0,0.0
4950,124-68-29,2000,1.0,1.0
4950,124-68-29,2001,1.0,1.0
4950,124-68-29,2002,1.0,1.0
4950,124-68-29,2006,1.0,0.0
4950,124-68-29,2011,1.0,1.0
4950,124-68-29,2014,1.0,1.0
4950,124-68-29,2016,1.0,0.0
4950,124-68-29,2017,1.0,1.0
4950,124-68-29,2018,1.0,1.0
4950,124-68-29,2023,1.0,1.0
4950,124-68-296,2002,1.0,0.0
4950,124-68-296,2011,1.0,1.0
4950,124-68-296,2013,1.0,1.0
4950,124-68-296,2014,1.0,1.0
4950,124-68-296,2017,1.0,0.0
4950,124-68-296,2018,1.0,1.0
4950,124-68-297,2001,1.0,0.0
4950,124-68-297,2002,1.0,1.0
4950,124-68-297,2016,1.0,0.0
4950,124-68-298,2000,1.0,1.0
4950,124-68-298,2002,1.0,1.0
4950,124-68-298,2017,1.0,1.0
4950,124-68-299,2001,1.0,1.0
4950,124-68-299,2002,1.0,1.0
4950,124-68-299,2010,1.0,0.0
4950,124-68-299,2014,1.0,1.0
4950,124-68-299,2017,1.0,0.0
4950,124-68-299,2022,1.0,0.0
4950,124-68-300,1998,1.0,0.0
4950,124-68-300,2011,1.0,0.0
4950,124-68-300,2013,1.0,1.0
4950,124-68-300,2014,1.0,1.0
4950,124-68-300,2017,1.0,0.0
4950,124-68-300,2018,1.0,1.0
4950,124-68-300,2022,1.0,0.0
4950,124-68-303,1998,1.0,1.0
4950,124-68-303,1999,1.0,1.0
4950,124-68-303,2016,1.0,0.0
4950,124-68-303,2017,1.0,1.0
4950,124-68-303,2018,1.0,1.0
4950,124-68-303,2022,1.0,1.0
4950,124-68-303,2023,1.0,1.0
4950,124-68-308,1998,1.0,1.0
4950,124-68-308,2001,1.0,1.0
4950,124-68-308,2008,1.0,1.0
4950,124-68-308,2010,1.0,1.0
4950,124-68-308,2014,1.0,1.0
4950,124-68-308,2016,1.0,1.0
4950,124-68-308,2018,1.0,1.0
4950,124-68-308,2022,1.0,1.0
4950,124-68-308,2023,1.0,1.0
4950,124-68-312,2006,1.0,1.0
4950,124-68-312,2008,1.0,1.0
4950,124-68-312,2010,1.0,1.0
4950,124-68-312,2011,1.0,1.0
4950,124-68-312,2014,1.0,1.0
4950,124-68-312,2018,1.0,1.0
4950,124-68-314,1998,1.0,1.0
4950,124-68-314,2001,1.0,0.0
4950,124-68-314,2010,1.0,0.0
4950,124-68-314,2011,1.0,1.0
4950,124-68-314,2013,1.0,0.0
4950,124-68-314,2014,1.0,1.0
4950,124-68-314,2018,1.0,1.0
4950,124-68-316,2001,1.0,1.0
4950,124-68-316,2008,1.0,1.0
4950,124-68-316,2017,1.0,0.0
4950,124-68-317,1998,1.0,1.0
4950,124-68-317,2008,1.0,1.0
4950,124-68-317,2010,1.0,1.0
4950,124-68-317,2011,1.0,1.0
4950,124-68-317,2013,1.0,0.0
4950,124-68-319,1998,1.0,1.0
4950,124-68-319,2010,1.0,1.0
4950,124-68-319,2011,1.0,1.0
4950,124-68-319,2013,1.0,1.0
4950,124-68-319,2018,1.0,1.0
4950,124-68-319,2022,1.0,1.0
4950,124-68-323,2006,1.0,0.0
4950,124-68-323,2011,1.0,0.0
4950,124-68-323,2016,1.0,1.0
4950,124-68-324,1998,1.0,1.0
4950,124-68-324,2001,1.0,1.0
4950,124-68-324,2006,1.0,1.0
4950,124-68-324,2007,1.0,1.0
4950,124-68-324,2011,1.0,0.0
4950,124-68-325,2001,1.0,1.0
4950,124-68-325,2006,1.0,0.0
4950,124-68-325,2007,1.0,1.0
4950,124-68-325,2008,1.0,1.0
4950,124-68-325,2011,1.0,0.0
4950,124-68-325,2014,1.0,0.0
4950,124-68-326,2010,1.0,0.0
4950,124-68-326,2011,1.0,1.0
4950,124-68-326,2016,1.0,1.0
4950,124-68-338,1998,1.0,0.0
4950,124-68-338,2010,1.0,0.0
4950,124-68-35,2000,1.0,1.0
4950,124-68-35,2001,1.0,1.0
4950,124-68-35,2004,1.0,0.0
4950,124-68-350,1998,1.0,1.0
4950,124-68-350,2007,1.0,0.0
4950,124-68-36,1998,1.0,0.0
4950,124-68-37,2002,1.0,1.0
4950,124-68-37,2011,1.0,1.0
4950,124-68-37,2014,1.0,1.0
4950,124-68-37,2018,1.0,0.0
4950,124-68-39,2006,1.0,1.0
4950,124-68-39,2016,1.0,0.0
4950,124-68-4,2006,1.0,0.0
4950,124-68-4,2008,1.0,1.0
4950,124-68-4,2011,1.0,1.0
4950,124-68-4,2014,1.0,0.0
4950,124-68-4,2016,1.0,1.0
4950,124-68-4,2017,1.0,1.0
4950,124-68-4,2018,1.0,1.0
4950,124-68-43,2022,1.0,0.0
4950,124-68-5,2001,1.0,0.0
4950,124-68-5,2002,1.0,1.0
4950,124-68-5,2006,1.0,1.0
4950,124-68-5,2008,1.0,1.0
4950,124-68-5,2010,1.0,1.0
4950,124-68-5,2014,1.0,1.0
4950,124-68-5,2016,1.0,1.0
4950,124-68-5,2018,1.0,1.0
4950,124-68-5,2022,1.0,1.0
4950,124-68-5,2023,1.0,1.0
4950,124-68-50,2001,1.0,1.0
4950,124-68-50,2006,1.0,0.0
4950,124-68-50,2007,1.0,1.0
4950,124-68-50,2008,1.0,1.0
4950,124-68-52,2000,1.0,1.0
4950,124-68-52,2003,1.0,0.0
4950,124-68-53,2001,1.0,0.0
4950,124-68-53,2010,1.0,1.0
4950,124-68-54,2005,1.0,0.0
4950,124-68-54,2013,1.0,0.0
4950,124-68-57,2000,1.0,0.0
4950,124-68-57,2001,1.0,1.0
4950,124-68-57,2016,1.0,0.0
4950,124-68-59,1998,1.0,0.0
4950,124-68-59,1999,1.0,1.0
4950,124-68-59,2010,1.0,1.0
4950,124-68-6,1998,1.0,1.0
4950,124-68-6,2001,1.0,1.0
4950,124-68-6,2008,1.0,1.0
4950,124-68-6,2010,1.0,1.0
4950,124-68-6,2014,1.0,1.0
4950,124-68-6,2016,1.0,1.0
4950,124-68-65,2013,1.0,0.0
4950,124-68-65,2014,1.0,1.0
4950,124-68-66,1999,1.0,1.0
4950,124-68-66,2001,1.0,1.0
4950,124-68-66,2003,1.0,1.0
4950,124-68-66,2010,1.0,1.0
4950,124-68-66,2013,1.0,1.0
4950,124-68-7,2011,1.0,1.0
4950,124-68-7,2014,1.0,1.0
4950,124-68-7,2017,1.0,1.0
4950,124-68-8,2001,1.0,0.0
4950,124-68-8,2002,1.0,1.0
4950,124-68-8,2014,1.0,1.0
4950,124-68-8,2017,1.0,0.0
4950,124-68-83,2001,1.0,1.0
4950,124-68-83,2006,1.0,1.0
4950,124-68-83,2007,1.0,1.0
4950,124-68-83,2008,1.0,1.0
4950,124-68-83,2014,1.0,0.0
4950,124-68-83,2016,1.0,0.0
4950,124-68-9,2013,1.0,1.0
4950,124-75-5,2007,1.0,0.0
4950,124-75-9,2008,1.0,1.0
4950,124-75-9,2010,1.0,0.0
4950,124-75-9,2013,1.0,0.0
4950,124-76-1,2006,1.0,1.0
4950,124-76-1,2007,1.0,1.0
4950,124-76-1,2008,1.0,1.0
4950,124-76-1,2010,1.0,1.0
4950,124-76-1,2011,1.0,1.0
4950,124-76-1,2014,1.0,1.0
4950,124-76-1,2022,1.0,1.0
4950,124-76-109,1998,1.0,1.0
4950,124-76-109,2016,1.0,1.0
4950,124-76-109,2017,1.0,1.0
4950,124-76-109,2022,1.0,1.0
4950,124-76-109,2023,1.0,1.0
4950,124-76-113,2007,1.0,1.0
4950,124-76-113,2010,1.0,1.0
4950,124-76-12,1998,1.0,1.0
4950,124-76-12,2006,1.0,0.0
4950,124-76-12,2007,1.0,1.0
4950,124-76-12,2008,1.0,1.0
4950,124-76-12,2011,1.0,0.0
4950,124-76-12,2014,1.0,1.0
4950,124-76-12,2023,1.0,0.0
4950,124-76-120,1998,1.0,1.0
4950,124-76-120,2003,1.0,1.0
4950,124-76-120,2007,1.0,1.0
4950,124-76-120,2008,1.0,1.0
4950,124-76-120,2011,1.0,1.0
4950,124-76-120,2012,1.0,1.0
4950,124-76-120,2016,1.0,1.0
4950,124-76-120,2017,1.0,1.0
4950,124-76-120,2023,1.0,0.0
4950,124-76-121,1998,1.0,0.0
4950,124-76-121,2003,1.0,1.0
4950,124-76-121,2008,1.0,0.0
4950,124-76-121,2010,1.0,1.0
4950,124-76-121,2011,1.0,1.0
4950,124-76-121,2016,1.0,1.0
4950,124-76-121,2017,1.0,1.0
4950,124-76-121,2023,1.0,0.0
4950,124-76-125,2010,1.0,0.0
4950,124-76-125,2011,1.0,1.0
4950,124-76-127,2002,1.0,0.0
4950,124-76-140,2010,1.0,0.0
4950,124-76-159,2009,1.0,0.0
4950,124-76-165,2005,1.0,0.0
4950,124-76-19,2010,1.0,1.0
4950,124-76-19,2011,1.0,1.0
4950,124-76-19,2017,1.0,0.0
4950,124-76-19,2018,1.0,1.0
4950,124-76-19,2019,1.0,1.0
4950,124-76-190,2003,1.0,0.0
4950,124-76-190,2006,1.0,1.0
4950,124-76-190,2007,1.0,1.0
4950,124-76-2,2007,1.0,0.0
4950,124-76-2,2016,1.0,1.0
4950,124-76-201,2001,1.0,1.0
4950,124-76-201,2006,1.0,1.0
4950,124-76-201,2007,1.0,1.0
4950,124-76-201,2011,1.0,1.0
4950,124-76-201,2014,1.0,0.0
4950,124-76-21,1998,1.0,1.0
4950,124-76-21,2003,1.0,1.0
4950,124-76-21,2007,1.0,1.0
4950,124-76-21,2008,1.0,1.0
4950,124-76-21,2012,1.0,0.0
4950,124-76-21,2014,1.0,1.0
4950,124-76-21,2016,1.0,1.0
4950,124-76-21,2017,1.0,1.0
4950,124-76-21,2022,1.0,1.0
4950,124-76-22,2003,1.0,1.0
4950,124-76-22,2008,1.0,0.0
4950,124-76-221,1998,1.0,1.0
4950,124-76-221,2003,1.0,1.0
4950,124-76-221,2007,1.0,0.0
4950,124-76-221,2008,1.0,1.0
4950,124-76-221,2011,1.0,1.0
4950,124-76-221,2012,1.0,1.0
4950,124-76-23,1998,1.0,1.0
4950,124-76-23,2007,1.0,0.0
4950,124-76-23,2008,1.0,1.0
4950,124-76-23,2010,1.0,1.0
4950,124-76-23,2023,1.0,0.0
4950,124-76-3,1998,1.0,1.0
4950,124-76-3,2006,1.0,0.0
4950,124-76-3,2007,1.0,1.0
4950,124-76-3,2011,1.0,0.0
4950,124-76-302,2006,1.0,0.0
4950,124-76-306,2001,1.0,1.0
4950,124-76-306,2006,1.0,0.0
4950,124-76-306,2007,1.0,1.0
4950,124-76-309,1998,1.0,0.0
4950,124-76-309,2003,1.0,1.0
4950,124-76-309,2007,1.0,1.0
4950,124-76-309,2010,1.0,0.0
4950,124-76-309,2011,1.0,1.0
4950,124-76-309,2012,1.0,1.0
4950,124-76-309,2016,1.0,1.0
4950,124-76-309,2017,1.0,1.0
4950,124-76-310,1998,1.0,1.0
4950,124-76-310,2003,1.0,0.0
4950,124-76-310,2007,1.0,0.0
4950,124-76-310,2012,1.0,0.0
4950,124-76-310,2017,1.0,0.0
4950,124-76-310,2023,1.0,0.0
4950,124-76-314,2003,1.0,1.0
4950,124-76-314,2007,1.0,0.0
4950,124-76-314,2011,1.0,0.0
4950,124-76-314,2014,1.0,0.0
4950,124-76-320,2011,1.0,0.0
4950,124-76-320,2016,1.0,0.0
4950,124-76-320,2017,1.0,1.0
4950,124-76-324,2009,1.0,0.0
4950,124-76-324,2010,1.0,1.0
4950,124-76-4,1998,1.0,1.0
4950,124-76-4,2002,1.0,1.0
4950,124-76-4,2003,1.0,1.0
4950,124-76-4,2006,1.0,0.0
4950,124-76-4,2007,1.0,1.0
4950,124-76-4,2010,1.0,1.0
4950,124-76-4,2011,1.0,1.0
4950,124-76-4,2013,1.0,1.0
4950,124-76-4,2016,1.0,1.0
4950,124-76-4,2017,1.0,1.0
4950,124-76-4,2022,1.0,1.0
4950,124-76-4,2023,1.0,1.0
4950,124-76-40,2003,1.0,0.0
4950,124-76-40,2007,1.0,0.0
4950,124-76-40,2008,1.0,1.0
4950,124-76-40,2010,1.0,1.0
4950,124-76-40,2011,1.0,1.0
4950,124-76-40,2012,1.0,1.0
4950,124-76-40,2017,1.0,0.0
4950,124-76-5,1998,1.0,1.0
4950,124-76-5,2003,1.0,1.0
4950,124-76-5,2007,1.0,1.0
4950,124-76-5,2010,1.0,1.0
4950,124-76-5,2011,1.0,1.0
4950,124-76-5,2013,1.0,1.0
4950,124-76-5,2016,1.0,1.0
4950,124-76-5,2017,1.0,1.0
4950,124-76-5,2022,1.0,1.0
4950,124-76-5,2023,1.0,1.0
4950,124-76-6,1998,1.0,1.0
4950,124-76-6,2003,1.0,1.0
4950,124-76-6,2006,1.0,1.0
4950,124-76-6,2007,1.0,1.0
4950,124-76-6,2008,1.0,1.0
4950,124-76-6,2011,1.0,1.0
4950,124-76-6,2012,1.0,1.0
4950,124-76-61,1999,1.0,0.0
4950,124-76-67,2007,1.0,0.0
4950,124-76-69,1998,1.0,0.0
4950,124-76-69,2007,1.0,1.0
4950,124-76-69,2009,1.0,0.0
4950,124-76-69,2012,1.0,0.0
4950,124-76-8,1998,1.0,1.0
4950,124-76-8,2003,1.0,1.0
4950,124-76-8,2007,1.0,1.0
4950,124-76-8,2008,1.0,1.0
4950,124-76-8,2010,1.0,1.0
4950,124-76-8,2011,1.0,1.0
4950,124-76-8,2012,1.0,1.0
4950,124-76-8,2022,1.0,1.0
4950,124-76-8,2023,1.0,1.0
4950,124-76-9,1998,1.0,1.0
4950,124-76-9,2003,1.0,1.0
4950,124-76-9,2007,1.0,0.0
4950,124-76-9,2010,1.0,1.0
4950,124-76-9,2016,1.0,1.0
4950,124-76-9,2023,1.0,0.0
4950,124-76-90,1998,1.0,1.0
4950,124-76-90,2003,1.0,1.0
4950,124-76-90,2007,1.0,1.0
4950,124-79-106,2002,1.0,1.0
4950,124-79-106,2005,1.0,1.0
4950,124-79-106,2009,1.0,1.0
4950,124-79-106,2010,1.0,1.0
4950,124-79-106,2013,1.0,1.0
4950,124-79-109,2001,1.0,1.0
4950,124-79-109,2002,1.0,1.0
4950,124-79-109,2003,1.0,1.0
4950,124-79-109,2019,1.0,1.0
4950,124-79-109,2022,1.0,0.0
4950,124-79-112,2002,1.0,0.0
4950,124-79-112,2003,1.0,1.0
4950,124-79-112,2006,1.0,1.0
4950,124-79-112,2007,1.0,1.0
4950,124-79-112,2010,1.0,1.0
4950,124-79-112,2012,1.0,0.0
4950,124-79-112,2022,1.0,0.0
4950,124-79-113,2006,1.0,1.0
4950,124-79-113,2007,1.0,1.0
4950,124-79-113,2009,1.0,1.0
4950,124-79-113,2010,1.0,1.0
4950,124-79-113,2013,1.0,1.0
4950,124-79-113,2022,1.0,1.0
4950,124-79-116,2002,1.0,1.0
4950,124-79-116,2009,1.0,1.0
4950,124-79-116,2010,1.0,1.0
4950,124-79-123,2001,1.0,1.0
4950,124-79-123,2007,1.0,1.0
4950,124-79-123,2008,1.0,1.0
4950,124-79-123,2009,1.0,1.0
4950,124-79-123,2011,1.0,0.0
4950,124-79-124,2001,1.0,0.0
4950,124-79-124,2003,1.0,0.0
4950,124-79-124,2007,1.0,0.0
4950,124-79-124,2009,1.0,1.0
4950,124-79-124,2010,1.0,1.0
4950,124-79-124,2011,1.0,1.0
4950,124-79-124,2013,1.0,0.0
4950,124-79-124,2017,1.0,1.0
4950,124-79-124,2019,1.0,1.0
4950,124-79-124,2022,1.0,1.0
4950,124-79-130,2008,1.0,1.0
4950,124-79-130,2009,1.0,1.0
4950,124-79-130,2010,1.0,1.0
4950,124-79-130,2011,1.0,1.0
4950,124-79-130,2012,1.0,1.0
4950,124-79-130,2013,1.0,1.0
4950,124-79-130,2017,1.0,1.0
4950,124-79-130,2022,1.0,1.0
4950,124-79-132,2001,1.0,1.0
4950,124-79-132,2003,1.0,1.0
4950,124-79-132,2006,1.0,1.0
4950,124-79-132,2008,1.0,1.0
4950,124-79-132,2009,1.0,1.0
4950,124-79-132,2011,1.0,1.0
4950,124-79-132,2012,1.0,1.0
4950,124-79-132,2013,1.0,1.0
4950,124-79-132,2017,1.0,1.0
4950,124-79-132,2019,1.0,0.0
4950,124-79-132,2022,1.0,1.0
4950,124-79-133,2001,1.0,1.0
4950,124-79-133,2003,1.0,1.0
4950,124-79-133,2007,1.0,1.0
4950,124-79-133,2008,1.0,1.0
4950,124-79-133,2009,1.0,1.0
4950,124-79-133,2010,1.0,1.0
4950,124-79-133,2011,1.0,1.0
4950,124-79-133,2012,1.0,1.0
4950,124-79-133,2013,1.0,1.0
4950,124-79-133,2017,1.0,1.0
4950,124-79-133,2019,1.0,0.0
4950,124-79-133,2022,1.0,1.0
4950,124-79-139,1998,1.0,0.0
4950,124-79-139,1999,1.0,1.0
4950,124-79-139,2001,1.0,1.0
4950,124-79-139,2010,1.0,0.0
4950,124-79-139,2011,1.0,1.0
4950,124-79-139,2017,1.0,0.0
4950,124-79-142,1998,1.0,1.0
4950,124-79-142,2001,1.0,1.0
4950,124-79-142,2003,1.0,1.0
4950,124-79-142,2007,1.0,1.0
4950,124-79-142,2010,1.0,1.0
4950,124-79-142,2011,1.0,1.0
4950,124-79-142,2012,1.0,1.0
4950,124-79-142,2013,1.0,1.0
4950,124-79-217,2002,1.0,1.0
4950,124-79-217,2012,1.0,0.0
4950,124-79-217,2013,1.0,1.0
4950,124-79-217,2019,1.0,1.0
4950,124-79-217,2022,1.0,1.0
4950,124-79-24,2001,1.0,1.0
4950,124-79-24,2003,1.0,1.0
4950,124-79-24,2007,1.0,1.0
4950,124-79-24,2008,1.0,1.0
4950,124-79-24,2009,1.0,1.0
4950,124-79-309,2002,1.0,0.0
4950,124-79-309,2003,1.0,1.0
4950,124-79-309,2012,1.0,1.0
4950,124-79-309,2013,1.0,1.0
4950,124-79-309,2019,1.0,1.0
4950,124-79-33,2001,1.0,1.0
4950,124-79-33,2003,1.0,1.0
4950,124-79-33,2007,1.0,1.0
4950,124-79-33,2008,1.0,1.0
4950,124-79-33,2009,1.0,1.0
4950,124-79-33,2010,1.0,1.0
4950,124-79-33,2011,1.0,1.0
4950,124-79-33,2013,1.0,1.0
4950,124-79-33,2019,1.0,1.0
4950,124-79-40,1998,1.0,0.0
4950,124-79-40,1999,1.0,1.0
4950,124-79-40,2001,1.0,1.0
4950,124-79-40,2019,1.0,1.0
4950,124-79-40,2022,1.0,1.0
4950,124-79-403,2019,1.0,1.0
4950,124-79-403,2022,1.0,0.0
4950,124-79-424,2002,1.0,1.0
4950,124-79-424,2010,1.0,0.0
4950,124-79-424,2013,1.0,0.0
4950,124-79-424,2019,1.0,1.0
4950,840-14-1,2007,1.0,1.0
4950,840-14-1,2008,1.0,1.0
4950,840-14-1,2009,1.0,1.0
4950,840-14-1,2018,1.0,1.0
4950,840-14-106,1999,1.0,1.0
4950,840-14-106,2004,1.0,1.0
4950,840-14-108,1998,1.0,1.0
4950,840-14-108,2000,1.0,1.0
4950,840-14-108,2003,1.0,0.0
4950,840-14-108,2006,1.0,1.0
4950,840-14-108,2009,1.0,0.0
4950,840-14-108,2017,1.0,0.0
4950,840-14-11,2002,1.0,0.0
4950,840-14-11,2003,1.0,1.0
4950,840-14-11,2004,1.0,1.0
4950,840-14-11,2013,1.0,1.0
4950,840-14-11,2014,1.0,1.0
4950,840-14-11,2016,1.0,1.0
4950,840-14-11,2018,1.0,1.0
4950,840-14-118,2014,1.0,0.0
4950,840-14-118,2018,1.0,1.0
4950,840-14-128,2002,1.0,0.0
4950,840-14-128,2003,1.0,1.0
4950,840-14-128,2004,1.0,1.0
4950,840-14-128,2007,1.0,1.0
4950,840-14-128,2014,1.0,0.0
4950,840-14-129,2000,1.0,1.0
4950,840-14-129,2013,1.0,1.0
4950,840-14-129,2014,1.0,1.0
4950,840-14-13,2001,1.0,0.0
4950,840-14-13,2002,1.0,1.0
4950,840-14-13,2007,1.0,0.0
4950,840-14-13,2017,1.0,0.0
4950,840-14-13,2018,1.0,1.0
4950,840-14-13,2019,1.0,1.0
4950,840-14-13,2022,1.0,0.0
4950,840-14-137,2007,1.0,0.0
4950,840-14-137,2018,1.0,1.0
4950,840-14-138,2003,1.0,0.0
4950,840-14-138,2010,1.0,0.0
4950,840-14-138,2019,1.0,0.0
4950,840-14-14,1998,1.0,1.0
4950,840-14-14,2001,1.0,1.0
4950,840-14-14,2002,1.0,1.0
4950,840-14-14,2003,1.0,1.0
4950,840-14-14,2004,1.0,1.0
4950,840-14-14,2007,1.0,1.0
4950,840-14-14,2009,1.0,1.0
4950,840-14-14,2013,1.0,1.0
4950,840-14-148,2000,1.0,1.0
4950,840-14-148,2002,1.0,0.0
4950,840-14-148,2004,1.0,1.0
4950,840-14-148,2007,1.0,1.0
4950,840-14-148,2019,1.0,1.0
4950,840-14-151,2001,1.0,1.0
4950,840-14-151,2008,1.0,0.0
4950,840-14-151,2019,1.0,1.0
4950,840-14-153,2001,1.0,1.0
4950,840-14-153,2002,1.0,1.0
4950,840-14-153,2003,1.0,1.0
4950,840-14-153,2004,1.0,1.0
4950,840-14-153,2006,1.0,1.0
4950,840-14-153,2007,1.0,1.0
4950,840-14-153,2008,1.0,1.0
4950,840-14-153,2014,1.0,1.0
4950,840-14-153,2016,1.0,1.0
4950,840-14-153,2017,1.0,1.0
4950,840-14-153,2018,1.0,1.0
4950,840-14-153,2019,1.0,1.0
4950,840-14-153,2022,1.0,1.0
4950,840-14-154,2002,1.0,0.0
4950,840-14-154,2003,1.0,1.0
4950,840-14-154,2004,1.0,1.0
4950,840-14-154,2014,1.0,1.0
4950,840-14-154,2016,1.0,1.0
4950,840-14-154,2017,1.0,1.0
4950,840-14-154,2018,1.0,1.0
4950,840-14-154,2022,1.0,1.0
4950,840-14-155,2003,1.0,1.0
4950,840-14-155,2004,1.0,1.0
4950,840-14-155,2007,1.0,1.0
4950,840-14-155,2018,1.0,1.0
4950,840-14-156,2002,1.0,0.0
4950,840-14-156,2003,1.0,1.0
4950,840-14-156,2004,1.0,1.0
4950,840-14-156,2006,1.0,1.0
4950,840-14-156,2007,1.0,1.0
4950,840-14-156,2018,1.0,1.0
4950,840-14-156,2019,1.0,1.0
4950,840-14-158,2003,1.0,0.0
4950,840-14-158,2007,1.0,1.0
4950,840-14-158,2008,1.0,1.0
4950,840-14-158,2016,1.0,1.0
4950,840-14-158,2019,1.0,0.0
4950,840-14-159,2003,1.0,1.0
4950,840-14-159,2006,1.0,1.0
4950,840-14-159,2012,1.0,1.0
4950,840-14-16,2000,1.0,0.0
4950,840-14-16,2003,1.0,0.0
4950,840-14-16,2008,1.0,0.0
4950,840-14-16,2014,1.0,0.0
4950,840-14-160,2002,1.0,0.0
4950,840-14-160,2003,1.0,1.0
4950,840-14-160,2004,1.0,1.0
4950,840-14-160,2016,1.0,1.0
4950,840-14-160,2018,1.0,1.0
4950,840-14-160,2023,1.0,0.0
4950,840-14-162,2001,1.0,1.0
4950,840-14-162,2007,1.0,1.0
4950,840-14-162,2017,1.0,1.0
4950,840-14-162,2018,1.0,1.0
4950,840-14-162,2022,1.0,1.0
4950,840-14-164,2001,1.0,1.0
4950,840-14-164,2009,1.0,1.0
4950,840-14-165,2001,1.0,0.0
4950,840-14-165,2008,1.0,0.0
4950,840-14-165,2019,1.0,1.0
4950,840-14-165,2023,1.0,1.0
4950,840-14-166,2007,1.0,1.0
4950,840-14-166,2016,1.0,1.0
4950,840-14-166,2017,1.0,1.0
4950,840-14-166,2018,1.0,1.0
4950,840-14-166,2019,1.0,1.0
4950,840-14-168,2007,1.0,1.0
4950,840-14-168,2016,1.0,1.0
4950,840-14-168,2017,1.0,1.0
4950,840-14-168,2018,1.0,1.0
4950,840-14-168,2019,1.0,1.0
4950,840-14-175,2001,1.0,1.0
4950,840-14-175,2007,1.0,1.0
4950,840-14-175,2008,1.0,1.0
4950,840-14-175,2019,1.0,1.0
4950,840-14-176,2002,1.0,1.0
4950,840-14-176,2004,1.0,0.0
4950,840-14-176,2006,1.0,1.0
4950,840-14-176,2007,1.0,1.0
4950,840-14-176,2013,1.0,1.0
4950,840-14-176,2014,1.0,1.0
4950,840-14-176,2016,1.0,1.0
4950,840-14-176,2017,1.0,1.0
4950,840-14-176,2018,1.0,1.0
4950,840-14-177,2002,1.0,1.0
4950,840-14-177,2013,1.0,1.0
4950,840-14-177,2014,1.0,1.0
4950,840-14-177,2017,1.0,1.0
4950,840-14-177,2018,1.0,1.0
4950,840-14-179,2000,1.0,1.0
4950,840-14-179,2001,1.0,1.0
4950,840-14-179,2002,1.0,1.0
4950,840-14-179,2006,1.0,1.0
4950,840-14-179,2007,1.0,1.0
4950,840-14-179,2008,1.0,1.0
4950,840-14-179,2016,1.0,1.0
4950,840-14-179,2019,1.0,1.0
4950,840-14-179,2022,1.0,1.0
4950,840-14-18,1999,1.0,0.0
4950,840-14-18,2010,1.0,0.0
4950,840-14-181,2001,1.0,1.0
4950,840-14-181,2007,1.0,1.0
4950,840-14-181,2008,1.0,1.0
4950,840-14-181,2016,1.0,1.0
4950,840-14-181,2018,1.0,1.0
4950,840-14-181,2019,1.0,1.0
4950,840-14-182,2009,1.0,0.0
4950,840-14-182,2013,1.0,0.0
4950,840-14-182,2014,1.0,1.0
4950,840-14-182,2016,1.0,0.0
4950,840-14-182,2017,1.0,1.0
4950,840-14-184,2002,1.0,1.0
4950,840-14-184,2003,1.0,1.0
4950,840-14-184,2004,1.0,1.0
4950,840-14-184,2006,1.0,1.0
4950,840-14-184,2007,1.0,1.0
4950,840-14-184,2018,1.0,0.0
4950,840-14-185,2001,1.0,1.0
4950,840-14-185,2002,1.0,1.0
4950,840-14-185,2003,1.0,1.0
4950,840-14-185,2007,1.0,1.0
4950,840-14-185,2008,1.0,1.0
4950,840-14-185,2016,1.0,1.0
4950,840-14-185,2018,1.0,0.0
4950,840-14-185,2019,1.0,1.0
4950,840-14-186,2002,1.0,1.0
4950,840-14-186,2004,1.0,1.0
4950,840-14-186,2007,1.0,1.0
4950,840-14-186,2017,1.0,1.0
4950,840-14-186,2019,1.0,1.0
4950,840-14-188,2002,1.0,1.0
4950,840-14-188,2003,1.0,1.0
4950,840-14-188,2007,1.0,1.0
4950,840-14-189,2003,1.0,1.0
4950,840-14-189,2004,1.0,1.0
4950,840-14-189,2007,1.0,1.0
4950,840-14-189,2016,1.0,1.0
4950,840-14-189,2017,1.0,1.0
4950,840-14-189,2018,1.0,1.0
4950,840-14-189,2019,1.0,1.0
4950,840-14-190,2002,1.0,0.0
4950,840-14-190,2003,1.0,1.0
4950,840-14-190,2004,1.0,1.0
4950,840-14-191,2000,1.0,1.0
4950,840-14-191,2006,1.0,1.0
4950,840-14-191,2008,1.0,1.0
4950,840-14-191,2018,1.0,1.0
4950,840-14-191,2019,1.0,1.0
4950,840-14-193,2001,1.0,1.0
4950,840-14-193,2002,1.0,1.0
4950,840-14-193,2003,1.0,1.0
4950,840-14-193,2004,1.0,1.0
4950,840-14-193,2006,1.0,1.0
4950,840-14-193,2008,1.0,1.0
4950,840-14-193,2009,1.0,1.0
4950,840-14-193,2013,1.0,1.0
4950,840-14-193,2016,1.0,1.0
4950,840-14-193,2017,1.0,1.0
4950,840-14-193,2018,1.0,1.0
4950,840-14-194,2002,1.0,0.0
4950,840-14-194,2005,1.0,0.0
4950,840-14-195,2008,1.0,1.0
4950,840-14-195,2014,1.0,0.0
4950,840-14-195,2017,1.0,0.0
4950,840-14-195,2018,1.0,1.0
4950,840-14-195,2019,1.0,1.0
4950,840-14-198,2002,1.0,1.0
4950,840-14-198,2007,1.0,1.0
4950,840-14-198,2016,1.0,1.0
4950,840-14-198,2019,1.0,1.0
4950,840-14-199,2002,1.0,0.0
4950,840-14-199,2004,1.0,0.0
4950,840-14-199,2007,1.0,1.0
4950,840-14-199,2016,1.0,1.0
4950,840-14-199,2017,1.0,1.0
4950,840-14-199,2019,1.0,1.0
4950,840-14-201,2002,1.0,1.0
4950,840-14-201,2003,1.0,1.0
4950,840-14-201,2004,1.0,1.0
4950,840-14-201,2013,1.0,1.0
4950,840-14-201,2016,1.0,0.0
4950,840-14-205,2002,1.0,0.0
4950,840-14-205,2003,1.0,1.0
4950,840-14-205,2004,1.0,1.0
4950,840-14-205,2006,1.0,1.0
4950,840-14-205,2007,1.0,1.0
4950,840-14-205,2008,1.0,1.0
4950,840-14-205,2014,1.0,0.0
4950,840-14-21,2002,1.0,1.0
4950,840-14-21,2003,1.0,1.0
4950,840-14-21,2004,1.0,1.0
4950,840-14-21,2006,1.0,1.0
4950,840-14-21,2007,1.0,1.0
4950,840-14-21,2018,1.0,1.0
4950,840-14-21,2019,1.0,1.0
4950,840-14-221,1999,1.0,0.0
4950,840-14-221,2003,1.0,0.0
4950,840-14-226,2007,1.0,1.0
4950,840-14-226,2013,1.0,1.0
4950,840-14-226,2014,1.0,1.0
4950,840-14-3,2002,1.0,1.0
4950,840-14-3,2003,1.0,1.0
4950,840-14-3,2004,1.0,1.0
4950,840-14-3,2007,1.0,1.0
4950,840-14-3,2013,1.0,1.0
4950,840-14-3,2014,1.0,1.0
4950,840-14-3,2016,1.0,1.0
4950,840-14-3,2017,1.0,1.0
4950,840-14-3,2018,1.0,1.0
4950,840-14-319,2001,1.0,0.0
4950,840-14-319,2003,1.0,1.0
4950,840-14-319,2004,1.0,1.0
4950,840-14-319,2005,1.0,1.0
4950,840-14-319,2013,1.0,1.0
4950,840-14-319,2014,1.0,1.0
4950,840-14-319,2023,1.0,0.0
4950,840-14-32,2007,1.0,0.0
4950,840-14-33,2003,1.0,1.0
4950,840-14-33,2004,1.0,1.0
4950,840-14-33,2019,1.0,1.0
4950,840-14-406,2004,1.0,1.0
4950,840-14-406,2007,1.0,1.0
4950,840-14-406,2016,1.0,1.0
4950,840-14-406,2017,1.0,1.0
4950,840-14-406,2018,1.0,1.0
4950,840-14-406,2019,1.0,1.0
4950,840-14-407,2002,1.0,0.0
4950,840-14-407,2007,1.0,1.0
4950,840-14-407,2014,1.0,1.0
4950,840-14-407,2016,1.0,1.0
4950,840-14-407,2017,1.0,1.0
4950,840-14-407,2018,1.0,1.0
4950,840-14-407,2019,1.0,1.0
4950,840-14-408,2001,1.0,0.0
4950,840-14-408,2018,1.0,1.0
4950,840-14-408,2019,1.0,1.0
4950,840-14-408,2022,1.0,0.0
4950,840-14-414,2001,1.0,1.0
4950,840-14-414,2008,1.0,1.0
4950,840-14-415,2001,1.0,1.0
4950,840-14-415,2003,1.0,0.0
4950,840-14-415,2004,1.0,1.0
4950,840-14-415,2007,1.0,0.0
4950,840-14-415,2008,1.0,1.0
4950,840-14-415,2016,1.0,1.0
4950,840-14-415,2017,1.0,1.0
4950,840-14-415,2018,1.0,1.0
4950,840-14-415,2022,1.0,1.0
4950,840-14-417,2001,1.0,1.0
4950,840-14-417,2002,1.0,1.0
4950,840-14-417,2004,1.0,1.0
4950,840-14-417,2007,1.0,1.0
4950,840-14-417,2008,1.0,1.0
4950,840-14-417,2014,1.0,1.0
4950,840-14-417,2016,1.0,1.0
4950,840-14-417,2018,1.0,0.0
4950,840-14-417,2022,1.0,1.0
4950,840-14-419,2004,1.0,0.0
4950,840-14-419,2007,1.0,0.0
4950,840-14-419,2017,1.0,0.0
4950,840-14-419,2018,1.0,1.0
4950,840-14-420,2001,1.0,0.0
4950,840-14-420,2002,1.0,1.0
4950,840-14-420,2004,1.0,0.0
4950,840-14-420,2007,1.0,1.0
4950,840-14-420,2016,1.0,0.0
4950,840-14-420,2017,1.0,1.0
4950,840-14-420,2018,1.0,1.0
4950,840-14-420,2019,1.0,1.0
4950,840-14-421,2002,1.0,1.0
4950,840-14-421,2003,1.0,1.0
4950,840-14-421,2004,1.0,1.0
4950,840-14-421,2006,1.0,1.0
4950,840-14-421,2007,1.0,1.0
4950,840-14-421,2008,1.0,1.0
4950,840-14-421,2018,1.0,0.0
4950,840-14-422,2002,1.0,1.0
4950,840-14-422,2003,1.0,1.0
4950,840-14-422,2004,1.0,1.0
4950,840-14-422,2006,1.0,1.0
4950,840-14-422,2007,1.0,1.0
4950,840-14-422,2019,1.0,0.0
4950,840-14-423,2002,1.0,0.0
4950,840-14-423,2003,1.0,1.0
4950,840-14-423,2004,1.0,1.0
4950,840-14-423,2007,1.0,1.0
4950,840-14-426,2000,1.0,0.0
4950,840-14-434,2001,1.0,1.0
4950,840-14-434,2003,1.0,0.0
4950,840-14-434,2008,1.0,0.0
4950,840-14-436,2001,1.0,1.0
4950,840-14-436,2007,1.0,0.0
4950,840-14-436,2008,1.0,1.0
4950,840-14-436,2018,1.0,1.0
4950,840-14-436,2019,1.0,1.0
4950,840-14-47,2004,1.0,1.0
4950,840-14-47,2007,1.0,1.0
4950,840-14-47,2013,1.0,1.0
4950,840-14-47,2014,1.0,1.0
4950,840-14-47,2018,1.0,1.0
4950,840-14-49,2012,1.0,1.0
4950,840-14-49,2014,1.0,1.0
4950,840-14-49,2018,1.0,1.0
4950,840-14-49,2019,1.0,1.0
4950,840-14-51,2000,1.0,0.0
4950,840-14-51,2015,1.0,0.0
4950,840-14-54,2002,1.0,1.0
4950,840-14-54,2003,1.0,1.0
4950,840-14-54,2004,1.0,1.0
4950,840-14-54,2012,1.0,1.0
4950,840-14-58,2000,1.0,0.0
4950,840-14-58,2015,1.0,0.0
4950,840-14-6,2002,1.0,0.0
4950,840-14-6,2008,1.0,1.0
4950,840-14-62,2008,1.0,0.0
4950,840-14-7,2002,1.0,0.0
4950,840-14-7,2003,1.0,1.0
4950,840-14-7,2007,1.0,1.0
4950,840-14-7,2016,1.0,1.0
4950,840-14-7,2019,1.0,1.0
4950,840-14-7,2022,1.0,1.0
4950,840-14-7,2023,1.0,1.0
4950,840-14-71,2000,1.0,1.0
4950,840-14-71,2001,1.0,1.0
4950,840-14-71,2003,1.0,1.0
4950,840-14-71,2004,1.0,1.0
4950,840-14-71,2005,1.0,1.0
4950,840-14-71,2006,1.0,1.0
4950,840-14-71,2009,1.0,1.0
4950,840-14-71,2010,1.0,1.0
4950,840-14-71,2013,1.0,1.0
4950,840-14-71,2014,1.0,1.0
4950,840-14-71,2015,1.0,1.0
4950,840-14-71,2016,1.0,1.0
4950,840-14-71,2017,1.0,1.0
4950,840-14-71,2018,1.0,1.0
4950,840-14-71,2022,1.0,1.0
4950,840-14-78,2007,1.0,0.0
4950,840-14-78,2008,1.0,1.0
4950,840-14-78,2018,1.0,1.0
4950,840-14-78,2019,1.0,1.0
4950,840-14-78,2022,1.0,1.0
4950,840-14-79,2000,1.0,0.0
4950,840-14-79,2013,1.0,1.0
4950,840-14-79,2016,1.0,1.0
4950,840-14-79,2017,1.0,1.0
4950,840-14-79,2022,1.0,1.0
4950,840-14-80,2000,1.0,1.0
4950,840-14-80,2001,1.0,1.0
4950,840-14-80,2002,1.0,1.0
4950,840-14-80,2006,1.0,1.0
4950,840-14-80,2007,1.0,1.0
4950,840-14-80,2008,1.0,1.0
4950,840-14-80,2019,1.0,1.0
4950,840-14-80,2022,1.0,0.0
4950,840-14-82,2001,1.0,1.0
4950,840-14-82,2002,1.0,1.0
4950,840-14-82,2003,1.0,1.0
4950,840-14-82,2004,1.0,1.0
4950,840-14-82,2006,1.0,1.0
4950,840-14-82,2007,1.0,1.0
4950,840-14-82,2008,1.0,1.0
4950,840-14-82,2013,1.0,1.0
4950,840-14-82,2014,1.0,1.0
4950,840-14-82,2016,1.0,1.0
4950,840-14-82,2018,1.0,0.0
4950,840-14-82,2022,1.0,1.0
4950,840-14-88,2005,1.0,0.0
4950,840-14-89,2002,1.0,0.0
4950,840-14-89,2007,1.0,0.0
4950,840-14-89,2012,1.0,1.0
4950,840-14-89,2014,1.0,1.0
4950,840-14-89,2018,1.0,1.0
4950,840-14-89,2019,1.0,1.0
4950,840-14-9,2002,1.0,0.0
4950,840-14-9,2006,1.0,1.0
4950,840-14-9,2007,1.0,1.0
4950,840-14-9,2013,1.0,1.0
4950,840-14-9,2014,1.0,1.0
4950,840-14-9,2016,1.0,1.0
4950,840-14-9,2017,1.0,1.0
4950,840-14-9,2018,1.0,1.0
4950,840-14-95,2004,1.0,0.0
4950,840-14-96,2000,1.0,1.0
4950,840-14-96,2006,1.0,1.0
4950,840-14-96,2007,1.0,1.0
4950,840-14-96,2008,1.0,1.0
4950,840-14-96,2014,1.0,1.0
4950,840-14-96,2022,1.0,1.0
4950,840-14-98,2002,1.0,1.0
4950,840-14-98,2003,1.0,1.0
4950,840-14-98,2004,1.0,1.0
4950,840-14-98,2006,1.0,1.0
4950,840-14-98,2007,1.0,1.0
4950,840-14-98,2016,1.0,1.0
4950,840-14-98,2018,1.0,1.0
4950,840-17-1,2000,1.0,1.0
4950,840-17-1,2022,1.0,1.0
4950,840-17-10,2000,1.0,0.0
4950,840-17-10,2001,1.0,1.0
4950,840-17-10,2010,1.0,1.0
4950,840-17-10,2022,1.0,1.0
4950,840-17-11,2001,1.0,0.0
4950,840-17-11,2010,1.0,1.0
4950,840-17-11,2011,1.0,1.0
4950,840-17-11,2017,1.0,1.0
4950,840-17-11,2022,1.0,1.0
4950,840-17-12,2000,1.0,1.0
4950,840-17-12,2007,1.0,1.0
4950,840-17-12,2011,1.0,0.0
4950,840-17-12,2015,1.0,0.0
4950,840-17-126,2013,1.0,1.0
4950,840-17-126,2016,1.0,1.0
4950,840-17-13,2000,1.0,1.0
4950,840-17-13,2007,1.0,1.0
4950,840-17-13,2008,1.0,1.0
4950,840-17-13,2011,1.0,1.0
4950,840-17-13,2015,1.0,0.0
4950,840-17-14,2005,1.0,1.0
4950,840-17-14,2011,1.0,1.0
4950,840-17-14,2015,1.0,1.0
4950,840-17-14,2017,1.0,1.0
4950,840-17-153,2000,1.0,1.0
4950,840-17-153,2007,1.0,0.0
4950,840-17-153,2015,1.0,1.0
4950,840-17-153,2022,1.0,1.0
4950,840-17-154,2000,1.0,1.0
4950,840-17-154,2015,1.0,0.0
4950,840-17-154,2022,1.0,0.0
4950,840-17-16,2004,1.0,1.0
4950,840-17-16,2010,1.0,0.0
4950,840-17-16,2014,1.0,0.0
4950,840-17-17,2000,1.0,1.0
4950,840-17-17,2001,1.0,1.0
4950,840-17-17,2007,1.0,1.0
4950,840-17-17,2010,1.0,1.0
4950,840-17-17,2022,1.0,1.0
4950,840-17-18,2010,1.0,0.0
4950,840-17-18,2011,1.0,1.0
4950,840-17-18,2015,1.0,1.0
4950,840-17-18,2017,1.0,1.0
4950,840-17-18,2022,1.0,1.0
4950,840-17-19,2008,1.0,0.0
4950,840-17-19,2017,1.0,0.0
4950,840-17-19,2022,1.0,0.0
4950,840-17-2,2004,1.0,1.0
4950,840-17-2,2010,1.0,0.0
4950,840-17-2,2014,1.0,1.0
4950,840-17-202,2000,1.0,1.0
4950,840-17-202,2010,1.0,0.0
4950,840-17-202,2022,1.0,0.0
4950,840-17-203,2000,1.0,0.0
4950,840-17-203,2022,1.0,0.0
4950,840-17-204,2007,1.0,1.0
4950,840-17-205,2000,1.0,1.0
4950,840-17-205,2010,1.0,1.0
4950,840-17-205,2011,1.0,1.0
4950,840-17-206,2010,1.0,0.0
4950,840-17-206,2017,1.0,1.0
4950,840-17-207,2000,1.0,0.0
4950,840-17-207,2001,1.0,1.0
4950,840-17-207,2010,1.0,1.0
4950,840-17-207,2015,1.0,1.0
4950,840-17-208,2000,1.0,1.0
4950,840-17-208,2001,1.0,1.0
4950,840-17-208,2022,1.0,1.0
4950,840-17-209,2014,1.0,0.0
4950,840-17-21,2008,1.0,0.0
4950,840-17-21,2015,1.0,0.0
4950,840-17-21,2017,1.0,0.0
4950,840-17-211,2004,1.0,1.0
4950,840-17-213,2001,1.0,1.0
4950,840-17-213,2010,1.0,0.0
4950,840-17-213,2015,1.0,0.0
4950,840-17-213,2017,1.0,1.0
4950,840-17-214,2005,1.0,1.0
4950,840-17-214,2007,1.0,1.0
4950,840-17-214,2008,1.0,1.0
4950,840-17-215,2004,1.0,0.0
4950,840-17-215,2014,1.0,0.0
4950,840-17-215,2015,1.0,1.0
4950,840-17-216,2004,1.0,1.0
4950,840-17-216,2010,1.0,1.0
4950,840-17-216,2014,1.0,1.0
4950,840-17-217,2000,1.0,1.0
4950,840-17-217,2001,1.0,1.0
4950,840-17-217,2007,1.0,0.0
4950,840-17-217,2011,1.0,1.0
4950,840-17-217,2022,1.0,1.0
4950,840-17-218,2000,1.0,1.0
4950,840-17-218,2005,1.0,0.0
4950,840-17-218,2008,1.0,1.0
4950,840-17-218,2015,1.0,0.0
4950,840-17-221,2000,1.0,1.0
4950,840-17-221,2001,1.0,1.0
4950,840-17-221,2005,1.0,0.0
4950,840-17-221,2015,1.0,0.0
4950,840-17-222,2000,1.0,1.0
4950,840-17-222,2001,1.0,1.0
4950,840-17-222,2007,1.0,0.0
4950,840-17-222,2022,1.0,1.0
4950,840-17-223,2000,1.0,1.0
4950,840-17-223,2001,1.0,1.0
4950,840-17-223,2007,1.0,0.0
4950,840-17-223,2011,1.0,1.0
4950,840-17-225,2015,1.0,1.0
4950,840-17-225,2017,1.0,0.0
4950,840-17-228,2001,1.0,0.0
4950,840-17-228,2005,1.0,1.0
4950,840-17-23,2000,1.0,1.0
4950,840-17-23,2001,1.0,1.0
4950,840-17-23,2007,1.0,0.0
4950,840-17-23,2010,1.0,1.0
4950,840-17-23,2014,1.0,1.0
4950,840-17-23,2015,1.0,1.0
4950,840-17-3,2000,1.0,1.0
4950,840-17-3,2010,1.0,1.0
4950,840-17-3,2022,1.0,1.0
4950,840-17-301,2004,1.0,1.0
4950,840-17-301,2014,1.0,1.0
4950,840-17-302,2000,1.0,1.0
4950,840-17-302,2001,1.0,1.0
4950,840-17-302,2004,1.0,1.0
4950,840-17-302,2010,1.0,1.0
4950,840-17-302,2022,1.0,1.0
4950,840-17-303,2001,1.0,1.0
4950,840-17-303,2006,1.0,1.0
4950,840-17-303,2007,1.0,1.0
4950,840-17-303,2017,1.0,1.0
4950,840-17-304,2014,1.0,0.0
4950,840-17-305,2001,1.0,1.0
4950,840-17-305,2007,1.0,1.0
4950,840-17-305,2015,1.0,1.0
4950,840-17-305,2017,1.0,1.0
4950,840-17-306,2000,1.0,1.0
4950,840-17-306,2007,1.0,1.0
4950,840-17-306,2010,1.0,1.0
4950,840-17-306,2011,1.0,1.0
4950,840-17-307,2007,1.0,0.0
4950,840-17-307,2010,1.0,1.0
4950,840-17-307,2011,1.0,1.0
4950,840-17-307,2019,1.0,1.0
4950,840-17-308,2000,1.0,1.0
4950,840-17-308,2001,1.0,1.0
4950,840-17-309,2000,1.0,1.0
4950,840-17-309,2001,1.0,1.0
4950,840-17-309,2010,1.0,1.0
4950,840-17-31,2004,1.0,1.0
4950,840-17-31,2010,1.0,1.0
4950,840-17-31,2014,1.0,1.0
4950,840-17-312,2000,1.0,1.0
4950,840-17-312,2007,1.0,1.0
4950,840-17-312,2008,1.0,1.0
4950,840-17-313,2000,1.0,0.0
4950,840-17-313,2005,1.0,1.0
4950,840-17-313,2007,1.0,1.0
4950,840-17-313,2008,1.0,1.0
4950,840-17-314,2008,1.0,1.0
4950,840-17-314,2014,1.0,1.0
4950,840-17-314,2017,1.0,1.0
4950,840-17-315,2000,1.0,1.0
4950,840-17-315,2004,1.0,1.0
4950,840-17-315,2007,1.0,1.0
4950,840-17-315,2015,1.0,1.0
4950,840-17-315,2022,1.0,0.0
4950,840-17-316,2001,1.0,0.0
4950,840-17-316,2015,1.0,1.0
4950,840-17-316,2022,1.0,1.0
4950,840-17-317,2000,1.0,0.0
4950,840-17-317,2001,1.0,1.0
4950,840-17-318,2000,1.0,1.0
4950,840-17-318,2001,1.0,1.0
4950,840-17-318,2010,1.0,1.0
4950,840-17-318,2011,1.0,1.0
4950,840-17-318,2015,1.0,1.0
4950,840-17-318,2022,1.0,1.0
4950,840-17-319,2008,1.0,1.0
4950,840-17-319,2015,1.0,0.0
4950,840-17-32,2000,1.0,1.0
4950,840-17-32,2004,1.0,1.0
4950,840-17-32,2010,1.0,1.0
4950,840-17-32,2022,1.0,1.0
4950,840-17-322,2000,1.0,1.0
4950,840-17-322,2004,1.0,1.0
4950,840-17-322,2010,1.0,1.0
4950,840-17-322,2014,1.0,1.0
4950,840-17-326,2000,1.0,0.0
4950,840-17-326,2008,1.0,1.0
4950,840-17-326,2014,1.0,1.0
4950,840-17-326,2015,1.0,1.0
4950,840-17-33,2000,1.0,1.0
4950,840-17-33,2022,1.0,1.0
4950,840-17-34,2010,1.0,0.0
4950,840-17-35,2000,1.0,1.0
4950,840-17-35,2008,1.0,1.0
4950,840-17-35,2010,1.0,1.0
4950,840-17-35,2011,1.0,1.0
4950,840-17-351,2003,1.0,0.0
4950,840-17-351,2010,1.0,1.0
4950,840-17-352,2010,1.0,1.0
4950,840-17-352,2022,1.0,1.0
4950,840-17-359,2000,1.0,1.0
4950,840-17-359,2001,1.0,1.0
4950,840-17-359,2017,1.0,1.0
4950,840-17-36,2005,1.0,1.0
4950,840-17-36,2008,1.0,0.0
4950,840-17-36,2011,1.0,1.0
4950,840-17-36,2019,1.0,0.0
4950,840-17-362,2001,1.0,1.0
4950,840-17-362,2010,1.0,0.0
4950,840-17-362,2011,1.0,1.0
4950,840-17-362,2017,1.0,1.0
4950,840-17-362,2022,1.0,1.0
4950,840-17-365,2007,1.0,1.0
4950,840-17-365,2015,1.0,1.0
4950,840-17-366,2000,1.0,0.0
4950,840-17-366,2001,1.0,1.0
4950,840-17-366,2007,1.0,0.0
4950,840-17-366,2010,1.0,0.0
4950,840-17-367,2000,1.0,1.0
4950,840-17-367,2001,1.0,1.0
4950,840-17-367,2007,1.0,1.0
4950,840-17-367,2015,1.0,1.0
4950,840-17-368,2000,1.0,1.0
4950,840-17-368,2001,1.0,1.0
4950,840-17-368,2010,1.0,1.0
4950,840-17-37,2000,1.0,1.0
4950,840-17-37,2005,1.0,1.0
4950,840-17-37,2011,1.0,1.0
4950,840-17-37,2015,1.0,1.0
4950,840-17-372,2000,1.0,1.0
4950,840-17-372,2001,1.0,1.0
4950,840-17-372,2004,1.0,1.0
4950,840-17-372,2010,1.0,1.0
4950,840-17-372,2014,1.0,1.0
4950,840-17-372,2015,1.0,1.0
4950,840-17-373,2010,1.0,1.0
4950,840-17-373,2015,1.0,0.0
4950,840-17-375,2000,1.0,1.0
4950,840-17-375,2008,1.0,1.0
4950,840-17-375,2015,1.0,0.0
4950,840-17-375,2017,1.0,0.0
4950,840-17-4,2000,1.0,1.0
4950,840-17-4,2010,1.0,0.0
4950,840-17-40,2004,1.0,1.0
4950,840-17-41,2000,1.0,0.0
4950,840-17-41,2007,1.0,1.0
4950,840-17-41,2010,1.0,1.0
4950,840-17-41,2011,1.0,1.0
4950,840-17-41,2015,1.0,1.0
4950,840-17-41,2022,1.0,1.0
4950,840-17-410,2001,1.0,0.0
4950,840-17-410,2007,1.0,1.0
4950,840-17-410,2010,1.0,1.0
4950,840-17-410,2015,1.0,0.0
4950,840-17-410,2022,1.0,1.0
4950,840-17-412,2015,1.0,0.0
4950,840-17-412,2017,1.0,1.0
4950,840-17-419,2008,1.0,1.0
4950,840-17-419,2014,1.0,1.0
4950,840-17-419,2015,1.0,1.0
4950,840-17-419,2017,1.0,1.0
4950,840-17-419,2022,1.0,1.0
4950,840-17-42,2022,1.0,1.0
4950,840-17-43,1998,1.0,0.0
4950,840-17-43,1999,1.0,1.0
4950,840-17-43,2009,1.0,0.0
4950,840-17-43,2023,1.0,0.0
4950,840-17-44,2008,1.0,1.0
4950,840-17-44,2011,1.0,1.0
4950,840-17-44,2015,1.0,1.0
4950,840-17-44,2017,1.0,1.0
4950,840-17-45,2011,1.0,1.0
4950,840-17-46,2000,1.0,1.0
4950,840-17-46,2001,1.0,1.0
4950,840-17-46,2007,1.0,1.0
4950,840-17-46,2010,1.0,1.0
4950,840-17-46,2015,1.0,1.0
4950,840-17-46,2022,1.0,1.0
4950,840-17-47,2000,1.0,1.0
4950,840-17-47,2001,1.0,1.0
4950,840-17-47,2007,1.0,1.0
4950,840-17-47,2011,1.0,1.0
4950,840-17-47,2022,1.0,1.0
4950,840-17-48,2000,1.0,1.0
4950,840-17-48,2015,1.0,0.0
4950,840-17-49,2000,1.0,1.0
4950,840-17-49,2017,1.0,0.0
4950,840-17-5,2013,1.0,1.0
4950,840-17-5,2018,1.0,0.0
4950,840-17-5,2022,1.0,1.0
4950,840-17-50,2008,1.0,1.0
4950,840-17-50,2022,1.0,0.0
4950,840-17-51,2008,1.0,1.0
4950,840-17-51,2014,1.0,1.0
4950,840-17-51,2015,1.0,1.0
4950,840-17-52,2004,1.0,1.0
4950,840-17-52,2010,1.0,1.0
4950,840-17-52,2014,1.0,0.0
4950,840-17-52,2015,1.0,1.0
4950,840-17-55,2000,1.0,0.0
4950,840-17-55,2001,1.0,1.0
4950,840-17-55,2011,1.0,1.0
4950,840-17-55,2015,1.0,1.0
4950,840-17-56,2005,1.0,1.0
4950,840-17-56,2014,1.0,0.0
4950,840-17-56,2015,1.0,1.0
4950,840-17-57,1998,1.0,0.0
4950,840-17-57,2000,1.0,1.0
4950,840-17-57,2005,1.0,1.0
4950,840-17-57,2017,1.0,0.0
4950,840-17-58,2000,1.0,0.0
4950,840-17-58,2009,1.0,0.0
4950,840-17-6,2000,1.0,1.0
4950,840-17-6,2007,1.0,0.0
4950,840-17-6,2010,1.0,1.0
4950,840-17-6,2011,1.0,1.0
4950,840-17-6,2015,1.0,1.0
4950,840-17-8,2000,1.0,1.0
4950,840-17-8,2001,1.0,1.0
4950,840-17-8,2015,1.0,0.0
4950,840-17-8,2022,1.0,0.0
4950,840-17-9,2000,1.0,1.0
4950,840-17-9,2010,1.0,1.0
4950,840-17-9,2022,1.0,1.0
4950,840-18-1,2000,1.0,1.0
4950,840-18-1,2002,1.0,1.0
4950,840-18-1,2004,1.0,0.0
4950,840-18-1,2014,1.0,1.0
4950,840-18-1,2017,1.0,0.0
4950,840-18-1,2019,1.0,0.0
4950,840-18-102,2000,1.0,1.0
4950,840-18-102,2002,1.0,1.0
4950,840-18-102,2004,1.0,1.0
4950,840-18-102,2006,1.0,1.0
4950,840-18-102,2007,1.0,1.0
4950,840-18-102,2011,1.0,1.0
4950,840-18-102,2012,1.0,1.0
4950,840-18-102,2013,1.0,1.0
4950,840-18-102,2015,1.0,0.0
4950,840-18-102,2016,1.0,1.0
4950,840-18-102,2019,1.0,0.0
4950,840-18-102,2022,1.0,1.0
4950,840-18-11,2006,1.0,1.0
4950,840-18-11,2011,1.0,1.0
4950,840-18-11,2012,1.0,1.0
4950,840-18-11,2013,1.0,1.0
4950,840-18-11,2014,1.0,1.0
4950,840-18-11,2015,1.0,1.0
4950,840-18-11,2017,1.0,1.0
4950,840-18-11,2019,1.0,0.0
4950,840-18-11,2022,1.0,0.0
4950,840-18-14,2006,1.0,1.0
4950,840-18-14,2007,1.0,1.0
4950,840-18-14,2011,1.0,1.0
4950,840-18-14,2012,1.0,1.0
4950,840-18-14,2013,1.0,1.0
4950,840-18-14,2014,1.0,1.0
4950,840-18-14,2015,1.0,1.0
4950,840-18-14,2016,1.0,1.0
4950,840-18-14,2017,1.0,1.0
4950,840-18-14,2018,1.0,1.0
4950,840-18-14,2019,1.0,1.0
4950,840-18-15,2006,1.0,1.0
4950,840-18-15,2007,1.0,1.0
4950,840-18-15,2011,1.0,1.0
4950,840-18-15,2015,1.0,0.0
4950,840-18-15,2017,1.0,1.0
4950,840-18-15,2018,1.0,1.0
4950,840-18-15,2019,1.0,1.0
4950,840-18-15,2022,1.0,1.0
4950,840-18-3,2000,1.0,1.0
4950,840-18-3,2002,1.0,1.0
4950,840-18-3,2004,1.0,1.0
4950,840-18-3,2006,1.0,1.0
4950,840-18-3,2007,1.0,1.0
4950,840-18-3,2011,1.0,1.0
4950,840-18-3,2012,1.0,1.0
4950,840-18-3,2013,1.0,1.0
4950,840-18-3,2014,1.0,1.0
4950,840-18-3,2015,1.0,1.0
4950,840-18-3,2016,1.0,1.0
4950,840-18-3,2022,1.0,1.0
4950,840-18-4,2000,1.0,1.0
4950,840-18-4,2002,1.0,0.0
4950,840-18-4,2011,1.0,1.0
4950,840-18-4,2012,1.0,1.0
4950,840-18-4,2013,1.0,1.0
4950,840-18-4,2014,1.0,1.0
4950,840-18-4,2015,1.0,1.0
4950,840-18-4,2016,1.0,1.0
4950,840-18-4,2019,1.0,1.0
4950,840-18-7,2000,1.0,1.0
4950,840-18-7,2002,1.0,1.0
4950,840-18-7,2006,1.0,1.0
4950,840-18-7,2007,1.0,1.0
4950,840-18-7,2011,1.0,0.0
4950,840-18-7,2012,1.0,1.0
4950,840-18-7,2014,1.0,1.0
4950,840-18-7,2015,1.0,1.0
4950,840-18-7,2017,1.0,1.0
4950,840-18-7,2018,1.0,1.0
4950,840-18-8,2000,1.0,1.0
4950,840-18-8,2002,1.0,1.0
4950,840-18-8,2004,1.0,1.0
4950,840-18-8,2006,1.0,1.0
4950,840-18-8,2007,1.0,1.0
4950,840-18-8,2011,1.0,0.0
4950,840-18-8,2012,1.0,1.0
4950,840-18-8,2013,1.0,1.0
4950,840-18-8,2014,1.0,1.0
4950,840-18-8,2015,1.0,1.0
4950,840-18-8,2017,1.0,1.0
4950,840-18-8,2018,1.0,1.0
4950,840-18-8,2019,1.0,1.0
4950,840-18-8,2022,1.0,1.0
4950,840-18-9,2000,1.0,1.0
4950,840-18-9,2002,1.0,1.0
4950,840-18-9,2006,1.0,1.0
4950,840-18-9,2007,1.0,1.0
4950,840-18-9,2011,1.0,1.0
4950,840-18-9,2012,1.0,1.0
4950,840-18-9,2013,1.0,1.0
4950,840-18-9,2014,1.0,1.0
4950,840-18-9,2015,1.0,1.0
4950,840-18-9,2017,1.0,1.0
4950,840-18-9,2018,1.0,1.0
4950,840-18-9,2019,1.0,1.0
4950,840-2-1,1999,1.0,1.0
4950,840-2-1,2002,1.0,1.0
4950,840-2-1,2005,1.0,1.0
4950,840-2-1,2006,1.0,1.0
4950,840-2-1,2008,1.0,1.0
4950,840-2-1,2013,1.0,1.0
4950,840-2-1,2014,1.0,1.0
4950,840-2-1,2015,1.0,1.0
4950,840-2-1,2019,1.0,1.0
4950,840-2-1,2023,1.0,1.0
4950,840-2-10,2002,1.0,1.0
4950,840-2-10,2009,1.0,1.0
4950,840-2-10,2012,1.0,1.0
4950,840-2-10,2018,1.0,1.0
4950,840-2-102,1999,1.0,1.0
4950,840-2-102,2002,1.0,1.0
4950,840-2-102,2004,1.0,1.0
4950,840-2-102,2005,1.0,1.0
4950,840-2-102,2006,1.0,1.0
4950,840-2-102,2013,1.0,1.0
4950,840-2-102,2014,1.0,1.0
4950,840-2-102,2023,1.0,1.0
4950,840-2-105,2000,1.0,1.0
4950,840-2-105,2002,1.0,1.0
4950,840-2-105,2004,1.0,1.0
4950,840-2-105,2006,1.0,1.0
4950,840-2-105,2009,1.0,1.0
4950,840-2-105,2012,1.0,1.0
4950,840-2-105,2015,1.0,1.0
4950,840-2-109,2000,1.0,1.0
4950,840-2-109,2002,1.0,1.0
4950,840-2-109,2004,1.0,1.0
4950,840-2-109,2006,1.0,1.0
4950,840-2-109,2009,1.0,1.0
4950,840-2-109,2012,1.0,1.0
4950,840-2-111,2000,1.0,0.0
4950,840-2-111,2002,1.0,1.0
4950,840-2-111,2004,1.0,1.0
4950,840-2-111,2006,1.0,1.0
4950,840-2-111,2009,1.0,1.0
4950,840-2-111,2012,1.0,1.0
4950,840-2-111,2015,1.0,1.0
4950,840-2-111,2018,1.0,1.0
4950,840-2-12,1998,1.0,0.0
4950,840-2-12,2000,1.0,0.0
4950,840-2-12,2009,1.0,0.0
4950,840-2-12,2012,1.0,1.0
4950,840-2-12,2015,1.0,1.0
4950,840-2-12,2018,1.0,1.0
4950,840-2-13,1999,1.0,1.0
4950,840-2-13,2005,1.0,0.0
4950,840-2-13,2019,1.0,1.0
4950,840-2-13,2023,1.0,1.0
4950,840-2-14,2004,1.0,1.0
4950,840-2-14,2005,1.0,1.0
4950,840-2-14,2013,1.0,1.0
4950,840-2-14,2014,1.0,1.0
4950,840-2-14,2023,1.0,0.0
4950,840-2-140,2008,1.0,1.0
4950,840-2-140,2013,1.0,0.0
4950,840-2-140,2014,1.0,1.0
4950,840-2-140,2015,1.0,1.0
4950,840-2-140,2018,1.0,0.0
4950,840-2-140,2019,1.0,1.0
4950,840-2-141,2004,1.0,0.0
4950,840-2-141,2007,1.0,1.0
4950,840-2-141,2008,1.0,1.0
4950,840-2-141,2014,1.0,0.0
4950,840-2-141,2015,1.0,1.0
4950,840-2-141,2016,1.0,1.0
4950,840-2-142,2000,1.0,1.0
4950,840-2-142,2002,1.0,1.0
4950,840-2-142,2004,1.0,1.0
4950,840-2-142,2007,1.0,1.0
4950,840-2-142,2008,1.0,1.0
4950,840-2-142,2009,1.0,1.0
4950,840-2-142,2013,1.0,0.0
4950,840-2-142,2015,1.0,1.0
4950,840-2-142,2018,1.0,0.0
4950,840-2-142,2019,1.0,1.0
4950,840-2-15,1999,1.0,1.0
4950,840-2-15,2005,1.0,0.0
4950,840-2-15,2014,1.0,0.0
4950,840-2-15,2019,1.0,0.0
4950,840-2-15,2023,1.0,0.0
4950,840-2-156,2000,1.0,0.0
4950,840-2-156,2002,1.0,1.0
4950,840-2-156,2006,1.0,1.0
4950,840-2-156,2009,1.0,1.0
4950,840-2-156,2012,1.0,1.0
4950,840-2-156,2015,1.0,1.0
4950,840-2-156,2018,1.0,1.0
4950,840-2-16,2005,1.0,0.0
4950,840-2-16,2013,1.0,1.0
4950,840-2-16,2014,1.0,1.0
4950,840-2-16,2019,1.0,1.0
4950,840-2-16,2023,1.0,0.0
4950,840-2-162,2002,1.0,1.0
4950,840-2-162,2004,1.0,1.0
4950,840-2-162,2006,1.0,1.0
4950,840-2-162,2009,1.0,1.0
4950,840-2-162,2012,1.0,1.0
4950,840-2-164,2000,1.0,0.0
4950,840-2-164,2002,1.0,1.0
4950,840-2-164,2006,1.0,1.0
4950,840-2-164,2008,1.0,1.0
4950,840-2-164,2009,1.0,1.0
4950,840-2-164,2012,1.0,1.0
4950,840-2-164,2015,1.0,1.0
4950,840-2-164,2018,1.0,0.0
4950,840-2-17,2000,1.0,1.0
4950,840-2-17,2002,1.0,1.0
4950,840-2-17,2009,1.0,1.0
4950,840-2-17,2012,1.0,0.0
4950,840-2-17,2015,1.0,0.0
4950,840-2-17,2016,1.0,1.0
4950,840-2-17,2018,1.0,1.0
4950,840-2-19,1999,1.0,1.0
4950,840-2-19,2002,1.0,1.0
4950,840-2-19,2013,1.0,0.0
4950,840-2-19,2014,1.0,1.0
4950,840-2-20,1999,1.0,1.0
4950,840-2-20,2004,1.0,1.0
4950,840-2-20,2012,1.0,0.0
4950,840-2-20,2013,1.0,1.0
4950,840-2-20,2014,1.0,1.0
4950,840-2-20,2016,1.0,0.0
4950,840-2-20,2019,1.0,1.0
4950,840-2-20,2023,1.0,1.0
4950,840-2-201,1999,1.0,1.0
4950,840-2-201,2002,1.0,1.0
4950,840-2-201,2005,1.0,1.0
4950,840-2-201,2013,1.0,1.0
4950,840-2-201,2014,1.0,1.0
4950,840-2-201,2015,1.0,1.0
4950,840-2-201,2017,1.0,1.0
4950,840-2-201,2019,1.0,1.0
4950,840-2-201,2023,1.0,1.0
4950,840-2-204,1998,1.0,0.0
4950,840-2-204,2002,1.0,0.0
4950,840-2-204,2006,1.0,1.0
4950,840-2-204,2009,1.0,1.0
4950,840-2-204,2012,1.0,1.0
4950,840-2-204,2018,1.0,1.0
4950,840-2-205,2002,1.0,1.0
4950,840-2-205,2009,1.0,1.0
4950,840-2-205,2012,1.0,0.0
4950,840-2-205,2015,1.0,1.0
4950,840-2-205,2016,1.0,1.0
4950,840-2-207,2000,1.0,1.0
4950,840-2-207,2002,1.0,1.0
4950,840-2-207,2006,1.0,1.0
4950,840-2-207,2009,1.0,1.0
4950,840-2-207,2012,1.0,1.0
4950,840-2-207,2015,1.0,0.0
4950,840-2-208,2000,1.0,0.0
4950,840-2-208,2002,1.0,0.0
4950,840-2-208,2006,1.0,1.0
4950,840-2-209,2004,1.0,0.0
4950,840-2-209,2009,1.0,1.0
4950,840-2-209,2012,1.0,1.0
4950,840-2-21,2012,1.0,0.0
4950,840-2-21,2016,1.0,0.0
4950,840-2-21,2023,1.0,1.0
4950,840-2-210,2002,1.0,0.0
4950,840-2-210,2012,1.0,1.0
4950,840-2-210,2013,1.0,1.0
4950,840-2-210,2014,1.0,1.0
4950,840-2-210,2016,1.0,0.0
4950,840-2-210,2018,1.0,1.0
4950,840-2-210,2019,1.0,1.0
4950,840-2-211,2002,1.0,1.0
4950,840-2-211,2006,1.0,1.0
4950,840-2-211,2012,1.0,1.0
4950,840-2-211,2016,1.0,0.0
4950,840-2-211,2018,1.0,0.0
4950,840-2-212,2002,1.0,1.0
4950,840-2-212,2004,1.0,1.0
4950,840-2-212,2009,1.0,1.0
4950,840-2-212,2015,1.0,1.0
4950,840-2-214,2002,1.0,1.0
4950,840-2-214,2013,1.0,0.0
4950,840-2-214,2015,1.0,1.0
4950,840-2-214,2016,1.0,1.0
4950,840-2-214,2018,1.0,1.0
4950,840-2-214,2019,1.0,1.0
4950,840-2-215,2004,1.0,1.0
4950,840-2-215,2005,1.0,1.0
4950,840-2-215,2012,1.0,0.0
4950,840-2-215,2023,1.0,1.0
4950,840-2-216,2009,1.0,0.0
4950,840-2-216,2015,1.0,0.0
4950,840-2-216,2016,1.0,1.0
4950,840-2-216,2018,1.0,1.0
4950,840-2-218,2002,1.0,1.0
4950,840-2-218,2007,1.0,1.0
4950,840-2-218,2008,1.0,1.0
4950,840-2-218,2009,1.0,1.0
4950,840-2-218,2013,1.0,0.0
4950,840-2-218,2015,1.0,0.0
4950,840-2-218,2018,1.0,0.0
4950,840-2-218,2019,1.0,1.0
4950,840-2-218,2023,1.0,1.0
4950,840-2-22,2000,1.0,1.0
4950,840-2-22,2002,1.0,1.0
4950,840-2-22,2006,1.0,0.0
4950,840-2-22,2012,1.0,1.0
4950,840-2-22,2013,1.0,1.0
4950,840-2-22,2014,1.0,1.0
4950,840-2-22,2015,1.0,1.0
4950,840-2-22,2016,1.0,1.0
4950,840-2-22,2019,1.0,1.0
4950,840-2-22,2023,1.0,0.0
4950,840-2-23,2002,1.0,1.0
4950,840-2-23,2004,1.0,1.0
4950,840-2-23,2005,1.0,1.0
4950,840-2-23,2012,1.0,1.0
4950,840-2-23,2013,1.0,1.0
4950,840-2-23,2014,1.0,1.0
4950,840-2-23,2023,1.0,1.0
4950,840-2-24,2002,1.0,1.0
4950,840-2-24,2009,1.0,1.0
4950,840-2-24,2013,1.0,1.0
4950,840-2-24,2015,1.0,1.0
4950,840-2-24,2016,1.0,1.0
4950,840-2-24,2018,1.0,1.0
4950,840-2-24,2019,1.0,1.0
4950,840-2-25,2002,1.0,1.0
4950,840-2-25,2006,1.0,1.0
4950,840-2-25,2012,1.0,1.0
4950,840-2-25,2013,1.0,1.0
4950,840-2-25,2015,1.0,1.0
4950,840-2-25,2016,1.0,1.0
4950,840-2-25,2019,1.0,0.0
4950,840-2-26,1999,1.0,1.0
4950,840-2-26,2004,1.0,1.0
4950,840-2-26,2005,1.0,1.0
4950,840-2-26,2013,1.0,0.0
4950,840-2-26,2014,1.0,1.0
4950,840-2-27,2002,1.0,1.0
4950,840-2-27,2004,1.0,1.0
4950,840-2-27,2009,1.0,1.0
4950,840-2-27,2018,1.0,1.0
4950,840-2-27,2019,1.0,1.0
4950,840-2-28,2000,1.0,1.0
4950,840-2-28,2015,1.0,0.0
4950,840-2-29,2002,1.0,1.0
4950,840-2-29,2004,1.0,1.0
4950,840-2-29,2009,1.0,1.0
4950,840-2-29,2018,1.0,1.0
4950,840-2-31,1999,1.0,0.0
4950,840-2-31,2004,1.0,1.0
4950,840-2-31,2009,1.0,1.0
4950,840-2-31,2016,1.0,0.0
4950,840-2-31,2018,1.0,1.0
4950,840-2-31,2023,1.0,1.0
4950,840-2-33,2004,1.0,1.0
4950,840-2-33,2005,1.0,1.0
4950,840-2-33,2012,1.0,1.0
4950,840-2-33,2013,1.0,1.0
4950,840-2-33,2023,1.0,1.0
4950,840-2-34,2000,1.0,1.0
4950,840-2-34,2002,1.0,1.0
4950,840-2-34,2023,1.0,0.0
4950,840-2-35,2009,1.0,0.0
4950,840-2-35,2013,1.0,0.0
4950,840-2-35,2015,1.0,1.0
4950,840-2-35,2023,1.0,1.0
4950,840-2-36,2002,1.0,1.0
4950,840-2-36,2013,1.0,1.0
4950,840-2-36,2019,1.0,0.0
4950,840-2-38,2002,1.0,1.0
4950,840-2-38,2013,1.0,1.0
4950,840-2-38,2015,1.0,1.0
4950,840-2-38,2016,1.0,1.0
4950,840-2-38,2018,1.0,1.0
4950,840-2-38,2019,1.0,1.0
4950,840-2-38,2023,1.0,0.0
4950,840-2-4,2002,1.0,0.0
4950,840-2-4,2015,1.0,1.0
4950,840-2-4,2018,1.0,0.0
4950,840-2-43,2004,1.0,1.0
4950,840-2-43,2005,1.0,1.0
4950,840-2-43,2013,1.0,0.0
4950,840-2-43,2014,1.0,1.0
4950,840-2-43,2019,1.0,1.0
4950,840-2-43,2023,1.0,0.0
4950,840-2-45,2000,1.0,1.0
4950,840-2-45,2006,1.0,1.0
4950,840-2-45,2008,1.0,1.0
4950,840-2-45,2009,1.0,1.0
4950,840-2-45,2012,1.0,1.0
4950,840-2-45,2015,1.0,1.0
4950,840-2-45,2016,1.0,1.0
4950,840-2-47,2002,1.0,1.0
4950,840-2-47,2012,1.0,1.0
4950,840-2-47,2014,1.0,1.0
4950,840-2-47,2015,1.0,1.0
4950,840-2-47,2016,1.0,1.0
4950,840-2-47,2023,1.0,1.0
4950,840-2-48,2002,1.0,1.0
4950,840-2-48,2015,1.0,0.0
4950,840-2-48,2016,1.0,1.0
4950,840-2-48,2023,1.0,0.0
4950,840-2-49,1999,1.0,1.0
4950,840-2-49,2002,1.0,1.0
4950,840-2-49,2005,1.0,0.0
4950,840-2-49,2019,1.0,1.0
4950,840-2-49,2023,1.0,0.0
4950,840-2-50,2002,1.0,1.0
4950,840-2-50,2006,1.0,1.0
4950,840-2-50,2012,1.0,1.0
4950,840-2-50,2013,1.0,1.0
4950,840-2-50,2015,1.0,1.0
4950,840-2-50,2016,1.0,1.0
4950,840-2-50,2018,1.0,1.0
4950,840-2-50,2019,1.0,1.0
4950,840-2-50,2023,1.0,1.0
4950,840-2-52,1999,1.0,0.0
4950,840-2-52,2004,1.0,1.0
4950,840-2-52,2012,1.0,1.0
4950,840-2-52,2013,1.0,1.0
4950,840-2-52,2014,1.0,1.0
4950,840-2-52,2016,1.0,0.0
4950,840-2-52,2019,1.0,1.0
4950,840-2-52,2023,1.0,0.0
4950,840-2-53,2002,1.0,1.0
4950,840-2-53,2004,1.0,1.0
4950,840-2-53,2013,1.0,1.0
4950,840-2-53,2015,1.0,1.0
4950,840-2-53,2016,1.0,1.0
4950,840-2-53,2018,1.0,1.0
4950,840-2-53,2019,1.0,1.0
4950,840-2-53,2023,1.0,0.0
4950,840-2-54,2002,1.0,1.0
4950,840-2-54,2009,1.0,1.0
4950,840-2-54,2013,1.0,1.0
4950,840-2-54,2015,1.0,0.0
4950,840-2-54,2016,1.0,1.0
4950,840-2-54,2018,1.0,0.0
4950,840-2-55,2002,1.0,1.0
4950,840-2-55,2009,1.0,1.0
4950,840-2-55,2015,1.0,0.0
4950,840-2-55,2016,1.0,1.0
4950,840-2-55,2018,1.0,1.0
4950,840-2-55,2023,1.0,1.0
4950,840-2-57,2002,1.0,1.0
4950,840-2-57,2005,1.0,1.0
4950,840-2-57,2006,1.0,1.0
4950,840-2-57,2008,1.0,1.0
4950,840-2-57,2009,1.0,1.0
4950,840-2-57,2013,1.0,1.0
4950,840-2-57,2014,1.0,1.0
4950,840-2-57,2015,1.0,1.0
4950,840-2-58,2002,1.0,1.0
4950,840-2-58,2004,1.0,1.0
4950,840-2-58,2012,1.0,1.0
4950,840-2-58,2014,1.0,1.0
4950,840-2-59,1999,1.0,1.0
4950,840-2-59,2002,1.0,1.0
4950,840-2-59,2013,1.0,0.0
4950,840-2-59,2014,1.0,1.0
4950,840-2-59,2015,1.0,1.0
4950,840-2-59,2019,1.0,1.0
4950,840-2-59,2023,1.0,1.0
4950,840-2-60,2002,1.0,1.0
4950,840-2-60,2009,1.0,1.0
4950,840-2-60,2012,1.0,1.0
4950,840-2-60,2015,1.0,1.0
4950,840-2-60,2016,1.0,1.0
4950,840-2-61,2000,1.0,0.0
4950,840-2-61,2002,1.0,1.0
4950,840-2-61,2006,1.0,0.0
4950,840-2-61,2009,1.0,1.0
4950,840-2-61,2012,1.0,0.0
4950,840-2-61,2018,1.0,1.0
4950,840-2-63,2000,1.0,1.0
4950,840-2-63,2002,1.0,1.0
4950,840-2-63,2005,1.0,1.0
4950,840-2-63,2006,1.0,1.0
4950,840-2-63,2012,1.0,1.0
4950,840-2-63,2013,1.0,1.0
4950,840-2-63,2014,1.0,1.0
4950,840-2-63,2016,1.0,0.0
4950,840-2-63,2019,1.0,1.0
4950,840-2-63,2023,1.0,1.0
4950,840-2-65,2002,1.0,1.0
4950,840-2-65,2004,1.0,1.0
4950,840-2-65,2009,1.0,1.0
4950,840-2-65,2012,1.0,1.0
4950,840-2-65,2018,1.0,0.0
4950,840-2-65,2019,1.0,1.0
4950,840-2-66,2002,1.0,1.0
4950,840-2-66,2004,1.0,1.0
4950,840-2-66,2008,1.0,1.0
4950,840-2-66,2009,1.0,1.0
4950,840-2-66,2013,1.0,1.0
4950,840-2-66,2015,1.0,1.0
4950,840-2-66,2018,1.0,1.0
4950,840-2-66,2019,1.0,1.0
4950,840-2-66,2023,1.0,0.0
4950,840-2-67,2002,1.0,0.0
4950,840-2-67,2009,1.0,0.0
4950,840-2-67,2023,1.0,1.0
4950,840-2-68,2002,1.0,1.0
4950,840-2-68,2004,1.0,1.0
4950,840-2-68,2009,1.0,1.0
4950,840-2-68,2013,1.0,0.0
4950,840-2-68,2015,1.0,1.0
4950,840-2-68,2023,1.0,0.0
4950,840-2-7,2000,1.0,1.0
4950,840-2-7,2002,1.0,1.0
4950,840-2-7,2006,1.0,0.0
4950,840-2-7,2009,1.0,1.0
4950,840-2-7,2014,1.0,1.0
4950,840-2-7,2015,1.0,1.0
4950,840-2-7,2018,1.0,1.0
4950,840-2-70,1999,1.0,0.0
4950,840-2-70,2000,1.0,1.0
4950,840-2-70,2002,1.0,1.0
4950,840-2-70,2007,1.0,0.0
4950,840-2-70,2009,1.0,0.0
4950,840-2-70,2013,1.0,1.0
4950,840-2-70,2016,1.0,0.0
4950,840-2-70,2018,1.0,1.0
4950,840-2-70,2019,1.0,1.0
4950,840-2-70,2023,1.0,0.0
4950,840-2-71,1999,1.0,0.0
4950,840-2-71,2002,1.0,1.0
4950,840-2-71,2008,1.0,1.0
4950,840-2-71,2013,1.0,1.0
4950,840-2-71,2014,1.0,1.0
4950,840-2-71,2019,1.0,1.0
4950,840-2-71,2023,1.0,1.0
4950,840-2-72,1999,1.0,1.0
4950,840-2-72,2000,1.0,1.0
4950,840-2-72,2002,1.0,1.0
4950,840-2-72,2005,1.0,1.0
4950,840-2-72,2006,1.0,1.0
4950,840-2-72,2009,1.0,1.0
4950,840-2-72,2014,1.0,1.0
4950,840-2-72,2015,1.0,1.0
4950,840-2-73,2008,1.0,1.0
4950,840-2-73,2009,1.0,1.0
4950,840-2-73,2011,1.0,1.0
4950,840-2-73,2012,1.0,1.0
4950,840-2-73,2015,1.0,1.0
4950,840-2-73,2018,1.0,1.0
4950,840-2-8,2004,1.0,1.0
4950,840-2-8,2013,1.0,0.0
4950,840-2-8,2014,1.0,1.0
4950,840-2-8,2019,1.0,1.0
4950,840-2-8,2023,1.0,0.0
4950,840-21-1,1999,1.0,1.0
4950,840-21-1,2000,1.0,1.0
4950,840-21-1,2001,1.0,1.0
4950,840-21-1,2005,1.0,1.0
4950,840-21-1,2006,1.0,1.0
4950,840-21-1,2007,1.0,1.0
4950,840-21-1,2012,1.0,1.0
4950,840-21-1,2013,1.0,1.0
4950,840-21-1,2014,1.0,1.0
4950,840-21-1,2015,1.0,1.0
4950,840-21-1,2018,1.0,0.0
4950,840-21-1,2019,1.0,1.0
4950,840-21-10,2000,1.0,1.0
4950,840-21-10,2002,1.0,1.0
4950,840-21-10,2004,1.0,0.0
4950,840-21-10,2006,1.0,1.0
4950,840-21-10,2007,1.0,1.0
4950,840-21-10,2013,1.0,1.0
4950,840-21-10,2014,1.0,1.0
4950,840-21-10,2016,1.0,1.0
4950,840-21-105,1999,1.0,1.0
4950,840-21-105,2000,1.0,1.0
4950,840-21-105,2001,1.0,1.0
4950,840-21-105,2005,1.0,1.0
4950,840-21-105,2006,1.0,1.0
4950,840-21-105,2007,1.0,1.0
4950,840-21-105,2012,1.0,0.0
4950,840-21-105,2013,1.0,1.0
4950,840-21-105,2014,1.0,1.0
4950,840-21-105,2015,1.0,1.0
4950,840-21-105,2017,1.0,0.0
4950,840-21-105,2018,1.0,1.0
4950,840-21-105,2019,1.0,1.0
4950,840-21-105,2022,1.0,1.0
4950,840-21-109,1999,1.0,1.0
4950,840-21-109,2000,1.0,1.0
4950,840-21-109,2001,1.0,1.0
4950,840-21-109,2004,1.0,1.0
4950,840-21-109,2005,1.0,1.0
4950,840-21-109,2006,1.0,1.0
4950,840-21-109,2007,1.0,1.0
4950,840-21-109,2013,1.0,1.0
4950,840-21-109,2014,1.0,1.0
4950,840-21-109,2017,1.0,1.0
4950,840-21-109,2018,1.0,1.0
4950,840-21-109,2019,1.0,1.0
4950,840-21-2,2000,1.0,1.0
4950,840-21-2,2006,1.0,1.0
4950,840-21-2,2007,1.0,1.0
4950,840-21-2,2012,1.0,1.0
4950,840-21-2,2013,1.0,1.0
4950,840-21-2,2014,1.0,1.0
4950,840-21-3,1999,1.0,1.0
4950,840-21-3,2000,1.0,1.0
4950,840-21-3,2001,1.0,1.0
4950,840-21-3,2005,1.0,1.0
4950,840-21-3,2006,1.0,1.0
4950,840-21-3,2007,1.0,1.0
4950,840-21-3,2013,1.0,1.0
4950,840-21-3,2014,1.0,1.0
4950,840-21-3,2018,1.0,1.0
4950,840-21-3,2019,1.0,1.0
4950,840-21-4,1999,1.0,1.0
4950,840-21-4,2000,1.0,1.0
4950,840-21-4,2001,1.0,1.0
4950,840-21-4,2005,1.0,1.0
4950,840-21-4,2006,1.0,1.0
4950,840-21-4,2007,1.0,1.0
4950,840-21-4,2013,1.0,1.0
4950,840-21-4,2014,1.0,1.0
4950,840-25-1,2000,1.0,1.0
4950,840-25-1,2002,1.0,1.0
4950,840-25-1,2007,1.0,1.0
4950,840-25-1,2008,1.0,1.0
4950,840-25-1,2009,1.0,1.0
4950,840-25-10,2002,1.0,1.0
4950,840-25-10,2006,1.0,1.0
4950,840-25-10,2008,1.0,0.0
4950,840-25-10,2009,1.0,1.0
4950,840-25-10,2013,1.0,1.0
4950,840-25-10,2019,1.0,0.0
4950,840-25-108,2002,1.0,1.0
4950,840-25-108,2009,1.0,0.0
4950,840-25-108,2023,1.0,0.0
4950,840-25-11,2000,1.0,0.0
4950,840-25-11,2004,1.0,0.0
4950,840-25-11,2008,1.0,1.0
4950,840-25-11,2013,1.0,1.0
4950,840-25-11,2014,1.0,1.0
4950,840-25-11,2018,1.0,0.0
4950,840-25-113,1999,1.0,1.0
4950,840-25-113,2001,1.0,1.0
4950,840-25-113,2002,1.0,1.0
4950,840-25-113,2005,1.0,1.0
4950,840-25-113,2007,1.0,1.0
4950,840-25-113,2009,1.0,1.0
4950,840-25-113,2013,1.0,1.0
4950,840-25-113,2014,1.0,1.0
4950,840-25-113,2017,1.0,1.0
4950,840-25-113,2018,1.0,1.0
4950,840-25-116,2018,1.0,0.0
4950,840-25-12,2002,1.0,1.0
4950,840-25-12,2004,1.0,1.0
4950,840-25-12,2006,1.0,1.0
4950,840-25-12,2008,1.0,1.0
4950,840-25-12,2009,1.0,1.0
4950,840-25-12,2018,1.0,1.0
4950,840-25-129,1999,1.0,1.0
4950,840-25-129,2003,1.0,0.0
4950,840-25-129,2005,1.0,0.0
4950,840-25-129,2017,1.0,1.0
4950,840-25-129,2018,1.0,1.0
4950,840-25-132,2014,1.0,0.0
4950,840-25-14,2001,1.0,1.0
4950,840-25-14,2002,1.0,1.0
4950,840-25-14,2007,1.0,1.0
4950,840-25-14,2009,1.0,1.0
4950,840-25-14,2013,1.0,1.0
4950,840-25-14,2014,1.0,1.0
4950,840-25-14,2017,1.0,1.0
4950,840-25-14,2018,1.0,1.0
4950,840-25-14,2023,1.0,0.0
4950,840-25-15,2002,1.0,1.0
4950,840-25-15,2004,1.0,1.0
4950,840-25-15,2013,1.0,1.0
4950,840-25-15,2015,1.0,1.0
4950,840-25-15,2016,1.0,1.0
4950,840-25-15,2018,1.0,1.0
4950,840-25-15,2019,1.0,1.0
4950,840-25-165,2002,1.0,0.0
4950,840-25-165,2007,1.0,1.0
4950,840-25-165,2008,1.0,1.0
4950,840-25-165,2009,1.0,1.0
4950,840-25-165,2013,1.0,1.0
4950,840-25-165,2014,1.0,1.0
4950,840-25-165,2018,1.0,0.0
4950,840-25-178,2006,1.0,0.0
4950,840-25-178,2008,1.0,0.0
4950,840-25-178,2011,1.0,0.0
4950,840-25-178,2013,1.0,0.0
4950,840-25-178,2016,1.0,0.0
4950,840-25-178,2022,1.0,1.0
4950,840-25-18,2000,1.0,1.0
4950,840-25-18,2001,1.0,1.0
4950,840-25-18,2006,1.0,0.0
4950,840-25-18,2009,1.0,0.0
4950,840-25-19,2004,1.0,0.0
4950,840-25-19,2006,1.0,1.0
4950,840-25-19,2014,1.0,1.0
4950,840-25-19,2018,1.0,0.0
4950,840-25-2,2002,1.0,1.0
4950,840-25-2,2004,1.0,1.0
4950,840-25-2,2008,1.0,1.0
4950,840-25-2,2009,1.0,1.0
4950,840-25-20,2003,1.0,0.0
4950,840-25-20,2005,1.0,1.0
4950,840-25-20,2007,1.0,1.0
4950,840-25-21,2008,1.0,1.0
4950,840-25-21,2013,1.0,1.0
4950,840-25-21,2014,1.0,1.0
4950,840-25-24,2004,1.0,0.0
4950,840-25-24,2006,1.0,0.0
4950,840-25-25,2000,1.0,0.0
4950,840-25-25,2003,1.0,0.0
4950,840-25-25,2007,1.0,0.0
4950,840-25-25,2009,1.0,0.0
4950,840-25-25,2013,1.0,1.0
4950,840-25-25,2015,1.0,0.0
4950,840-25-25,2016,1.0,1.0
4950,840-25-26,2000,1.0,1.0
4950,840-25-26,2002,1.0,0.0
4950,840-25-26,2003,1.0,1.0
4950,840-25-26,2005,1.0,0.0
4950,840-25-26,2007,1.0,1.0
4950,840-25-27,2008,1.0,0.0
4950,840-25-28,1999,1.0,0.0
4950,840-25-3,2000,1.0,1.0
4950,840-25-3,2004,1.0,0.0
4950,840-25-3,2009,1.0,0.0
4950,840-25-30,2006,1.0,0.0
4950,840-25-30,2019,1.0,0.0
4950,840-25-31,2007,1.0,0.0
4950,840-25-37,2002,1.0,1.0
4950,840-25-37,2006,1.0,1.0
4950,840-25-37,2009,1.0,1.0
4950,840-25-37,2013,1.0,0.0
4950,840-25-37,2014,1.0,1.0
4950,840-25-4,2002,1.0,1.0
4950,840-25-4,2004,1.0,1.0
4950,840-25-4,2008,1.0,1.0
4950,840-25-4,2009,1.0,1.0
4950,840-25-4,2015,1.0,0.0
4950,840-25-4,2016,1.0,1.0
4950,840-25-4,2023,1.0,1.0
4880,124-11-126,2023,1.0,0.0
4880,124-11-167,2002,1.0,1.0
4880,124-11-167,2003,1.0,1.0
4880,124-11-167,2005,1.0,1.0
4880,124-11-167,2009,1.0,1.0
4880,124-11-167,2014,1.0,0.0
4880,124-11-167,2017,1.0,1.0
4880,124-11-17,2003,1.0,1.0
4880,124-11-17,2007,1.0,1.0
4880,124-11-17,2013,1.0,0.0
4880,124-11-17,2017,1.0,0.0
4880,124-11-17,2019,1.0,1.0
4880,124-11-17,2022,1.0,1.0
4880,124-11-19,2000,1.0,1.0
4880,124-11-19,2008,1.0,0.0
4880,124-11-19,2018,1.0,1.0
4880,124-11-19,2022,1.0,0.0
4880,124-11-208,1998,1.0,1.0
4880,124-11-208,2000,1.0,1.0
4880,124-11-208,2007,1.0,1.0
4880,124-11-208,2013,1.0,1.0
4880,124-11-208,2014,1.0,1.0
4880,124-11-208,2018,1.0,1.0
4880,124-11-208,2019,1.0,1.0
4880,124-11-208,2022,1.0,1.0
4880,124-11-220,2014,1.0,0.0
4880,124-11-220,2016,1.0,0.0
4880,124-11-222,2000,1.0,1.0
4880,124-11-222,2005,1.0,1.0
4880,124-11-222,2007,1.0,1.0
4880,124-11-222,2008,1.0,1.0
4880,124-11-222,2014,1.0,1.0
4880,124-11-222,2018,1.0,1.0
4880,124-11-223,2000,1.0,1.0
4880,124-11-223,2005,1.0,0.0
4880,124-11-234,2000,1.0,0.0
4880,124-11-234,2005,1.0,1.0
4880,124-11-234,2007,1.0,1.0
4880,124-11-234,2010,1.0,1.0
4880,124-11-234,2014,1.0,1.0
4880,124-11-234,2022,1.0,1.0
4880,124-11-244,2005,1.0,1.0
4880,124-11-244,2007,1.0,1.0
4880,124-11-244,2009,1.0,1.0
4880,124-11-244,2014,1.0,1.0
4880,124-11-244,2016,1.0,1.0
4880,124-11-244,2017,1.0,1.0
4880,124-11-244,2018,1.0,1.0
4880,124-11-244,2019,1.0,1.0
4880,124-11-244,2022,1.0,1.0
4880,124-11-255,2003,1.0,1.0
4880,124-11-255,2005,1.0,1.0
4880,124-11-255,2009,1.0,1.0
4880,124-11-255,2014,1.0,1.0
4880,124-11-255,2017,1.0,1.0
4880,124-11-255,2018,1.0,1.0
4880,124-11-255,2019,1.0,1.0
4880,124-11-255,2022,1.0,1.0
4880,124-11-265,2005,1.0,1.0
4880,124-11-265,2014,1.0,1.0
4880,124-11-265,2016,1.0,1.0
4880,124-11-265,2017,1.0,1.0
4880,124-11-265,2018,1.0,1.0
4880,124-11-265,2019,1.0,1.0
4880,124-11-265,2022,1.0,1.0
4880,124-11-270,2002,1.0,1.0
4880,124-11-270,2005,1.0,1.0
4880,124-11-270,2006,1.0,1.0
4880,124-11-270,2009,1.0,1.0
4880,124-11-270,2016,1.0,1.0
4880,124-11-270,2019,1.0,1.0
4880,124-11-29,1998,1.0,1.0
4880,124-11-29,2007,1.0,1.0
4880,124-11-29,2008,1.0,1.0
4880,124-11-29,2013,1.0,1.0
4880,124-11-29,2014,1.0,1.0
4880,124-11-29,2018,1.0,1.0
4880,124-11-33,2000,1.0,1.0
4880,124-11-33,2005,1.0,1.0
4880,124-11-33,2007,1.0,1.0
4880,124-11-33,2008,1.0,1.0
4880,124-11-33,2010,1.0,1.0
4880,124-11-33,2011,1.0,1.0
4880,124-11-33,2014,1.0,1.0
4880,124-11-401,2023,1.0,0.0
4880,124-11-402,2023,1.0,0.0
4880,124-11-407,1998,1.0,1.0
4880,124-11-407,2007,1.0,1.0
4880,124-11-407,2013,1.0,1.0
4880,124-11-407,2017,1.0,1.0
4880,124-11-407,2019,1.0,1.0
4880,124-11-408,1998,1.0,1.0
4880,124-11-408,2000,1.0,1.0
4880,124-11-408,2007,1.0,1.0
4880,124-11-408,2008,1.0,1.0
4880,124-11-408,2014,1.0,0.0
4880,124-11-408,2022,1.0,1.0
4880,124-11-409,2018,1.0,1.0
4880,124-11-409,2019,1.0,1.0
4880,124-11-410,2023,1.0,0.0
4880,124-11-413,2023,1.0,0.0
4880,124-11-419,2007,1.0,1.0
4880,124-11-419,2009,1.0,1.0
4880,124-11-419,2013,1.0,1.0
4880,124-11-420,2000,1.0,1.0
4880,124-11-420,2007,1.0,1.0
4880,124-11-420,2008,1.0,1.0
4880,124-11-420,2014,1.0,0.0
4880,124-11-45,2000,1.0,1.0
4880,124-11-45,2005,1.0,1.0
4880,124-11-45,2007,1.0,1.0
4880,124-11-45,2010,1.0,1.0
4880,124-11-45,2014,1.0,1.0
4880,124-11-45,2018,1.0,1.0
4880,124-11-45,2019,1.0,1.0
4880,124-11-45,2022,1.0,0.0
4880,124-11-5,1998,1.0,0.0
4880,124-11-5,2000,1.0,0.0
4880,124-11-5,2008,1.0,0.0
4880,124-11-5,2009,1.0,1.0
4880,124-11-5,2010,1.0,1.0
4880,124-11-5,2018,1.0,0.0
4880,124-11-5,2022,1.0,0.0
4880,124-11-53,2007,1.0,1.0
4880,124-11-53,2008,1.0,1.0
4880,124-11-53,2009,1.0,1.0
4880,124-11-53,2010,1.0,1.0
4880,124-11-53,2011,1.0,1.0
4880,124-11-53,2012,1.0,1.0
4880,124-11-53,2019,1.0,0.0
4880,124-11-55,2003,1.0,1.0
4880,124-11-55,2014,1.0,1.0
4880,124-11-55,2016,1.0,1.0
4880,124-11-55,2017,1.0,1.0
4880,124-11-55,2019,1.0,0.0
4880,124-11-57,2005,1.0,1.0
4880,124-11-57,2009,1.0,1.0
4880,124-11-57,2014,1.0,0.0
4880,124-11-57,2016,1.0,1.0
4880,124-11-57,2017,1.0,1.0
4880,124-11-57,2022,1.0,0.0
4880,124-11-58,2005,1.0,1.0
4880,124-11-58,2007,1.0,1.0
4880,124-11-58,2008,1.0,1.0
4880,124-11-58,2009,1.0,1.0
4880,124-11-58,2010,1.0,1.0
4880,124-11-58,2011,1.0,1.0
4880,124-11-58,2019,1.0,0.0
4880,124-11-6,2007,1.0,1.0
4880,124-11-6,2009,1.0,1.0
4880,124-11-6,2013,1.0,1.0
4880,124-11-6,2018,1.0,1.0
4880,124-11-608,1998,1.0,1.0
4880,124-11-608,2000,1.0,1.0
4880,124-11-608,2007,1.0,1.0
4880,124-11-608,2013,1.0,1.0
4880,124-11-608,2014,1.0,1.0
4880,124-11-608,2018,1.0,1.0
4880,124-11-609,2000,1.0,1.0
4880,124-11-609,2007,1.0,1.0
4880,124-11-612,2023,1.0,0.0
4880,124-11-614,2023,1.0,0.0
4880,124-11-69,2000,1.0,1.0
4880,124-11-69,2002,1.0,1.0
4880,124-11-69,2003,1.0,1.0
4880,124-11-69,2014,1.0,0.0
4880,124-11-69,2017,1.0,1.0
4880,124-11-69,2018,1.0,1.0
4880,124-11-709,2000,1.0,1.0
4880,124-11-709,2005,1.0,1.0
4880,124-11-709,2007,1.0,1.0
4880,124-11-709,2008,1.0,1.0
4880,124-11-709,2022,1.0,0.0
4880,124-11-71,2003,1.0,0.0
4880,124-11-71,2009,1.0,1.0
4880,124-11-71,2019,1.0,0.0
4880,124-11-72,2009,1.0,1.0
4880,124-11-72,2014,1.0,1.0
4880,124-11-72,2017,1.0,0.0
4880,124-11-72,2022,1.0,0.0
4880,124-11-74,2000,1.0,1.0
4880,124-11-74,2005,1.0,1.0
4880,124-11-74,2007,1.0,1.0
4880,124-11-74,2008,1.0,1.0
4880,124-11-74,2010,1.0,1.0
4880,124-11-74,2012,1.0,1.0
4880,124-11-74,2013,1.0,1.0
4880,124-11-74,2017,1.0,1.0
4880,124-11-74,2018,1.0,1.0
4880,124-11-74,2022,1.0,1.0
4880,124-11-75,1999,1.0,0.0
4880,124-11-81,2000,1.0,1.0
4880,124-11-81,2003,1.0,1.0
4880,124-11-81,2011,1.0,1.0
4880,124-11-81,2014,1.0,1.0
4880,124-11-9,2005,1.0,0.0
4880,124-11-9,2007,1.0,0.0
4880,124-4-10,2000,1.0,1.0
4880,124-4-10,2008,1.0,1.0
4880,124-4-10,2018,1.0,1.0
4880,124-4-10,2019,1.0,1.0
4880,124-4-10,2022,1.0,1.0
4880,124-4-105,2000,1.0,1.0
4880,124-4-105,2002,1.0,1.0
4880,124-4-105,2004,1.0,1.0
4880,124-4-105,2013,1.0,1.0
4880,124-4-105,2018,1.0,1.0
4880,124-4-105,2022,1.0,1.0
4880,124-4-107,2001,1.0,1.0
4880,124-4-107,2003,1.0,1.0
4880,124-4-107,2012,1.0,1.0
4880,124-4-107,2013,1.0,1.0
4880,124-4-107,2019,1.0,1.0
4880,124-4-107,2022,1.0,0.0
4880,124-4-109,2000,1.0,0.0
4880,124-4-109,2004,1.0,0.0
4880,124-4-109,2008,1.0,1.0
4880,124-4-109,2012,1.0,1.0
4880,124-4-109,2013,1.0,1.0
4880,124-4-109,2018,1.0,1.0
4880,124-4-109,2022,1.0,1.0
4880,124-4-113,1998,1.0,1.0
4880,124-4-113,2001,1.0,1.0
4880,124-4-113,2003,1.0,1.0
4880,124-4-113,2008,1.0,1.0
4880,124-4-113,2009,1.0,1.0
4880,124-4-113,2013,1.0,1.0
4880,124-4-113,2019,1.0,1.0
4880,124-4-114,1998,1.0,1.0
4880,124-4-114,2003,1.0,1.0
4880,124-4-114,2004,1.0,1.0
4880,124-4-114,2007,1.0,1.0
4880,124-4-114,2013,1.0,0.0
4880,124-4-114,2019,1.0,1.0
4880,124-4-114,2022,1.0,1.0
4880,124-4-115,2003,1.0,1.0
4880,124-4-115,2004,1.0,1.0
4880,124-4-115,2008,1.0,1.0
4880,124-4-115,2012,1.0,1.0
4880,124-4-115,2013,1.0,1.0
4880,124-4-115,2019,1.0,1.0
4880,124-4-116,2003,1.0,1.0
4880,124-4-116,2007,1.0,1.0
4880,124-4-116,2018,1.0,0.0
4880,124-4-116,2019,1.0,1.0
4880,124-4-121,1998,1.0,1.0
4880,124-4-121,2001,1.0,1.0
4880,124-4-121,2003,1.0,1.0
4880,124-4-121,2008,1.0,0.0
4880,124-4-121,2009,1.0,1.0
4880,124-4-121,2010,1.0,1.0
4880,124-4-121,2011,1.0,1.0
4880,124-4-121,2013,1.0,1.0
4880,124-4-125,2007,1.0,0.0
4880,124-4-125,2009,1.0,1.0
4880,124-4-125,2014,1.0,1.0
4880,124-4-125,2019,1.0,0.0
4880,124-4-125,2022,1.0,1.0
4880,124-4-127,1998,1.0,0.0
4880,124-4-127,1999,1.0,1.0
4880,124-4-127,2007,1.0,0.0
4880,124-4-127,2008,1.0,1.0
4880,124-4-127,2009,1.0,1.0
4880,124-4-127,2010,1.0,1.0
4880,124-4-127,2013,1.0,1.0
4880,124-4-127,2017,1.0,1.0
4880,124-4-128,1998,1.0,1.0
4880,124-4-128,1999,1.0,1.0
4880,124-4-128,2000,1.0,1.0
4880,124-4-128,2003,1.0,1.0
4880,124-4-128,2007,1.0,1.0
4880,124-4-128,2008,1.0,1.0
4880,124-4-128,2009,1.0,1.0
4880,124-4-128,2010,1.0,1.0
4880,124-4-128,2011,1.0,1.0
4880,124-4-128,2013,1.0,1.0
4880,124-4-128,2014,1.0,1.0
4880,124-4-128,2022,1.0,1.0
4880,124-4-129,2003,1.0,1.0
4880,124-4-129,2004,1.0,1.0
4880,124-4-129,2008,1.0,1.0
4880,124-4-129,2009,1.0,1.0
4880,124-4-129,2010,1.0,1.0
4880,124-4-129,2011,1.0,1.0
4880,124-4-129,2013,1.0,1.0
4880,124-4-13,1998,1.0,1.0
4880,124-4-13,2008,1.0,1.0
4880,124-4-13,2009,1.0,1.0
4880,124-4-13,2013,1.0,1.0
4880,124-4-136,2003,1.0,1.0
4880,124-4-136,2007,1.0,1.0
4880,124-4-136,2010,1.0,1.0
4880,124-4-136,2011,1.0,1.0
4880,124-4-136,2013,1.0,1.0
4880,124-4-136,2022,1.0,1.0
4880,124-4-138,2009,1.0,1.0
4880,124-4-138,2013,1.0,0.0
4880,124-4-138,2017,1.0,1.0
4880,124-4-138,2019,1.0,1.0
4880,124-4-138,2022,1.0,1.0
4880,124-4-14,1998,1.0,1.0
4880,124-4-14,1999,1.0,1.0
4880,124-4-14,2000,1.0,1.0
4880,124-4-14,2001,1.0,1.0
4880,124-4-14,2004,1.0,1.0
4880,124-4-14,2008,1.0,1.0
4880,124-4-14,2010,1.0,1.0
4880,124-4-14,2013,1.0,0.0
4880,124-4-15,1998,1.0,0.0
4880,124-4-15,2003,1.0,1.0
4880,124-4-15,2004,1.0,1.0
4880,124-4-15,2007,1.0,0.0
4880,124-4-15,2012,1.0,0.0
4880,124-4-15,2013,1.0,1.0
4880,124-4-15,2019,1.0,1.0
4880,124-4-15,2022,1.0,1.0
4880,124-4-18,1998,1.0,1.0
4880,124-4-18,1999,1.0,1.0
4880,124-4-18,2000,1.0,1.0
4880,124-4-18,2001,1.0,1.0
4880,124-4-18,2003,1.0,1.0
4880,124-4-18,2008,1.0,1.0
4880,124-4-18,2009,1.0,1.0
4880,124-4-18,2010,1.0,1.0
4880,124-4-18,2011,1.0,1.0
4880,124-4-18,2013,1.0,1.0
4880,124-4-19,1998,1.0,1.0
4880,124-4-19,2000,1.0,1.0
4880,124-4-19,2001,1.0,1.0
4880,124-4-19,2003,1.0,1.0
4880,124-4-19,2008,1.0,1.0
4880,124-4-19,2009,1.0,1.0
4880,124-4-19,2010,1.0,1.0
4880,124-4-19,2013,1.0,1.0
4880,124-4-196,2012,1.0,0.0
4880,124-4-2,2000,1.0,1.0
4880,124-4-2,2001,1.0,1.0
4880,124-4-2,2002,1.0,1.0
4880,124-4-2,2003,1.0,1.0
4880,124-4-2,2012,1.0,1.0
4880,124-4-2,2013,1.0,1.0
4880,124-4-2,2019,1.0,1.0
4880,124-4-2,2022,1.0,1.0
4880,124-4-20,1998,1.0,1.0
4880,124-4-20,2007,1.0,1.0
4880,124-4-20,2009,1.0,1.0
4880,124-4-20,2012,1.0,0.0
4880,124-4-20,2013,1.0,1.0
4880,124-4-20,2022,1.0,1.0
4880,124-4-201,2001,1.0,1.0
4880,124-4-201,2002,1.0,1.0
4880,124-4-201,2003,1.0,1.0
4880,124-4-201,2012,1.0,0.0
4880,124-4-201,2019,1.0,1.0
4880,124-4-201,2022,1.0,1.0
4880,124-4-204,2001,1.0,0.0
4880,124-4-204,2002,1.0,1.0
4880,124-4-204,2004,1.0,1.0
4880,124-4-204,2008,1.0,1.0
4880,124-4-204,2013,1.0,1.0
4880,124-4-204,2018,1.0,1.0
4880,124-4-210,2004,1.0,0.0
4880,124-4-210,2008,1.0,1.0
4880,124-4-210,2013,1.0,1.0
4880,124-4-210,2018,1.0,1.0
4880,124-4-210,2019,1.0,1.0
4880,124-4-210,2022,1.0,1.0
4880,124-4-212,1998,1.0,0.0
4880,124-4-212,2000,1.0,1.0
4880,124-4-212,2001,1.0,1.0
4880,124-4-212,2003,1.0,1.0
4880,124-4-212,2008,1.0,1.0
4880,124-4-212,2009,1.0,1.0
4880,124-4-212,2010,1.0,1.0
4880,124-4-212,2013,1.0,0.0
4880,124-4-212,2019,1.0,1.0
4880,124-4-213,1998,1.0,1.0
4880,124-4-213,2000,1.0,1.0
4880,124-4-213,2001,1.0,1.0
4880,124-4-213,2003,1.0,1.0
4880,124-4-213,2009,1.0,1.0
4880,124-4-213,2012,1.0,1.0
4880,124-4-213,2013,1.0,1.0
4880,124-4-213,2019,1.0,1.0
4880,124-4-214,1998,1.0,1.0
4880,124-4-214,2004,1.0,0.0
4880,124-4-214,2007,1.0,1.0
4880,124-4-214,2012,1.0,1.0
4880,124-4-214,2013,1.0,1.0
4880,124-4-214,2019,1.0,0.0
4880,124-4-214,2022,1.0,1.0
4880,124-4-215,2003,1.0,1.0
4880,124-4-215,2004,1.0,1.0
4880,124-4-215,2007,1.0,1.0
4880,124-4-215,2013,1.0,1.0
4880,124-4-215,2022,1.0,0.0
4880,124-4-22,1998,1.0,1.0
4880,124-4-22,2001,1.0,1.0
4880,124-4-22,2003,1.0,1.0
4880,124-4-22,2004,1.0,1.0
4880,124-4-22,2008,1.0,1.0
4880,124-4-22,2009,1.0,1.0
4880,124-4-22,2010,1.0,1.0
4880,124-4-22,2019,1.0,0.0
4880,124-4-227,1999,1.0,1.0
4880,124-4-227,2001,1.0,1.0
4880,124-4-227,2007,1.0,0.0
4880,124-4-227,2009,1.0,1.0
4880,124-4-227,2011,1.0,1.0
4880,124-4-227,2013,1.0,1.0
4880,124-4-227,2014,1.0,1.0
4880,124-4-228,1998,1.0,1.0
4880,124-4-228,2007,1.0,1.0
4880,124-4-228,2008,1.0,1.0
4880,124-4-228,2012,1.0,0.0
4880,124-4-228,2017,1.0,1.0
4880,124-4-229,2003,1.0,1.0
4880,124-4-229,2007,1.0,1.0
4880,124-4-229,2008,1.0,1.0
4880,124-4-229,2009,1.0,1.0
4880,124-4-229,2010,1.0,1.0
4880,124-4-229,2013,1.0,0.0
4880,124-4-229,2014,1.0,1.0
4880,124-4-229,2017,1.0,1.0
4880,124-4-229,2022,1.0,1.0
4880,124-4-24,1998,1.0,1.0
4880,124-4-24,2003,1.0,0.0
4880,124-4-24,2013,1.0,0.0
4880,124-4-251,2004,1.0,1.0
4880,124-4-251,2008,1.0,1.0
4880,124-4-251,2010,1.0,1.0
4880,124-4-251,2012,1.0,1.0
4880,124-4-251,2013,1.0,1.0
4880,124-4-251,2017,1.0,1.0
4880,124-4-251,2019,1.0,1.0
4880,124-4-251,2022,1.0,1.0
4880,124-4-26,1999,1.0,1.0
4880,124-4-26,2003,1.0,0.0
4880,124-4-26,2007,1.0,1.0
4880,124-4-26,2009,1.0,1.0
4880,124-4-26,2010,1.0,1.0
4880,124-4-26,2011,1.0,1.0
4880,124-4-26,2013,1.0,1.0
4880,124-4-26,2014,1.0,1.0
4880,124-4-26,2017,1.0,1.0
4880,124-4-26,2019,1.0,0.0
4880,124-4-27,1999,1.0,1.0
4880,124-4-27,2000,1.0,1.0
4880,124-4-27,2001,1.0,1.0
4880,124-4-27,2003,1.0,1.0
4880,124-4-27,2007,1.0,1.0
4880,124-4-27,2008,1.0,1.0
4880,124-4-27,2009,1.0,1.0
4880,124-4-27,2010,1.0,1.0
4880,124-4-27,2011,1.0,1.0
4880,124-4-27,2013,1.0,1.0
4880,124-4-28,2007,1.0,1.0
4880,124-4-28,2008,1.0,1.0
4880,124-4-28,2010,1.0,1.0
4880,124-4-28,2013,1.0,1.0
4880,124-4-28,2017,1.0,1.0
4880,124-4-28,2022,1.0,1.0
4880,124-4-29,2003,1.0,1.0
4880,124-4-29,2004,1.0,1.0
4880,124-4-29,2008,1.0,0.0
4880,124-4-29,2009,1.0,1.0
4880,124-4-29,2010,1.0,1.0
4880,124-4-29,2013,1.0,1.0
4880,124-4-29,2014,1.0,1.0
4880,124-4-29,2017,1.0,1.0
4880,124-4-29,2022,1.0,1.0
4880,124-4-3,2000,1.0,0.0
4880,124-4-3,2001,1.0,1.0
4880,124-4-3,2002,1.0,1.0
4880,124-4-302,2001,1.0,1.0
4880,124-4-302,2002,1.0,1.0
4880,124-4-302,2012,1.0,1.0
4880,124-4-302,2013,1.0,1.0
4880,124-4-302,2019,1.0,1.0
4880,124-4-302,2022,1.0,1.0
4880,124-4-304,2000,1.0,0.0
4880,124-4-304,2002,1.0,1.0
4880,124-4-304,2013,1.0,0.0
4880,124-4-304,2018,1.0,0.0
4880,124-4-304,2019,1.0,1.0
4880,124-4-306,2012,1.0,1.0
4880,124-4-306,2013,1.0,1.0
4880,124-4-306,2019,1.0,1.0
4880,124-4-306,2022,1.0,1.0
4880,124-4-31,2001,1.0,1.0
4880,124-4-31,2003,1.0,1.0
4880,124-4-31,2007,1.0,0.0
4880,124-4-31,2009,1.0,1.0
4880,124-4-31,2010,1.0,1.0
4880,124-4-31,2017,1.0,1.0
4880,124-4-311,1998,1.0,0.0
4880,124-4-311,1999,1.0,1.0
4880,124-4-311,2000,1.0,1.0
4880,124-4-311,2003,1.0,1.0
4880,124-4-311,2008,1.0,1.0
4880,124-4-311,2009,1.0,1.0
4880,124-4-311,2010,1.0,1.0
4880,124-4-312,1998,1.0,1.0
4880,124-4-312,2003,1.0,1.0
4880,124-4-312,2008,1.0,0.0
4880,124-4-312,2009,1.0,1.0
4880,124-4-312,2013,1.0,1.0
4880,124-4-312,2019,1.0,1.0
4880,124-4-313,1998,1.0,0.0
4880,124-4-313,2001,1.0,1.0
4880,124-4-313,2003,1.0,1.0
4880,124-4-313,2008,1.0,0.0
4880,124-4-313,2009,1.0,1.0
4880,124-4-313,2013,1.0,1.0
4880,124-4-313,2019,1.0,1.0
4880,124-4-313,2022,1.0,1.0
4880,124-4-315,1998,1.0,0.0
4880,124-4-315,2000,1.0,1.0
4880,124-4-315,2001,1.0,1.0
4880,124-4-315,2004,1.0,1.0
4880,124-4-315,2008,1.0,0.0
4880,124-4-315,2010,1.0,1.0
4880,124-4-315,2011,1.0,1.0
4880,124-4-315,2019,1.0,1.0
4880,124-4-328,1998,1.0,1.0
4880,124-4-328,2007,1.0,1.0
4880,124-4-328,2013,1.0,0.0
4880,124-4-328,2022,1.0,1.0
4880,124-4-329,1998,1.0,1.0
4880,124-4-329,2003,1.0,0.0
4880,124-4-329,2009,1.0,0.0
4880,124-4-329,2010,1.0,1.0
4880,124-4-329,2013,1.0,1.0
4880,124-4-329,2022,1.0,1.0
4880,124-4-33,1998,1.0,1.0
4880,124-4-33,2008,1.0,1.0
4880,124-4-33,2009,1.0,1.0
4880,124-4-33,2010,1.0,1.0
4880,124-4-33,2012,1.0,1.0
4880,124-4-33,2013,1.0,1.0
4880,124-4-33,2014,1.0,1.0
4880,124-4-33,2022,1.0,1.0
4880,124-4-330,2004,1.0,1.0
4880,124-4-330,2007,1.0,1.0
4880,124-4-330,2008,1.0,1.0
4880,124-4-330,2009,1.0,1.0
4880,124-4-330,2010,1.0,1.0
4880,124-4-330,2012,1.0,0.0
4880,124-4-330,2013,1.0,1.0
4880,124-4-330,2017,1.0,1.0
4880,124-4-330,2022,1.0,1.0
4880,124-4-37,1999,1.0,1.0
4880,124-4-37,2007,1.0,1.0
4880,124-4-37,2011,1.0,1.0
4880,124-4-37,2019,1.0,1.0
4880,124-4-4,2000,1.0,1.0
4880,124-4-4,2001,1.0,1.0
4880,124-4-4,2002,1.0,1.0
4880,124-4-4,2004,1.0,1.0
4880,124-4-4,2008,1.0,1.0
4880,124-4-4,2013,1.0,1.0
4880,124-4-40,2001,1.0,1.0
4880,124-4-40,2003,1.0,1.0
4880,124-4-40,2007,1.0,1.0
4880,124-4-40,2009,1.0,1.0
4880,124-4-40,2010,1.0,1.0
4880,124-4-40,2012,1.0,1.0
4880,124-4-40,2013,1.0,1.0
4880,124-4-40,2014,1.0,1.0
4880,124-4-40,2017,1.0,1.0
4880,124-4-40,2022,1.0,0.0
4880,124-4-404,2008,1.0,1.0
4880,124-4-404,2013,1.0,1.0
4880,124-4-404,2018,1.0,1.0
4880,124-4-404,2019,1.0,1.0
4880,124-4-42,2000,1.0,1.0
4880,124-4-42,2008,1.0,1.0
4880,124-4-42,2010,1.0,0.0
4880,124-4-42,2011,1.0,1.0
4880,124-4-42,2014,1.0,0.0
4880,124-4-49,1999,1.0,1.0
4880,124-4-49,2004,1.0,1.0
4880,124-4-49,2007,1.0,1.0
4880,124-4-49,2009,1.0,1.0
4880,124-4-49,2011,1.0,1.0
4880,124-4-49,2013,1.0,1.0
4880,124-4-49,2019,1.0,0.0
4880,124-4-50,2010,1.0,1.0
4880,124-4-50,2017,1.0,0.0
4880,124-4-50,2018,1.0,1.0
4880,124-4-50,2022,1.0,1.0
4880,124-4-55,2000,1.0,1.0
4880,124-4-55,2003,1.0,1.0
4880,124-4-55,2005,1.0,1.0
4880,124-4-55,2008,1.0,0.0
4880,124-4-55,2010,1.0,1.0
4880,124-4-55,2012,1.0,1.0
4880,124-4-55,2013,1.0,1.0
4880,124-4-55,2014,1.0,1.0
4880,124-4-55,2017,1.0,1.0
4880,124-4-55,2018,1.0,1.0
4880,124-4-6,2000,1.0,0.0
4880,124-4-6,2003,1.0,1.0
4880,124-4-6,2013,1.0,0.0
4880,124-4-6,2022,1.0,0.0
4880,124-4-62,2007,1.0,0.0
4880,124-4-62,2008,1.0,1.0
4880,124-4-62,2019,1.0,0.0
4880,124-4-63,2007,1.0,1.0
4880,124-4-63,2008,1.0,1.0
4880,124-4-63,2010,1.0,1.0
4880,124-4-63,2012,1.0,1.0
4880,124-4-63,2013,1.0,1.0
4880,124-4-63,2014,1.0,1.0
4880,124-4-63,2017,1.0,1.0
4880,124-4-63,2019,1.0,0.0
4880,124-4-63,2022,1.0,1.0
4880,124-4-7,1999,1.0,1.0
4880,124-4-7,2000,1.0,1.0
4880,124-4-7,2004,1.0,1.0
4880,124-4-7,2008,1.0,1.0
4880,124-4-7,2009,1.0,1.0
4880,124-4-9,2000,1.0,1.0
4880,124-4-9,2001,1.0,1.0
4880,124-4-9,2004,1.0,0.0
4880,124-4-9,2008,1.0,1.0
4880,124-4-9,2012,1.0,1.0
4880,124-4-9,2013,1.0,1.0
4880,124-4-9,2022,1.0,0.0
4880,124-4-96,2000,1.0,1.0
4880,124-4-96,2001,1.0,1.0
4880,124-4-96,2011,1.0,0.0
4880,124-4-96,2012,1.0,1.0
4880,124-4-96,2022,1.0,0.0
4880,124-43-11,2000,1.0,0.0
4880,124-43-7,2008,1.0,0.0
4880,124-43-8,2023,1.0,0.0
4880,124-45-1,2005,1.0,0.0
4880,124-45-1,2007,1.0,1.0
4880,124-45-1,2013,1.0,1.0
4880,124-45-1,2015,1.0,1.0
4880,124-45-1,2016,1.0,1.0
4880,124-45-1,2017,1.0,1.0
4880,124-45-102,2002,1.0,1.0
4880,124-45-102,2003,1.0,1.0
4880,124-45-102,2005,1.0,1.0
4880,124-45-102,2007,1.0,1.0
4880,124-45-102,2013,1.0,1.0
4880,124-45-102,2015,1.0,1.0
4880,124-45-102,2016,1.0,1.0
4880,124-45-102,2017,1.0,1.0
4880,124-45-103,2003,1.0,1.0
4880,124-45-103,2005,1.0,1.0
4880,124-45-103,2007,1.0,0.0
4880,124-45-103,2016,1.0,1.0
4880,124-45-103,2017,1.0,1.0
4880,124-45-105,2003,1.0,1.0
4880,124-45-105,2007,1.0,1.0
4880,124-45-105,2013,1.0,1.0
4880,124-45-105,2015,1.0,1.0
4880,124-45-105,2016,1.0,1.0
4880,124-45-105,2017,1.0,1.0
4880,124-45-105,2019,1.0,1.0
4880,124-45-107,2003,1.0,1.0
4880,124-45-107,2005,1.0,1.0
4880,124-45-107,2017,1.0,1.0
4880,124-45-107,2022,1.0,0.0
4880,124-45-109,2007,1.0,1.0
4880,124-45-109,2013,1.0,1.0
4880,124-45-109,2015,1.0,1.0
4880,124-45-11,2007,1.0,0.0
4880,124-45-11,2013,1.0,1.0
4880,124-45-11,2017,1.0,1.0
4880,124-45-11,2019,1.0,1.0
4880,124-45-111,2003,1.0,1.0
4880,124-45-111,2005,1.0,1.0
4880,124-45-111,2010,1.0,1.0
4880,124-45-111,2022,1.0,1.0
4880,124-45-112,2002,1.0,0.0
4880,124-45-112,2005,1.0,0.0
4880,124-45-112,2015,1.0,0.0
4880,124-45-112,2019,1.0,1.0
4880,124-45-113,1999,1.0,1.0
4880,124-45-113,2005,1.0,1.0
4880,124-45-113,2007,1.0,1.0
4880,124-45-113,2011,1.0,1.0
4880,124-45-113,2015,1.0,1.0
4880,124-45-113,2016,1.0,1.0
4880,124-45-113,2017,1.0,1.0
4880,124-45-114,1999,1.0,1.0
4880,124-45-114,2005,1.0,0.0
4880,124-45-114,2008,1.0,1.0
4880,124-45-114,2010,1.0,1.0
4880,124-45-114,2011,1.0,1.0
4880,124-45-114,2014,1.0,0.0
4880,124-45-116,2005,1.0,1.0
4880,124-45-116,2007,1.0,0.0
4880,124-45-116,2017,1.0,1.0
4880,124-45-118,2001,1.0,0.0
4880,124-45-118,2007,1.0,1.0
4880,124-45-118,2008,1.0,1.0
4880,124-45-118,2010,1.0,1.0
4880,124-45-118,2011,1.0,1.0
4880,124-45-118,2014,1.0,1.0
4880,124-45-118,2022,1.0,0.0
4880,124-45-12,2005,1.0,0.0
4880,124-45-12,2007,1.0,1.0
4880,124-45-12,2011,1.0,1.0
4880,124-45-12,2015,1.0,0.0
4880,124-45-12,2016,1.0,1.0
4880,124-45-12,2017,1.0,1.0
4880,124-45-120,2003,1.0,1.0
4880,124-45-120,2012,1.0,0.0
4880,124-45-120,2013,1.0,1.0
4880,124-45-120,2015,1.0,0.0
4880,124-45-121,2003,1.0,1.0
4880,124-45-121,2005,1.0,1.0
4880,124-45-121,2007,1.0,1.0
4880,124-45-121,2010,1.0,1.0
4880,124-45-121,2017,1.0,1.0
4880,124-45-121,2022,1.0,1.0
4880,124-45-13,2003,1.0,1.0
4880,124-45-13,2005,1.0,1.0
4880,124-45-13,2007,1.0,1.0
4880,124-45-13,2013,1.0,1.0
4880,124-45-13,2015,1.0,1.0
4880,124-45-13,2016,1.0,1.0
4880,124-45-13,2017,1.0,1.0
4880,124-45-18,2005,1.0,1.0
4880,124-45-18,2017,1.0,1.0
4880,124-45-2,2003,1.0,1.0
4880,124-45-2,2005,1.0,1.0
4880,124-45-2,2007,1.0,1.0
4880,124-45-2,2013,1.0,1.0
4880,124-45-2,2015,1.0,1.0
4880,124-45-2,2016,1.0,1.0
4880,124-45-2,2017,1.0,1.0
4880,124-45-201,2005,1.0,0.0
4880,124-45-201,2013,1.0,1.0
4880,124-45-201,2015,1.0,0.0
4880,124-45-201,2017,1.0,0.0
4880,124-45-201,2022,1.0,1.0
4880,124-45-203,2003,1.0,1.0
4880,124-45-203,2005,1.0,1.0
4880,124-45-203,2013,1.0,1.0
4880,124-45-203,2015,1.0,1.0
4880,124-45-203,2016,1.0,1.0
4880,124-45-203,2017,1.0,1.0
4880,124-45-203,2019,1.0,1.0
4880,124-45-203,2022,1.0,1.0
4880,124-45-205,2003,1.0,1.0
4880,124-45-205,2005,1.0,1.0
4880,124-45-205,2013,1.0,1.0
4880,124-45-205,2015,1.0,1.0
4880,124-45-205,2016,1.0,1.0
4880,124-45-205,2017,1.0,1.0
4880,124-45-205,2019,1.0,1.0
4880,124-45-207,2003,1.0,1.0
4880,124-45-207,2005,1.0,0.0
4880,124-45-207,2010,1.0,1.0
4880,124-45-207,2022,1.0,0.0
4880,124-45-209,2003,1.0,1.0
4880,124-45-209,2007,1.0,1.0
4880,124-45-209,2013,1.0,1.0
4880,124-45-209,2017,1.0,1.0
4880,124-45-209,2019,1.0,1.0
4880,124-45-21,2003,1.0,1.0
4880,124-45-21,2005,1.0,1.0
4880,124-45-21,2007,1.0,1.0
4880,124-45-21,2010,1.0,1.0
4880,124-45-21,2022,1.0,1.0
4880,124-45-213,1999,1.0,0.0
4880,124-45-213,2005,1.0,1.0
4880,124-45-213,2007,1.0,1.0
4880,124-45-213,2011,1.0,1.0
4880,124-45-213,2015,1.0,1.0
4880,124-45-216,1999,1.0,0.0
4880,124-45-216,2008,1.0,1.0
4880,124-45-216,2010,1.0,1.0
4880,124-45-216,2011,1.0,1.0
4880,124-45-216,2022,1.0,1.0
4880,124-45-218,2003,1.0,1.0
4880,124-45-218,2007,1.0,1.0
4880,124-45-218,2013,1.0,1.0
4880,124-45-218,2016,1.0,1.0
4880,124-45-218,2017,1.0,1.0
4880,124-45-22,1999,1.0,0.0
4880,124-45-22,2005,1.0,1.0
4880,124-45-22,2007,1.0,1.0
4880,124-45-22,2008,1.0,1.0
4880,124-45-22,2010,1.0,0.0
4880,124-45-220,2001,1.0,1.0
4880,124-45-220,2005,1.0,1.0
4880,124-45-220,2007,1.0,1.0
4880,124-45-220,2010,1.0,1.0
4880,124-45-220,2011,1.0,1.0
4880,124-45-3,1999,1.0,0.0
4880,124-45-3,2001,1.0,1.0
4880,124-45-3,2008,1.0,1.0
4880,124-45-3,2010,1.0,1.0
4880,124-45-3,2011,1.0,1.0
4880,124-45-3,2014,1.0,1.0
4880,124-45-30,2012,1.0,1.0
4880,124-45-30,2013,1.0,1.0
4880,124-45-307,2007,1.0,0.0
4880,124-45-307,2013,1.0,1.0
4880,124-45-307,2015,1.0,1.0
4880,124-45-307,2017,1.0,1.0
4880,124-45-307,2019,1.0,1.0
4880,124-45-41,1999,1.0,1.0
4880,124-45-41,2005,1.0,0.0
4880,124-45-41,2007,1.0,0.0
4880,124-45-41,2011,1.0,1.0
4880,124-45-41,2015,1.0,0.0
4880,124-45-41,2016,1.0,1.0
4880,124-45-41,2019,1.0,1.0
4880,124-45-42,1999,1.0,1.0
4880,124-45-42,2005,1.0,1.0
4880,124-45-42,2013,1.0,1.0
4880,124-45-42,2016,1.0,1.0
4880,124-45-42,2019,1.0,1.0
4880,124-45-43,1999,1.0,1.0
4880,124-45-43,2005,1.0,0.0
4880,124-45-43,2007,1.0,1.0
4880,124-45-43,2008,1.0,1.0
4880,124-45-43,2010,1.0,1.0
4880,124-45-49,2012,1.0,1.0
4880,124-45-49,2019,1.0,1.0
4880,124-45-5,2003,1.0,1.0
4880,124-45-5,2005,1.0,1.0
4880,124-45-5,2013,1.0,1.0
4880,124-45-5,2015,1.0,0.0
4880,124-45-5,2016,1.0,1.0
4880,124-45-5,2017,1.0,1.0
4880,124-45-5,2019,1.0,1.0
4880,124-45-7,2013,1.0,1.0
4880,124-45-7,2015,1.0,1.0
4880,124-45-7,2017,1.0,1.0
4880,124-45-7,2019,1.0,1.0
4880,124-45-7,2022,1.0,1.0
4880,124-45-9,2007,1.0,1.0
4880,124-45-9,2013,1.0,1.0
4880,124-45-9,2015,1.0,1.0
4880,124-45-9,2017,1.0,1.0
4880,124-45-9,2019,1.0,1.0
4880,124-56-105,1998,1.0,1.0
4880,124-56-105,2007,1.0,1.0
4880,124-56-105,2009,1.0,0.0
4880,124-56-105,2011,1.0,0.0
4880,124-56-105,2016,1.0,1.0
4880,124-56-105,2017,1.0,1.0
4880,124-56-105,2023,1.0,0.0
4880,124-56-13,2005,1.0,1.0
4880,124-56-13,2008,1.0,1.0
4880,124-56-13,2009,1.0,1.0
4880,124-56-13,2010,1.0,1.0
4880,124-56-13,2012,1.0,1.0
4880,124-56-13,2013,1.0,1.0
4880,124-56-13,2016,1.0,1.0
4880,124-56-13,2019,1.0,1.0
4880,124-56-13,2023,1.0,1.0
4880,124-56-137,2003,1.0,1.0
4880,124-56-137,2007,1.0,1.0
4880,124-56-137,2013,1.0,1.0
4880,124-56-137,2014,1.0,1.0
4880,124-56-137,2017,1.0,1.0
4880,124-56-137,2019,1.0,1.0
4880,124-56-137,2022,1.0,1.0
4880,124-56-14,1998,1.0,1.0
4880,124-56-14,2000,1.0,1.0
4880,124-56-14,2003,1.0,1.0
4880,124-56-14,2007,1.0,1.0
4880,124-56-14,2012,1.0,1.0
4880,124-56-14,2013,1.0,1.0
4880,124-56-14,2015,1.0,0.0
4880,124-56-15,2000,1.0,1.0
4880,124-56-15,2003,1.0,1.0
4880,124-56-15,2005,1.0,1.0
4880,124-56-15,2007,1.0,1.0
4880,124-56-15,2008,1.0,1.0
4880,124-56-15,2009,1.0,1.0
4880,124-56-15,2010,1.0,1.0
4880,124-56-15,2013,1.0,1.0
4880,124-56-15,2016,1.0,1.0
4880,124-56-15,2019,1.0,1.0
4880,124-56-21,1998,1.0,1.0
4880,124-56-21,2007,1.0,1.0
4880,124-56-21,2008,1.0,1.0
4880,124-56-21,2009,1.0,1.0
4880,124-56-21,2010,1.0,1.0
4880,124-56-21,2012,1.0,1.0
4880,124-56-21,2013,1.0,1.0
4880,124-56-21,2016,1.0,1.0
4880,124-56-21,2017,1.0,1.0
4880,124-56-21,2019,1.0,1.0
4880,124-56-21,2022,1.0,1.0
4880,124-56-21,2023,1.0,1.0
4880,124-56-22,2003,1.0,1.0
4880,124-56-22,2007,1.0,1.0
4880,124-56-22,2008,1.0,1.0
4880,124-56-22,2009,1.0,1.0
4880,124-56-22,2010,1.0,1.0
4880,124-56-22,2013,1.0,1.0
4880,124-56-22,2014,1.0,1.0
4880,124-56-22,2017,1.0,1.0
4880,124-56-22,2019,1.0,1.0
4880,124-56-22,2022,1.0,0.0
4880,124-56-25,2000,1.0,0.0
4880,124-56-25,2007,1.0,0.0
4880,124-56-25,2008,1.0,1.0
4880,124-56-25,2010,1.0,0.0
4880,124-56-25,2012,1.0,1.0
4880,124-56-25,2013,1.0,1.0
4880,124-56-25,2016,1.0,1.0
4880,124-56-25,2023,1.0,1.0
4880,124-56-26,2000,1.0,1.0
4880,124-56-26,2010,1.0,0.0
4880,124-56-26,2012,1.0,1.0
4880,124-56-26,2016,1.0,1.0
4880,124-56-26,2019,1.0,1.0
4880,124-56-26,2023,1.0,1.0
4880,124-56-31,1998,1.0,1.0
4880,124-56-31,2000,1.0,1.0
4880,124-56-31,2007,1.0,0.0
4880,124-56-31,2010,1.0,1.0
4880,124-56-31,2014,1.0,1.0
4880,124-56-31,2017,1.0,1.0
4880,124-56-31,2019,1.0,1.0
4880,124-56-31,2023,1.0,1.0
4880,124-56-33,1998,1.0,1.0
4880,124-56-33,2003,1.0,1.0
4880,124-56-33,2007,1.0,1.0
4880,124-56-33,2008,1.0,1.0
4880,124-56-33,2009,1.0,1.0
4880,124-56-33,2010,1.0,1.0
4880,124-56-33,2013,1.0,1.0
4880,124-56-33,2016,1.0,1.0
4880,124-56-33,2022,1.0,1.0
4880,124-56-34,2000,1.0,1.0
4880,124-56-34,2007,1.0,1.0
4880,124-56-34,2009,1.0,1.0
4880,124-56-34,2011,1.0,0.0
4880,124-56-34,2012,1.0,1.0
4880,124-56-34,2016,1.0,1.0
4880,124-56-38,2000,1.0,1.0
4880,124-56-38,2003,1.0,1.0
4880,124-56-38,2005,1.0,1.0
4880,124-56-38,2006,1.0,1.0
4880,124-56-38,2007,1.0,1.0
4880,124-56-38,2008,1.0,1.0
4880,124-56-38,2009,1.0,1.0
4880,124-56-38,2011,1.0,1.0
4880,124-56-38,2012,1.0,1.0
4880,124-56-38,2016,1.0,0.0
4880,124-56-38,2017,1.0,1.0
4880,124-56-38,2022,1.0,1.0
4880,124-56-38,2023,1.0,1.0
4880,124-56-40,2000,1.0,1.0
4880,124-56-40,2003,1.0,1.0
4880,124-56-40,2005,1.0,1.0
4880,124-56-40,2006,1.0,1.0
4880,124-56-40,2007,1.0,1.0
4880,124-56-40,2008,1.0,1.0
4880,124-56-40,2009,1.0,1.0
4880,124-56-40,2016,1.0,1.0
4880,124-56-40,2017,1.0,1.0
4880,124-56-40,2022,1.0,1.0
4880,124-56-40,2023,1.0,1.0
4880,124-56-41,1998,1.0,1.0
4880,124-56-41,2000,1.0,1.0
4880,124-56-41,2003,1.0,1.0
4880,124-56-41,2005,1.0,1.0
4880,124-56-41,2006,1.0,1.0
4880,124-56-41,2007,1.0,1.0
4880,124-56-41,2011,1.0,1.0
4880,124-56-41,2012,1.0,1.0
4880,124-56-41,2013,1.0,1.0
4880,124-56-41,2017,1.0,1.0
4880,124-56-41,2019,1.0,1.0
4880,124-56-41,2023,1.0,1.0
4880,124-56-42,1998,1.0,1.0
4880,124-56-42,2000,1.0,0.0
4880,124-56-42,2005,1.0,1.0
4880,124-56-42,2007,1.0,1.0
4880,124-56-42,2008,1.0,1.0
4880,124-56-42,2009,1.0,1.0
4880,124-56-42,2010,1.0,1.0
4880,124-56-42,2013,1.0,1.0
4880,124-56-42,2014,1.0,1.0
4880,124-56-42,2017,1.0,1.0
4880,124-56-44,2003,1.0,1.0
4880,124-56-44,2005,1.0,1.0
4880,124-56-44,2007,1.0,1.0
4880,124-56-44,2008,1.0,1.0
4880,124-56-44,2009,1.0,1.0
4880,124-56-44,2010,1.0,1.0
4880,124-56-44,2013,1.0,1.0
4880,124-56-44,2014,1.0,1.0
4880,124-56-9,1998,1.0,0.0
4880,124-56-9,2000,1.0,0.0
4880,124-56-9,2007,1.0,1.0
4880,124-56-9,2009,1.0,0.0
4880,124-56-9,2010,1.0,1.0
4880,124-56-9,2012,1.0,0.0
4880,124-56-9,2016,1.0,1.0
4880,124-57-10,2005,1.0,0.0
4880,124-57-10,2008,1.0,1.0
4880,124-57-10,2011,1.0,0.0
4880,124-57-10,2013,1.0,1.0
4880,124-57-10,2014,1.0,1.0
4880,124-57-10,2017,1.0,1.0
4880,124-57-10,2023,1.0,1.0
4880,124-57-12,2001,1.0,1.0
4880,124-57-12,2005,1.0,1.0
4880,124-57-12,2008,1.0,1.0
4880,124-57-12,2012,1.0,1.0
4880,124-57-12,2013,1.0,1.0
4880,124-57-12,2014,1.0,1.0
4880,124-57-12,2016,1.0,1.0
4880,124-57-12,2017,1.0,1.0
4880,124-57-121,2005,1.0,0.0
4880,124-57-121,2008,1.0,1.0
4880,124-57-121,2011,1.0,1.0
4880,124-57-121,2016,1.0,1.0
4880,124-57-14,2011,1.0,0.0
4880,124-57-14,2013,1.0,0.0
4880,124-57-14,2016,1.0,1.0
4880,124-57-14,2019,1.0,1.0
4880,124-57-14,2023,1.0,1.0
4880,124-57-16,2007,1.0,1.0
4880,124-57-16,2012,1.0,1.0
4880,124-57-16,2013,1.0,1.0
4880,124-57-16,2014,1.0,1.0
4880,124-57-16,2017,1.0,1.0
4880,124-57-16,2023,1.0,1.0
4880,124-57-18,2003,1.0,1.0
4880,124-57-18,2008,1.0,1.0
4880,124-57-18,2010,1.0,1.0
4880,124-57-18,2017,1.0,0.0
4880,124-57-18,2019,1.0,1.0
4880,124-57-3,2001,1.0,1.0
4880,124-57-3,2002,1.0,1.0
4880,124-57-3,2008,1.0,0.0
4880,124-57-3,2010,1.0,1.0
4880,124-57-3,2011,1.0,1.0
4880,124-57-3,2012,1.0,1.0
4880,124-57-3,2014,1.0,1.0
4880,124-57-3,2015,1.0,1.0
4880,124-57-3,2016,1.0,1.0
4880,124-57-3,2017,1.0,1.0
4880,124-57-36,2000,1.0,1.0
4880,124-57-36,2003,1.0,0.0
4880,124-57-36,2005,1.0,1.0
4880,124-57-36,2011,1.0,1.0
4880,124-57-36,2013,1.0,0.0
4880,124-57-36,2015,1.0,1.0
4880,124-57-6,2005,1.0,1.0
4880,124-57-6,2007,1.0,1.0
4880,124-57-6,2008,1.0,1.0
4880,124-57-6,2013,1.0,1.0
4880,124-57-6,2014,1.0,1.0
4880,124-57-6,2016,1.0,1.0
4880,124-57-6,2023,1.0,1.0
4880,124-65-11,1998,1.0,1.0
4880,124-65-11,2003,1.0,1.0
4880,124-65-11,2005,1.0,1.0
4880,124-65-11,2007,1.0,1.0
4880,124-65-11,2008,1.0,1.0
4880,124-65-11,2016,1.0,1.0
4880,124-65-11,2023,1.0,1.0
4880,124-65-117,2000,1.0,1.0
4880,124-65-117,2003,1.0,1.0
4880,124-65-117,2005,1.0,1.0
4880,124-65-117,2008,1.0,1.0
4880,124-65-117,2009,1.0,1.0
4880,124-65-117,2010,1.0,1.0
4880,124-65-117,2013,1.0,1.0
4880,124-65-117,2014,1.0,1.0
4880,124-65-117,2017,1.0,1.0
4880,124-65-117,2022,1.0,1.0
4880,124-65-13,2000,1.0,1.0
4880,124-65-13,2005,1.0,1.0
4880,124-65-13,2008,1.0,1.0
4880,124-65-13,2009,1.0,1.0
4880,124-65-13,2010,1.0,1.0
4880,124-65-13,2014,1.0,1.0
4880,124-65-13,2022,1.0,1.0
4880,124-65-13,2023,1.0,1.0
4880,124-65-130,1998,1.0,1.0
4880,124-65-130,2000,1.0,1.0
4880,124-65-130,2003,1.0,1.0
4880,124-65-130,2005,1.0,1.0
4880,124-65-130,2017,1.0,1.0
4880,124-65-130,2023,1.0,1.0
4880,124-65-14,1998,1.0,1.0
4880,124-65-14,2000,1.0,1.0
4880,124-65-14,2003,1.0,1.0
4880,124-65-14,2005,1.0,1.0
4880,124-65-14,2008,1.0,1.0
4880,124-65-14,2009,1.0,1.0
4880,124-65-14,2010,1.0,1.0
4880,124-65-14,2014,1.0,1.0
4880,124-65-14,2023,1.0,1.0
4880,124-65-18,2005,1.0,1.0
4880,124-65-18,2008,1.0,0.0
4880,124-65-18,2009,1.0,1.0
4880,124-65-18,2010,1.0,1.0
4880,124-65-18,2013,1.0,1.0
4880,124-65-18,2017,1.0,1.0
4880,124-65-18,2022,1.0,1.0
4880,124-65-18,2023,1.0,1.0
4880,124-65-19,1998,1.0,1.0
4880,124-65-19,2000,1.0,1.0
4880,124-65-19,2003,1.0,1.0
4880,124-65-19,2005,1.0,1.0
4880,124-65-19,2008,1.0,1.0
4880,124-65-19,2009,1.0,1.0
4880,124-65-19,2010,1.0,1.0
4880,124-65-19,2014,1.0,1.0
4880,124-65-19,2017,1.0,1.0
4880,124-65-19,2019,1.0,1.0
4880,124-65-19,2023,1.0,1.0
4880,124-65-20,2000,1.0,1.0
4880,124-65-20,2003,1.0,1.0
4880,124-65-20,2005,1.0,1.0
4880,124-65-20,2008,1.0,1.0
4880,124-65-20,2009,1.0,1.0
4880,124-65-20,2010,1.0,1.0
4880,124-65-20,2013,1.0,1.0
4880,124-65-20,2014,1.0,1.0
4880,124-65-20,2017,1.0,1.0
4880,124-65-20,2022,1.0,0.0
4880,124-65-20,2023,1.0,1.0
4880,124-65-21,1998,1.0,0.0
4880,124-65-21,2000,1.0,1.0
4880,124-65-21,2005,1.0,1.0
4880,124-65-21,2007,1.0,1.0
4880,124-65-21,2010,1.0,0.0
4880,124-65-21,2014,1.0,1.0
4880,124-65-21,2017,1.0,1.0
4880,124-65-22,1998,1.0,1.0
4880,124-65-22,2000,1.0,1.0
4880,124-65-22,2007,1.0,0.0
4880,124-65-22,2023,1.0,1.0
4880,124-65-23,1998,1.0,1.0
4880,124-65-23,2000,1.0,0.0
4880,124-65-23,2005,1.0,1.0
4880,124-65-23,2007,1.0,0.0
4880,124-65-23,2012,1.0,0.0
4880,124-65-23,2014,1.0,1.0
4880,124-65-23,2019,1.0,1.0
4880,124-65-23,2023,1.0,1.0
4880,124-65-27,1998,1.0,1.0
4880,124-65-27,2000,1.0,1.0
4880,124-65-27,2003,1.0,1.0
4880,124-65-27,2005,1.0,1.0
4880,124-65-27,2008,1.0,1.0
4880,124-65-27,2009,1.0,1.0
4880,124-65-27,2010,1.0,1.0
4880,124-65-27,2012,1.0,1.0
4880,124-65-27,2014,1.0,1.0
4880,124-65-27,2017,1.0,1.0
4880,124-65-27,2023,1.0,1.0
4880,124-65-28,2000,1.0,1.0
4880,124-65-28,2003,1.0,1.0
4880,124-65-28,2005,1.0,1.0
4880,124-65-28,2007,1.0,1.0
4880,124-65-28,2008,1.0,1.0
4880,124-65-28,2009,1.0,1.0
4880,124-65-28,2010,1.0,1.0
4880,124-65-28,2014,1.0,0.0
4880,124-65-28,2017,1.0,1.0
4880,124-65-28,2023,1.0,0.0
4880,124-65-29,1998,1.0,1.0
4880,124-65-29,2000,1.0,1.0
4880,124-65-29,2005,1.0,0.0
4880,124-65-29,2006,1.0,1.0
4880,124-65-29,2007,1.0,1.0
4880,124-65-29,2008,1.0,1.0
4880,124-65-29,2009,1.0,1.0
4880,124-65-29,2014,1.0,0.0
4880,124-65-29,2017,1.0,1.0
4880,124-65-3,1998,1.0,0.0
4880,124-65-3,2000,1.0,1.0
4880,124-65-3,2010,1.0,0.0
4880,124-65-3,2012,1.0,1.0
4880,124-65-3,2014,1.0,1.0
4880,124-65-3,2019,1.0,1.0
4880,124-65-3,2023,1.0,1.0
4880,124-65-31,1998,1.0,1.0
4880,124-65-31,2000,1.0,1.0
4880,124-65-31,2006,1.0,0.0
4880,124-65-31,2007,1.0,1.0
4880,124-65-31,2008,1.0,1.0
4880,124-65-31,2012,1.0,1.0
4880,124-65-31,2014,1.0,1.0
4880,124-65-31,2017,1.0,0.0
4880,124-65-31,2022,1.0,1.0
4880,124-65-31,2023,1.0,1.0
4880,124-65-33,2000,1.0,1.0
4880,124-65-33,2007,1.0,1.0
4880,124-65-33,2008,1.0,1.0
4880,124-65-33,2011,1.0,1.0
4880,124-65-33,2013,1.0,1.0
4880,124-65-33,2014,1.0,1.0
4880,124-65-33,2019,1.0,1.0
4880,124-65-33,2023,1.0,1.0
4880,124-65-34,2000,1.0,1.0
4880,124-65-34,2008,1.0,1.0
4880,124-65-34,2013,1.0,0.0
4880,124-65-34,2014,1.0,1.0
4880,124-65-34,2016,1.0,1.0
4880,124-65-34,2023,1.0,1.0
4880,124-65-35,2000,1.0,1.0
4880,124-65-35,2011,1.0,0.0
4880,124-65-35,2013,1.0,0.0
4880,124-65-35,2016,1.0,1.0
4880,124-65-35,2017,1.0,1.0
4880,124-65-35,2019,1.0,1.0
4880,124-65-35,2023,1.0,1.0
4880,124-65-36,1998,1.0,0.0
4880,124-65-36,2000,1.0,1.0
4880,124-65-36,2003,1.0,1.0
4880,124-65-36,2005,1.0,1.0
4880,124-65-36,2007,1.0,1.0
4880,124-65-36,2009,1.0,1.0
4880,124-65-36,2010,1.0,1.0
4880,124-65-36,2013,1.0,1.0
4880,124-65-36,2014,1.0,1.0
4880,124-65-36,2017,1.0,1.0
4880,124-65-36,2022,1.0,0.0
4880,124-65-36,2023,1.0,1.0
4880,124-65-37,1998,1.0,1.0
4880,124-65-37,2000,1.0,1.0
4880,124-65-37,2011,1.0,1.0
4880,124-65-37,2016,1.0,1.0
4880,124-65-37,2017,1.0,1.0
4880,124-65-38,1998,1.0,1.0
4880,124-65-38,2007,1.0,0.0
4880,124-65-38,2015,1.0,0.0
4880,124-65-38,2017,1.0,1.0
4880,124-65-38,2023,1.0,0.0
4880,124-65-5,1998,1.0,1.0
4880,124-65-5,2014,1.0,0.0
4880,124-65-5,2016,1.0,0.0
4880,124-65-5,2017,1.0,1.0
4880,124-65-5,2019,1.0,1.0
4880,124-65-5,2023,1.0,0.0
4880,124-65-7,1998,1.0,1.0
4880,124-65-7,2000,1.0,1.0
4880,124-65-7,2012,1.0,1.0
4880,124-65-7,2014,1.0,1.0
4880,124-65-7,2016,1.0,1.0
4880,124-65-7,2019,1.0,1.0
4880,124-65-7,2023,1.0,1.0
4880,124-65-9,1998,1.0,1.0
4880,124-65-9,2000,1.0,1.0
4880,124-65-9,2003,1.0,1.0
4880,124-65-9,2007,1.0,1.0
4880,124-65-9,2008,1.0,1.0
4880,124-65-9,2009,1.0,1.0
4880,124-65-9,2010,1.0,1.0
4880,124-68-10,2006,1.0,0.0
4880,124-68-10,2008,1.0,1.0
4880,124-68-10,2010,1.0,1.0
4880,124-68-10,2014,1.0,1.0
4880,124-68-10,2016,1.0,1.0
4880,124-68-10,2017,1.0,1.0
4880,124-68-10,2018,1.0,1.0
4880,124-68-10,2022,1.0,1.0
4880,124-68-10,2023,1.0,1.0
4880,124-68-11,1998,1.0,1.0
4880,124-68-11,2001,1.0,1.0
4880,124-68-11,2006,1.0,0.0
4880,124-68-11,2007,1.0,1.0
4880,124-68-11,2010,1.0,1.0
4880,124-68-11,2011,1.0,1.0
4880,124-68-11,2014,1.0,1.0
4880,124-68-11,2016,1.0,1.0
4880,124-68-11,2022,1.0,1.0
4880,124-68-11,2023,1.0,1.0
4880,124-68-113,1998,1.0,1.0
4880,124-68-113,2001,1.0,1.0
4880,124-68-113,2003,1.0,1.0
4880,124-68-113,2006,1.0,1.0
4880,124-68-113,2008,1.0,1.0
4880,124-68-113,2010,1.0,1.0
4880,124-68-113,2011,1.0,1.0
4880,124-68-113,2014,1.0,1.0
4880,124-68-113,2016,1.0,1.0
4880,124-68-113,2023,1.0,1.0
4880,124-68-117,1998,1.0,1.0
4880,124-68-117,2001,1.0,1.0
4880,124-68-117,2010,1.0,1.0
4880,124-68-117,2013,1.0,1.0
4880,124-68-119,1998,1.0,1.0
4880,124-68-119,2008,1.0,1.0
4880,124-68-119,2010,1.0,1.0
4880,124-68-119,2013,1.0,1.0
4880,124-68-119,2017,1.0,1.0
4880,124-68-12,1998,1.0,1.0
4880,124-68-12,2001,1.0,1.0
4880,124-68-12,2003,1.0,1.0
4880,124-68-12,2006,1.0,1.0
4880,124-68-12,2008,1.0,1.0
4880,124-68-12,2010,1.0,1.0
4880,124-68-12,2011,1.0,1.0
4880,124-68-12,2014,1.0,1.0
4880,124-68-12,2018,1.0,1.0
4880,124-68-127,2001,1.0,1.0
4880,124-68-127,2008,1.0,1.0
4880,124-68-127,2010,1.0,1.0
4880,124-68-127,2011,1.0,1.0
4880,124-68-127,2017,1.0,0.0
4880,124-68-127,2018,1.0,1.0
4880,124-68-14,1998,1.0,1.0
4880,124-68-14,2008,1.0,1.0
4880,124-68-14,2011,1.0,1.0
4880,124-68-14,2022,1.0,1.0
4880,124-68-142,2001,1.0,1.0
4880,124-68-142,2002,1.0,1.0
4880,124-68-142,2008,1.0,1.0
4880,124-68-142,2010,1.0,1.0
4880,124-68-142,2011,1.0,1.0
4880,124-68-142,2013,1.0,1.0
4880,124-68-142,2014,1.0,1.0
4880,124-68-142,2016,1.0,1.0
4880,124-68-142,2017,1.0,1.0
4880,124-68-142,2018,1.0,1.0
4880,124-68-15,1998,1.0,1.0
4880,124-68-15,2001,1.0,1.0
4880,124-68-15,2003,1.0,1.0
4880,124-68-15,2006,1.0,1.0
4880,124-68-15,2008,1.0,1.0
4880,124-68-15,2010,1.0,1.0
4880,124-68-15,2011,1.0,1.0
4880,124-68-15,2014,1.0,1.0
4880,124-68-15,2018,1.0,1.0
4880,124-68-16,2011,1.0,1.0
4880,124-68-16,2013,1.0,1.0
4880,124-68-16,2014,1.0,1.0
4880,124-68-16,2018,1.0,1.0
4880,124-68-18,1998,1.0,1.0
4880,124-68-18,2008,1.0,1.0
4880,124-68-18,2010,1.0,1.0
4880,124-68-18,2013,1.0,1.0
4880,124-68-18,2017,1.0,1.0
4880,124-68-2,2006,1.0,0.0
4880,124-68-2,2008,1.0,1.0
4880,124-68-2,2011,1.0,1.0
4880,124-68-2,2014,1.0,1.0
4880,124-68-2,2016,1.0,1.0
4880,124-68-2,2017,1.0,1.0
4880,124-68-2,2018,1.0,1.0
4880,124-68-2,2022,1.0,1.0
4880,124-68-2,2023,1.0,1.0
4880,124-68-20,2001,1.0,1.0
4880,124-68-20,2008,1.0,1.0
4880,124-68-20,2013,1.0,1.0
4880,124-68-20,2014,1.0,1.0
4880,124-68-20,2018,1.0,0.0
4880,124-68-20,2022,1.0,1.0
4880,124-68-202,2001,1.0,1.0
4880,124-68-202,2002,1.0,1.0
4880,124-68-202,2009,1.0,1.0
4880,124-68-202,2013,1.0,0.0
4880,124-68-202,2017,1.0,0.0
4880,124-68-203,1998,1.0,1.0
4880,124-68-203,2006,1.0,1.0
4880,124-68-203,2014,1.0,1.0
4880,124-68-203,2016,1.0,1.0
4880,124-68-203,2017,1.0,1.0
4880,124-68-203,2018,1.0,1.0
4880,124-68-207,2006,1.0,1.0
4880,124-68-207,2008,1.0,1.0
4880,124-68-207,2010,1.0,1.0
4880,124-68-207,2014,1.0,1.0
4880,124-68-207,2018,1.0,1.0
4880,124-68-207,2022,1.0,1.0
4880,124-68-208,1998,1.0,1.0
4880,124-68-208,2001,1.0,0.0
4880,124-68-208,2014,1.0,1.0
4880,124-68-208,2016,1.0,1.0
4880,124-68-208,2018,1.0,1.0
4880,124-68-208,2023,1.0,0.0
4880,124-68-209,2001,1.0,0.0
4880,124-68-209,2008,1.0,1.0
4880,124-68-209,2014,1.0,1.0
4880,124-68-209,2016,1.0,1.0
4880,124-68-209,2017,1.0,1.0
4880,124-68-209,2018,1.0,1.0
4880,124-68-209,2022,1.0,1.0
4880,124-68-209,2023,1.0,1.0
4880,124-68-210,2006,1.0,0.0
4880,124-68-210,2008,1.0,1.0
4880,124-68-210,2010,1.0,1.0
4880,124-68-210,2014,1.0,1.0
4880,124-68-210,2016,1.0,1.0
4880,124-68-210,2017,1.0,1.0
4880,124-68-210,2022,1.0,1.0
4880,124-68-210,2023,1.0,1.0
4880,124-68-211,2001,1.0,1.0
4880,124-68-211,2003,1.0,1.0
4880,124-68-211,2006,1.0,1.0
4880,124-68-211,2008,1.0,1.0
4880,124-68-211,2010,1.0,1.0
4880,124-68-211,2011,1.0,1.0
4880,124-68-211,2014,1.0,1.0
4880,124-68-211,2016,1.0,1.0
4880,124-68-211,2023,1.0,1.0
4880,124-68-213,2006,1.0,1.0
4880,124-68-213,2008,1.0,0.0
4880,124-68-213,2010,1.0,0.0
4880,124-68-213,2011,1.0,1.0
4880,124-68-213,2023,1.0,1.0
4880,124-68-214,1998,1.0,1.0
4880,124-68-214,2001,1.0,1.0
4880,124-68-214,2006,1.0,1.0
4880,124-68-214,2010,1.0,1.0
4880,124-68-214,2011,1.0,1.0
4880,124-68-214,2014,1.0,1.0
4880,124-68-214,2018,1.0,1.0
4880,124-68-215,1998,1.0,1.0
4880,124-68-215,2008,1.0,0.0
4880,124-68-215,2010,1.0,1.0
4880,124-68-215,2011,1.0,1.0
4880,124-68-215,2016,1.0,0.0
4880,124-68-215,2018,1.0,1.0
4880,124-68-216,1998,1.0,1.0
4880,124-68-216,2001,1.0,1.0
4880,124-68-216,2006,1.0,1.0
4880,124-68-216,2008,1.0,1.0
4880,124-68-216,2010,1.0,1.0
4880,124-68-216,2011,1.0,1.0
4880,124-68-216,2014,1.0,1.0
4880,124-68-216,2018,1.0,1.0
4880,124-68-217,1998,1.0,1.0
4880,124-68-217,2001,1.0,1.0
4880,124-68-217,2010,1.0,1.0
4880,124-68-217,2013,1.0,1.0
4880,124-68-217,2016,1.0,1.0
4880,124-68-217,2018,1.0,0.0
4880,124-68-218,2008,1.0,1.0
4880,124-68-218,2010,1.0,1.0
4880,124-68-218,2011,1.0,1.0
4880,124-68-218,2013,1.0,1.0
4880,124-68-218,2022,1.0,0.0
4880,124-68-219,2001,1.0,0.0
4880,124-68-219,2002,1.0,1.0
4880,124-68-219,2006,1.0,1.0
4880,124-68-219,2008,1.0,1.0
4880,124-68-219,2010,1.0,1.0
4880,124-68-219,2014,1.0,1.0
4880,124-68-219,2016,1.0,1.0
4880,124-68-219,2022,1.0,1.0
4880,124-68-22,2001,1.0,1.0
4880,124-68-22,2002,1.0,1.0
4880,124-68-22,2008,1.0,1.0
4880,124-68-22,2013,1.0,1.0
4880,124-68-22,2014,1.0,1.0
4880,124-68-22,2017,1.0,1.0
4880,124-68-22,2018,1.0,1.0
4880,124-68-22,2022,1.0,1.0
4880,124-68-220,2002,1.0,0.0
4880,124-68-220,2008,1.0,1.0
4880,124-68-220,2010,1.0,1.0
4880,124-68-220,2013,1.0,1.0
4880,124-68-220,2017,1.0,0.0
4880,124-68-220,2018,1.0,1.0
4880,124-68-223,1998,1.0,1.0
4880,124-68-223,2003,1.0,0.0
4880,124-68-223,2006,1.0,1.0
4880,124-68-223,2007,1.0,1.0
4880,124-68-223,2010,1.0,1.0
4880,124-68-223,2011,1.0,1.0
4880,124-68-223,2012,1.0,1.0
4880,124-68-223,2014,1.0,1.0
4880,124-68-223,2022,1.0,1.0
4880,124-68-223,2023,1.0,1.0
4880,124-68-224,1998,1.0,1.0
4880,124-68-224,2001,1.0,1.0
4880,124-68-224,2006,1.0,1.0
4880,124-68-224,2007,1.0,1.0
4880,124-68-224,2011,1.0,0.0
4880,124-68-224,2014,1.0,1.0
4880,124-68-224,2016,1.0,1.0
4880,124-68-224,2022,1.0,1.0
4880,124-68-224,2023,1.0,1.0
4880,124-68-225,2006,1.0,1.0
4880,124-68-225,2007,1.0,1.0
4880,124-68-225,2008,1.0,1.0
4880,124-68-225,2011,1.0,0.0
4880,124-68-225,2014,1.0,1.0
4880,124-68-225,2016,1.0,1.0
4880,124-68-225,2022,1.0,1.0
4880,124-68-225,2023,1.0,1.0
4880,124-68-233,2008,1.0,1.0
4880,124-68-233,2009,1.0,1.0
4880,124-68-233,2011,1.0,1.0
4880,124-68-233,2014,1.0,1.0
4880,124-68-233,2017,1.0,1.0
4880,124-68-233,2018,1.0,1.0
4880,124-68-233,2022,1.0,1.0
4880,124-68-238,2001,1.0,0.0
4880,124-68-238,2010,1.0,1.0
4880,124-68-238,2013,1.0,1.0
4880,124-68-238,2014,1.0,1.0
4880,124-68-238,2016,1.0,1.0
4880,124-68-238,2018,1.0,1.0
4880,124-68-238,2022,1.0,1.0
4880,124-68-242,2002,1.0,0.0
4880,124-68-242,2008,1.0,1.0
4880,124-68-242,2010,1.0,1.0
4880,124-68-242,2011,1.0,1.0
4880,124-68-242,2013,1.0,1.0
4880,124-68-242,2014,1.0,1.0
4880,124-68-25,2001,1.0,1.0
4880,124-68-25,2006,1.0,1.0
4880,124-68-25,2007,1.0,1.0
4880,124-68-25,2008,1.0,1.0
4880,124-68-25,2010,1.0,1.0
4880,124-68-25,2011,1.0,1.0
4880,124-68-25,2014,1.0,1.0
4880,124-68-25,2016,1.0,1.0
4880,124-68-251,1998,1.0,1.0
4880,124-68-251,2006,1.0,1.0
4880,124-68-251,2010,1.0,1.0
4880,124-68-251,2011,1.0,1.0
4880,124-68-251,2016,1.0,1.0
4880,124-68-251,2018,1.0,1.0
4880,124-68-251,2022,1.0,1.0
4880,124-68-252,1998,1.0,1.0
4880,124-68-252,2008,1.0,1.0
4880,124-68-252,2010,1.0,1.0
4880,124-68-252,2013,1.0,1.0
4880,124-68-26,2001,1.0,1.0
4880,124-68-26,2006,1.0,1.0
4880,124-68-26,2007,1.0,1.0
4880,124-68-26,2008,1.0,1.0
4880,124-68-26,2011,1.0,1.0
4880,124-68-26,2014,1.0,1.0
4880,124-68-26,2016,1.0,1.0
4880,124-68-274,2008,1.0,1.0
4880,124-68-274,2009,1.0,1.0
4880,124-68-274,2010,1.0,1.0
4880,124-68-274,2011,1.0,1.0
4880,124-68-274,2014,1.0,1.0
4880,124-68-274,2016,1.0,1.0
4880,124-68-274,2017,1.0,1.0
4880,124-68-274,2018,1.0,1.0
4880,124-68-28,2007,1.0,1.0
4880,124-68-28,2010,1.0,1.0
4880,124-68-28,2013,1.0,1.0
4880,124-68-28,2014,1.0,1.0
4880,124-68-28,2017,1.0,1.0
4880,124-68-28,2022,1.0,1.0
4880,124-68-29,1998,1.0,0.0
4880,124-68-29,2000,1.0,1.0
4880,124-68-29,2001,1.0,1.0
4880,124-68-29,2002,1.0,1.0
4880,124-68-29,2006,1.0,0.0
4880,124-68-29,2011,1.0,1.0
4880,124-68-29,2014,1.0,1.0
4880,124-68-29,2016,1.0,0.0
4880,124-68-29,2017,1.0,1.0
4880,124-68-29,2018,1.0,1.0
4880,124-68-29,2023,1.0,1.0
4880,124-68-296,1998,1.0,0.0
4880,124-68-296,2001,1.0,0.0
4880,124-68-296,2013,1.0,1.0
4880,124-68-296,2014,1.0,1.0
4880,124-68-296,2016,1.0,1.0
4880,124-68-296,2018,1.0,1.0
4880,124-68-296,2022,1.0,1.0
4880,124-68-297,2000,1.0,1.0
4880,124-68-297,2002,1.0,1.0
4880,124-68-297,2007,1.0,1.0
4880,124-68-297,2013,1.0,0.0
4880,124-68-297,2017,1.0,1.0
4880,124-68-298,2000,1.0,1.0
4880,124-68-298,2002,1.0,1.0
4880,124-68-298,2017,1.0,1.0
4880,124-68-299,2001,1.0,1.0
4880,124-68-299,2002,1.0,1.0
4880,124-68-299,2006,1.0,1.0
4880,124-68-299,2008,1.0,1.0
4880,124-68-299,2010,1.0,0.0
4880,124-68-299,2014,1.0,1.0
4880,124-68-299,2016,1.0,1.0
4880,124-68-299,2018,1.0,1.0
4880,124-68-299,2022,1.0,1.0
4880,124-68-299,2023,1.0,1.0
4880,124-68-300,1998,1.0,0.0
4880,124-68-300,2011,1.0,0.0
4880,124-68-300,2013,1.0,1.0
4880,124-68-300,2014,1.0,1.0
4880,124-68-300,2018,1.0,1.0
4880,124-68-300,2022,1.0,1.0
4880,124-68-303,1998,1.0,1.0
4880,124-68-303,1999,1.0,1.0
4880,124-68-303,2006,1.0,0.0
4880,124-68-303,2016,1.0,0.0
4880,124-68-303,2017,1.0,1.0
4880,124-68-303,2018,1.0,1.0
4880,124-68-303,2022,1.0,1.0
4880,124-68-303,2023,1.0,1.0
4880,124-68-308,1998,1.0,1.0
4880,124-68-308,2001,1.0,1.0
4880,124-68-308,2008,1.0,1.0
4880,124-68-308,2010,1.0,1.0
4880,124-68-308,2014,1.0,1.0
4880,124-68-308,2016,1.0,1.0
4880,124-68-308,2018,1.0,1.0
4880,124-68-308,2022,1.0,1.0
4880,124-68-308,2023,1.0,1.0
4880,124-68-312,2006,1.0,1.0
4880,124-68-312,2008,1.0,1.0
4880,124-68-312,2010,1.0,1.0
4880,124-68-312,2011,1.0,1.0
4880,124-68-312,2014,1.0,1.0
4880,124-68-312,2018,1.0,1.0
4880,124-68-314,1998,1.0,1.0
4880,124-68-314,2001,1.0,0.0
4880,124-68-314,2010,1.0,0.0
4880,124-68-314,2011,1.0,1.0
4880,124-68-314,2013,1.0,0.0
4880,124-68-314,2014,1.0,1.0
4880,124-68-314,2018,1.0,1.0
4880,124-68-316,1998,1.0,0.0
4880,124-68-316,2010,1.0,1.0
4880,124-68-316,2018,1.0,1.0
4880,124-68-317,1998,1.0,1.0
4880,124-68-317,2008,1.0,1.0
4880,124-68-317,2010,1.0,1.0
4880,124-68-317,2011,1.0,1.0
4880,124-68-317,2013,1.0,0.0
4880,124-68-319,1998,1.0,1.0
4880,124-68-319,2010,1.0,1.0
4880,124-68-319,2011,1.0,1.0
4880,124-68-319,2013,1.0,1.0
4880,124-68-319,2018,1.0,1.0
4880,124-68-319,2022,1.0,1.0
4880,124-68-323,2006,1.0,0.0
4880,124-68-323,2007,1.0,1.0
4880,124-68-323,2010,1.0,1.0
4880,124-68-323,2011,1.0,1.0
4880,124-68-323,2014,1.0,0.0
4880,124-68-323,2016,1.0,1.0
4880,124-68-324,1998,1.0,1.0
4880,124-68-324,2001,1.0,1.0
4880,124-68-324,2006,1.0,1.0
4880,124-68-324,2007,1.0,1.0
4880,124-68-324,2011,1.0,0.0
4880,124-68-325,2001,1.0,1.0
4880,124-68-325,2006,1.0,0.0
4880,124-68-325,2007,1.0,1.0
4880,124-68-325,2008,1.0,1.0
4880,124-68-325,2011,1.0,0.0
4880,124-68-325,2014,1.0,1.0
4880,124-68-326,2003,1.0,1.0
4880,124-68-326,2007,1.0,1.0
4880,124-68-326,2008,1.0,1.0
4880,124-68-326,2010,1.0,0.0
4880,124-68-326,2011,1.0,1.0
4880,124-68-326,2016,1.0,1.0
4880,124-68-338,2001,1.0,0.0
4880,124-68-338,2010,1.0,1.0
4880,124-68-338,2013,1.0,1.0
4880,124-68-338,2016,1.0,1.0
4880,124-68-338,2017,1.0,1.0
4880,124-68-338,2022,1.0,1.0
4880,124-68-35,1999,1.0,0.0
4880,124-68-35,2001,1.0,1.0
4880,124-68-35,2002,1.0,1.0
4880,124-68-35,2013,1.0,1.0
4880,124-68-35,2018,1.0,0.0
4880,124-68-35,2022,1.0,1.0
4880,124-68-350,1998,1.0,1.0
4880,124-68-350,2001,1.0,0.0
4880,124-68-350,2006,1.0,1.0
4880,124-68-350,2007,1.0,1.0
4880,124-68-350,2014,1.0,1.0
4880,124-68-350,2016,1.0,1.0
4880,124-68-36,2010,1.0,1.0
4880,124-68-36,2013,1.0,1.0
4880,124-68-36,2017,1.0,0.0
4880,124-68-36,2019,1.0,0.0
4880,124-68-36,2022,1.0,0.0
4880,124-68-36,2023,1.0,1.0
4880,124-68-37,2001,1.0,1.0
4880,124-68-37,2002,1.0,1.0
4880,124-68-37,2011,1.0,1.0
4880,124-68-37,2013,1.0,0.0
4880,124-68-37,2014,1.0,1.0
4880,124-68-37,2017,1.0,1.0
4880,124-68-37,2018,1.0,1.0
4880,124-68-39,2001,1.0,1.0
4880,124-68-39,2006,1.0,1.0
4880,124-68-39,2008,1.0,1.0
4880,124-68-39,2010,1.0,1.0
4880,124-68-39,2011,1.0,1.0
4880,124-68-39,2013,1.0,1.0
4880,124-68-39,2016,1.0,1.0
4880,124-68-39,2017,1.0,1.0
4880,124-68-39,2018,1.0,1.0
4880,124-68-39,2022,1.0,1.0
4880,124-68-4,2006,1.0,0.0
4880,124-68-4,2008,1.0,1.0
4880,124-68-4,2011,1.0,1.0
4880,124-68-4,2014,1.0,0.0
4880,124-68-4,2016,1.0,1.0
4880,124-68-4,2017,1.0,1.0
4880,124-68-4,2018,1.0,1.0
4880,124-68-43,2001,1.0,1.0
4880,124-68-43,2003,1.0,0.0
4880,124-68-43,2014,1.0,1.0
4880,124-68-43,2015,1.0,1.0
4880,124-68-43,2017,1.0,1.0
4880,124-68-43,2018,1.0,1.0
4880,124-68-43,2022,1.0,1.0
4880,124-68-44,2003,1.0,1.0
4880,124-68-44,2008,1.0,0.0
4880,124-68-44,2010,1.0,0.0
4880,124-68-44,2011,1.0,1.0
4880,124-68-44,2013,1.0,0.0
4880,124-68-44,2016,1.0,1.0
4880,124-68-47,1998,1.0,1.0
4880,124-68-47,2008,1.0,0.0
4880,124-68-47,2009,1.0,1.0
4880,124-68-47,2010,1.0,1.0
4880,124-68-47,2011,1.0,1.0
4880,124-68-47,2014,1.0,1.0
4880,124-68-47,2016,1.0,1.0
4880,124-68-47,2017,1.0,1.0
4880,124-68-47,2018,1.0,1.0
4880,124-68-49,2001,1.0,1.0
4880,124-68-49,2008,1.0,1.0
4880,124-68-49,2011,1.0,0.0
4880,124-68-49,2014,1.0,0.0
4880,124-68-49,2016,1.0,0.0
4880,124-68-49,2022,1.0,1.0
4880,124-68-5,1998,1.0,1.0
4880,124-68-5,2001,1.0,1.0
4880,124-68-5,2002,1.0,1.0
4880,124-68-5,2006,1.0,1.0
4880,124-68-5,2008,1.0,1.0
4880,124-68-5,2010,1.0,1.0
4880,124-68-5,2014,1.0,1.0
4880,124-68-5,2016,1.0,1.0
4880,124-68-5,2018,1.0,1.0
4880,124-68-5,2022,1.0,1.0
4880,124-68-5,2023,1.0,1.0
4880,124-68-50,2001,1.0,1.0
4880,124-68-50,2006,1.0,1.0
4880,124-68-50,2007,1.0,1.0
4880,124-68-50,2008,1.0,1.0
4880,124-68-50,2011,1.0,0.0
4880,124-68-52,2008,1.0,0.0
4880,124-68-52,2010,1.0,0.0
4880,124-68-52,2011,1.0,1.0
4880,124-68-52,2013,1.0,1.0
4880,124-68-52,2017,1.0,1.0
4880,124-68-52,2022,1.0,0.0
4880,124-68-53,2001,1.0,0.0
4880,124-68-53,2003,1.0,0.0
4880,124-68-53,2005,1.0,1.0
4880,124-68-53,2015,1.0,1.0
4880,124-68-53,2019,1.0,0.0
4880,124-68-54,2002,1.0,1.0
4880,124-68-54,2005,1.0,1.0
4880,124-68-54,2007,1.0,1.0
4880,124-68-54,2013,1.0,1.0
4880,124-68-54,2015,1.0,1.0
4880,124-68-54,2017,1.0,1.0
4880,124-68-57,2000,1.0,0.0
4880,124-68-57,2001,1.0,1.0
4880,124-68-57,2013,1.0,1.0
4880,124-68-59,1998,1.0,0.0
4880,124-68-59,1999,1.0,1.0
4880,124-68-59,2001,1.0,1.0
4880,124-68-59,2002,1.0,1.0
4880,124-68-59,2013,1.0,1.0
4880,124-68-59,2014,1.0,1.0
4880,124-68-59,2018,1.0,0.0
4880,124-68-6,1998,1.0,1.0
4880,124-68-6,2001,1.0,1.0
4880,124-68-6,2008,1.0,1.0
4880,124-68-6,2010,1.0,1.0
4880,124-68-6,2014,1.0,1.0
4880,124-68-6,2016,1.0,1.0
4880,124-68-64,2008,1.0,1.0
4880,124-68-64,2009,1.0,1.0
4880,124-68-64,2011,1.0,1.0
4880,124-68-64,2015,1.0,1.0
4880,124-68-64,2017,1.0,1.0
4880,124-68-64,2018,1.0,1.0
4880,124-68-65,2001,1.0,0.0
4880,124-68-65,2017,1.0,1.0
4880,124-68-66,1999,1.0,1.0
4880,124-68-66,2001,1.0,1.0
4880,124-68-66,2010,1.0,1.0
4880,124-68-66,2013,1.0,1.0
4880,124-68-66,2016,1.0,1.0
4880,124-68-66,2022,1.0,0.0
4880,124-68-7,2001,1.0,1.0
4880,124-68-7,2011,1.0,1.0
4880,124-68-7,2014,1.0,1.0
4880,124-68-7,2017,1.0,1.0
4880,124-68-8,2001,1.0,1.0
4880,124-68-8,2002,1.0,1.0
4880,124-68-8,2014,1.0,1.0
4880,124-68-8,2016,1.0,1.0
4880,124-68-8,2017,1.0,1.0
4880,124-68-83,2001,1.0,1.0
4880,124-68-83,2006,1.0,1.0
4880,124-68-83,2007,1.0,1.0
4880,124-68-83,2008,1.0,1.0
4880,124-68-83,2014,1.0,0.0
4880,124-68-83,2016,1.0,1.0
4880,124-68-9,2001,1.0,0.0
4880,124-68-9,2013,1.0,1.0
4880,124-75-5,1998,1.0,1.0
4880,124-75-5,2000,1.0,1.0
4880,124-75-5,2003,1.0,1.0
4880,124-75-5,2007,1.0,1.0
4880,124-75-5,2008,1.0,1.0
4880,124-75-5,2010,1.0,1.0
4880,124-75-5,2014,1.0,1.0
4880,124-75-5,2019,1.0,1.0
4880,124-75-9,1998,1.0,1.0
4880,124-75-9,2000,1.0,1.0
4880,124-75-9,2003,1.0,1.0
4880,124-75-9,2007,1.0,1.0
4880,124-75-9,2010,1.0,1.0
4880,124-75-9,2014,1.0,1.0
4880,124-75-9,2019,1.0,1.0
4880,124-75-9,2023,1.0,1.0
4880,124-76-1,2003,1.0,1.0
4880,124-76-1,2006,1.0,1.0
4880,124-76-1,2007,1.0,1.0
4880,124-76-1,2008,1.0,1.0
4880,124-76-1,2010,1.0,1.0
4880,124-76-1,2011,1.0,1.0
4880,124-76-1,2014,1.0,1.0
4880,124-76-1,2016,1.0,1.0
4880,124-76-1,2022,1.0,1.0
4880,124-76-109,1998,1.0,1.0
4880,124-76-109,2016,1.0,1.0
4880,124-76-109,2017,1.0,1.0
4880,124-76-109,2022,1.0,1.0
4880,124-76-109,2023,1.0,1.0
4880,124-76-113,2009,1.0,1.0
4880,124-76-113,2010,1.0,1.0
4880,124-76-113,2016,1.0,0.0
4880,124-76-113,2017,1.0,1.0
4880,124-76-113,2022,1.0,1.0
4880,124-76-12,1998,1.0,1.0
4880,124-76-12,2006,1.0,1.0
4880,124-76-12,2007,1.0,1.0
4880,124-76-12,2008,1.0,1.0
4880,124-76-12,2011,1.0,1.0
4880,124-76-12,2014,1.0,1.0
4880,124-76-12,2023,1.0,1.0
4880,124-76-120,1998,1.0,1.0
4880,124-76-120,2003,1.0,1.0
4880,124-76-120,2007,1.0,1.0
4880,124-76-120,2008,1.0,1.0
4880,124-76-120,2010,1.0,1.0
4880,124-76-120,2011,1.0,1.0
4880,124-76-120,2012,1.0,1.0
4880,124-76-120,2016,1.0,1.0
4880,124-76-120,2017,1.0,1.0
4880,124-76-120,2022,1.0,1.0
4880,124-76-120,2023,1.0,1.0
4880,124-76-121,1998,1.0,0.0
4880,124-76-121,2003,1.0,1.0
4880,124-76-121,2008,1.0,0.0
4880,124-76-121,2010,1.0,1.0
4880,124-76-121,2011,1.0,1.0
4880,124-76-121,2016,1.0,1.0
4880,124-76-121,2017,1.0,1.0
4880,124-76-121,2022,1.0,1.0
4880,124-76-121,2023,1.0,1.0
4880,124-76-125,2008,1.0,1.0
4880,124-76-125,2010,1.0,1.0
4880,124-76-125,2011,1.0,1.0
4880,124-76-125,2014,1.0,1.0
4880,124-76-125,2016,1.0,1.0
4880,124-76-125,2017,1.0,1.0
4880,124-76-125,2018,1.0,1.0
4880,124-76-127,2007,1.0,0.0
4880,124-76-127,2022,1.0,1.0
4880,124-76-140,2003,1.0,0.0
4880,124-76-140,2006,1.0,1.0
4880,124-76-140,2007,1.0,1.0
4880,124-76-140,2008,1.0,1.0
4880,124-76-140,2010,1.0,0.0
4880,124-76-140,2011,1.0,1.0
4880,124-76-140,2012,1.0,1.0
4880,124-76-140,2016,1.0,1.0
4880,124-76-140,2017,1.0,1.0
4880,124-76-140,2022,1.0,1.0
4880,124-76-140,2023,1.0,1.0
4880,124-76-159,1998,1.0,1.0
4880,124-76-159,2008,1.0,0.0
4880,124-76-159,2009,1.0,1.0
4880,124-76-159,2016,1.0,1.0
4880,124-76-159,2017,1.0,1.0
4880,124-76-159,2023,1.0,0.0
4880,124-76-16,1998,1.0,0.0
4880,124-76-16,2001,1.0,1.0
4880,124-76-16,2003,1.0,1.0
4880,124-76-16,2006,1.0,1.0
4880,124-76-16,2007,1.0,1.0
4880,124-76-16,2008,1.0,1.0
4880,124-76-16,2011,1.0,1.0
4880,124-76-16,2012,1.0,1.0
4880,124-76-16,2014,1.0,1.0
4880,124-76-165,1998,1.0,1.0
4880,124-76-165,2000,1.0,0.0
4880,124-76-165,2007,1.0,1.0
4880,124-76-165,2008,1.0,1.0
4880,124-76-165,2009,1.0,1.0
4880,124-76-165,2010,1.0,1.0
4880,124-76-165,2013,1.0,1.0
4880,124-76-165,2015,1.0,1.0
4880,124-76-165,2016,1.0,1.0
4880,124-76-165,2019,1.0,1.0
4880,124-76-165,2022,1.0,1.0
4880,124-76-165,2023,1.0,1.0
4880,124-76-18,1998,1.0,1.0
4880,124-76-18,2003,1.0,0.0
4880,124-76-18,2007,1.0,1.0
4880,124-76-18,2008,1.0,1.0
4880,124-76-18,2011,1.0,1.0
4880,124-76-18,2012,1.0,1.0
4880,124-76-18,2016,1.0,1.0
4880,124-76-18,2022,1.0,1.0
4880,124-76-18,2023,1.0,1.0
4880,124-76-19,2007,1.0,1.0
4880,124-76-19,2010,1.0,1.0
4880,124-76-19,2011,1.0,1.0
4880,124-76-19,2012,1.0,1.0
4880,124-76-19,2016,1.0,1.0
4880,124-76-19,2017,1.0,1.0
4880,124-76-19,2022,1.0,1.0
4880,124-76-19,2023,1.0,1.0
4880,124-76-190,1998,1.0,1.0
4880,124-76-190,2007,1.0,1.0
4880,124-76-190,2010,1.0,1.0
4880,124-76-190,2012,1.0,0.0
4880,124-76-190,2013,1.0,1.0
4880,124-76-190,2016,1.0,1.0
4880,124-76-190,2022,1.0,1.0
4880,124-76-2,2003,1.0,1.0
4880,124-76-2,2010,1.0,1.0
4880,124-76-2,2016,1.0,1.0
4880,124-76-2,2017,1.0,1.0
4880,124-76-2,2018,1.0,1.0
4880,124-76-2,2022,1.0,1.0
4880,124-76-201,2001,1.0,1.0
4880,124-76-201,2006,1.0,1.0
4880,124-76-201,2007,1.0,1.0
4880,124-76-201,2010,1.0,1.0
4880,124-76-201,2011,1.0,1.0
4880,124-76-201,2014,1.0,0.0
4880,124-76-201,2016,1.0,1.0
4880,124-76-21,1998,1.0,1.0
4880,124-76-21,2003,1.0,1.0
4880,124-76-21,2007,1.0,1.0
4880,124-76-21,2008,1.0,1.0
4880,124-76-21,2010,1.0,1.0
4880,124-76-21,2011,1.0,1.0
4880,124-76-21,2012,1.0,1.0
4880,124-76-21,2016,1.0,1.0
4880,124-76-21,2017,1.0,1.0
4880,124-76-21,2022,1.0,1.0
4880,124-76-21,2023,1.0,1.0
4880,124-76-216,2003,1.0,1.0
4880,124-76-216,2010,1.0,0.0
4880,124-76-216,2011,1.0,1.0
4880,124-76-216,2022,1.0,1.0
4880,124-76-22,1998,1.0,1.0
4880,124-76-22,2007,1.0,1.0
4880,124-76-22,2010,1.0,1.0
4880,124-76-22,2011,1.0,1.0
4880,124-76-22,2012,1.0,1.0
4880,124-76-22,2013,1.0,1.0
4880,124-76-22,2016,1.0,1.0
4880,124-76-22,2017,1.0,1.0
4880,124-76-22,2022,1.0,1.0
4880,124-76-22,2023,1.0,1.0
4880,124-76-221,1998,1.0,1.0
4880,124-76-221,2003,1.0,1.0
4880,124-76-221,2007,1.0,1.0
4880,124-76-221,2008,1.0,1.0
4880,124-76-221,2011,1.0,1.0
4880,124-76-221,2012,1.0,1.0
4880,124-76-23,1998,1.0,1.0
4880,124-76-23,2007,1.0,1.0
4880,124-76-23,2008,1.0,1.0
4880,124-76-23,2011,1.0,1.0
4880,124-76-23,2012,1.0,1.0
4880,124-76-23,2016,1.0,1.0
4880,124-76-23,2023,1.0,0.0
4880,124-76-238,1998,1.0,1.0
4880,124-76-238,2003,1.0,0.0
4880,124-76-238,2010,1.0,0.0
4880,124-76-238,2016,1.0,1.0
4880,124-76-238,2017,1.0,1.0
4880,124-76-3,2003,1.0,0.0
4880,124-76-3,2010,1.0,1.0
4880,124-76-3,2011,1.0,1.0
4880,124-76-3,2016,1.0,1.0
4880,124-76-3,2022,1.0,0.0
4880,124-76-302,1998,1.0,1.0
4880,124-76-302,2003,1.0,1.0
4880,124-76-302,2006,1.0,1.0
4880,124-76-302,2007,1.0,1.0
4880,124-76-302,2010,1.0,1.0
4880,124-76-302,2011,1.0,1.0
4880,124-76-302,2014,1.0,1.0
4880,124-76-302,2016,1.0,1.0
4880,124-76-302,2022,1.0,1.0
4880,124-76-302,2023,1.0,1.0
4880,124-76-306,1998,1.0,1.0
4880,124-76-306,2003,1.0,1.0
4880,124-76-306,2007,1.0,1.0
4880,124-76-306,2010,1.0,1.0
4880,124-76-306,2011,1.0,1.0
4880,124-76-306,2016,1.0,1.0
4880,124-76-306,2023,1.0,1.0
4880,124-76-309,1998,1.0,0.0
4880,124-76-309,2003,1.0,1.0
4880,124-76-309,2007,1.0,1.0
4880,124-76-309,2010,1.0,1.0
4880,124-76-309,2011,1.0,1.0
4880,124-76-309,2012,1.0,1.0
4880,124-76-309,2013,1.0,1.0
4880,124-76-309,2016,1.0,1.0
4880,124-76-309,2017,1.0,1.0
4880,124-76-309,2018,1.0,1.0
4880,124-76-310,1998,1.0,1.0
4880,124-76-310,2003,1.0,0.0
4880,124-76-310,2007,1.0,1.0
4880,124-76-310,2010,1.0,1.0
4880,124-76-310,2011,1.0,1.0
4880,124-76-310,2012,1.0,1.0
4880,124-76-310,2016,1.0,1.0
4880,124-76-310,2017,1.0,1.0
4880,124-76-310,2019,1.0,1.0
4880,124-76-310,2022,1.0,1.0
4880,124-76-310,2023,1.0,1.0
4880,124-76-314,2003,1.0,1.0
4880,124-76-314,2007,1.0,1.0
4880,124-76-314,2010,1.0,1.0
4880,124-76-314,2011,1.0,1.0
4880,124-76-314,2014,1.0,0.0
4880,124-76-318,1998,1.0,0.0
4880,124-76-318,2003,1.0,1.0
4880,124-76-318,2011,1.0,0.0
4880,124-76-318,2012,1.0,1.0
4880,124-76-318,2014,1.0,0.0
4880,124-76-318,2016,1.0,1.0
4880,124-76-318,2022,1.0,1.0
4880,124-76-318,2023,1.0,1.0
4880,124-76-320,2007,1.0,1.0
4880,124-76-320,2008,1.0,1.0
4880,124-76-320,2011,1.0,1.0
4880,124-76-320,2012,1.0,1.0
4880,124-76-320,2014,1.0,0.0
4880,124-76-320,2023,1.0,0.0
4880,124-76-324,2007,1.0,1.0
4880,124-76-324,2008,1.0,1.0
4880,124-76-324,2010,1.0,1.0
4880,124-76-324,2011,1.0,1.0
4880,124-76-324,2012,1.0,1.0
4880,124-76-324,2016,1.0,1.0
4880,124-76-324,2017,1.0,1.0
4880,124-76-324,2023,1.0,0.0
4880,124-76-39,1998,1.0,1.0
4880,124-76-39,2003,1.0,1.0
4880,124-76-39,2006,1.0,1.0
4880,124-76-39,2007,1.0,1.0
4880,124-76-39,2008,1.0,1.0
4880,124-76-39,2010,1.0,1.0
4880,124-76-39,2011,1.0,1.0
4880,124-76-39,2012,1.0,1.0
4880,124-76-39,2017,1.0,1.0
4880,124-76-39,2022,1.0,0.0
4880,124-76-39,2023,1.0,1.0
4880,124-76-4,1998,1.0,1.0
4880,124-76-4,2003,1.0,1.0
4880,124-76-4,2006,1.0,1.0
4880,124-76-4,2007,1.0,1.0
4880,124-76-4,2010,1.0,1.0
4880,124-76-4,2011,1.0,1.0
4880,124-76-4,2013,1.0,1.0
4880,124-76-4,2016,1.0,1.0
4880,124-76-4,2017,1.0,1.0
4880,124-76-4,2022,1.0,1.0
4880,124-76-4,2023,1.0,1.0
4880,124-76-40,2003,1.0,0.0
4880,124-76-40,2007,1.0,0.0
4880,124-76-40,2008,1.0,1.0
4880,124-76-40,2010,1.0,1.0
4880,124-76-40,2011,1.0,1.0
4880,124-76-40,2012,1.0,1.0
4880,124-76-40,2017,1.0,1.0
4880,124-76-40,2022,1.0,1.0
4880,124-76-439,2006,1.0,1.0
4880,124-76-439,2007,1.0,1.0
4880,124-76-439,2011,1.0,0.0
4880,124-76-439,2012,1.0,1.0
4880,124-76-439,2017,1.0,1.0
4880,124-76-439,2022,1.0,1.0
4880,124-76-439,2023,1.0,1.0
4880,124-76-5,1998,1.0,1.0
4880,124-76-5,2003,1.0,1.0
4880,124-76-5,2007,1.0,1.0
4880,124-76-5,2010,1.0,1.0
4880,124-76-5,2011,1.0,1.0
4880,124-76-5,2013,1.0,1.0
4880,124-76-5,2016,1.0,1.0
4880,124-76-5,2017,1.0,1.0
4880,124-76-5,2022,1.0,1.0
4880,124-76-5,2023,1.0,1.0
4880,124-76-537,1998,1.0,0.0
4880,124-76-537,2003,1.0,0.0
4880,124-76-537,2007,1.0,1.0
4880,124-76-537,2008,1.0,1.0
4880,124-76-537,2011,1.0,1.0
4880,124-76-537,2012,1.0,1.0
4880,124-76-537,2016,1.0,1.0
4880,124-76-537,2022,1.0,1.0
4880,124-76-537,2023,1.0,1.0
4880,124-76-55,2007,1.0,0.0
4880,124-76-55,2008,1.0,1.0
4880,124-76-55,2011,1.0,1.0
4880,124-76-55,2016,1.0,1.0
4880,124-76-55,2017,1.0,1.0
4880,124-76-55,2022,1.0,1.0
4880,124-76-6,1998,1.0,1.0
4880,124-76-6,2003,1.0,1.0
4880,124-76-6,2006,1.0,1.0
4880,124-76-6,2007,1.0,1.0
4880,124-76-6,2008,1.0,1.0
4880,124-76-6,2011,1.0,1.0
4880,124-76-6,2012,1.0,1.0
4880,124-76-6,2014,1.0,1.0
4880,124-76-60,1998,1.0,1.0
4880,124-76-60,2007,1.0,1.0
4880,124-76-60,2008,1.0,1.0
4880,124-76-60,2009,1.0,1.0
4880,124-76-60,2011,1.0,0.0
4880,124-76-60,2012,1.0,1.0
4880,124-76-60,2016,1.0,1.0
4880,124-76-60,2017,1.0,1.0
4880,124-76-61,1998,1.0,1.0
4880,124-76-61,2008,1.0,0.0
4880,124-76-61,2011,1.0,0.0
4880,124-76-61,2012,1.0,1.0
4880,124-76-61,2016,1.0,1.0
4880,124-76-61,2017,1.0,1.0
4880,124-76-67,2007,1.0,1.0
4880,124-76-67,2009,1.0,1.0
4880,124-76-67,2010,1.0,1.0
4880,124-76-67,2013,1.0,1.0
4880,124-76-67,2016,1.0,1.0
4880,124-76-67,2022,1.0,1.0
4880,124-76-67,2023,1.0,1.0
4880,124-76-69,1998,1.0,1.0
4880,124-76-69,2007,1.0,1.0
4880,124-76-69,2009,1.0,0.0
4880,124-76-69,2010,1.0,1.0
4880,124-76-69,2012,1.0,0.0
4880,124-76-69,2016,1.0,0.0
4880,124-76-69,2017,1.0,1.0
4880,124-76-69,2022,1.0,1.0
4880,124-76-69,2023,1.0,1.0
4880,124-76-70,2000,1.0,1.0
4880,124-76-70,2008,1.0,0.0
4880,124-76-70,2014,1.0,1.0
4880,124-76-70,2016,1.0,1.0
4880,124-76-8,1998,1.0,1.0
4880,124-76-8,2003,1.0,1.0
4880,124-76-8,2007,1.0,1.0
4880,124-76-8,2010,1.0,1.0
4880,124-76-8,2011,1.0,1.0
4880,124-76-8,2012,1.0,1.0
4880,124-76-8,2022,1.0,1.0
4880,124-76-8,2023,1.0,1.0
4880,124-76-9,1998,1.0,1.0
4880,124-76-9,2003,1.0,1.0
4880,124-76-9,2007,1.0,0.0
4880,124-76-9,2010,1.0,1.0
4880,124-76-9,2011,1.0,1.0
4880,124-76-9,2013,1.0,1.0
4880,124-76-9,2016,1.0,1.0
4880,124-76-9,2023,1.0,0.0
4880,124-76-90,1998,1.0,1.0
4880,124-76-90,2003,1.0,1.0
4880,124-76-90,2007,1.0,1.0
4880,124-76-90,2010,1.0,1.0
4880,124-76-90,2011,1.0,1.0
4880,124-76-90,2017,1.0,0.0
4880,124-76-90,2022,1.0,1.0
4880,124-79-106,2001,1.0,1.0
4880,124-79-106,2002,1.0,1.0
4880,124-79-106,2003,1.0,1.0
4880,124-79-106,2005,1.0,1.0
4880,124-79-106,2013,1.0,1.0
4880,124-79-109,2001,1.0,1.0
4880,124-79-109,2002,1.0,1.0
4880,124-79-109,2003,1.0,1.0
4880,124-79-109,2019,1.0,1.0
4880,124-79-109,2022,1.0,0.0
4880,124-79-112,2002,1.0,0.0
4880,124-79-112,2003,1.0,1.0
4880,124-79-112,2006,1.0,1.0
4880,124-79-112,2007,1.0,1.0
4880,124-79-112,2010,1.0,1.0
4880,124-79-112,2012,1.0,0.0
4880,124-79-112,2022,1.0,0.0
4880,124-79-113,2006,1.0,1.0
4880,124-79-113,2007,1.0,1.0
4880,124-79-113,2009,1.0,1.0
4880,124-79-113,2010,1.0,1.0
4880,124-79-113,2013,1.0,1.0
4880,124-79-113,2022,1.0,1.0
4880,124-79-116,2002,1.0,1.0
4880,124-79-116,2009,1.0,1.0
4880,124-79-116,2010,1.0,1.0
4880,124-79-123,2001,1.0,1.0
4880,124-79-123,2007,1.0,1.0
4880,124-79-123,2008,1.0,1.0
4880,124-79-123,2009,1.0,1.0
4880,124-79-123,2011,1.0,0.0
4880,124-79-124,2001,1.0,0.0
4880,124-79-124,2003,1.0,0.0
4880,124-79-124,2007,1.0,0.0
4880,124-79-124,2009,1.0,1.0
4880,124-79-124,2010,1.0,1.0
4880,124-79-124,2011,1.0,1.0
4880,124-79-124,2013,1.0,0.0
4880,124-79-124,2017,1.0,1.0
4880,124-79-124,2019,1.0,1.0
4880,124-79-124,2022,1.0,1.0
4880,124-79-130,2008,1.0,1.0
4880,124-79-130,2009,1.0,1.0
4880,124-79-130,2010,1.0,1.0
4880,124-79-130,2011,1.0,1.0
4880,124-79-130,2012,1.0,1.0
4880,124-79-130,2013,1.0,1.0
4880,124-79-130,2017,1.0,1.0
4880,124-79-130,2022,1.0,1.0
4880,124-79-132,2001,1.0,1.0
4880,124-79-132,2003,1.0,1.0
4880,124-79-132,2006,1.0,1.0
4880,124-79-132,2008,1.0,1.0
4880,124-79-132,2009,1.0,1.0
4880,124-79-132,2011,1.0,1.0
4880,124-79-132,2012,1.0,1.0
4880,124-79-132,2013,1.0,1.0
4880,124-79-132,2017,1.0,1.0
4880,124-79-132,2019,1.0,0.0
4880,124-79-132,2022,1.0,1.0
4880,124-79-133,2001,1.0,1.0
4880,124-79-133,2003,1.0,1.0
4880,124-79-133,2007,1.0,1.0
4880,124-79-133,2008,1.0,1.0
4880,124-79-133,2009,1.0,1.0
4880,124-79-133,2010,1.0,1.0
4880,124-79-133,2011,1.0,1.0
4880,124-79-133,2012,1.0,1.0
4880,124-79-133,2013,1.0,1.0
4880,124-79-133,2017,1.0,1.0
4880,124-79-133,2019,1.0,0.0
4880,124-79-133,2022,1.0,1.0
4880,124-79-139,1998,1.0,0.0
4880,124-79-139,1999,1.0,1.0
4880,124-79-139,2001,1.0,1.0
4880,124-79-139,2010,1.0,0.0
4880,124-79-139,2011,1.0,1.0
4880,124-79-139,2017,1.0,0.0
4880,124-79-142,1998,1.0,1.0
4880,124-79-142,2001,1.0,1.0
4880,124-79-142,2003,1.0,1.0
4880,124-79-142,2007,1.0,1.0
4880,124-79-142,2010,1.0,1.0
4880,124-79-142,2011,1.0,1.0
4880,124-79-142,2012,1.0,1.0
4880,124-79-142,2013,1.0,1.0
4880,124-79-217,2002,1.0,1.0
4880,124-79-217,2012,1.0,0.0
4880,124-79-217,2013,1.0,1.0
4880,124-79-217,2019,1.0,1.0
4880,124-79-217,2022,1.0,1.0
4880,124-79-24,2001,1.0,1.0
4880,124-79-24,2003,1.0,1.0
4880,124-79-24,2007,1.0,1.0
4880,124-79-24,2008,1.0,1.0
4880,124-79-24,2009,1.0,1.0
4880,124-79-309,2002,1.0,0.0
4880,124-79-309,2003,1.0,1.0
4880,124-79-309,2019,1.0,0.0
4880,124-79-33,2001,1.0,1.0
4880,124-79-33,2003,1.0,1.0
4880,124-79-33,2007,1.0,1.0
4880,124-79-33,2008,1.0,1.0
4880,124-79-33,2009,1.0,1.0
4880,124-79-33,2010,1.0,1.0
4880,124-79-33,2011,1.0,1.0
4880,124-79-33,2013,1.0,1.0
4880,124-79-33,2019,1.0,1.0
4880,124-79-40,1998,1.0,0.0
4880,124-79-40,1999,1.0,1.0
4880,124-79-40,2001,1.0,1.0
4880,124-79-40,2019,1.0,1.0
4880,124-79-40,2022,1.0,1.0
4880,124-79-403,2005,1.0,1.0
4880,124-79-403,2019,1.0,1.0
4880,124-79-424,2002,1.0,1.0
4880,124-79-424,2010,1.0,0.0
4880,124-79-424,2013,1.0,0.0
4880,124-79-424,2019,1.0,1.0
4880,124-93-6,2023,1.0,0.0
4880,840-14-1,2007,1.0,1.0
4880,840-14-1,2008,1.0,1.0
4880,840-14-1,2009,1.0,1.0
4880,840-14-1,2018,1.0,1.0
4880,840-14-106,2002,1.0,1.0
4880,840-14-106,2013,1.0,1.0
4880,840-14-106,2014,1.0,1.0
4880,840-14-106,2018,1.0,1.0
4880,840-14-108,1998,1.0,1.0
4880,840-14-108,2000,1.0,1.0
4880,840-14-108,2001,1.0,1.0
4880,840-14-108,2003,1.0,1.0
4880,840-14-108,2006,1.0,1.0
4880,840-14-108,2008,1.0,1.0
4880,840-14-108,2009,1.0,1.0
4880,840-14-108,2013,1.0,1.0
4880,840-14-108,2014,1.0,1.0
4880,840-14-108,2017,1.0,1.0
4880,840-14-108,2018,1.0,1.0
4880,840-14-11,2006,1.0,0.0
4880,840-14-11,2013,1.0,0.0
4880,840-14-11,2017,1.0,0.0
4880,840-14-11,2019,1.0,0.0
4880,840-14-129,2019,1.0,1.0
4880,840-14-137,2000,1.0,0.0
4880,840-14-137,2007,1.0,1.0
4880,840-14-137,2013,1.0,1.0
4880,840-14-137,2014,1.0,1.0
4880,840-14-137,2018,1.0,1.0
4880,840-14-138,2002,1.0,0.0
4880,840-14-138,2003,1.0,1.0
4880,840-14-138,2004,1.0,1.0
4880,840-14-138,2007,1.0,1.0
4880,840-14-138,2010,1.0,1.0
4880,840-14-138,2014,1.0,1.0
4880,840-14-148,2000,1.0,1.0
4880,840-14-148,2002,1.0,0.0
4880,840-14-148,2004,1.0,1.0
4880,840-14-148,2007,1.0,1.0
4880,840-14-148,2019,1.0,1.0
4880,840-14-151,2013,1.0,1.0
4880,840-14-151,2014,1.0,1.0
4880,840-14-153,2001,1.0,1.0
4880,840-14-153,2002,1.0,1.0
4880,840-14-153,2003,1.0,1.0
4880,840-14-153,2004,1.0,1.0
4880,840-14-153,2006,1.0,1.0
4880,840-14-153,2007,1.0,1.0
4880,840-14-153,2008,1.0,1.0
4880,840-14-153,2014,1.0,1.0
4880,840-14-153,2016,1.0,1.0
4880,840-14-153,2017,1.0,1.0
4880,840-14-153,2018,1.0,1.0
4880,840-14-153,2019,1.0,1.0
4880,840-14-153,2022,1.0,1.0
4880,840-14-155,2003,1.0,1.0
4880,840-14-155,2004,1.0,1.0
4880,840-14-155,2007,1.0,1.0
4880,840-14-155,2018,1.0,1.0
4880,840-14-158,1999,1.0,1.0
4880,840-14-158,2009,1.0,0.0
4880,840-14-158,2010,1.0,1.0
4880,840-14-158,2012,1.0,0.0
4880,840-14-159,2003,1.0,1.0
4880,840-14-159,2006,1.0,1.0
4880,840-14-159,2012,1.0,1.0
4880,840-14-16,1999,1.0,1.0
4880,840-14-16,2002,1.0,1.0
4880,840-14-16,2009,1.0,1.0
4880,840-14-16,2010,1.0,1.0
4880,840-14-16,2012,1.0,1.0
4880,840-14-16,2018,1.0,0.0
4880,840-14-160,2002,1.0,0.0
4880,840-14-160,2003,1.0,1.0
4880,840-14-160,2004,1.0,1.0
4880,840-14-160,2008,1.0,1.0
4880,840-14-160,2013,1.0,1.0
4880,840-14-160,2016,1.0,1.0
4880,840-14-160,2018,1.0,1.0
4880,840-14-160,2023,1.0,0.0
4880,840-14-162,2000,1.0,1.0
4880,840-14-162,2002,1.0,0.0
4880,840-14-162,2006,1.0,0.0
4880,840-14-162,2007,1.0,1.0
4880,840-14-162,2013,1.0,0.0
4880,840-14-162,2014,1.0,1.0
4880,840-14-162,2016,1.0,0.0
4880,840-14-164,2001,1.0,1.0
4880,840-14-164,2007,1.0,1.0
4880,840-14-164,2008,1.0,1.0
4880,840-14-165,2008,1.0,0.0
4880,840-14-165,2018,1.0,1.0
4880,840-14-165,2019,1.0,1.0
4880,840-14-165,2022,1.0,1.0
4880,840-14-173,2000,1.0,1.0
4880,840-14-173,2013,1.0,1.0
4880,840-14-173,2014,1.0,1.0
4880,840-14-173,2018,1.0,1.0
4880,840-14-173,2019,1.0,1.0
4880,840-14-177,2002,1.0,1.0
4880,840-14-177,2017,1.0,1.0
4880,840-14-177,2018,1.0,1.0
4880,840-14-179,2000,1.0,1.0
4880,840-14-179,2001,1.0,1.0
4880,840-14-179,2002,1.0,1.0
4880,840-14-179,2006,1.0,1.0
4880,840-14-179,2007,1.0,1.0
4880,840-14-179,2008,1.0,1.0
4880,840-14-179,2016,1.0,1.0
4880,840-14-179,2019,1.0,1.0
4880,840-14-179,2022,1.0,1.0
4880,840-14-181,2012,1.0,0.0
4880,840-14-182,1998,1.0,1.0
4880,840-14-182,2002,1.0,0.0
4880,840-14-182,2003,1.0,1.0
4880,840-14-182,2004,1.0,1.0
4880,840-14-182,2008,1.0,1.0
4880,840-14-182,2009,1.0,1.0
4880,840-14-182,2013,1.0,1.0
4880,840-14-182,2016,1.0,1.0
4880,840-14-182,2017,1.0,1.0
4880,840-14-182,2018,1.0,1.0
4880,840-14-182,2022,1.0,1.0
4880,840-14-182,2023,1.0,1.0
4880,840-14-184,2002,1.0,1.0
4880,840-14-184,2003,1.0,1.0
4880,840-14-184,2004,1.0,1.0
4880,840-14-184,2006,1.0,1.0
4880,840-14-184,2007,1.0,1.0
4880,840-14-184,2018,1.0,0.0
4880,840-14-185,2007,1.0,0.0
4880,840-14-186,2002,1.0,1.0
4880,840-14-186,2004,1.0,1.0
4880,840-14-186,2007,1.0,1.0
4880,840-14-186,2017,1.0,1.0
4880,840-14-186,2019,1.0,1.0
4880,840-14-189,2003,1.0,1.0
4880,840-14-189,2004,1.0,1.0
4880,840-14-189,2007,1.0,1.0
4880,840-14-189,2016,1.0,1.0
4880,840-14-189,2017,1.0,1.0
4880,840-14-189,2018,1.0,1.0
4880,840-14-189,2019,1.0,1.0
4880,840-14-193,2001,1.0,1.0
4880,840-14-193,2002,1.0,1.0
4880,840-14-193,2003,1.0,1.0
4880,840-14-193,2004,1.0,1.0
4880,840-14-193,2006,1.0,1.0
4880,840-14-193,2008,1.0,0.0
4880,840-14-193,2009,1.0,1.0
4880,840-14-193,2013,1.0,1.0
4880,840-14-193,2014,1.0,1.0
4880,840-14-193,2016,1.0,1.0
4880,840-14-193,2017,1.0,1.0
4880,840-14-193,2018,1.0,1.0
4880,840-14-194,2008,1.0,1.0
4880,840-14-194,2013,1.0,1.0
4880,840-14-194,2014,1.0,1.0
4880,840-14-194,2017,1.0,1.0
4880,840-14-194,2018,1.0,1.0
4880,840-14-195,2008,1.0,1.0
4880,840-14-195,2013,1.0,1.0
4880,840-14-195,2014,1.0,1.0
4880,840-14-195,2017,1.0,1.0
4880,840-14-195,2018,1.0,1.0
4880,840-14-195,2019,1.0,1.0
4880,840-14-198,2001,1.0,1.0
4880,840-14-198,2008,1.0,1.0
4880,840-14-198,2019,1.0,0.0
4880,840-14-199,2018,1.0,0.0
4880,840-14-201,2006,1.0,0.0
4880,840-14-201,2016,1.0,0.0
4880,840-14-21,2002,1.0,1.0
4880,840-14-21,2003,1.0,1.0
4880,840-14-21,2004,1.0,1.0
4880,840-14-21,2006,1.0,1.0
4880,840-14-21,2007,1.0,1.0
4880,840-14-21,2018,1.0,1.0
4880,840-14-21,2019,1.0,1.0
4880,840-14-221,2000,1.0,0.0
4880,840-14-221,2007,1.0,1.0
4880,840-14-226,2007,1.0,1.0
4880,840-14-226,2013,1.0,0.0
4880,840-14-3,2002,1.0,0.0
4880,840-14-3,2003,1.0,1.0
4880,840-14-3,2004,1.0,1.0
4880,840-14-319,2006,1.0,0.0
4880,840-14-319,2013,1.0,1.0
4880,840-14-319,2017,1.0,0.0
4880,840-14-319,2018,1.0,1.0
4880,840-14-32,2006,1.0,0.0
4880,840-14-32,2008,1.0,1.0
4880,840-14-32,2013,1.0,1.0
4880,840-14-32,2014,1.0,1.0
4880,840-14-32,2018,1.0,1.0
4880,840-14-32,2019,1.0,1.0
4880,840-14-33,2002,1.0,1.0
4880,840-14-33,2018,1.0,1.0
4880,840-14-33,2019,1.0,1.0
4880,840-14-409,2001,1.0,1.0
4880,840-14-409,2007,1.0,0.0
4880,840-14-415,2003,1.0,0.0
4880,840-14-415,2004,1.0,1.0
4880,840-14-415,2007,1.0,0.0
4880,840-14-415,2008,1.0,1.0
4880,840-14-415,2013,1.0,0.0
4880,840-14-417,2004,1.0,0.0
4880,840-14-417,2007,1.0,0.0
4880,840-14-435,1998,1.0,0.0
4880,840-14-435,1999,1.0,1.0
4880,840-14-47,2004,1.0,1.0
4880,840-14-47,2007,1.0,1.0
4880,840-14-47,2013,1.0,1.0
4880,840-14-47,2014,1.0,1.0
4880,840-14-47,2018,1.0,1.0
4880,840-14-51,2014,1.0,0.0
4880,840-14-54,2002,1.0,1.0
4880,840-14-54,2003,1.0,1.0
4880,840-14-54,2004,1.0,1.0
4880,840-14-54,2012,1.0,1.0
4880,840-14-6,2008,1.0,0.0
4880,840-14-6,2018,1.0,0.0
4880,840-14-6,2022,1.0,1.0
4880,840-14-7,2002,1.0,0.0
4880,840-14-7,2003,1.0,1.0
4880,840-14-7,2007,1.0,1.0
4880,840-14-7,2016,1.0,1.0
4880,840-14-7,2019,1.0,1.0
4880,840-14-71,2000,1.0,1.0
4880,840-14-71,2001,1.0,1.0
4880,840-14-71,2003,1.0,1.0
4880,840-14-71,2004,1.0,1.0
4880,840-14-71,2005,1.0,1.0
4880,840-14-71,2006,1.0,1.0
4880,840-14-71,2009,1.0,1.0
4880,840-14-71,2010,1.0,1.0
4880,840-14-71,2013,1.0,1.0
4880,840-14-71,2014,1.0,1.0
4880,840-14-71,2015,1.0,1.0
4880,840-14-71,2016,1.0,1.0
4880,840-14-71,2017,1.0,1.0
4880,840-14-71,2018,1.0,1.0
4880,840-14-71,2022,1.0,1.0
4880,840-14-79,2000,1.0,1.0
4880,840-14-79,2013,1.0,1.0
4880,840-14-79,2016,1.0,1.0
4880,840-14-79,2017,1.0,1.0
4880,840-14-79,2022,1.0,1.0
4880,840-14-80,2000,1.0,1.0
4880,840-14-80,2001,1.0,1.0
4880,840-14-80,2002,1.0,1.0
4880,840-14-80,2006,1.0,1.0
4880,840-14-80,2007,1.0,1.0
4880,840-14-80,2008,1.0,1.0
4880,840-14-80,2019,1.0,1.0
4880,840-14-80,2022,1.0,0.0
4880,840-14-82,2022,1.0,0.0
4880,840-14-98,2002,1.0,1.0
4880,840-14-98,2003,1.0,1.0
4880,840-14-98,2004,1.0,1.0
4880,840-14-98,2006,1.0,1.0
4880,840-14-98,2007,1.0,1.0
4880,840-14-98,2016,1.0,1.0
4880,840-14-98,2018,1.0,1.0
4880,840-17-10,2015,1.0,1.0
4880,840-17-10,2017,1.0,1.0
4880,840-17-10,2022,1.0,1.0
4880,840-17-11,2000,1.0,1.0
4880,840-17-11,2008,1.0,1.0
4880,840-17-11,2015,1.0,1.0
4880,840-17-12,2000,1.0,1.0
4880,840-17-12,2007,1.0,1.0
4880,840-17-12,2011,1.0,0.0
4880,840-17-12,2015,1.0,0.0
4880,840-17-125,2004,1.0,0.0
4880,840-17-125,2007,1.0,1.0
4880,840-17-125,2008,1.0,1.0
4880,840-17-15,2000,1.0,0.0
4880,840-17-15,2015,1.0,1.0
4880,840-17-153,2000,1.0,1.0
4880,840-17-153,2007,1.0,0.0
4880,840-17-16,2003,1.0,1.0
4880,840-17-16,2010,1.0,0.0
4880,840-17-16,2014,1.0,0.0
4880,840-17-17,2000,1.0,1.0
4880,840-17-17,2001,1.0,1.0
4880,840-17-17,2007,1.0,1.0
4880,840-17-17,2010,1.0,1.0
4880,840-17-17,2022,1.0,1.0
4880,840-17-18,2015,1.0,1.0
4880,840-17-19,2003,1.0,0.0
4880,840-17-2,2018,1.0,0.0
4880,840-17-202,2001,1.0,0.0
4880,840-17-202,2007,1.0,1.0
4880,840-17-202,2017,1.0,0.0
4880,840-17-203,2001,1.0,0.0
4880,840-17-203,2007,1.0,0.0
4880,840-17-203,2022,1.0,0.0
4880,840-17-204,2017,1.0,0.0
4880,840-17-204,2022,1.0,1.0
4880,840-17-206,2001,1.0,0.0
4880,840-17-207,2000,1.0,1.0
4880,840-17-209,2000,1.0,1.0
4880,840-17-209,2001,1.0,1.0
4880,840-17-209,2010,1.0,0.0
4880,840-17-209,2017,1.0,1.0
4880,840-17-21,1998,1.0,0.0
4880,840-17-211,2001,1.0,0.0
4880,840-17-211,2015,1.0,0.0
4880,840-17-211,2017,1.0,1.0
4880,840-17-211,2022,1.0,1.0
4880,840-17-215,2000,1.0,1.0
4880,840-17-215,2001,1.0,1.0
4880,840-17-215,2015,1.0,1.0
4880,840-17-215,2022,1.0,1.0
4880,840-17-216,2022,1.0,0.0
4880,840-17-218,2000,1.0,1.0
4880,840-17-218,2005,1.0,1.0
4880,840-17-218,2008,1.0,1.0
4880,840-17-218,2014,1.0,0.0
4880,840-17-218,2015,1.0,1.0
4880,840-17-220,2006,1.0,0.0
4880,840-17-220,2011,1.0,0.0
4880,840-17-221,2000,1.0,1.0
4880,840-17-221,2001,1.0,1.0
4880,840-17-221,2015,1.0,0.0
4880,840-17-221,2017,1.0,0.0
4880,840-17-222,2004,1.0,1.0
4880,840-17-222,2010,1.0,1.0
4880,840-17-222,2014,1.0,1.0
4880,840-17-222,2015,1.0,1.0
4880,840-17-223,2000,1.0,1.0
4880,840-17-223,2001,1.0,1.0
4880,840-17-223,2007,1.0,0.0
4880,840-17-223,2010,1.0,1.0
4880,840-17-223,2014,1.0,1.0
4880,840-17-223,2015,1.0,1.0
4880,840-17-223,2022,1.0,1.0
4880,840-17-228,2001,1.0,0.0
4880,840-17-228,2005,1.0,1.0
4880,840-17-228,2009,1.0,1.0
4880,840-17-23,2003,1.0,1.0
4880,840-17-23,2011,1.0,0.0
4880,840-17-3,2000,1.0,1.0
4880,840-17-3,2010,1.0,1.0
4880,840-17-3,2022,1.0,1.0
4880,840-17-301,2006,1.0,0.0
4880,840-17-301,2007,1.0,1.0
4880,840-17-301,2016,1.0,0.0
4880,840-17-302,2010,1.0,0.0
4880,840-17-303,2001,1.0,1.0
4880,840-17-303,2007,1.0,1.0
4880,840-17-303,2017,1.0,1.0
4880,840-17-303,2022,1.0,1.0
4880,840-17-304,2022,1.0,1.0
4880,840-17-308,2006,1.0,0.0
4880,840-17-308,2013,1.0,0.0
4880,840-17-308,2016,1.0,1.0
4880,840-17-309,2004,1.0,0.0
4880,840-17-309,2014,1.0,1.0
4880,840-17-31,2000,1.0,0.0
4880,840-17-31,2004,1.0,0.0
4880,840-17-313,2000,1.0,0.0
4880,840-17-315,2001,1.0,0.0
4880,840-17-315,2007,1.0,1.0
4880,840-17-315,2015,1.0,1.0
4880,840-17-315,2022,1.0,1.0
4880,840-17-316,2001,1.0,0.0
4880,840-17-316,2015,1.0,1.0
4880,840-17-317,1998,1.0,0.0
4880,840-17-317,2003,1.0,0.0
4880,840-17-318,2000,1.0,1.0
4880,840-17-318,2001,1.0,1.0
4880,840-17-318,2011,1.0,1.0
4880,840-17-318,2015,1.0,1.0
4880,840-17-318,2022,1.0,0.0
4880,840-17-319,2022,1.0,0.0
4880,840-17-32,2000,1.0,1.0
4880,840-17-32,2001,1.0,1.0
4880,840-17-32,2004,1.0,1.0
4880,840-17-32,2010,1.0,1.0
4880,840-17-32,2022,1.0,1.0
4880,840-17-322,2000,1.0,1.0
4880,840-17-322,2004,1.0,1.0
4880,840-17-322,2010,1.0,1.0
4880,840-17-322,2014,1.0,1.0
4880,840-17-326,2000,1.0,0.0
4880,840-17-326,2008,1.0,1.0
4880,840-17-326,2014,1.0,1.0
4880,840-17-326,2015,1.0,1.0
4880,840-17-33,2004,1.0,1.0
4880,840-17-33,2010,1.0,0.0
4880,840-17-34,2001,1.0,1.0
4880,840-17-34,2017,1.0,1.0
4880,840-17-34,2022,1.0,0.0
4880,840-17-35,2003,1.0,0.0
4880,840-17-352,2010,1.0,1.0
4880,840-17-352,2022,1.0,1.0
4880,840-17-359,2015,1.0,1.0
4880,840-17-359,2016,1.0,1.0
4880,840-17-359,2017,1.0,1.0
4880,840-17-359,2018,1.0,1.0
4880,840-17-362,2001,1.0,1.0
4880,840-17-362,2010,1.0,0.0
4880,840-17-362,2011,1.0,1.0
4880,840-17-362,2017,1.0,1.0
4880,840-17-362,2022,1.0,1.0
4880,840-17-365,2001,1.0,0.0
4880,840-17-365,2007,1.0,1.0
4880,840-17-365,2015,1.0,1.0
4880,840-17-365,2022,1.0,1.0
4880,840-17-366,2000,1.0,1.0
4880,840-17-366,2001,1.0,1.0
4880,840-17-366,2007,1.0,1.0
4880,840-17-366,2015,1.0,0.0
4880,840-17-366,2022,1.0,1.0
4880,840-17-37,2000,1.0,1.0
4880,840-17-372,2004,1.0,1.0
4880,840-17-372,2007,1.0,1.0
4880,840-17-372,2010,1.0,0.0
4880,840-17-373,2001,1.0,0.0
4880,840-17-373,2007,1.0,1.0
4880,840-17-373,2022,1.0,1.0
4880,840-17-375,2000,1.0,1.0
4880,840-17-375,2005,1.0,0.0
4880,840-17-375,2007,1.0,0.0
4880,840-17-375,2008,1.0,1.0
4880,840-17-4,2000,1.0,1.0
4880,840-17-4,2010,1.0,1.0
4880,840-17-4,2011,1.0,1.0
4880,840-17-40,2000,1.0,0.0
4880,840-17-40,2007,1.0,1.0
4880,840-17-40,2010,1.0,1.0
4880,840-17-40,2022,1.0,1.0
4880,840-17-41,2000,1.0,0.0
4880,840-17-41,2007,1.0,1.0
4880,840-17-41,2011,1.0,1.0
4880,840-17-41,2015,1.0,1.0
4880,840-17-419,2010,1.0,0.0
4880,840-17-419,2011,1.0,1.0
4880,840-17-419,2014,1.0,1.0
4880,840-17-42,2015,1.0,0.0
4880,840-17-44,2005,1.0,0.0
4880,840-17-44,2011,1.0,0.0
4880,840-17-44,2015,1.0,0.0
4880,840-17-45,2004,1.0,0.0
4880,840-17-45,2010,1.0,1.0
4880,840-17-45,2014,1.0,0.0
4880,840-17-46,2001,1.0,0.0
4880,840-17-46,2010,1.0,0.0
4880,840-17-46,2015,1.0,1.0
4880,840-17-47,2006,1.0,0.0
4880,840-17-48,2000,1.0,0.0
4880,840-17-48,2001,1.0,1.0
4880,840-17-48,2015,1.0,0.0
4880,840-17-48,2022,1.0,1.0
4880,840-17-49,2017,1.0,0.0
4880,840-17-49,2022,1.0,0.0
4880,840-17-5,2005,1.0,0.0
4880,840-17-52,2000,1.0,1.0
4880,840-17-52,2001,1.0,1.0
4880,840-17-52,2004,1.0,1.0
4880,840-17-52,2007,1.0,1.0
4880,840-17-52,2010,1.0,1.0
4880,840-17-52,2015,1.0,1.0
4880,840-17-55,2000,1.0,0.0
4880,840-17-55,2015,1.0,0.0
4880,840-17-56,1998,1.0,1.0
4880,840-17-56,2005,1.0,1.0
4880,840-17-57,1998,1.0,0.0
4880,840-17-57,2005,1.0,1.0
4880,840-17-57,2017,1.0,0.0
4880,840-17-58,2000,1.0,1.0
4880,840-17-58,2009,1.0,1.0
4880,840-17-8,2000,1.0,1.0
4880,840-17-8,2001,1.0,1.0
4880,840-17-8,2015,1.0,0.0
4880,840-17-8,2022,1.0,0.0
4880,840-17-9,2010,1.0,1.0
4880,840-17-9,2022,1.0,1.0
4880,840-18-1,2000,1.0,1.0
4880,840-18-1,2002,1.0,1.0
4880,840-18-1,2004,1.0,0.0
4880,840-18-1,2012,1.0,0.0
4880,840-18-1,2014,1.0,1.0
4880,840-18-1,2017,1.0,0.0
4880,840-18-1,2018,1.0,1.0
4880,840-18-1,2019,1.0,1.0
4880,840-18-102,2000,1.0,1.0
4880,840-18-102,2002,1.0,1.0
4880,840-18-102,2004,1.0,1.0
4880,840-18-102,2006,1.0,1.0
4880,840-18-102,2007,1.0,1.0
4880,840-18-102,2011,1.0,1.0
4880,840-18-102,2012,1.0,1.0
4880,840-18-102,2013,1.0,1.0
4880,840-18-102,2014,1.0,1.0
4880,840-18-102,2015,1.0,1.0
4880,840-18-102,2017,1.0,1.0
4880,840-18-102,2018,1.0,1.0
4880,840-18-102,2019,1.0,1.0
4880,840-18-102,2022,1.0,1.0
4880,840-18-11,2006,1.0,1.0
4880,840-18-11,2011,1.0,1.0
4880,840-18-11,2012,1.0,1.0
4880,840-18-11,2013,1.0,1.0
4880,840-18-11,2014,1.0,1.0
4880,840-18-11,2015,1.0,1.0
4880,840-18-11,2017,1.0,1.0
4880,840-18-11,2019,1.0,0.0
4880,840-18-11,2022,1.0,1.0
4880,840-18-14,2006,1.0,1.0
4880,840-18-14,2007,1.0,1.0
4880,840-18-14,2011,1.0,1.0
4880,840-18-14,2012,1.0,1.0
4880,840-18-14,2013,1.0,1.0
4880,840-18-14,2014,1.0,1.0
4880,840-18-14,2015,1.0,1.0
4880,840-18-14,2016,1.0,1.0
4880,840-18-14,2017,1.0,1.0
4880,840-18-14,2018,1.0,1.0
4880,840-18-14,2019,1.0,1.0
4880,840-18-15,2006,1.0,1.0
4880,840-18-15,2007,1.0,1.0
4880,840-18-15,2011,1.0,1.0
4880,840-18-15,2015,1.0,0.0
4880,840-18-15,2017,1.0,1.0
4880,840-18-15,2018,1.0,1.0
4880,840-18-15,2019,1.0,1.0
4880,840-18-15,2022,1.0,1.0
4880,840-18-3,2000,1.0,1.0
4880,840-18-3,2002,1.0,1.0
4880,840-18-3,2004,1.0,1.0
4880,840-18-3,2006,1.0,1.0
4880,840-18-3,2007,1.0,1.0
4880,840-18-3,2011,1.0,1.0
4880,840-18-3,2012,1.0,1.0
4880,840-18-3,2013,1.0,1.0
4880,840-18-3,2014,1.0,1.0
4880,840-18-3,2015,1.0,1.0
4880,840-18-3,2016,1.0,1.0
4880,840-18-3,2022,1.0,1.0
4880,840-18-4,2000,1.0,1.0
4880,840-18-4,2002,1.0,0.0
4880,840-18-4,2011,1.0,1.0
4880,840-18-4,2012,1.0,1.0
4880,840-18-4,2013,1.0,1.0
4880,840-18-4,2014,1.0,1.0
4880,840-18-4,2015,1.0,1.0
4880,840-18-4,2016,1.0,1.0
4880,840-18-4,2019,1.0,1.0
4880,840-18-7,2000,1.0,1.0
4880,840-18-7,2002,1.0,1.0
4880,840-18-7,2006,1.0,1.0
4880,840-18-7,2007,1.0,1.0
4880,840-18-7,2011,1.0,0.0
4880,840-18-7,2012,1.0,1.0
4880,840-18-7,2014,1.0,1.0
4880,840-18-7,2015,1.0,1.0
4880,840-18-7,2017,1.0,1.0
4880,840-18-7,2018,1.0,1.0
4880,840-18-8,2000,1.0,1.0
4880,840-18-8,2002,1.0,1.0
4880,840-18-8,2004,1.0,1.0
4880,840-18-8,2006,1.0,1.0
4880,840-18-8,2007,1.0,1.0
4880,840-18-8,2011,1.0,0.0
4880,840-18-8,2012,1.0,1.0
4880,840-18-8,2013,1.0,1.0
4880,840-18-8,2014,1.0,1.0
4880,840-18-8,2015,1.0,1.0
4880,840-18-8,2017,1.0,1.0
4880,840-18-8,2018,1.0,1.0
4880,840-18-8,2019,1.0,1.0
4880,840-18-8,2022,1.0,1.0
4880,840-18-9,2000,1.0,1.0
4880,840-18-9,2002,1.0,1.0
4880,840-18-9,2004,1.0,1.0
4880,840-18-9,2006,1.0,1.0
4880,840-18-9,2007,1.0,1.0
4880,840-18-9,2011,1.0,1.0
4880,840-18-9,2012,1.0,1.0
4880,840-18-9,2013,1.0,1.0
4880,840-18-9,2014,1.0,1.0
4880,840-18-9,2015,1.0,1.0
4880,840-18-9,2017,1.0,1.0
4880,840-18-9,2018,1.0,1.0
4880,840-18-9,2019,1.0,1.0
4880,840-2-1,1999,1.0,1.0
4880,840-2-1,2002,1.0,1.0
4880,840-2-1,2005,1.0,1.0
4880,840-2-1,2006,1.0,1.0
4880,840-2-1,2008,1.0,1.0
4880,840-2-1,2013,1.0,1.0
4880,840-2-1,2014,1.0,1.0
4880,840-2-1,2015,1.0,1.0
4880,840-2-1,2019,1.0,1.0
4880,840-2-1,2023,1.0,1.0
4880,840-2-10,2002,1.0,1.0
4880,840-2-10,2009,1.0,1.0
4880,840-2-10,2012,1.0,1.0
4880,840-2-10,2018,1.0,1.0
4880,840-2-102,1999,1.0,1.0
4880,840-2-102,2002,1.0,1.0
4880,840-2-102,2004,1.0,1.0
4880,840-2-102,2005,1.0,1.0
4880,840-2-102,2006,1.0,1.0
4880,840-2-102,2013,1.0,1.0
4880,840-2-102,2014,1.0,1.0
4880,840-2-102,2023,1.0,1.0
4880,840-2-105,2000,1.0,1.0
4880,840-2-105,2002,1.0,1.0
4880,840-2-105,2004,1.0,1.0
4880,840-2-105,2006,1.0,1.0
4880,840-2-105,2009,1.0,1.0
4880,840-2-105,2012,1.0,1.0
4880,840-2-105,2015,1.0,1.0
4880,840-2-109,2000,1.0,1.0
4880,840-2-109,2002,1.0,1.0
4880,840-2-109,2004,1.0,1.0
4880,840-2-109,2006,1.0,1.0
4880,840-2-109,2009,1.0,1.0
4880,840-2-109,2012,1.0,1.0
4880,840-2-111,2000,1.0,0.0
4880,840-2-111,2002,1.0,1.0
4880,840-2-111,2004,1.0,1.0
4880,840-2-111,2006,1.0,1.0
4880,840-2-111,2009,1.0,1.0
4880,840-2-111,2012,1.0,1.0
4880,840-2-111,2015,1.0,1.0
4880,840-2-111,2018,1.0,1.0
4880,840-2-12,2000,1.0,0.0
4880,840-2-12,2009,1.0,0.0
4880,840-2-12,2012,1.0,1.0
4880,840-2-12,2015,1.0,1.0
4880,840-2-12,2018,1.0,1.0
4880,840-2-13,2005,1.0,0.0
4880,840-2-13,2019,1.0,1.0
4880,840-2-13,2023,1.0,1.0
4880,840-2-14,2004,1.0,1.0
4880,840-2-14,2005,1.0,1.0
4880,840-2-14,2013,1.0,1.0
4880,840-2-14,2014,1.0,1.0
4880,840-2-14,2023,1.0,0.0
4880,840-2-140,1999,1.0,1.0
4880,840-2-140,2000,1.0,1.0
4880,840-2-140,2001,1.0,1.0
4880,840-2-140,2002,1.0,1.0
4880,840-2-140,2003,1.0,1.0
4880,840-2-140,2005,1.0,0.0
4880,840-2-140,2007,1.0,1.0
4880,840-2-140,2009,1.0,1.0
4880,840-2-140,2014,1.0,0.0
4880,840-2-141,2007,1.0,1.0
4880,840-2-141,2008,1.0,1.0
4880,840-2-141,2015,1.0,1.0
4880,840-2-141,2016,1.0,1.0
4880,840-2-141,2019,1.0,0.0
4880,840-2-142,1999,1.0,1.0
4880,840-2-142,2000,1.0,1.0
4880,840-2-142,2002,1.0,1.0
4880,840-2-142,2004,1.0,1.0
4880,840-2-142,2007,1.0,1.0
4880,840-2-142,2008,1.0,1.0
4880,840-2-142,2009,1.0,1.0
4880,840-2-142,2013,1.0,0.0
4880,840-2-142,2015,1.0,1.0
4880,840-2-142,2018,1.0,1.0
4880,840-2-142,2019,1.0,1.0
4880,840-2-15,1999,1.0,1.0
4880,840-2-15,2005,1.0,0.0
4880,840-2-15,2013,1.0,1.0
4880,840-2-15,2014,1.0,1.0
4880,840-2-15,2019,1.0,1.0
4880,840-2-15,2023,1.0,0.0
4880,840-2-156,2000,1.0,0.0
4880,840-2-156,2002,1.0,1.0
4880,840-2-156,2006,1.0,1.0
4880,840-2-156,2009,1.0,1.0
4880,840-2-156,2012,1.0,1.0
4880,840-2-156,2015,1.0,1.0
4880,840-2-156,2018,1.0,1.0
4880,840-2-16,2004,1.0,1.0
4880,840-2-16,2005,1.0,1.0
4880,840-2-16,2013,1.0,1.0
4880,840-2-16,2014,1.0,1.0
4880,840-2-16,2019,1.0,1.0
4880,840-2-16,2023,1.0,0.0
4880,840-2-162,2002,1.0,1.0
4880,840-2-162,2004,1.0,1.0
4880,840-2-162,2006,1.0,1.0
4880,840-2-162,2009,1.0,1.0
4880,840-2-162,2012,1.0,1.0
4880,840-2-164,2000,1.0,0.0
4880,840-2-164,2002,1.0,1.0
4880,840-2-164,2006,1.0,1.0
4880,840-2-164,2008,1.0,1.0
4880,840-2-164,2009,1.0,1.0
4880,840-2-164,2012,1.0,1.0
4880,840-2-164,2015,1.0,1.0
4880,840-2-164,2018,1.0,0.0
4880,840-2-17,2002,1.0,1.0
4880,840-2-17,2009,1.0,1.0
4880,840-2-17,2012,1.0,0.0
4880,840-2-17,2015,1.0,0.0
4880,840-2-17,2018,1.0,1.0
4880,840-2-19,2002,1.0,1.0
4880,840-2-19,2013,1.0,0.0
4880,840-2-19,2014,1.0,1.0
4880,840-2-19,2015,1.0,1.0
4880,840-2-19,2016,1.0,1.0
4880,840-2-20,1999,1.0,1.0
4880,840-2-20,2012,1.0,1.0
4880,840-2-20,2013,1.0,1.0
4880,840-2-20,2016,1.0,0.0
4880,840-2-20,2023,1.0,1.0
4880,840-2-201,1999,1.0,1.0
4880,840-2-201,2002,1.0,1.0
4880,840-2-201,2005,1.0,1.0
4880,840-2-201,2013,1.0,1.0
4880,840-2-201,2014,1.0,1.0
4880,840-2-201,2015,1.0,1.0
4880,840-2-201,2017,1.0,1.0
4880,840-2-201,2019,1.0,1.0
4880,840-2-201,2023,1.0,1.0
4880,840-2-204,2002,1.0,1.0
4880,840-2-204,2004,1.0,1.0
4880,840-2-204,2006,1.0,1.0
4880,840-2-204,2009,1.0,1.0
4880,840-2-204,2012,1.0,1.0
4880,840-2-204,2014,1.0,1.0
4880,840-2-204,2018,1.0,1.0
4880,840-2-205,2000,1.0,1.0
4880,840-2-205,2002,1.0,1.0
4880,840-2-205,2008,1.0,1.0
4880,840-2-205,2009,1.0,1.0
4880,840-2-205,2012,1.0,1.0
4880,840-2-205,2015,1.0,1.0
4880,840-2-205,2016,1.0,1.0
4880,840-2-207,2000,1.0,1.0
4880,840-2-207,2002,1.0,1.0
4880,840-2-207,2006,1.0,1.0
4880,840-2-207,2009,1.0,1.0
4880,840-2-207,2012,1.0,1.0
4880,840-2-207,2015,1.0,0.0
4880,840-2-208,2000,1.0,0.0
4880,840-2-208,2002,1.0,0.0
4880,840-2-208,2006,1.0,1.0
4880,840-2-208,2016,1.0,0.0
4880,840-2-208,2018,1.0,1.0
4880,840-2-209,2000,1.0,0.0
4880,840-2-209,2006,1.0,1.0
4880,840-2-209,2009,1.0,1.0
4880,840-2-209,2012,1.0,1.0
4880,840-2-209,2015,1.0,0.0
4880,840-2-21,2000,1.0,1.0
4880,840-2-21,2002,1.0,1.0
4880,840-2-21,2012,1.0,1.0
4880,840-2-21,2016,1.0,0.0
4880,840-2-21,2023,1.0,1.0
4880,840-2-210,2002,1.0,0.0
4880,840-2-210,2012,1.0,1.0
4880,840-2-210,2013,1.0,1.0
4880,840-2-210,2014,1.0,1.0
4880,840-2-210,2016,1.0,0.0
4880,840-2-210,2018,1.0,1.0
4880,840-2-210,2019,1.0,1.0
4880,840-2-211,2002,1.0,1.0
4880,840-2-211,2006,1.0,1.0
4880,840-2-211,2012,1.0,1.0
4880,840-2-211,2015,1.0,0.0
4880,840-2-211,2016,1.0,1.0
4880,840-2-212,2002,1.0,1.0
4880,840-2-212,2004,1.0,1.0
4880,840-2-212,2009,1.0,1.0
4880,840-2-212,2012,1.0,1.0
4880,840-2-212,2015,1.0,1.0
4880,840-2-214,2002,1.0,1.0
4880,840-2-214,2004,1.0,1.0
4880,840-2-214,2013,1.0,1.0
4880,840-2-214,2015,1.0,1.0
4880,840-2-214,2016,1.0,1.0
4880,840-2-214,2018,1.0,1.0
4880,840-2-214,2019,1.0,1.0
4880,840-2-215,2004,1.0,1.0
4880,840-2-215,2005,1.0,1.0
4880,840-2-215,2012,1.0,0.0
4880,840-2-215,2018,1.0,1.0
4880,840-2-215,2023,1.0,1.0
4880,840-2-216,2009,1.0,0.0
4880,840-2-216,2015,1.0,0.0
4880,840-2-216,2016,1.0,1.0
4880,840-2-216,2018,1.0,1.0
4880,840-2-218,2002,1.0,1.0
4880,840-2-218,2008,1.0,1.0
4880,840-2-218,2013,1.0,0.0
4880,840-2-218,2015,1.0,1.0
4880,840-2-218,2018,1.0,1.0
4880,840-2-218,2019,1.0,1.0
4880,840-2-22,2000,1.0,1.0
4880,840-2-22,2002,1.0,1.0
4880,840-2-22,2006,1.0,1.0
4880,840-2-22,2012,1.0,1.0
4880,840-2-22,2013,1.0,1.0
4880,840-2-22,2015,1.0,0.0
4880,840-2-22,2016,1.0,1.0
4880,840-2-22,2019,1.0,1.0
4880,840-2-22,2023,1.0,1.0
4880,840-2-23,2002,1.0,1.0
4880,840-2-23,2004,1.0,1.0
4880,840-2-23,2005,1.0,1.0
4880,840-2-23,2012,1.0,1.0
4880,840-2-23,2013,1.0,1.0
4880,840-2-23,2014,1.0,1.0
4880,840-2-23,2023,1.0,1.0
4880,840-2-24,2002,1.0,1.0
4880,840-2-24,2009,1.0,1.0
4880,840-2-24,2013,1.0,1.0
4880,840-2-24,2015,1.0,1.0
4880,840-2-24,2016,1.0,1.0
4880,840-2-24,2018,1.0,1.0
4880,840-2-24,2019,1.0,1.0
4880,840-2-25,2002,1.0,1.0
4880,840-2-25,2006,1.0,1.0
4880,840-2-25,2012,1.0,1.0
4880,840-2-25,2013,1.0,1.0
4880,840-2-25,2015,1.0,1.0
4880,840-2-25,2016,1.0,1.0
4880,840-2-25,2019,1.0,0.0
4880,840-2-26,1999,1.0,1.0
4880,840-2-26,2004,1.0,1.0
4880,840-2-26,2012,1.0,1.0
4880,840-2-26,2013,1.0,1.0
4880,840-2-26,2019,1.0,0.0
4880,840-2-27,2002,1.0,1.0
4880,840-2-27,2004,1.0,1.0
4880,840-2-27,2009,1.0,1.0
4880,840-2-27,2018,1.0,1.0
4880,840-2-27,2019,1.0,1.0
4880,840-2-28,2002,1.0,1.0
4880,840-2-28,2009,1.0,1.0
4880,840-2-28,2018,1.0,1.0
4880,840-2-29,2002,1.0,1.0
4880,840-2-29,2004,1.0,1.0
4880,840-2-29,2009,1.0,1.0
4880,840-2-29,2018,1.0,1.0
4880,840-2-31,1999,1.0,0.0
4880,840-2-31,2004,1.0,1.0
4880,840-2-31,2009,1.0,1.0
4880,840-2-31,2016,1.0,0.0
4880,840-2-31,2018,1.0,1.0
4880,840-2-31,2023,1.0,1.0
4880,840-2-33,2004,1.0,1.0
4880,840-2-33,2005,1.0,1.0
4880,840-2-33,2012,1.0,1.0
4880,840-2-33,2013,1.0,1.0
4880,840-2-33,2014,1.0,1.0
4880,840-2-33,2023,1.0,1.0
4880,840-2-34,2000,1.0,1.0
4880,840-2-34,2002,1.0,1.0
4880,840-2-34,2007,1.0,1.0
4880,840-2-34,2008,1.0,1.0
4880,840-2-34,2009,1.0,1.0
4880,840-2-34,2023,1.0,1.0
4880,840-2-35,2002,1.0,1.0
4880,840-2-35,2004,1.0,1.0
4880,840-2-35,2009,1.0,0.0
4880,840-2-35,2013,1.0,0.0
4880,840-2-35,2015,1.0,1.0
4880,840-2-35,2018,1.0,1.0
4880,840-2-35,2023,1.0,1.0
4880,840-2-36,2002,1.0,1.0
4880,840-2-36,2004,1.0,1.0
4880,840-2-36,2013,1.0,1.0
4880,840-2-36,2016,1.0,0.0
4880,840-2-36,2019,1.0,0.0
4880,840-2-38,2002,1.0,1.0
4880,840-2-38,2013,1.0,1.0
4880,840-2-38,2015,1.0,1.0
4880,840-2-38,2016,1.0,1.0
4880,840-2-38,2018,1.0,1.0
4880,840-2-38,2019,1.0,1.0
4880,840-2-38,2023,1.0,0.0
4880,840-2-4,2002,1.0,1.0
4880,840-2-4,2004,1.0,1.0
4880,840-2-4,2005,1.0,1.0
4880,840-2-4,2013,1.0,1.0
4880,840-2-4,2014,1.0,1.0
4880,840-2-4,2019,1.0,1.0
4880,840-2-43,2002,1.0,1.0
4880,840-2-43,2006,1.0,1.0
4880,840-2-43,2012,1.0,1.0
4880,840-2-43,2015,1.0,1.0
4880,840-2-43,2016,1.0,1.0
4880,840-2-43,2018,1.0,1.0
4880,840-2-45,2002,1.0,1.0
4880,840-2-45,2009,1.0,1.0
4880,840-2-45,2012,1.0,1.0
4880,840-2-45,2013,1.0,1.0
4880,840-2-45,2014,1.0,1.0
4880,840-2-45,2015,1.0,1.0
4880,840-2-47,2002,1.0,1.0
4880,840-2-47,2012,1.0,1.0
4880,840-2-47,2014,1.0,1.0
4880,840-2-47,2015,1.0,1.0
4880,840-2-47,2016,1.0,1.0
4880,840-2-47,2023,1.0,1.0
4880,840-2-48,2002,1.0,1.0
4880,840-2-48,2015,1.0,0.0
4880,840-2-48,2016,1.0,1.0
4880,840-2-48,2023,1.0,0.0
4880,840-2-49,2002,1.0,1.0
4880,840-2-49,2005,1.0,0.0
4880,840-2-49,2019,1.0,1.0
4880,840-2-49,2023,1.0,0.0
4880,840-2-50,2002,1.0,1.0
4880,840-2-50,2006,1.0,1.0
4880,840-2-50,2012,1.0,1.0
4880,840-2-50,2013,1.0,1.0
4880,840-2-50,2015,1.0,1.0
4880,840-2-50,2016,1.0,1.0
4880,840-2-50,2018,1.0,1.0
4880,840-2-50,2019,1.0,1.0
4880,840-2-50,2023,1.0,1.0
4880,840-2-52,1999,1.0,0.0
4880,840-2-52,2004,1.0,1.0
4880,840-2-52,2012,1.0,1.0
4880,840-2-52,2013,1.0,1.0
4880,840-2-52,2014,1.0,1.0
4880,840-2-52,2015,1.0,1.0
4880,840-2-52,2016,1.0,1.0
4880,840-2-52,2019,1.0,1.0
4880,840-2-52,2023,1.0,0.0
4880,840-2-53,2002,1.0,1.0
4880,840-2-53,2013,1.0,1.0
4880,840-2-53,2015,1.0,1.0
4880,840-2-53,2016,1.0,1.0
4880,840-2-53,2018,1.0,1.0
4880,840-2-53,2019,1.0,1.0
4880,840-2-53,2023,1.0,0.0
4880,840-2-54,2002,1.0,1.0
4880,840-2-54,2008,1.0,1.0
4880,840-2-54,2009,1.0,1.0
4880,840-2-54,2013,1.0,1.0
4880,840-2-54,2015,1.0,0.0
4880,840-2-54,2016,1.0,1.0
4880,840-2-54,2018,1.0,0.0
4880,840-2-55,2002,1.0,1.0
4880,840-2-55,2009,1.0,1.0
4880,840-2-55,2015,1.0,0.0
4880,840-2-55,2016,1.0,1.0
4880,840-2-55,2018,1.0,1.0
4880,840-2-55,2023,1.0,1.0
4880,840-2-57,2002,1.0,1.0
4880,840-2-57,2005,1.0,1.0
4880,840-2-57,2006,1.0,1.0
4880,840-2-57,2008,1.0,1.0
4880,840-2-57,2009,1.0,1.0
4880,840-2-57,2013,1.0,1.0
4880,840-2-57,2014,1.0,1.0
4880,840-2-57,2015,1.0,1.0
4880,840-2-58,2002,1.0,1.0
4880,840-2-58,2004,1.0,1.0
4880,840-2-58,2005,1.0,1.0
4880,840-2-58,2012,1.0,1.0
4880,840-2-58,2014,1.0,1.0
4880,840-2-58,2019,1.0,1.0
4880,840-2-59,2002,1.0,1.0
4880,840-2-59,2013,1.0,1.0
4880,840-2-59,2014,1.0,1.0
4880,840-2-59,2015,1.0,1.0
4880,840-2-59,2016,1.0,1.0
4880,840-2-59,2023,1.0,1.0
4880,840-2-60,2002,1.0,1.0
4880,840-2-60,2009,1.0,1.0
4880,840-2-60,2012,1.0,1.0
4880,840-2-60,2015,1.0,1.0
4880,840-2-60,2016,1.0,1.0
4880,840-2-61,2000,1.0,0.0
4880,840-2-61,2002,1.0,1.0
4880,840-2-61,2006,1.0,0.0
4880,840-2-61,2009,1.0,1.0
4880,840-2-61,2012,1.0,1.0
4880,840-2-61,2018,1.0,1.0
4880,840-2-63,2000,1.0,1.0
4880,840-2-63,2002,1.0,1.0
4880,840-2-63,2005,1.0,1.0
4880,840-2-63,2006,1.0,1.0
4880,840-2-63,2012,1.0,1.0
4880,840-2-63,2013,1.0,1.0
4880,840-2-63,2014,1.0,1.0
4880,840-2-63,2016,1.0,0.0
4880,840-2-63,2019,1.0,1.0
4880,840-2-63,2023,1.0,1.0
4880,840-2-65,2002,1.0,1.0
4880,840-2-65,2004,1.0,1.0
4880,840-2-65,2009,1.0,1.0
4880,840-2-65,2012,1.0,1.0
4880,840-2-65,2018,1.0,0.0
4880,840-2-65,2019,1.0,1.0
4880,840-2-66,2002,1.0,1.0
4880,840-2-66,2004,1.0,1.0
4880,840-2-66,2008,1.0,1.0
4880,840-2-66,2009,1.0,1.0
4880,840-2-66,2013,1.0,1.0
4880,840-2-66,2015,1.0,1.0
4880,840-2-66,2018,1.0,1.0
4880,840-2-66,2019,1.0,1.0
4880,840-2-66,2023,1.0,0.0
4880,840-2-67,2002,1.0,1.0
4880,840-2-67,2004,1.0,1.0
4880,840-2-67,2023,1.0,1.0
4880,840-2-68,2002,1.0,1.0
4880,840-2-68,2004,1.0,1.0
4880,840-2-68,2009,1.0,1.0
4880,840-2-68,2013,1.0,0.0
4880,840-2-68,2015,1.0,1.0
4880,840-2-68,2023,1.0,0.0
4880,840-2-7,2000,1.0,1.0
4880,840-2-7,2002,1.0,1.0
4880,840-2-7,2006,1.0,0.0
4880,840-2-7,2009,1.0,1.0
4880,840-2-7,2014,1.0,1.0
4880,840-2-7,2015,1.0,1.0
4880,840-2-7,2018,1.0,1.0
4880,840-2-70,2003,1.0,0.0
4880,840-2-70,2013,1.0,0.0
4880,840-2-70,2014,1.0,1.0
4880,840-2-71,1999,1.0,0.0
4880,840-2-71,2002,1.0,1.0
4880,840-2-71,2008,1.0,1.0
4880,840-2-71,2013,1.0,1.0
4880,840-2-71,2014,1.0,1.0
4880,840-2-71,2019,1.0,1.0
4880,840-2-71,2023,1.0,1.0
4880,840-2-72,1999,1.0,1.0
4880,840-2-72,2000,1.0,1.0
4880,840-2-72,2002,1.0,1.0
4880,840-2-72,2005,1.0,1.0
4880,840-2-72,2006,1.0,1.0
4880,840-2-72,2009,1.0,1.0
4880,840-2-72,2014,1.0,1.0
4880,840-2-72,2015,1.0,1.0
4880,840-2-73,2008,1.0,1.0
4880,840-2-73,2009,1.0,1.0
4880,840-2-73,2011,1.0,1.0
4880,840-2-73,2012,1.0,1.0
4880,840-2-73,2015,1.0,1.0
4880,840-2-73,2018,1.0,1.0
4880,840-2-8,2004,1.0,1.0
4880,840-2-8,2013,1.0,0.0
4880,840-2-8,2014,1.0,1.0
4880,840-2-8,2019,1.0,1.0
4880,840-2-8,2023,1.0,0.0
4880,840-21-1,1999,1.0,1.0
4880,840-21-1,2000,1.0,1.0
4880,840-21-1,2001,1.0,1.0
4880,840-21-1,2005,1.0,1.0
4880,840-21-1,2006,1.0,1.0
4880,840-21-1,2007,1.0,1.0
4880,840-21-1,2012,1.0,1.0
4880,840-21-1,2013,1.0,1.0
4880,840-21-1,2014,1.0,1.0
4880,840-21-1,2015,1.0,1.0
4880,840-21-1,2018,1.0,0.0
4880,840-21-1,2019,1.0,1.0
4880,840-21-10,2000,1.0,1.0
4880,840-21-10,2002,1.0,1.0
4880,840-21-10,2004,1.0,0.0
4880,840-21-10,2006,1.0,1.0
4880,840-21-10,2007,1.0,1.0
4880,840-21-10,2013,1.0,1.0
4880,840-21-10,2014,1.0,1.0
4880,840-21-10,2016,1.0,1.0
4880,840-21-105,1999,1.0,1.0
4880,840-21-105,2000,1.0,1.0
4880,840-21-105,2001,1.0,1.0
4880,840-21-105,2005,1.0,1.0
4880,840-21-105,2006,1.0,1.0
4880,840-21-105,2007,1.0,1.0
4880,840-21-105,2012,1.0,1.0
4880,840-21-105,2013,1.0,1.0
4880,840-21-105,2014,1.0,1.0
4880,840-21-105,2015,1.0,1.0
4880,840-21-105,2017,1.0,0.0
4880,840-21-105,2018,1.0,1.0
4880,840-21-105,2019,1.0,1.0
4880,840-21-105,2022,1.0,1.0
4880,840-21-109,1999,1.0,1.0
4880,840-21-109,2000,1.0,1.0
4880,840-21-109,2001,1.0,1.0
4880,840-21-109,2004,1.0,1.0
4880,840-21-109,2005,1.0,1.0
4880,840-21-109,2006,1.0,1.0
4880,840-21-109,2007,1.0,1.0
4880,840-21-109,2013,1.0,1.0
4880,840-21-109,2014,1.0,1.0
4880,840-21-109,2017,1.0,1.0
4880,840-21-109,2018,1.0,1.0
4880,840-21-109,2019,1.0,1.0
4880,840-21-2,2000,1.0,1.0
4880,840-21-2,2006,1.0,1.0
4880,840-21-2,2007,1.0,1.0
4880,840-21-2,2012,1.0,1.0
4880,840-21-2,2013,1.0,1.0
4880,840-21-2,2014,1.0,1.0
4880,840-21-3,1999,1.0,1.0
4880,840-21-3,2000,1.0,1.0
4880,840-21-3,2001,1.0,1.0
4880,840-21-3,2005,1.0,1.0
4880,840-21-3,2006,1.0,1.0
4880,840-21-3,2007,1.0,1.0
4880,840-21-3,2013,1.0,1.0
4880,840-21-3,2014,1.0,1.0
4880,840-21-3,2018,1.0,1.0
4880,840-21-3,2019,1.0,1.0
4880,840-21-4,1999,1.0,1.0
4880,840-21-4,2000,1.0,1.0
4880,840-21-4,2001,1.0,1.0
4880,840-21-4,2005,1.0,1.0
4880,840-21-4,2006,1.0,1.0
4880,840-21-4,2007,1.0,1.0
4880,840-21-4,2013,1.0,1.0
4880,840-21-4,2014,1.0,1.0
4880,840-25-1,2000,1.0,1.0
4880,840-25-1,2002,1.0,1.0
4880,840-25-1,2007,1.0,1.0
4880,840-25-1,2008,1.0,1.0
4880,840-25-1,2009,1.0,1.0
4880,840-25-1,2015,1.0,0.0
4880,840-25-10,2002,1.0,1.0
4880,840-25-10,2006,1.0,1.0
4880,840-25-10,2007,1.0,1.0
4880,840-25-10,2013,1.0,1.0
4880,840-25-10,2018,1.0,1.0
4880,840-25-108,2002,1.0,1.0
4880,840-25-108,2009,1.0,0.0
4880,840-25-108,2015,1.0,1.0
4880,840-25-108,2016,1.0,1.0
4880,840-25-108,2023,1.0,0.0
4880,840-25-11,2000,1.0,0.0
4880,840-25-11,2004,1.0,0.0
4880,840-25-11,2007,1.0,0.0
4880,840-25-11,2008,1.0,1.0
4880,840-25-11,2009,1.0,1.0
4880,840-25-11,2013,1.0,1.0
4880,840-25-11,2014,1.0,1.0
4880,840-25-11,2018,1.0,0.0
4880,840-25-113,1999,1.0,1.0
4880,840-25-113,2001,1.0,1.0
4880,840-25-113,2002,1.0,1.0
4880,840-25-113,2007,1.0,1.0
4880,840-25-113,2009,1.0,1.0
4880,840-25-113,2013,1.0,1.0
4880,840-25-113,2014,1.0,1.0
4880,840-25-113,2017,1.0,1.0
4880,840-25-113,2018,1.0,1.0
4880,840-25-113,2023,1.0,1.0
4880,840-25-116,2000,1.0,1.0
4880,840-25-116,2006,1.0,1.0
4880,840-25-116,2007,1.0,1.0
4880,840-25-116,2008,1.0,1.0
4880,840-25-116,2009,1.0,1.0
4880,840-25-116,2013,1.0,1.0
4880,840-25-116,2016,1.0,0.0
4880,840-25-116,2018,1.0,1.0
4880,840-25-116,2023,1.0,1.0
4880,840-25-12,2002,1.0,1.0
4880,840-25-12,2004,1.0,1.0
4880,840-25-12,2006,1.0,1.0
4880,840-25-12,2008,1.0,1.0
4880,840-25-12,2009,1.0,1.0
4880,840-25-12,2018,1.0,1.0
4880,840-25-129,2001,1.0,1.0
4880,840-25-129,2002,1.0,1.0
4880,840-25-129,2007,1.0,0.0
4880,840-25-129,2009,1.0,1.0
4880,840-25-129,2013,1.0,1.0
4880,840-25-129,2014,1.0,1.0
4880,840-25-129,2016,1.0,0.0
4880,840-25-135,2001,1.0,1.0
4880,840-25-135,2003,1.0,1.0
4880,840-25-135,2004,1.0,1.0
4880,840-25-135,2006,1.0,0.0
4880,840-25-135,2008,1.0,1.0
4880,840-25-135,2009,1.0,1.0
4880,840-25-135,2011,1.0,1.0
4880,840-25-135,2012,1.0,1.0
4880,840-25-135,2013,1.0,1.0
4880,840-25-135,2014,1.0,1.0
4880,840-25-135,2015,1.0,1.0
4880,840-25-135,2016,1.0,1.0
4880,840-25-135,2017,1.0,1.0
4880,840-25-135,2018,1.0,1.0
4880,840-25-135,2022,1.0,1.0
4880,840-25-14,2001,1.0,1.0
4880,840-25-14,2002,1.0,1.0
4880,840-25-14,2007,1.0,1.0
4880,840-25-14,2009,1.0,1.0
4880,840-25-14,2013,1.0,1.0
4880,840-25-14,2014,1.0,1.0
4880,840-25-14,2017,1.0,1.0
4880,840-25-14,2018,1.0,1.0
4880,840-25-14,2023,1.0,0.0
4880,840-25-15,2002,1.0,1.0
4880,840-25-15,2004,1.0,1.0
4880,840-25-15,2013,1.0,1.0
4880,840-25-15,2015,1.0,1.0
4880,840-25-15,2016,1.0,1.0
4880,840-25-15,2018,1.0,1.0
4880,840-25-15,2019,1.0,1.0
4880,840-25-15,2023,1.0,0.0
4880,840-25-165,2002,1.0,0.0
4880,840-25-165,2007,1.0,1.0
4880,840-25-165,2008,1.0,1.0
4880,840-25-165,2009,1.0,1.0
4880,840-25-165,2013,1.0,1.0
4880,840-25-165,2014,1.0,1.0
4880,840-25-165,2018,1.0,0.0
4880,840-25-172,2001,1.0,1.0
4880,840-25-172,2013,1.0,1.0
4880,840-25-172,2014,1.0,1.0
4880,840-25-172,2016,1.0,1.0
4880,840-25-172,2019,1.0,1.0
4880,840-25-172,2023,1.0,0.0
4880,840-25-175,2000,1.0,1.0
4880,840-25-175,2001,1.0,1.0
4880,840-25-175,2002,1.0,1.0
4880,840-25-175,2003,1.0,1.0
4880,840-25-175,2006,1.0,1.0
4880,840-25-175,2008,1.0,0.0
4880,840-25-175,2009,1.0,1.0
4880,840-25-175,2013,1.0,1.0
4880,840-25-175,2015,1.0,0.0
4880,840-25-175,2016,1.0,1.0
4880,840-25-175,2018,1.0,0.0
4880,840-25-175,2019,1.0,1.0
4880,840-25-178,2005,1.0,0.0
4880,840-25-178,2006,1.0,1.0
4880,840-25-178,2009,1.0,0.0
4880,840-25-178,2011,1.0,1.0
4880,840-25-178,2018,1.0,0.0
4880,840-25-178,2022,1.0,0.0
4880,840-25-18,2000,1.0,1.0
4880,840-25-18,2001,1.0,1.0
4880,840-25-18,2002,1.0,1.0
4880,840-25-18,2003,1.0,1.0
4880,840-25-18,2005,1.0,1.0
4880,840-25-18,2006,1.0,1.0
4880,840-25-18,2008,1.0,1.0
4880,840-25-18,2009,1.0,1.0
4880,840-25-18,2013,1.0,1.0
4880,840-25-18,2014,1.0,1.0
4880,840-25-18,2015,1.0,1.0
4880,840-25-18,2023,1.0,1.0
4880,840-25-180,2003,1.0,0.0
4880,840-25-180,2004,1.0,1.0
4880,840-25-19,2006,1.0,1.0
4880,840-25-19,2009,1.0,1.0
4880,840-25-19,2013,1.0,1.0
4880,840-25-19,2014,1.0,1.0
4880,840-25-19,2018,1.0,0.0
4880,840-25-19,2023,1.0,1.0
4880,840-25-2,2004,1.0,1.0
4880,840-25-2,2009,1.0,0.0
4880,840-25-20,2001,1.0,1.0
4880,840-25-20,2002,1.0,1.0
4880,840-25-20,2006,1.0,1.0
4880,840-25-20,2007,1.0,1.0
4880,840-25-20,2008,1.0,1.0
4880,840-25-20,2009,1.0,1.0
4880,840-25-20,2013,1.0,1.0
4880,840-25-20,2014,1.0,1.0
4880,840-25-20,2017,1.0,1.0
4880,840-25-20,2018,1.0,1.0
4880,840-25-20,2023,1.0,1.0
4880,840-25-21,2000,1.0,1.0
4880,840-25-21,2001,1.0,1.0
4880,840-25-21,2002,1.0,1.0
4880,840-25-21,2007,1.0,1.0
4880,840-25-21,2008,1.0,1.0
4880,840-25-21,2009,1.0,1.0
4880,840-25-21,2013,1.0,1.0
4880,840-25-21,2014,1.0,1.0
4880,840-25-21,2018,1.0,0.0
4880,840-25-22,2001,1.0,1.0
4880,840-25-22,2007,1.0,1.0
4880,840-25-22,2008,1.0,1.0
4880,840-25-22,2014,1.0,1.0
4880,840-25-22,2016,1.0,1.0
4880,840-25-22,2019,1.0,1.0
4880,840-25-22,2023,1.0,1.0
4880,840-25-24,2001,1.0,1.0
4880,840-25-24,2002,1.0,1.0
4880,840-25-24,2003,1.0,1.0
4880,840-25-24,2009,1.0,1.0
4880,840-25-24,2013,1.0,1.0
4880,840-25-24,2014,1.0,1.0
4880,840-25-24,2016,1.0,1.0
4880,840-25-25,2011,1.0,0.0
4880,840-25-25,2015,1.0,0.0
4880,840-25-25,2019,1.0,0.0
4880,840-25-25,2022,1.0,0.0
4880,840-25-26,2004,1.0,0.0
4880,840-25-26,2010,1.0,0.0
4880,840-25-26,2019,1.0,0.0
4880,840-25-27,2001,1.0,1.0
4880,840-25-27,2007,1.0,1.0
4880,840-25-27,2008,1.0,1.0
4880,840-25-27,2009,1.0,1.0
4880,840-25-27,2014,1.0,1.0
4880,840-25-27,2016,1.0,1.0
4880,840-25-27,2019,1.0,1.0
4880,840-25-27,2023,1.0,1.0
4880,840-25-28,2000,1.0,1.0
4880,840-25-28,2001,1.0,1.0
4880,840-25-28,2003,1.0,1.0
4880,840-25-28,2005,1.0,1.0
4880,840-25-28,2007,1.0,0.0
4880,840-25-28,2008,1.0,1.0
4880,840-25-28,2009,1.0,1.0
4880,840-25-28,2012,1.0,1.0
4880,840-25-28,2013,1.0,1.0
4880,840-25-28,2014,1.0,1.0
4880,840-25-28,2017,1.0,1.0
4880,840-25-28,2018,1.0,1.0
4880,840-25-28,2022,1.0,1.0
4880,840-25-3,2000,1.0,1.0
4880,840-25-3,2002,1.0,1.0
4880,840-25-3,2004,1.0,1.0
4880,840-25-3,2008,1.0,1.0
4880,840-25-3,2009,1.0,1.0
4880,840-25-30,2007,1.0,1.0
4880,840-25-30,2008,1.0,1.0
4880,840-25-30,2016,1.0,0.0
4880,840-25-30,2019,1.0,1.0
4880,840-25-31,2000,1.0,0.0
4880,840-25-31,2015,1.0,1.0
4880,840-25-37,2000,1.0,1.0
4880,840-25-37,2002,1.0,1.0
4880,840-25-37,2006,1.0,1.0
4880,840-25-37,2009,1.0,1.0
4880,840-25-37,2013,1.0,0.0
4880,840-25-37,2014,1.0,1.0
4880,840-25-37,2018,1.0,0.0
4880,840-25-4,2002,1.0,1.0
4880,840-25-4,2004,1.0,1.0
4880,840-25-4,2008,1.0,1.0
4880,840-25-4,2009,1.0,1.0
4880,840-25-4,2015,1.0,1.0
4880,840-25-4,2016,1.0,1.0
4880,840-25-4,2018,1.0,1.0
4880,840-25-4,2023,1.0,1.0
6130,124-11-10,2022,1.0,0.0
6130,124-11-126,2004,1.0,0.0
6130,124-11-136,2009,1.0,0.0
6130,124-11-17,2003,1.0,1.0
6130,124-11-17,2007,1.0,0.0
6130,124-11-17,2013,1.0,0.0
6130,124-11-17,2017,1.0,0.0
6130,124-11-17,2019,1.0,1.0
6130,124-11-17,2022,1.0,0.0
6130,124-11-19,2000,1.0,1.0
6130,124-11-19,2008,1.0,0.0
6130,124-11-19,2018,1.0,0.0
6130,124-11-198,2003,1.0,1.0
6130,124-11-198,2009,1.0,1.0
6130,124-11-198,2011,1.0,1.0
6130,124-11-198,2018,1.0,1.0
6130,124-11-198,2022,1.0,1.0
6130,124-11-220,2000,1.0,1.0
6130,124-11-220,2007,1.0,1.0
6130,124-11-220,2014,1.0,0.0
6130,124-11-222,2000,1.0,1.0
6130,124-11-222,2005,1.0,0.0
6130,124-11-222,2008,1.0,0.0
6130,124-11-222,2014,1.0,0.0
6130,124-11-223,2002,1.0,0.0
6130,124-11-223,2003,1.0,1.0
6130,124-11-223,2009,1.0,0.0
6130,124-11-234,2000,1.0,0.0
6130,124-11-234,2005,1.0,1.0
6130,124-11-234,2007,1.0,1.0
6130,124-11-234,2010,1.0,1.0
6130,124-11-234,2014,1.0,1.0
6130,124-11-234,2022,1.0,1.0
6130,124-11-244,2009,1.0,0.0
6130,124-11-244,2014,1.0,1.0
6130,124-11-244,2018,1.0,0.0
6130,124-11-244,2019,1.0,1.0
6130,124-11-255,2003,1.0,1.0
6130,124-11-255,2005,1.0,1.0
6130,124-11-255,2009,1.0,1.0
6130,124-11-255,2014,1.0,1.0
6130,124-11-255,2017,1.0,1.0
6130,124-11-255,2018,1.0,1.0
6130,124-11-255,2019,1.0,1.0
6130,124-11-255,2022,1.0,0.0
6130,124-11-265,1998,1.0,1.0
6130,124-11-265,2015,1.0,0.0
6130,124-11-270,2005,1.0,1.0
6130,124-11-270,2009,1.0,1.0
6130,124-11-270,2016,1.0,1.0
6130,124-11-270,2019,1.0,1.0
6130,124-11-29,1998,1.0,1.0
6130,124-11-29,2007,1.0,1.0
6130,124-11-29,2008,1.0,1.0
6130,124-11-29,2018,1.0,1.0
6130,124-11-33,2000,1.0,1.0
6130,124-11-33,2005,1.0,0.0
6130,124-11-33,2010,1.0,0.0
6130,124-11-33,2011,1.0,1.0
6130,124-11-401,2013,1.0,1.0
6130,124-11-401,2014,1.0,1.0
6130,124-11-401,2017,1.0,0.0
6130,124-11-401,2018,1.0,1.0
6130,124-11-401,2019,1.0,1.0
6130,124-11-401,2022,1.0,1.0
6130,124-11-402,2013,1.0,0.0
6130,124-11-402,2014,1.0,1.0
6130,124-11-402,2017,1.0,0.0
6130,124-11-407,2007,1.0,1.0
6130,124-11-407,2013,1.0,0.0
6130,124-11-408,2008,1.0,0.0
6130,124-11-408,2014,1.0,0.0
6130,124-11-409,2000,1.0,0.0
6130,124-11-409,2005,1.0,1.0
6130,124-11-409,2018,1.0,1.0
6130,124-11-410,2005,1.0,0.0
6130,124-11-410,2007,1.0,1.0
6130,124-11-413,2014,1.0,0.0
6130,124-11-413,2017,1.0,0.0
6130,124-11-420,2000,1.0,1.0
6130,124-11-420,2007,1.0,1.0
6130,124-11-420,2008,1.0,1.0
6130,124-11-45,2005,1.0,1.0
6130,124-11-45,2007,1.0,0.0
6130,124-11-45,2018,1.0,0.0
6130,124-11-5,2007,1.0,1.0
6130,124-11-5,2019,1.0,1.0
6130,124-11-57,2010,1.0,0.0
6130,124-11-58,2008,1.0,0.0
6130,124-11-58,2009,1.0,1.0
6130,124-11-58,2011,1.0,0.0
6130,124-11-58,2019,1.0,0.0
6130,124-11-6,2008,1.0,1.0
6130,124-11-6,2013,1.0,0.0
6130,124-11-6,2014,1.0,1.0
6130,124-11-6,2018,1.0,0.0
6130,124-11-608,1998,1.0,1.0
6130,124-11-608,2000,1.0,1.0
6130,124-11-608,2007,1.0,1.0
6130,124-11-608,2013,1.0,1.0
6130,124-11-608,2014,1.0,1.0
6130,124-11-608,2018,1.0,1.0
6130,124-11-609,2000,1.0,0.0
6130,124-11-609,2007,1.0,0.0
6130,124-11-612,2014,1.0,0.0
6130,124-11-612,2019,1.0,0.0
6130,124-11-613,2002,1.0,1.0
6130,124-11-613,2003,1.0,1.0
6130,124-11-613,2005,1.0,1.0
6130,124-11-613,2013,1.0,0.0
6130,124-11-613,2014,1.0,1.0
6130,124-11-613,2016,1.0,1.0
6130,124-11-613,2017,1.0,1.0
6130,124-11-614,2013,1.0,1.0
6130,124-11-614,2016,1.0,1.0
6130,124-11-614,2017,1.0,1.0
6130,124-11-614,2022,1.0,0.0
6130,124-11-69,2000,1.0,1.0
6130,124-11-709,1998,1.0,1.0
6130,124-11-709,2000,1.0,1.0
6130,124-11-74,2000,1.0,1.0
6130,124-11-74,2003,1.0,0.0
6130,124-11-74,2005,1.0,1.0
6130,124-11-74,2007,1.0,1.0
6130,124-11-74,2008,1.0,1.0
6130,124-11-74,2010,1.0,1.0
6130,124-11-74,2012,1.0,1.0
6130,124-11-74,2013,1.0,1.0
6130,124-11-74,2014,1.0,1.0
6130,124-11-74,2018,1.0,0.0
6130,124-11-74,2019,1.0,1.0
6130,124-11-74,2022,1.0,1.0
6130,124-11-75,1998,1.0,0.0
6130,124-11-75,2002,1.0,0.0
6130,124-11-81,2007,1.0,0.0
6130,124-11-81,2010,1.0,0.0
6130,124-11-81,2011,1.0,1.0
6130,124-4-10,2000,1.0,0.0
6130,124-4-10,2004,1.0,1.0
6130,124-4-10,2008,1.0,1.0
6130,124-4-10,2018,1.0,1.0
6130,124-4-10,2022,1.0,1.0
6130,124-4-105,2000,1.0,1.0
6130,124-4-105,2001,1.0,1.0
6130,124-4-106,2000,1.0,0.0
6130,124-4-106,2001,1.0,1.0
6130,124-4-106,2002,1.0,1.0
6130,124-4-106,2003,1.0,1.0
6130,124-4-106,2019,1.0,1.0
6130,124-4-106,2022,1.0,0.0
6130,124-4-107,2001,1.0,1.0
6130,124-4-107,2003,1.0,1.0
6130,124-4-107,2012,1.0,1.0
6130,124-4-107,2013,1.0,1.0
6130,124-4-107,2019,1.0,1.0
6130,124-4-107,2022,1.0,0.0
6130,124-4-109,2000,1.0,0.0
6130,124-4-109,2004,1.0,0.0
6130,124-4-109,2008,1.0,1.0
6130,124-4-109,2012,1.0,1.0
6130,124-4-109,2013,1.0,1.0
6130,124-4-109,2022,1.0,1.0
6130,124-4-113,1998,1.0,1.0
6130,124-4-113,2001,1.0,1.0
6130,124-4-113,2003,1.0,1.0
6130,124-4-113,2008,1.0,1.0
6130,124-4-113,2009,1.0,1.0
6130,124-4-113,2013,1.0,1.0
6130,124-4-113,2019,1.0,1.0
6130,124-4-114,1998,1.0,1.0
6130,124-4-114,2003,1.0,1.0
6130,124-4-114,2004,1.0,1.0
6130,124-4-114,2007,1.0,1.0
6130,124-4-114,2013,1.0,0.0
6130,124-4-114,2019,1.0,1.0
6130,124-4-114,2022,1.0,1.0
6130,124-4-115,1998,1.0,1.0
6130,124-4-115,2000,1.0,1.0
6130,124-4-115,2001,1.0,1.0
6130,124-4-115,2003,1.0,1.0
6130,124-4-115,2004,1.0,1.0
6130,124-4-115,2008,1.0,1.0
6130,124-4-115,2010,1.0,1.0
6130,124-4-115,2012,1.0,1.0
6130,124-4-115,2013,1.0,1.0
6130,124-4-115,2019,1.0,0.0
6130,124-4-116,2001,1.0,0.0
6130,124-4-116,2008,1.0,0.0
6130,124-4-116,2009,1.0,1.0
6130,124-4-116,2010,1.0,1.0
6130,124-4-116,2011,1.0,1.0
6130,124-4-121,1998,1.0,1.0
6130,124-4-121,2001,1.0,1.0
6130,124-4-121,2003,1.0,1.0
6130,124-4-121,2008,1.0,0.0
6130,124-4-121,2009,1.0,1.0
6130,124-4-121,2010,1.0,1.0
6130,124-4-121,2011,1.0,1.0
6130,124-4-121,2013,1.0,0.0
6130,124-4-125,2005,1.0,0.0
6130,124-4-125,2007,1.0,0.0
6130,124-4-125,2008,1.0,1.0
6130,124-4-127,1998,1.0,0.0
6130,124-4-127,1999,1.0,1.0
6130,124-4-127,2007,1.0,0.0
6130,124-4-127,2008,1.0,1.0
6130,124-4-127,2009,1.0,1.0
6130,124-4-127,2010,1.0,1.0
6130,124-4-127,2013,1.0,1.0
6130,124-4-127,2017,1.0,1.0
6130,124-4-128,1999,1.0,1.0
6130,124-4-128,2000,1.0,1.0
6130,124-4-128,2003,1.0,1.0
6130,124-4-128,2008,1.0,0.0
6130,124-4-128,2009,1.0,1.0
6130,124-4-128,2010,1.0,1.0
6130,124-4-128,2011,1.0,1.0
6130,124-4-128,2014,1.0,0.0
6130,124-4-128,2022,1.0,1.0
6130,124-4-129,2003,1.0,1.0
6130,124-4-129,2004,1.0,1.0
6130,124-4-129,2009,1.0,0.0
6130,124-4-129,2010,1.0,1.0
6130,124-4-129,2011,1.0,1.0
6130,124-4-129,2013,1.0,1.0
6130,124-4-13,1998,1.0,1.0
6130,124-4-13,2008,1.0,1.0
6130,124-4-13,2009,1.0,1.0
6130,124-4-13,2013,1.0,1.0
6130,124-4-136,2003,1.0,0.0
6130,124-4-136,2007,1.0,1.0
6130,124-4-136,2010,1.0,1.0
6130,124-4-136,2011,1.0,1.0
6130,124-4-136,2013,1.0,1.0
6130,124-4-136,2022,1.0,1.0
6130,124-4-138,2007,1.0,1.0
6130,124-4-138,2009,1.0,1.0
6130,124-4-138,2011,1.0,1.0
6130,124-4-138,2017,1.0,0.0
6130,124-4-138,2019,1.0,1.0
6130,124-4-138,2022,1.0,1.0
6130,124-4-14,1998,1.0,0.0
6130,124-4-14,2000,1.0,0.0
6130,124-4-14,2001,1.0,1.0
6130,124-4-14,2008,1.0,1.0
6130,124-4-14,2013,1.0,0.0
6130,124-4-15,1998,1.0,0.0
6130,124-4-15,2003,1.0,1.0
6130,124-4-15,2004,1.0,1.0
6130,124-4-15,2007,1.0,0.0
6130,124-4-15,2012,1.0,0.0
6130,124-4-15,2013,1.0,1.0
6130,124-4-17,1998,1.0,1.0
6130,124-4-17,2003,1.0,0.0
6130,124-4-17,2007,1.0,1.0
6130,124-4-18,1998,1.0,1.0
6130,124-4-18,2000,1.0,1.0
6130,124-4-18,2001,1.0,1.0
6130,124-4-18,2008,1.0,1.0
6130,124-4-18,2009,1.0,1.0
6130,124-4-18,2013,1.0,1.0
6130,124-4-19,1998,1.0,1.0
6130,124-4-19,2000,1.0,1.0
6130,124-4-19,2001,1.0,1.0
6130,124-4-19,2003,1.0,1.0
6130,124-4-19,2008,1.0,1.0
6130,124-4-19,2009,1.0,1.0
6130,124-4-19,2010,1.0,1.0
6130,124-4-19,2013,1.0,1.0
6130,124-4-196,2003,1.0,0.0
6130,124-4-2,2000,1.0,1.0
6130,124-4-2,2001,1.0,1.0
6130,124-4-2,2002,1.0,1.0
6130,124-4-2,2003,1.0,1.0
6130,124-4-2,2012,1.0,1.0
6130,124-4-2,2013,1.0,1.0
6130,124-4-2,2019,1.0,1.0
6130,124-4-2,2022,1.0,1.0
6130,124-4-20,1998,1.0,1.0
6130,124-4-20,2001,1.0,1.0
6130,124-4-20,2008,1.0,1.0
6130,124-4-20,2009,1.0,1.0
6130,124-4-20,2013,1.0,1.0
6130,124-4-201,2001,1.0,1.0
6130,124-4-201,2002,1.0,1.0
6130,124-4-201,2012,1.0,0.0
6130,124-4-201,2013,1.0,1.0
6130,124-4-201,2022,1.0,1.0
6130,124-4-204,2001,1.0,0.0
6130,124-4-204,2004,1.0,1.0
6130,124-4-204,2008,1.0,1.0
6130,124-4-204,2013,1.0,1.0
6130,124-4-204,2018,1.0,1.0
6130,124-4-210,2004,1.0,0.0
6130,124-4-210,2008,1.0,1.0
6130,124-4-210,2013,1.0,0.0
6130,124-4-210,2018,1.0,1.0
6130,124-4-210,2019,1.0,1.0
6130,124-4-210,2022,1.0,1.0
6130,124-4-212,1998,1.0,0.0
6130,124-4-212,2000,1.0,1.0
6130,124-4-212,2001,1.0,1.0
6130,124-4-212,2008,1.0,1.0
6130,124-4-212,2009,1.0,1.0
6130,124-4-212,2010,1.0,1.0
6130,124-4-212,2013,1.0,0.0
6130,124-4-212,2019,1.0,1.0
6130,124-4-213,1998,1.0,1.0
6130,124-4-213,2000,1.0,0.0
6130,124-4-213,2009,1.0,1.0
6130,124-4-213,2013,1.0,0.0
6130,124-4-213,2019,1.0,1.0
6130,124-4-214,2007,1.0,1.0
6130,124-4-214,2012,1.0,1.0
6130,124-4-214,2013,1.0,1.0
6130,124-4-214,2019,1.0,0.0
6130,124-4-214,2022,1.0,1.0
6130,124-4-215,2007,1.0,1.0
6130,124-4-215,2013,1.0,0.0
6130,124-4-22,1998,1.0,1.0
6130,124-4-22,2001,1.0,1.0
6130,124-4-22,2003,1.0,1.0
6130,124-4-22,2004,1.0,1.0
6130,124-4-22,2008,1.0,1.0
6130,124-4-22,2012,1.0,1.0
6130,124-4-22,2019,1.0,0.0
6130,124-4-227,1999,1.0,1.0
6130,124-4-227,2000,1.0,1.0
6130,124-4-227,2003,1.0,0.0
6130,124-4-227,2009,1.0,1.0
6130,124-4-227,2011,1.0,1.0
6130,124-4-227,2013,1.0,1.0
6130,124-4-227,2014,1.0,1.0
6130,124-4-228,1998,1.0,1.0
6130,124-4-228,2007,1.0,1.0
6130,124-4-228,2008,1.0,1.0
6130,124-4-228,2012,1.0,0.0
6130,124-4-228,2017,1.0,1.0
6130,124-4-229,2007,1.0,0.0
6130,124-4-229,2009,1.0,0.0
6130,124-4-229,2010,1.0,1.0
6130,124-4-229,2013,1.0,0.0
6130,124-4-229,2014,1.0,1.0
6130,124-4-229,2017,1.0,1.0
6130,124-4-229,2022,1.0,1.0
6130,124-4-24,1998,1.0,1.0
6130,124-4-24,2003,1.0,0.0
6130,124-4-24,2004,1.0,1.0
6130,124-4-24,2013,1.0,0.0
6130,124-4-251,2004,1.0,1.0
6130,124-4-251,2007,1.0,1.0
6130,124-4-251,2008,1.0,1.0
6130,124-4-251,2013,1.0,0.0
6130,124-4-251,2014,1.0,1.0
6130,124-4-251,2017,1.0,0.0
6130,124-4-251,2019,1.0,1.0
6130,124-4-251,2022,1.0,0.0
6130,124-4-26,1999,1.0,1.0
6130,124-4-26,2007,1.0,1.0
6130,124-4-26,2009,1.0,1.0
6130,124-4-26,2010,1.0,1.0
6130,124-4-26,2011,1.0,1.0
6130,124-4-26,2013,1.0,1.0
6130,124-4-26,2014,1.0,1.0
6130,124-4-26,2017,1.0,0.0
6130,124-4-26,2019,1.0,0.0
6130,124-4-27,1999,1.0,1.0
6130,124-4-27,2000,1.0,1.0
6130,124-4-27,2001,1.0,1.0
6130,124-4-27,2003,1.0,1.0
6130,124-4-27,2007,1.0,1.0
6130,124-4-27,2008,1.0,1.0
6130,124-4-27,2009,1.0,1.0
6130,124-4-27,2010,1.0,1.0
6130,124-4-27,2011,1.0,1.0
6130,124-4-27,2013,1.0,0.0
6130,124-4-28,2007,1.0,0.0
6130,124-4-28,2008,1.0,1.0
6130,124-4-28,2010,1.0,1.0
6130,124-4-28,2013,1.0,1.0
6130,124-4-28,2022,1.0,1.0
6130,124-4-29,2003,1.0,1.0
6130,124-4-29,2004,1.0,1.0
6130,124-4-29,2008,1.0,0.0
6130,124-4-29,2009,1.0,1.0
6130,124-4-29,2010,1.0,1.0
6130,124-4-29,2013,1.0,1.0
6130,124-4-29,2014,1.0,1.0
6130,124-4-29,2017,1.0,1.0
6130,124-4-3,2000,1.0,1.0
6130,124-4-3,2001,1.0,1.0
6130,124-4-3,2002,1.0,1.0
6130,124-4-3,2004,1.0,1.0
6130,124-4-3,2008,1.0,1.0
6130,124-4-3,2009,1.0,1.0
6130,124-4-3,2012,1.0,1.0
6130,124-4-3,2013,1.0,1.0
6130,124-4-302,2001,1.0,1.0
6130,124-4-302,2002,1.0,1.0
6130,124-4-302,2012,1.0,1.0
6130,124-4-302,2013,1.0,1.0
6130,124-4-302,2019,1.0,1.0
6130,124-4-302,2022,1.0,1.0
6130,124-4-304,2000,1.0,0.0
6130,124-4-304,2002,1.0,0.0
6130,124-4-304,2013,1.0,1.0
6130,124-4-306,2012,1.0,1.0
6130,124-4-306,2013,1.0,1.0
6130,124-4-306,2019,1.0,1.0
6130,124-4-306,2022,1.0,1.0
6130,124-4-31,2001,1.0,1.0
6130,124-4-31,2003,1.0,1.0
6130,124-4-31,2007,1.0,0.0
6130,124-4-31,2009,1.0,1.0
6130,124-4-31,2010,1.0,1.0
6130,124-4-31,2017,1.0,1.0
6130,124-4-311,1998,1.0,0.0
6130,124-4-311,1999,1.0,1.0
6130,124-4-311,2000,1.0,1.0
6130,124-4-311,2003,1.0,1.0
6130,124-4-311,2008,1.0,1.0
6130,124-4-311,2009,1.0,1.0
6130,124-4-311,2010,1.0,1.0
6130,124-4-312,1998,1.0,1.0
6130,124-4-312,2003,1.0,1.0
6130,124-4-312,2008,1.0,0.0
6130,124-4-312,2009,1.0,1.0
6130,124-4-312,2013,1.0,1.0
6130,124-4-312,2019,1.0,1.0
6130,124-4-312,2022,1.0,0.0
6130,124-4-313,1998,1.0,0.0
6130,124-4-313,2001,1.0,1.0
6130,124-4-313,2003,1.0,1.0
6130,124-4-313,2009,1.0,1.0
6130,124-4-313,2013,1.0,1.0
6130,124-4-313,2019,1.0,1.0
6130,124-4-313,2022,1.0,1.0
6130,124-4-315,1998,1.0,0.0
6130,124-4-315,2000,1.0,1.0
6130,124-4-315,2003,1.0,1.0
6130,124-4-315,2004,1.0,1.0
6130,124-4-315,2010,1.0,1.0
6130,124-4-315,2012,1.0,0.0
6130,124-4-315,2013,1.0,1.0
6130,124-4-315,2019,1.0,1.0
6130,124-4-328,1998,1.0,1.0
6130,124-4-328,2007,1.0,1.0
6130,124-4-328,2013,1.0,0.0
6130,124-4-328,2022,1.0,1.0
6130,124-4-329,1998,1.0,1.0
6130,124-4-329,2003,1.0,0.0
6130,124-4-329,2010,1.0,0.0
6130,124-4-329,2013,1.0,1.0
6130,124-4-329,2022,1.0,1.0
6130,124-4-33,2014,1.0,0.0
6130,124-4-330,2004,1.0,1.0
6130,124-4-330,2007,1.0,1.0
6130,124-4-330,2008,1.0,1.0
6130,124-4-330,2009,1.0,1.0
6130,124-4-330,2010,1.0,1.0
6130,124-4-330,2012,1.0,0.0
6130,124-4-330,2013,1.0,1.0
6130,124-4-330,2017,1.0,1.0
6130,124-4-330,2022,1.0,1.0
6130,124-4-37,1999,1.0,1.0
6130,124-4-37,2007,1.0,1.0
6130,124-4-37,2011,1.0,1.0
6130,124-4-4,2000,1.0,1.0
6130,124-4-4,2001,1.0,1.0
6130,124-4-4,2002,1.0,1.0
6130,124-4-4,2004,1.0,1.0
6130,124-4-4,2008,1.0,1.0
6130,124-4-4,2013,1.0,1.0
6130,124-4-40,2001,1.0,1.0
6130,124-4-40,2003,1.0,1.0
6130,124-4-40,2007,1.0,1.0
6130,124-4-40,2009,1.0,1.0
6130,124-4-40,2010,1.0,1.0
6130,124-4-40,2013,1.0,1.0
6130,124-4-40,2014,1.0,1.0
6130,124-4-40,2017,1.0,1.0
6130,124-4-40,2022,1.0,0.0
6130,124-4-404,2018,1.0,0.0
6130,124-4-42,2008,1.0,0.0
6130,124-4-49,2010,1.0,0.0
6130,124-4-49,2013,1.0,1.0
6130,124-4-50,2013,1.0,1.0
6130,124-4-50,2017,1.0,1.0
6130,124-4-50,2022,1.0,1.0
6130,124-4-55,2000,1.0,1.0
6130,124-4-55,2005,1.0,1.0
6130,124-4-55,2008,1.0,0.0
6130,124-4-55,2010,1.0,1.0
6130,124-4-55,2012,1.0,1.0
6130,124-4-55,2013,1.0,1.0
6130,124-4-55,2014,1.0,1.0
6130,124-4-55,2017,1.0,1.0
6130,124-4-55,2018,1.0,1.0
6130,124-4-6,2002,1.0,0.0
6130,124-4-6,2017,1.0,1.0
6130,124-4-62,2008,1.0,0.0
6130,124-4-62,2017,1.0,0.0
6130,124-4-63,2007,1.0,1.0
6130,124-4-63,2008,1.0,1.0
6130,124-4-63,2010,1.0,1.0
6130,124-4-63,2012,1.0,1.0
6130,124-4-63,2014,1.0,0.0
6130,124-4-7,1999,1.0,1.0
6130,124-4-7,2000,1.0,1.0
6130,124-4-7,2008,1.0,1.0
6130,124-4-7,2009,1.0,1.0
6130,124-4-9,2000,1.0,1.0
6130,124-4-9,2001,1.0,1.0
6130,124-4-9,2004,1.0,0.0
6130,124-4-9,2008,1.0,1.0
6130,124-4-9,2012,1.0,1.0
6130,124-4-9,2013,1.0,1.0
6130,124-4-96,2000,1.0,1.0
6130,124-4-96,2014,1.0,0.0
6130,124-43-7,2000,1.0,0.0
6130,124-43-7,2008,1.0,0.0
6130,124-43-8,1999,1.0,0.0
6130,124-43-8,2001,1.0,0.0
6130,124-43-8,2007,1.0,0.0
6130,124-43-8,2008,1.0,1.0
6130,124-43-9,2016,1.0,0.0
6130,124-43-9,2022,1.0,1.0
6130,124-45-1,2005,1.0,0.0
6130,124-45-1,2007,1.0,1.0
6130,124-45-1,2013,1.0,1.0
6130,124-45-1,2015,1.0,1.0
6130,124-45-1,2016,1.0,1.0
6130,124-45-1,2017,1.0,1.0
6130,124-45-101,2003,1.0,1.0
6130,124-45-101,2013,1.0,1.0
6130,124-45-101,2015,1.0,1.0
6130,124-45-101,2017,1.0,1.0
6130,124-45-102,2002,1.0,1.0
6130,124-45-102,2003,1.0,1.0
6130,124-45-102,2005,1.0,1.0
6130,124-45-102,2007,1.0,1.0
6130,124-45-102,2013,1.0,1.0
6130,124-45-102,2015,1.0,1.0
6130,124-45-102,2016,1.0,1.0
6130,124-45-102,2017,1.0,1.0
6130,124-45-103,2003,1.0,1.0
6130,124-45-103,2005,1.0,1.0
6130,124-45-103,2007,1.0,0.0
6130,124-45-103,2016,1.0,1.0
6130,124-45-103,2017,1.0,1.0
6130,124-45-105,2003,1.0,1.0
6130,124-45-105,2007,1.0,1.0
6130,124-45-105,2013,1.0,1.0
6130,124-45-105,2015,1.0,1.0
6130,124-45-105,2016,1.0,1.0
6130,124-45-105,2017,1.0,1.0
6130,124-45-105,2019,1.0,1.0
6130,124-45-107,2003,1.0,1.0
6130,124-45-107,2005,1.0,1.0
6130,124-45-107,2017,1.0,1.0
6130,124-45-107,2022,1.0,0.0
6130,124-45-109,2007,1.0,1.0
6130,124-45-109,2013,1.0,1.0
6130,124-45-109,2015,1.0,1.0
6130,124-45-11,2007,1.0,0.0
6130,124-45-11,2013,1.0,1.0
6130,124-45-11,2017,1.0,1.0
6130,124-45-11,2019,1.0,1.0
6130,124-45-111,2003,1.0,1.0
6130,124-45-111,2005,1.0,1.0
6130,124-45-111,2010,1.0,1.0
6130,124-45-111,2017,1.0,1.0
6130,124-45-111,2022,1.0,1.0
6130,124-45-113,1999,1.0,1.0
6130,124-45-113,2005,1.0,1.0
6130,124-45-113,2007,1.0,1.0
6130,124-45-113,2011,1.0,1.0
6130,124-45-113,2015,1.0,1.0
6130,124-45-113,2016,1.0,1.0
6130,124-45-113,2017,1.0,1.0
6130,124-45-114,1999,1.0,1.0
6130,124-45-114,2005,1.0,0.0
6130,124-45-114,2008,1.0,1.0
6130,124-45-114,2010,1.0,1.0
6130,124-45-114,2011,1.0,1.0
6130,124-45-114,2014,1.0,0.0
6130,124-45-116,2005,1.0,1.0
6130,124-45-116,2007,1.0,0.0
6130,124-45-116,2017,1.0,1.0
6130,124-45-118,2001,1.0,0.0
6130,124-45-118,2007,1.0,1.0
6130,124-45-118,2008,1.0,1.0
6130,124-45-118,2010,1.0,1.0
6130,124-45-118,2011,1.0,1.0
6130,124-45-118,2014,1.0,1.0
6130,124-45-118,2022,1.0,0.0
6130,124-45-12,2001,1.0,0.0
6130,124-45-12,2010,1.0,1.0
6130,124-45-12,2011,1.0,1.0
6130,124-45-12,2016,1.0,0.0
6130,124-45-12,2022,1.0,1.0
6130,124-45-120,2003,1.0,1.0
6130,124-45-120,2016,1.0,0.0
6130,124-45-121,2003,1.0,1.0
6130,124-45-121,2005,1.0,1.0
6130,124-45-121,2007,1.0,1.0
6130,124-45-121,2010,1.0,1.0
6130,124-45-121,2017,1.0,1.0
6130,124-45-121,2022,1.0,1.0
6130,124-45-13,2003,1.0,1.0
6130,124-45-13,2005,1.0,1.0
6130,124-45-13,2007,1.0,1.0
6130,124-45-13,2013,1.0,1.0
6130,124-45-13,2015,1.0,1.0
6130,124-45-13,2016,1.0,1.0
6130,124-45-13,2017,1.0,1.0
6130,124-45-18,2005,1.0,1.0
6130,124-45-18,2017,1.0,1.0
6130,124-45-2,2003,1.0,1.0
6130,124-45-2,2005,1.0,1.0
6130,124-45-2,2007,1.0,1.0
6130,124-45-2,2013,1.0,1.0
6130,124-45-2,2015,1.0,1.0
6130,124-45-2,2016,1.0,1.0
6130,124-45-2,2017,1.0,1.0
6130,124-45-201,2005,1.0,0.0
6130,124-45-201,2015,1.0,1.0
6130,124-45-201,2016,1.0,1.0
6130,124-45-201,2019,1.0,0.0
6130,124-45-203,2003,1.0,1.0
6130,124-45-203,2005,1.0,1.0
6130,124-45-203,2013,1.0,1.0
6130,124-45-203,2015,1.0,1.0
6130,124-45-203,2016,1.0,1.0
6130,124-45-203,2017,1.0,1.0
6130,124-45-203,2019,1.0,1.0
6130,124-45-203,2022,1.0,1.0
6130,124-45-205,2003,1.0,1.0
6130,124-45-205,2005,1.0,1.0
6130,124-45-205,2013,1.0,1.0
6130,124-45-205,2015,1.0,1.0
6130,124-45-205,2016,1.0,1.0
6130,124-45-205,2017,1.0,1.0
6130,124-45-205,2019,1.0,1.0
6130,124-45-207,2003,1.0,1.0
6130,124-45-207,2005,1.0,0.0
6130,124-45-207,2010,1.0,1.0
6130,124-45-207,2022,1.0,0.0
6130,124-45-209,2003,1.0,1.0
6130,124-45-209,2007,1.0,1.0
6130,124-45-209,2013,1.0,1.0
6130,124-45-209,2017,1.0,1.0
6130,124-45-209,2019,1.0,1.0
6130,124-45-21,2003,1.0,1.0
6130,124-45-21,2005,1.0,1.0
6130,124-45-21,2007,1.0,1.0
6130,124-45-21,2010,1.0,1.0
6130,124-45-21,2013,1.0,1.0
6130,124-45-21,2022,1.0,1.0
6130,124-45-213,1999,1.0,0.0
6130,124-45-213,2005,1.0,1.0
6130,124-45-213,2007,1.0,1.0
6130,124-45-213,2011,1.0,1.0
6130,124-45-213,2015,1.0,1.0
6130,124-45-216,1999,1.0,0.0
6130,124-45-216,2008,1.0,1.0
6130,124-45-216,2010,1.0,1.0
6130,124-45-216,2011,1.0,1.0
6130,124-45-216,2022,1.0,1.0
6130,124-45-218,2003,1.0,1.0
6130,124-45-218,2007,1.0,1.0
6130,124-45-218,2013,1.0,1.0
6130,124-45-218,2016,1.0,1.0
6130,124-45-218,2017,1.0,1.0
6130,124-45-22,1999,1.0,0.0
6130,124-45-22,2005,1.0,1.0
6130,124-45-22,2007,1.0,1.0
6130,124-45-22,2008,1.0,1.0
6130,124-45-22,2010,1.0,0.0
6130,124-45-220,2001,1.0,1.0
6130,124-45-220,2005,1.0,1.0
6130,124-45-220,2007,1.0,1.0
6130,124-45-220,2010,1.0,1.0
6130,124-45-220,2011,1.0,1.0
6130,124-45-3,1999,1.0,0.0
6130,124-45-3,2001,1.0,1.0
6130,124-45-3,2008,1.0,1.0
6130,124-45-3,2010,1.0,1.0
6130,124-45-3,2011,1.0,1.0
6130,124-45-3,2014,1.0,1.0
6130,124-45-30,2012,1.0,1.0
6130,124-45-30,2013,1.0,1.0
6130,124-45-307,2007,1.0,0.0
6130,124-45-307,2013,1.0,1.0
6130,124-45-307,2015,1.0,1.0
6130,124-45-307,2017,1.0,1.0
6130,124-45-307,2019,1.0,1.0
6130,124-45-41,1999,1.0,1.0
6130,124-45-41,2005,1.0,0.0
6130,124-45-41,2007,1.0,0.0
6130,124-45-41,2011,1.0,1.0
6130,124-45-41,2015,1.0,0.0
6130,124-45-41,2016,1.0,1.0
6130,124-45-41,2019,1.0,1.0
6130,124-45-42,1999,1.0,1.0
6130,124-45-42,2005,1.0,1.0
6130,124-45-42,2007,1.0,1.0
6130,124-45-42,2008,1.0,1.0
6130,124-45-42,2016,1.0,1.0
6130,124-45-43,1999,1.0,1.0
6130,124-45-43,2005,1.0,0.0
6130,124-45-43,2007,1.0,1.0
6130,124-45-43,2016,1.0,0.0
6130,124-45-49,2012,1.0,1.0
6130,124-45-49,2019,1.0,1.0
6130,124-45-5,2003,1.0,1.0
6130,124-45-5,2005,1.0,1.0
6130,124-45-5,2013,1.0,1.0
6130,124-45-5,2015,1.0,0.0
6130,124-45-5,2016,1.0,1.0
6130,124-45-5,2017,1.0,1.0
6130,124-45-5,2019,1.0,1.0
6130,124-45-7,2013,1.0,1.0
6130,124-45-7,2015,1.0,1.0
6130,124-45-7,2017,1.0,1.0
6130,124-45-7,2019,1.0,1.0
6130,124-45-7,2022,1.0,1.0
6130,124-45-9,2007,1.0,1.0
6130,124-45-9,2013,1.0,1.0
6130,124-45-9,2015,1.0,1.0
6130,124-45-9,2017,1.0,1.0
6130,124-45-9,2019,1.0,1.0
6130,124-56-105,1998,1.0,1.0
6130,124-56-105,2023,1.0,0.0
6130,124-56-13,2002,1.0,1.0
6130,124-56-13,2015,1.0,0.0
6130,124-56-13,2023,1.0,0.0
6130,124-56-137,2003,1.0,1.0
6130,124-56-137,2007,1.0,1.0
6130,124-56-137,2013,1.0,1.0
6130,124-56-137,2014,1.0,1.0
6130,124-56-137,2017,1.0,1.0
6130,124-56-137,2019,1.0,1.0
6130,124-56-137,2022,1.0,1.0
6130,124-56-14,2002,1.0,0.0
6130,124-56-14,2003,1.0,1.0
6130,124-56-14,2011,1.0,0.0
6130,124-56-14,2013,1.0,1.0
6130,124-56-14,2015,1.0,0.0
6130,124-56-15,2000,1.0,1.0
6130,124-56-15,2003,1.0,1.0
6130,124-56-15,2005,1.0,0.0
6130,124-56-15,2007,1.0,1.0
6130,124-56-15,2008,1.0,1.0
6130,124-56-15,2009,1.0,1.0
6130,124-56-15,2012,1.0,1.0
6130,124-56-15,2016,1.0,1.0
6130,124-56-21,1998,1.0,1.0
6130,124-56-21,2007,1.0,1.0
6130,124-56-21,2008,1.0,1.0
6130,124-56-21,2009,1.0,1.0
6130,124-56-21,2010,1.0,1.0
6130,124-56-21,2012,1.0,1.0
6130,124-56-21,2013,1.0,1.0
6130,124-56-21,2016,1.0,1.0
6130,124-56-21,2017,1.0,1.0
6130,124-56-21,2019,1.0,1.0
6130,124-56-21,2022,1.0,1.0
6130,124-56-21,2023,1.0,1.0
6130,124-56-22,2003,1.0,1.0
6130,124-56-22,2007,1.0,1.0
6130,124-56-22,2008,1.0,1.0
6130,124-56-22,2009,1.0,1.0
6130,124-56-22,2010,1.0,1.0
6130,124-56-22,2013,1.0,0.0
6130,124-56-22,2014,1.0,1.0
6130,124-56-22,2017,1.0,1.0
6130,124-56-22,2019,1.0,0.0
6130,124-56-22,2022,1.0,0.0
6130,124-56-25,2010,1.0,0.0
6130,124-56-25,2012,1.0,1.0
6130,124-56-25,2016,1.0,1.0
6130,124-56-26,2000,1.0,0.0
6130,124-56-26,2010,1.0,0.0
6130,124-56-31,1998,1.0,1.0
6130,124-56-31,2000,1.0,1.0
6130,124-56-31,2007,1.0,0.0
6130,124-56-31,2010,1.0,1.0
6130,124-56-31,2014,1.0,1.0
6130,124-56-31,2017,1.0,1.0
6130,124-56-31,2019,1.0,1.0
6130,124-56-31,2023,1.0,1.0
6130,124-56-33,1998,1.0,1.0
6130,124-56-33,2000,1.0,1.0
6130,124-56-33,2007,1.0,1.0
6130,124-56-33,2009,1.0,1.0
6130,124-56-33,2010,1.0,1.0
6130,124-56-33,2011,1.0,1.0
6130,124-56-33,2012,1.0,1.0
6130,124-56-33,2016,1.0,1.0
6130,124-56-33,2019,1.0,1.0
6130,124-56-33,2023,1.0,0.0
6130,124-56-34,2000,1.0,1.0
6130,124-56-34,2011,1.0,0.0
6130,124-56-34,2012,1.0,1.0
6130,124-56-34,2016,1.0,1.0
6130,124-56-38,2003,1.0,0.0
6130,124-56-38,2023,1.0,1.0
6130,124-56-41,1998,1.0,1.0
6130,124-56-41,2000,1.0,1.0
6130,124-56-41,2003,1.0,1.0
6130,124-56-41,2006,1.0,0.0
6130,124-56-41,2011,1.0,1.0
6130,124-56-41,2013,1.0,0.0
6130,124-56-42,1998,1.0,1.0
6130,124-56-42,2000,1.0,0.0
6130,124-56-42,2007,1.0,1.0
6130,124-56-42,2010,1.0,1.0
6130,124-56-42,2012,1.0,1.0
6130,124-56-42,2013,1.0,1.0
6130,124-56-42,2014,1.0,1.0
6130,124-56-44,2000,1.0,1.0
6130,124-56-44,2003,1.0,1.0
6130,124-56-44,2005,1.0,1.0
6130,124-56-44,2007,1.0,1.0
6130,124-56-44,2013,1.0,1.0
6130,124-56-44,2014,1.0,1.0
6130,124-57-10,2015,1.0,0.0
6130,124-57-10,2019,1.0,0.0
6130,124-65-11,1998,1.0,1.0
6130,124-65-11,2003,1.0,1.0
6130,124-65-11,2005,1.0,1.0
6130,124-65-11,2007,1.0,1.0
6130,124-65-11,2016,1.0,1.0
6130,124-65-117,2000,1.0,1.0
6130,124-65-117,2003,1.0,1.0
6130,124-65-117,2010,1.0,0.0
6130,124-65-117,2014,1.0,0.0
6130,124-65-117,2017,1.0,0.0
6130,124-65-117,2022,1.0,1.0
6130,124-65-13,2000,1.0,1.0
6130,124-65-13,2005,1.0,1.0
6130,124-65-13,2008,1.0,1.0
6130,124-65-13,2009,1.0,1.0
6130,124-65-13,2010,1.0,1.0
6130,124-65-13,2014,1.0,1.0
6130,124-65-130,2000,1.0,0.0
6130,124-65-130,2005,1.0,0.0
6130,124-65-130,2022,1.0,0.0
6130,124-65-14,1998,1.0,1.0
6130,124-65-14,2000,1.0,1.0
6130,124-65-14,2003,1.0,1.0
6130,124-65-14,2007,1.0,1.0
6130,124-65-14,2008,1.0,1.0
6130,124-65-14,2010,1.0,0.0
6130,124-65-14,2012,1.0,1.0
6130,124-65-14,2014,1.0,1.0
6130,124-65-14,2019,1.0,1.0
6130,124-65-14,2023,1.0,1.0
6130,124-65-18,2005,1.0,1.0
6130,124-65-18,2008,1.0,0.0
6130,124-65-18,2009,1.0,1.0
6130,124-65-18,2010,1.0,1.0
6130,124-65-18,2013,1.0,1.0
6130,124-65-18,2017,1.0,1.0
6130,124-65-18,2022,1.0,0.0
6130,124-65-19,1998,1.0,1.0
6130,124-65-19,2000,1.0,1.0
6130,124-65-19,2003,1.0,1.0
6130,124-65-19,2005,1.0,1.0
6130,124-65-19,2007,1.0,0.0
6130,124-65-19,2008,1.0,1.0
6130,124-65-19,2009,1.0,1.0
6130,124-65-19,2010,1.0,1.0
6130,124-65-19,2014,1.0,0.0
6130,124-65-19,2019,1.0,1.0
6130,124-65-19,2023,1.0,1.0
6130,124-65-20,2000,1.0,1.0
6130,124-65-20,2003,1.0,1.0
6130,124-65-20,2005,1.0,1.0
6130,124-65-20,2009,1.0,0.0
6130,124-65-20,2010,1.0,1.0
6130,124-65-20,2014,1.0,1.0
6130,124-65-21,1998,1.0,0.0
6130,124-65-21,2000,1.0,1.0
6130,124-65-21,2007,1.0,1.0
6130,124-65-21,2012,1.0,0.0
6130,124-65-21,2014,1.0,1.0
6130,124-65-21,2019,1.0,1.0
6130,124-65-22,1998,1.0,1.0
6130,124-65-22,2000,1.0,1.0
6130,124-65-22,2007,1.0,0.0
6130,124-65-22,2023,1.0,0.0
6130,124-65-23,1998,1.0,1.0
6130,124-65-23,2005,1.0,1.0
6130,124-65-23,2007,1.0,0.0
6130,124-65-23,2012,1.0,0.0
6130,124-65-27,1998,1.0,0.0
6130,124-65-27,2000,1.0,1.0
6130,124-65-27,2005,1.0,1.0
6130,124-65-27,2009,1.0,0.0
6130,124-65-27,2012,1.0,0.0
6130,124-65-27,2017,1.0,0.0
6130,124-65-28,2000,1.0,1.0
6130,124-65-28,2003,1.0,1.0
6130,124-65-28,2005,1.0,1.0
6130,124-65-28,2007,1.0,1.0
6130,124-65-28,2008,1.0,1.0
6130,124-65-28,2009,1.0,1.0
6130,124-65-28,2010,1.0,1.0
6130,124-65-28,2014,1.0,0.0
6130,124-65-28,2017,1.0,1.0
6130,124-65-28,2023,1.0,0.0
6130,124-65-29,1998,1.0,1.0
6130,124-65-29,2000,1.0,1.0
6130,124-65-29,2005,1.0,0.0
6130,124-65-29,2006,1.0,1.0
6130,124-65-29,2007,1.0,1.0
6130,124-65-29,2008,1.0,1.0
6130,124-65-29,2009,1.0,1.0
6130,124-65-29,2014,1.0,0.0
6130,124-65-29,2017,1.0,1.0
6130,124-65-31,2000,1.0,1.0
6130,124-65-31,2006,1.0,0.0
6130,124-65-31,2008,1.0,1.0
6130,124-65-31,2010,1.0,0.0
6130,124-65-31,2013,1.0,0.0
6130,124-65-31,2014,1.0,1.0
6130,124-65-31,2017,1.0,0.0
6130,124-65-31,2022,1.0,1.0
6130,124-65-31,2023,1.0,1.0
6130,124-65-33,1998,1.0,1.0
6130,124-65-33,2000,1.0,1.0
6130,124-65-33,2007,1.0,1.0
6130,124-65-33,2011,1.0,1.0
6130,124-65-33,2013,1.0,1.0
6130,124-65-33,2019,1.0,1.0
6130,124-65-33,2023,1.0,1.0
6130,124-65-34,2000,1.0,1.0
6130,124-65-34,2008,1.0,1.0
6130,124-65-34,2013,1.0,0.0
6130,124-65-35,2000,1.0,1.0
6130,124-65-35,2011,1.0,0.0
6130,124-65-35,2013,1.0,0.0
6130,124-65-35,2016,1.0,1.0
6130,124-65-35,2017,1.0,1.0
6130,124-65-35,2019,1.0,1.0
6130,124-65-36,1998,1.0,0.0
6130,124-65-36,2000,1.0,1.0
6130,124-65-36,2005,1.0,1.0
6130,124-65-36,2007,1.0,1.0
6130,124-65-36,2009,1.0,1.0
6130,124-65-36,2012,1.0,0.0
6130,124-65-36,2017,1.0,0.0
6130,124-65-36,2022,1.0,0.0
6130,124-65-36,2023,1.0,1.0
6130,124-65-37,1998,1.0,1.0
6130,124-65-37,2000,1.0,1.0
6130,124-65-37,2011,1.0,1.0
6130,124-65-37,2016,1.0,1.0
6130,124-65-37,2017,1.0,1.0
6130,124-65-38,1998,1.0,1.0
6130,124-65-38,2015,1.0,0.0
6130,124-65-5,1998,1.0,1.0
6130,124-65-5,2000,1.0,1.0
6130,124-65-5,2014,1.0,0.0
6130,124-65-7,1998,1.0,1.0
6130,124-65-7,2000,1.0,1.0
6130,124-65-9,1998,1.0,1.0
6130,124-65-9,2000,1.0,1.0
6130,124-65-9,2003,1.0,1.0
6130,124-65-9,2005,1.0,1.0
6130,124-65-9,2008,1.0,0.0
6130,124-65-9,2009,1.0,1.0
6130,124-68-10,2006,1.0,0.0
6130,124-68-10,2008,1.0,1.0
6130,124-68-10,2010,1.0,1.0
6130,124-68-10,2014,1.0,1.0
6130,124-68-10,2016,1.0,1.0
6130,124-68-10,2017,1.0,1.0
6130,124-68-10,2018,1.0,1.0
6130,124-68-10,2022,1.0,1.0
6130,124-68-10,2023,1.0,1.0
6130,124-68-11,1998,1.0,1.0
6130,124-68-11,2001,1.0,1.0
6130,124-68-11,2006,1.0,0.0
6130,124-68-11,2007,1.0,1.0
6130,124-68-11,2010,1.0,1.0
6130,124-68-11,2011,1.0,1.0
6130,124-68-11,2014,1.0,1.0
6130,124-68-11,2016,1.0,1.0
6130,124-68-11,2022,1.0,1.0
6130,124-68-11,2023,1.0,1.0
6130,124-68-113,1998,1.0,1.0
6130,124-68-113,2001,1.0,1.0
6130,124-68-113,2003,1.0,1.0
6130,124-68-113,2006,1.0,1.0
6130,124-68-113,2008,1.0,1.0
6130,124-68-113,2010,1.0,1.0
6130,124-68-113,2011,1.0,1.0
6130,124-68-113,2014,1.0,1.0
6130,124-68-113,2016,1.0,1.0
6130,124-68-113,2023,1.0,1.0
6130,124-68-117,1998,1.0,1.0
6130,124-68-117,2001,1.0,1.0
6130,124-68-117,2010,1.0,1.0
6130,124-68-117,2013,1.0,1.0
6130,124-68-119,1998,1.0,1.0
6130,124-68-119,2008,1.0,1.0
6130,124-68-119,2010,1.0,1.0
6130,124-68-119,2013,1.0,1.0
6130,124-68-119,2017,1.0,1.0
6130,124-68-12,1998,1.0,1.0
6130,124-68-12,2001,1.0,1.0
6130,124-68-12,2003,1.0,1.0
6130,124-68-12,2006,1.0,1.0
6130,124-68-12,2008,1.0,1.0
6130,124-68-12,2010,1.0,1.0
6130,124-68-12,2011,1.0,1.0
6130,124-68-12,2014,1.0,1.0
6130,124-68-12,2018,1.0,1.0
6130,124-68-14,1998,1.0,1.0
6130,124-68-14,2008,1.0,1.0
6130,124-68-14,2011,1.0,1.0
6130,124-68-14,2022,1.0,1.0
6130,124-68-142,2008,1.0,0.0
6130,124-68-142,2011,1.0,0.0
6130,124-68-142,2017,1.0,0.0
6130,124-68-15,1998,1.0,1.0
6130,124-68-15,2001,1.0,1.0
6130,124-68-15,2003,1.0,1.0
6130,124-68-15,2006,1.0,1.0
6130,124-68-15,2008,1.0,1.0
6130,124-68-15,2010,1.0,1.0
6130,124-68-15,2011,1.0,1.0
6130,124-68-15,2014,1.0,1.0
6130,124-68-15,2018,1.0,1.0
6130,124-68-16,2011,1.0,1.0
6130,124-68-16,2013,1.0,1.0
6130,124-68-16,2014,1.0,1.0
6130,124-68-16,2018,1.0,1.0
6130,124-68-18,1998,1.0,1.0
6130,124-68-18,2008,1.0,1.0
6130,124-68-18,2010,1.0,1.0
6130,124-68-18,2013,1.0,1.0
6130,124-68-18,2017,1.0,1.0
6130,124-68-2,2006,1.0,0.0
6130,124-68-2,2008,1.0,1.0
6130,124-68-2,2011,1.0,1.0
6130,124-68-2,2014,1.0,1.0
6130,124-68-2,2016,1.0,1.0
6130,124-68-2,2017,1.0,1.0
6130,124-68-2,2018,1.0,1.0
6130,124-68-2,2022,1.0,1.0
6130,124-68-2,2023,1.0,1.0
6130,124-68-20,2001,1.0,1.0
6130,124-68-20,2008,1.0,1.0
6130,124-68-20,2013,1.0,1.0
6130,124-68-20,2014,1.0,1.0
6130,124-68-20,2018,1.0,0.0
6130,124-68-20,2022,1.0,1.0
6130,124-68-202,2001,1.0,1.0
6130,124-68-202,2002,1.0,1.0
6130,124-68-202,2009,1.0,0.0
6130,124-68-202,2013,1.0,0.0
6130,124-68-202,2017,1.0,0.0
6130,124-68-203,1998,1.0,1.0
6130,124-68-203,2006,1.0,1.0
6130,124-68-203,2014,1.0,1.0
6130,124-68-203,2016,1.0,1.0
6130,124-68-203,2017,1.0,1.0
6130,124-68-203,2018,1.0,1.0
6130,124-68-207,2006,1.0,1.0
6130,124-68-207,2008,1.0,1.0
6130,124-68-207,2010,1.0,1.0
6130,124-68-207,2014,1.0,1.0
6130,124-68-207,2018,1.0,1.0
6130,124-68-207,2022,1.0,1.0
6130,124-68-208,1998,1.0,1.0
6130,124-68-208,2001,1.0,0.0
6130,124-68-208,2014,1.0,1.0
6130,124-68-208,2016,1.0,1.0
6130,124-68-208,2018,1.0,1.0
6130,124-68-208,2023,1.0,0.0
6130,124-68-209,2001,1.0,0.0
6130,124-68-209,2008,1.0,1.0
6130,124-68-209,2014,1.0,1.0
6130,124-68-209,2016,1.0,1.0
6130,124-68-209,2017,1.0,1.0
6130,124-68-209,2018,1.0,1.0
6130,124-68-209,2022,1.0,1.0
6130,124-68-209,2023,1.0,1.0
6130,124-68-210,2006,1.0,0.0
6130,124-68-210,2008,1.0,1.0
6130,124-68-210,2010,1.0,1.0
6130,124-68-210,2014,1.0,1.0
6130,124-68-210,2016,1.0,1.0
6130,124-68-210,2017,1.0,1.0
6130,124-68-210,2022,1.0,1.0
6130,124-68-210,2023,1.0,1.0
6130,124-68-211,2001,1.0,1.0
6130,124-68-211,2003,1.0,1.0
6130,124-68-211,2006,1.0,1.0
6130,124-68-211,2008,1.0,1.0
6130,124-68-211,2010,1.0,1.0
6130,124-68-211,2011,1.0,1.0
6130,124-68-211,2014,1.0,1.0
6130,124-68-211,2016,1.0,1.0
6130,124-68-211,2023,1.0,1.0
6130,124-68-213,2006,1.0,1.0
6130,124-68-213,2008,1.0,0.0
6130,124-68-213,2010,1.0,0.0
6130,124-68-213,2011,1.0,1.0
6130,124-68-213,2023,1.0,1.0
6130,124-68-214,1998,1.0,1.0
6130,124-68-214,2001,1.0,1.0
6130,124-68-214,2006,1.0,1.0
6130,124-68-214,2010,1.0,1.0
6130,124-68-214,2011,1.0,1.0
6130,124-68-214,2014,1.0,1.0
6130,124-68-214,2018,1.0,1.0
6130,124-68-215,1998,1.0,1.0
6130,124-68-215,2008,1.0,0.0
6130,124-68-215,2010,1.0,1.0
6130,124-68-215,2011,1.0,1.0
6130,124-68-215,2016,1.0,0.0
6130,124-68-215,2018,1.0,1.0
6130,124-68-216,1998,1.0,1.0
6130,124-68-216,2001,1.0,1.0
6130,124-68-216,2006,1.0,1.0
6130,124-68-216,2008,1.0,1.0
6130,124-68-216,2010,1.0,1.0
6130,124-68-216,2011,1.0,1.0
6130,124-68-216,2014,1.0,1.0
6130,124-68-216,2018,1.0,1.0
6130,124-68-217,1998,1.0,1.0
6130,124-68-217,2001,1.0,1.0
6130,124-68-217,2010,1.0,1.0
6130,124-68-217,2013,1.0,1.0
6130,124-68-217,2016,1.0,0.0
6130,124-68-217,2018,1.0,0.0
6130,124-68-218,2006,1.0,1.0
6130,124-68-218,2013,1.0,1.0
6130,124-68-218,2014,1.0,1.0
6130,124-68-218,2016,1.0,1.0
6130,124-68-218,2018,1.0,0.0
6130,124-68-218,2022,1.0,0.0
6130,124-68-219,2001,1.0,0.0
6130,124-68-219,2002,1.0,1.0
6130,124-68-219,2006,1.0,1.0
6130,124-68-219,2008,1.0,1.0
6130,124-68-219,2010,1.0,1.0
6130,124-68-219,2014,1.0,1.0
6130,124-68-219,2016,1.0,1.0
6130,124-68-22,2001,1.0,1.0
6130,124-68-22,2002,1.0,1.0
6130,124-68-22,2008,1.0,1.0
6130,124-68-22,2013,1.0,1.0
6130,124-68-22,2014,1.0,1.0
6130,124-68-22,2017,1.0,1.0
6130,124-68-22,2018,1.0,1.0
6130,124-68-22,2022,1.0,1.0
6130,124-68-220,2002,1.0,0.0
6130,124-68-220,2008,1.0,1.0
6130,124-68-220,2010,1.0,1.0
6130,124-68-220,2013,1.0,1.0
6130,124-68-220,2017,1.0,0.0
6130,124-68-220,2018,1.0,1.0
6130,124-68-223,1998,1.0,1.0
6130,124-68-223,2003,1.0,0.0
6130,124-68-223,2006,1.0,1.0
6130,124-68-223,2007,1.0,1.0
6130,124-68-223,2010,1.0,1.0
6130,124-68-223,2011,1.0,1.0
6130,124-68-223,2012,1.0,1.0
6130,124-68-223,2014,1.0,1.0
6130,124-68-223,2022,1.0,1.0
6130,124-68-223,2023,1.0,1.0
6130,124-68-224,1998,1.0,1.0
6130,124-68-224,2001,1.0,1.0
6130,124-68-224,2006,1.0,1.0
6130,124-68-224,2007,1.0,1.0
6130,124-68-224,2011,1.0,0.0
6130,124-68-224,2014,1.0,1.0
6130,124-68-224,2016,1.0,1.0
6130,124-68-224,2022,1.0,1.0
6130,124-68-224,2023,1.0,1.0
6130,124-68-225,2003,1.0,1.0
6130,124-68-225,2006,1.0,1.0
6130,124-68-225,2007,1.0,1.0
6130,124-68-225,2008,1.0,1.0
6130,124-68-225,2011,1.0,0.0
6130,124-68-225,2014,1.0,1.0
6130,124-68-225,2016,1.0,1.0
6130,124-68-225,2022,1.0,1.0
6130,124-68-233,2015,1.0,0.0
6130,124-68-238,2001,1.0,0.0
6130,124-68-238,2002,1.0,1.0
6130,124-68-242,1998,1.0,0.0
6130,124-68-242,2008,1.0,1.0
6130,124-68-242,2010,1.0,1.0
6130,124-68-242,2013,1.0,1.0
6130,124-68-242,2014,1.0,1.0
6130,124-68-25,2001,1.0,1.0
6130,124-68-25,2006,1.0,1.0
6130,124-68-25,2007,1.0,1.0
6130,124-68-25,2008,1.0,1.0
6130,124-68-25,2010,1.0,1.0
6130,124-68-25,2011,1.0,1.0
6130,124-68-25,2014,1.0,1.0
6130,124-68-25,2016,1.0,1.0
6130,124-68-251,1998,1.0,1.0
6130,124-68-252,2002,1.0,0.0
6130,124-68-26,2007,1.0,0.0
6130,124-68-26,2014,1.0,0.0
6130,124-68-28,2007,1.0,0.0
6130,124-68-28,2013,1.0,0.0
6130,124-68-28,2014,1.0,1.0
6130,124-68-28,2018,1.0,0.0
6130,124-68-28,2022,1.0,1.0
6130,124-68-29,1998,1.0,0.0
6130,124-68-29,2000,1.0,1.0
6130,124-68-29,2001,1.0,1.0
6130,124-68-29,2002,1.0,1.0
6130,124-68-29,2006,1.0,0.0
6130,124-68-29,2011,1.0,1.0
6130,124-68-29,2014,1.0,1.0
6130,124-68-29,2016,1.0,0.0
6130,124-68-29,2017,1.0,1.0
6130,124-68-29,2018,1.0,1.0
6130,124-68-29,2023,1.0,1.0
6130,124-68-296,1998,1.0,0.0
6130,124-68-296,2001,1.0,0.0
6130,124-68-296,2013,1.0,1.0
6130,124-68-296,2014,1.0,1.0
6130,124-68-296,2016,1.0,1.0
6130,124-68-296,2018,1.0,1.0
6130,124-68-296,2022,1.0,1.0
6130,124-68-297,2000,1.0,1.0
6130,124-68-297,2002,1.0,1.0
6130,124-68-297,2007,1.0,1.0
6130,124-68-297,2013,1.0,0.0
6130,124-68-297,2017,1.0,1.0
6130,124-68-298,2000,1.0,1.0
6130,124-68-298,2002,1.0,1.0
6130,124-68-298,2017,1.0,1.0
6130,124-68-299,2001,1.0,1.0
6130,124-68-299,2002,1.0,1.0
6130,124-68-299,2006,1.0,1.0
6130,124-68-299,2008,1.0,1.0
6130,124-68-299,2014,1.0,1.0
6130,124-68-299,2016,1.0,1.0
6130,124-68-299,2018,1.0,1.0
6130,124-68-299,2022,1.0,1.0
6130,124-68-299,2023,1.0,1.0
6130,124-68-300,1998,1.0,0.0
6130,124-68-300,2011,1.0,0.0
6130,124-68-300,2013,1.0,1.0
6130,124-68-300,2014,1.0,1.0
6130,124-68-300,2018,1.0,1.0
6130,124-68-300,2022,1.0,0.0
6130,124-68-303,1998,1.0,1.0
6130,124-68-303,1999,1.0,1.0
6130,124-68-303,2006,1.0,0.0
6130,124-68-303,2016,1.0,0.0
6130,124-68-303,2017,1.0,1.0
6130,124-68-303,2018,1.0,1.0
6130,124-68-303,2022,1.0,1.0
6130,124-68-303,2023,1.0,1.0
6130,124-68-308,1998,1.0,1.0
6130,124-68-308,2001,1.0,1.0
6130,124-68-308,2008,1.0,1.0
6130,124-68-308,2010,1.0,1.0
6130,124-68-308,2014,1.0,1.0
6130,124-68-308,2016,1.0,1.0
6130,124-68-308,2018,1.0,1.0
6130,124-68-308,2022,1.0,1.0
6130,124-68-308,2023,1.0,1.0
6130,124-68-312,2006,1.0,1.0
6130,124-68-312,2011,1.0,0.0
6130,124-68-312,2014,1.0,0.0
6130,124-68-314,1998,1.0,1.0
6130,124-68-314,2001,1.0,0.0
6130,124-68-314,2010,1.0,0.0
6130,124-68-314,2011,1.0,1.0
6130,124-68-314,2013,1.0,0.0
6130,124-68-314,2014,1.0,1.0
6130,124-68-314,2018,1.0,1.0
6130,124-68-316,1998,1.0,0.0
6130,124-68-316,2001,1.0,1.0
6130,124-68-316,2008,1.0,1.0
6130,124-68-316,2010,1.0,1.0
6130,124-68-316,2017,1.0,0.0
6130,124-68-317,1998,1.0,1.0
6130,124-68-317,2008,1.0,1.0
6130,124-68-317,2010,1.0,1.0
6130,124-68-317,2011,1.0,1.0
6130,124-68-317,2013,1.0,0.0
6130,124-68-319,1998,1.0,1.0
6130,124-68-319,2010,1.0,1.0
6130,124-68-319,2011,1.0,1.0
6130,124-68-319,2013,1.0,1.0
6130,124-68-319,2018,1.0,1.0
6130,124-68-319,2022,1.0,1.0
6130,124-68-323,2006,1.0,0.0
6130,124-68-323,2010,1.0,1.0
6130,124-68-323,2014,1.0,0.0
6130,124-68-323,2016,1.0,1.0
6130,124-68-323,2017,1.0,1.0
6130,124-68-324,1998,1.0,1.0
6130,124-68-324,2001,1.0,1.0
6130,124-68-324,2006,1.0,1.0
6130,124-68-324,2007,1.0,1.0
6130,124-68-324,2011,1.0,0.0
6130,124-68-325,2001,1.0,1.0
6130,124-68-325,2006,1.0,0.0
6130,124-68-325,2007,1.0,1.0
6130,124-68-325,2008,1.0,1.0
6130,124-68-325,2011,1.0,0.0
6130,124-68-325,2014,1.0,1.0
6130,124-68-326,2003,1.0,1.0
6130,124-68-326,2010,1.0,0.0
6130,124-68-326,2011,1.0,1.0
6130,124-68-326,2016,1.0,1.0
6130,124-68-326,2018,1.0,1.0
6130,124-68-35,1999,1.0,0.0
6130,124-68-35,2001,1.0,1.0
6130,124-68-35,2002,1.0,1.0
6130,124-68-35,2022,1.0,1.0
6130,124-68-350,1998,1.0,1.0
6130,124-68-350,2001,1.0,0.0
6130,124-68-350,2006,1.0,1.0
6130,124-68-350,2007,1.0,1.0
6130,124-68-350,2014,1.0,1.0
6130,124-68-350,2016,1.0,1.0
6130,124-68-36,2010,1.0,1.0
6130,124-68-36,2017,1.0,0.0
6130,124-68-36,2019,1.0,0.0
6130,124-68-36,2022,1.0,0.0
6130,124-68-37,2002,1.0,1.0
6130,124-68-37,2011,1.0,1.0
6130,124-68-37,2017,1.0,1.0
6130,124-68-39,2001,1.0,0.0
6130,124-68-39,2006,1.0,1.0
6130,124-68-39,2011,1.0,0.0
6130,124-68-39,2016,1.0,1.0
6130,124-68-39,2017,1.0,1.0
6130,124-68-39,2022,1.0,1.0
6130,124-68-4,2006,1.0,0.0
6130,124-68-4,2008,1.0,1.0
6130,124-68-4,2011,1.0,1.0
6130,124-68-4,2014,1.0,0.0
6130,124-68-4,2016,1.0,1.0
6130,124-68-4,2017,1.0,1.0
6130,124-68-4,2018,1.0,1.0
6130,124-68-43,2013,1.0,0.0
6130,124-68-43,2015,1.0,0.0
6130,124-68-44,2008,1.0,0.0
6130,124-68-44,2014,1.0,0.0
6130,124-68-47,1998,1.0,1.0
6130,124-68-47,2008,1.0,0.0
6130,124-68-47,2010,1.0,0.0
6130,124-68-47,2011,1.0,1.0
6130,124-68-47,2016,1.0,1.0
6130,124-68-47,2017,1.0,1.0
6130,124-68-47,2018,1.0,1.0
6130,124-68-5,1998,1.0,1.0
6130,124-68-5,2001,1.0,1.0
6130,124-68-5,2002,1.0,1.0
6130,124-68-5,2006,1.0,1.0
6130,124-68-5,2008,1.0,1.0
6130,124-68-5,2010,1.0,1.0
6130,124-68-5,2014,1.0,1.0
6130,124-68-5,2016,1.0,1.0
6130,124-68-5,2018,1.0,1.0
6130,124-68-5,2022,1.0,1.0
6130,124-68-5,2023,1.0,1.0
6130,124-68-50,2001,1.0,1.0
6130,124-68-50,2006,1.0,1.0
6130,124-68-50,2007,1.0,1.0
6130,124-68-50,2008,1.0,1.0
6130,124-68-50,2011,1.0,0.0
6130,124-68-53,2003,1.0,0.0
6130,124-68-53,2005,1.0,1.0
6130,124-68-53,2015,1.0,1.0
6130,124-68-53,2019,1.0,0.0
6130,124-68-54,1999,1.0,1.0
6130,124-68-54,2016,1.0,0.0
6130,124-68-54,2017,1.0,1.0
6130,124-68-57,2000,1.0,0.0
6130,124-68-57,2001,1.0,1.0
6130,124-68-57,2013,1.0,1.0
6130,124-68-59,2001,1.0,1.0
6130,124-68-6,1998,1.0,1.0
6130,124-68-6,2001,1.0,1.0
6130,124-68-6,2008,1.0,1.0
6130,124-68-6,2010,1.0,1.0
6130,124-68-6,2014,1.0,1.0
6130,124-68-6,2016,1.0,1.0
6130,124-68-64,2023,1.0,0.0
6130,124-68-66,1999,1.0,1.0
6130,124-68-66,2001,1.0,1.0
6130,124-68-66,2010,1.0,1.0
6130,124-68-66,2013,1.0,1.0
6130,124-68-66,2016,1.0,1.0
6130,124-68-66,2022,1.0,0.0
6130,124-68-7,2001,1.0,1.0
6130,124-68-7,2011,1.0,1.0
6130,124-68-7,2014,1.0,1.0
6130,124-68-7,2017,1.0,1.0
6130,124-68-8,2001,1.0,1.0
6130,124-68-8,2002,1.0,1.0
6130,124-68-8,2014,1.0,1.0
6130,124-68-8,2016,1.0,1.0
6130,124-68-8,2017,1.0,1.0
6130,124-68-83,2001,1.0,1.0
6130,124-68-83,2006,1.0,1.0
6130,124-68-83,2007,1.0,1.0
6130,124-68-83,2008,1.0,1.0
6130,124-68-83,2014,1.0,0.0
6130,124-68-83,2016,1.0,1.0
6130,124-68-9,2001,1.0,0.0
6130,124-68-9,2013,1.0,1.0
6130,124-75-5,2000,1.0,0.0
6130,124-75-5,2007,1.0,0.0
6130,124-75-5,2008,1.0,1.0
6130,124-75-5,2010,1.0,1.0
6130,124-75-5,2014,1.0,1.0
6130,124-75-9,2007,1.0,0.0
6130,124-75-9,2019,1.0,0.0
6130,124-75-9,2023,1.0,0.0
6130,124-76-1,2003,1.0,1.0
6130,124-76-1,2006,1.0,1.0
6130,124-76-1,2007,1.0,1.0
6130,124-76-1,2008,1.0,1.0
6130,124-76-1,2010,1.0,1.0
6130,124-76-1,2011,1.0,1.0
6130,124-76-1,2014,1.0,1.0
6130,124-76-1,2016,1.0,1.0
6130,124-76-1,2022,1.0,1.0
6130,124-76-109,1998,1.0,1.0
6130,124-76-109,2016,1.0,1.0
6130,124-76-109,2017,1.0,1.0
6130,124-76-109,2022,1.0,1.0
6130,124-76-109,2023,1.0,1.0
6130,124-76-113,2009,1.0,1.0
6130,124-76-113,2010,1.0,1.0
6130,124-76-113,2016,1.0,0.0
6130,124-76-113,2017,1.0,1.0
6130,124-76-113,2022,1.0,1.0
6130,124-76-12,1998,1.0,1.0
6130,124-76-12,2006,1.0,1.0
6130,124-76-12,2007,1.0,1.0
6130,124-76-12,2008,1.0,1.0
6130,124-76-12,2011,1.0,1.0
6130,124-76-12,2014,1.0,1.0
6130,124-76-12,2023,1.0,1.0
6130,124-76-120,1998,1.0,1.0
6130,124-76-120,2003,1.0,1.0
6130,124-76-120,2007,1.0,1.0
6130,124-76-120,2010,1.0,1.0
6130,124-76-120,2011,1.0,1.0
6130,124-76-120,2012,1.0,1.0
6130,124-76-120,2016,1.0,1.0
6130,124-76-120,2017,1.0,1.0
6130,124-76-120,2023,1.0,0.0
6130,124-76-121,1998,1.0,0.0
6130,124-76-121,2003,1.0,1.0
6130,124-76-121,2008,1.0,0.0
6130,124-76-121,2010,1.0,1.0
6130,124-76-121,2011,1.0,1.0
6130,124-76-121,2017,1.0,0.0
6130,124-76-121,2022,1.0,1.0
6130,124-76-121,2023,1.0,1.0
6130,124-76-125,2009,1.0,0.0
6130,124-76-125,2016,1.0,0.0
6130,124-76-140,2003,1.0,0.0
6130,124-76-140,2022,1.0,1.0
6130,124-76-159,2016,1.0,1.0
6130,124-76-159,2017,1.0,1.0
6130,124-76-159,2023,1.0,0.0
6130,124-76-165,2000,1.0,0.0
6130,124-76-165,2019,1.0,0.0
6130,124-76-19,2007,1.0,1.0
6130,124-76-19,2010,1.0,1.0
6130,124-76-19,2011,1.0,1.0
6130,124-76-19,2012,1.0,1.0
6130,124-76-19,2016,1.0,1.0
6130,124-76-19,2017,1.0,1.0
6130,124-76-19,2022,1.0,1.0
6130,124-76-19,2023,1.0,1.0
6130,124-76-190,1998,1.0,1.0
6130,124-76-190,2007,1.0,0.0
6130,124-76-190,2010,1.0,1.0
6130,124-76-190,2012,1.0,0.0
6130,124-76-190,2016,1.0,1.0
6130,124-76-190,2022,1.0,1.0
6130,124-76-2,2006,1.0,0.0
6130,124-76-2,2016,1.0,1.0
6130,124-76-2,2017,1.0,1.0
6130,124-76-2,2022,1.0,1.0
6130,124-76-2,2023,1.0,1.0
6130,124-76-201,2001,1.0,1.0
6130,124-76-201,2006,1.0,1.0
6130,124-76-201,2014,1.0,0.0
6130,124-76-201,2016,1.0,1.0
6130,124-76-201,2022,1.0,0.0
6130,124-76-21,1998,1.0,1.0
6130,124-76-21,2003,1.0,1.0
6130,124-76-21,2007,1.0,1.0
6130,124-76-21,2008,1.0,1.0
6130,124-76-21,2010,1.0,1.0
6130,124-76-21,2011,1.0,1.0
6130,124-76-21,2012,1.0,1.0
6130,124-76-21,2016,1.0,1.0
6130,124-76-21,2017,1.0,1.0
6130,124-76-21,2022,1.0,1.0
6130,124-76-21,2023,1.0,1.0
6130,124-76-216,2003,1.0,1.0
6130,124-76-216,2011,1.0,1.0
6130,124-76-216,2022,1.0,1.0
6130,124-76-22,1998,1.0,1.0
6130,124-76-22,2010,1.0,1.0
6130,124-76-22,2011,1.0,1.0
6130,124-76-22,2016,1.0,1.0
6130,124-76-22,2017,1.0,1.0
6130,124-76-22,2022,1.0,1.0
6130,124-76-22,2023,1.0,1.0
6130,124-76-221,1998,1.0,1.0
6130,124-76-221,2003,1.0,1.0
6130,124-76-221,2007,1.0,1.0
6130,124-76-221,2008,1.0,1.0
6130,124-76-221,2011,1.0,1.0
6130,124-76-221,2012,1.0,1.0
6130,124-76-23,1998,1.0,1.0
6130,124-76-23,2007,1.0,1.0
6130,124-76-23,2008,1.0,1.0
6130,124-76-23,2011,1.0,1.0
6130,124-76-23,2012,1.0,1.0
6130,124-76-23,2016,1.0,1.0
6130,124-76-23,2023,1.0,0.0
6130,124-76-3,2003,1.0,0.0
6130,124-76-3,2011,1.0,0.0
6130,124-76-3,2016,1.0,1.0
6130,124-76-3,2022,1.0,0.0
6130,124-76-302,1998,1.0,1.0
6130,124-76-302,2001,1.0,1.0
6130,124-76-302,2006,1.0,0.0
6130,124-76-302,2007,1.0,1.0
6130,124-76-302,2011,1.0,1.0
6130,124-76-302,2014,1.0,0.0
6130,124-76-302,2023,1.0,0.0
6130,124-76-306,1998,1.0,1.0
6130,124-76-306,2003,1.0,1.0
6130,124-76-306,2007,1.0,1.0
6130,124-76-306,2010,1.0,1.0
6130,124-76-306,2011,1.0,1.0
6130,124-76-306,2016,1.0,1.0
6130,124-76-306,2023,1.0,1.0
6130,124-76-309,1998,1.0,0.0
6130,124-76-309,2003,1.0,1.0
6130,124-76-309,2007,1.0,1.0
6130,124-76-309,2010,1.0,1.0
6130,124-76-309,2011,1.0,1.0
6130,124-76-309,2016,1.0,1.0
6130,124-76-309,2017,1.0,1.0
6130,124-76-310,1998,1.0,1.0
6130,124-76-310,2003,1.0,0.0
6130,124-76-310,2007,1.0,1.0
6130,124-76-310,2010,1.0,1.0
6130,124-76-310,2011,1.0,1.0
6130,124-76-310,2012,1.0,1.0
6130,124-76-310,2016,1.0,1.0
6130,124-76-310,2017,1.0,1.0
6130,124-76-310,2019,1.0,1.0
6130,124-76-310,2022,1.0,1.0
6130,124-76-310,2023,1.0,1.0
6130,124-76-314,2003,1.0,1.0
6130,124-76-314,2007,1.0,1.0
6130,124-76-314,2010,1.0,1.0
6130,124-76-314,2011,1.0,1.0
6130,124-76-314,2014,1.0,0.0
6130,124-76-318,1998,1.0,0.0
6130,124-76-318,2003,1.0,1.0
6130,124-76-318,2011,1.0,0.0
6130,124-76-318,2012,1.0,1.0
6130,124-76-318,2014,1.0,0.0
6130,124-76-318,2016,1.0,1.0
6130,124-76-318,2022,1.0,1.0
6130,124-76-318,2023,1.0,1.0
6130,124-76-320,2007,1.0,1.0
6130,124-76-320,2008,1.0,1.0
6130,124-76-320,2011,1.0,1.0
6130,124-76-320,2012,1.0,1.0
6130,124-76-320,2014,1.0,0.0
6130,124-76-324,2007,1.0,1.0
6130,124-76-324,2008,1.0,1.0
6130,124-76-324,2010,1.0,1.0
6130,124-76-324,2011,1.0,1.0
6130,124-76-324,2012,1.0,1.0
6130,124-76-324,2017,1.0,0.0
6130,124-76-324,2023,1.0,0.0
6130,124-76-39,1998,1.0,1.0
6130,124-76-39,2003,1.0,1.0
6130,124-76-39,2007,1.0,0.0
6130,124-76-39,2008,1.0,1.0
6130,124-76-4,1998,1.0,1.0
6130,124-76-4,2003,1.0,1.0
6130,124-76-4,2006,1.0,1.0
6130,124-76-4,2007,1.0,1.0
6130,124-76-4,2010,1.0,1.0
6130,124-76-4,2011,1.0,1.0
6130,124-76-4,2013,1.0,1.0
6130,124-76-4,2016,1.0,1.0
6130,124-76-4,2017,1.0,1.0
6130,124-76-4,2022,1.0,1.0
6130,124-76-4,2023,1.0,1.0
6130,124-76-40,2003,1.0,0.0
6130,124-76-40,2007,1.0,0.0
6130,124-76-40,2008,1.0,1.0
6130,124-76-40,2010,1.0,1.0
6130,124-76-40,2011,1.0,1.0
6130,124-76-40,2012,1.0,1.0
6130,124-76-40,2017,1.0,1.0
6130,124-76-40,2022,1.0,1.0
6130,124-76-439,2006,1.0,1.0
6130,124-76-439,2007,1.0,1.0
6130,124-76-439,2011,1.0,0.0
6130,124-76-439,2012,1.0,1.0
6130,124-76-439,2017,1.0,1.0
6130,124-76-439,2022,1.0,0.0
6130,124-76-439,2023,1.0,1.0
6130,124-76-5,1998,1.0,1.0
6130,124-76-5,2003,1.0,1.0
6130,124-76-5,2007,1.0,1.0
6130,124-76-5,2010,1.0,1.0
6130,124-76-5,2011,1.0,1.0
6130,124-76-5,2013,1.0,1.0
6130,124-76-5,2016,1.0,1.0
6130,124-76-5,2017,1.0,1.0
6130,124-76-5,2022,1.0,1.0
6130,124-76-5,2023,1.0,1.0
6130,124-76-55,2008,1.0,0.0
6130,124-76-55,2011,1.0,0.0
6130,124-76-55,2017,1.0,0.0
6130,124-76-6,1998,1.0,1.0
6130,124-76-6,2003,1.0,1.0
6130,124-76-6,2006,1.0,1.0
6130,124-76-6,2007,1.0,1.0
6130,124-76-6,2008,1.0,1.0
6130,124-76-6,2011,1.0,1.0
6130,124-76-6,2012,1.0,1.0
6130,124-76-6,2014,1.0,1.0
6130,124-76-60,1998,1.0,1.0
6130,124-76-60,2008,1.0,0.0
6130,124-76-60,2011,1.0,0.0
6130,124-76-67,2005,1.0,0.0
6130,124-76-69,1998,1.0,1.0
6130,124-76-69,2007,1.0,0.0
6130,124-76-69,2009,1.0,0.0
6130,124-76-69,2010,1.0,1.0
6130,124-76-69,2012,1.0,0.0
6130,124-76-69,2016,1.0,0.0
6130,124-76-69,2017,1.0,1.0
6130,124-76-69,2022,1.0,1.0
6130,124-76-69,2023,1.0,1.0
6130,124-76-8,1998,1.0,1.0
6130,124-76-8,2003,1.0,1.0
6130,124-76-8,2007,1.0,1.0
6130,124-76-8,2008,1.0,1.0
6130,124-76-8,2011,1.0,1.0
6130,124-76-8,2012,1.0,1.0
6130,124-76-9,1998,1.0,1.0
6130,124-76-9,2003,1.0,1.0
6130,124-76-9,2007,1.0,0.0
6130,124-76-9,2010,1.0,1.0
6130,124-76-9,2011,1.0,1.0
6130,124-76-9,2013,1.0,1.0
6130,124-76-9,2016,1.0,1.0
6130,124-76-9,2023,1.0,0.0
6130,124-76-90,1998,1.0,1.0
6130,124-76-90,2007,1.0,1.0
6130,124-76-90,2010,1.0,1.0
6130,124-76-90,2011,1.0,1.0
6130,124-76-90,2022,1.0,1.0
6130,124-79-106,2002,1.0,1.0
6130,124-79-106,2005,1.0,1.0
6130,124-79-106,2009,1.0,1.0
6130,124-79-106,2010,1.0,1.0
6130,124-79-106,2013,1.0,1.0
6130,124-79-109,2001,1.0,1.0
6130,124-79-109,2002,1.0,1.0
6130,124-79-109,2003,1.0,1.0
6130,124-79-109,2019,1.0,1.0
6130,124-79-109,2022,1.0,0.0
6130,124-79-112,2002,1.0,0.0
6130,124-79-112,2003,1.0,1.0
6130,124-79-112,2006,1.0,1.0
6130,124-79-112,2007,1.0,1.0
6130,124-79-112,2010,1.0,1.0
6130,124-79-112,2012,1.0,0.0
6130,124-79-112,2022,1.0,0.0
6130,124-79-113,2006,1.0,1.0
6130,124-79-113,2007,1.0,1.0
6130,124-79-113,2009,1.0,1.0
6130,124-79-113,2010,1.0,1.0
6130,124-79-113,2013,1.0,1.0
6130,124-79-113,2022,1.0,1.0
6130,124-79-116,2002,1.0,1.0
6130,124-79-116,2009,1.0,1.0
6130,124-79-116,2010,1.0,1.0
6130,124-79-123,2001,1.0,1.0
6130,124-79-123,2007,1.0,1.0
6130,124-79-123,2008,1.0,1.0
6130,124-79-123,2009,1.0,1.0
6130,124-79-123,2011,1.0,0.0
6130,124-79-124,2001,1.0,0.0
6130,124-79-124,2003,1.0,0.0
6130,124-79-124,2007,1.0,0.0
6130,124-79-124,2009,1.0,1.0
6130,124-79-124,2010,1.0,1.0
6130,124-79-124,2011,1.0,1.0
6130,124-79-124,2013,1.0,0.0
6130,124-79-124,2017,1.0,1.0
6130,124-79-124,2019,1.0,1.0
6130,124-79-124,2022,1.0,1.0
6130,124-79-130,2008,1.0,1.0
6130,124-79-130,2009,1.0,1.0
6130,124-79-130,2010,1.0,1.0
6130,124-79-130,2011,1.0,1.0
6130,124-79-130,2012,1.0,1.0
6130,124-79-130,2013,1.0,1.0
6130,124-79-130,2017,1.0,1.0
6130,124-79-130,2022,1.0,1.0
6130,124-79-132,2001,1.0,1.0
6130,124-79-132,2003,1.0,1.0
6130,124-79-132,2006,1.0,1.0
6130,124-79-132,2008,1.0,1.0
6130,124-79-132,2009,1.0,1.0
6130,124-79-132,2011,1.0,1.0
6130,124-79-132,2012,1.0,1.0
6130,124-79-132,2013,1.0,1.0
6130,124-79-132,2017,1.0,1.0
6130,124-79-132,2019,1.0,0.0
6130,124-79-132,2022,1.0,1.0
6130,124-79-133,2001,1.0,1.0
6130,124-79-133,2003,1.0,1.0
6130,124-79-133,2007,1.0,1.0
6130,124-79-133,2008,1.0,1.0
6130,124-79-133,2009,1.0,1.0
6130,124-79-133,2010,1.0,1.0
6130,124-79-133,2011,1.0,1.0
6130,124-79-133,2012,1.0,1.0
6130,124-79-133,2013,1.0,1.0
6130,124-79-133,2017,1.0,1.0
6130,124-79-133,2019,1.0,0.0
6130,124-79-133,2022,1.0,1.0
6130,124-79-139,1998,1.0,0.0
6130,124-79-139,1999,1.0,1.0
6130,124-79-139,2001,1.0,1.0
6130,124-79-139,2007,1.0,0.0
6130,124-79-139,2010,1.0,0.0
6130,124-79-139,2011,1.0,1.0
6130,124-79-139,2017,1.0,0.0
6130,124-79-142,1998,1.0,1.0
6130,124-79-142,2001,1.0,1.0
6130,124-79-142,2003,1.0,1.0
6130,124-79-142,2007,1.0,1.0
6130,124-79-142,2010,1.0,1.0
6130,124-79-142,2011,1.0,1.0
6130,124-79-142,2012,1.0,1.0
6130,124-79-142,2013,1.0,1.0
6130,124-79-217,2002,1.0,1.0
6130,124-79-217,2012,1.0,0.0
6130,124-79-217,2013,1.0,1.0
6130,124-79-217,2019,1.0,1.0
6130,124-79-217,2022,1.0,1.0
6130,124-79-24,2001,1.0,1.0
6130,124-79-24,2003,1.0,1.0
6130,124-79-24,2007,1.0,1.0
6130,124-79-24,2008,1.0,1.0
6130,124-79-24,2009,1.0,1.0
6130,124-79-309,2002,1.0,0.0
6130,124-79-309,2006,1.0,1.0
6130,124-79-309,2012,1.0,1.0
6130,124-79-33,2001,1.0,1.0
6130,124-79-33,2003,1.0,1.0
6130,124-79-33,2007,1.0,1.0
6130,124-79-33,2008,1.0,1.0
6130,124-79-33,2009,1.0,1.0
6130,124-79-33,2010,1.0,1.0
6130,124-79-33,2011,1.0,1.0
6130,124-79-33,2013,1.0,1.0
6130,124-79-33,2019,1.0,1.0
6130,124-79-40,1998,1.0,0.0
6130,124-79-40,1999,1.0,1.0
6130,124-79-40,2001,1.0,1.0
6130,124-79-40,2019,1.0,1.0
6130,124-79-40,2022,1.0,1.0
6130,124-79-403,2019,1.0,1.0
6130,124-79-403,2022,1.0,0.0
6130,124-79-424,2002,1.0,1.0
6130,124-79-424,2010,1.0,0.0
6130,124-79-424,2013,1.0,0.0
6130,124-79-424,2019,1.0,1.0
6130,124-93-79,2010,1.0,0.0
6130,840-14-1,1998,1.0,1.0
6130,840-14-1,2001,1.0,0.0
6130,840-14-108,1998,1.0,1.0
6130,840-14-108,2000,1.0,1.0
6130,840-14-108,2001,1.0,1.0
6130,840-14-108,2006,1.0,0.0
6130,840-14-108,2008,1.0,1.0
6130,840-14-108,2009,1.0,1.0
6130,840-14-108,2013,1.0,1.0
6130,840-14-108,2017,1.0,1.0
6130,840-14-108,2018,1.0,1.0
6130,840-14-11,2002,1.0,0.0
6130,840-14-11,2003,1.0,1.0
6130,840-14-11,2004,1.0,1.0
6130,840-14-118,2006,1.0,0.0
6130,840-14-128,2013,1.0,0.0
6130,840-14-138,2007,1.0,0.0
6130,840-14-138,2013,1.0,0.0
6130,840-14-138,2018,1.0,1.0
6130,840-14-14,1998,1.0,1.0
6130,840-14-14,2001,1.0,1.0
6130,840-14-14,2002,1.0,1.0
6130,840-14-14,2003,1.0,1.0
6130,840-14-14,2004,1.0,1.0
6130,840-14-14,2007,1.0,1.0
6130,840-14-14,2009,1.0,1.0
6130,840-14-14,2013,1.0,1.0
6130,840-14-140,2013,1.0,0.0
6130,840-14-148,2000,1.0,1.0
6130,840-14-148,2002,1.0,0.0
6130,840-14-148,2004,1.0,1.0
6130,840-14-148,2007,1.0,1.0
6130,840-14-148,2019,1.0,1.0
6130,840-14-151,2001,1.0,1.0
6130,840-14-151,2008,1.0,0.0
6130,840-14-151,2019,1.0,1.0
6130,840-14-153,2001,1.0,1.0
6130,840-14-153,2002,1.0,1.0
6130,840-14-153,2003,1.0,1.0
6130,840-14-153,2004,1.0,1.0
6130,840-14-153,2007,1.0,1.0
6130,840-14-153,2016,1.0,1.0
6130,840-14-153,2017,1.0,1.0
6130,840-14-153,2018,1.0,1.0
6130,840-14-153,2019,1.0,1.0
6130,840-14-153,2022,1.0,0.0
6130,840-14-155,2003,1.0,1.0
6130,840-14-155,2004,1.0,1.0
6130,840-14-155,2007,1.0,1.0
6130,840-14-155,2018,1.0,1.0
6130,840-14-158,2003,1.0,0.0
6130,840-14-158,2007,1.0,1.0
6130,840-14-158,2019,1.0,0.0
6130,840-14-159,2003,1.0,1.0
6130,840-14-159,2006,1.0,1.0
6130,840-14-159,2012,1.0,1.0
6130,840-14-16,2002,1.0,1.0
6130,840-14-16,2004,1.0,1.0
6130,840-14-16,2009,1.0,1.0
6130,840-14-16,2010,1.0,1.0
6130,840-14-16,2012,1.0,1.0
6130,840-14-16,2018,1.0,0.0
6130,840-14-16,2019,1.0,1.0
6130,840-14-160,2002,1.0,0.0
6130,840-14-160,2003,1.0,1.0
6130,840-14-160,2008,1.0,1.0
6130,840-14-160,2023,1.0,0.0
6130,840-14-162,2001,1.0,1.0
6130,840-14-162,2007,1.0,1.0
6130,840-14-162,2017,1.0,1.0
6130,840-14-162,2018,1.0,1.0
6130,840-14-162,2022,1.0,1.0
6130,840-14-164,2002,1.0,1.0
6130,840-14-164,2003,1.0,1.0
6130,840-14-164,2004,1.0,1.0
6130,840-14-165,2001,1.0,0.0
6130,840-14-165,2019,1.0,0.0
6130,840-14-165,2023,1.0,1.0
6130,840-14-166,2007,1.0,1.0
6130,840-14-166,2016,1.0,1.0
6130,840-14-166,2017,1.0,1.0
6130,840-14-166,2018,1.0,1.0
6130,840-14-166,2019,1.0,1.0
6130,840-14-168,2007,1.0,1.0
6130,840-14-168,2016,1.0,1.0
6130,840-14-168,2017,1.0,1.0
6130,840-14-168,2018,1.0,1.0
6130,840-14-168,2019,1.0,1.0
6130,840-14-175,2009,1.0,1.0
6130,840-14-176,2002,1.0,1.0
6130,840-14-176,2004,1.0,1.0
6130,840-14-176,2007,1.0,1.0
6130,840-14-176,2014,1.0,0.0
6130,840-14-176,2016,1.0,1.0
6130,840-14-176,2018,1.0,0.0
6130,840-14-177,2002,1.0,1.0
6130,840-14-177,2013,1.0,1.0
6130,840-14-177,2014,1.0,1.0
6130,840-14-177,2017,1.0,1.0
6130,840-14-177,2018,1.0,1.0
6130,840-14-179,2001,1.0,0.0
6130,840-14-179,2003,1.0,1.0
6130,840-14-179,2016,1.0,0.0
6130,840-14-181,2001,1.0,1.0
6130,840-14-181,2007,1.0,1.0
6130,840-14-181,2008,1.0,1.0
6130,840-14-181,2016,1.0,1.0
6130,840-14-181,2018,1.0,1.0
6130,840-14-181,2019,1.0,1.0
6130,840-14-182,2002,1.0,0.0
6130,840-14-182,2013,1.0,0.0
6130,840-14-182,2017,1.0,0.0
6130,840-14-182,2023,1.0,0.0
6130,840-14-184,2002,1.0,1.0
6130,840-14-185,2002,1.0,0.0
6130,840-14-185,2006,1.0,0.0
6130,840-14-185,2013,1.0,1.0
6130,840-14-185,2014,1.0,1.0
6130,840-14-185,2016,1.0,1.0
6130,840-14-186,2002,1.0,1.0
6130,840-14-186,2004,1.0,1.0
6130,840-14-186,2007,1.0,1.0
6130,840-14-186,2017,1.0,1.0
6130,840-14-186,2019,1.0,1.0
6130,840-14-188,2001,1.0,1.0
6130,840-14-188,2002,1.0,1.0
6130,840-14-188,2003,1.0,1.0
6130,840-14-188,2004,1.0,1.0
6130,840-14-188,2007,1.0,1.0
6130,840-14-188,2016,1.0,1.0
6130,840-14-188,2017,1.0,1.0
6130,840-14-188,2018,1.0,1.0
6130,840-14-188,2019,1.0,1.0
6130,840-14-189,2003,1.0,1.0
6130,840-14-189,2004,1.0,1.0
6130,840-14-189,2007,1.0,1.0
6130,840-14-189,2016,1.0,1.0
6130,840-14-189,2017,1.0,1.0
6130,840-14-189,2018,1.0,1.0
6130,840-14-189,2019,1.0,1.0
6130,840-14-190,2002,1.0,0.0
6130,840-14-190,2003,1.0,1.0
6130,840-14-190,2004,1.0,1.0
6130,840-14-191,2008,1.0,0.0
6130,840-14-191,2018,1.0,1.0
6130,840-14-191,2019,1.0,1.0
6130,840-14-193,2001,1.0,1.0
6130,840-14-193,2002,1.0,1.0
6130,840-14-193,2003,1.0,1.0
6130,840-14-193,2004,1.0,1.0
6130,840-14-193,2006,1.0,1.0
6130,840-14-193,2008,1.0,1.0
6130,840-14-193,2009,1.0,1.0
6130,840-14-193,2013,1.0,1.0
6130,840-14-193,2016,1.0,1.0
6130,840-14-193,2017,1.0,1.0
6130,840-14-193,2018,1.0,1.0
6130,840-14-194,2002,1.0,0.0
6130,840-14-194,2012,1.0,0.0
6130,840-14-195,2008,1.0,1.0
6130,840-14-195,2013,1.0,1.0
6130,840-14-195,2014,1.0,1.0
6130,840-14-195,2017,1.0,1.0
6130,840-14-195,2018,1.0,1.0
6130,840-14-195,2019,1.0,1.0
6130,840-14-198,2002,1.0,1.0
6130,840-14-198,2007,1.0,1.0
6130,840-14-198,2016,1.0,1.0
6130,840-14-198,2019,1.0,1.0
6130,840-14-199,2002,1.0,0.0
6130,840-14-205,2001,1.0,0.0
6130,840-14-205,2003,1.0,1.0
6130,840-14-205,2004,1.0,1.0
6130,840-14-205,2006,1.0,1.0
6130,840-14-205,2007,1.0,1.0
6130,840-14-205,2008,1.0,1.0
6130,840-14-205,2014,1.0,0.0
6130,840-14-21,2002,1.0,0.0
6130,840-14-21,2004,1.0,0.0
6130,840-14-21,2007,1.0,1.0
6130,840-14-226,2012,1.0,0.0
6130,840-14-3,2002,1.0,1.0
6130,840-14-3,2003,1.0,1.0
6130,840-14-3,2004,1.0,1.0
6130,840-14-3,2007,1.0,1.0
6130,840-14-3,2013,1.0,1.0
6130,840-14-3,2014,1.0,1.0
6130,840-14-3,2016,1.0,1.0
6130,840-14-3,2017,1.0,1.0
6130,840-14-3,2018,1.0,1.0
6130,840-14-319,2001,1.0,0.0
6130,840-14-319,2003,1.0,1.0
6130,840-14-319,2004,1.0,1.0
6130,840-14-319,2005,1.0,1.0
6130,840-14-319,2006,1.0,1.0
6130,840-14-319,2013,1.0,1.0
6130,840-14-319,2014,1.0,1.0
6130,840-14-319,2017,1.0,0.0
6130,840-14-319,2018,1.0,1.0
6130,840-14-319,2022,1.0,0.0
6130,840-14-319,2023,1.0,1.0
6130,840-14-32,2008,1.0,1.0
6130,840-14-32,2014,1.0,0.0
6130,840-14-32,2019,1.0,0.0
6130,840-14-33,2002,1.0,1.0
6130,840-14-33,2004,1.0,1.0
6130,840-14-407,2007,1.0,0.0
6130,840-14-409,1999,1.0,0.0
6130,840-14-414,2005,1.0,0.0
6130,840-14-415,2001,1.0,0.0
6130,840-14-415,2003,1.0,0.0
6130,840-14-415,2007,1.0,0.0
6130,840-14-415,2008,1.0,1.0
6130,840-14-415,2016,1.0,1.0
6130,840-14-415,2018,1.0,0.0
6130,840-14-415,2019,1.0,1.0
6130,840-14-415,2022,1.0,0.0
6130,840-14-418,2001,1.0,1.0
6130,840-14-418,2002,1.0,1.0
6130,840-14-418,2007,1.0,0.0
6130,840-14-418,2018,1.0,0.0
6130,840-14-418,2019,1.0,1.0
6130,840-14-420,2001,1.0,1.0
6130,840-14-420,2007,1.0,1.0
6130,840-14-420,2019,1.0,0.0
6130,840-14-422,2011,1.0,0.0
6130,840-14-434,1999,1.0,0.0
6130,840-14-436,2011,1.0,0.0
6130,840-14-49,2012,1.0,1.0
6130,840-14-49,2014,1.0,1.0
6130,840-14-49,2018,1.0,1.0
6130,840-14-49,2019,1.0,1.0
6130,840-14-54,2003,1.0,1.0
6130,840-14-59,1998,1.0,0.0
6130,840-14-6,2002,1.0,1.0
6130,840-14-6,2008,1.0,0.0
6130,840-14-6,2017,1.0,0.0
6130,840-14-6,2022,1.0,0.0
6130,840-14-7,2003,1.0,1.0
6130,840-14-7,2007,1.0,1.0
6130,840-14-7,2023,1.0,0.0
6130,840-14-71,2000,1.0,1.0
6130,840-14-71,2001,1.0,1.0
6130,840-14-71,2003,1.0,1.0
6130,840-14-71,2004,1.0,1.0
6130,840-14-71,2005,1.0,1.0
6130,840-14-71,2006,1.0,1.0
6130,840-14-71,2009,1.0,1.0
6130,840-14-71,2010,1.0,1.0
6130,840-14-71,2013,1.0,1.0
6130,840-14-71,2014,1.0,1.0
6130,840-14-71,2015,1.0,1.0
6130,840-14-71,2016,1.0,1.0
6130,840-14-71,2017,1.0,1.0
6130,840-14-71,2018,1.0,1.0
6130,840-14-71,2022,1.0,1.0
6130,840-14-78,2011,1.0,0.0
6130,840-14-79,1999,1.0,1.0
6130,840-14-79,2012,1.0,1.0
6130,840-14-80,2000,1.0,1.0
6130,840-14-80,2001,1.0,1.0
6130,840-14-80,2002,1.0,1.0
6130,840-14-80,2003,1.0,1.0
6130,840-14-80,2006,1.0,1.0
6130,840-14-80,2007,1.0,1.0
6130,840-14-80,2008,1.0,1.0
6130,840-14-80,2019,1.0,1.0
6130,840-14-80,2022,1.0,0.0
6130,840-14-82,2001,1.0,0.0
6130,840-14-82,2002,1.0,1.0
6130,840-14-82,2004,1.0,0.0
6130,840-14-82,2006,1.0,1.0
6130,840-14-82,2007,1.0,1.0
6130,840-14-82,2013,1.0,0.0
6130,840-14-82,2014,1.0,1.0
6130,840-14-97,2001,1.0,0.0
6130,840-14-97,2003,1.0,0.0
6130,840-14-97,2007,1.0,1.0
6130,840-14-98,2002,1.0,1.0
6130,840-14-98,2003,1.0,1.0
6130,840-14-98,2004,1.0,1.0
6130,840-14-98,2006,1.0,1.0
6130,840-14-98,2007,1.0,1.0
6130,840-14-98,2018,1.0,0.0
6130,840-17-1,2000,1.0,1.0
6130,840-17-1,2022,1.0,1.0
6130,840-17-11,2000,1.0,1.0
6130,840-17-11,2005,1.0,0.0
6130,840-17-11,2007,1.0,1.0
6130,840-17-12,2000,1.0,1.0
6130,840-17-12,2011,1.0,0.0
6130,840-17-12,2015,1.0,0.0
6130,840-17-125,2004,1.0,0.0
6130,840-17-125,2007,1.0,1.0
6130,840-17-125,2008,1.0,1.0
6130,840-17-126,2008,1.0,1.0
6130,840-17-126,2014,1.0,1.0
6130,840-17-126,2015,1.0,1.0
6130,840-17-126,2022,1.0,1.0
6130,840-17-13,2000,1.0,1.0
6130,840-17-13,2007,1.0,1.0
6130,840-17-13,2008,1.0,1.0
6130,840-17-13,2011,1.0,1.0
6130,840-17-13,2015,1.0,0.0
6130,840-17-14,2005,1.0,1.0
6130,840-17-14,2011,1.0,1.0
6130,840-17-14,2015,1.0,1.0
6130,840-17-14,2019,1.0,1.0
6130,840-17-15,2000,1.0,0.0
6130,840-17-153,2015,1.0,0.0
6130,840-17-154,2000,1.0,0.0
6130,840-17-17,2000,1.0,1.0
6130,840-17-17,2001,1.0,1.0
6130,840-17-17,2007,1.0,1.0
6130,840-17-18,2010,1.0,0.0
6130,840-17-18,2011,1.0,1.0
6130,840-17-18,2015,1.0,1.0
6130,840-17-18,2017,1.0,1.0
6130,840-17-18,2022,1.0,1.0
6130,840-17-19,2001,1.0,0.0
6130,840-17-19,2010,1.0,1.0
6130,840-17-19,2011,1.0,1.0
6130,840-17-19,2017,1.0,1.0
6130,840-17-19,2022,1.0,1.0
6130,840-17-2,2004,1.0,1.0
6130,840-17-2,2010,1.0,0.0
6130,840-17-2,2014,1.0,1.0
6130,840-17-203,2009,1.0,0.0
6130,840-17-204,2007,1.0,1.0
6130,840-17-205,2001,1.0,1.0
6130,840-17-205,2007,1.0,1.0
6130,840-17-205,2015,1.0,1.0
6130,840-17-205,2017,1.0,1.0
6130,840-17-206,2010,1.0,0.0
6130,840-17-206,2017,1.0,1.0
6130,840-17-207,2000,1.0,1.0
6130,840-17-207,2005,1.0,1.0
6130,840-17-207,2010,1.0,1.0
6130,840-17-207,2011,1.0,1.0
6130,840-17-207,2015,1.0,1.0
6130,840-17-208,2003,1.0,1.0
6130,840-17-208,2010,1.0,1.0
6130,840-17-208,2014,1.0,1.0
6130,840-17-21,2008,1.0,0.0
6130,840-17-21,2014,1.0,0.0
6130,840-17-21,2015,1.0,1.0
6130,840-17-21,2017,1.0,0.0
6130,840-17-213,2001,1.0,1.0
6130,840-17-213,2011,1.0,1.0
6130,840-17-213,2015,1.0,0.0
6130,840-17-213,2017,1.0,1.0
6130,840-17-214,2007,1.0,1.0
6130,840-17-214,2008,1.0,1.0
6130,840-17-216,2004,1.0,1.0
6130,840-17-216,2010,1.0,1.0
6130,840-17-216,2014,1.0,1.0
6130,840-17-217,2000,1.0,1.0
6130,840-17-217,2001,1.0,1.0
6130,840-17-217,2007,1.0,0.0
6130,840-17-217,2011,1.0,1.0
6130,840-17-217,2022,1.0,1.0
6130,840-17-220,1998,1.0,0.0
6130,840-17-220,1999,1.0,1.0
6130,840-17-221,2001,1.0,1.0
6130,840-17-221,2008,1.0,1.0
6130,840-17-221,2014,1.0,1.0
6130,840-17-221,2015,1.0,1.0
6130,840-17-222,2003,1.0,0.0
6130,840-17-222,2004,1.0,1.0
6130,840-17-222,2010,1.0,0.0
6130,840-17-222,2014,1.0,1.0
6130,840-17-223,2000,1.0,0.0
6130,840-17-223,2007,1.0,0.0
6130,840-17-223,2011,1.0,1.0
6130,840-17-223,2014,1.0,1.0
6130,840-17-223,2015,1.0,1.0
6130,840-17-225,2000,1.0,1.0
6130,840-17-225,2001,1.0,1.0
6130,840-17-225,2010,1.0,1.0
6130,840-17-225,2011,1.0,1.0
6130,840-17-225,2015,1.0,1.0
6130,840-17-225,2017,1.0,0.0
6130,840-17-228,2001,1.0,1.0
6130,840-17-228,2014,1.0,1.0
6130,840-17-228,2017,1.0,1.0
6130,840-17-23,2000,1.0,1.0
6130,840-17-23,2001,1.0,1.0
6130,840-17-23,2007,1.0,0.0
6130,840-17-23,2010,1.0,1.0
6130,840-17-23,2014,1.0,1.0
6130,840-17-23,2015,1.0,1.0
6130,840-17-3,2000,1.0,1.0
6130,840-17-3,2010,1.0,1.0
6130,840-17-3,2022,1.0,1.0
6130,840-17-301,2000,1.0,1.0
6130,840-17-301,2001,1.0,1.0
6130,840-17-301,2004,1.0,1.0
6130,840-17-302,2000,1.0,1.0
6130,840-17-302,2001,1.0,1.0
6130,840-17-302,2004,1.0,1.0
6130,840-17-302,2010,1.0,1.0
6130,840-17-302,2022,1.0,1.0
6130,840-17-303,2006,1.0,1.0
6130,840-17-303,2007,1.0,1.0
6130,840-17-303,2017,1.0,0.0
6130,840-17-305,2001,1.0,1.0
6130,840-17-305,2007,1.0,1.0
6130,840-17-305,2015,1.0,1.0
6130,840-17-305,2017,1.0,1.0
6130,840-17-306,2000,1.0,1.0
6130,840-17-306,2007,1.0,1.0
6130,840-17-306,2010,1.0,1.0
6130,840-17-306,2011,1.0,1.0
6130,840-17-307,2007,1.0,0.0
6130,840-17-307,2010,1.0,1.0
6130,840-17-307,2011,1.0,1.0
6130,840-17-307,2019,1.0,1.0
6130,840-17-309,2000,1.0,0.0
6130,840-17-31,2000,1.0,1.0
6130,840-17-31,2022,1.0,0.0
6130,840-17-312,2000,1.0,1.0
6130,840-17-312,2007,1.0,1.0
6130,840-17-312,2011,1.0,1.0
6130,840-17-312,2015,1.0,1.0
6130,840-17-313,2000,1.0,0.0
6130,840-17-313,2005,1.0,1.0
6130,840-17-313,2007,1.0,1.0
6130,840-17-313,2008,1.0,1.0
6130,840-17-314,2008,1.0,1.0
6130,840-17-314,2014,1.0,1.0
6130,840-17-314,2017,1.0,1.0
6130,840-17-315,2008,1.0,0.0
6130,840-17-315,2011,1.0,1.0
6130,840-17-316,2000,1.0,1.0
6130,840-17-316,2001,1.0,1.0
6130,840-17-316,2015,1.0,1.0
6130,840-17-316,2022,1.0,1.0
6130,840-17-318,2000,1.0,1.0
6130,840-17-318,2007,1.0,1.0
6130,840-17-318,2011,1.0,0.0
6130,840-17-319,2008,1.0,1.0
6130,840-17-319,2014,1.0,1.0
6130,840-17-319,2017,1.0,0.0
6130,840-17-319,2022,1.0,0.0
6130,840-17-32,2004,1.0,1.0
6130,840-17-32,2010,1.0,1.0
6130,840-17-32,2014,1.0,0.0
6130,840-17-326,2000,1.0,0.0
6130,840-17-33,2000,1.0,1.0
6130,840-17-33,2022,1.0,1.0
6130,840-17-34,2000,1.0,0.0
6130,840-17-34,2010,1.0,0.0
6130,840-17-35,2000,1.0,1.0
6130,840-17-35,2008,1.0,1.0
6130,840-17-35,2010,1.0,1.0
6130,840-17-35,2011,1.0,1.0
6130,840-17-351,2007,1.0,1.0
6130,840-17-352,2010,1.0,1.0
6130,840-17-352,2022,1.0,1.0
6130,840-17-359,2000,1.0,1.0
6130,840-17-359,2017,1.0,1.0
6130,840-17-36,2005,1.0,1.0
6130,840-17-36,2008,1.0,0.0
6130,840-17-36,2011,1.0,0.0
6130,840-17-36,2019,1.0,0.0
6130,840-17-362,2000,1.0,0.0
6130,840-17-362,2005,1.0,1.0
6130,840-17-362,2007,1.0,0.0
6130,840-17-362,2008,1.0,1.0
6130,840-17-366,2000,1.0,0.0
6130,840-17-366,2015,1.0,0.0
6130,840-17-367,2000,1.0,0.0
6130,840-17-367,2001,1.0,1.0
6130,840-17-367,2007,1.0,1.0
6130,840-17-367,2010,1.0,1.0
6130,840-17-367,2015,1.0,1.0
6130,840-17-367,2017,1.0,1.0
6130,840-17-367,2022,1.0,0.0
6130,840-17-368,2000,1.0,1.0
6130,840-17-368,2008,1.0,0.0
6130,840-17-368,2014,1.0,0.0
6130,840-17-37,2000,1.0,1.0
6130,840-17-37,2005,1.0,1.0
6130,840-17-37,2011,1.0,1.0
6130,840-17-37,2015,1.0,1.0
6130,840-17-375,2000,1.0,1.0
6130,840-17-375,2008,1.0,1.0
6130,840-17-375,2014,1.0,1.0
6130,840-17-375,2015,1.0,1.0
6130,840-17-375,2017,1.0,0.0
6130,840-17-4,2000,1.0,1.0
6130,840-17-4,2010,1.0,1.0
6130,840-17-4,2011,1.0,1.0
6130,840-17-41,2000,1.0,0.0
6130,840-17-41,2010,1.0,1.0
6130,840-17-41,2011,1.0,1.0
6130,840-17-41,2015,1.0,0.0
6130,840-17-412,2007,1.0,1.0
6130,840-17-412,2010,1.0,1.0
6130,840-17-412,2011,1.0,1.0
6130,840-17-412,2015,1.0,1.0
6130,840-17-419,2001,1.0,0.0
6130,840-17-419,2008,1.0,1.0
6130,840-17-419,2014,1.0,1.0
6130,840-17-419,2015,1.0,1.0
6130,840-17-42,2000,1.0,1.0
6130,840-17-42,2008,1.0,0.0
6130,840-17-42,2010,1.0,1.0
6130,840-17-42,2011,1.0,1.0
6130,840-17-44,2000,1.0,1.0
6130,840-17-44,2005,1.0,1.0
6130,840-17-44,2008,1.0,1.0
6130,840-17-44,2011,1.0,1.0
6130,840-17-44,2014,1.0,1.0
6130,840-17-44,2015,1.0,1.0
6130,840-17-44,2017,1.0,1.0
6130,840-17-46,2000,1.0,1.0
6130,840-17-46,2001,1.0,1.0
6130,840-17-46,2007,1.0,1.0
6130,840-17-46,2010,1.0,1.0
6130,840-17-46,2015,1.0,1.0
6130,840-17-46,2022,1.0,1.0
6130,840-17-47,2000,1.0,1.0
6130,840-17-47,2001,1.0,1.0
6130,840-17-47,2007,1.0,1.0
6130,840-17-47,2011,1.0,1.0
6130,840-17-47,2022,1.0,1.0
6130,840-17-48,2015,1.0,0.0
6130,840-17-5,2013,1.0,1.0
6130,840-17-5,2018,1.0,0.0
6130,840-17-5,2022,1.0,1.0
6130,840-17-50,2005,1.0,1.0
6130,840-17-50,2008,1.0,1.0
6130,840-17-50,2015,1.0,0.0
6130,840-17-50,2017,1.0,0.0
6130,840-17-51,2008,1.0,1.0
6130,840-17-51,2014,1.0,1.0
6130,840-17-51,2015,1.0,1.0
6130,840-17-51,2017,1.0,1.0
6130,840-17-55,2000,1.0,1.0
6130,840-17-55,2001,1.0,1.0
6130,840-17-55,2011,1.0,1.0
6130,840-17-55,2014,1.0,1.0
6130,840-17-55,2015,1.0,1.0
6130,840-17-56,2000,1.0,1.0
6130,840-17-56,2009,1.0,0.0
6130,840-17-57,1998,1.0,0.0
6130,840-17-57,2001,1.0,1.0
6130,840-17-57,2014,1.0,1.0
6130,840-17-57,2015,1.0,1.0
6130,840-17-57,2017,1.0,0.0
6130,840-17-58,2014,1.0,1.0
6130,840-17-58,2015,1.0,1.0
6130,840-17-6,2000,1.0,1.0
6130,840-17-6,2007,1.0,0.0
6130,840-17-6,2010,1.0,1.0
6130,840-17-6,2011,1.0,1.0
6130,840-17-6,2015,1.0,1.0
6130,840-17-8,2000,1.0,1.0
6130,840-17-8,2001,1.0,1.0
6130,840-17-8,2022,1.0,0.0
6130,840-17-9,2000,1.0,1.0
6130,840-17-9,2010,1.0,1.0
6130,840-17-9,2022,1.0,1.0
6130,840-18-1,2000,1.0,1.0
6130,840-18-1,2002,1.0,1.0
6130,840-18-1,2004,1.0,0.0
6130,840-18-1,2012,1.0,0.0
6130,840-18-1,2014,1.0,1.0
6130,840-18-1,2017,1.0,0.0
6130,840-18-1,2018,1.0,1.0
6130,840-18-1,2019,1.0,1.0
6130,840-18-102,2000,1.0,0.0
6130,840-18-102,2002,1.0,0.0
6130,840-18-102,2004,1.0,1.0
6130,840-18-102,2012,1.0,0.0
6130,840-18-102,2018,1.0,0.0
6130,840-18-11,2006,1.0,1.0
6130,840-18-11,2015,1.0,0.0
6130,840-18-11,2017,1.0,0.0
6130,840-18-11,2019,1.0,0.0
6130,840-18-11,2022,1.0,1.0
6130,840-18-14,2006,1.0,1.0
6130,840-18-14,2007,1.0,1.0
6130,840-18-14,2011,1.0,1.0
6130,840-18-14,2012,1.0,1.0
6130,840-18-14,2013,1.0,1.0
6130,840-18-14,2014,1.0,1.0
6130,840-18-14,2015,1.0,1.0
6130,840-18-14,2016,1.0,1.0
6130,840-18-14,2017,1.0,1.0
6130,840-18-14,2018,1.0,1.0
6130,840-18-14,2019,1.0,1.0
6130,840-18-15,2006,1.0,1.0
6130,840-18-15,2007,1.0,1.0
6130,840-18-15,2011,1.0,1.0
6130,840-18-15,2015,1.0,0.0
6130,840-18-15,2016,1.0,1.0
6130,840-18-15,2017,1.0,1.0
6130,840-18-15,2018,1.0,1.0
6130,840-18-15,2022,1.0,1.0
6130,840-18-3,2000,1.0,1.0
6130,840-18-3,2002,1.0,1.0
6130,840-18-3,2006,1.0,1.0
6130,840-18-3,2007,1.0,1.0
6130,840-18-3,2011,1.0,0.0
6130,840-18-3,2012,1.0,1.0
6130,840-18-3,2013,1.0,1.0
6130,840-18-3,2014,1.0,1.0
6130,840-18-3,2015,1.0,1.0
6130,840-18-3,2016,1.0,1.0
6130,840-18-3,2022,1.0,1.0
6130,840-18-4,2000,1.0,1.0
6130,840-18-4,2002,1.0,0.0
6130,840-18-4,2011,1.0,1.0
6130,840-18-4,2012,1.0,1.0
6130,840-18-4,2013,1.0,1.0
6130,840-18-4,2014,1.0,1.0
6130,840-18-4,2015,1.0,1.0
6130,840-18-4,2016,1.0,1.0
6130,840-18-4,2019,1.0,1.0
6130,840-18-7,2000,1.0,1.0
6130,840-18-7,2006,1.0,1.0
6130,840-18-7,2007,1.0,1.0
6130,840-18-7,2011,1.0,0.0
6130,840-18-7,2012,1.0,1.0
6130,840-18-7,2015,1.0,1.0
6130,840-18-7,2017,1.0,1.0
6130,840-18-7,2018,1.0,1.0
6130,840-18-8,2000,1.0,1.0
6130,840-18-8,2002,1.0,1.0
6130,840-18-8,2004,1.0,1.0
6130,840-18-8,2006,1.0,1.0
6130,840-18-8,2007,1.0,1.0
6130,840-18-8,2011,1.0,0.0
6130,840-18-8,2012,1.0,1.0
6130,840-18-8,2013,1.0,1.0
6130,840-18-8,2014,1.0,1.0
6130,840-18-8,2015,1.0,1.0
6130,840-18-8,2017,1.0,1.0
6130,840-18-8,2018,1.0,1.0
6130,840-18-8,2019,1.0,1.0
6130,840-18-8,2022,1.0,1.0
6130,840-18-9,2002,1.0,1.0
6130,840-18-9,2006,1.0,1.0
6130,840-18-9,2007,1.0,1.0
6130,840-18-9,2011,1.0,1.0
6130,840-18-9,2012,1.0,1.0
6130,840-18-9,2013,1.0,1.0
6130,840-18-9,2014,1.0,1.0
6130,840-18-9,2015,1.0,1.0
6130,840-18-9,2017,1.0,1.0
6130,840-18-9,2018,1.0,1.0
6130,840-18-9,2019,1.0,1.0
6130,840-2-1,1999,1.0,1.0
6130,840-2-1,2002,1.0,1.0
6130,840-2-1,2005,1.0,1.0
6130,840-2-1,2006,1.0,1.0
6130,840-2-1,2008,1.0,1.0
6130,840-2-1,2013,1.0,1.0
6130,840-2-1,2014,1.0,1.0
6130,840-2-1,2015,1.0,1.0
6130,840-2-1,2019,1.0,1.0
6130,840-2-1,2023,1.0,1.0
6130,840-2-10,2002,1.0,1.0
6130,840-2-10,2009,1.0,1.0
6130,840-2-10,2012,1.0,1.0
6130,840-2-10,2018,1.0,1.0
6130,840-2-102,1999,1.0,1.0
6130,840-2-102,2002,1.0,1.0
6130,840-2-102,2004,1.0,1.0
6130,840-2-102,2005,1.0,1.0
6130,840-2-102,2006,1.0,1.0
6130,840-2-102,2013,1.0,1.0
6130,840-2-102,2014,1.0,1.0
6130,840-2-102,2023,1.0,1.0
6130,840-2-105,2000,1.0,1.0
6130,840-2-105,2002,1.0,1.0
6130,840-2-105,2004,1.0,1.0
6130,840-2-105,2006,1.0,1.0
6130,840-2-105,2009,1.0,1.0
6130,840-2-105,2012,1.0,1.0
6130,840-2-105,2015,1.0,1.0
6130,840-2-109,2000,1.0,1.0
6130,840-2-109,2002,1.0,1.0
6130,840-2-109,2004,1.0,1.0
6130,840-2-109,2006,1.0,1.0
6130,840-2-109,2009,1.0,1.0
6130,840-2-109,2012,1.0,1.0
6130,840-2-111,2000,1.0,0.0
6130,840-2-111,2002,1.0,1.0
6130,840-2-111,2004,1.0,1.0
6130,840-2-111,2006,1.0,1.0
6130,840-2-111,2009,1.0,1.0
6130,840-2-111,2012,1.0,1.0
6130,840-2-111,2015,1.0,1.0
6130,840-2-111,2018,1.0,1.0
6130,840-2-12,1998,1.0,0.0
6130,840-2-12,2000,1.0,0.0
6130,840-2-12,2018,1.0,1.0
6130,840-2-13,2005,1.0,0.0
6130,840-2-13,2019,1.0,1.0
6130,840-2-13,2023,1.0,1.0
6130,840-2-14,2004,1.0,1.0
6130,840-2-14,2005,1.0,1.0
6130,840-2-14,2013,1.0,1.0
6130,840-2-14,2014,1.0,1.0
6130,840-2-14,2023,1.0,0.0
6130,840-2-140,1998,1.0,1.0
6130,840-2-140,1999,1.0,1.0
6130,840-2-140,2000,1.0,1.0
6130,840-2-140,2003,1.0,1.0
6130,840-2-140,2004,1.0,1.0
6130,840-2-140,2006,1.0,1.0
6130,840-2-140,2007,1.0,1.0
6130,840-2-140,2008,1.0,1.0
6130,840-2-140,2009,1.0,1.0
6130,840-2-140,2013,1.0,0.0
6130,840-2-140,2014,1.0,1.0
6130,840-2-140,2015,1.0,1.0
6130,840-2-141,2004,1.0,0.0
6130,840-2-141,2007,1.0,1.0
6130,840-2-141,2008,1.0,1.0
6130,840-2-141,2009,1.0,1.0
6130,840-2-141,2013,1.0,1.0
6130,840-2-141,2015,1.0,1.0
6130,840-2-141,2016,1.0,1.0
6130,840-2-141,2018,1.0,1.0
6130,840-2-141,2019,1.0,1.0
6130,840-2-142,2000,1.0,1.0
6130,840-2-142,2002,1.0,1.0
6130,840-2-142,2004,1.0,1.0
6130,840-2-142,2007,1.0,1.0
6130,840-2-142,2008,1.0,1.0
6130,840-2-142,2009,1.0,1.0
6130,840-2-142,2013,1.0,0.0
6130,840-2-142,2015,1.0,1.0
6130,840-2-142,2018,1.0,1.0
6130,840-2-142,2019,1.0,1.0
6130,840-2-15,1999,1.0,1.0
6130,840-2-15,2005,1.0,0.0
6130,840-2-15,2013,1.0,1.0
6130,840-2-15,2014,1.0,1.0
6130,840-2-15,2019,1.0,1.0
6130,840-2-15,2023,1.0,0.0
6130,840-2-156,2000,1.0,0.0
6130,840-2-156,2002,1.0,1.0
6130,840-2-156,2006,1.0,1.0
6130,840-2-156,2009,1.0,1.0
6130,840-2-156,2012,1.0,1.0
6130,840-2-156,2015,1.0,1.0
6130,840-2-156,2018,1.0,1.0
6130,840-2-16,2004,1.0,1.0
6130,840-2-16,2005,1.0,1.0
6130,840-2-16,2013,1.0,1.0
6130,840-2-16,2014,1.0,1.0
6130,840-2-16,2019,1.0,1.0
6130,840-2-16,2023,1.0,0.0
6130,840-2-162,2002,1.0,1.0
6130,840-2-162,2004,1.0,1.0
6130,840-2-162,2006,1.0,1.0
6130,840-2-162,2009,1.0,1.0
6130,840-2-162,2012,1.0,1.0
6130,840-2-164,2000,1.0,0.0
6130,840-2-164,2002,1.0,1.0
6130,840-2-164,2006,1.0,1.0
6130,840-2-164,2008,1.0,1.0
6130,840-2-164,2009,1.0,1.0
6130,840-2-164,2012,1.0,1.0
6130,840-2-164,2015,1.0,1.0
6130,840-2-164,2018,1.0,0.0
6130,840-2-17,2002,1.0,1.0
6130,840-2-17,2009,1.0,1.0
6130,840-2-17,2012,1.0,0.0
6130,840-2-17,2015,1.0,0.0
6130,840-2-17,2018,1.0,1.0
6130,840-2-19,2002,1.0,1.0
6130,840-2-19,2013,1.0,0.0
6130,840-2-19,2014,1.0,1.0
6130,840-2-19,2015,1.0,1.0
6130,840-2-19,2016,1.0,1.0
6130,840-2-20,1999,1.0,1.0
6130,840-2-20,2004,1.0,1.0
6130,840-2-20,2012,1.0,1.0
6130,840-2-20,2013,1.0,1.0
6130,840-2-20,2014,1.0,1.0
6130,840-2-20,2016,1.0,0.0
6130,840-2-20,2019,1.0,1.0
6130,840-2-201,1999,1.0,1.0
6130,840-2-201,2002,1.0,1.0
6130,840-2-201,2005,1.0,1.0
6130,840-2-201,2013,1.0,1.0
6130,840-2-201,2014,1.0,1.0
6130,840-2-201,2015,1.0,1.0
6130,840-2-201,2017,1.0,1.0
6130,840-2-201,2019,1.0,1.0
6130,840-2-201,2023,1.0,1.0
6130,840-2-204,2002,1.0,1.0
6130,840-2-204,2004,1.0,1.0
6130,840-2-204,2006,1.0,1.0
6130,840-2-204,2009,1.0,1.0
6130,840-2-204,2012,1.0,1.0
6130,840-2-204,2014,1.0,1.0
6130,840-2-204,2018,1.0,1.0
6130,840-2-205,2000,1.0,1.0
6130,840-2-205,2002,1.0,1.0
6130,840-2-205,2008,1.0,1.0
6130,840-2-205,2009,1.0,1.0
6130,840-2-205,2012,1.0,1.0
6130,840-2-205,2015,1.0,1.0
6130,840-2-205,2016,1.0,1.0
6130,840-2-207,2000,1.0,1.0
6130,840-2-207,2002,1.0,1.0
6130,840-2-207,2006,1.0,1.0
6130,840-2-207,2009,1.0,1.0
6130,840-2-207,2012,1.0,1.0
6130,840-2-207,2015,1.0,0.0
6130,840-2-208,2000,1.0,0.0
6130,840-2-208,2002,1.0,0.0
6130,840-2-208,2006,1.0,1.0
6130,840-2-208,2016,1.0,0.0
6130,840-2-208,2018,1.0,1.0
6130,840-2-209,2000,1.0,0.0
6130,840-2-209,2006,1.0,1.0
6130,840-2-209,2009,1.0,1.0
6130,840-2-209,2012,1.0,1.0
6130,840-2-209,2015,1.0,0.0
6130,840-2-21,2000,1.0,1.0
6130,840-2-21,2002,1.0,1.0
6130,840-2-21,2012,1.0,1.0
6130,840-2-21,2016,1.0,0.0
6130,840-2-21,2023,1.0,1.0
6130,840-2-210,2002,1.0,0.0
6130,840-2-210,2012,1.0,1.0
6130,840-2-210,2013,1.0,1.0
6130,840-2-210,2014,1.0,1.0
6130,840-2-210,2016,1.0,0.0
6130,840-2-210,2018,1.0,1.0
6130,840-2-210,2019,1.0,1.0
6130,840-2-211,2002,1.0,1.0
6130,840-2-211,2006,1.0,1.0
6130,840-2-211,2012,1.0,1.0
6130,840-2-211,2015,1.0,1.0
6130,840-2-211,2016,1.0,1.0
6130,840-2-211,2018,1.0,1.0
6130,840-2-211,2019,1.0,1.0
6130,840-2-212,2002,1.0,1.0
6130,840-2-212,2004,1.0,1.0
6130,840-2-212,2009,1.0,1.0
6130,840-2-212,2012,1.0,1.0
6130,840-2-212,2015,1.0,1.0
6130,840-2-214,2015,1.0,0.0
6130,840-2-214,2019,1.0,0.0
6130,840-2-215,2004,1.0,1.0
6130,840-2-215,2005,1.0,1.0
6130,840-2-215,2012,1.0,0.0
6130,840-2-215,2018,1.0,1.0
6130,840-2-215,2023,1.0,1.0
6130,840-2-216,2009,1.0,0.0
6130,840-2-216,2015,1.0,0.0
6130,840-2-216,2016,1.0,1.0
6130,840-2-216,2018,1.0,1.0
6130,840-2-218,2002,1.0,1.0
6130,840-2-218,2008,1.0,1.0
6130,840-2-218,2013,1.0,0.0
6130,840-2-218,2015,1.0,1.0
6130,840-2-218,2018,1.0,1.0
6130,840-2-218,2019,1.0,1.0
6130,840-2-22,2002,1.0,1.0
6130,840-2-22,2005,1.0,1.0
6130,840-2-22,2006,1.0,1.0
6130,840-2-22,2012,1.0,1.0
6130,840-2-22,2013,1.0,1.0
6130,840-2-22,2014,1.0,1.0
6130,840-2-22,2019,1.0,0.0
6130,840-2-22,2023,1.0,0.0
6130,840-2-23,2002,1.0,1.0
6130,840-2-23,2004,1.0,1.0
6130,840-2-23,2005,1.0,1.0
6130,840-2-23,2012,1.0,1.0
6130,840-2-23,2013,1.0,1.0
6130,840-2-23,2014,1.0,1.0
6130,840-2-23,2023,1.0,1.0
6130,840-2-24,2002,1.0,1.0
6130,840-2-24,2009,1.0,1.0
6130,840-2-24,2013,1.0,1.0
6130,840-2-24,2015,1.0,1.0
6130,840-2-24,2016,1.0,1.0
6130,840-2-24,2018,1.0,1.0
6130,840-2-24,2019,1.0,1.0
6130,840-2-25,2002,1.0,1.0
6130,840-2-25,2006,1.0,1.0
6130,840-2-25,2012,1.0,1.0
6130,840-2-25,2013,1.0,1.0
6130,840-2-25,2015,1.0,1.0
6130,840-2-25,2016,1.0,1.0
6130,840-2-25,2019,1.0,0.0
6130,840-2-26,1999,1.0,1.0
6130,840-2-26,2004,1.0,1.0
6130,840-2-26,2012,1.0,1.0
6130,840-2-26,2013,1.0,1.0
6130,840-2-26,2019,1.0,0.0
6130,840-2-27,2002,1.0,1.0
6130,840-2-27,2004,1.0,1.0
6130,840-2-27,2009,1.0,1.0
6130,840-2-27,2018,1.0,1.0
6130,840-2-27,2019,1.0,1.0
6130,840-2-28,2009,1.0,1.0
6130,840-2-28,2018,1.0,1.0
6130,840-2-28,2019,1.0,1.0
6130,840-2-29,2002,1.0,1.0
6130,840-2-29,2004,1.0,1.0
6130,840-2-29,2009,1.0,1.0
6130,840-2-29,2018,1.0,1.0
6130,840-2-31,1999,1.0,0.0
6130,840-2-31,2004,1.0,1.0
6130,840-2-31,2009,1.0,1.0
6130,840-2-31,2016,1.0,0.0
6130,840-2-31,2018,1.0,1.0
6130,840-2-31,2023,1.0,1.0
6130,840-2-33,2004,1.0,1.0
6130,840-2-33,2005,1.0,1.0
6130,840-2-33,2012,1.0,1.0
6130,840-2-33,2013,1.0,1.0
6130,840-2-33,2014,1.0,1.0
6130,840-2-33,2023,1.0,1.0
6130,840-2-34,2000,1.0,1.0
6130,840-2-34,2002,1.0,1.0
6130,840-2-34,2007,1.0,1.0
6130,840-2-34,2008,1.0,1.0
6130,840-2-34,2009,1.0,1.0
6130,840-2-34,2023,1.0,1.0
6130,840-2-35,2002,1.0,1.0
6130,840-2-35,2009,1.0,0.0
6130,840-2-35,2015,1.0,0.0
6130,840-2-35,2018,1.0,1.0
6130,840-2-35,2023,1.0,0.0
6130,840-2-36,2002,1.0,1.0
6130,840-2-36,2004,1.0,1.0
6130,840-2-36,2012,1.0,1.0
6130,840-2-36,2013,1.0,1.0
6130,840-2-36,2014,1.0,1.0
6130,840-2-36,2016,1.0,0.0
6130,840-2-36,2019,1.0,0.0
6130,840-2-38,2002,1.0,1.0
6130,840-2-38,2013,1.0,1.0
6130,840-2-38,2015,1.0,1.0
6130,840-2-38,2016,1.0,1.0
6130,840-2-38,2018,1.0,1.0
6130,840-2-38,2019,1.0,1.0
6130,840-2-38,2023,1.0,0.0
6130,840-2-4,2002,1.0,1.0
6130,840-2-4,2004,1.0,1.0
6130,840-2-4,2005,1.0,1.0
6130,840-2-4,2013,1.0,1.0
6130,840-2-4,2014,1.0,1.0
6130,840-2-4,2019,1.0,1.0
6130,840-2-43,2002,1.0,1.0
6130,840-2-43,2006,1.0,1.0
6130,840-2-43,2008,1.0,1.0
6130,840-2-43,2012,1.0,1.0
6130,840-2-43,2015,1.0,0.0
6130,840-2-43,2016,1.0,1.0
6130,840-2-43,2018,1.0,1.0
6130,840-2-45,2002,1.0,1.0
6130,840-2-45,2009,1.0,1.0
6130,840-2-45,2012,1.0,1.0
6130,840-2-45,2013,1.0,1.0
6130,840-2-45,2014,1.0,1.0
6130,840-2-45,2015,1.0,1.0
6130,840-2-47,2002,1.0,1.0
6130,840-2-47,2012,1.0,1.0
6130,840-2-47,2014,1.0,1.0
6130,840-2-47,2015,1.0,1.0
6130,840-2-47,2016,1.0,1.0
6130,840-2-47,2023,1.0,1.0
6130,840-2-48,2002,1.0,1.0
6130,840-2-48,2015,1.0,0.0
6130,840-2-48,2016,1.0,1.0
6130,840-2-48,2023,1.0,0.0
6130,840-2-49,2002,1.0,1.0
6130,840-2-49,2005,1.0,0.0
6130,840-2-49,2019,1.0,1.0
6130,840-2-49,2023,1.0,0.0
6130,840-2-50,2002,1.0,1.0
6130,840-2-50,2006,1.0,1.0
6130,840-2-50,2012,1.0,1.0
6130,840-2-50,2013,1.0,1.0
6130,840-2-50,2015,1.0,1.0
6130,840-2-50,2016,1.0,1.0
6130,840-2-50,2018,1.0,1.0
6130,840-2-50,2019,1.0,1.0
6130,840-2-50,2023,1.0,1.0
6130,840-2-52,1999,1.0,0.0
6130,840-2-52,2004,1.0,1.0
6130,840-2-52,2012,1.0,1.0
6130,840-2-52,2013,1.0,1.0
6130,840-2-52,2014,1.0,1.0
6130,840-2-52,2015,1.0,1.0
6130,840-2-52,2016,1.0,1.0
6130,840-2-52,2019,1.0,1.0
6130,840-2-52,2023,1.0,0.0
6130,840-2-53,2002,1.0,1.0
6130,840-2-53,2013,1.0,1.0
6130,840-2-53,2015,1.0,1.0
6130,840-2-53,2016,1.0,1.0
6130,840-2-53,2018,1.0,1.0
6130,840-2-53,2019,1.0,1.0
6130,840-2-53,2023,1.0,0.0
6130,840-2-54,2002,1.0,0.0
6130,840-2-54,2008,1.0,1.0
6130,840-2-54,2009,1.0,1.0
6130,840-2-54,2015,1.0,0.0
6130,840-2-54,2016,1.0,1.0
6130,840-2-54,2018,1.0,0.0
6130,840-2-55,2002,1.0,1.0
6130,840-2-55,2009,1.0,1.0
6130,840-2-55,2015,1.0,0.0
6130,840-2-55,2016,1.0,1.0
6130,840-2-55,2018,1.0,1.0
6130,840-2-55,2023,1.0,1.0
6130,840-2-57,2002,1.0,1.0
6130,840-2-57,2006,1.0,1.0
6130,840-2-57,2008,1.0,1.0
6130,840-2-57,2009,1.0,1.0
6130,840-2-57,2012,1.0,1.0
6130,840-2-57,2014,1.0,1.0
6130,840-2-57,2015,1.0,1.0
6130,840-2-58,2002,1.0,1.0
6130,840-2-58,2004,1.0,1.0
6130,840-2-58,2005,1.0,1.0
6130,840-2-58,2012,1.0,1.0
6130,840-2-58,2014,1.0,1.0
6130,840-2-58,2019,1.0,1.0
6130,840-2-59,2002,1.0,1.0
6130,840-2-59,2013,1.0,1.0
6130,840-2-59,2014,1.0,1.0
6130,840-2-59,2015,1.0,1.0
6130,840-2-59,2016,1.0,1.0
6130,840-2-59,2023,1.0,1.0
6130,840-2-60,1999,1.0,1.0
6130,840-2-60,2005,1.0,0.0
6130,840-2-60,2013,1.0,0.0
6130,840-2-60,2019,1.0,0.0
6130,840-2-60,2023,1.0,0.0
6130,840-2-61,2000,1.0,0.0
6130,840-2-61,2002,1.0,1.0
6130,840-2-61,2006,1.0,0.0
6130,840-2-61,2009,1.0,1.0
6130,840-2-61,2012,1.0,1.0
6130,840-2-61,2018,1.0,1.0
6130,840-2-63,2002,1.0,1.0
6130,840-2-63,2005,1.0,1.0
6130,840-2-63,2006,1.0,1.0
6130,840-2-63,2012,1.0,1.0
6130,840-2-63,2013,1.0,1.0
6130,840-2-63,2014,1.0,1.0
6130,840-2-63,2016,1.0,0.0
6130,840-2-63,2019,1.0,1.0
6130,840-2-63,2023,1.0,1.0
6130,840-2-65,2002,1.0,1.0
6130,840-2-65,2004,1.0,1.0
6130,840-2-65,2009,1.0,1.0
6130,840-2-65,2012,1.0,1.0
6130,840-2-65,2018,1.0,0.0
6130,840-2-65,2019,1.0,1.0
6130,840-2-66,2004,1.0,1.0
6130,840-2-66,2013,1.0,1.0
6130,840-2-66,2015,1.0,1.0
6130,840-2-66,2016,1.0,1.0
6130,840-2-66,2018,1.0,1.0
6130,840-2-66,2019,1.0,1.0
6130,840-2-67,2002,1.0,1.0
6130,840-2-67,2004,1.0,1.0
6130,840-2-67,2023,1.0,1.0
6130,840-2-68,2002,1.0,1.0
6130,840-2-68,2004,1.0,1.0
6130,840-2-68,2009,1.0,1.0
6130,840-2-68,2013,1.0,0.0
6130,840-2-68,2015,1.0,1.0
6130,840-2-68,2023,1.0,0.0
6130,840-2-7,2000,1.0,1.0
6130,840-2-7,2002,1.0,1.0
6130,840-2-7,2006,1.0,0.0
6130,840-2-7,2009,1.0,1.0
6130,840-2-7,2014,1.0,1.0
6130,840-2-7,2015,1.0,1.0
6130,840-2-7,2018,1.0,1.0
6130,840-2-70,1999,1.0,1.0
6130,840-2-70,2000,1.0,1.0
6130,840-2-70,2002,1.0,1.0
6130,840-2-70,2007,1.0,0.0
6130,840-2-70,2008,1.0,1.0
6130,840-2-70,2009,1.0,1.0
6130,840-2-70,2013,1.0,1.0
6130,840-2-70,2016,1.0,0.0
6130,840-2-70,2018,1.0,1.0
6130,840-2-70,2019,1.0,1.0
6130,840-2-70,2023,1.0,0.0
6130,840-2-71,1999,1.0,0.0
6130,840-2-71,2002,1.0,1.0
6130,840-2-71,2008,1.0,1.0
6130,840-2-71,2013,1.0,1.0
6130,840-2-71,2014,1.0,1.0
6130,840-2-71,2019,1.0,1.0
6130,840-2-71,2023,1.0,1.0
6130,840-2-72,1999,1.0,1.0
6130,840-2-72,2000,1.0,1.0
6130,840-2-72,2002,1.0,1.0
6130,840-2-72,2005,1.0,1.0
6130,840-2-72,2006,1.0,1.0
6130,840-2-72,2009,1.0,1.0
6130,840-2-72,2014,1.0,1.0
6130,840-2-72,2015,1.0,1.0
6130,840-2-73,2008,1.0,1.0
6130,840-2-73,2009,1.0,1.0
6130,840-2-73,2011,1.0,1.0
6130,840-2-73,2012,1.0,1.0
6130,840-2-73,2015,1.0,1.0
6130,840-2-73,2018,1.0,1.0
6130,840-2-73,2022,1.0,1.0
6130,840-2-8,2004,1.0,1.0
6130,840-2-8,2009,1.0,1.0
6130,840-2-8,2014,1.0,1.0
6130,840-21-1,1999,1.0,1.0
6130,840-21-1,2000,1.0,1.0
6130,840-21-1,2001,1.0,1.0
6130,840-21-1,2005,1.0,1.0
6130,840-21-1,2006,1.0,1.0
6130,840-21-1,2007,1.0,1.0
6130,840-21-1,2012,1.0,1.0
6130,840-21-1,2013,1.0,1.0
6130,840-21-1,2014,1.0,1.0
6130,840-21-1,2015,1.0,1.0
6130,840-21-1,2018,1.0,0.0
6130,840-21-1,2019,1.0,1.0
6130,840-21-10,2000,1.0,1.0
6130,840-21-10,2002,1.0,1.0
6130,840-21-10,2004,1.0,0.0
6130,840-21-10,2006,1.0,1.0
6130,840-21-10,2007,1.0,1.0
6130,840-21-10,2013,1.0,1.0
6130,840-21-10,2014,1.0,1.0
6130,840-21-10,2016,1.0,1.0
6130,840-21-105,1999,1.0,1.0
6130,840-21-105,2000,1.0,1.0
6130,840-21-105,2001,1.0,1.0
6130,840-21-105,2005,1.0,1.0
6130,840-21-105,2006,1.0,1.0
6130,840-21-105,2007,1.0,1.0
6130,840-21-105,2012,1.0,1.0
6130,840-21-105,2013,1.0,1.0
6130,840-21-105,2014,1.0,1.0
6130,840-21-105,2015,1.0,1.0
6130,840-21-105,2017,1.0,0.0
6130,840-21-105,2018,1.0,1.0
6130,840-21-105,2019,1.0,1.0
6130,840-21-105,2022,1.0,1.0
6130,840-21-109,1999,1.0,1.0
6130,840-21-109,2000,1.0,1.0
6130,840-21-109,2001,1.0,1.0
6130,840-21-109,2005,1.0,1.0
6130,840-21-109,2007,1.0,0.0
6130,840-21-109,2012,1.0,1.0
6130,840-21-109,2013,1.0,1.0
6130,840-21-109,2014,1.0,1.0
6130,840-21-109,2015,1.0,1.0
6130,840-21-109,2017,1.0,1.0
6130,840-21-109,2018,1.0,1.0
6130,840-21-109,2019,1.0,1.0
6130,840-21-109,2022,1.0,1.0
6130,840-21-2,2000,1.0,1.0
6130,840-21-2,2006,1.0,1.0
6130,840-21-2,2007,1.0,1.0
6130,840-21-2,2012,1.0,1.0
6130,840-21-2,2013,1.0,1.0
6130,840-21-2,2014,1.0,1.0
6130,840-21-3,1999,1.0,1.0
6130,840-21-3,2000,1.0,1.0
6130,840-21-3,2001,1.0,1.0
6130,840-21-3,2005,1.0,1.0
6130,840-21-3,2006,1.0,1.0
6130,840-21-3,2007,1.0,1.0
6130,840-21-3,2013,1.0,1.0
6130,840-21-3,2014,1.0,1.0
6130,840-21-3,2018,1.0,1.0
6130,840-21-3,2019,1.0,1.0
6130,840-21-4,1999,1.0,1.0
6130,840-21-4,2000,1.0,1.0
6130,840-21-4,2001,1.0,1.0
6130,840-21-4,2005,1.0,1.0
6130,840-21-4,2006,1.0,1.0
6130,840-21-4,2007,1.0,1.0
6130,840-21-4,2013,1.0,1.0
6130,840-21-4,2014,1.0,1.0
6130,840-25-1,2000,1.0,1.0
6130,840-25-1,2002,1.0,1.0
6130,840-25-1,2007,1.0,1.0
6130,840-25-1,2008,1.0,1.0
6130,840-25-1,2009,1.0,1.0
6130,840-25-1,2015,1.0,0.0
6130,840-25-10,2002,1.0,0.0
6130,840-25-108,2009,1.0,0.0
6130,840-25-108,2016,1.0,0.0
6130,840-25-11,2000,1.0,0.0
6130,840-25-11,2004,1.0,0.0
6130,840-25-11,2008,1.0,1.0
6130,840-25-11,2009,1.0,1.0
6130,840-25-11,2013,1.0,1.0
6130,840-25-11,2014,1.0,1.0
6130,840-25-11,2018,1.0,0.0
6130,840-25-11,2019,1.0,1.0
6130,840-25-113,2006,1.0,0.0
6130,840-25-113,2008,1.0,0.0
6130,840-25-116,2016,1.0,0.0
6130,840-25-116,2017,1.0,1.0
6130,840-25-12,2002,1.0,0.0
6130,840-25-12,2006,1.0,1.0
6130,840-25-12,2008,1.0,1.0
6130,840-25-12,2009,1.0,1.0
6130,840-25-12,2018,1.0,1.0
6130,840-25-132,2006,1.0,0.0
6130,840-25-132,2007,1.0,1.0
6130,840-25-14,2016,1.0,0.0
6130,840-25-14,2019,1.0,0.0
6130,840-25-15,2002,1.0,1.0
6130,840-25-15,2004,1.0,1.0
6130,840-25-15,2013,1.0,1.0
6130,840-25-15,2015,1.0,1.0
6130,840-25-15,2016,1.0,1.0
6130,840-25-15,2018,1.0,1.0
6130,840-25-15,2019,1.0,1.0
6130,840-25-15,2023,1.0,0.0
6130,840-25-165,2013,1.0,0.0
6130,840-25-172,2002,1.0,0.0
6130,840-25-18,2002,1.0,0.0
6130,840-25-18,2005,1.0,0.0
6130,840-25-18,2008,1.0,1.0
6130,840-25-18,2009,1.0,1.0
6130,840-25-18,2023,1.0,0.0
6130,840-25-19,2004,1.0,0.0
6130,840-25-19,2006,1.0,1.0
6130,840-25-19,2009,1.0,0.0
6130,840-25-2,2000,1.0,1.0
6130,840-25-2,2007,1.0,0.0
6130,840-25-2,2008,1.0,1.0
6130,840-25-2,2009,1.0,1.0
6130,840-25-20,2019,1.0,0.0
6130,840-25-24,2000,1.0,0.0
6130,840-25-24,2004,1.0,0.0
6130,840-25-27,2004,1.0,0.0
6130,840-25-3,2000,1.0,1.0
6130,840-25-3,2002,1.0,1.0
6130,840-25-3,2004,1.0,1.0
6130,840-25-3,2008,1.0,1.0
6130,840-25-3,2009,1.0,1.0
6130,840-25-31,2007,1.0,1.0
6130,840-25-31,2008,1.0,1.0
6130,840-25-4,2002,1.0,1.0
6130,840-25-4,2004,1.0,1.0
6130,840-25-4,2008,1.0,1.0
6130,840-25-4,2009,1.0,1.0
6130,840-25-4,2015,1.0,1.0
6130,840-25-4,2016,1.0,1.0
6130,840-25-4,2018,1.0,1.0
6130,840-25-4,2023,1.0,1.0
4930,124-11-10,2022,1.0,0.0
4930,124-11-126,2013,1.0,1.0
4930,124-11-126,2017,1.0,0.0
4930,124-11-126,2018,1.0,1.0
4930,124-11-167,2009,1.0,0.0
4930,124-11-17,2003,1.0,1.0
4930,124-11-17,2007,1.0,1.0
4930,124-11-17,2013,1.0,0.0
4930,124-11-17,2019,1.0,1.0
4930,124-11-17,2022,1.0,1.0
4930,124-11-19,2000,1.0,1.0
4930,124-11-19,2008,1.0,0.0
4930,124-11-19,2018,1.0,1.0
4930,124-11-19,2022,1.0,0.0
4930,124-11-198,2003,1.0,1.0
4930,124-11-198,2006,1.0,1.0
4930,124-11-198,2009,1.0,1.0
4930,124-11-198,2011,1.0,1.0
4930,124-11-198,2018,1.0,1.0
4930,124-11-198,2022,1.0,1.0
4930,124-11-208,2005,1.0,1.0
4930,124-11-208,2007,1.0,1.0
4930,124-11-208,2008,1.0,1.0
4930,124-11-208,2014,1.0,1.0
4930,124-11-208,2022,1.0,0.0
4930,124-11-220,2014,1.0,0.0
4930,124-11-220,2016,1.0,0.0
4930,124-11-222,2000,1.0,1.0
4930,124-11-222,2007,1.0,1.0
4930,124-11-222,2008,1.0,1.0
4930,124-11-222,2014,1.0,0.0
4930,124-11-222,2018,1.0,1.0
4930,124-11-223,2000,1.0,1.0
4930,124-11-223,2005,1.0,1.0
4930,124-11-234,2000,1.0,0.0
4930,124-11-234,2005,1.0,1.0
4930,124-11-234,2007,1.0,1.0
4930,124-11-234,2010,1.0,1.0
4930,124-11-234,2014,1.0,1.0
4930,124-11-234,2022,1.0,1.0
4930,124-11-244,2009,1.0,1.0
4930,124-11-244,2016,1.0,1.0
4930,124-11-244,2017,1.0,1.0
4930,124-11-244,2018,1.0,1.0
4930,124-11-244,2019,1.0,1.0
4930,124-11-244,2022,1.0,0.0
4930,124-11-255,2002,1.0,1.0
4930,124-11-255,2003,1.0,1.0
4930,124-11-255,2005,1.0,1.0
4930,124-11-255,2014,1.0,1.0
4930,124-11-255,2017,1.0,1.0
4930,124-11-255,2019,1.0,0.0
4930,124-11-255,2022,1.0,1.0
4930,124-11-265,2009,1.0,1.0
4930,124-11-265,2017,1.0,1.0
4930,124-11-265,2019,1.0,0.0
4930,124-11-270,2005,1.0,1.0
4930,124-11-270,2006,1.0,1.0
4930,124-11-270,2009,1.0,1.0
4930,124-11-270,2016,1.0,1.0
4930,124-11-270,2019,1.0,1.0
4930,124-11-29,1998,1.0,1.0
4930,124-11-29,2014,1.0,0.0
4930,124-11-29,2018,1.0,0.0
4930,124-11-33,2000,1.0,1.0
4930,124-11-33,2005,1.0,1.0
4930,124-11-33,2007,1.0,1.0
4930,124-11-33,2008,1.0,1.0
4930,124-11-33,2010,1.0,1.0
4930,124-11-33,2011,1.0,1.0
4930,124-11-401,2002,1.0,0.0
4930,124-11-401,2005,1.0,1.0
4930,124-11-401,2013,1.0,1.0
4930,124-11-401,2014,1.0,1.0
4930,124-11-401,2016,1.0,1.0
4930,124-11-401,2017,1.0,1.0
4930,124-11-401,2018,1.0,1.0
4930,124-11-401,2019,1.0,1.0
4930,124-11-401,2022,1.0,1.0
4930,124-11-401,2023,1.0,1.0
4930,124-11-402,2002,1.0,1.0
4930,124-11-402,2013,1.0,1.0
4930,124-11-402,2014,1.0,1.0
4930,124-11-402,2016,1.0,1.0
4930,124-11-402,2017,1.0,1.0
4930,124-11-407,1998,1.0,1.0
4930,124-11-407,2000,1.0,1.0
4930,124-11-407,2007,1.0,1.0
4930,124-11-407,2019,1.0,0.0
4930,124-11-408,1998,1.0,1.0
4930,124-11-408,2000,1.0,1.0
4930,124-11-408,2007,1.0,1.0
4930,124-11-408,2008,1.0,1.0
4930,124-11-408,2014,1.0,0.0
4930,124-11-408,2022,1.0,1.0
4930,124-11-409,2000,1.0,0.0
4930,124-11-409,2018,1.0,1.0
4930,124-11-409,2019,1.0,1.0
4930,124-11-413,2014,1.0,0.0
4930,124-11-413,2016,1.0,1.0
4930,124-11-413,2017,1.0,1.0
4930,124-11-413,2019,1.0,1.0
4930,124-11-419,2007,1.0,1.0
4930,124-11-419,2009,1.0,1.0
4930,124-11-419,2013,1.0,0.0
4930,124-11-420,2000,1.0,1.0
4930,124-11-420,2007,1.0,1.0
4930,124-11-420,2008,1.0,1.0
4930,124-11-420,2014,1.0,0.0
4930,124-11-45,2000,1.0,1.0
4930,124-11-45,2010,1.0,0.0
4930,124-11-45,2014,1.0,1.0
4930,124-11-45,2022,1.0,0.0
4930,124-11-5,1998,1.0,0.0
4930,124-11-5,2000,1.0,0.0
4930,124-11-5,2018,1.0,0.0
4930,124-11-57,2022,1.0,0.0
4930,124-11-58,2003,1.0,1.0
4930,124-11-58,2007,1.0,0.0
4930,124-11-6,2007,1.0,1.0
4930,124-11-6,2009,1.0,1.0
4930,124-11-6,2013,1.0,1.0
4930,124-11-6,2018,1.0,1.0
4930,124-11-608,1998,1.0,1.0
4930,124-11-608,2000,1.0,1.0
4930,124-11-608,2007,1.0,1.0
4930,124-11-608,2013,1.0,1.0
4930,124-11-608,2014,1.0,1.0
4930,124-11-608,2018,1.0,1.0
4930,124-11-609,2000,1.0,1.0
4930,124-11-609,2007,1.0,1.0
4930,124-11-612,2014,1.0,0.0
4930,124-11-612,2017,1.0,0.0
4930,124-11-612,2019,1.0,1.0
4930,124-11-613,2002,1.0,1.0
4930,124-11-613,2003,1.0,1.0
4930,124-11-613,2005,1.0,1.0
4930,124-11-613,2013,1.0,0.0
4930,124-11-613,2014,1.0,1.0
4930,124-11-613,2016,1.0,1.0
4930,124-11-613,2017,1.0,1.0
4930,124-11-614,2013,1.0,1.0
4930,124-11-614,2014,1.0,1.0
4930,124-11-614,2016,1.0,1.0
4930,124-11-614,2017,1.0,1.0
4930,124-11-614,2018,1.0,1.0
4930,124-11-614,2022,1.0,0.0
4930,124-11-709,2000,1.0,1.0
4930,124-11-709,2007,1.0,1.0
4930,124-11-709,2008,1.0,1.0
4930,124-11-709,2022,1.0,0.0
4930,124-11-71,2002,1.0,0.0
4930,124-11-71,2003,1.0,1.0
4930,124-11-71,2018,1.0,1.0
4930,124-11-74,2000,1.0,1.0
4930,124-11-74,2005,1.0,1.0
4930,124-11-74,2007,1.0,1.0
4930,124-11-74,2008,1.0,1.0
4930,124-11-74,2010,1.0,1.0
4930,124-11-74,2012,1.0,1.0
4930,124-11-74,2013,1.0,1.0
4930,124-11-74,2017,1.0,1.0
4930,124-11-74,2018,1.0,1.0
4930,124-11-74,2022,1.0,1.0
4930,124-11-81,2000,1.0,1.0
4930,124-11-81,2014,1.0,0.0
4930,124-11-9,2000,1.0,1.0
4930,124-11-9,2005,1.0,0.0
4930,124-11-9,2007,1.0,1.0
4930,124-11-9,2008,1.0,1.0
4930,124-4-10,2000,1.0,1.0
4930,124-4-10,2004,1.0,1.0
4930,124-4-10,2012,1.0,1.0
4930,124-4-10,2018,1.0,1.0
4930,124-4-10,2019,1.0,1.0
4930,124-4-10,2022,1.0,1.0
4930,124-4-105,2000,1.0,1.0
4930,124-4-105,2002,1.0,1.0
4930,124-4-105,2004,1.0,1.0
4930,124-4-105,2022,1.0,1.0
4930,124-4-106,2001,1.0,1.0
4930,124-4-106,2002,1.0,1.0
4930,124-4-106,2003,1.0,1.0
4930,124-4-107,2001,1.0,1.0
4930,124-4-107,2003,1.0,1.0
4930,124-4-107,2012,1.0,1.0
4930,124-4-107,2013,1.0,1.0
4930,124-4-107,2019,1.0,1.0
4930,124-4-107,2022,1.0,0.0
4930,124-4-109,2000,1.0,0.0
4930,124-4-109,2004,1.0,0.0
4930,124-4-109,2008,1.0,1.0
4930,124-4-109,2012,1.0,1.0
4930,124-4-109,2013,1.0,1.0
4930,124-4-109,2018,1.0,1.0
4930,124-4-109,2022,1.0,1.0
4930,124-4-113,1998,1.0,1.0
4930,124-4-113,2001,1.0,1.0
4930,124-4-113,2003,1.0,1.0
4930,124-4-113,2008,1.0,1.0
4930,124-4-113,2009,1.0,1.0
4930,124-4-113,2013,1.0,1.0
4930,124-4-113,2019,1.0,1.0
4930,124-4-114,1998,1.0,1.0
4930,124-4-114,2003,1.0,1.0
4930,124-4-114,2004,1.0,1.0
4930,124-4-114,2007,1.0,1.0
4930,124-4-114,2013,1.0,0.0
4930,124-4-114,2019,1.0,1.0
4930,124-4-114,2022,1.0,1.0
4930,124-4-115,2003,1.0,1.0
4930,124-4-115,2004,1.0,1.0
4930,124-4-115,2008,1.0,1.0
4930,124-4-115,2012,1.0,1.0
4930,124-4-115,2013,1.0,1.0
4930,124-4-115,2019,1.0,1.0
4930,124-4-116,2008,1.0,1.0
4930,124-4-116,2009,1.0,1.0
4930,124-4-116,2010,1.0,1.0
4930,124-4-116,2011,1.0,1.0
4930,124-4-116,2012,1.0,1.0
4930,124-4-121,1998,1.0,1.0
4930,124-4-121,2001,1.0,1.0
4930,124-4-121,2003,1.0,1.0
4930,124-4-121,2008,1.0,0.0
4930,124-4-121,2009,1.0,1.0
4930,124-4-121,2010,1.0,1.0
4930,124-4-121,2011,1.0,1.0
4930,124-4-121,2013,1.0,1.0
4930,124-4-127,1998,1.0,0.0
4930,124-4-127,1999,1.0,1.0
4930,124-4-127,2007,1.0,0.0
4930,124-4-127,2008,1.0,1.0
4930,124-4-127,2009,1.0,1.0
4930,124-4-127,2010,1.0,1.0
4930,124-4-127,2013,1.0,1.0
4930,124-4-127,2017,1.0,1.0
4930,124-4-128,1998,1.0,1.0
4930,124-4-128,1999,1.0,1.0
4930,124-4-128,2000,1.0,1.0
4930,124-4-128,2003,1.0,1.0
4930,124-4-128,2007,1.0,1.0
4930,124-4-128,2008,1.0,1.0
4930,124-4-128,2009,1.0,1.0
4930,124-4-128,2010,1.0,1.0
4930,124-4-128,2011,1.0,1.0
4930,124-4-128,2013,1.0,1.0
4930,124-4-128,2014,1.0,1.0
4930,124-4-128,2022,1.0,1.0
4930,124-4-129,2003,1.0,1.0
4930,124-4-129,2004,1.0,1.0
4930,124-4-129,2008,1.0,1.0
4930,124-4-129,2009,1.0,1.0
4930,124-4-129,2010,1.0,1.0
4930,124-4-129,2011,1.0,1.0
4930,124-4-129,2013,1.0,1.0
4930,124-4-13,1998,1.0,1.0
4930,124-4-13,2008,1.0,1.0
4930,124-4-13,2009,1.0,1.0
4930,124-4-13,2013,1.0,1.0
4930,124-4-136,2003,1.0,1.0
4930,124-4-136,2007,1.0,1.0
4930,124-4-136,2010,1.0,1.0
4930,124-4-136,2011,1.0,1.0
4930,124-4-136,2013,1.0,1.0
4930,124-4-136,2022,1.0,1.0
4930,124-4-138,2013,1.0,0.0
4930,124-4-138,2017,1.0,1.0
4930,124-4-138,2019,1.0,1.0
4930,124-4-138,2022,1.0,1.0
4930,124-4-14,1998,1.0,1.0
4930,124-4-14,1999,1.0,1.0
4930,124-4-14,2000,1.0,1.0
4930,124-4-14,2001,1.0,1.0
4930,124-4-14,2004,1.0,1.0
4930,124-4-14,2008,1.0,1.0
4930,124-4-14,2010,1.0,1.0
4930,124-4-14,2013,1.0,0.0
4930,124-4-15,1998,1.0,0.0
4930,124-4-15,2003,1.0,1.0
4930,124-4-15,2004,1.0,1.0
4930,124-4-15,2007,1.0,0.0
4930,124-4-15,2012,1.0,0.0
4930,124-4-15,2013,1.0,1.0
4930,124-4-15,2019,1.0,1.0
4930,124-4-15,2022,1.0,1.0
4930,124-4-18,1998,1.0,1.0
4930,124-4-18,1999,1.0,1.0
4930,124-4-18,2000,1.0,1.0
4930,124-4-18,2001,1.0,1.0
4930,124-4-18,2003,1.0,1.0
4930,124-4-18,2008,1.0,1.0
4930,124-4-18,2009,1.0,1.0
4930,124-4-18,2010,1.0,1.0
4930,124-4-18,2011,1.0,1.0
4930,124-4-18,2013,1.0,1.0
4930,124-4-19,1998,1.0,1.0
4930,124-4-19,2000,1.0,1.0
4930,124-4-19,2001,1.0,1.0
4930,124-4-19,2003,1.0,1.0
4930,124-4-19,2008,1.0,1.0
4930,124-4-19,2009,1.0,1.0
4930,124-4-19,2010,1.0,1.0
4930,124-4-19,2013,1.0,1.0
4930,124-4-2,2000,1.0,1.0
4930,124-4-2,2001,1.0,1.0
4930,124-4-2,2002,1.0,1.0
4930,124-4-2,2003,1.0,1.0
4930,124-4-2,2012,1.0,1.0
4930,124-4-2,2013,1.0,1.0
4930,124-4-2,2019,1.0,1.0
4930,124-4-2,2022,1.0,1.0
4930,124-4-20,1998,1.0,1.0
4930,124-4-20,2007,1.0,1.0
4930,124-4-20,2009,1.0,1.0
4930,124-4-20,2012,1.0,0.0
4930,124-4-20,2013,1.0,1.0
4930,124-4-20,2022,1.0,1.0
4930,124-4-201,2003,1.0,0.0
4930,124-4-201,2012,1.0,0.0
4930,124-4-201,2013,1.0,1.0
4930,124-4-204,2001,1.0,0.0
4930,124-4-204,2002,1.0,1.0
4930,124-4-204,2004,1.0,1.0
4930,124-4-204,2008,1.0,1.0
4930,124-4-204,2013,1.0,1.0
4930,124-4-204,2018,1.0,1.0
4930,124-4-210,2004,1.0,0.0
4930,124-4-210,2008,1.0,1.0
4930,124-4-210,2013,1.0,1.0
4930,124-4-210,2018,1.0,1.0
4930,124-4-210,2019,1.0,1.0
4930,124-4-210,2022,1.0,1.0
4930,124-4-212,1998,1.0,0.0
4930,124-4-212,2000,1.0,1.0
4930,124-4-212,2001,1.0,1.0
4930,124-4-212,2003,1.0,1.0
4930,124-4-212,2008,1.0,1.0
4930,124-4-212,2009,1.0,1.0
4930,124-4-212,2010,1.0,1.0
4930,124-4-212,2013,1.0,0.0
4930,124-4-212,2019,1.0,0.0
4930,124-4-213,1998,1.0,1.0
4930,124-4-213,2008,1.0,1.0
4930,124-4-213,2010,1.0,0.0
4930,124-4-214,1998,1.0,1.0
4930,124-4-214,2004,1.0,0.0
4930,124-4-214,2007,1.0,1.0
4930,124-4-214,2010,1.0,1.0
4930,124-4-214,2012,1.0,1.0
4930,124-4-214,2013,1.0,1.0
4930,124-4-214,2022,1.0,1.0
4930,124-4-215,2000,1.0,1.0
4930,124-4-215,2004,1.0,1.0
4930,124-4-215,2010,1.0,0.0
4930,124-4-215,2012,1.0,0.0
4930,124-4-215,2013,1.0,1.0
4930,124-4-215,2022,1.0,0.0
4930,124-4-22,1998,1.0,1.0
4930,124-4-22,2001,1.0,1.0
4930,124-4-22,2003,1.0,1.0
4930,124-4-22,2004,1.0,1.0
4930,124-4-22,2008,1.0,1.0
4930,124-4-22,2009,1.0,1.0
4930,124-4-22,2010,1.0,1.0
4930,124-4-22,2019,1.0,0.0
4930,124-4-227,1999,1.0,1.0
4930,124-4-227,2001,1.0,1.0
4930,124-4-227,2007,1.0,0.0
4930,124-4-227,2009,1.0,1.0
4930,124-4-227,2011,1.0,1.0
4930,124-4-227,2013,1.0,1.0
4930,124-4-227,2014,1.0,1.0
4930,124-4-228,1998,1.0,1.0
4930,124-4-228,2007,1.0,1.0
4930,124-4-228,2008,1.0,1.0
4930,124-4-228,2012,1.0,0.0
4930,124-4-228,2017,1.0,1.0
4930,124-4-229,2003,1.0,1.0
4930,124-4-229,2007,1.0,1.0
4930,124-4-229,2008,1.0,1.0
4930,124-4-229,2009,1.0,1.0
4930,124-4-229,2010,1.0,1.0
4930,124-4-229,2013,1.0,0.0
4930,124-4-229,2014,1.0,1.0
4930,124-4-229,2022,1.0,0.0
4930,124-4-24,2000,1.0,0.0
4930,124-4-24,2001,1.0,1.0
4930,124-4-24,2005,1.0,1.0
4930,124-4-24,2010,1.0,0.0
4930,124-4-24,2011,1.0,1.0
4930,124-4-251,2004,1.0,1.0
4930,124-4-251,2008,1.0,1.0
4930,124-4-251,2010,1.0,1.0
4930,124-4-251,2012,1.0,1.0
4930,124-4-251,2013,1.0,1.0
4930,124-4-251,2017,1.0,1.0
4930,124-4-251,2019,1.0,1.0
4930,124-4-251,2022,1.0,1.0
4930,124-4-26,1999,1.0,1.0
4930,124-4-26,2003,1.0,0.0
4930,124-4-26,2007,1.0,1.0
4930,124-4-26,2009,1.0,1.0
4930,124-4-26,2010,1.0,1.0
4930,124-4-26,2011,1.0,1.0
4930,124-4-26,2013,1.0,1.0
4930,124-4-26,2014,1.0,1.0
4930,124-4-26,2017,1.0,1.0
4930,124-4-26,2019,1.0,0.0
4930,124-4-27,1999,1.0,1.0
4930,124-4-27,2000,1.0,1.0
4930,124-4-27,2001,1.0,1.0
4930,124-4-27,2003,1.0,1.0
4930,124-4-27,2007,1.0,1.0
4930,124-4-27,2008,1.0,1.0
4930,124-4-27,2009,1.0,1.0
4930,124-4-27,2010,1.0,1.0
4930,124-4-27,2011,1.0,1.0
4930,124-4-27,2013,1.0,1.0
4930,124-4-28,1999,1.0,0.0
4930,124-4-28,2003,1.0,1.0
4930,124-4-28,2007,1.0,1.0
4930,124-4-28,2008,1.0,1.0
4930,124-4-28,2009,1.0,1.0
4930,124-4-28,2010,1.0,1.0
4930,124-4-28,2011,1.0,1.0
4930,124-4-28,2013,1.0,1.0
4930,124-4-28,2022,1.0,0.0
4930,124-4-29,2003,1.0,1.0
4930,124-4-29,2004,1.0,1.0
4930,124-4-29,2008,1.0,0.0
4930,124-4-29,2009,1.0,1.0
4930,124-4-29,2010,1.0,1.0
4930,124-4-29,2013,1.0,1.0
4930,124-4-29,2014,1.0,1.0
4930,124-4-29,2017,1.0,1.0
4930,124-4-29,2022,1.0,1.0
4930,124-4-3,2000,1.0,1.0
4930,124-4-3,2001,1.0,1.0
4930,124-4-3,2002,1.0,1.0
4930,124-4-3,2004,1.0,1.0
4930,124-4-3,2008,1.0,1.0
4930,124-4-3,2009,1.0,1.0
4930,124-4-3,2012,1.0,1.0
4930,124-4-3,2013,1.0,1.0
4930,124-4-302,2001,1.0,0.0
4930,124-4-302,2012,1.0,1.0
4930,124-4-302,2013,1.0,1.0
4930,124-4-302,2019,1.0,1.0
4930,124-4-302,2022,1.0,1.0
4930,124-4-304,2000,1.0,0.0
4930,124-4-304,2002,1.0,1.0
4930,124-4-304,2008,1.0,1.0
4930,124-4-304,2013,1.0,1.0
4930,124-4-304,2018,1.0,1.0
4930,124-4-304,2019,1.0,1.0
4930,124-4-306,2012,1.0,1.0
4930,124-4-306,2013,1.0,1.0
4930,124-4-306,2019,1.0,1.0
4930,124-4-306,2022,1.0,1.0
4930,124-4-31,2001,1.0,1.0
4930,124-4-31,2003,1.0,1.0
4930,124-4-31,2007,1.0,0.0
4930,124-4-31,2009,1.0,1.0
4930,124-4-31,2010,1.0,1.0
4930,124-4-31,2017,1.0,1.0
4930,124-4-311,1999,1.0,0.0
4930,124-4-311,2000,1.0,1.0
4930,124-4-311,2003,1.0,1.0
4930,124-4-311,2008,1.0,0.0
4930,124-4-311,2009,1.0,1.0
4930,124-4-311,2010,1.0,1.0
4930,124-4-312,2012,1.0,0.0
4930,124-4-312,2013,1.0,1.0
4930,124-4-312,2017,1.0,1.0
4930,124-4-313,1998,1.0,0.0
4930,124-4-313,2001,1.0,1.0
4930,124-4-313,2003,1.0,1.0
4930,124-4-313,2009,1.0,0.0
4930,124-4-313,2013,1.0,1.0
4930,124-4-313,2019,1.0,1.0
4930,124-4-313,2022,1.0,1.0
4930,124-4-315,1998,1.0,0.0
4930,124-4-315,2000,1.0,1.0
4930,124-4-315,2001,1.0,1.0
4930,124-4-315,2004,1.0,1.0
4930,124-4-315,2010,1.0,0.0
4930,124-4-315,2011,1.0,1.0
4930,124-4-315,2019,1.0,1.0
4930,124-4-328,1998,1.0,1.0
4930,124-4-328,2007,1.0,1.0
4930,124-4-328,2013,1.0,0.0
4930,124-4-328,2022,1.0,1.0
4930,124-4-329,1998,1.0,1.0
4930,124-4-329,2003,1.0,0.0
4930,124-4-329,2009,1.0,0.0
4930,124-4-329,2010,1.0,1.0
4930,124-4-329,2013,1.0,1.0
4930,124-4-329,2022,1.0,1.0
4930,124-4-33,2000,1.0,1.0
4930,124-4-33,2001,1.0,1.0
4930,124-4-33,2008,1.0,1.0
4930,124-4-33,2013,1.0,0.0
4930,124-4-33,2019,1.0,0.0
4930,124-4-330,2004,1.0,1.0
4930,124-4-330,2007,1.0,1.0
4930,124-4-330,2008,1.0,1.0
4930,124-4-330,2009,1.0,1.0
4930,124-4-330,2010,1.0,1.0
4930,124-4-330,2012,1.0,0.0
4930,124-4-330,2013,1.0,1.0
4930,124-4-330,2017,1.0,1.0
4930,124-4-330,2022,1.0,1.0
4930,124-4-37,1999,1.0,1.0
4930,124-4-37,2007,1.0,1.0
4930,124-4-37,2017,1.0,1.0
4930,124-4-37,2019,1.0,0.0
4930,124-4-4,2000,1.0,1.0
4930,124-4-4,2001,1.0,1.0
4930,124-4-4,2002,1.0,1.0
4930,124-4-4,2004,1.0,1.0
4930,124-4-4,2008,1.0,1.0
4930,124-4-4,2013,1.0,1.0
4930,124-4-40,2001,1.0,1.0
4930,124-4-40,2003,1.0,1.0
4930,124-4-40,2007,1.0,1.0
4930,124-4-40,2009,1.0,1.0
4930,124-4-40,2010,1.0,1.0
4930,124-4-40,2013,1.0,1.0
4930,124-4-40,2014,1.0,1.0
4930,124-4-40,2017,1.0,1.0
4930,124-4-40,2022,1.0,0.0
4930,124-4-404,2008,1.0,1.0
4930,124-4-404,2013,1.0,1.0
4930,124-4-404,2018,1.0,0.0
4930,124-4-42,1999,1.0,0.0
4930,124-4-49,1999,1.0,0.0
4930,124-4-55,2000,1.0,1.0
4930,124-4-55,2005,1.0,1.0
4930,124-4-55,2008,1.0,0.0
4930,124-4-55,2010,1.0,1.0
4930,124-4-55,2012,1.0,1.0
4930,124-4-55,2013,1.0,1.0
4930,124-4-55,2014,1.0,1.0
4930,124-4-55,2017,1.0,1.0
4930,124-4-55,2018,1.0,1.0
4930,124-4-6,2000,1.0,0.0
4930,124-4-6,2003,1.0,0.0
4930,124-4-6,2009,1.0,1.0
4930,124-4-6,2013,1.0,0.0
4930,124-4-62,2008,1.0,0.0
4930,124-4-62,2017,1.0,1.0
4930,124-4-63,2010,1.0,1.0
4930,124-4-63,2012,1.0,0.0
4930,124-4-63,2013,1.0,1.0
4930,124-4-63,2014,1.0,1.0
4930,124-4-63,2017,1.0,1.0
4930,124-4-63,2019,1.0,0.0
4930,124-4-63,2022,1.0,1.0
4930,124-4-7,1999,1.0,1.0
4930,124-4-7,2000,1.0,1.0
4930,124-4-7,2004,1.0,1.0
4930,124-4-7,2008,1.0,1.0
4930,124-4-7,2009,1.0,1.0
4930,124-4-9,2000,1.0,1.0
4930,124-4-9,2001,1.0,1.0
4930,124-4-9,2004,1.0,0.0
4930,124-4-9,2008,1.0,0.0
4930,124-4-9,2012,1.0,1.0
4930,124-4-9,2013,1.0,1.0
4930,124-4-9,2022,1.0,0.0
4930,124-45-1,2005,1.0,0.0
4930,124-45-1,2007,1.0,1.0
4930,124-45-1,2013,1.0,1.0
4930,124-45-1,2015,1.0,1.0
4930,124-45-1,2016,1.0,1.0
4930,124-45-1,2017,1.0,1.0
4930,124-45-102,2002,1.0,1.0
4930,124-45-102,2003,1.0,1.0
4930,124-45-102,2005,1.0,1.0
4930,124-45-102,2007,1.0,1.0
4930,124-45-102,2013,1.0,1.0
4930,124-45-102,2015,1.0,1.0
4930,124-45-102,2016,1.0,1.0
4930,124-45-102,2017,1.0,1.0
4930,124-45-103,2003,1.0,1.0
4930,124-45-103,2005,1.0,1.0
4930,124-45-103,2007,1.0,0.0
4930,124-45-103,2017,1.0,0.0
4930,124-45-105,2003,1.0,1.0
4930,124-45-105,2013,1.0,1.0
4930,124-45-105,2016,1.0,0.0
4930,124-45-105,2017,1.0,1.0
4930,124-45-105,2019,1.0,1.0
4930,124-45-107,2011,1.0,0.0
4930,124-45-107,2022,1.0,0.0
4930,124-45-109,2002,1.0,0.0
4930,124-45-109,2012,1.0,0.0
4930,124-45-109,2015,1.0,0.0
4930,124-45-109,2016,1.0,1.0
4930,124-45-11,2013,1.0,1.0
4930,124-45-11,2017,1.0,1.0
4930,124-45-11,2019,1.0,0.0
4930,124-45-111,2003,1.0,1.0
4930,124-45-111,2005,1.0,1.0
4930,124-45-111,2010,1.0,1.0
4930,124-45-111,2017,1.0,1.0
4930,124-45-111,2022,1.0,1.0
4930,124-45-113,1999,1.0,1.0
4930,124-45-113,2005,1.0,1.0
4930,124-45-113,2007,1.0,1.0
4930,124-45-113,2011,1.0,1.0
4930,124-45-113,2015,1.0,1.0
4930,124-45-113,2016,1.0,1.0
4930,124-45-113,2017,1.0,1.0
4930,124-45-114,2005,1.0,0.0
4930,124-45-114,2007,1.0,0.0
4930,124-45-114,2011,1.0,1.0
4930,124-45-116,1999,1.0,0.0
4930,124-45-116,2008,1.0,0.0
4930,124-45-116,2014,1.0,0.0
4930,124-45-116,2022,1.0,0.0
4930,124-45-118,2008,1.0,0.0
4930,124-45-118,2010,1.0,1.0
4930,124-45-118,2011,1.0,1.0
4930,124-45-118,2014,1.0,1.0
4930,124-45-118,2022,1.0,0.0
4930,124-45-121,2003,1.0,1.0
4930,124-45-121,2005,1.0,1.0
4930,124-45-121,2007,1.0,1.0
4930,124-45-121,2010,1.0,1.0
4930,124-45-121,2013,1.0,0.0
4930,124-45-121,2017,1.0,1.0
4930,124-45-13,2003,1.0,1.0
4930,124-45-13,2005,1.0,1.0
4930,124-45-13,2007,1.0,1.0
4930,124-45-13,2013,1.0,1.0
4930,124-45-13,2015,1.0,1.0
4930,124-45-13,2016,1.0,1.0
4930,124-45-13,2017,1.0,1.0
4930,124-45-18,1998,1.0,0.0
4930,124-45-2,2003,1.0,1.0
4930,124-45-2,2005,1.0,1.0
4930,124-45-2,2007,1.0,1.0
4930,124-45-2,2013,1.0,1.0
4930,124-45-2,2015,1.0,1.0
4930,124-45-2,2016,1.0,1.0
4930,124-45-2,2017,1.0,1.0
4930,124-45-203,2003,1.0,1.0
4930,124-45-203,2005,1.0,1.0
4930,124-45-203,2013,1.0,1.0
4930,124-45-203,2015,1.0,1.0
4930,124-45-203,2016,1.0,1.0
4930,124-45-203,2017,1.0,1.0
4930,124-45-203,2019,1.0,1.0
4930,124-45-203,2022,1.0,1.0
4930,124-45-205,2003,1.0,1.0
4930,124-45-205,2005,1.0,1.0
4930,124-45-205,2013,1.0,1.0
4930,124-45-205,2015,1.0,1.0
4930,124-45-205,2016,1.0,1.0
4930,124-45-205,2017,1.0,1.0
4930,124-45-205,2019,1.0,1.0
4930,124-45-207,1999,1.0,0.0
4930,124-45-207,2010,1.0,0.0
4930,124-45-207,2011,1.0,1.0
4930,124-45-207,2014,1.0,1.0
4930,124-45-209,2003,1.0,1.0
4930,124-45-209,2007,1.0,1.0
4930,124-45-209,2013,1.0,1.0
4930,124-45-209,2017,1.0,1.0
4930,124-45-209,2019,1.0,1.0
4930,124-45-21,2005,1.0,1.0
4930,124-45-21,2007,1.0,1.0
4930,124-45-21,2010,1.0,1.0
4930,124-45-21,2013,1.0,1.0
4930,124-45-21,2022,1.0,1.0
4930,124-45-213,1999,1.0,0.0
4930,124-45-213,2005,1.0,1.0
4930,124-45-213,2007,1.0,1.0
4930,124-45-213,2011,1.0,1.0
4930,124-45-213,2015,1.0,1.0
4930,124-45-216,1999,1.0,0.0
4930,124-45-216,2022,1.0,1.0
4930,124-45-218,2013,1.0,1.0
4930,124-45-218,2016,1.0,1.0
4930,124-45-218,2019,1.0,1.0
4930,124-45-22,2016,1.0,0.0
4930,124-45-22,2019,1.0,1.0
4930,124-45-220,2013,1.0,0.0
4930,124-45-220,2016,1.0,1.0
4930,124-45-3,2001,1.0,1.0
4930,124-45-3,2008,1.0,1.0
4930,124-45-3,2010,1.0,1.0
4930,124-45-3,2011,1.0,1.0
4930,124-45-3,2014,1.0,1.0
4930,124-45-30,2012,1.0,1.0
4930,124-45-30,2013,1.0,1.0
4930,124-45-30,2019,1.0,1.0
4930,124-45-307,2007,1.0,0.0
4930,124-45-41,1999,1.0,0.0
4930,124-45-41,2005,1.0,0.0
4930,124-45-41,2007,1.0,0.0
4930,124-45-41,2011,1.0,1.0
4930,124-45-41,2013,1.0,1.0
4930,124-45-41,2015,1.0,0.0
4930,124-45-41,2016,1.0,1.0
4930,124-45-41,2019,1.0,1.0
4930,124-45-42,2013,1.0,1.0
4930,124-45-42,2015,1.0,0.0
4930,124-45-42,2016,1.0,1.0
4930,124-45-42,2019,1.0,1.0
4930,124-45-43,1999,1.0,1.0
4930,124-45-43,2005,1.0,0.0
4930,124-45-43,2016,1.0,0.0
4930,124-45-49,2012,1.0,1.0
4930,124-45-49,2019,1.0,1.0
4930,124-45-5,2003,1.0,1.0
4930,124-45-5,2005,1.0,1.0
4930,124-45-5,2013,1.0,1.0
4930,124-45-5,2015,1.0,0.0
4930,124-45-5,2016,1.0,1.0
4930,124-45-5,2017,1.0,1.0
4930,124-45-5,2019,1.0,1.0
4930,124-45-7,2022,1.0,1.0
4930,124-45-9,2007,1.0,1.0
4930,124-45-9,2013,1.0,1.0
4930,124-45-9,2015,1.0,1.0
4930,124-45-9,2017,1.0,1.0
4930,124-45-9,2019,1.0,1.0
4930,124-56-105,1998,1.0,1.0
4930,124-56-105,2007,1.0,1.0
4930,124-56-105,2009,1.0,0.0
4930,124-56-105,2011,1.0,0.0
4930,124-56-105,2016,1.0,1.0
4930,124-56-105,2017,1.0,1.0
4930,124-56-105,2023,1.0,0.0
4930,124-56-13,2005,1.0,1.0
4930,124-56-13,2008,1.0,1.0
4930,124-56-13,2009,1.0,1.0
4930,124-56-13,2010,1.0,1.0
4930,124-56-13,2012,1.0,1.0
4930,124-56-13,2013,1.0,1.0
4930,124-56-13,2016,1.0,1.0
4930,124-56-13,2019,1.0,1.0
4930,124-56-13,2023,1.0,1.0
4930,124-56-137,2007,1.0,1.0
4930,124-56-137,2013,1.0,1.0
4930,124-56-137,2019,1.0,1.0
4930,124-56-137,2022,1.0,1.0
4930,124-56-14,1998,1.0,1.0
4930,124-56-14,2000,1.0,1.0
4930,124-56-14,2003,1.0,1.0
4930,124-56-14,2007,1.0,1.0
4930,124-56-14,2012,1.0,1.0
4930,124-56-14,2013,1.0,1.0
4930,124-56-14,2015,1.0,0.0
4930,124-56-15,2000,1.0,1.0
4930,124-56-15,2003,1.0,1.0
4930,124-56-15,2005,1.0,1.0
4930,124-56-15,2007,1.0,1.0
4930,124-56-15,2008,1.0,1.0
4930,124-56-15,2009,1.0,1.0
4930,124-56-15,2010,1.0,1.0
4930,124-56-15,2013,1.0,1.0
4930,124-56-15,2016,1.0,1.0
4930,124-56-15,2019,1.0,1.0
4930,124-56-21,1998,1.0,1.0
4930,124-56-21,2007,1.0,1.0
4930,124-56-21,2008,1.0,1.0
4930,124-56-21,2009,1.0,1.0
4930,124-56-21,2010,1.0,1.0
4930,124-56-21,2012,1.0,1.0
4930,124-56-21,2013,1.0,1.0
4930,124-56-21,2016,1.0,1.0
4930,124-56-21,2017,1.0,1.0
4930,124-56-21,2019,1.0,1.0
4930,124-56-21,2022,1.0,1.0
4930,124-56-21,2023,1.0,1.0
4930,124-56-22,2003,1.0,1.0
4930,124-56-22,2007,1.0,1.0
4930,124-56-22,2008,1.0,1.0
4930,124-56-22,2009,1.0,1.0
4930,124-56-22,2010,1.0,1.0
4930,124-56-22,2013,1.0,1.0
4930,124-56-22,2014,1.0,1.0
4930,124-56-22,2017,1.0,1.0
4930,124-56-22,2019,1.0,1.0
4930,124-56-22,2022,1.0,0.0
4930,124-56-25,2000,1.0,0.0
4930,124-56-25,2007,1.0,0.0
4930,124-56-25,2010,1.0,0.0
4930,124-56-25,2012,1.0,1.0
4930,124-56-25,2013,1.0,1.0
4930,124-56-25,2016,1.0,1.0
4930,124-56-25,2023,1.0,1.0
4930,124-56-26,2000,1.0,1.0
4930,124-56-26,2010,1.0,0.0
4930,124-56-26,2012,1.0,1.0
4930,124-56-26,2016,1.0,1.0
4930,124-56-26,2019,1.0,1.0
4930,124-56-26,2023,1.0,1.0
4930,124-56-31,1998,1.0,1.0
4930,124-56-31,2000,1.0,1.0
4930,124-56-31,2007,1.0,0.0
4930,124-56-31,2010,1.0,1.0
4930,124-56-31,2014,1.0,1.0
4930,124-56-31,2017,1.0,1.0
4930,124-56-31,2019,1.0,1.0
4930,124-56-31,2023,1.0,1.0
4930,124-56-33,1998,1.0,1.0
4930,124-56-33,2000,1.0,1.0
4930,124-56-33,2007,1.0,1.0
4930,124-56-33,2008,1.0,1.0
4930,124-56-33,2009,1.0,1.0
4930,124-56-33,2010,1.0,1.0
4930,124-56-33,2011,1.0,1.0
4930,124-56-33,2012,1.0,1.0
4930,124-56-33,2013,1.0,1.0
4930,124-56-33,2016,1.0,1.0
4930,124-56-33,2019,1.0,1.0
4930,124-56-33,2022,1.0,0.0
4930,124-56-33,2023,1.0,1.0
4930,124-56-34,2000,1.0,1.0
4930,124-56-34,2007,1.0,1.0
4930,124-56-34,2009,1.0,1.0
4930,124-56-34,2012,1.0,0.0
4930,124-56-38,2000,1.0,1.0
4930,124-56-38,2003,1.0,1.0
4930,124-56-38,2005,1.0,1.0
4930,124-56-38,2006,1.0,1.0
4930,124-56-38,2007,1.0,1.0
4930,124-56-38,2008,1.0,1.0
4930,124-56-38,2009,1.0,1.0
4930,124-56-38,2011,1.0,1.0
4930,124-56-38,2012,1.0,1.0
4930,124-56-38,2016,1.0,0.0
4930,124-56-38,2017,1.0,1.0
4930,124-56-38,2022,1.0,1.0
4930,124-56-38,2023,1.0,1.0
4930,124-56-41,1998,1.0,1.0
4930,124-56-41,2000,1.0,1.0
4930,124-56-41,2003,1.0,1.0
4930,124-56-41,2005,1.0,1.0
4930,124-56-41,2006,1.0,1.0
4930,124-56-41,2007,1.0,1.0
4930,124-56-41,2011,1.0,1.0
4930,124-56-41,2012,1.0,1.0
4930,124-56-41,2013,1.0,1.0
4930,124-56-41,2017,1.0,1.0
4930,124-56-41,2019,1.0,1.0
4930,124-56-41,2023,1.0,1.0
4930,124-56-42,1998,1.0,1.0
4930,124-56-42,2000,1.0,0.0
4930,124-56-42,2005,1.0,1.0
4930,124-56-42,2007,1.0,1.0
4930,124-56-42,2008,1.0,1.0
4930,124-56-42,2009,1.0,1.0
4930,124-56-42,2010,1.0,1.0
4930,124-56-42,2013,1.0,1.0
4930,124-56-42,2014,1.0,1.0
4930,124-56-42,2017,1.0,1.0
4930,124-56-44,2003,1.0,1.0
4930,124-56-44,2005,1.0,1.0
4930,124-56-44,2007,1.0,1.0
4930,124-56-44,2008,1.0,1.0
4930,124-56-44,2009,1.0,1.0
4930,124-56-44,2010,1.0,1.0
4930,124-56-44,2013,1.0,1.0
4930,124-56-44,2014,1.0,1.0
4930,124-57-10,2005,1.0,0.0
4930,124-57-10,2008,1.0,1.0
4930,124-57-10,2011,1.0,0.0
4930,124-57-10,2013,1.0,1.0
4930,124-57-10,2014,1.0,1.0
4930,124-57-10,2017,1.0,1.0
4930,124-57-10,2023,1.0,1.0
4930,124-57-121,2005,1.0,0.0
4930,124-57-121,2008,1.0,1.0
4930,124-57-121,2011,1.0,1.0
4930,124-57-121,2014,1.0,1.0
4930,124-57-14,2016,1.0,0.0
4930,124-57-14,2017,1.0,1.0
4930,124-57-16,2007,1.0,1.0
4930,124-57-16,2012,1.0,1.0
4930,124-57-16,2013,1.0,1.0
4930,124-57-16,2014,1.0,1.0
4930,124-57-16,2017,1.0,1.0
4930,124-57-16,2023,1.0,1.0
4930,124-57-18,2003,1.0,1.0
4930,124-57-18,2008,1.0,1.0
4930,124-57-18,2010,1.0,1.0
4930,124-57-18,2017,1.0,0.0
4930,124-57-18,2019,1.0,1.0
4930,124-57-3,2001,1.0,1.0
4930,124-57-3,2002,1.0,1.0
4930,124-57-3,2008,1.0,0.0
4930,124-57-3,2010,1.0,1.0
4930,124-57-3,2011,1.0,1.0
4930,124-57-3,2012,1.0,1.0
4930,124-57-3,2014,1.0,1.0
4930,124-57-3,2015,1.0,1.0
4930,124-57-3,2016,1.0,1.0
4930,124-57-3,2017,1.0,1.0
4930,124-57-6,2005,1.0,1.0
4930,124-57-6,2007,1.0,1.0
4930,124-57-6,2008,1.0,1.0
4930,124-57-6,2013,1.0,1.0
4930,124-57-6,2014,1.0,1.0
4930,124-57-6,2016,1.0,1.0
4930,124-57-6,2023,1.0,1.0
4930,124-65-11,1998,1.0,1.0
4930,124-65-11,2003,1.0,1.0
4930,124-65-11,2005,1.0,1.0
4930,124-65-11,2007,1.0,1.0
4930,124-65-11,2008,1.0,1.0
4930,124-65-11,2016,1.0,1.0
4930,124-65-11,2023,1.0,1.0
4930,124-65-117,2000,1.0,1.0
4930,124-65-117,2003,1.0,1.0
4930,124-65-117,2005,1.0,1.0
4930,124-65-117,2008,1.0,1.0
4930,124-65-117,2009,1.0,1.0
4930,124-65-117,2010,1.0,1.0
4930,124-65-117,2013,1.0,1.0
4930,124-65-117,2014,1.0,1.0
4930,124-65-117,2017,1.0,1.0
4930,124-65-117,2022,1.0,1.0
4930,124-65-13,2005,1.0,0.0
4930,124-65-13,2008,1.0,0.0
4930,124-65-13,2009,1.0,1.0
4930,124-65-13,2010,1.0,1.0
4930,124-65-13,2017,1.0,0.0
4930,124-65-13,2022,1.0,0.0
4930,124-65-13,2023,1.0,1.0
4930,124-65-130,1998,1.0,1.0
4930,124-65-130,2000,1.0,1.0
4930,124-65-130,2003,1.0,0.0
4930,124-65-130,2005,1.0,1.0
4930,124-65-130,2017,1.0,1.0
4930,124-65-130,2023,1.0,1.0
4930,124-65-14,1998,1.0,1.0
4930,124-65-14,2000,1.0,1.0
4930,124-65-14,2003,1.0,1.0
4930,124-65-14,2005,1.0,1.0
4930,124-65-14,2008,1.0,1.0
4930,124-65-14,2009,1.0,1.0
4930,124-65-14,2010,1.0,1.0
4930,124-65-14,2014,1.0,1.0
4930,124-65-14,2023,1.0,1.0
4930,124-65-18,2005,1.0,1.0
4930,124-65-18,2008,1.0,0.0
4930,124-65-18,2009,1.0,1.0
4930,124-65-18,2010,1.0,1.0
4930,124-65-18,2013,1.0,1.0
4930,124-65-18,2017,1.0,1.0
4930,124-65-18,2022,1.0,1.0
4930,124-65-18,2023,1.0,1.0
4930,124-65-19,1998,1.0,1.0
4930,124-65-19,2000,1.0,1.0
4930,124-65-19,2003,1.0,1.0
4930,124-65-19,2005,1.0,1.0
4930,124-65-19,2008,1.0,1.0
4930,124-65-19,2009,1.0,1.0
4930,124-65-19,2010,1.0,1.0
4930,124-65-19,2014,1.0,1.0
4930,124-65-19,2017,1.0,1.0
4930,124-65-19,2019,1.0,1.0
4930,124-65-19,2023,1.0,1.0
4930,124-65-20,2000,1.0,1.0
4930,124-65-20,2003,1.0,1.0
4930,124-65-20,2005,1.0,1.0
4930,124-65-20,2008,1.0,1.0
4930,124-65-20,2009,1.0,1.0
4930,124-65-20,2010,1.0,1.0
4930,124-65-20,2013,1.0,1.0
4930,124-65-20,2014,1.0,1.0
4930,124-65-20,2017,1.0,1.0
4930,124-65-20,2022,1.0,0.0
4930,124-65-20,2023,1.0,1.0
4930,124-65-21,1998,1.0,0.0
4930,124-65-21,2000,1.0,1.0
4930,124-65-21,2005,1.0,1.0
4930,124-65-21,2007,1.0,1.0
4930,124-65-21,2010,1.0,0.0
4930,124-65-21,2014,1.0,1.0
4930,124-65-21,2017,1.0,1.0
4930,124-65-22,1998,1.0,1.0
4930,124-65-22,2000,1.0,1.0
4930,124-65-22,2007,1.0,0.0
4930,124-65-22,2023,1.0,1.0
4930,124-65-23,1998,1.0,1.0
4930,124-65-23,2000,1.0,0.0
4930,124-65-23,2005,1.0,1.0
4930,124-65-23,2007,1.0,0.0
4930,124-65-23,2012,1.0,0.0
4930,124-65-23,2014,1.0,1.0
4930,124-65-23,2019,1.0,1.0
4930,124-65-23,2023,1.0,1.0
4930,124-65-27,1998,1.0,1.0
4930,124-65-27,2000,1.0,1.0
4930,124-65-27,2003,1.0,1.0
4930,124-65-27,2005,1.0,1.0
4930,124-65-27,2008,1.0,1.0
4930,124-65-27,2009,1.0,1.0
4930,124-65-27,2010,1.0,1.0
4930,124-65-27,2012,1.0,1.0
4930,124-65-27,2014,1.0,1.0
4930,124-65-27,2017,1.0,1.0
4930,124-65-27,2023,1.0,1.0
4930,124-65-28,2000,1.0,1.0
4930,124-65-28,2003,1.0,1.0
4930,124-65-28,2005,1.0,1.0
4930,124-65-28,2007,1.0,1.0
4930,124-65-28,2008,1.0,1.0
4930,124-65-28,2009,1.0,1.0
4930,124-65-28,2010,1.0,1.0
4930,124-65-28,2014,1.0,0.0
4930,124-65-28,2017,1.0,1.0
4930,124-65-28,2023,1.0,0.0
4930,124-65-29,1998,1.0,1.0
4930,124-65-29,2000,1.0,1.0
4930,124-65-29,2005,1.0,0.0
4930,124-65-29,2006,1.0,1.0
4930,124-65-29,2007,1.0,1.0
4930,124-65-29,2008,1.0,1.0
4930,124-65-29,2009,1.0,1.0
4930,124-65-29,2014,1.0,0.0
4930,124-65-29,2017,1.0,1.0
4930,124-65-3,1998,1.0,0.0
4930,124-65-3,2000,1.0,0.0
4930,124-65-3,2014,1.0,0.0
4930,124-65-3,2016,1.0,0.0
4930,124-65-3,2019,1.0,1.0
4930,124-65-3,2023,1.0,0.0
4930,124-65-31,1998,1.0,1.0
4930,124-65-31,2000,1.0,1.0
4930,124-65-31,2006,1.0,0.0
4930,124-65-31,2007,1.0,1.0
4930,124-65-31,2008,1.0,1.0
4930,124-65-31,2012,1.0,1.0
4930,124-65-31,2014,1.0,1.0
4930,124-65-31,2017,1.0,0.0
4930,124-65-31,2022,1.0,1.0
4930,124-65-31,2023,1.0,1.0
4930,124-65-33,2000,1.0,1.0
4930,124-65-33,2007,1.0,1.0
4930,124-65-33,2008,1.0,1.0
4930,124-65-33,2011,1.0,1.0
4930,124-65-33,2013,1.0,1.0
4930,124-65-33,2014,1.0,1.0
4930,124-65-33,2019,1.0,1.0
4930,124-65-33,2023,1.0,1.0
4930,124-65-34,2000,1.0,1.0
4930,124-65-34,2008,1.0,1.0
4930,124-65-34,2013,1.0,0.0
4930,124-65-34,2014,1.0,1.0
4930,124-65-34,2016,1.0,1.0
4930,124-65-34,2023,1.0,1.0
4930,124-65-35,2000,1.0,1.0
4930,124-65-35,2011,1.0,0.0
4930,124-65-35,2013,1.0,0.0
4930,124-65-35,2016,1.0,1.0
4930,124-65-35,2017,1.0,1.0
4930,124-65-35,2019,1.0,1.0
4930,124-65-35,2023,1.0,1.0
4930,124-65-36,1998,1.0,0.0
4930,124-65-36,2000,1.0,1.0
4930,124-65-36,2003,1.0,1.0
4930,124-65-36,2005,1.0,1.0
4930,124-65-36,2007,1.0,1.0
4930,124-65-36,2009,1.0,1.0
4930,124-65-36,2012,1.0,1.0
4930,124-65-36,2014,1.0,1.0
4930,124-65-36,2022,1.0,0.0
4930,124-65-36,2023,1.0,1.0
4930,124-65-37,1998,1.0,0.0
4930,124-65-37,2000,1.0,1.0
4930,124-65-37,2011,1.0,1.0
4930,124-65-37,2016,1.0,1.0
4930,124-65-37,2017,1.0,1.0
4930,124-65-38,1998,1.0,1.0
4930,124-65-38,2007,1.0,0.0
4930,124-65-38,2015,1.0,0.0
4930,124-65-38,2017,1.0,1.0
4930,124-65-38,2023,1.0,0.0
4930,124-65-5,1998,1.0,0.0
4930,124-65-5,2014,1.0,0.0
4930,124-65-5,2023,1.0,0.0
4930,124-65-7,1998,1.0,1.0
4930,124-65-7,2000,1.0,1.0
4930,124-65-7,2012,1.0,1.0
4930,124-65-7,2014,1.0,1.0
4930,124-65-7,2016,1.0,1.0
4930,124-65-7,2019,1.0,1.0
4930,124-65-7,2023,1.0,1.0
4930,124-65-9,1998,1.0,1.0
4930,124-65-9,2000,1.0,1.0
4930,124-65-9,2003,1.0,1.0
4930,124-65-9,2007,1.0,0.0
4930,124-65-9,2008,1.0,1.0
4930,124-65-9,2009,1.0,1.0
4930,124-65-9,2010,1.0,1.0
4930,124-68-10,2006,1.0,0.0
4930,124-68-10,2008,1.0,1.0
4930,124-68-10,2010,1.0,1.0
4930,124-68-10,2014,1.0,1.0
4930,124-68-10,2016,1.0,1.0
4930,124-68-10,2017,1.0,1.0
4930,124-68-10,2018,1.0,1.0
4930,124-68-10,2022,1.0,1.0
4930,124-68-10,2023,1.0,1.0
4930,124-68-11,1998,1.0,1.0
4930,124-68-11,2001,1.0,1.0
4930,124-68-11,2006,1.0,0.0
4930,124-68-11,2007,1.0,1.0
4930,124-68-11,2010,1.0,1.0
4930,124-68-11,2011,1.0,1.0
4930,124-68-11,2014,1.0,1.0
4930,124-68-11,2016,1.0,1.0
4930,124-68-11,2022,1.0,1.0
4930,124-68-11,2023,1.0,1.0
4930,124-68-113,1998,1.0,1.0
4930,124-68-113,2001,1.0,1.0
4930,124-68-113,2003,1.0,1.0
4930,124-68-113,2006,1.0,1.0
4930,124-68-113,2008,1.0,1.0
4930,124-68-113,2010,1.0,1.0
4930,124-68-113,2011,1.0,1.0
4930,124-68-113,2014,1.0,1.0
4930,124-68-113,2016,1.0,1.0
4930,124-68-113,2023,1.0,1.0
4930,124-68-117,1998,1.0,1.0
4930,124-68-117,2001,1.0,1.0
4930,124-68-117,2010,1.0,1.0
4930,124-68-117,2013,1.0,1.0
4930,124-68-119,1998,1.0,1.0
4930,124-68-119,2008,1.0,1.0
4930,124-68-119,2010,1.0,1.0
4930,124-68-119,2013,1.0,1.0
4930,124-68-119,2017,1.0,1.0
4930,124-68-12,1998,1.0,1.0
4930,124-68-12,2001,1.0,1.0
4930,124-68-12,2003,1.0,1.0
4930,124-68-12,2006,1.0,1.0
4930,124-68-12,2008,1.0,1.0
4930,124-68-12,2010,1.0,1.0
4930,124-68-12,2011,1.0,1.0
4930,124-68-12,2014,1.0,1.0
4930,124-68-12,2018,1.0,1.0
4930,124-68-127,2002,1.0,0.0
4930,124-68-127,2010,1.0,0.0
4930,124-68-14,1998,1.0,1.0
4930,124-68-14,2008,1.0,1.0
4930,124-68-14,2011,1.0,1.0
4930,124-68-14,2022,1.0,1.0
4930,124-68-142,2001,1.0,1.0
4930,124-68-142,2002,1.0,1.0
4930,124-68-142,2008,1.0,1.0
4930,124-68-142,2011,1.0,0.0
4930,124-68-142,2013,1.0,1.0
4930,124-68-142,2017,1.0,0.0
4930,124-68-142,2018,1.0,1.0
4930,124-68-15,1998,1.0,1.0
4930,124-68-15,2001,1.0,1.0
4930,124-68-15,2003,1.0,1.0
4930,124-68-15,2006,1.0,1.0
4930,124-68-15,2008,1.0,1.0
4930,124-68-15,2010,1.0,1.0
4930,124-68-15,2011,1.0,1.0
4930,124-68-15,2014,1.0,1.0
4930,124-68-15,2018,1.0,1.0
4930,124-68-16,2011,1.0,1.0
4930,124-68-16,2013,1.0,1.0
4930,124-68-16,2014,1.0,1.0
4930,124-68-16,2018,1.0,1.0
4930,124-68-18,1998,1.0,1.0
4930,124-68-18,2008,1.0,1.0
4930,124-68-18,2010,1.0,1.0
4930,124-68-18,2013,1.0,1.0
4930,124-68-18,2017,1.0,1.0
4930,124-68-2,2006,1.0,0.0
4930,124-68-2,2008,1.0,1.0
4930,124-68-2,2011,1.0,1.0
4930,124-68-2,2014,1.0,1.0
4930,124-68-2,2016,1.0,1.0
4930,124-68-2,2017,1.0,1.0
4930,124-68-2,2018,1.0,1.0
4930,124-68-2,2022,1.0,1.0
4930,124-68-2,2023,1.0,1.0
4930,124-68-20,2001,1.0,1.0
4930,124-68-20,2008,1.0,1.0
4930,124-68-20,2013,1.0,1.0
4930,124-68-20,2014,1.0,1.0
4930,124-68-20,2018,1.0,0.0
4930,124-68-20,2022,1.0,1.0
4930,124-68-202,2001,1.0,1.0
4930,124-68-202,2002,1.0,1.0
4930,124-68-202,2009,1.0,0.0
4930,124-68-202,2013,1.0,0.0
4930,124-68-202,2017,1.0,0.0
4930,124-68-203,1998,1.0,1.0
4930,124-68-203,2006,1.0,1.0
4930,124-68-203,2014,1.0,1.0
4930,124-68-203,2016,1.0,1.0
4930,124-68-203,2017,1.0,1.0
4930,124-68-203,2018,1.0,1.0
4930,124-68-207,2006,1.0,1.0
4930,124-68-207,2008,1.0,1.0
4930,124-68-207,2010,1.0,1.0
4930,124-68-207,2014,1.0,1.0
4930,124-68-207,2018,1.0,1.0
4930,124-68-207,2022,1.0,1.0
4930,124-68-208,1998,1.0,1.0
4930,124-68-208,2001,1.0,0.0
4930,124-68-208,2014,1.0,1.0
4930,124-68-208,2016,1.0,1.0
4930,124-68-208,2018,1.0,1.0
4930,124-68-208,2023,1.0,0.0
4930,124-68-209,2001,1.0,0.0
4930,124-68-209,2008,1.0,1.0
4930,124-68-209,2014,1.0,1.0
4930,124-68-209,2016,1.0,1.0
4930,124-68-209,2017,1.0,1.0
4930,124-68-209,2018,1.0,1.0
4930,124-68-209,2022,1.0,1.0
4930,124-68-209,2023,1.0,1.0
4930,124-68-210,2006,1.0,0.0
4930,124-68-210,2008,1.0,1.0
4930,124-68-210,2010,1.0,1.0
4930,124-68-210,2014,1.0,1.0
4930,124-68-210,2016,1.0,1.0
4930,124-68-210,2017,1.0,1.0
4930,124-68-210,2022,1.0,1.0
4930,124-68-210,2023,1.0,1.0
4930,124-68-211,2001,1.0,1.0
4930,124-68-211,2003,1.0,1.0
4930,124-68-211,2006,1.0,1.0
4930,124-68-211,2008,1.0,1.0
4930,124-68-211,2010,1.0,1.0
4930,124-68-211,2011,1.0,1.0
4930,124-68-211,2014,1.0,1.0
4930,124-68-211,2016,1.0,1.0
4930,124-68-211,2023,1.0,1.0
4930,124-68-213,2006,1.0,1.0
4930,124-68-213,2008,1.0,0.0
4930,124-68-213,2010,1.0,0.0
4930,124-68-213,2011,1.0,1.0
4930,124-68-213,2023,1.0,1.0
4930,124-68-214,1998,1.0,1.0
4930,124-68-214,2001,1.0,1.0
4930,124-68-214,2006,1.0,1.0
4930,124-68-214,2010,1.0,1.0
4930,124-68-214,2011,1.0,1.0
4930,124-68-214,2014,1.0,1.0
4930,124-68-214,2018,1.0,1.0
4930,124-68-215,1998,1.0,1.0
4930,124-68-215,2008,1.0,0.0
4930,124-68-215,2010,1.0,1.0
4930,124-68-215,2011,1.0,1.0
4930,124-68-215,2016,1.0,0.0
4930,124-68-215,2018,1.0,1.0
4930,124-68-216,1998,1.0,1.0
4930,124-68-216,2001,1.0,1.0
4930,124-68-216,2006,1.0,1.0
4930,124-68-216,2008,1.0,1.0
4930,124-68-216,2010,1.0,1.0
4930,124-68-216,2011,1.0,1.0
4930,124-68-216,2014,1.0,1.0
4930,124-68-216,2018,1.0,1.0
4930,124-68-217,1998,1.0,1.0
4930,124-68-217,2001,1.0,1.0
4930,124-68-217,2010,1.0,1.0
4930,124-68-217,2013,1.0,1.0
4930,124-68-217,2016,1.0,1.0
4930,124-68-217,2018,1.0,0.0
4930,124-68-218,2008,1.0,1.0
4930,124-68-218,2010,1.0,1.0
4930,124-68-218,2011,1.0,1.0
4930,124-68-218,2013,1.0,0.0
4930,124-68-219,2001,1.0,0.0
4930,124-68-219,2002,1.0,1.0
4930,124-68-219,2006,1.0,1.0
4930,124-68-219,2008,1.0,1.0
4930,124-68-219,2010,1.0,1.0
4930,124-68-219,2014,1.0,1.0
4930,124-68-219,2016,1.0,1.0
4930,124-68-219,2022,1.0,1.0
4930,124-68-22,2001,1.0,1.0
4930,124-68-22,2002,1.0,1.0
4930,124-68-22,2008,1.0,1.0
4930,124-68-22,2013,1.0,1.0
4930,124-68-22,2014,1.0,1.0
4930,124-68-22,2017,1.0,1.0
4930,124-68-22,2018,1.0,1.0
4930,124-68-22,2022,1.0,1.0
4930,124-68-220,2002,1.0,0.0
4930,124-68-220,2008,1.0,1.0
4930,124-68-220,2010,1.0,1.0
4930,124-68-220,2013,1.0,1.0
4930,124-68-220,2017,1.0,0.0
4930,124-68-220,2018,1.0,1.0
4930,124-68-223,1998,1.0,1.0
4930,124-68-223,2003,1.0,0.0
4930,124-68-223,2006,1.0,1.0
4930,124-68-223,2007,1.0,1.0
4930,124-68-223,2010,1.0,1.0
4930,124-68-223,2011,1.0,1.0
4930,124-68-223,2012,1.0,1.0
4930,124-68-223,2014,1.0,1.0
4930,124-68-223,2022,1.0,1.0
4930,124-68-223,2023,1.0,1.0
4930,124-68-224,1998,1.0,1.0
4930,124-68-224,2001,1.0,1.0
4930,124-68-224,2006,1.0,1.0
4930,124-68-224,2007,1.0,1.0
4930,124-68-224,2011,1.0,0.0
4930,124-68-224,2014,1.0,1.0
4930,124-68-224,2016,1.0,1.0
4930,124-68-224,2022,1.0,1.0
4930,124-68-224,2023,1.0,1.0
4930,124-68-225,2006,1.0,1.0
4930,124-68-225,2007,1.0,1.0
4930,124-68-225,2008,1.0,1.0
4930,124-68-225,2011,1.0,0.0
4930,124-68-225,2014,1.0,1.0
4930,124-68-225,2016,1.0,1.0
4930,124-68-225,2022,1.0,1.0
4930,124-68-225,2023,1.0,1.0
4930,124-68-233,2008,1.0,1.0
4930,124-68-233,2009,1.0,1.0
4930,124-68-233,2011,1.0,1.0
4930,124-68-233,2014,1.0,1.0
4930,124-68-233,2017,1.0,1.0
4930,124-68-233,2018,1.0,1.0
4930,124-68-233,2022,1.0,1.0
4930,124-68-238,2001,1.0,0.0
4930,124-68-238,2010,1.0,0.0
4930,124-68-238,2013,1.0,1.0
4930,124-68-238,2016,1.0,1.0
4930,124-68-238,2017,1.0,1.0
4930,124-68-238,2018,1.0,1.0
4930,124-68-238,2022,1.0,1.0
4930,124-68-242,2002,1.0,0.0
4930,124-68-242,2008,1.0,1.0
4930,124-68-242,2010,1.0,1.0
4930,124-68-242,2011,1.0,1.0
4930,124-68-242,2013,1.0,1.0
4930,124-68-242,2014,1.0,1.0
4930,124-68-25,2001,1.0,1.0
4930,124-68-25,2006,1.0,1.0
4930,124-68-25,2007,1.0,1.0
4930,124-68-25,2008,1.0,1.0
4930,124-68-25,2010,1.0,1.0
4930,124-68-25,2011,1.0,1.0
4930,124-68-25,2014,1.0,1.0
4930,124-68-25,2016,1.0,1.0
4930,124-68-251,1998,1.0,1.0
4930,124-68-251,2008,1.0,1.0
4930,124-68-251,2010,1.0,1.0
4930,124-68-251,2011,1.0,1.0
4930,124-68-251,2013,1.0,1.0
4930,124-68-251,2016,1.0,1.0
4930,124-68-251,2018,1.0,1.0
4930,124-68-252,1998,1.0,1.0
4930,124-68-252,2008,1.0,1.0
4930,124-68-252,2010,1.0,1.0
4930,124-68-252,2013,1.0,0.0
4930,124-68-26,2001,1.0,1.0
4930,124-68-26,2006,1.0,1.0
4930,124-68-26,2007,1.0,1.0
4930,124-68-26,2008,1.0,1.0
4930,124-68-26,2010,1.0,1.0
4930,124-68-26,2011,1.0,1.0
4930,124-68-26,2014,1.0,1.0
4930,124-68-26,2016,1.0,1.0
4930,124-68-274,2006,1.0,0.0
4930,124-68-28,2007,1.0,1.0
4930,124-68-28,2010,1.0,1.0
4930,124-68-28,2013,1.0,1.0
4930,124-68-28,2014,1.0,1.0
4930,124-68-28,2017,1.0,1.0
4930,124-68-28,2018,1.0,1.0
4930,124-68-28,2022,1.0,1.0
4930,124-68-29,1998,1.0,0.0
4930,124-68-29,2000,1.0,1.0
4930,124-68-29,2001,1.0,1.0
4930,124-68-29,2002,1.0,1.0
4930,124-68-29,2006,1.0,0.0
4930,124-68-29,2011,1.0,1.0
4930,124-68-29,2014,1.0,1.0
4930,124-68-29,2016,1.0,0.0
4930,124-68-29,2017,1.0,1.0
4930,124-68-29,2018,1.0,1.0
4930,124-68-29,2023,1.0,1.0
4930,124-68-296,1998,1.0,0.0
4930,124-68-296,2001,1.0,0.0
4930,124-68-296,2013,1.0,1.0
4930,124-68-296,2014,1.0,1.0
4930,124-68-296,2016,1.0,1.0
4930,124-68-296,2018,1.0,1.0
4930,124-68-296,2022,1.0,1.0
4930,124-68-297,2000,1.0,1.0
4930,124-68-297,2002,1.0,1.0
4930,124-68-297,2007,1.0,1.0
4930,124-68-297,2013,1.0,0.0
4930,124-68-297,2017,1.0,1.0
4930,124-68-298,2000,1.0,1.0
4930,124-68-298,2002,1.0,1.0
4930,124-68-298,2017,1.0,1.0
4930,124-68-299,2001,1.0,1.0
4930,124-68-299,2002,1.0,1.0
4930,124-68-299,2006,1.0,1.0
4930,124-68-299,2008,1.0,1.0
4930,124-68-299,2010,1.0,0.0
4930,124-68-299,2014,1.0,1.0
4930,124-68-299,2016,1.0,1.0
4930,124-68-299,2018,1.0,1.0
4930,124-68-299,2022,1.0,1.0
4930,124-68-299,2023,1.0,1.0
4930,124-68-300,1998,1.0,0.0
4930,124-68-300,2011,1.0,0.0
4930,124-68-300,2013,1.0,1.0
4930,124-68-300,2014,1.0,1.0
4930,124-68-300,2017,1.0,0.0
4930,124-68-300,2018,1.0,1.0
4930,124-68-300,2022,1.0,1.0
4930,124-68-303,1998,1.0,1.0
4930,124-68-303,1999,1.0,1.0
4930,124-68-303,2006,1.0,0.0
4930,124-68-303,2016,1.0,0.0
4930,124-68-303,2017,1.0,1.0
4930,124-68-303,2018,1.0,1.0
4930,124-68-303,2022,1.0,1.0
4930,124-68-303,2023,1.0,1.0
4930,124-68-308,1998,1.0,1.0
4930,124-68-308,2001,1.0,1.0
4930,124-68-308,2008,1.0,1.0
4930,124-68-308,2010,1.0,1.0
4930,124-68-308,2014,1.0,1.0
4930,124-68-308,2016,1.0,1.0
4930,124-68-308,2018,1.0,1.0
4930,124-68-308,2022,1.0,1.0
4930,124-68-308,2023,1.0,1.0
4930,124-68-312,2006,1.0,1.0
4930,124-68-312,2008,1.0,1.0
4930,124-68-312,2010,1.0,1.0
4930,124-68-312,2011,1.0,1.0
4930,124-68-312,2014,1.0,1.0
4930,124-68-312,2018,1.0,1.0
4930,124-68-314,1998,1.0,1.0
4930,124-68-314,2001,1.0,0.0
4930,124-68-314,2010,1.0,0.0
4930,124-68-314,2011,1.0,1.0
4930,124-68-314,2013,1.0,0.0
4930,124-68-314,2014,1.0,1.0
4930,124-68-314,2018,1.0,1.0
4930,124-68-316,1998,1.0,0.0
4930,124-68-316,2010,1.0,1.0
4930,124-68-316,2018,1.0,1.0
4930,124-68-317,1998,1.0,1.0
4930,124-68-317,2008,1.0,1.0
4930,124-68-317,2010,1.0,1.0
4930,124-68-317,2011,1.0,1.0
4930,124-68-317,2013,1.0,0.0
4930,124-68-319,1998,1.0,1.0
4930,124-68-319,2010,1.0,1.0
4930,124-68-319,2011,1.0,1.0
4930,124-68-319,2013,1.0,1.0
4930,124-68-319,2018,1.0,1.0
4930,124-68-319,2022,1.0,1.0
4930,124-68-323,2006,1.0,0.0
4930,124-68-323,2007,1.0,1.0
4930,124-68-323,2010,1.0,1.0
4930,124-68-323,2011,1.0,1.0
4930,124-68-323,2014,1.0,0.0
4930,124-68-323,2016,1.0,1.0
4930,124-68-324,1998,1.0,1.0
4930,124-68-324,2001,1.0,1.0
4930,124-68-324,2006,1.0,1.0
4930,124-68-324,2007,1.0,1.0
4930,124-68-324,2011,1.0,0.0
4930,124-68-325,2001,1.0,1.0
4930,124-68-325,2006,1.0,0.0
4930,124-68-325,2007,1.0,1.0
4930,124-68-325,2008,1.0,1.0
4930,124-68-325,2011,1.0,0.0
4930,124-68-325,2014,1.0,1.0
4930,124-68-326,2003,1.0,1.0
4930,124-68-326,2007,1.0,1.0
4930,124-68-326,2008,1.0,1.0
4930,124-68-326,2010,1.0,0.0
4930,124-68-326,2011,1.0,1.0
4930,124-68-326,2016,1.0,1.0
4930,124-68-338,1998,1.0,0.0
4930,124-68-338,2010,1.0,0.0
4930,124-68-338,2014,1.0,0.0
4930,124-68-35,1999,1.0,0.0
4930,124-68-35,2001,1.0,1.0
4930,124-68-35,2002,1.0,1.0
4930,124-68-35,2013,1.0,1.0
4930,124-68-35,2018,1.0,0.0
4930,124-68-35,2022,1.0,1.0
4930,124-68-350,1998,1.0,1.0
4930,124-68-350,2001,1.0,0.0
4930,124-68-350,2006,1.0,1.0
4930,124-68-350,2007,1.0,1.0
4930,124-68-350,2014,1.0,1.0
4930,124-68-350,2016,1.0,1.0
4930,124-68-36,2010,1.0,1.0
4930,124-68-36,2017,1.0,0.0
4930,124-68-36,2019,1.0,0.0
4930,124-68-36,2022,1.0,0.0
4930,124-68-36,2023,1.0,1.0
4930,124-68-37,2001,1.0,1.0
4930,124-68-37,2002,1.0,1.0
4930,124-68-37,2011,1.0,1.0
4930,124-68-37,2013,1.0,0.0
4930,124-68-37,2014,1.0,1.0
4930,124-68-37,2017,1.0,1.0
4930,124-68-37,2018,1.0,1.0
4930,124-68-39,2001,1.0,1.0
4930,124-68-39,2006,1.0,1.0
4930,124-68-39,2008,1.0,1.0
4930,124-68-39,2010,1.0,1.0
4930,124-68-39,2011,1.0,1.0
4930,124-68-39,2013,1.0,1.0
4930,124-68-39,2016,1.0,1.0
4930,124-68-39,2017,1.0,1.0
4930,124-68-39,2018,1.0,1.0
4930,124-68-39,2022,1.0,1.0
4930,124-68-4,2006,1.0,0.0
4930,124-68-4,2008,1.0,1.0
4930,124-68-4,2011,1.0,1.0
4930,124-68-4,2014,1.0,0.0
4930,124-68-4,2016,1.0,1.0
4930,124-68-4,2017,1.0,1.0
4930,124-68-4,2018,1.0,1.0
4930,124-68-43,2001,1.0,1.0
4930,124-68-43,2014,1.0,1.0
4930,124-68-43,2018,1.0,0.0
4930,124-68-44,2003,1.0,1.0
4930,124-68-44,2008,1.0,0.0
4930,124-68-44,2010,1.0,0.0
4930,124-68-44,2011,1.0,1.0
4930,124-68-44,2013,1.0,0.0
4930,124-68-44,2016,1.0,1.0
4930,124-68-47,1998,1.0,1.0
4930,124-68-47,2008,1.0,0.0
4930,124-68-47,2009,1.0,1.0
4930,124-68-47,2010,1.0,1.0
4930,124-68-47,2011,1.0,1.0
4930,124-68-47,2014,1.0,1.0
4930,124-68-47,2016,1.0,1.0
4930,124-68-47,2017,1.0,1.0
4930,124-68-47,2018,1.0,1.0
4930,124-68-5,1998,1.0,1.0
4930,124-68-5,2001,1.0,1.0
4930,124-68-5,2002,1.0,1.0
4930,124-68-5,2006,1.0,1.0
4930,124-68-5,2008,1.0,1.0
4930,124-68-5,2010,1.0,1.0
4930,124-68-5,2014,1.0,1.0
4930,124-68-5,2016,1.0,1.0
4930,124-68-5,2018,1.0,1.0
4930,124-68-5,2022,1.0,1.0
4930,124-68-5,2023,1.0,1.0
4930,124-68-50,2001,1.0,1.0
4930,124-68-50,2006,1.0,1.0
4930,124-68-50,2007,1.0,1.0
4930,124-68-50,2008,1.0,1.0
4930,124-68-50,2011,1.0,0.0
4930,124-68-52,2010,1.0,0.0
4930,124-68-52,2011,1.0,1.0
4930,124-68-52,2013,1.0,1.0
4930,124-68-52,2016,1.0,1.0
4930,124-68-52,2017,1.0,1.0
4930,124-68-52,2022,1.0,0.0
4930,124-68-53,2001,1.0,0.0
4930,124-68-53,2003,1.0,0.0
4930,124-68-53,2005,1.0,1.0
4930,124-68-53,2015,1.0,1.0
4930,124-68-53,2019,1.0,0.0
4930,124-68-54,2003,1.0,0.0
4930,124-68-54,2005,1.0,0.0
4930,124-68-57,2000,1.0,0.0
4930,124-68-57,2001,1.0,1.0
4930,124-68-57,2013,1.0,1.0
4930,124-68-59,1998,1.0,0.0
4930,124-68-59,1999,1.0,1.0
4930,124-68-59,2001,1.0,1.0
4930,124-68-59,2002,1.0,1.0
4930,124-68-59,2013,1.0,1.0
4930,124-68-59,2014,1.0,1.0
4930,124-68-59,2018,1.0,0.0
4930,124-68-6,1998,1.0,1.0
4930,124-68-6,2001,1.0,1.0
4930,124-68-6,2008,1.0,1.0
4930,124-68-6,2010,1.0,1.0
4930,124-68-6,2014,1.0,1.0
4930,124-68-6,2016,1.0,1.0
4930,124-68-64,2008,1.0,0.0
4930,124-68-64,2009,1.0,1.0
4930,124-68-65,2013,1.0,0.0
4930,124-68-65,2014,1.0,1.0
4930,124-68-65,2022,1.0,0.0
4930,124-68-66,1999,1.0,1.0
4930,124-68-66,2001,1.0,1.0
4930,124-68-66,2010,1.0,1.0
4930,124-68-66,2013,1.0,1.0
4930,124-68-66,2016,1.0,1.0
4930,124-68-66,2022,1.0,0.0
4930,124-68-7,2001,1.0,1.0
4930,124-68-7,2011,1.0,1.0
4930,124-68-7,2014,1.0,1.0
4930,124-68-7,2017,1.0,1.0
4930,124-68-8,2001,1.0,1.0
4930,124-68-8,2002,1.0,1.0
4930,124-68-8,2014,1.0,1.0
4930,124-68-8,2016,1.0,1.0
4930,124-68-8,2017,1.0,1.0
4930,124-68-83,2001,1.0,1.0
4930,124-68-83,2006,1.0,1.0
4930,124-68-83,2007,1.0,1.0
4930,124-68-83,2008,1.0,1.0
4930,124-68-83,2014,1.0,0.0
4930,124-68-83,2016,1.0,1.0
4930,124-68-9,2001,1.0,0.0
4930,124-68-9,2013,1.0,1.0
4930,124-75-5,1998,1.0,1.0
4930,124-75-5,2000,1.0,1.0
4930,124-75-5,2003,1.0,1.0
4930,124-75-5,2007,1.0,1.0
4930,124-75-5,2008,1.0,1.0
4930,124-75-5,2010,1.0,1.0
4930,124-75-5,2014,1.0,1.0
4930,124-75-5,2019,1.0,1.0
4930,124-75-9,1998,1.0,1.0
4930,124-75-9,2000,1.0,1.0
4930,124-75-9,2003,1.0,1.0
4930,124-75-9,2007,1.0,1.0
4930,124-75-9,2010,1.0,1.0
4930,124-75-9,2014,1.0,1.0
4930,124-75-9,2019,1.0,1.0
4930,124-75-9,2023,1.0,1.0
4930,124-76-1,2003,1.0,1.0
4930,124-76-1,2006,1.0,1.0
4930,124-76-1,2007,1.0,1.0
4930,124-76-1,2008,1.0,1.0
4930,124-76-1,2010,1.0,1.0
4930,124-76-1,2011,1.0,1.0
4930,124-76-1,2014,1.0,1.0
4930,124-76-1,2016,1.0,1.0
4930,124-76-1,2022,1.0,1.0
4930,124-76-109,1998,1.0,1.0
4930,124-76-109,2016,1.0,1.0
4930,124-76-109,2017,1.0,1.0
4930,124-76-109,2022,1.0,1.0
4930,124-76-109,2023,1.0,1.0
4930,124-76-113,2009,1.0,1.0
4930,124-76-113,2010,1.0,1.0
4930,124-76-113,2016,1.0,0.0
4930,124-76-113,2017,1.0,1.0
4930,124-76-113,2022,1.0,1.0
4930,124-76-12,1998,1.0,1.0
4930,124-76-12,2006,1.0,1.0
4930,124-76-12,2007,1.0,1.0
4930,124-76-12,2008,1.0,1.0
4930,124-76-12,2011,1.0,1.0
4930,124-76-12,2014,1.0,1.0
4930,124-76-12,2023,1.0,1.0
4930,124-76-120,1998,1.0,1.0
4930,124-76-120,2003,1.0,1.0
4930,124-76-120,2007,1.0,1.0
4930,124-76-120,2008,1.0,1.0
4930,124-76-120,2010,1.0,1.0
4930,124-76-120,2011,1.0,1.0
4930,124-76-120,2012,1.0,1.0
4930,124-76-120,2016,1.0,1.0
4930,124-76-120,2017,1.0,1.0
4930,124-76-120,2022,1.0,1.0
4930,124-76-120,2023,1.0,1.0
4930,124-76-121,1998,1.0,0.0
4930,124-76-121,2003,1.0,1.0
4930,124-76-121,2008,1.0,0.0
4930,124-76-121,2010,1.0,1.0
4930,124-76-121,2011,1.0,1.0
4930,124-76-121,2016,1.0,1.0
4930,124-76-121,2017,1.0,1.0
4930,124-76-121,2022,1.0,1.0
4930,124-76-121,2023,1.0,1.0
4930,124-76-125,2008,1.0,1.0
4930,124-76-125,2010,1.0,1.0
4930,124-76-125,2011,1.0,1.0
4930,124-76-125,2014,1.0,1.0
4930,124-76-125,2016,1.0,1.0
4930,124-76-125,2017,1.0,1.0
4930,124-76-125,2018,1.0,1.0
4930,124-76-140,2003,1.0,0.0
4930,124-76-140,2006,1.0,1.0
4930,124-76-140,2007,1.0,1.0
4930,124-76-140,2008,1.0,1.0
4930,124-76-140,2010,1.0,0.0
4930,124-76-140,2011,1.0,1.0
4930,124-76-140,2012,1.0,1.0
4930,124-76-140,2016,1.0,1.0
4930,124-76-140,2017,1.0,1.0
4930,124-76-140,2022,1.0,1.0
4930,124-76-140,2023,1.0,1.0
4930,124-76-159,1998,1.0,1.0
4930,124-76-159,2008,1.0,0.0
4930,124-76-159,2009,1.0,1.0
4930,124-76-159,2016,1.0,1.0
4930,124-76-159,2017,1.0,1.0
4930,124-76-159,2023,1.0,0.0
4930,124-76-16,2006,1.0,1.0
4930,124-76-16,2007,1.0,1.0
4930,124-76-16,2008,1.0,1.0
4930,124-76-16,2012,1.0,1.0
4930,124-76-16,2014,1.0,0.0
4930,124-76-165,1998,1.0,1.0
4930,124-76-165,2000,1.0,0.0
4930,124-76-165,2007,1.0,1.0
4930,124-76-165,2008,1.0,1.0
4930,124-76-165,2009,1.0,1.0
4930,124-76-165,2010,1.0,1.0
4930,124-76-165,2013,1.0,1.0
4930,124-76-165,2015,1.0,1.0
4930,124-76-165,2016,1.0,1.0
4930,124-76-165,2019,1.0,1.0
4930,124-76-165,2022,1.0,1.0
4930,124-76-165,2023,1.0,1.0
4930,124-76-18,1998,1.0,1.0
4930,124-76-18,2007,1.0,1.0
4930,124-76-18,2008,1.0,1.0
4930,124-76-18,2011,1.0,1.0
4930,124-76-18,2012,1.0,1.0
4930,124-76-18,2014,1.0,1.0
4930,124-76-18,2023,1.0,1.0
4930,124-76-19,2007,1.0,1.0
4930,124-76-19,2010,1.0,1.0
4930,124-76-19,2011,1.0,1.0
4930,124-76-19,2012,1.0,1.0
4930,124-76-19,2016,1.0,1.0
4930,124-76-19,2017,1.0,1.0
4930,124-76-19,2022,1.0,1.0
4930,124-76-19,2023,1.0,1.0
4930,124-76-190,1998,1.0,1.0
4930,124-76-190,2007,1.0,1.0
4930,124-76-190,2010,1.0,1.0
4930,124-76-190,2012,1.0,0.0
4930,124-76-190,2013,1.0,1.0
4930,124-76-190,2016,1.0,1.0
4930,124-76-190,2022,1.0,1.0
4930,124-76-2,2003,1.0,1.0
4930,124-76-2,2010,1.0,1.0
4930,124-76-2,2016,1.0,1.0
4930,124-76-2,2017,1.0,1.0
4930,124-76-2,2018,1.0,1.0
4930,124-76-2,2022,1.0,1.0
4930,124-76-201,2001,1.0,1.0
4930,124-76-201,2006,1.0,1.0
4930,124-76-201,2007,1.0,1.0
4930,124-76-201,2010,1.0,1.0
4930,124-76-201,2011,1.0,1.0
4930,124-76-201,2014,1.0,0.0
4930,124-76-201,2016,1.0,1.0
4930,124-76-21,1998,1.0,1.0
4930,124-76-21,2003,1.0,1.0
4930,124-76-21,2007,1.0,1.0
4930,124-76-21,2008,1.0,1.0
4930,124-76-21,2010,1.0,1.0
4930,124-76-21,2011,1.0,1.0
4930,124-76-21,2012,1.0,1.0
4930,124-76-21,2016,1.0,1.0
4930,124-76-21,2017,1.0,1.0
4930,124-76-21,2022,1.0,1.0
4930,124-76-21,2023,1.0,1.0
4930,124-76-216,2003,1.0,1.0
4930,124-76-216,2010,1.0,0.0
4930,124-76-216,2011,1.0,1.0
4930,124-76-22,1998,1.0,1.0
4930,124-76-22,2007,1.0,1.0
4930,124-76-22,2010,1.0,1.0
4930,124-76-22,2011,1.0,1.0
4930,124-76-22,2012,1.0,1.0
4930,124-76-22,2013,1.0,1.0
4930,124-76-22,2016,1.0,1.0
4930,124-76-22,2017,1.0,1.0
4930,124-76-22,2022,1.0,1.0
4930,124-76-22,2023,1.0,1.0
4930,124-76-221,1998,1.0,1.0
4930,124-76-221,2003,1.0,1.0
4930,124-76-221,2007,1.0,1.0
4930,124-76-221,2008,1.0,1.0
4930,124-76-221,2011,1.0,1.0
4930,124-76-221,2012,1.0,1.0
4930,124-76-23,1998,1.0,1.0
4930,124-76-23,2007,1.0,1.0
4930,124-76-23,2008,1.0,1.0
4930,124-76-23,2011,1.0,1.0
4930,124-76-23,2012,1.0,1.0
4930,124-76-23,2016,1.0,1.0
4930,124-76-23,2023,1.0,0.0
4930,124-76-3,2003,1.0,0.0
4930,124-76-3,2009,1.0,1.0
4930,124-76-3,2010,1.0,1.0
4930,124-76-3,2011,1.0,1.0
4930,124-76-3,2016,1.0,1.0
4930,124-76-3,2017,1.0,1.0
4930,124-76-3,2022,1.0,0.0
4930,124-76-302,1998,1.0,1.0
4930,124-76-302,2003,1.0,1.0
4930,124-76-302,2006,1.0,1.0
4930,124-76-302,2007,1.0,1.0
4930,124-76-302,2010,1.0,1.0
4930,124-76-302,2011,1.0,1.0
4930,124-76-302,2014,1.0,1.0
4930,124-76-302,2016,1.0,1.0
4930,124-76-302,2022,1.0,1.0
4930,124-76-302,2023,1.0,1.0
4930,124-76-306,1998,1.0,1.0
4930,124-76-306,2003,1.0,1.0
4930,124-76-306,2007,1.0,1.0
4930,124-76-306,2010,1.0,1.0
4930,124-76-306,2011,1.0,1.0
4930,124-76-306,2016,1.0,1.0
4930,124-76-306,2023,1.0,1.0
4930,124-76-309,1998,1.0,0.0
4930,124-76-309,2003,1.0,1.0
4930,124-76-309,2007,1.0,1.0
4930,124-76-309,2010,1.0,1.0
4930,124-76-309,2011,1.0,1.0
4930,124-76-309,2012,1.0,1.0
4930,124-76-309,2013,1.0,1.0
4930,124-76-309,2016,1.0,1.0
4930,124-76-309,2017,1.0,1.0
4930,124-76-309,2018,1.0,1.0
4930,124-76-310,1998,1.0,1.0
4930,124-76-310,2003,1.0,0.0
4930,124-76-310,2007,1.0,1.0
4930,124-76-310,2010,1.0,1.0
4930,124-76-310,2011,1.0,1.0
4930,124-76-310,2012,1.0,1.0
4930,124-76-310,2016,1.0,1.0
4930,124-76-310,2017,1.0,1.0
4930,124-76-310,2019,1.0,1.0
4930,124-76-310,2022,1.0,1.0
4930,124-76-310,2023,1.0,1.0
4930,124-76-314,2003,1.0,1.0
4930,124-76-314,2007,1.0,1.0
4930,124-76-314,2010,1.0,1.0
4930,124-76-314,2011,1.0,1.0
4930,124-76-314,2014,1.0,0.0
4930,124-76-318,1998,1.0,0.0
4930,124-76-318,2003,1.0,1.0
4930,124-76-318,2011,1.0,0.0
4930,124-76-318,2012,1.0,1.0
4930,124-76-318,2014,1.0,0.0
4930,124-76-318,2016,1.0,1.0
4930,124-76-318,2022,1.0,1.0
4930,124-76-318,2023,1.0,1.0
4930,124-76-320,2007,1.0,1.0
4930,124-76-320,2008,1.0,1.0
4930,124-76-320,2011,1.0,1.0
4930,124-76-320,2012,1.0,1.0
4930,124-76-320,2014,1.0,0.0
4930,124-76-320,2023,1.0,0.0
4930,124-76-324,2007,1.0,1.0
4930,124-76-324,2008,1.0,1.0
4930,124-76-324,2010,1.0,1.0
4930,124-76-324,2011,1.0,1.0
4930,124-76-324,2012,1.0,1.0
4930,124-76-324,2016,1.0,1.0
4930,124-76-324,2017,1.0,1.0
4930,124-76-324,2023,1.0,0.0
4930,124-76-4,1998,1.0,1.0
4930,124-76-4,2003,1.0,1.0
4930,124-76-4,2006,1.0,1.0
4930,124-76-4,2007,1.0,1.0
4930,124-76-4,2010,1.0,1.0
4930,124-76-4,2011,1.0,1.0
4930,124-76-4,2013,1.0,1.0
4930,124-76-4,2016,1.0,1.0
4930,124-76-4,2017,1.0,1.0
4930,124-76-4,2022,1.0,1.0
4930,124-76-4,2023,1.0,1.0
4930,124-76-40,2003,1.0,0.0
4930,124-76-40,2007,1.0,0.0
4930,124-76-40,2008,1.0,1.0
4930,124-76-40,2010,1.0,1.0
4930,124-76-40,2011,1.0,1.0
4930,124-76-40,2012,1.0,1.0
4930,124-76-40,2017,1.0,1.0
4930,124-76-40,2022,1.0,1.0
4930,124-76-439,2006,1.0,1.0
4930,124-76-439,2007,1.0,1.0
4930,124-76-439,2011,1.0,0.0
4930,124-76-439,2012,1.0,1.0
4930,124-76-439,2017,1.0,1.0
4930,124-76-439,2022,1.0,1.0
4930,124-76-439,2023,1.0,1.0
4930,124-76-5,1998,1.0,1.0
4930,124-76-5,2003,1.0,1.0
4930,124-76-5,2007,1.0,1.0
4930,124-76-5,2010,1.0,1.0
4930,124-76-5,2011,1.0,1.0
4930,124-76-5,2013,1.0,1.0
4930,124-76-5,2016,1.0,1.0
4930,124-76-5,2017,1.0,1.0
4930,124-76-5,2022,1.0,1.0
4930,124-76-5,2023,1.0,1.0
4930,124-76-55,2007,1.0,0.0
4930,124-76-55,2008,1.0,1.0
4930,124-76-55,2011,1.0,1.0
4930,124-76-55,2016,1.0,1.0
4930,124-76-55,2017,1.0,1.0
4930,124-76-55,2022,1.0,1.0
4930,124-76-6,1998,1.0,1.0
4930,124-76-6,2003,1.0,1.0
4930,124-76-6,2006,1.0,1.0
4930,124-76-6,2007,1.0,1.0
4930,124-76-6,2008,1.0,1.0
4930,124-76-6,2011,1.0,1.0
4930,124-76-6,2012,1.0,1.0
4930,124-76-6,2014,1.0,1.0
4930,124-76-60,1998,1.0,1.0
4930,124-76-60,2007,1.0,1.0
4930,124-76-60,2008,1.0,1.0
4930,124-76-60,2009,1.0,1.0
4930,124-76-60,2011,1.0,0.0
4930,124-76-60,2012,1.0,1.0
4930,124-76-60,2016,1.0,1.0
4930,124-76-61,2011,1.0,0.0
4930,124-76-61,2012,1.0,1.0
4930,124-76-61,2016,1.0,1.0
4930,124-76-61,2017,1.0,1.0
4930,124-76-67,2007,1.0,1.0
4930,124-76-67,2009,1.0,1.0
4930,124-76-67,2010,1.0,1.0
4930,124-76-67,2013,1.0,1.0
4930,124-76-67,2016,1.0,1.0
4930,124-76-67,2022,1.0,1.0
4930,124-76-67,2023,1.0,1.0
4930,124-76-69,1998,1.0,1.0
4930,124-76-69,2007,1.0,1.0
4930,124-76-69,2009,1.0,0.0
4930,124-76-69,2010,1.0,1.0
4930,124-76-69,2012,1.0,0.0
4930,124-76-69,2016,1.0,0.0
4930,124-76-69,2017,1.0,1.0
4930,124-76-69,2022,1.0,1.0
4930,124-76-69,2023,1.0,1.0
4930,124-76-70,2000,1.0,1.0
4930,124-76-70,2008,1.0,0.0
4930,124-76-70,2014,1.0,1.0
4930,124-76-70,2016,1.0,1.0
4930,124-76-8,1998,1.0,1.0
4930,124-76-8,2003,1.0,1.0
4930,124-76-8,2007,1.0,1.0
4930,124-76-8,2010,1.0,1.0
4930,124-76-8,2011,1.0,1.0
4930,124-76-8,2012,1.0,1.0
4930,124-76-8,2022,1.0,1.0
4930,124-76-8,2023,1.0,1.0
4930,124-76-9,1998,1.0,1.0
4930,124-76-9,2003,1.0,1.0
4930,124-76-9,2007,1.0,0.0
4930,124-76-9,2010,1.0,1.0
4930,124-76-9,2011,1.0,1.0
4930,124-76-9,2013,1.0,1.0
4930,124-76-9,2016,1.0,1.0
4930,124-76-9,2023,1.0,0.0
4930,124-76-90,1998,1.0,1.0
4930,124-76-90,2003,1.0,1.0
4930,124-76-90,2007,1.0,1.0
4930,124-76-90,2010,1.0,1.0
4930,124-76-90,2011,1.0,1.0
4930,124-76-90,2017,1.0,0.0
4930,124-76-90,2022,1.0,1.0
4930,124-79-106,2002,1.0,1.0
4930,124-79-106,2009,1.0,0.0
4930,124-79-106,2010,1.0,1.0
4930,124-79-106,2019,1.0,0.0
4930,124-79-109,2001,1.0,1.0
4930,124-79-109,2002,1.0,1.0
4930,124-79-109,2003,1.0,1.0
4930,124-79-109,2019,1.0,1.0
4930,124-79-109,2022,1.0,0.0
4930,124-79-112,2002,1.0,0.0
4930,124-79-112,2003,1.0,1.0
4930,124-79-112,2007,1.0,0.0
4930,124-79-112,2010,1.0,1.0
4930,124-79-112,2022,1.0,0.0
4930,124-79-113,2012,1.0,0.0
4930,124-79-113,2019,1.0,0.0
4930,124-79-113,2022,1.0,1.0
4930,124-79-116,2002,1.0,1.0
4930,124-79-116,2009,1.0,1.0
4930,124-79-116,2010,1.0,1.0
4930,124-79-123,2001,1.0,0.0
4930,124-79-123,2007,1.0,1.0
4930,124-79-123,2009,1.0,0.0
4930,124-79-123,2013,1.0,0.0
4930,124-79-123,2019,1.0,1.0
4930,124-79-124,2001,1.0,0.0
4930,124-79-124,2003,1.0,0.0
4930,124-79-124,2007,1.0,0.0
4930,124-79-124,2009,1.0,1.0
4930,124-79-124,2010,1.0,1.0
4930,124-79-124,2011,1.0,1.0
4930,124-79-124,2013,1.0,0.0
4930,124-79-124,2017,1.0,1.0
4930,124-79-124,2019,1.0,1.0
4930,124-79-132,2017,1.0,1.0
4930,124-79-132,2019,1.0,0.0
4930,124-79-132,2022,1.0,1.0
4930,124-79-133,2001,1.0,1.0
4930,124-79-133,2003,1.0,1.0
4930,124-79-133,2007,1.0,1.0
4930,124-79-133,2008,1.0,1.0
4930,124-79-133,2009,1.0,1.0
4930,124-79-133,2010,1.0,1.0
4930,124-79-133,2011,1.0,1.0
4930,124-79-133,2012,1.0,1.0
4930,124-79-133,2013,1.0,1.0
4930,124-79-133,2017,1.0,1.0
4930,124-79-133,2019,1.0,0.0
4930,124-79-133,2022,1.0,1.0
4930,124-79-139,1998,1.0,0.0
4930,124-79-139,1999,1.0,1.0
4930,124-79-139,2001,1.0,1.0
4930,124-79-139,2007,1.0,0.0
4930,124-79-139,2010,1.0,0.0
4930,124-79-139,2011,1.0,1.0
4930,124-79-139,2017,1.0,0.0
4930,124-79-142,1998,1.0,1.0
4930,124-79-142,2001,1.0,1.0
4930,124-79-142,2003,1.0,1.0
4930,124-79-142,2007,1.0,1.0
4930,124-79-142,2010,1.0,1.0
4930,124-79-142,2011,1.0,1.0
4930,124-79-142,2012,1.0,1.0
4930,124-79-142,2013,1.0,1.0
4930,124-79-217,2012,1.0,0.0
4930,124-79-217,2017,1.0,1.0
4930,124-79-217,2022,1.0,1.0
4930,124-79-24,2006,1.0,0.0
4930,124-79-24,2022,1.0,0.0
4930,124-79-309,2002,1.0,0.0
4930,124-79-309,2003,1.0,1.0
4930,124-79-309,2012,1.0,1.0
4930,124-79-309,2013,1.0,1.0
4930,124-79-309,2019,1.0,1.0
4930,124-79-33,2001,1.0,1.0
4930,124-79-33,2003,1.0,1.0
4930,124-79-33,2007,1.0,1.0
4930,124-79-33,2008,1.0,1.0
4930,124-79-33,2009,1.0,1.0
4930,124-79-33,2010,1.0,1.0
4930,124-79-33,2011,1.0,1.0
4930,124-79-33,2013,1.0,1.0
4930,124-79-33,2019,1.0,1.0
4930,124-79-403,2017,1.0,1.0
4930,124-79-403,2022,1.0,0.0
4930,124-79-424,2006,1.0,0.0
4930,124-79-424,2017,1.0,1.0
4930,124-79-424,2022,1.0,0.0
4930,840-14-1,2007,1.0,1.0
4930,840-14-1,2008,1.0,1.0
4930,840-14-1,2009,1.0,1.0
4930,840-14-1,2018,1.0,1.0
4930,840-14-106,2002,1.0,1.0
4930,840-14-106,2013,1.0,1.0
4930,840-14-106,2014,1.0,1.0
4930,840-14-106,2018,1.0,1.0
4930,840-14-108,1998,1.0,1.0
4930,840-14-108,2000,1.0,1.0
4930,840-14-108,2001,1.0,1.0
4930,840-14-108,2003,1.0,1.0
4930,840-14-108,2006,1.0,1.0
4930,840-14-108,2008,1.0,1.0
4930,840-14-108,2009,1.0,1.0
4930,840-14-108,2013,1.0,1.0
4930,840-14-108,2014,1.0,1.0
4930,840-14-108,2017,1.0,1.0
4930,840-14-108,2018,1.0,1.0
4930,840-14-11,2004,1.0,0.0
4930,840-14-11,2007,1.0,1.0
4930,840-14-118,2012,1.0,1.0
4930,840-14-118,2018,1.0,0.0
4930,840-14-128,2002,1.0,0.0
4930,840-14-128,2003,1.0,1.0
4930,840-14-128,2004,1.0,1.0
4930,840-14-128,2007,1.0,1.0
4930,840-14-128,2008,1.0,1.0
4930,840-14-128,2014,1.0,1.0
4930,840-14-129,2012,1.0,0.0
4930,840-14-137,2007,1.0,1.0
4930,840-14-137,2013,1.0,1.0
4930,840-14-137,2014,1.0,1.0
4930,840-14-137,2018,1.0,1.0
4930,840-14-138,2002,1.0,0.0
4930,840-14-138,2003,1.0,1.0
4930,840-14-138,2004,1.0,1.0
4930,840-14-138,2007,1.0,1.0
4930,840-14-138,2010,1.0,1.0
4930,840-14-138,2014,1.0,1.0
4930,840-14-14,1998,1.0,1.0
4930,840-14-14,2001,1.0,1.0
4930,840-14-14,2002,1.0,1.0
4930,840-14-14,2003,1.0,1.0
4930,840-14-14,2004,1.0,1.0
4930,840-14-14,2007,1.0,1.0
4930,840-14-14,2009,1.0,1.0
4930,840-14-14,2013,1.0,1.0
4930,840-14-140,2002,1.0,1.0
4930,840-14-140,2004,1.0,1.0
4930,840-14-140,2007,1.0,1.0
4930,840-14-140,2014,1.0,1.0
4930,840-14-148,2000,1.0,1.0
4930,840-14-148,2002,1.0,0.0
4930,840-14-148,2007,1.0,1.0
4930,840-14-151,2001,1.0,1.0
4930,840-14-151,2008,1.0,0.0
4930,840-14-151,2019,1.0,1.0
4930,840-14-153,2001,1.0,1.0
4930,840-14-153,2002,1.0,1.0
4930,840-14-153,2003,1.0,1.0
4930,840-14-153,2004,1.0,1.0
4930,840-14-153,2006,1.0,1.0
4930,840-14-153,2007,1.0,1.0
4930,840-14-153,2008,1.0,1.0
4930,840-14-153,2014,1.0,1.0
4930,840-14-153,2016,1.0,1.0
4930,840-14-153,2017,1.0,1.0
4930,840-14-153,2018,1.0,1.0
4930,840-14-153,2019,1.0,1.0
4930,840-14-153,2022,1.0,1.0
4930,840-14-154,2002,1.0,0.0
4930,840-14-154,2018,1.0,0.0
4930,840-14-155,2003,1.0,1.0
4930,840-14-155,2004,1.0,1.0
4930,840-14-155,2007,1.0,1.0
4930,840-14-155,2018,1.0,1.0
4930,840-14-156,2003,1.0,0.0
4930,840-14-156,2006,1.0,0.0
4930,840-14-158,2003,1.0,0.0
4930,840-14-158,2007,1.0,1.0
4930,840-14-158,2008,1.0,1.0
4930,840-14-158,2016,1.0,1.0
4930,840-14-158,2019,1.0,0.0
4930,840-14-159,2003,1.0,1.0
4930,840-14-159,2006,1.0,1.0
4930,840-14-159,2012,1.0,1.0
4930,840-14-16,2002,1.0,1.0
4930,840-14-16,2003,1.0,1.0
4930,840-14-16,2004,1.0,1.0
4930,840-14-16,2006,1.0,1.0
4930,840-14-16,2012,1.0,1.0
4930,840-14-16,2015,1.0,1.0
4930,840-14-16,2018,1.0,0.0
4930,840-14-160,2002,1.0,0.0
4930,840-14-160,2003,1.0,1.0
4930,840-14-160,2004,1.0,1.0
4930,840-14-160,2013,1.0,1.0
4930,840-14-160,2016,1.0,1.0
4930,840-14-160,2023,1.0,0.0
4930,840-14-162,2001,1.0,1.0
4930,840-14-162,2007,1.0,1.0
4930,840-14-162,2017,1.0,1.0
4930,840-14-162,2018,1.0,1.0
4930,840-14-162,2022,1.0,1.0
4930,840-14-164,2001,1.0,1.0
4930,840-14-164,2007,1.0,1.0
4930,840-14-164,2008,1.0,1.0
4930,840-14-165,2001,1.0,1.0
4930,840-14-165,2008,1.0,0.0
4930,840-14-165,2018,1.0,1.0
4930,840-14-165,2019,1.0,1.0
4930,840-14-165,2022,1.0,1.0
4930,840-14-166,2007,1.0,1.0
4930,840-14-166,2016,1.0,1.0
4930,840-14-166,2017,1.0,1.0
4930,840-14-166,2018,1.0,1.0
4930,840-14-166,2019,1.0,1.0
4930,840-14-168,2007,1.0,1.0
4930,840-14-168,2016,1.0,1.0
4930,840-14-168,2017,1.0,1.0
4930,840-14-168,2018,1.0,1.0
4930,840-14-168,2019,1.0,1.0
4930,840-14-173,2000,1.0,1.0
4930,840-14-173,2013,1.0,1.0
4930,840-14-173,2014,1.0,1.0
4930,840-14-173,2018,1.0,1.0
4930,840-14-173,2019,1.0,1.0
4930,840-14-175,2002,1.0,0.0
4930,840-14-175,2016,1.0,0.0
4930,840-14-176,2004,1.0,1.0
4930,840-14-176,2007,1.0,1.0
4930,840-14-176,2013,1.0,1.0
4930,840-14-176,2014,1.0,1.0
4930,840-14-176,2017,1.0,0.0
4930,840-14-176,2018,1.0,1.0
4930,840-14-177,2002,1.0,1.0
4930,840-14-177,2013,1.0,1.0
4930,840-14-177,2014,1.0,1.0
4930,840-14-177,2017,1.0,1.0
4930,840-14-177,2018,1.0,1.0
4930,840-14-179,2000,1.0,1.0
4930,840-14-179,2001,1.0,1.0
4930,840-14-179,2002,1.0,1.0
4930,840-14-179,2006,1.0,1.0
4930,840-14-179,2007,1.0,1.0
4930,840-14-179,2008,1.0,1.0
4930,840-14-179,2016,1.0,1.0
4930,840-14-179,2019,1.0,1.0
4930,840-14-179,2022,1.0,1.0
4930,840-14-18,1999,1.0,1.0
4930,840-14-181,2001,1.0,1.0
4930,840-14-181,2007,1.0,1.0
4930,840-14-181,2008,1.0,1.0
4930,840-14-181,2016,1.0,1.0
4930,840-14-181,2018,1.0,1.0
4930,840-14-181,2019,1.0,1.0
4930,840-14-182,1998,1.0,1.0
4930,840-14-182,2002,1.0,0.0
4930,840-14-182,2004,1.0,0.0
4930,840-14-182,2007,1.0,1.0
4930,840-14-182,2009,1.0,0.0
4930,840-14-182,2023,1.0,0.0
4930,840-14-184,2002,1.0,1.0
4930,840-14-184,2003,1.0,1.0
4930,840-14-184,2004,1.0,1.0
4930,840-14-184,2006,1.0,1.0
4930,840-14-185,2002,1.0,0.0
4930,840-14-185,2018,1.0,0.0
4930,840-14-186,2002,1.0,1.0
4930,840-14-186,2004,1.0,1.0
4930,840-14-186,2007,1.0,1.0
4930,840-14-186,2017,1.0,1.0
4930,840-14-186,2019,1.0,1.0
4930,840-14-188,1999,1.0,1.0
4930,840-14-189,2003,1.0,1.0
4930,840-14-189,2004,1.0,1.0
4930,840-14-189,2007,1.0,1.0
4930,840-14-189,2016,1.0,1.0
4930,840-14-189,2017,1.0,1.0
4930,840-14-189,2018,1.0,1.0
4930,840-14-189,2019,1.0,1.0
4930,840-14-190,2002,1.0,0.0
4930,840-14-190,2003,1.0,1.0
4930,840-14-190,2004,1.0,1.0
4930,840-14-191,2000,1.0,1.0
4930,840-14-191,2006,1.0,1.0
4930,840-14-191,2008,1.0,1.0
4930,840-14-191,2018,1.0,1.0
4930,840-14-191,2019,1.0,1.0
4930,840-14-193,2001,1.0,1.0
4930,840-14-193,2002,1.0,1.0
4930,840-14-193,2003,1.0,1.0
4930,840-14-193,2004,1.0,1.0
4930,840-14-193,2006,1.0,1.0
4930,840-14-193,2008,1.0,1.0
4930,840-14-193,2009,1.0,1.0
4930,840-14-193,2013,1.0,1.0
4930,840-14-193,2016,1.0,1.0
4930,840-14-193,2017,1.0,1.0
4930,840-14-193,2018,1.0,1.0
4930,840-14-194,2003,1.0,1.0
4930,840-14-194,2006,1.0,1.0
4930,840-14-194,2008,1.0,1.0
4930,840-14-194,2013,1.0,1.0
4930,840-14-194,2014,1.0,1.0
4930,840-14-194,2016,1.0,1.0
4930,840-14-194,2017,1.0,1.0
4930,840-14-195,2008,1.0,1.0
4930,840-14-195,2013,1.0,1.0
4930,840-14-195,2014,1.0,1.0
4930,840-14-195,2017,1.0,1.0
4930,840-14-195,2018,1.0,1.0
4930,840-14-195,2019,1.0,1.0
4930,840-14-198,2002,1.0,1.0
4930,840-14-198,2007,1.0,1.0
4930,840-14-198,2016,1.0,1.0
4930,840-14-198,2019,1.0,1.0
4930,840-14-199,2000,1.0,0.0
4930,840-14-205,2000,1.0,0.0
4930,840-14-205,2004,1.0,0.0
4930,840-14-21,2002,1.0,1.0
4930,840-14-21,2003,1.0,1.0
4930,840-14-21,2004,1.0,1.0
4930,840-14-21,2006,1.0,1.0
4930,840-14-21,2007,1.0,1.0
4930,840-14-21,2018,1.0,1.0
4930,840-14-21,2019,1.0,1.0
4930,840-14-221,2012,1.0,1.0
4930,840-14-221,2014,1.0,1.0
4930,840-14-226,2007,1.0,1.0
4930,840-14-226,2013,1.0,1.0
4930,840-14-226,2014,1.0,1.0
4930,840-14-226,2018,1.0,1.0
4930,840-14-3,2002,1.0,1.0
4930,840-14-3,2003,1.0,1.0
4930,840-14-3,2004,1.0,1.0
4930,840-14-3,2007,1.0,1.0
4930,840-14-3,2013,1.0,1.0
4930,840-14-3,2014,1.0,1.0
4930,840-14-3,2016,1.0,1.0
4930,840-14-3,2017,1.0,1.0
4930,840-14-3,2018,1.0,1.0
4930,840-14-319,2001,1.0,0.0
4930,840-14-319,2003,1.0,1.0
4930,840-14-319,2004,1.0,1.0
4930,840-14-319,2005,1.0,1.0
4930,840-14-319,2006,1.0,1.0
4930,840-14-319,2013,1.0,1.0
4930,840-14-319,2014,1.0,1.0
4930,840-14-319,2017,1.0,0.0
4930,840-14-319,2018,1.0,1.0
4930,840-14-319,2022,1.0,0.0
4930,840-14-319,2023,1.0,1.0
4930,840-14-32,2006,1.0,0.0
4930,840-14-32,2008,1.0,1.0
4930,840-14-32,2013,1.0,1.0
4930,840-14-32,2014,1.0,1.0
4930,840-14-32,2018,1.0,1.0
4930,840-14-33,2002,1.0,1.0
4930,840-14-33,2004,1.0,1.0
4930,840-14-33,2019,1.0,1.0
4930,840-14-406,1999,1.0,0.0
4930,840-14-406,2009,1.0,0.0
4930,840-14-407,2002,1.0,0.0
4930,840-14-408,2018,1.0,1.0
4930,840-14-408,2019,1.0,1.0
4930,840-14-408,2022,1.0,0.0
4930,840-14-415,2001,1.0,1.0
4930,840-14-415,2003,1.0,0.0
4930,840-14-415,2004,1.0,1.0
4930,840-14-415,2007,1.0,0.0
4930,840-14-415,2008,1.0,1.0
4930,840-14-415,2016,1.0,1.0
4930,840-14-415,2017,1.0,1.0
4930,840-14-415,2018,1.0,1.0
4930,840-14-415,2019,1.0,1.0
4930,840-14-415,2022,1.0,1.0
4930,840-14-417,2000,1.0,0.0
4930,840-14-417,2004,1.0,0.0
4930,840-14-421,2001,1.0,0.0
4930,840-14-421,2006,1.0,0.0
4930,840-14-422,2002,1.0,1.0
4930,840-14-422,2003,1.0,1.0
4930,840-14-422,2006,1.0,1.0
4930,840-14-422,2019,1.0,0.0
4930,840-14-436,2013,1.0,1.0
4930,840-14-436,2014,1.0,1.0
4930,840-14-47,2004,1.0,1.0
4930,840-14-47,2007,1.0,1.0
4930,840-14-47,2013,1.0,0.0
4930,840-14-47,2014,1.0,1.0
4930,840-14-47,2018,1.0,0.0
4930,840-14-49,2012,1.0,1.0
4930,840-14-49,2014,1.0,1.0
4930,840-14-49,2018,1.0,1.0
4930,840-14-49,2019,1.0,1.0
4930,840-14-51,2000,1.0,0.0
4930,840-14-54,2002,1.0,1.0
4930,840-14-54,2003,1.0,1.0
4930,840-14-54,2004,1.0,1.0
4930,840-14-54,2012,1.0,1.0
4930,840-14-59,2003,1.0,0.0
4930,840-14-59,2004,1.0,1.0
4930,840-14-59,2012,1.0,1.0
4930,840-14-59,2019,1.0,1.0
4930,840-14-6,2002,1.0,1.0
4930,840-14-6,2008,1.0,0.0
4930,840-14-6,2017,1.0,1.0
4930,840-14-62,1999,1.0,0.0
4930,840-14-62,2005,1.0,1.0
4930,840-14-7,2002,1.0,0.0
4930,840-14-7,2003,1.0,1.0
4930,840-14-7,2007,1.0,1.0
4930,840-14-7,2016,1.0,1.0
4930,840-14-7,2019,1.0,1.0
4930,840-14-7,2022,1.0,1.0
4930,840-14-7,2023,1.0,1.0
4930,840-14-71,2000,1.0,1.0
4930,840-14-71,2001,1.0,1.0
4930,840-14-71,2003,1.0,1.0
4930,840-14-71,2004,1.0,1.0
4930,840-14-71,2005,1.0,1.0
4930,840-14-71,2006,1.0,1.0
4930,840-14-71,2009,1.0,1.0
4930,840-14-71,2010,1.0,1.0
4930,840-14-71,2013,1.0,1.0
4930,840-14-71,2014,1.0,1.0
4930,840-14-71,2015,1.0,1.0
4930,840-14-71,2016,1.0,1.0
4930,840-14-71,2017,1.0,1.0
4930,840-14-71,2018,1.0,1.0
4930,840-14-71,2022,1.0,1.0
4930,840-14-78,2012,1.0,0.0
4930,840-14-79,2000,1.0,1.0
4930,840-14-79,2013,1.0,1.0
4930,840-14-79,2016,1.0,1.0
4930,840-14-79,2017,1.0,1.0
4930,840-14-79,2022,1.0,1.0
4930,840-14-80,2000,1.0,1.0
4930,840-14-80,2001,1.0,1.0
4930,840-14-80,2002,1.0,1.0
4930,840-14-80,2006,1.0,1.0
4930,840-14-80,2007,1.0,1.0
4930,840-14-80,2008,1.0,1.0
4930,840-14-80,2019,1.0,1.0
4930,840-14-80,2022,1.0,0.0
4930,840-14-82,2000,1.0,1.0
4930,840-14-82,2001,1.0,1.0
4930,840-14-82,2002,1.0,1.0
4930,840-14-82,2003,1.0,1.0
4930,840-14-82,2004,1.0,1.0
4930,840-14-82,2006,1.0,1.0
4930,840-14-82,2014,1.0,0.0
4930,840-14-82,2016,1.0,0.0
4930,840-14-82,2018,1.0,0.0
4930,840-14-88,1998,1.0,0.0
4930,840-14-89,2002,1.0,0.0
4930,840-14-89,2007,1.0,0.0
4930,840-14-89,2012,1.0,1.0
4930,840-14-89,2014,1.0,1.0
4930,840-14-89,2018,1.0,1.0
4930,840-14-89,2019,1.0,1.0
4930,840-14-9,2002,1.0,0.0
4930,840-14-9,2003,1.0,1.0
4930,840-14-9,2006,1.0,0.0
4930,840-14-96,2001,1.0,0.0
4930,840-14-98,2002,1.0,1.0
4930,840-14-98,2003,1.0,1.0
4930,840-14-98,2004,1.0,1.0
4930,840-14-98,2006,1.0,1.0
4930,840-14-98,2007,1.0,1.0
4930,840-14-98,2016,1.0,1.0
4930,840-14-98,2018,1.0,1.0
4930,840-17-1,2000,1.0,1.0
4930,840-17-1,2004,1.0,1.0
4930,840-17-1,2010,1.0,0.0
4930,840-17-1,2022,1.0,1.0
4930,840-17-10,2000,1.0,0.0
4930,840-17-10,2001,1.0,1.0
4930,840-17-10,2007,1.0,1.0
4930,840-17-10,2010,1.0,1.0
4930,840-17-10,2015,1.0,1.0
4930,840-17-10,2017,1.0,1.0
4930,840-17-10,2022,1.0,1.0
4930,840-17-11,1998,1.0,1.0
4930,840-17-11,1999,1.0,1.0
4930,840-17-12,2000,1.0,1.0
4930,840-17-12,2007,1.0,1.0
4930,840-17-12,2011,1.0,0.0
4930,840-17-12,2015,1.0,0.0
4930,840-17-125,2004,1.0,0.0
4930,840-17-125,2007,1.0,0.0
4930,840-17-126,2008,1.0,1.0
4930,840-17-126,2022,1.0,1.0
4930,840-17-13,2000,1.0,1.0
4930,840-17-13,2007,1.0,1.0
4930,840-17-13,2008,1.0,1.0
4930,840-17-13,2011,1.0,0.0
4930,840-17-14,2005,1.0,1.0
4930,840-17-14,2007,1.0,1.0
4930,840-17-14,2008,1.0,1.0
4930,840-17-14,2011,1.0,0.0
4930,840-17-14,2014,1.0,1.0
4930,840-17-14,2019,1.0,1.0
4930,840-17-15,2004,1.0,0.0
4930,840-17-16,2004,1.0,1.0
4930,840-17-16,2010,1.0,0.0
4930,840-17-16,2014,1.0,0.0
4930,840-17-17,2004,1.0,1.0
4930,840-17-17,2008,1.0,0.0
4930,840-17-17,2011,1.0,0.0
4930,840-17-18,2010,1.0,0.0
4930,840-17-18,2011,1.0,1.0
4930,840-17-18,2015,1.0,1.0
4930,840-17-18,2017,1.0,1.0
4930,840-17-18,2022,1.0,1.0
4930,840-17-19,2001,1.0,0.0
4930,840-17-19,2010,1.0,1.0
4930,840-17-19,2011,1.0,1.0
4930,840-17-19,2017,1.0,1.0
4930,840-17-19,2022,1.0,1.0
4930,840-17-2,2003,1.0,0.0
4930,840-17-2,2010,1.0,0.0
4930,840-17-2,2014,1.0,0.0
4930,840-17-205,2001,1.0,1.0
4930,840-17-205,2007,1.0,1.0
4930,840-17-205,2015,1.0,1.0
4930,840-17-205,2017,1.0,1.0
4930,840-17-206,2010,1.0,0.0
4930,840-17-206,2017,1.0,1.0
4930,840-17-207,2000,1.0,1.0
4930,840-17-207,2005,1.0,1.0
4930,840-17-207,2011,1.0,1.0
4930,840-17-208,2000,1.0,1.0
4930,840-17-208,2010,1.0,1.0
4930,840-17-21,2000,1.0,0.0
4930,840-17-21,2001,1.0,1.0
4930,840-17-21,2009,1.0,1.0
4930,840-17-213,2000,1.0,1.0
4930,840-17-213,2007,1.0,0.0
4930,840-17-213,2011,1.0,1.0
4930,840-17-213,2015,1.0,0.0
4930,840-17-214,2005,1.0,1.0
4930,840-17-214,2007,1.0,1.0
4930,840-17-214,2008,1.0,1.0
4930,840-17-216,2004,1.0,1.0
4930,840-17-216,2010,1.0,1.0
4930,840-17-216,2014,1.0,1.0
4930,840-17-217,2001,1.0,0.0
4930,840-17-218,2007,1.0,1.0
4930,840-17-220,1998,1.0,0.0
4930,840-17-220,2009,1.0,0.0
4930,840-17-221,2000,1.0,1.0
4930,840-17-221,2017,1.0,1.0
4930,840-17-222,2003,1.0,1.0
4930,840-17-222,2004,1.0,1.0
4930,840-17-222,2008,1.0,0.0
4930,840-17-222,2014,1.0,0.0
4930,840-17-223,2000,1.0,1.0
4930,840-17-223,2001,1.0,1.0
4930,840-17-223,2015,1.0,0.0
4930,840-17-225,2000,1.0,1.0
4930,840-17-225,2001,1.0,1.0
4930,840-17-225,2010,1.0,1.0
4930,840-17-225,2011,1.0,1.0
4930,840-17-225,2015,1.0,1.0
4930,840-17-225,2017,1.0,0.0
4930,840-17-228,2001,1.0,0.0
4930,840-17-228,2005,1.0,1.0
4930,840-17-228,2017,1.0,0.0
4930,840-17-23,2000,1.0,1.0
4930,840-17-23,2001,1.0,1.0
4930,840-17-23,2007,1.0,0.0
4930,840-17-23,2010,1.0,1.0
4930,840-17-23,2014,1.0,1.0
4930,840-17-23,2015,1.0,1.0
4930,840-17-3,2000,1.0,1.0
4930,840-17-3,2010,1.0,1.0
4930,840-17-3,2022,1.0,1.0
4930,840-17-301,2008,1.0,0.0
4930,840-17-302,2000,1.0,1.0
4930,840-17-302,2001,1.0,1.0
4930,840-17-302,2004,1.0,1.0
4930,840-17-302,2010,1.0,1.0
4930,840-17-302,2022,1.0,1.0
4930,840-17-303,2001,1.0,1.0
4930,840-17-303,2007,1.0,1.0
4930,840-17-303,2017,1.0,0.0
4930,840-17-303,2022,1.0,0.0
4930,840-17-304,1999,1.0,0.0
4930,840-17-304,2003,1.0,0.0
4930,840-17-305,2001,1.0,1.0
4930,840-17-305,2007,1.0,1.0
4930,840-17-305,2015,1.0,1.0
4930,840-17-305,2017,1.0,1.0
4930,840-17-306,2000,1.0,1.0
4930,840-17-306,2007,1.0,1.0
4930,840-17-306,2010,1.0,1.0
4930,840-17-306,2011,1.0,1.0
4930,840-17-307,2007,1.0,0.0
4930,840-17-307,2010,1.0,1.0
4930,840-17-307,2011,1.0,1.0
4930,840-17-307,2019,1.0,1.0
4930,840-17-308,2008,1.0,0.0
4930,840-17-309,2003,1.0,0.0
4930,840-17-31,2004,1.0,0.0
4930,840-17-31,2014,1.0,1.0
4930,840-17-312,2000,1.0,1.0
4930,840-17-312,2007,1.0,1.0
4930,840-17-312,2011,1.0,1.0
4930,840-17-312,2015,1.0,1.0
4930,840-17-313,2000,1.0,0.0
4930,840-17-313,2005,1.0,1.0
4930,840-17-313,2007,1.0,1.0
4930,840-17-313,2008,1.0,1.0
4930,840-17-314,2008,1.0,1.0
4930,840-17-314,2014,1.0,1.0
4930,840-17-314,2017,1.0,1.0
4930,840-17-315,2000,1.0,1.0
4930,840-17-315,2001,1.0,1.0
4930,840-17-315,2004,1.0,1.0
4930,840-17-315,2007,1.0,1.0
4930,840-17-315,2010,1.0,1.0
4930,840-17-315,2014,1.0,1.0
4930,840-17-316,2004,1.0,0.0
4930,840-17-316,2014,1.0,0.0
4930,840-17-318,2004,1.0,1.0
4930,840-17-318,2005,1.0,1.0
4930,840-17-318,2007,1.0,1.0
4930,840-17-319,2008,1.0,1.0
4930,840-17-319,2014,1.0,1.0
4930,840-17-319,2015,1.0,1.0
4930,840-17-319,2017,1.0,1.0
4930,840-17-319,2022,1.0,1.0
4930,840-17-32,2004,1.0,1.0
4930,840-17-32,2010,1.0,0.0
4930,840-17-322,2007,1.0,1.0
4930,840-17-326,1998,1.0,1.0
4930,840-17-326,2007,1.0,0.0
4930,840-17-33,2018,1.0,0.0
4930,840-17-35,2000,1.0,1.0
4930,840-17-35,2008,1.0,1.0
4930,840-17-35,2010,1.0,1.0
4930,840-17-35,2011,1.0,1.0
4930,840-17-351,2000,1.0,1.0
4930,840-17-351,2001,1.0,1.0
4930,840-17-351,2022,1.0,1.0
4930,840-17-352,2010,1.0,1.0
4930,840-17-352,2014,1.0,0.0
4930,840-17-359,2000,1.0,1.0
4930,840-17-359,2001,1.0,1.0
4930,840-17-36,2005,1.0,1.0
4930,840-17-36,2011,1.0,1.0
4930,840-17-36,2019,1.0,0.0
4930,840-17-362,2000,1.0,1.0
4930,840-17-362,2005,1.0,1.0
4930,840-17-362,2007,1.0,1.0
4930,840-17-362,2008,1.0,1.0
4930,840-17-362,2015,1.0,0.0
4930,840-17-366,2007,1.0,1.0
4930,840-17-366,2015,1.0,0.0
4930,840-17-366,2022,1.0,1.0
4930,840-17-368,2000,1.0,1.0
4930,840-17-368,2001,1.0,1.0
4930,840-17-37,2000,1.0,1.0
4930,840-17-37,2005,1.0,0.0
4930,840-17-37,2010,1.0,1.0
4930,840-17-37,2015,1.0,0.0
4930,840-17-375,2000,1.0,1.0
4930,840-17-375,2008,1.0,1.0
4930,840-17-375,2015,1.0,0.0
4930,840-17-375,2017,1.0,0.0
4930,840-17-375,2022,1.0,0.0
4930,840-17-4,2000,1.0,1.0
4930,840-17-4,2008,1.0,1.0
4930,840-17-4,2010,1.0,1.0
4930,840-17-4,2011,1.0,1.0
4930,840-17-41,2000,1.0,0.0
4930,840-17-41,2011,1.0,0.0
4930,840-17-410,2001,1.0,0.0
4930,840-17-410,2007,1.0,0.0
4930,840-17-412,2007,1.0,1.0
4930,840-17-412,2010,1.0,1.0
4930,840-17-412,2015,1.0,1.0
4930,840-17-419,2001,1.0,0.0
4930,840-17-419,2008,1.0,1.0
4930,840-17-419,2014,1.0,1.0
4930,840-17-419,2015,1.0,1.0
4930,840-17-419,2022,1.0,1.0
4930,840-17-42,2000,1.0,1.0
4930,840-17-42,2007,1.0,0.0
4930,840-17-42,2010,1.0,1.0
4930,840-17-42,2015,1.0,0.0
4930,840-17-44,2000,1.0,1.0
4930,840-17-44,2008,1.0,1.0
4930,840-17-44,2011,1.0,1.0
4930,840-17-44,2015,1.0,0.0
4930,840-17-44,2017,1.0,1.0
4930,840-17-46,2000,1.0,1.0
4930,840-17-46,2001,1.0,1.0
4930,840-17-46,2007,1.0,1.0
4930,840-17-46,2010,1.0,1.0
4930,840-17-46,2022,1.0,1.0
4930,840-17-47,2000,1.0,1.0
4930,840-17-47,2001,1.0,1.0
4930,840-17-47,2007,1.0,1.0
4930,840-17-47,2011,1.0,1.0
4930,840-17-47,2022,1.0,1.0
4930,840-17-49,2001,1.0,0.0
4930,840-17-49,2017,1.0,1.0
4930,840-17-49,2022,1.0,1.0
4930,840-17-5,2007,1.0,1.0
4930,840-17-50,2005,1.0,1.0
4930,840-17-50,2008,1.0,1.0
4930,840-17-50,2015,1.0,0.0
4930,840-17-50,2017,1.0,0.0
4930,840-17-51,2014,1.0,1.0
4930,840-17-51,2015,1.0,1.0
4930,840-17-51,2017,1.0,1.0
4930,840-17-51,2022,1.0,1.0
4930,840-17-52,2001,1.0,0.0
4930,840-17-52,2007,1.0,0.0
4930,840-17-52,2015,1.0,0.0
4930,840-17-55,2000,1.0,1.0
4930,840-17-55,2001,1.0,1.0
4930,840-17-55,2011,1.0,1.0
4930,840-17-55,2014,1.0,1.0
4930,840-17-55,2015,1.0,1.0
4930,840-17-56,1998,1.0,0.0
4930,840-17-56,2001,1.0,0.0
4930,840-17-56,2022,1.0,1.0
4930,840-17-57,2000,1.0,1.0
4930,840-17-57,2005,1.0,1.0
4930,840-17-58,2015,1.0,0.0
4930,840-17-58,2016,1.0,1.0
4930,840-17-6,2000,1.0,1.0
4930,840-17-6,2007,1.0,0.0
4930,840-17-6,2010,1.0,1.0
4930,840-17-6,2011,1.0,1.0
4930,840-17-6,2015,1.0,1.0
4930,840-17-8,2004,1.0,0.0
4930,840-17-9,2000,1.0,1.0
4930,840-17-9,2004,1.0,1.0
4930,840-17-9,2010,1.0,1.0
4930,840-17-9,2022,1.0,1.0
4930,840-18-1,2000,1.0,1.0
4930,840-18-1,2002,1.0,1.0
4930,840-18-1,2004,1.0,0.0
4930,840-18-1,2012,1.0,0.0
4930,840-18-1,2014,1.0,1.0
4930,840-18-1,2017,1.0,0.0
4930,840-18-1,2018,1.0,1.0
4930,840-18-1,2019,1.0,1.0
4930,840-18-102,2000,1.0,1.0
4930,840-18-102,2002,1.0,1.0
4930,840-18-102,2004,1.0,1.0
4930,840-18-102,2007,1.0,0.0
4930,840-18-102,2011,1.0,0.0
4930,840-18-102,2012,1.0,1.0
4930,840-18-102,2013,1.0,1.0
4930,840-18-102,2014,1.0,1.0
4930,840-18-102,2015,1.0,1.0
4930,840-18-102,2017,1.0,1.0
4930,840-18-102,2018,1.0,1.0
4930,840-18-102,2022,1.0,0.0
4930,840-18-11,2006,1.0,1.0
4930,840-18-11,2011,1.0,1.0
4930,840-18-11,2012,1.0,1.0
4930,840-18-11,2013,1.0,1.0
4930,840-18-11,2014,1.0,1.0
4930,840-18-11,2015,1.0,1.0
4930,840-18-11,2017,1.0,1.0
4930,840-18-11,2019,1.0,0.0
4930,840-18-11,2022,1.0,1.0
4930,840-18-14,2006,1.0,1.0
4930,840-18-14,2007,1.0,1.0
4930,840-18-14,2011,1.0,1.0
4930,840-18-14,2012,1.0,1.0
4930,840-18-14,2013,1.0,1.0
4930,840-18-14,2014,1.0,1.0
4930,840-18-14,2015,1.0,1.0
4930,840-18-14,2016,1.0,1.0
4930,840-18-14,2017,1.0,1.0
4930,840-18-14,2018,1.0,1.0
4930,840-18-14,2019,1.0,1.0
4930,840-18-15,2006,1.0,1.0
4930,840-18-15,2007,1.0,1.0
4930,840-18-15,2011,1.0,1.0
4930,840-18-15,2015,1.0,0.0
4930,840-18-15,2017,1.0,1.0
4930,840-18-15,2018,1.0,1.0
4930,840-18-15,2019,1.0,1.0
4930,840-18-15,2022,1.0,1.0
4930,840-18-3,2000,1.0,1.0
4930,840-18-3,2002,1.0,1.0
4930,840-18-3,2004,1.0,1.0
4930,840-18-3,2006,1.0,1.0
4930,840-18-3,2007,1.0,1.0
4930,840-18-3,2011,1.0,1.0
4930,840-18-3,2012,1.0,1.0
4930,840-18-3,2013,1.0,1.0
4930,840-18-3,2014,1.0,1.0
4930,840-18-3,2015,1.0,1.0
4930,840-18-3,2016,1.0,1.0
4930,840-18-3,2022,1.0,1.0
4930,840-18-4,2000,1.0,1.0
4930,840-18-4,2002,1.0,0.0
4930,840-18-4,2011,1.0,1.0
4930,840-18-4,2012,1.0,1.0
4930,840-18-4,2013,1.0,1.0
4930,840-18-4,2014,1.0,1.0
4930,840-18-4,2015,1.0,1.0
4930,840-18-4,2016,1.0,1.0
4930,840-18-4,2019,1.0,1.0
4930,840-18-7,2000,1.0,1.0
4930,840-18-7,2002,1.0,1.0
4930,840-18-7,2006,1.0,1.0
4930,840-18-7,2007,1.0,1.0
4930,840-18-7,2011,1.0,0.0
4930,840-18-7,2012,1.0,1.0
4930,840-18-7,2014,1.0,1.0
4930,840-18-7,2015,1.0,1.0
4930,840-18-7,2017,1.0,1.0
4930,840-18-7,2018,1.0,1.0
4930,840-18-8,2000,1.0,1.0
4930,840-18-8,2002,1.0,1.0
4930,840-18-8,2004,1.0,1.0
4930,840-18-8,2006,1.0,1.0
4930,840-18-8,2007,1.0,1.0
4930,840-18-8,2011,1.0,0.0
4930,840-18-8,2012,1.0,1.0
4930,840-18-8,2013,1.0,1.0
4930,840-18-8,2014,1.0,1.0
4930,840-18-8,2015,1.0,1.0
4930,840-18-8,2017,1.0,1.0
4930,840-18-8,2018,1.0,1.0
4930,840-18-8,2019,1.0,1.0
4930,840-18-8,2022,1.0,1.0
4930,840-18-9,2000,1.0,1.0
4930,840-18-9,2002,1.0,1.0
4930,840-18-9,2004,1.0,1.0
4930,840-18-9,2006,1.0,1.0
4930,840-18-9,2007,1.0,1.0
4930,840-18-9,2011,1.0,1.0
4930,840-18-9,2012,1.0,1.0
4930,840-18-9,2013,1.0,1.0
4930,840-18-9,2015,1.0,0.0
4930,840-18-9,2017,1.0,1.0
4930,840-18-9,2018,1.0,1.0
4930,840-18-9,2019,1.0,1.0
4930,840-2-1,1999,1.0,1.0
4930,840-2-1,2002,1.0,1.0
4930,840-2-1,2005,1.0,1.0
4930,840-2-1,2006,1.0,1.0
4930,840-2-1,2008,1.0,1.0
4930,840-2-1,2013,1.0,1.0
4930,840-2-1,2014,1.0,1.0
4930,840-2-1,2015,1.0,1.0
4930,840-2-1,2019,1.0,1.0
4930,840-2-1,2023,1.0,1.0
4930,840-2-10,2002,1.0,1.0
4930,840-2-10,2012,1.0,1.0
4930,840-2-10,2018,1.0,1.0
4930,840-2-102,1999,1.0,1.0
4930,840-2-102,2002,1.0,1.0
4930,840-2-102,2004,1.0,1.0
4930,840-2-102,2005,1.0,1.0
4930,840-2-102,2006,1.0,1.0
4930,840-2-102,2013,1.0,1.0
4930,840-2-102,2014,1.0,1.0
4930,840-2-102,2023,1.0,1.0
4930,840-2-105,2000,1.0,1.0
4930,840-2-105,2002,1.0,1.0
4930,840-2-105,2004,1.0,1.0
4930,840-2-105,2006,1.0,1.0
4930,840-2-105,2009,1.0,1.0
4930,840-2-105,2012,1.0,1.0
4930,840-2-105,2015,1.0,1.0
4930,840-2-109,2000,1.0,1.0
4930,840-2-109,2002,1.0,1.0
4930,840-2-109,2004,1.0,1.0
4930,840-2-109,2006,1.0,1.0
4930,840-2-109,2009,1.0,1.0
4930,840-2-109,2012,1.0,1.0
4930,840-2-111,2000,1.0,0.0
4930,840-2-111,2002,1.0,1.0
4930,840-2-111,2004,1.0,1.0
4930,840-2-111,2006,1.0,1.0
4930,840-2-111,2009,1.0,1.0
4930,840-2-111,2012,1.0,1.0
4930,840-2-111,2015,1.0,1.0
4930,840-2-111,2018,1.0,1.0
4930,840-2-12,2000,1.0,0.0
4930,840-2-12,2015,1.0,1.0
4930,840-2-13,2005,1.0,0.0
4930,840-2-13,2019,1.0,1.0
4930,840-2-13,2023,1.0,1.0
4930,840-2-14,2004,1.0,1.0
4930,840-2-14,2005,1.0,1.0
4930,840-2-14,2013,1.0,1.0
4930,840-2-14,2014,1.0,1.0
4930,840-2-14,2023,1.0,0.0
4930,840-2-140,1998,1.0,1.0
4930,840-2-140,1999,1.0,1.0
4930,840-2-140,2000,1.0,1.0
4930,840-2-140,2003,1.0,1.0
4930,840-2-140,2004,1.0,1.0
4930,840-2-140,2006,1.0,1.0
4930,840-2-140,2007,1.0,1.0
4930,840-2-140,2008,1.0,1.0
4930,840-2-140,2009,1.0,1.0
4930,840-2-140,2013,1.0,0.0
4930,840-2-140,2014,1.0,1.0
4930,840-2-140,2015,1.0,1.0
4930,840-2-141,2004,1.0,0.0
4930,840-2-141,2007,1.0,1.0
4930,840-2-141,2008,1.0,1.0
4930,840-2-141,2009,1.0,1.0
4930,840-2-141,2013,1.0,1.0
4930,840-2-141,2015,1.0,1.0
4930,840-2-141,2016,1.0,1.0
4930,840-2-141,2018,1.0,1.0
4930,840-2-141,2019,1.0,1.0
4930,840-2-142,1999,1.0,1.0
4930,840-2-142,2000,1.0,1.0
4930,840-2-142,2002,1.0,1.0
4930,840-2-142,2004,1.0,1.0
4930,840-2-142,2007,1.0,1.0
4930,840-2-142,2008,1.0,1.0
4930,840-2-142,2009,1.0,1.0
4930,840-2-142,2013,1.0,0.0
4930,840-2-142,2015,1.0,1.0
4930,840-2-142,2018,1.0,1.0
4930,840-2-142,2019,1.0,1.0
4930,840-2-15,1999,1.0,1.0
4930,840-2-15,2005,1.0,0.0
4930,840-2-15,2013,1.0,1.0
4930,840-2-15,2014,1.0,1.0
4930,840-2-15,2019,1.0,1.0
4930,840-2-15,2023,1.0,0.0
4930,840-2-156,2014,1.0,1.0
4930,840-2-156,2015,1.0,1.0
4930,840-2-16,2004,1.0,1.0
4930,840-2-16,2005,1.0,1.0
4930,840-2-16,2013,1.0,1.0
4930,840-2-16,2014,1.0,1.0
4930,840-2-16,2023,1.0,0.0
4930,840-2-162,2002,1.0,1.0
4930,840-2-162,2006,1.0,1.0
4930,840-2-162,2009,1.0,0.0
4930,840-2-162,2015,1.0,0.0
4930,840-2-162,2018,1.0,0.0
4930,840-2-164,2005,1.0,0.0
4930,840-2-164,2013,1.0,1.0
4930,840-2-164,2014,1.0,1.0
4930,840-2-17,2002,1.0,1.0
4930,840-2-17,2004,1.0,1.0
4930,840-2-17,2009,1.0,1.0
4930,840-2-19,1999,1.0,1.0
4930,840-2-19,2002,1.0,1.0
4930,840-2-19,2005,1.0,0.0
4930,840-2-19,2014,1.0,0.0
4930,840-2-19,2019,1.0,1.0
4930,840-2-20,1999,1.0,1.0
4930,840-2-20,2004,1.0,1.0
4930,840-2-20,2005,1.0,1.0
4930,840-2-20,2013,1.0,1.0
4930,840-2-20,2014,1.0,1.0
4930,840-2-20,2019,1.0,0.0
4930,840-2-201,1999,1.0,1.0
4930,840-2-201,2002,1.0,1.0
4930,840-2-201,2013,1.0,1.0
4930,840-2-201,2014,1.0,1.0
4930,840-2-201,2017,1.0,1.0
4930,840-2-201,2019,1.0,1.0
4930,840-2-201,2023,1.0,1.0
4930,840-2-204,2002,1.0,1.0
4930,840-2-204,2004,1.0,1.0
4930,840-2-204,2006,1.0,1.0
4930,840-2-204,2009,1.0,1.0
4930,840-2-204,2012,1.0,1.0
4930,840-2-204,2014,1.0,1.0
4930,840-2-204,2018,1.0,1.0
4930,840-2-205,2002,1.0,0.0
4930,840-2-205,2014,1.0,0.0
4930,840-2-205,2019,1.0,0.0
4930,840-2-207,2000,1.0,1.0
4930,840-2-207,2002,1.0,1.0
4930,840-2-207,2004,1.0,1.0
4930,840-2-207,2006,1.0,1.0
4930,840-2-207,2009,1.0,1.0
4930,840-2-207,2012,1.0,1.0
4930,840-2-207,2015,1.0,0.0
4930,840-2-208,2000,1.0,0.0
4930,840-2-208,2002,1.0,0.0
4930,840-2-208,2006,1.0,1.0
4930,840-2-208,2016,1.0,0.0
4930,840-2-208,2018,1.0,1.0
4930,840-2-209,2000,1.0,0.0
4930,840-2-209,2006,1.0,1.0
4930,840-2-209,2009,1.0,1.0
4930,840-2-209,2012,1.0,1.0
4930,840-2-209,2015,1.0,0.0
4930,840-2-21,1998,1.0,0.0
4930,840-2-210,2012,1.0,0.0
4930,840-2-211,2002,1.0,1.0
4930,840-2-211,2004,1.0,1.0
4930,840-2-211,2005,1.0,1.0
4930,840-2-211,2012,1.0,0.0
4930,840-2-211,2019,1.0,1.0
4930,840-2-212,2002,1.0,0.0
4930,840-2-212,2004,1.0,1.0
4930,840-2-212,2012,1.0,0.0
4930,840-2-215,2000,1.0,0.0
4930,840-2-216,2015,1.0,0.0
4930,840-2-216,2016,1.0,1.0
4930,840-2-216,2018,1.0,1.0
4930,840-2-216,2023,1.0,1.0
4930,840-2-218,2002,1.0,1.0
4930,840-2-218,2007,1.0,1.0
4930,840-2-218,2008,1.0,1.0
4930,840-2-218,2013,1.0,0.0
4930,840-2-218,2015,1.0,1.0
4930,840-2-218,2018,1.0,1.0
4930,840-2-218,2019,1.0,1.0
4930,840-2-218,2023,1.0,1.0
4930,840-2-22,2002,1.0,1.0
4930,840-2-22,2005,1.0,1.0
4930,840-2-22,2006,1.0,1.0
4930,840-2-22,2013,1.0,0.0
4930,840-2-22,2014,1.0,1.0
4930,840-2-22,2016,1.0,1.0
4930,840-2-24,2002,1.0,1.0
4930,840-2-24,2013,1.0,1.0
4930,840-2-24,2016,1.0,0.0
4930,840-2-24,2018,1.0,1.0
4930,840-2-24,2023,1.0,1.0
4930,840-2-25,2002,1.0,1.0
4930,840-2-25,2006,1.0,1.0
4930,840-2-25,2012,1.0,1.0
4930,840-2-25,2013,1.0,1.0
4930,840-2-25,2015,1.0,1.0
4930,840-2-25,2016,1.0,1.0
4930,840-2-25,2019,1.0,0.0
4930,840-2-26,1999,1.0,1.0
4930,840-2-26,2004,1.0,1.0
4930,840-2-26,2012,1.0,1.0
4930,840-2-26,2013,1.0,1.0
4930,840-2-26,2019,1.0,0.0
4930,840-2-27,2002,1.0,1.0
4930,840-2-27,2004,1.0,1.0
4930,840-2-27,2009,1.0,1.0
4930,840-2-27,2018,1.0,1.0
4930,840-2-27,2019,1.0,1.0
4930,840-2-28,2002,1.0,1.0
4930,840-2-28,2009,1.0,1.0
4930,840-2-28,2018,1.0,1.0
4930,840-2-29,2002,1.0,1.0
4930,840-2-29,2004,1.0,1.0
4930,840-2-29,2009,1.0,1.0
4930,840-2-29,2018,1.0,1.0
4930,840-2-31,1999,1.0,0.0
4930,840-2-31,2004,1.0,1.0
4930,840-2-31,2016,1.0,0.0
4930,840-2-31,2018,1.0,1.0
4930,840-2-31,2023,1.0,1.0
4930,840-2-33,2004,1.0,1.0
4930,840-2-33,2005,1.0,1.0
4930,840-2-33,2012,1.0,0.0
4930,840-2-33,2013,1.0,1.0
4930,840-2-33,2014,1.0,1.0
4930,840-2-33,2023,1.0,1.0
4930,840-2-35,2000,1.0,1.0
4930,840-2-35,2002,1.0,1.0
4930,840-2-35,2009,1.0,0.0
4930,840-2-35,2015,1.0,0.0
4930,840-2-36,2000,1.0,0.0
4930,840-2-36,2002,1.0,1.0
4930,840-2-36,2007,1.0,0.0
4930,840-2-36,2008,1.0,1.0
4930,840-2-38,2013,1.0,0.0
4930,840-2-38,2015,1.0,1.0
4930,840-2-38,2018,1.0,0.0
4930,840-2-38,2023,1.0,0.0
4930,840-2-4,2005,1.0,0.0
4930,840-2-4,2013,1.0,1.0
4930,840-2-4,2014,1.0,1.0
4930,840-2-4,2019,1.0,1.0
4930,840-2-43,2006,1.0,1.0
4930,840-2-43,2008,1.0,0.0
4930,840-2-43,2015,1.0,1.0
4930,840-2-43,2016,1.0,1.0
4930,840-2-43,2018,1.0,0.0
4930,840-2-45,2002,1.0,1.0
4930,840-2-45,2009,1.0,1.0
4930,840-2-45,2012,1.0,1.0
4930,840-2-45,2013,1.0,1.0
4930,840-2-45,2014,1.0,1.0
4930,840-2-45,2015,1.0,1.0
4930,840-2-47,2002,1.0,0.0
4930,840-2-47,2012,1.0,1.0
4930,840-2-48,2001,1.0,0.0
4930,840-2-48,2003,1.0,1.0
4930,840-2-48,2017,1.0,0.0
4930,840-2-49,2002,1.0,1.0
4930,840-2-49,2005,1.0,0.0
4930,840-2-49,2019,1.0,1.0
4930,840-2-50,2002,1.0,1.0
4930,840-2-50,2006,1.0,0.0
4930,840-2-50,2013,1.0,0.0
4930,840-2-50,2015,1.0,0.0
4930,840-2-50,2016,1.0,1.0
4930,840-2-50,2018,1.0,1.0
4930,840-2-50,2019,1.0,1.0
4930,840-2-50,2023,1.0,1.0
4930,840-2-52,1999,1.0,0.0
4930,840-2-52,2012,1.0,1.0
4930,840-2-52,2013,1.0,1.0
4930,840-2-52,2016,1.0,0.0
4930,840-2-53,2002,1.0,1.0
4930,840-2-53,2013,1.0,1.0
4930,840-2-53,2015,1.0,1.0
4930,840-2-53,2019,1.0,0.0
4930,840-2-53,2023,1.0,0.0
4930,840-2-54,2003,1.0,1.0
4930,840-2-54,2005,1.0,0.0
4930,840-2-55,2002,1.0,1.0
4930,840-2-55,2004,1.0,1.0
4930,840-2-55,2009,1.0,1.0
4930,840-2-55,2015,1.0,0.0
4930,840-2-55,2016,1.0,1.0
4930,840-2-55,2018,1.0,1.0
4930,840-2-55,2023,1.0,0.0
4930,840-2-57,1999,1.0,1.0
4930,840-2-57,2002,1.0,1.0
4930,840-2-57,2004,1.0,1.0
4930,840-2-57,2005,1.0,1.0
4930,840-2-57,2013,1.0,1.0
4930,840-2-57,2014,1.0,1.0
4930,840-2-57,2017,1.0,1.0
4930,840-2-57,2019,1.0,1.0
4930,840-2-57,2023,1.0,1.0
4930,840-2-58,2004,1.0,1.0
4930,840-2-58,2005,1.0,1.0
4930,840-2-58,2013,1.0,1.0
4930,840-2-58,2014,1.0,1.0
4930,840-2-58,2019,1.0,1.0
4930,840-2-60,2001,1.0,0.0
4930,840-2-61,2000,1.0,0.0
4930,840-2-61,2002,1.0,1.0
4930,840-2-61,2006,1.0,0.0
4930,840-2-61,2009,1.0,1.0
4930,840-2-61,2012,1.0,0.0
4930,840-2-61,2018,1.0,1.0
4930,840-2-63,2002,1.0,1.0
4930,840-2-63,2004,1.0,1.0
4930,840-2-63,2005,1.0,1.0
4930,840-2-63,2012,1.0,1.0
4930,840-2-63,2019,1.0,0.0
4930,840-2-65,2002,1.0,1.0
4930,840-2-65,2004,1.0,1.0
4930,840-2-65,2018,1.0,0.0
4930,840-2-65,2019,1.0,1.0
4930,840-2-67,1999,1.0,0.0
4930,840-2-67,2004,1.0,1.0
4930,840-2-67,2012,1.0,0.0
4930,840-2-68,2002,1.0,1.0
4930,840-2-68,2008,1.0,0.0
4930,840-2-7,2000,1.0,1.0
4930,840-2-7,2002,1.0,1.0
4930,840-2-7,2006,1.0,0.0
4930,840-2-7,2009,1.0,1.0
4930,840-2-7,2014,1.0,1.0
4930,840-2-7,2015,1.0,1.0
4930,840-2-7,2018,1.0,1.0
4930,840-2-70,1999,1.0,1.0
4930,840-2-70,2000,1.0,1.0
4930,840-2-70,2002,1.0,1.0
4930,840-2-70,2007,1.0,0.0
4930,840-2-70,2008,1.0,1.0
4930,840-2-70,2009,1.0,1.0
4930,840-2-70,2013,1.0,1.0
4930,840-2-70,2016,1.0,0.0
4930,840-2-70,2018,1.0,1.0
4930,840-2-70,2019,1.0,1.0
4930,840-2-71,1999,1.0,0.0
4930,840-2-71,2002,1.0,1.0
4930,840-2-71,2008,1.0,1.0
4930,840-2-71,2013,1.0,1.0
4930,840-2-71,2023,1.0,1.0
4930,840-2-72,1999,1.0,1.0
4930,840-2-72,2000,1.0,1.0
4930,840-2-72,2002,1.0,1.0
4930,840-2-72,2005,1.0,1.0
4930,840-2-72,2006,1.0,1.0
4930,840-2-72,2009,1.0,1.0
4930,840-2-72,2014,1.0,1.0
4930,840-2-72,2015,1.0,1.0
4930,840-2-73,2008,1.0,1.0
4930,840-2-73,2009,1.0,1.0
4930,840-2-73,2011,1.0,1.0
4930,840-2-73,2012,1.0,1.0
4930,840-2-73,2015,1.0,1.0
4930,840-2-73,2018,1.0,1.0
4930,840-2-8,2004,1.0,1.0
4930,840-2-8,2013,1.0,0.0
4930,840-2-8,2014,1.0,1.0
4930,840-2-8,2019,1.0,1.0
4930,840-2-8,2023,1.0,0.0
4930,840-21-1,1999,1.0,1.0
4930,840-21-1,2000,1.0,1.0
4930,840-21-1,2001,1.0,1.0
4930,840-21-1,2005,1.0,1.0
4930,840-21-1,2006,1.0,1.0
4930,840-21-1,2007,1.0,1.0
4930,840-21-1,2012,1.0,1.0
4930,840-21-1,2013,1.0,1.0
4930,840-21-1,2014,1.0,1.0
4930,840-21-1,2015,1.0,1.0
4930,840-21-1,2018,1.0,0.0
4930,840-21-1,2019,1.0,1.0
4930,840-21-10,2000,1.0,1.0
4930,840-21-10,2002,1.0,1.0
4930,840-21-10,2004,1.0,0.0
4930,840-21-10,2006,1.0,1.0
4930,840-21-10,2007,1.0,1.0
4930,840-21-10,2013,1.0,1.0
4930,840-21-10,2014,1.0,1.0
4930,840-21-10,2016,1.0,1.0
4930,840-21-105,1999,1.0,1.0
4930,840-21-105,2000,1.0,1.0
4930,840-21-105,2001,1.0,1.0
4930,840-21-105,2005,1.0,1.0
4930,840-21-105,2006,1.0,1.0
4930,840-21-105,2007,1.0,1.0
4930,840-21-105,2012,1.0,1.0
4930,840-21-105,2013,1.0,1.0
4930,840-21-105,2014,1.0,1.0
4930,840-21-105,2015,1.0,1.0
4930,840-21-105,2017,1.0,0.0
4930,840-21-105,2018,1.0,1.0
4930,840-21-105,2019,1.0,1.0
4930,840-21-105,2022,1.0,1.0
4930,840-21-109,1999,1.0,1.0
4930,840-21-109,2000,1.0,1.0
4930,840-21-109,2001,1.0,1.0
4930,840-21-109,2004,1.0,1.0
4930,840-21-109,2005,1.0,1.0
4930,840-21-109,2006,1.0,1.0
4930,840-21-109,2007,1.0,1.0
4930,840-21-109,2013,1.0,1.0
4930,840-21-109,2014,1.0,1.0
4930,840-21-109,2017,1.0,1.0
4930,840-21-109,2018,1.0,1.0
4930,840-21-109,2019,1.0,1.0
4930,840-21-2,2000,1.0,1.0
4930,840-21-2,2006,1.0,1.0
4930,840-21-2,2007,1.0,1.0
4930,840-21-2,2012,1.0,1.0
4930,840-21-2,2013,1.0,1.0
4930,840-21-2,2014,1.0,1.0
4930,840-21-3,1999,1.0,1.0
4930,840-21-3,2000,1.0,1.0
4930,840-21-3,2001,1.0,1.0
4930,840-21-3,2005,1.0,1.0
4930,840-21-3,2006,1.0,1.0
4930,840-21-3,2007,1.0,1.0
4930,840-21-3,2013,1.0,1.0
4930,840-21-3,2014,1.0,1.0
4930,840-21-3,2018,1.0,1.0
4930,840-21-3,2019,1.0,1.0
4930,840-21-4,1999,1.0,1.0
4930,840-21-4,2000,1.0,1.0
4930,840-21-4,2001,1.0,1.0
4930,840-21-4,2005,1.0,1.0
4930,840-21-4,2006,1.0,1.0
4930,840-21-4,2007,1.0,1.0
4930,840-21-4,2013,1.0,1.0
4930,840-21-4,2014,1.0,1.0
4930,840-25-1,2002,1.0,1.0
4930,840-25-1,2007,1.0,1.0
4930,840-25-1,2008,1.0,1.0
4930,840-25-1,2009,1.0,1.0
4930,840-25-108,2002,1.0,0.0
4930,840-25-108,2023,1.0,0.0
4930,840-25-11,1998,1.0,0.0
4930,840-25-116,2000,1.0,1.0
4930,840-25-116,2006,1.0,1.0
4930,840-25-116,2007,1.0,1.0
4930,840-25-116,2008,1.0,1.0
4930,840-25-116,2009,1.0,1.0
4930,840-25-116,2016,1.0,0.0
4930,840-25-116,2018,1.0,1.0
4930,840-25-116,2019,1.0,1.0
4930,840-25-116,2023,1.0,1.0
4930,840-25-12,2002,1.0,1.0
4930,840-25-12,2004,1.0,1.0
4930,840-25-12,2008,1.0,1.0
4930,840-25-12,2009,1.0,1.0
4930,840-25-129,2001,1.0,1.0
4930,840-25-129,2002,1.0,1.0
4930,840-25-129,2007,1.0,1.0
4930,840-25-129,2009,1.0,1.0
4930,840-25-129,2013,1.0,1.0
4930,840-25-129,2014,1.0,1.0
4930,840-25-129,2016,1.0,0.0
4930,840-25-129,2017,1.0,1.0
4930,840-25-132,2007,1.0,1.0
4930,840-25-132,2008,1.0,1.0
4930,840-25-132,2009,1.0,1.0
4930,840-25-132,2013,1.0,1.0
4930,840-25-132,2014,1.0,1.0
4930,840-25-132,2015,1.0,1.0
4930,840-25-135,2002,1.0,0.0
4930,840-25-14,2001,1.0,1.0
4930,840-25-14,2002,1.0,1.0
4930,840-25-14,2009,1.0,1.0
4930,840-25-14,2013,1.0,0.0
4930,840-25-14,2017,1.0,1.0
4930,840-25-14,2023,1.0,0.0
4930,840-25-15,2002,1.0,0.0
4930,840-25-15,2015,1.0,0.0
4930,840-25-165,2004,1.0,1.0
4930,840-25-165,2006,1.0,1.0
4930,840-25-165,2019,1.0,1.0
4930,840-25-172,2001,1.0,0.0
4930,840-25-172,2002,1.0,1.0
4930,840-25-172,2003,1.0,1.0
4930,840-25-172,2005,1.0,1.0
4930,840-25-175,2000,1.0,1.0
4930,840-25-175,2001,1.0,1.0
4930,840-25-175,2002,1.0,1.0
4930,840-25-175,2003,1.0,1.0
4930,840-25-175,2006,1.0,0.0
4930,840-25-175,2008,1.0,0.0
4930,840-25-175,2009,1.0,1.0
4930,840-25-175,2013,1.0,0.0
4930,840-25-175,2014,1.0,1.0
4930,840-25-175,2015,1.0,1.0
4930,840-25-175,2016,1.0,1.0
4930,840-25-175,2017,1.0,1.0
4930,840-25-175,2018,1.0,1.0
4930,840-25-178,2000,1.0,1.0
4930,840-25-178,2003,1.0,1.0
4930,840-25-178,2005,1.0,1.0
4930,840-25-178,2006,1.0,1.0
4930,840-25-178,2007,1.0,1.0
4930,840-25-178,2008,1.0,1.0
4930,840-25-178,2009,1.0,1.0
4930,840-25-178,2011,1.0,1.0
4930,840-25-178,2012,1.0,1.0
4930,840-25-178,2013,1.0,1.0
4930,840-25-178,2014,1.0,1.0
4930,840-25-178,2015,1.0,1.0
4930,840-25-178,2016,1.0,1.0
4930,840-25-178,2018,1.0,0.0
4930,840-25-178,2022,1.0,1.0
4930,840-25-18,1999,1.0,0.0
4930,840-25-18,2000,1.0,1.0
4930,840-25-18,2001,1.0,1.0
4930,840-25-18,2002,1.0,1.0
4930,840-25-18,2003,1.0,1.0
4930,840-25-18,2007,1.0,0.0
4930,840-25-19,2006,1.0,1.0
4930,840-25-19,2009,1.0,1.0
4930,840-25-19,2013,1.0,0.0
4930,840-25-19,2014,1.0,1.0
4930,840-25-19,2018,1.0,0.0
4930,840-25-2,2000,1.0,1.0
4930,840-25-2,2002,1.0,1.0
4930,840-25-2,2004,1.0,1.0
4930,840-25-2,2008,1.0,1.0
4930,840-25-2,2009,1.0,1.0
4930,840-25-20,2001,1.0,1.0
4930,840-25-20,2002,1.0,1.0
4930,840-25-20,2006,1.0,1.0
4930,840-25-20,2007,1.0,1.0
4930,840-25-20,2008,1.0,1.0
4930,840-25-20,2009,1.0,1.0
4930,840-25-20,2013,1.0,1.0
4930,840-25-20,2023,1.0,0.0
4930,840-25-21,2000,1.0,1.0
4930,840-25-21,2004,1.0,0.0
4930,840-25-21,2006,1.0,1.0
4930,840-25-21,2008,1.0,0.0
4930,840-25-22,2001,1.0,0.0
4930,840-25-22,2007,1.0,0.0
4930,840-25-22,2016,1.0,0.0
4930,840-25-22,2019,1.0,0.0
4930,840-25-22,2023,1.0,0.0
4930,840-25-24,2007,1.0,1.0
4930,840-25-24,2008,1.0,1.0
4930,840-25-25,2000,1.0,1.0
4930,840-25-25,2001,1.0,1.0
4930,840-25-25,2002,1.0,1.0
4930,840-25-25,2003,1.0,1.0
4930,840-25-25,2006,1.0,1.0
4930,840-25-25,2007,1.0,1.0
4930,840-25-25,2008,1.0,1.0
4930,840-25-25,2009,1.0,1.0
4930,840-25-25,2011,1.0,1.0
4930,840-25-25,2013,1.0,1.0
4930,840-25-25,2014,1.0,1.0
4930,840-25-25,2015,1.0,1.0
4930,840-25-25,2016,1.0,1.0
4930,840-25-25,2018,1.0,0.0
4930,840-25-25,2019,1.0,1.0
4930,840-25-26,2000,1.0,1.0
4930,840-25-26,2007,1.0,1.0
4930,840-25-26,2008,1.0,1.0
4930,840-25-26,2009,1.0,1.0
4930,840-25-27,2008,1.0,0.0
4930,840-25-27,2019,1.0,1.0
4930,840-25-28,2000,1.0,1.0
4930,840-25-28,2001,1.0,1.0
4930,840-25-28,2005,1.0,1.0
4930,840-25-28,2008,1.0,0.0
4930,840-25-3,2002,1.0,1.0
4930,840-25-3,2004,1.0,1.0
4930,840-25-3,2008,1.0,0.0
4930,840-25-30,2000,1.0,0.0
4930,840-25-30,2006,1.0,1.0
4930,840-25-30,2008,1.0,0.0
4930,840-25-31,2000,1.0,1.0
4930,840-25-31,2001,1.0,1.0
4930,840-25-31,2003,1.0,1.0
4930,840-25-31,2007,1.0,1.0
4930,840-25-31,2008,1.0,1.0
4930,840-25-31,2009,1.0,1.0
4930,840-25-31,2014,1.0,0.0
4930,840-25-31,2016,1.0,1.0
4930,840-25-37,2000,1.0,1.0
4930,840-25-37,2002,1.0,1.0
4930,840-25-37,2004,1.0,1.0
4930,840-25-37,2006,1.0,1.0
4930,840-25-37,2009,1.0,1.0
4930,840-25-4,2002,1.0,1.0
4930,840-25-4,2004,1.0,1.0
4930,840-25-4,2008,1.0,1.0
4930,840-25-4,2009,1.0,1.0
4930,840-25-4,2016,1.0,0.0
4930,840-25-4,2023,1.0,0.0
5600,124-11-126,2000,1.0,0.0
5600,124-11-126,2018,1.0,0.0
5600,124-11-126,2022,1.0,0.0
5600,124-11-136,2009,1.0,1.0
5600,124-11-136,2015,1.0,0.0
5600,124-11-136,2016,1.0,1.0
5600,124-11-136,2023,1.0,1.0
5600,124-11-137,1999,1.0,1.0
5600,124-11-137,2001,1.0,1.0
5600,124-11-137,2002,1.0,1.0
5600,124-11-137,2007,1.0,1.0
5600,124-11-137,2023,1.0,0.0
5600,124-11-167,2002,1.0,1.0
5600,124-11-167,2003,1.0,1.0
5600,124-11-167,2005,1.0,1.0
5600,124-11-167,2009,1.0,1.0
5600,124-11-167,2014,1.0,0.0
5600,124-11-167,2017,1.0,1.0
5600,124-11-17,2003,1.0,1.0
5600,124-11-17,2007,1.0,1.0
5600,124-11-17,2013,1.0,0.0
5600,124-11-17,2017,1.0,0.0
5600,124-11-17,2019,1.0,1.0
5600,124-11-17,2022,1.0,1.0
5600,124-11-19,2000,1.0,1.0
5600,124-11-19,2008,1.0,0.0
5600,124-11-19,2018,1.0,1.0
5600,124-11-19,2022,1.0,0.0
5600,124-11-208,1998,1.0,1.0
5600,124-11-208,2000,1.0,1.0
5600,124-11-208,2007,1.0,1.0
5600,124-11-208,2013,1.0,1.0
5600,124-11-208,2014,1.0,1.0
5600,124-11-208,2018,1.0,1.0
5600,124-11-208,2019,1.0,1.0
5600,124-11-208,2022,1.0,1.0
5600,124-11-220,2014,1.0,0.0
5600,124-11-220,2016,1.0,0.0
5600,124-11-222,2000,1.0,1.0
5600,124-11-222,2005,1.0,1.0
5600,124-11-222,2007,1.0,1.0
5600,124-11-222,2008,1.0,1.0
5600,124-11-222,2014,1.0,1.0
5600,124-11-222,2018,1.0,1.0
5600,124-11-223,2000,1.0,1.0
5600,124-11-223,2005,1.0,1.0
5600,124-11-223,2008,1.0,1.0
5600,124-11-234,2000,1.0,0.0
5600,124-11-234,2005,1.0,1.0
5600,124-11-234,2007,1.0,1.0
5600,124-11-234,2010,1.0,1.0
5600,124-11-234,2014,1.0,1.0
5600,124-11-234,2022,1.0,1.0
5600,124-11-244,2005,1.0,1.0
5600,124-11-244,2007,1.0,1.0
5600,124-11-244,2009,1.0,1.0
5600,124-11-244,2014,1.0,1.0
5600,124-11-244,2016,1.0,1.0
5600,124-11-244,2017,1.0,1.0
5600,124-11-244,2018,1.0,1.0
5600,124-11-244,2019,1.0,1.0
5600,124-11-244,2022,1.0,1.0
5600,124-11-255,2003,1.0,1.0
5600,124-11-255,2005,1.0,1.0
5600,124-11-255,2009,1.0,1.0
5600,124-11-255,2014,1.0,1.0
5600,124-11-255,2017,1.0,1.0
5600,124-11-255,2018,1.0,1.0
5600,124-11-255,2019,1.0,1.0
5600,124-11-255,2022,1.0,1.0
5600,124-11-265,2005,1.0,1.0
5600,124-11-265,2014,1.0,1.0
5600,124-11-265,2016,1.0,1.0
5600,124-11-265,2017,1.0,1.0
5600,124-11-265,2018,1.0,1.0
5600,124-11-265,2019,1.0,1.0
5600,124-11-265,2022,1.0,1.0
5600,124-11-270,2002,1.0,1.0
5600,124-11-270,2005,1.0,1.0
5600,124-11-270,2009,1.0,1.0
5600,124-11-270,2016,1.0,1.0
5600,124-11-270,2019,1.0,1.0
5600,124-11-29,1998,1.0,1.0
5600,124-11-29,2007,1.0,1.0
5600,124-11-29,2008,1.0,1.0
5600,124-11-29,2013,1.0,1.0
5600,124-11-29,2014,1.0,1.0
5600,124-11-29,2018,1.0,1.0
5600,124-11-3,2000,1.0,1.0
5600,124-11-3,2008,1.0,1.0
5600,124-11-3,2013,1.0,1.0
5600,124-11-3,2014,1.0,1.0
5600,124-11-3,2018,1.0,1.0
5600,124-11-3,2022,1.0,0.0
5600,124-11-33,2000,1.0,1.0
5600,124-11-33,2005,1.0,1.0
5600,124-11-33,2007,1.0,1.0
5600,124-11-33,2008,1.0,1.0
5600,124-11-33,2010,1.0,1.0
5600,124-11-33,2011,1.0,1.0
5600,124-11-33,2014,1.0,1.0
5600,124-11-332,2005,1.0,0.0
5600,124-11-332,2007,1.0,0.0
5600,124-11-332,2009,1.0,1.0
5600,124-11-332,2011,1.0,1.0
5600,124-11-332,2015,1.0,1.0
5600,124-11-332,2018,1.0,1.0
5600,124-11-332,2019,1.0,1.0
5600,124-11-332,2023,1.0,0.0
5600,124-11-401,2005,1.0,1.0
5600,124-11-401,2013,1.0,1.0
5600,124-11-401,2014,1.0,1.0
5600,124-11-401,2016,1.0,1.0
5600,124-11-401,2017,1.0,1.0
5600,124-11-401,2018,1.0,1.0
5600,124-11-401,2019,1.0,1.0
5600,124-11-401,2022,1.0,1.0
5600,124-11-401,2023,1.0,1.0
5600,124-11-407,1998,1.0,1.0
5600,124-11-407,2007,1.0,1.0
5600,124-11-407,2013,1.0,1.0
5600,124-11-407,2017,1.0,1.0
5600,124-11-407,2019,1.0,1.0
5600,124-11-408,1998,1.0,1.0
5600,124-11-408,2000,1.0,1.0
5600,124-11-408,2007,1.0,1.0
5600,124-11-408,2008,1.0,1.0
5600,124-11-408,2014,1.0,0.0
5600,124-11-408,2022,1.0,1.0
5600,124-11-409,2000,1.0,0.0
5600,124-11-409,2018,1.0,1.0
5600,124-11-409,2019,1.0,1.0
5600,124-11-413,2014,1.0,0.0
5600,124-11-413,2016,1.0,1.0
5600,124-11-413,2017,1.0,1.0
5600,124-11-413,2019,1.0,1.0
5600,124-11-419,2000,1.0,1.0
5600,124-11-419,2007,1.0,1.0
5600,124-11-419,2013,1.0,1.0
5600,124-11-419,2014,1.0,1.0
5600,124-11-420,2000,1.0,1.0
5600,124-11-420,2007,1.0,1.0
5600,124-11-420,2008,1.0,1.0
5600,124-11-420,2014,1.0,0.0
5600,124-11-45,2000,1.0,1.0
5600,124-11-45,2005,1.0,1.0
5600,124-11-45,2007,1.0,1.0
5600,124-11-45,2010,1.0,1.0
5600,124-11-45,2014,1.0,1.0
5600,124-11-45,2018,1.0,1.0
5600,124-11-45,2019,1.0,1.0
5600,124-11-45,2022,1.0,0.0
5600,124-11-5,1998,1.0,0.0
5600,124-11-5,2007,1.0,1.0
5600,124-11-5,2008,1.0,1.0
5600,124-11-5,2009,1.0,1.0
5600,124-11-5,2018,1.0,0.0
5600,124-11-5,2019,1.0,1.0
5600,124-11-5,2022,1.0,0.0
5600,124-11-53,2007,1.0,1.0
5600,124-11-53,2008,1.0,1.0
5600,124-11-53,2009,1.0,1.0
5600,124-11-53,2010,1.0,1.0
5600,124-11-53,2011,1.0,1.0
5600,124-11-53,2012,1.0,1.0
5600,124-11-53,2019,1.0,0.0
5600,124-11-55,2003,1.0,1.0
5600,124-11-55,2014,1.0,1.0
5600,124-11-55,2016,1.0,1.0
5600,124-11-55,2017,1.0,1.0
5600,124-11-55,2018,1.0,1.0
5600,124-11-55,2019,1.0,1.0
5600,124-11-55,2022,1.0,1.0
5600,124-11-57,2005,1.0,1.0
5600,124-11-57,2009,1.0,1.0
5600,124-11-57,2014,1.0,0.0
5600,124-11-57,2016,1.0,1.0
5600,124-11-57,2017,1.0,1.0
5600,124-11-57,2022,1.0,0.0
5600,124-11-58,2005,1.0,1.0
5600,124-11-58,2007,1.0,1.0
5600,124-11-58,2008,1.0,1.0
5600,124-11-58,2009,1.0,1.0
5600,124-11-58,2010,1.0,1.0
5600,124-11-58,2011,1.0,1.0
5600,124-11-58,2019,1.0,0.0
5600,124-11-6,2007,1.0,1.0
5600,124-11-6,2009,1.0,1.0
5600,124-11-6,2013,1.0,1.0
5600,124-11-6,2018,1.0,1.0
5600,124-11-608,1998,1.0,1.0
5600,124-11-608,2000,1.0,1.0
5600,124-11-608,2007,1.0,1.0
5600,124-11-608,2013,1.0,1.0
5600,124-11-608,2014,1.0,1.0
5600,124-11-608,2018,1.0,1.0
5600,124-11-609,2000,1.0,1.0
5600,124-11-609,2007,1.0,1.0
5600,124-11-612,2010,1.0,0.0
5600,124-11-612,2011,1.0,1.0
5600,124-11-613,2002,1.0,1.0
5600,124-11-613,2003,1.0,1.0
5600,124-11-613,2005,1.0,1.0
5600,124-11-613,2013,1.0,0.0
5600,124-11-613,2014,1.0,1.0
5600,124-11-613,2016,1.0,1.0
5600,124-11-613,2017,1.0,1.0
5600,124-11-614,2013,1.0,1.0
5600,124-11-614,2014,1.0,1.0
5600,124-11-614,2016,1.0,1.0
5600,124-11-614,2017,1.0,1.0
5600,124-11-614,2018,1.0,1.0
5600,124-11-614,2022,1.0,0.0
5600,124-11-69,2002,1.0,1.0
5600,124-11-69,2003,1.0,1.0
5600,124-11-69,2014,1.0,0.0
5600,124-11-69,2017,1.0,1.0
5600,124-11-69,2018,1.0,1.0
5600,124-11-709,2000,1.0,1.0
5600,124-11-709,2005,1.0,1.0
5600,124-11-709,2007,1.0,1.0
5600,124-11-709,2008,1.0,1.0
5600,124-11-709,2022,1.0,0.0
5600,124-11-71,2002,1.0,0.0
5600,124-11-71,2003,1.0,1.0
5600,124-11-71,2014,1.0,1.0
5600,124-11-71,2017,1.0,0.0
5600,124-11-71,2018,1.0,1.0
5600,124-11-72,2003,1.0,0.0
5600,124-11-72,2013,1.0,1.0
5600,124-11-72,2018,1.0,0.0
5600,124-11-72,2023,1.0,1.0
5600,124-11-74,2005,1.0,1.0
5600,124-11-74,2007,1.0,1.0
5600,124-11-74,2008,1.0,1.0
5600,124-11-74,2010,1.0,1.0
5600,124-11-74,2012,1.0,1.0
5600,124-11-74,2013,1.0,1.0
5600,124-11-74,2018,1.0,0.0
5600,124-11-75,2000,1.0,1.0
5600,124-11-75,2005,1.0,0.0
5600,124-11-75,2007,1.0,1.0
5600,124-11-75,2009,1.0,1.0
5600,124-11-75,2011,1.0,1.0
5600,124-11-75,2014,1.0,1.0
5600,124-11-75,2017,1.0,1.0
5600,124-11-75,2018,1.0,1.0
5600,124-11-75,2019,1.0,1.0
5600,124-11-81,2000,1.0,1.0
5600,124-11-81,2003,1.0,1.0
5600,124-11-81,2011,1.0,1.0
5600,124-11-81,2014,1.0,1.0
5600,124-11-9,2000,1.0,1.0
5600,124-11-9,2005,1.0,1.0
5600,124-11-9,2007,1.0,1.0
5600,124-4-10,2000,1.0,1.0
5600,124-4-10,2004,1.0,1.0
5600,124-4-10,2008,1.0,1.0
5600,124-4-10,2012,1.0,1.0
5600,124-4-10,2018,1.0,1.0
5600,124-4-10,2019,1.0,1.0
5600,124-4-10,2022,1.0,1.0
5600,124-4-105,2000,1.0,1.0
5600,124-4-105,2002,1.0,1.0
5600,124-4-105,2004,1.0,1.0
5600,124-4-105,2013,1.0,1.0
5600,124-4-105,2018,1.0,1.0
5600,124-4-105,2022,1.0,1.0
5600,124-4-113,1999,1.0,0.0
5600,124-4-113,2001,1.0,0.0
5600,124-4-114,2006,1.0,0.0
5600,124-4-114,2015,1.0,0.0
5600,124-4-115,2000,1.0,1.0
5600,124-4-115,2001,1.0,1.0
5600,124-4-115,2003,1.0,0.0
5600,124-4-115,2008,1.0,0.0
5600,124-4-115,2019,1.0,1.0
5600,124-4-116,2003,1.0,1.0
5600,124-4-116,2007,1.0,1.0
5600,124-4-116,2018,1.0,0.0
5600,124-4-116,2019,1.0,1.0
5600,124-4-121,1998,1.0,1.0
5600,124-4-121,2001,1.0,1.0
5600,124-4-121,2008,1.0,0.0
5600,124-4-121,2009,1.0,1.0
5600,124-4-121,2011,1.0,0.0
5600,124-4-121,2013,1.0,1.0
5600,124-4-125,1998,1.0,1.0
5600,124-4-125,2003,1.0,1.0
5600,124-4-125,2005,1.0,1.0
5600,124-4-125,2007,1.0,0.0
5600,124-4-125,2009,1.0,1.0
5600,124-4-125,2014,1.0,1.0
5600,124-4-125,2019,1.0,0.0
5600,124-4-125,2022,1.0,1.0
5600,124-4-127,2007,1.0,0.0
5600,124-4-127,2008,1.0,1.0
5600,124-4-127,2009,1.0,1.0
5600,124-4-127,2010,1.0,1.0
5600,124-4-127,2011,1.0,1.0
5600,124-4-127,2013,1.0,1.0
5600,124-4-129,1998,1.0,1.0
5600,124-4-129,2003,1.0,1.0
5600,124-4-129,2008,1.0,0.0
5600,124-4-129,2010,1.0,0.0
5600,124-4-129,2011,1.0,1.0
5600,124-4-129,2013,1.0,0.0
5600,124-4-13,2009,1.0,0.0
5600,124-4-13,2012,1.0,0.0
5600,124-4-136,2003,1.0,1.0
5600,124-4-136,2007,1.0,1.0
5600,124-4-136,2010,1.0,1.0
5600,124-4-136,2011,1.0,1.0
5600,124-4-136,2013,1.0,1.0
5600,124-4-136,2022,1.0,1.0
5600,124-4-138,2009,1.0,1.0
5600,124-4-138,2013,1.0,0.0
5600,124-4-138,2017,1.0,1.0
5600,124-4-138,2019,1.0,1.0
5600,124-4-138,2022,1.0,1.0
5600,124-4-14,2000,1.0,0.0
5600,124-4-14,2003,1.0,1.0
5600,124-4-14,2013,1.0,0.0
5600,124-4-15,1998,1.0,0.0
5600,124-4-15,2003,1.0,1.0
5600,124-4-15,2004,1.0,1.0
5600,124-4-15,2007,1.0,0.0
5600,124-4-15,2012,1.0,0.0
5600,124-4-15,2013,1.0,1.0
5600,124-4-15,2019,1.0,1.0
5600,124-4-15,2022,1.0,1.0
5600,124-4-17,1998,1.0,1.0
5600,124-4-17,2007,1.0,1.0
5600,124-4-17,2008,1.0,1.0
5600,124-4-17,2009,1.0,1.0
5600,124-4-17,2014,1.0,0.0
5600,124-4-17,2018,1.0,0.0
5600,124-4-17,2022,1.0,0.0
5600,124-4-18,1999,1.0,0.0
5600,124-4-18,2001,1.0,0.0
5600,124-4-19,2000,1.0,0.0
5600,124-4-19,2001,1.0,1.0
5600,124-4-19,2008,1.0,0.0
5600,124-4-196,2008,1.0,1.0
5600,124-4-196,2018,1.0,1.0
5600,124-4-196,2019,1.0,1.0
5600,124-4-196,2022,1.0,1.0
5600,124-4-2,2012,1.0,0.0
5600,124-4-2,2019,1.0,0.0
5600,124-4-20,2002,1.0,0.0
5600,124-4-20,2015,1.0,0.0
5600,124-4-20,2018,1.0,0.0
5600,124-4-201,2001,1.0,1.0
5600,124-4-201,2002,1.0,1.0
5600,124-4-201,2003,1.0,1.0
5600,124-4-201,2012,1.0,0.0
5600,124-4-201,2013,1.0,1.0
5600,124-4-201,2019,1.0,1.0
5600,124-4-201,2022,1.0,1.0
5600,124-4-210,2009,1.0,0.0
5600,124-4-212,2007,1.0,0.0
5600,124-4-214,1998,1.0,1.0
5600,124-4-214,2004,1.0,0.0
5600,124-4-214,2007,1.0,0.0
5600,124-4-214,2012,1.0,1.0
5600,124-4-214,2013,1.0,1.0
5600,124-4-214,2019,1.0,0.0
5600,124-4-214,2022,1.0,1.0
5600,124-4-215,2003,1.0,1.0
5600,124-4-215,2004,1.0,1.0
5600,124-4-215,2007,1.0,1.0
5600,124-4-215,2013,1.0,1.0
5600,124-4-215,2022,1.0,0.0
5600,124-4-22,1998,1.0,1.0
5600,124-4-22,2001,1.0,1.0
5600,124-4-22,2003,1.0,1.0
5600,124-4-22,2004,1.0,1.0
5600,124-4-22,2008,1.0,1.0
5600,124-4-22,2009,1.0,1.0
5600,124-4-22,2010,1.0,1.0
5600,124-4-22,2019,1.0,0.0
5600,124-4-227,1999,1.0,1.0
5600,124-4-227,2001,1.0,1.0
5600,124-4-227,2007,1.0,0.0
5600,124-4-227,2011,1.0,1.0
5600,124-4-227,2013,1.0,1.0
5600,124-4-228,1998,1.0,1.0
5600,124-4-228,2007,1.0,1.0
5600,124-4-228,2008,1.0,1.0
5600,124-4-228,2012,1.0,0.0
5600,124-4-229,2003,1.0,1.0
5600,124-4-229,2007,1.0,1.0
5600,124-4-229,2008,1.0,1.0
5600,124-4-229,2009,1.0,1.0
5600,124-4-229,2010,1.0,1.0
5600,124-4-229,2011,1.0,1.0
5600,124-4-229,2014,1.0,0.0
5600,124-4-229,2017,1.0,1.0
5600,124-4-24,1998,1.0,1.0
5600,124-4-24,2003,1.0,0.0
5600,124-4-25,1998,1.0,1.0
5600,124-4-25,2003,1.0,1.0
5600,124-4-25,2005,1.0,1.0
5600,124-4-25,2007,1.0,0.0
5600,124-4-25,2013,1.0,1.0
5600,124-4-25,2014,1.0,1.0
5600,124-4-25,2018,1.0,0.0
5600,124-4-251,2004,1.0,1.0
5600,124-4-251,2008,1.0,1.0
5600,124-4-251,2010,1.0,1.0
5600,124-4-251,2012,1.0,1.0
5600,124-4-251,2013,1.0,1.0
5600,124-4-251,2017,1.0,1.0
5600,124-4-251,2019,1.0,1.0
5600,124-4-251,2022,1.0,1.0
5600,124-4-26,1999,1.0,1.0
5600,124-4-26,2003,1.0,0.0
5600,124-4-26,2007,1.0,1.0
5600,124-4-26,2009,1.0,1.0
5600,124-4-26,2010,1.0,1.0
5600,124-4-26,2011,1.0,1.0
5600,124-4-26,2013,1.0,1.0
5600,124-4-26,2014,1.0,1.0
5600,124-4-26,2017,1.0,0.0
5600,124-4-26,2019,1.0,0.0
5600,124-4-27,1999,1.0,1.0
5600,124-4-27,2000,1.0,1.0
5600,124-4-27,2001,1.0,1.0
5600,124-4-27,2003,1.0,1.0
5600,124-4-27,2007,1.0,1.0
5600,124-4-27,2008,1.0,1.0
5600,124-4-27,2009,1.0,1.0
5600,124-4-27,2013,1.0,1.0
5600,124-4-28,2007,1.0,1.0
5600,124-4-28,2008,1.0,1.0
5600,124-4-28,2010,1.0,1.0
5600,124-4-28,2013,1.0,1.0
5600,124-4-28,2022,1.0,1.0
5600,124-4-29,2003,1.0,1.0
5600,124-4-29,2004,1.0,1.0
5600,124-4-29,2008,1.0,0.0
5600,124-4-29,2009,1.0,1.0
5600,124-4-29,2010,1.0,1.0
5600,124-4-29,2013,1.0,1.0
5600,124-4-29,2014,1.0,1.0
5600,124-4-29,2017,1.0,1.0
5600,124-4-29,2022,1.0,1.0
5600,124-4-3,2008,1.0,0.0
5600,124-4-3,2013,1.0,0.0
5600,124-4-302,1998,1.0,0.0
5600,124-4-31,2001,1.0,1.0
5600,124-4-31,2003,1.0,1.0
5600,124-4-31,2007,1.0,0.0
5600,124-4-31,2009,1.0,1.0
5600,124-4-31,2010,1.0,1.0
5600,124-4-31,2017,1.0,1.0
5600,124-4-312,2016,1.0,0.0
5600,124-4-313,2018,1.0,0.0
5600,124-4-315,1998,1.0,0.0
5600,124-4-315,1999,1.0,1.0
5600,124-4-315,2000,1.0,1.0
5600,124-4-315,2001,1.0,1.0
5600,124-4-315,2004,1.0,1.0
5600,124-4-315,2008,1.0,0.0
5600,124-4-315,2009,1.0,1.0
5600,124-4-315,2010,1.0,1.0
5600,124-4-315,2011,1.0,1.0
5600,124-4-315,2014,1.0,1.0
5600,124-4-315,2019,1.0,1.0
5600,124-4-328,1998,1.0,1.0
5600,124-4-328,2007,1.0,1.0
5600,124-4-328,2022,1.0,1.0
5600,124-4-329,1998,1.0,1.0
5600,124-4-329,2003,1.0,0.0
5600,124-4-329,2010,1.0,0.0
5600,124-4-329,2013,1.0,1.0
5600,124-4-329,2022,1.0,1.0
5600,124-4-33,1998,1.0,1.0
5600,124-4-33,2008,1.0,1.0
5600,124-4-33,2009,1.0,1.0
5600,124-4-33,2010,1.0,1.0
5600,124-4-33,2012,1.0,1.0
5600,124-4-33,2013,1.0,1.0
5600,124-4-33,2014,1.0,1.0
5600,124-4-33,2022,1.0,1.0
5600,124-4-330,2004,1.0,1.0
5600,124-4-330,2007,1.0,1.0
5600,124-4-330,2008,1.0,1.0
5600,124-4-330,2009,1.0,1.0
5600,124-4-330,2010,1.0,1.0
5600,124-4-330,2012,1.0,0.0
5600,124-4-330,2013,1.0,1.0
5600,124-4-330,2017,1.0,1.0
5600,124-4-330,2022,1.0,1.0
5600,124-4-37,1999,1.0,1.0
5600,124-4-37,2007,1.0,1.0
5600,124-4-37,2011,1.0,1.0
5600,124-4-37,2019,1.0,1.0
5600,124-4-4,2003,1.0,0.0
5600,124-4-40,2001,1.0,1.0
5600,124-4-40,2003,1.0,1.0
5600,124-4-40,2007,1.0,1.0
5600,124-4-40,2009,1.0,1.0
5600,124-4-40,2010,1.0,1.0
5600,124-4-40,2012,1.0,1.0
5600,124-4-40,2013,1.0,1.0
5600,124-4-40,2014,1.0,1.0
5600,124-4-40,2017,1.0,1.0
5600,124-4-40,2022,1.0,0.0
5600,124-4-404,2008,1.0,1.0
5600,124-4-404,2013,1.0,1.0
5600,124-4-404,2018,1.0,1.0
5600,124-4-404,2019,1.0,1.0
5600,124-4-42,2007,1.0,0.0
5600,124-4-42,2008,1.0,1.0
5600,124-4-42,2010,1.0,0.0
5600,124-4-42,2013,1.0,0.0
5600,124-4-42,2014,1.0,1.0
5600,124-4-49,1999,1.0,1.0
5600,124-4-49,2004,1.0,1.0
5600,124-4-49,2007,1.0,1.0
5600,124-4-49,2009,1.0,1.0
5600,124-4-49,2011,1.0,1.0
5600,124-4-49,2013,1.0,1.0
5600,124-4-49,2019,1.0,0.0
5600,124-4-50,2004,1.0,1.0
5600,124-4-50,2008,1.0,1.0
5600,124-4-50,2010,1.0,1.0
5600,124-4-50,2013,1.0,1.0
5600,124-4-50,2017,1.0,1.0
5600,124-4-50,2018,1.0,1.0
5600,124-4-50,2022,1.0,1.0
5600,124-4-55,2000,1.0,1.0
5600,124-4-55,2003,1.0,1.0
5600,124-4-55,2005,1.0,1.0
5600,124-4-55,2008,1.0,0.0
5600,124-4-55,2009,1.0,1.0
5600,124-4-55,2010,1.0,1.0
5600,124-4-55,2012,1.0,1.0
5600,124-4-55,2019,1.0,0.0
5600,124-4-62,2007,1.0,1.0
5600,124-4-62,2008,1.0,1.0
5600,124-4-62,2019,1.0,0.0
5600,124-4-63,2007,1.0,1.0
5600,124-4-63,2008,1.0,1.0
5600,124-4-63,2010,1.0,1.0
5600,124-4-63,2012,1.0,1.0
5600,124-4-63,2013,1.0,1.0
5600,124-4-63,2014,1.0,1.0
5600,124-4-63,2019,1.0,0.0
5600,124-4-63,2022,1.0,1.0
5600,124-4-77,1999,1.0,1.0
5600,124-4-77,2001,1.0,1.0
5600,124-4-77,2011,1.0,0.0
5600,124-4-77,2017,1.0,1.0
5600,124-4-77,2018,1.0,1.0
5600,124-4-77,2022,1.0,1.0
5600,124-4-78,2001,1.0,1.0
5600,124-4-78,2008,1.0,1.0
5600,124-4-78,2017,1.0,1.0
5600,124-4-78,2018,1.0,1.0
5600,124-4-78,2022,1.0,1.0
5600,124-4-96,2000,1.0,1.0
5600,124-4-96,2012,1.0,1.0
5600,124-4-96,2018,1.0,1.0
5600,124-4-96,2019,1.0,1.0
5600,124-4-96,2022,1.0,1.0
5600,124-43-11,2001,1.0,1.0
5600,124-43-11,2008,1.0,1.0
5600,124-43-11,2009,1.0,1.0
5600,124-43-11,2011,1.0,0.0
5600,124-43-11,2014,1.0,1.0
5600,124-43-11,2017,1.0,0.0
5600,124-43-7,2000,1.0,0.0
5600,124-43-7,2002,1.0,1.0
5600,124-43-7,2007,1.0,1.0
5600,124-43-7,2008,1.0,1.0
5600,124-43-7,2017,1.0,1.0
5600,124-43-7,2018,1.0,1.0
5600,124-43-8,1999,1.0,0.0
5600,124-43-8,2000,1.0,1.0
5600,124-43-8,2001,1.0,1.0
5600,124-43-8,2007,1.0,0.0
5600,124-43-8,2008,1.0,1.0
5600,124-43-9,2001,1.0,1.0
5600,124-43-9,2002,1.0,1.0
5600,124-43-9,2008,1.0,1.0
5600,124-43-9,2010,1.0,1.0
5600,124-43-9,2011,1.0,1.0
5600,124-43-9,2017,1.0,1.0
5600,124-43-9,2018,1.0,1.0
5600,124-43-9,2022,1.0,1.0
5600,124-45-1,2005,1.0,0.0
5600,124-45-1,2007,1.0,1.0
5600,124-45-1,2013,1.0,1.0
5600,124-45-1,2015,1.0,1.0
5600,124-45-1,2016,1.0,1.0
5600,124-45-1,2017,1.0,1.0
5600,124-45-101,2003,1.0,1.0
5600,124-45-101,2013,1.0,1.0
5600,124-45-101,2015,1.0,1.0
5600,124-45-101,2016,1.0,1.0
5600,124-45-101,2017,1.0,1.0
5600,124-45-102,2002,1.0,1.0
5600,124-45-102,2003,1.0,1.0
5600,124-45-102,2005,1.0,1.0
5600,124-45-102,2007,1.0,1.0
5600,124-45-102,2013,1.0,1.0
5600,124-45-102,2015,1.0,1.0
5600,124-45-102,2016,1.0,1.0
5600,124-45-102,2017,1.0,1.0
5600,124-45-103,2003,1.0,1.0
5600,124-45-103,2005,1.0,1.0
5600,124-45-103,2007,1.0,0.0
5600,124-45-103,2016,1.0,1.0
5600,124-45-103,2017,1.0,1.0
5600,124-45-105,2003,1.0,1.0
5600,124-45-105,2007,1.0,1.0
5600,124-45-105,2013,1.0,1.0
5600,124-45-105,2015,1.0,1.0
5600,124-45-105,2016,1.0,1.0
5600,124-45-105,2017,1.0,1.0
5600,124-45-105,2019,1.0,1.0
5600,124-45-107,2002,1.0,0.0
5600,124-45-107,2006,1.0,0.0
5600,124-45-107,2007,1.0,1.0
5600,124-45-107,2016,1.0,0.0
5600,124-45-107,2017,1.0,1.0
5600,124-45-109,2007,1.0,0.0
5600,124-45-109,2013,1.0,1.0
5600,124-45-109,2015,1.0,1.0
5600,124-45-11,2013,1.0,0.0
5600,124-45-11,2017,1.0,1.0
5600,124-45-11,2019,1.0,1.0
5600,124-45-111,2003,1.0,1.0
5600,124-45-111,2005,1.0,1.0
5600,124-45-111,2010,1.0,0.0
5600,124-45-111,2017,1.0,1.0
5600,124-45-111,2022,1.0,0.0
5600,124-45-112,2005,1.0,0.0
5600,124-45-112,2007,1.0,1.0
5600,124-45-112,2015,1.0,0.0
5600,124-45-112,2016,1.0,1.0
5600,124-45-112,2017,1.0,1.0
5600,124-45-113,1999,1.0,1.0
5600,124-45-113,2005,1.0,1.0
5600,124-45-113,2007,1.0,1.0
5600,124-45-113,2011,1.0,1.0
5600,124-45-113,2015,1.0,1.0
5600,124-45-113,2016,1.0,1.0
5600,124-45-113,2017,1.0,1.0
5600,124-45-114,1999,1.0,1.0
5600,124-45-114,2005,1.0,0.0
5600,124-45-114,2008,1.0,1.0
5600,124-45-114,2010,1.0,1.0
5600,124-45-114,2011,1.0,1.0
5600,124-45-114,2014,1.0,0.0
5600,124-45-116,1999,1.0,0.0
5600,124-45-116,2001,1.0,1.0
5600,124-45-116,2008,1.0,0.0
5600,124-45-116,2010,1.0,0.0
5600,124-45-116,2022,1.0,0.0
5600,124-45-118,2001,1.0,0.0
5600,124-45-118,2008,1.0,1.0
5600,124-45-118,2010,1.0,1.0
5600,124-45-118,2011,1.0,1.0
5600,124-45-118,2014,1.0,1.0
5600,124-45-12,2005,1.0,0.0
5600,124-45-12,2007,1.0,1.0
5600,124-45-12,2011,1.0,1.0
5600,124-45-12,2015,1.0,0.0
5600,124-45-12,2016,1.0,1.0
5600,124-45-12,2017,1.0,1.0
5600,124-45-120,2003,1.0,1.0
5600,124-45-120,2012,1.0,1.0
5600,124-45-120,2013,1.0,1.0
5600,124-45-120,2016,1.0,1.0
5600,124-45-121,2003,1.0,1.0
5600,124-45-121,2005,1.0,1.0
5600,124-45-121,2007,1.0,1.0
5600,124-45-121,2010,1.0,1.0
5600,124-45-121,2017,1.0,1.0
5600,124-45-121,2022,1.0,1.0
5600,124-45-13,2003,1.0,1.0
5600,124-45-13,2005,1.0,1.0
5600,124-45-13,2007,1.0,1.0
5600,124-45-13,2013,1.0,1.0
5600,124-45-13,2015,1.0,1.0
5600,124-45-13,2016,1.0,1.0
5600,124-45-13,2017,1.0,1.0
5600,124-45-18,2005,1.0,1.0
5600,124-45-2,2003,1.0,1.0
5600,124-45-2,2005,1.0,1.0
5600,124-45-2,2007,1.0,1.0
5600,124-45-2,2013,1.0,1.0
5600,124-45-2,2015,1.0,1.0
5600,124-45-2,2016,1.0,1.0
5600,124-45-2,2017,1.0,1.0
5600,124-45-201,2005,1.0,0.0
5600,124-45-201,2013,1.0,1.0
5600,124-45-201,2015,1.0,1.0
5600,124-45-201,2016,1.0,1.0
5600,124-45-201,2017,1.0,1.0
5600,124-45-201,2022,1.0,1.0
5600,124-45-203,2003,1.0,1.0
5600,124-45-203,2005,1.0,1.0
5600,124-45-203,2013,1.0,1.0
5600,124-45-203,2015,1.0,1.0
5600,124-45-203,2016,1.0,1.0
5600,124-45-203,2017,1.0,1.0
5600,124-45-203,2019,1.0,1.0
5600,124-45-205,2003,1.0,1.0
5600,124-45-205,2005,1.0,1.0
5600,124-45-205,2013,1.0,1.0
5600,124-45-205,2015,1.0,1.0
5600,124-45-205,2016,1.0,1.0
5600,124-45-205,2017,1.0,1.0
5600,124-45-205,2019,1.0,1.0
5600,124-45-207,2003,1.0,1.0
5600,124-45-207,2005,1.0,0.0
5600,124-45-207,2010,1.0,1.0
5600,124-45-207,2022,1.0,0.0
5600,124-45-209,2003,1.0,1.0
5600,124-45-209,2007,1.0,1.0
5600,124-45-209,2013,1.0,1.0
5600,124-45-209,2017,1.0,1.0
5600,124-45-209,2019,1.0,1.0
5600,124-45-21,2003,1.0,1.0
5600,124-45-21,2005,1.0,1.0
5600,124-45-21,2010,1.0,1.0
5600,124-45-21,2011,1.0,1.0
5600,124-45-21,2022,1.0,1.0
5600,124-45-213,1999,1.0,0.0
5600,124-45-213,2005,1.0,1.0
5600,124-45-213,2007,1.0,1.0
5600,124-45-213,2011,1.0,1.0
5600,124-45-213,2015,1.0,1.0
5600,124-45-216,1999,1.0,0.0
5600,124-45-216,2008,1.0,0.0
5600,124-45-216,2010,1.0,1.0
5600,124-45-216,2011,1.0,1.0
5600,124-45-216,2022,1.0,1.0
5600,124-45-218,2003,1.0,1.0
5600,124-45-218,2013,1.0,1.0
5600,124-45-218,2016,1.0,1.0
5600,124-45-218,2019,1.0,1.0
5600,124-45-22,1999,1.0,0.0
5600,124-45-22,2005,1.0,1.0
5600,124-45-220,2001,1.0,1.0
5600,124-45-220,2005,1.0,1.0
5600,124-45-220,2007,1.0,1.0
5600,124-45-220,2010,1.0,1.0
5600,124-45-220,2011,1.0,1.0
5600,124-45-3,1999,1.0,0.0
5600,124-45-3,2010,1.0,0.0
5600,124-45-3,2011,1.0,1.0
5600,124-45-30,2012,1.0,1.0
5600,124-45-30,2013,1.0,1.0
5600,124-45-307,2007,1.0,0.0
5600,124-45-307,2016,1.0,0.0
5600,124-45-307,2017,1.0,1.0
5600,124-45-41,1999,1.0,1.0
5600,124-45-41,2005,1.0,0.0
5600,124-45-41,2007,1.0,0.0
5600,124-45-41,2010,1.0,1.0
5600,124-45-41,2011,1.0,1.0
5600,124-45-41,2015,1.0,0.0
5600,124-45-41,2016,1.0,1.0
5600,124-45-42,1999,1.0,0.0
5600,124-45-42,2005,1.0,1.0
5600,124-45-42,2016,1.0,1.0
5600,124-45-42,2019,1.0,1.0
5600,124-45-43,1999,1.0,1.0
5600,124-45-43,2005,1.0,0.0
5600,124-45-43,2007,1.0,1.0
5600,124-45-43,2008,1.0,1.0
5600,124-45-49,2012,1.0,1.0
5600,124-45-49,2019,1.0,1.0
5600,124-45-5,2003,1.0,1.0
5600,124-45-5,2005,1.0,1.0
5600,124-45-5,2007,1.0,1.0
5600,124-45-5,2013,1.0,1.0
5600,124-45-5,2015,1.0,0.0
5600,124-45-5,2016,1.0,1.0
5600,124-45-5,2017,1.0,1.0
5600,124-45-5,2019,1.0,1.0
5600,124-45-7,2007,1.0,0.0
5600,124-45-7,2016,1.0,0.0
5600,124-45-7,2017,1.0,1.0
5600,124-45-9,2007,1.0,1.0
5600,124-45-9,2013,1.0,1.0
5600,124-45-9,2015,1.0,1.0
5600,124-45-9,2017,1.0,1.0
5600,124-45-9,2019,1.0,1.0
5600,124-56-105,1998,1.0,1.0
5600,124-56-105,2007,1.0,1.0
5600,124-56-105,2009,1.0,0.0
5600,124-56-105,2011,1.0,0.0
5600,124-56-105,2016,1.0,1.0
5600,124-56-105,2017,1.0,1.0
5600,124-56-105,2023,1.0,0.0
5600,124-56-13,2005,1.0,1.0
5600,124-56-13,2008,1.0,1.0
5600,124-56-13,2009,1.0,1.0
5600,124-56-13,2010,1.0,1.0
5600,124-56-13,2012,1.0,0.0
5600,124-56-13,2013,1.0,1.0
5600,124-56-13,2016,1.0,1.0
5600,124-56-13,2019,1.0,1.0
5600,124-56-13,2023,1.0,1.0
5600,124-56-137,2003,1.0,1.0
5600,124-56-137,2007,1.0,1.0
5600,124-56-137,2013,1.0,1.0
5600,124-56-137,2014,1.0,1.0
5600,124-56-137,2017,1.0,1.0
5600,124-56-137,2019,1.0,1.0
5600,124-56-137,2022,1.0,1.0
5600,124-56-14,1998,1.0,1.0
5600,124-56-14,2000,1.0,1.0
5600,124-56-14,2003,1.0,1.0
5600,124-56-14,2007,1.0,1.0
5600,124-56-14,2012,1.0,1.0
5600,124-56-14,2013,1.0,1.0
5600,124-56-14,2015,1.0,0.0
5600,124-56-15,2000,1.0,1.0
5600,124-56-15,2003,1.0,1.0
5600,124-56-15,2005,1.0,1.0
5600,124-56-15,2007,1.0,1.0
5600,124-56-15,2008,1.0,1.0
5600,124-56-15,2009,1.0,1.0
5600,124-56-15,2010,1.0,1.0
5600,124-56-15,2013,1.0,1.0
5600,124-56-15,2016,1.0,1.0
5600,124-56-15,2019,1.0,1.0
5600,124-56-21,1998,1.0,1.0
5600,124-56-21,2007,1.0,1.0
5600,124-56-21,2008,1.0,1.0
5600,124-56-21,2009,1.0,1.0
5600,124-56-21,2010,1.0,1.0
5600,124-56-21,2012,1.0,1.0
5600,124-56-21,2013,1.0,1.0
5600,124-56-21,2016,1.0,1.0
5600,124-56-21,2017,1.0,1.0
5600,124-56-21,2019,1.0,1.0
5600,124-56-21,2022,1.0,1.0
5600,124-56-21,2023,1.0,1.0
5600,124-56-22,2003,1.0,1.0
5600,124-56-22,2007,1.0,1.0
5600,124-56-22,2008,1.0,1.0
5600,124-56-22,2009,1.0,1.0
5600,124-56-22,2010,1.0,1.0
5600,124-56-22,2013,1.0,1.0
5600,124-56-22,2014,1.0,1.0
5600,124-56-22,2017,1.0,1.0
5600,124-56-22,2019,1.0,1.0
5600,124-56-22,2022,1.0,0.0
5600,124-56-25,2000,1.0,0.0
5600,124-56-25,2007,1.0,0.0
5600,124-56-25,2008,1.0,1.0
5600,124-56-25,2010,1.0,0.0
5600,124-56-25,2012,1.0,1.0
5600,124-56-25,2013,1.0,1.0
5600,124-56-25,2016,1.0,1.0
5600,124-56-25,2023,1.0,1.0
5600,124-56-26,2000,1.0,1.0
5600,124-56-26,2010,1.0,0.0
5600,124-56-26,2012,1.0,1.0
5600,124-56-26,2016,1.0,1.0
5600,124-56-26,2019,1.0,1.0
5600,124-56-26,2023,1.0,1.0
5600,124-56-31,2000,1.0,1.0
5600,124-56-31,2007,1.0,0.0
5600,124-56-31,2009,1.0,0.0
5600,124-56-31,2010,1.0,1.0
5600,124-56-31,2013,1.0,1.0
5600,124-56-31,2014,1.0,1.0
5600,124-56-31,2017,1.0,1.0
5600,124-56-31,2019,1.0,1.0
5600,124-56-31,2023,1.0,1.0
5600,124-56-33,1998,1.0,1.0
5600,124-56-33,2003,1.0,1.0
5600,124-56-33,2007,1.0,1.0
5600,124-56-33,2008,1.0,1.0
5600,124-56-33,2009,1.0,1.0
5600,124-56-33,2010,1.0,1.0
5600,124-56-33,2013,1.0,1.0
5600,124-56-33,2016,1.0,1.0
5600,124-56-33,2022,1.0,1.0
5600,124-56-34,2000,1.0,1.0
5600,124-56-34,2007,1.0,1.0
5600,124-56-34,2009,1.0,1.0
5600,124-56-34,2011,1.0,0.0
5600,124-56-34,2012,1.0,1.0
5600,124-56-34,2016,1.0,1.0
5600,124-56-38,2000,1.0,1.0
5600,124-56-38,2003,1.0,1.0
5600,124-56-38,2005,1.0,1.0
5600,124-56-38,2006,1.0,1.0
5600,124-56-38,2007,1.0,1.0
5600,124-56-38,2008,1.0,1.0
5600,124-56-38,2009,1.0,1.0
5600,124-56-38,2011,1.0,1.0
5600,124-56-38,2012,1.0,1.0
5600,124-56-38,2016,1.0,0.0
5600,124-56-38,2017,1.0,1.0
5600,124-56-38,2022,1.0,1.0
5600,124-56-38,2023,1.0,1.0
5600,124-56-40,2000,1.0,0.0
5600,124-56-40,2007,1.0,0.0
5600,124-56-40,2008,1.0,1.0
5600,124-56-40,2009,1.0,1.0
5600,124-56-40,2016,1.0,1.0
5600,124-56-41,1998,1.0,1.0
5600,124-56-41,2000,1.0,1.0
5600,124-56-41,2003,1.0,1.0
5600,124-56-41,2005,1.0,1.0
5600,124-56-41,2006,1.0,1.0
5600,124-56-41,2007,1.0,1.0
5600,124-56-41,2011,1.0,1.0
5600,124-56-41,2012,1.0,1.0
5600,124-56-41,2013,1.0,1.0
5600,124-56-41,2017,1.0,1.0
5600,124-56-41,2023,1.0,1.0
5600,124-56-42,1998,1.0,1.0
5600,124-56-42,2000,1.0,0.0
5600,124-56-42,2005,1.0,1.0
5600,124-56-42,2007,1.0,1.0
5600,124-56-42,2008,1.0,1.0
5600,124-56-42,2009,1.0,1.0
5600,124-56-42,2010,1.0,1.0
5600,124-56-42,2013,1.0,1.0
5600,124-56-42,2014,1.0,1.0
5600,124-56-42,2017,1.0,1.0
5600,124-56-44,2003,1.0,1.0
5600,124-56-44,2005,1.0,1.0
5600,124-56-44,2007,1.0,1.0
5600,124-56-44,2008,1.0,1.0
5600,124-56-44,2009,1.0,1.0
5600,124-56-44,2010,1.0,1.0
5600,124-56-44,2013,1.0,1.0
5600,124-56-44,2014,1.0,1.0
5600,124-56-9,2011,1.0,0.0
5600,124-56-9,2015,1.0,0.0
5600,124-57-10,2007,1.0,0.0
5600,124-57-10,2009,1.0,0.0
5600,124-57-10,2014,1.0,0.0
5600,124-57-121,2005,1.0,0.0
5600,124-57-121,2008,1.0,1.0
5600,124-57-121,2013,1.0,0.0
5600,124-57-121,2016,1.0,1.0
5600,124-57-121,2019,1.0,1.0
5600,124-57-15,2008,1.0,0.0
5600,124-57-15,2011,1.0,1.0
5600,124-57-16,2023,1.0,0.0
5600,124-65-11,2006,1.0,0.0
5600,124-65-11,2022,1.0,0.0
5600,124-65-117,2000,1.0,1.0
5600,124-65-117,2003,1.0,1.0
5600,124-65-117,2005,1.0,1.0
5600,124-65-117,2008,1.0,1.0
5600,124-65-117,2009,1.0,1.0
5600,124-65-117,2010,1.0,1.0
5600,124-65-117,2013,1.0,1.0
5600,124-65-117,2014,1.0,1.0
5600,124-65-117,2017,1.0,0.0
5600,124-65-13,2000,1.0,1.0
5600,124-65-13,2005,1.0,1.0
5600,124-65-13,2008,1.0,0.0
5600,124-65-13,2009,1.0,1.0
5600,124-65-13,2010,1.0,1.0
5600,124-65-13,2022,1.0,1.0
5600,124-65-130,1998,1.0,0.0
5600,124-65-130,2000,1.0,1.0
5600,124-65-130,2003,1.0,1.0
5600,124-65-130,2014,1.0,0.0
5600,124-65-14,1998,1.0,1.0
5600,124-65-14,2000,1.0,1.0
5600,124-65-14,2003,1.0,1.0
5600,124-65-14,2005,1.0,1.0
5600,124-65-14,2008,1.0,1.0
5600,124-65-14,2009,1.0,1.0
5600,124-65-14,2010,1.0,1.0
5600,124-65-14,2014,1.0,1.0
5600,124-65-14,2023,1.0,1.0
5600,124-65-18,2005,1.0,1.0
5600,124-65-18,2008,1.0,0.0
5600,124-65-18,2009,1.0,1.0
5600,124-65-18,2010,1.0,1.0
5600,124-65-18,2013,1.0,0.0
5600,124-65-18,2017,1.0,1.0
5600,124-65-18,2022,1.0,1.0
5600,124-65-18,2023,1.0,1.0
5600,124-65-19,1998,1.0,1.0
5600,124-65-19,2000,1.0,1.0
5600,124-65-19,2003,1.0,1.0
5600,124-65-19,2005,1.0,1.0
5600,124-65-19,2008,1.0,1.0
5600,124-65-19,2009,1.0,1.0
5600,124-65-19,2010,1.0,1.0
5600,124-65-19,2014,1.0,1.0
5600,124-65-19,2017,1.0,1.0
5600,124-65-19,2019,1.0,1.0
5600,124-65-19,2023,1.0,1.0
5600,124-65-20,2000,1.0,1.0
5600,124-65-20,2003,1.0,1.0
5600,124-65-20,2005,1.0,1.0
5600,124-65-20,2008,1.0,1.0
5600,124-65-20,2009,1.0,1.0
5600,124-65-20,2010,1.0,1.0
5600,124-65-20,2013,1.0,1.0
5600,124-65-20,2014,1.0,1.0
5600,124-65-20,2017,1.0,1.0
5600,124-65-20,2022,1.0,0.0
5600,124-65-20,2023,1.0,1.0
5600,124-65-21,1998,1.0,0.0
5600,124-65-21,2005,1.0,1.0
5600,124-65-21,2007,1.0,0.0
5600,124-65-21,2010,1.0,0.0
5600,124-65-21,2014,1.0,1.0
5600,124-65-21,2017,1.0,1.0
5600,124-65-22,1998,1.0,1.0
5600,124-65-22,2000,1.0,1.0
5600,124-65-22,2007,1.0,0.0
5600,124-65-22,2023,1.0,1.0
5600,124-65-23,1998,1.0,0.0
5600,124-65-23,2000,1.0,0.0
5600,124-65-23,2005,1.0,1.0
5600,124-65-23,2007,1.0,0.0
5600,124-65-23,2012,1.0,0.0
5600,124-65-23,2014,1.0,1.0
5600,124-65-23,2019,1.0,1.0
5600,124-65-23,2023,1.0,1.0
5600,124-65-27,2005,1.0,0.0
5600,124-65-27,2023,1.0,0.0
5600,124-65-28,2000,1.0,0.0
5600,124-65-28,2008,1.0,0.0
5600,124-65-28,2014,1.0,0.0
5600,124-65-28,2017,1.0,0.0
5600,124-65-28,2023,1.0,0.0
5600,124-65-29,2007,1.0,0.0
5600,124-65-29,2011,1.0,0.0
5600,124-65-3,2000,1.0,0.0
5600,124-65-3,2014,1.0,1.0
5600,124-65-3,2016,1.0,1.0
5600,124-65-3,2019,1.0,1.0
5600,124-65-31,2000,1.0,0.0
5600,124-65-31,2008,1.0,0.0
5600,124-65-31,2010,1.0,0.0
5600,124-65-31,2012,1.0,1.0
5600,124-65-31,2013,1.0,1.0
5600,124-65-31,2014,1.0,1.0
5600,124-65-31,2017,1.0,0.0
5600,124-65-31,2022,1.0,1.0
5600,124-65-33,2007,1.0,1.0
5600,124-65-33,2008,1.0,1.0
5600,124-65-33,2011,1.0,1.0
5600,124-65-33,2013,1.0,1.0
5600,124-65-33,2014,1.0,1.0
5600,124-65-33,2023,1.0,1.0
5600,124-65-34,2018,1.0,0.0
5600,124-65-34,2019,1.0,1.0
5600,124-65-35,2013,1.0,0.0
5600,124-65-36,2003,1.0,0.0
5600,124-65-36,2014,1.0,0.0
5600,124-65-37,2011,1.0,0.0
5600,124-65-37,2016,1.0,0.0
5600,124-65-37,2018,1.0,0.0
5600,124-65-38,2011,1.0,1.0
5600,124-65-38,2013,1.0,0.0
5600,124-65-38,2016,1.0,1.0
5600,124-65-5,2018,1.0,0.0
5600,124-65-7,2011,1.0,0.0
5600,124-65-9,1998,1.0,1.0
5600,124-65-9,2007,1.0,1.0
5600,124-68-10,2006,1.0,0.0
5600,124-68-10,2008,1.0,1.0
5600,124-68-10,2010,1.0,1.0
5600,124-68-10,2014,1.0,1.0
5600,124-68-10,2016,1.0,1.0
5600,124-68-10,2017,1.0,1.0
5600,124-68-10,2018,1.0,1.0
5600,124-68-10,2022,1.0,1.0
5600,124-68-10,2023,1.0,1.0
5600,124-68-11,1998,1.0,1.0
5600,124-68-11,2001,1.0,1.0
5600,124-68-11,2006,1.0,0.0
5600,124-68-11,2007,1.0,1.0
5600,124-68-11,2010,1.0,1.0
5600,124-68-11,2011,1.0,1.0
5600,124-68-11,2014,1.0,1.0
5600,124-68-11,2016,1.0,1.0
5600,124-68-11,2022,1.0,1.0
5600,124-68-11,2023,1.0,1.0
5600,124-68-113,1998,1.0,1.0
5600,124-68-113,2001,1.0,1.0
5600,124-68-113,2003,1.0,1.0
5600,124-68-113,2006,1.0,1.0
5600,124-68-113,2008,1.0,1.0
5600,124-68-113,2010,1.0,1.0
5600,124-68-113,2011,1.0,1.0
5600,124-68-113,2014,1.0,1.0
5600,124-68-113,2016,1.0,1.0
5600,124-68-113,2023,1.0,1.0
5600,124-68-117,1998,1.0,1.0
5600,124-68-117,2001,1.0,1.0
5600,124-68-117,2010,1.0,1.0
5600,124-68-117,2013,1.0,1.0
5600,124-68-119,1998,1.0,1.0
5600,124-68-119,2008,1.0,1.0
5600,124-68-119,2010,1.0,1.0
5600,124-68-119,2013,1.0,1.0
5600,124-68-119,2017,1.0,1.0
5600,124-68-12,1998,1.0,1.0
5600,124-68-12,2001,1.0,1.0
5600,124-68-12,2003,1.0,1.0
5600,124-68-12,2006,1.0,1.0
5600,124-68-12,2008,1.0,1.0
5600,124-68-12,2010,1.0,1.0
5600,124-68-12,2011,1.0,1.0
5600,124-68-12,2014,1.0,1.0
5600,124-68-12,2018,1.0,0.0
5600,124-68-127,2001,1.0,1.0
5600,124-68-127,2008,1.0,1.0
5600,124-68-127,2010,1.0,1.0
5600,124-68-127,2011,1.0,1.0
5600,124-68-127,2017,1.0,0.0
5600,124-68-127,2018,1.0,1.0
5600,124-68-14,1998,1.0,1.0
5600,124-68-14,2008,1.0,1.0
5600,124-68-14,2011,1.0,1.0
5600,124-68-14,2022,1.0,1.0
5600,124-68-142,2001,1.0,1.0
5600,124-68-142,2002,1.0,1.0
5600,124-68-142,2008,1.0,1.0
5600,124-68-142,2010,1.0,1.0
5600,124-68-142,2011,1.0,1.0
5600,124-68-142,2013,1.0,1.0
5600,124-68-142,2014,1.0,1.0
5600,124-68-142,2016,1.0,1.0
5600,124-68-142,2017,1.0,1.0
5600,124-68-142,2018,1.0,1.0
5600,124-68-15,1998,1.0,1.0
5600,124-68-15,2001,1.0,1.0
5600,124-68-15,2003,1.0,1.0
5600,124-68-15,2006,1.0,1.0
5600,124-68-15,2008,1.0,1.0
5600,124-68-15,2010,1.0,1.0
5600,124-68-15,2011,1.0,1.0
5600,124-68-15,2014,1.0,1.0
5600,124-68-15,2018,1.0,1.0
5600,124-68-16,2011,1.0,1.0
5600,124-68-16,2013,1.0,1.0
5600,124-68-16,2014,1.0,1.0
5600,124-68-16,2018,1.0,1.0
5600,124-68-18,1998,1.0,1.0
5600,124-68-18,2008,1.0,1.0
5600,124-68-18,2010,1.0,1.0
5600,124-68-18,2013,1.0,1.0
5600,124-68-18,2017,1.0,1.0
5600,124-68-2,2006,1.0,0.0
5600,124-68-2,2008,1.0,1.0
5600,124-68-2,2011,1.0,1.0
5600,124-68-2,2014,1.0,1.0
5600,124-68-2,2016,1.0,1.0
5600,124-68-2,2017,1.0,1.0
5600,124-68-2,2018,1.0,1.0
5600,124-68-2,2022,1.0,1.0
5600,124-68-2,2023,1.0,1.0
5600,124-68-20,2001,1.0,1.0
5600,124-68-20,2008,1.0,1.0
5600,124-68-20,2013,1.0,1.0
5600,124-68-20,2014,1.0,1.0
5600,124-68-20,2018,1.0,0.0
5600,124-68-20,2022,1.0,1.0
5600,124-68-202,2001,1.0,1.0
5600,124-68-202,2002,1.0,1.0
5600,124-68-202,2009,1.0,1.0
5600,124-68-202,2013,1.0,0.0
5600,124-68-202,2017,1.0,0.0
5600,124-68-203,1998,1.0,1.0
5600,124-68-203,2006,1.0,1.0
5600,124-68-203,2014,1.0,1.0
5600,124-68-203,2016,1.0,1.0
5600,124-68-203,2017,1.0,1.0
5600,124-68-203,2018,1.0,1.0
5600,124-68-207,2006,1.0,1.0
5600,124-68-207,2008,1.0,1.0
5600,124-68-207,2010,1.0,1.0
5600,124-68-207,2014,1.0,1.0
5600,124-68-207,2018,1.0,1.0
5600,124-68-207,2022,1.0,1.0
5600,124-68-208,1998,1.0,1.0
5600,124-68-208,2001,1.0,0.0
5600,124-68-208,2014,1.0,1.0
5600,124-68-208,2016,1.0,1.0
5600,124-68-208,2018,1.0,1.0
5600,124-68-208,2023,1.0,0.0
5600,124-68-209,2001,1.0,0.0
5600,124-68-209,2008,1.0,1.0
5600,124-68-209,2014,1.0,1.0
5600,124-68-209,2016,1.0,1.0
5600,124-68-209,2017,1.0,1.0
5600,124-68-209,2018,1.0,1.0
5600,124-68-209,2022,1.0,1.0
5600,124-68-209,2023,1.0,1.0
5600,124-68-210,2008,1.0,1.0
5600,124-68-210,2010,1.0,1.0
5600,124-68-210,2014,1.0,1.0
5600,124-68-210,2016,1.0,1.0
5600,124-68-210,2017,1.0,1.0
5600,124-68-210,2022,1.0,0.0
5600,124-68-211,2001,1.0,1.0
5600,124-68-211,2003,1.0,1.0
5600,124-68-211,2006,1.0,1.0
5600,124-68-211,2008,1.0,1.0
5600,124-68-211,2010,1.0,1.0
5600,124-68-211,2011,1.0,1.0
5600,124-68-211,2014,1.0,1.0
5600,124-68-211,2016,1.0,1.0
5600,124-68-211,2023,1.0,1.0
5600,124-68-213,2006,1.0,1.0
5600,124-68-213,2008,1.0,0.0
5600,124-68-213,2010,1.0,0.0
5600,124-68-213,2011,1.0,1.0
5600,124-68-213,2023,1.0,1.0
5600,124-68-214,1998,1.0,1.0
5600,124-68-214,2001,1.0,1.0
5600,124-68-214,2006,1.0,1.0
5600,124-68-214,2010,1.0,1.0
5600,124-68-214,2011,1.0,1.0
5600,124-68-214,2014,1.0,1.0
5600,124-68-214,2018,1.0,1.0
5600,124-68-215,1998,1.0,1.0
5600,124-68-215,2008,1.0,0.0
5600,124-68-215,2010,1.0,1.0
5600,124-68-215,2011,1.0,1.0
5600,124-68-215,2016,1.0,0.0
5600,124-68-215,2018,1.0,1.0
5600,124-68-216,1998,1.0,1.0
5600,124-68-216,2001,1.0,1.0
5600,124-68-216,2006,1.0,1.0
5600,124-68-216,2008,1.0,1.0
5600,124-68-216,2010,1.0,1.0
5600,124-68-216,2011,1.0,1.0
5600,124-68-216,2014,1.0,1.0
5600,124-68-216,2018,1.0,1.0
5600,124-68-217,1998,1.0,1.0
5600,124-68-217,2001,1.0,1.0
5600,124-68-217,2010,1.0,1.0
5600,124-68-217,2013,1.0,1.0
5600,124-68-217,2016,1.0,1.0
5600,124-68-217,2018,1.0,0.0
5600,124-68-218,2008,1.0,1.0
5600,124-68-218,2010,1.0,1.0
5600,124-68-218,2011,1.0,1.0
5600,124-68-218,2013,1.0,1.0
5600,124-68-218,2022,1.0,0.0
5600,124-68-219,2001,1.0,0.0
5600,124-68-219,2002,1.0,1.0
5600,124-68-219,2006,1.0,1.0
5600,124-68-219,2008,1.0,1.0
5600,124-68-219,2010,1.0,1.0
5600,124-68-219,2014,1.0,1.0
5600,124-68-219,2016,1.0,1.0
5600,124-68-219,2022,1.0,1.0
5600,124-68-22,2001,1.0,1.0
5600,124-68-22,2002,1.0,1.0
5600,124-68-22,2008,1.0,1.0
5600,124-68-22,2013,1.0,1.0
5600,124-68-22,2014,1.0,1.0
5600,124-68-22,2017,1.0,1.0
5600,124-68-22,2018,1.0,1.0
5600,124-68-22,2022,1.0,1.0
5600,124-68-220,2002,1.0,0.0
5600,124-68-220,2008,1.0,1.0
5600,124-68-220,2010,1.0,1.0
5600,124-68-220,2013,1.0,1.0
5600,124-68-220,2017,1.0,0.0
5600,124-68-220,2018,1.0,1.0
5600,124-68-223,1998,1.0,1.0
5600,124-68-223,2003,1.0,0.0
5600,124-68-223,2006,1.0,1.0
5600,124-68-223,2007,1.0,1.0
5600,124-68-223,2010,1.0,1.0
5600,124-68-223,2011,1.0,1.0
5600,124-68-223,2012,1.0,1.0
5600,124-68-223,2014,1.0,1.0
5600,124-68-223,2022,1.0,1.0
5600,124-68-223,2023,1.0,1.0
5600,124-68-224,1998,1.0,1.0
5600,124-68-224,2001,1.0,1.0
5600,124-68-224,2006,1.0,1.0
5600,124-68-224,2007,1.0,1.0
5600,124-68-224,2011,1.0,0.0
5600,124-68-224,2014,1.0,1.0
5600,124-68-224,2016,1.0,1.0
5600,124-68-224,2022,1.0,1.0
5600,124-68-224,2023,1.0,1.0
5600,124-68-225,2001,1.0,1.0
5600,124-68-225,2006,1.0,1.0
5600,124-68-225,2007,1.0,1.0
5600,124-68-225,2008,1.0,1.0
5600,124-68-225,2011,1.0,0.0
5600,124-68-225,2014,1.0,1.0
5600,124-68-225,2022,1.0,1.0
5600,124-68-225,2023,1.0,1.0
5600,124-68-233,2008,1.0,1.0
5600,124-68-233,2009,1.0,1.0
5600,124-68-233,2011,1.0,1.0
5600,124-68-233,2014,1.0,1.0
5600,124-68-233,2017,1.0,1.0
5600,124-68-233,2018,1.0,1.0
5600,124-68-233,2022,1.0,1.0
5600,124-68-238,2001,1.0,0.0
5600,124-68-238,2010,1.0,1.0
5600,124-68-238,2013,1.0,1.0
5600,124-68-238,2014,1.0,1.0
5600,124-68-238,2016,1.0,1.0
5600,124-68-238,2018,1.0,1.0
5600,124-68-238,2022,1.0,1.0
5600,124-68-242,2002,1.0,0.0
5600,124-68-242,2008,1.0,1.0
5600,124-68-242,2010,1.0,1.0
5600,124-68-242,2011,1.0,1.0
5600,124-68-242,2013,1.0,1.0
5600,124-68-242,2014,1.0,1.0
5600,124-68-25,2001,1.0,1.0
5600,124-68-25,2006,1.0,1.0
5600,124-68-25,2007,1.0,1.0
5600,124-68-25,2008,1.0,1.0
5600,124-68-25,2010,1.0,1.0
5600,124-68-25,2011,1.0,1.0
5600,124-68-25,2014,1.0,1.0
5600,124-68-25,2016,1.0,1.0
5600,124-68-251,1998,1.0,1.0
5600,124-68-251,2006,1.0,1.0
5600,124-68-251,2010,1.0,1.0
5600,124-68-251,2011,1.0,1.0
5600,124-68-251,2016,1.0,1.0
5600,124-68-251,2018,1.0,1.0
5600,124-68-251,2022,1.0,1.0
5600,124-68-252,1998,1.0,1.0
5600,124-68-252,2008,1.0,1.0
5600,124-68-252,2010,1.0,1.0
5600,124-68-252,2013,1.0,1.0
5600,124-68-26,2001,1.0,1.0
5600,124-68-26,2006,1.0,1.0
5600,124-68-26,2007,1.0,1.0
5600,124-68-26,2008,1.0,1.0
5600,124-68-26,2011,1.0,1.0
5600,124-68-26,2014,1.0,1.0
5600,124-68-26,2016,1.0,1.0
5600,124-68-274,2008,1.0,1.0
5600,124-68-274,2009,1.0,1.0
5600,124-68-274,2010,1.0,1.0
5600,124-68-274,2011,1.0,1.0
5600,124-68-274,2014,1.0,1.0
5600,124-68-274,2016,1.0,1.0
5600,124-68-274,2017,1.0,1.0
5600,124-68-274,2018,1.0,1.0
5600,124-68-28,2007,1.0,1.0
5600,124-68-28,2010,1.0,1.0
5600,124-68-28,2013,1.0,1.0
5600,124-68-28,2014,1.0,1.0
5600,124-68-28,2017,1.0,1.0
5600,124-68-28,2018,1.0,1.0
5600,124-68-28,2022,1.0,1.0
5600,124-68-29,1998,1.0,0.0
5600,124-68-29,2000,1.0,1.0
5600,124-68-29,2001,1.0,1.0
5600,124-68-29,2002,1.0,1.0
5600,124-68-29,2006,1.0,0.0
5600,124-68-29,2011,1.0,1.0
5600,124-68-29,2014,1.0,1.0
5600,124-68-29,2016,1.0,0.0
5600,124-68-29,2017,1.0,1.0
5600,124-68-29,2018,1.0,1.0
5600,124-68-29,2023,1.0,1.0
5600,124-68-296,2001,1.0,0.0
5600,124-68-296,2013,1.0,1.0
5600,124-68-296,2014,1.0,1.0
5600,124-68-296,2016,1.0,1.0
5600,124-68-296,2017,1.0,1.0
5600,124-68-296,2018,1.0,1.0
5600,124-68-296,2022,1.0,1.0
5600,124-68-297,2000,1.0,1.0
5600,124-68-297,2002,1.0,1.0
5600,124-68-297,2007,1.0,1.0
5600,124-68-297,2013,1.0,0.0
5600,124-68-297,2017,1.0,1.0
5600,124-68-298,2000,1.0,1.0
5600,124-68-298,2002,1.0,1.0
5600,124-68-298,2017,1.0,1.0
5600,124-68-299,2001,1.0,1.0
5600,124-68-299,2002,1.0,1.0
5600,124-68-299,2006,1.0,1.0
5600,124-68-299,2008,1.0,1.0
5600,124-68-299,2010,1.0,0.0
5600,124-68-299,2014,1.0,1.0
5600,124-68-299,2016,1.0,1.0
5600,124-68-299,2018,1.0,1.0
5600,124-68-299,2022,1.0,1.0
5600,124-68-299,2023,1.0,1.0
5600,124-68-300,1998,1.0,0.0
5600,124-68-300,2011,1.0,0.0
5600,124-68-300,2013,1.0,1.0
5600,124-68-300,2014,1.0,1.0
5600,124-68-300,2018,1.0,1.0
5600,124-68-300,2022,1.0,1.0
5600,124-68-303,1998,1.0,1.0
5600,124-68-303,1999,1.0,1.0
5600,124-68-303,2006,1.0,0.0
5600,124-68-303,2016,1.0,0.0
5600,124-68-303,2017,1.0,1.0
5600,124-68-303,2018,1.0,1.0
5600,124-68-303,2022,1.0,1.0
5600,124-68-303,2023,1.0,1.0
5600,124-68-308,1998,1.0,1.0
5600,124-68-308,2001,1.0,1.0
5600,124-68-308,2008,1.0,1.0
5600,124-68-308,2010,1.0,1.0
5600,124-68-308,2014,1.0,1.0
5600,124-68-308,2016,1.0,1.0
5600,124-68-308,2018,1.0,1.0
5600,124-68-308,2022,1.0,1.0
5600,124-68-308,2023,1.0,1.0
5600,124-68-312,2006,1.0,1.0
5600,124-68-312,2008,1.0,1.0
5600,124-68-312,2010,1.0,1.0
5600,124-68-312,2011,1.0,1.0
5600,124-68-312,2014,1.0,1.0
5600,124-68-312,2018,1.0,1.0
5600,124-68-314,1998,1.0,1.0
5600,124-68-314,2001,1.0,0.0
5600,124-68-314,2010,1.0,0.0
5600,124-68-314,2011,1.0,1.0
5600,124-68-314,2013,1.0,0.0
5600,124-68-314,2014,1.0,1.0
5600,124-68-314,2018,1.0,1.0
5600,124-68-316,1998,1.0,0.0
5600,124-68-316,2010,1.0,1.0
5600,124-68-316,2018,1.0,1.0
5600,124-68-317,1998,1.0,1.0
5600,124-68-317,2008,1.0,1.0
5600,124-68-317,2010,1.0,1.0
5600,124-68-317,2011,1.0,1.0
5600,124-68-317,2013,1.0,0.0
5600,124-68-319,1998,1.0,1.0
5600,124-68-319,2010,1.0,1.0
5600,124-68-319,2011,1.0,1.0
5600,124-68-319,2013,1.0,1.0
5600,124-68-319,2018,1.0,1.0
5600,124-68-319,2022,1.0,1.0
5600,124-68-323,2006,1.0,0.0
5600,124-68-323,2007,1.0,1.0
5600,124-68-323,2010,1.0,1.0
5600,124-68-323,2011,1.0,1.0
5600,124-68-323,2014,1.0,0.0
5600,124-68-323,2016,1.0,1.0
5600,124-68-324,1998,1.0,1.0
5600,124-68-324,2001,1.0,1.0
5600,124-68-324,2006,1.0,1.0
5600,124-68-324,2007,1.0,1.0
5600,124-68-324,2011,1.0,0.0
5600,124-68-325,2001,1.0,1.0
5600,124-68-325,2006,1.0,0.0
5600,124-68-325,2007,1.0,1.0
5600,124-68-325,2008,1.0,1.0
5600,124-68-325,2011,1.0,0.0
5600,124-68-325,2014,1.0,1.0
5600,124-68-326,2003,1.0,1.0
5600,124-68-326,2007,1.0,1.0
5600,124-68-326,2008,1.0,1.0
5600,124-68-326,2010,1.0,0.0
5600,124-68-326,2011,1.0,1.0
5600,124-68-326,2016,1.0,1.0
5600,124-68-338,2001,1.0,0.0
5600,124-68-338,2010,1.0,1.0
5600,124-68-338,2013,1.0,1.0
5600,124-68-338,2016,1.0,1.0
5600,124-68-338,2017,1.0,1.0
5600,124-68-338,2022,1.0,1.0
5600,124-68-35,1999,1.0,0.0
5600,124-68-35,2001,1.0,1.0
5600,124-68-35,2002,1.0,1.0
5600,124-68-35,2013,1.0,1.0
5600,124-68-35,2018,1.0,0.0
5600,124-68-35,2022,1.0,1.0
5600,124-68-350,1998,1.0,1.0
5600,124-68-350,2001,1.0,0.0
5600,124-68-350,2006,1.0,1.0
5600,124-68-350,2007,1.0,1.0
5600,124-68-350,2014,1.0,1.0
5600,124-68-350,2016,1.0,1.0
5600,124-68-36,2010,1.0,1.0
5600,124-68-36,2013,1.0,1.0
5600,124-68-36,2017,1.0,0.0
5600,124-68-36,2019,1.0,0.0
5600,124-68-36,2022,1.0,0.0
5600,124-68-36,2023,1.0,1.0
5600,124-68-37,2001,1.0,1.0
5600,124-68-37,2002,1.0,1.0
5600,124-68-37,2011,1.0,1.0
5600,124-68-37,2013,1.0,0.0
5600,124-68-37,2014,1.0,1.0
5600,124-68-37,2017,1.0,1.0
5600,124-68-37,2018,1.0,1.0
5600,124-68-39,2001,1.0,1.0
5600,124-68-39,2006,1.0,1.0
5600,124-68-39,2008,1.0,1.0
5600,124-68-39,2010,1.0,1.0
5600,124-68-39,2011,1.0,1.0
5600,124-68-39,2013,1.0,1.0
5600,124-68-39,2016,1.0,1.0
5600,124-68-39,2017,1.0,1.0
5600,124-68-39,2018,1.0,1.0
5600,124-68-39,2022,1.0,1.0
5600,124-68-4,2006,1.0,0.0
5600,124-68-4,2008,1.0,1.0
5600,124-68-4,2011,1.0,1.0
5600,124-68-4,2014,1.0,0.0
5600,124-68-4,2016,1.0,1.0
5600,124-68-4,2017,1.0,1.0
5600,124-68-4,2018,1.0,1.0
5600,124-68-43,2001,1.0,1.0
5600,124-68-43,2003,1.0,0.0
5600,124-68-43,2014,1.0,1.0
5600,124-68-43,2015,1.0,1.0
5600,124-68-43,2017,1.0,1.0
5600,124-68-43,2018,1.0,1.0
5600,124-68-43,2022,1.0,1.0
5600,124-68-44,2003,1.0,1.0
5600,124-68-44,2008,1.0,0.0
5600,124-68-44,2010,1.0,0.0
5600,124-68-44,2011,1.0,1.0
5600,124-68-44,2013,1.0,0.0
5600,124-68-44,2016,1.0,1.0
5600,124-68-47,1998,1.0,1.0
5600,124-68-47,2008,1.0,0.0
5600,124-68-47,2009,1.0,1.0
5600,124-68-47,2010,1.0,1.0
5600,124-68-47,2011,1.0,1.0
5600,124-68-47,2014,1.0,1.0
5600,124-68-47,2016,1.0,1.0
5600,124-68-47,2017,1.0,1.0
5600,124-68-47,2018,1.0,1.0
5600,124-68-49,1998,1.0,1.0
5600,124-68-49,2001,1.0,1.0
5600,124-68-49,2010,1.0,1.0
5600,124-68-49,2011,1.0,1.0
5600,124-68-5,1998,1.0,1.0
5600,124-68-5,2001,1.0,1.0
5600,124-68-5,2002,1.0,1.0
5600,124-68-5,2006,1.0,1.0
5600,124-68-5,2008,1.0,1.0
5600,124-68-5,2010,1.0,1.0
5600,124-68-5,2014,1.0,1.0
5600,124-68-5,2016,1.0,1.0
5600,124-68-5,2018,1.0,1.0
5600,124-68-5,2022,1.0,1.0
5600,124-68-5,2023,1.0,1.0
5600,124-68-50,2001,1.0,1.0
5600,124-68-50,2006,1.0,1.0
5600,124-68-50,2007,1.0,1.0
5600,124-68-50,2008,1.0,1.0
5600,124-68-50,2011,1.0,0.0
5600,124-68-52,2008,1.0,0.0
5600,124-68-52,2010,1.0,0.0
5600,124-68-52,2011,1.0,1.0
5600,124-68-52,2013,1.0,1.0
5600,124-68-52,2017,1.0,1.0
5600,124-68-52,2022,1.0,0.0
5600,124-68-53,2001,1.0,0.0
5600,124-68-53,2003,1.0,0.0
5600,124-68-53,2005,1.0,1.0
5600,124-68-53,2015,1.0,1.0
5600,124-68-53,2019,1.0,0.0
5600,124-68-54,2002,1.0,1.0
5600,124-68-54,2005,1.0,1.0
5600,124-68-54,2007,1.0,1.0
5600,124-68-54,2013,1.0,1.0
5600,124-68-54,2015,1.0,1.0
5600,124-68-54,2017,1.0,1.0
5600,124-68-57,2000,1.0,0.0
5600,124-68-57,2001,1.0,1.0
5600,124-68-57,2013,1.0,1.0
5600,124-68-59,1998,1.0,0.0
5600,124-68-59,1999,1.0,1.0
5600,124-68-59,2001,1.0,1.0
5600,124-68-59,2002,1.0,1.0
5600,124-68-59,2013,1.0,1.0
5600,124-68-59,2014,1.0,1.0
5600,124-68-59,2018,1.0,0.0
5600,124-68-6,1998,1.0,1.0
5600,124-68-6,2001,1.0,1.0
5600,124-68-6,2008,1.0,1.0
5600,124-68-6,2010,1.0,1.0
5600,124-68-6,2014,1.0,1.0
5600,124-68-6,2016,1.0,1.0
5600,124-68-64,2008,1.0,1.0
5600,124-68-64,2009,1.0,1.0
5600,124-68-64,2011,1.0,1.0
5600,124-68-64,2015,1.0,1.0
5600,124-68-64,2017,1.0,1.0
5600,124-68-64,2018,1.0,1.0
5600,124-68-65,2001,1.0,0.0
5600,124-68-65,2017,1.0,1.0
5600,124-68-66,1999,1.0,1.0
5600,124-68-66,2001,1.0,1.0
5600,124-68-66,2010,1.0,1.0
5600,124-68-66,2013,1.0,1.0
5600,124-68-66,2016,1.0,1.0
5600,124-68-66,2022,1.0,0.0
5600,124-68-7,2001,1.0,1.0
5600,124-68-7,2011,1.0,1.0
5600,124-68-7,2014,1.0,1.0
5600,124-68-7,2017,1.0,1.0
5600,124-68-8,2001,1.0,1.0
5600,124-68-8,2002,1.0,1.0
5600,124-68-8,2014,1.0,1.0
5600,124-68-8,2016,1.0,1.0
5600,124-68-8,2017,1.0,1.0
5600,124-68-83,2001,1.0,1.0
5600,124-68-83,2006,1.0,1.0
5600,124-68-83,2007,1.0,1.0
5600,124-68-83,2008,1.0,1.0
5600,124-68-83,2014,1.0,0.0
5600,124-68-83,2016,1.0,1.0
5600,124-68-9,2001,1.0,0.0
5600,124-68-9,2013,1.0,1.0
5600,124-75-5,1998,1.0,1.0
5600,124-75-5,2000,1.0,0.0
5600,124-75-5,2003,1.0,1.0
5600,124-75-5,2007,1.0,1.0
5600,124-75-5,2008,1.0,1.0
5600,124-75-5,2014,1.0,1.0
5600,124-75-5,2019,1.0,1.0
5600,124-75-9,1998,1.0,1.0
5600,124-75-9,2000,1.0,0.0
5600,124-75-9,2003,1.0,1.0
5600,124-75-9,2007,1.0,0.0
5600,124-75-9,2019,1.0,0.0
5600,124-76-1,2003,1.0,1.0
5600,124-76-1,2006,1.0,1.0
5600,124-76-1,2007,1.0,1.0
5600,124-76-1,2008,1.0,1.0
5600,124-76-1,2010,1.0,1.0
5600,124-76-1,2011,1.0,1.0
5600,124-76-1,2014,1.0,1.0
5600,124-76-1,2016,1.0,1.0
5600,124-76-1,2022,1.0,1.0
5600,124-76-109,1998,1.0,1.0
5600,124-76-109,2016,1.0,1.0
5600,124-76-109,2017,1.0,1.0
5600,124-76-109,2022,1.0,1.0
5600,124-76-109,2023,1.0,1.0
5600,124-76-113,2009,1.0,1.0
5600,124-76-113,2010,1.0,1.0
5600,124-76-113,2016,1.0,0.0
5600,124-76-113,2017,1.0,1.0
5600,124-76-113,2022,1.0,1.0
5600,124-76-12,1998,1.0,1.0
5600,124-76-12,2006,1.0,1.0
5600,124-76-12,2007,1.0,1.0
5600,124-76-12,2008,1.0,1.0
5600,124-76-12,2011,1.0,1.0
5600,124-76-12,2014,1.0,1.0
5600,124-76-12,2023,1.0,1.0
5600,124-76-120,1998,1.0,1.0
5600,124-76-120,2003,1.0,1.0
5600,124-76-120,2007,1.0,1.0
5600,124-76-120,2008,1.0,1.0
5600,124-76-120,2010,1.0,1.0
5600,124-76-120,2011,1.0,1.0
5600,124-76-120,2012,1.0,1.0
5600,124-76-120,2016,1.0,1.0
5600,124-76-120,2017,1.0,1.0
5600,124-76-120,2022,1.0,1.0
5600,124-76-120,2023,1.0,1.0
5600,124-76-121,1998,1.0,0.0
5600,124-76-121,2003,1.0,1.0
5600,124-76-121,2008,1.0,0.0
5600,124-76-121,2010,1.0,1.0
5600,124-76-121,2011,1.0,1.0
5600,124-76-121,2016,1.0,1.0
5600,124-76-121,2017,1.0,1.0
5600,124-76-121,2022,1.0,1.0
5600,124-76-121,2023,1.0,1.0
5600,124-76-125,2008,1.0,1.0
5600,124-76-125,2010,1.0,1.0
5600,124-76-125,2011,1.0,1.0
5600,124-76-125,2014,1.0,1.0
5600,124-76-125,2016,1.0,1.0
5600,124-76-125,2017,1.0,1.0
5600,124-76-125,2018,1.0,1.0
5600,124-76-127,2001,1.0,1.0
5600,124-76-127,2006,1.0,1.0
5600,124-76-127,2007,1.0,1.0
5600,124-76-127,2022,1.0,1.0
5600,124-76-140,2003,1.0,0.0
5600,124-76-140,2006,1.0,1.0
5600,124-76-140,2007,1.0,1.0
5600,124-76-140,2008,1.0,1.0
5600,124-76-140,2010,1.0,0.0
5600,124-76-140,2011,1.0,1.0
5600,124-76-140,2012,1.0,1.0
5600,124-76-140,2016,1.0,1.0
5600,124-76-140,2017,1.0,1.0
5600,124-76-140,2022,1.0,1.0
5600,124-76-140,2023,1.0,1.0
5600,124-76-159,1998,1.0,1.0
5600,124-76-159,2008,1.0,0.0
5600,124-76-159,2009,1.0,1.0
5600,124-76-159,2016,1.0,1.0
5600,124-76-159,2017,1.0,1.0
5600,124-76-159,2023,1.0,0.0
5600,124-76-16,1998,1.0,0.0
5600,124-76-16,2001,1.0,1.0
5600,124-76-16,2003,1.0,1.0
5600,124-76-16,2006,1.0,1.0
5600,124-76-16,2007,1.0,1.0
5600,124-76-16,2008,1.0,1.0
5600,124-76-16,2011,1.0,1.0
5600,124-76-16,2012,1.0,1.0
5600,124-76-16,2014,1.0,1.0
5600,124-76-165,1998,1.0,1.0
5600,124-76-165,2000,1.0,0.0
5600,124-76-165,2007,1.0,1.0
5600,124-76-165,2008,1.0,1.0
5600,124-76-165,2009,1.0,1.0
5600,124-76-165,2010,1.0,1.0
5600,124-76-165,2013,1.0,1.0
5600,124-76-165,2015,1.0,1.0
5600,124-76-165,2016,1.0,1.0
5600,124-76-165,2019,1.0,1.0
5600,124-76-165,2022,1.0,1.0
5600,124-76-165,2023,1.0,1.0
5600,124-76-18,1998,1.0,1.0
5600,124-76-18,2003,1.0,0.0
5600,124-76-18,2007,1.0,1.0
5600,124-76-18,2008,1.0,1.0
5600,124-76-18,2011,1.0,1.0
5600,124-76-18,2012,1.0,1.0
5600,124-76-18,2016,1.0,1.0
5600,124-76-18,2022,1.0,1.0
5600,124-76-18,2023,1.0,1.0
5600,124-76-19,2007,1.0,1.0
5600,124-76-19,2010,1.0,1.0
5600,124-76-19,2011,1.0,1.0
5600,124-76-19,2012,1.0,1.0
5600,124-76-19,2016,1.0,1.0
5600,124-76-19,2017,1.0,1.0
5600,124-76-19,2022,1.0,1.0
5600,124-76-19,2023,1.0,1.0
5600,124-76-190,1998,1.0,1.0
5600,124-76-190,2007,1.0,1.0
5600,124-76-190,2010,1.0,1.0
5600,124-76-190,2012,1.0,0.0
5600,124-76-190,2013,1.0,1.0
5600,124-76-190,2016,1.0,1.0
5600,124-76-190,2022,1.0,1.0
5600,124-76-2,2003,1.0,1.0
5600,124-76-2,2010,1.0,1.0
5600,124-76-2,2016,1.0,1.0
5600,124-76-2,2017,1.0,1.0
5600,124-76-2,2018,1.0,1.0
5600,124-76-2,2022,1.0,1.0
5600,124-76-201,2001,1.0,1.0
5600,124-76-201,2006,1.0,1.0
5600,124-76-201,2007,1.0,1.0
5600,124-76-201,2010,1.0,1.0
5600,124-76-201,2011,1.0,1.0
5600,124-76-201,2014,1.0,0.0
5600,124-76-201,2016,1.0,1.0
5600,124-76-21,1998,1.0,1.0
5600,124-76-21,2003,1.0,1.0
5600,124-76-21,2007,1.0,1.0
5600,124-76-21,2008,1.0,1.0
5600,124-76-21,2010,1.0,1.0
5600,124-76-21,2011,1.0,1.0
5600,124-76-21,2012,1.0,1.0
5600,124-76-21,2016,1.0,1.0
5600,124-76-21,2017,1.0,1.0
5600,124-76-21,2022,1.0,1.0
5600,124-76-21,2023,1.0,1.0
5600,124-76-216,2003,1.0,1.0
5600,124-76-216,2010,1.0,0.0
5600,124-76-216,2011,1.0,1.0
5600,124-76-216,2016,1.0,1.0
5600,124-76-216,2022,1.0,1.0
5600,124-76-22,1998,1.0,1.0
5600,124-76-22,2007,1.0,1.0
5600,124-76-22,2010,1.0,1.0
5600,124-76-22,2011,1.0,1.0
5600,124-76-22,2012,1.0,1.0
5600,124-76-22,2013,1.0,1.0
5600,124-76-22,2016,1.0,1.0
5600,124-76-22,2017,1.0,1.0
5600,124-76-22,2022,1.0,1.0
5600,124-76-22,2023,1.0,1.0
5600,124-76-221,1998,1.0,1.0
5600,124-76-221,2003,1.0,1.0
5600,124-76-221,2007,1.0,1.0
5600,124-76-221,2008,1.0,1.0
5600,124-76-221,2011,1.0,1.0
5600,124-76-221,2012,1.0,1.0
5600,124-76-23,1998,1.0,1.0
5600,124-76-23,2007,1.0,1.0
5600,124-76-23,2008,1.0,1.0
5600,124-76-23,2011,1.0,1.0
5600,124-76-23,2012,1.0,1.0
5600,124-76-23,2016,1.0,1.0
5600,124-76-23,2023,1.0,0.0
5600,124-76-238,2010,1.0,0.0
5600,124-76-238,2022,1.0,1.0
5600,124-76-238,2023,1.0,1.0
5600,124-76-3,2003,1.0,0.0
5600,124-76-3,2007,1.0,1.0
5600,124-76-3,2010,1.0,1.0
5600,124-76-3,2011,1.0,1.0
5600,124-76-3,2022,1.0,0.0
5600,124-76-302,1998,1.0,1.0
5600,124-76-302,2003,1.0,1.0
5600,124-76-302,2006,1.0,1.0
5600,124-76-302,2007,1.0,1.0
5600,124-76-302,2010,1.0,1.0
5600,124-76-302,2011,1.0,1.0
5600,124-76-302,2014,1.0,1.0
5600,124-76-302,2016,1.0,1.0
5600,124-76-302,2022,1.0,1.0
5600,124-76-302,2023,1.0,1.0
5600,124-76-306,1998,1.0,1.0
5600,124-76-306,2003,1.0,1.0
5600,124-76-306,2007,1.0,1.0
5600,124-76-306,2010,1.0,1.0
5600,124-76-306,2011,1.0,1.0
5600,124-76-306,2016,1.0,1.0
5600,124-76-306,2023,1.0,1.0
5600,124-76-309,1998,1.0,0.0
5600,124-76-309,2003,1.0,1.0
5600,124-76-309,2007,1.0,1.0
5600,124-76-309,2010,1.0,1.0
5600,124-76-309,2011,1.0,1.0
5600,124-76-309,2012,1.0,1.0
5600,124-76-309,2013,1.0,1.0
5600,124-76-309,2016,1.0,1.0
5600,124-76-309,2017,1.0,1.0
5600,124-76-309,2018,1.0,1.0
5600,124-76-310,1998,1.0,1.0
5600,124-76-310,2003,1.0,0.0
5600,124-76-310,2007,1.0,1.0
5600,124-76-310,2010,1.0,1.0
5600,124-76-310,2011,1.0,1.0
5600,124-76-310,2012,1.0,1.0
5600,124-76-310,2016,1.0,1.0
5600,124-76-310,2017,1.0,1.0
5600,124-76-310,2019,1.0,1.0
5600,124-76-310,2022,1.0,1.0
5600,124-76-310,2023,1.0,1.0
5600,124-76-314,2003,1.0,1.0
5600,124-76-314,2007,1.0,1.0
5600,124-76-314,2010,1.0,1.0
5600,124-76-314,2011,1.0,1.0
5600,124-76-314,2014,1.0,0.0
5600,124-76-318,1998,1.0,0.0
5600,124-76-318,2003,1.0,1.0
5600,124-76-318,2011,1.0,0.0
5600,124-76-318,2012,1.0,1.0
5600,124-76-318,2014,1.0,0.0
5600,124-76-318,2016,1.0,1.0
5600,124-76-318,2022,1.0,1.0
5600,124-76-318,2023,1.0,1.0
5600,124-76-320,2007,1.0,1.0
5600,124-76-320,2008,1.0,1.0
5600,124-76-320,2011,1.0,1.0
5600,124-76-320,2012,1.0,1.0
5600,124-76-320,2014,1.0,0.0
5600,124-76-320,2023,1.0,0.0
5600,124-76-324,2007,1.0,1.0
5600,124-76-324,2008,1.0,1.0
5600,124-76-324,2010,1.0,1.0
5600,124-76-324,2011,1.0,1.0
5600,124-76-324,2012,1.0,1.0
5600,124-76-324,2016,1.0,1.0
5600,124-76-324,2017,1.0,1.0
5600,124-76-324,2023,1.0,0.0
5600,124-76-39,2003,1.0,1.0
5600,124-76-39,2006,1.0,0.0
5600,124-76-39,2008,1.0,0.0
5600,124-76-39,2009,1.0,1.0
5600,124-76-39,2010,1.0,1.0
5600,124-76-39,2017,1.0,1.0
5600,124-76-39,2023,1.0,0.0
5600,124-76-4,1998,1.0,1.0
5600,124-76-4,2003,1.0,1.0
5600,124-76-4,2006,1.0,1.0
5600,124-76-4,2007,1.0,1.0
5600,124-76-4,2010,1.0,1.0
5600,124-76-4,2011,1.0,1.0
5600,124-76-4,2013,1.0,1.0
5600,124-76-4,2016,1.0,1.0
5600,124-76-4,2017,1.0,1.0
5600,124-76-4,2022,1.0,1.0
5600,124-76-4,2023,1.0,1.0
5600,124-76-40,2003,1.0,0.0
5600,124-76-40,2007,1.0,0.0
5600,124-76-40,2008,1.0,1.0
5600,124-76-40,2010,1.0,1.0
5600,124-76-40,2011,1.0,1.0
5600,124-76-40,2012,1.0,1.0
5600,124-76-40,2017,1.0,1.0
5600,124-76-40,2022,1.0,1.0
5600,124-76-439,2006,1.0,1.0
5600,124-76-439,2007,1.0,1.0
5600,124-76-439,2011,1.0,0.0
5600,124-76-439,2012,1.0,1.0
5600,124-76-439,2017,1.0,1.0
5600,124-76-439,2022,1.0,1.0
5600,124-76-439,2023,1.0,1.0
5600,124-76-5,1998,1.0,1.0
5600,124-76-5,2003,1.0,1.0
5600,124-76-5,2007,1.0,1.0
5600,124-76-5,2010,1.0,1.0
5600,124-76-5,2011,1.0,1.0
5600,124-76-5,2013,1.0,1.0
5600,124-76-5,2016,1.0,1.0
5600,124-76-5,2017,1.0,1.0
5600,124-76-5,2022,1.0,1.0
5600,124-76-5,2023,1.0,1.0
5600,124-76-55,2007,1.0,0.0
5600,124-76-55,2008,1.0,1.0
5600,124-76-55,2011,1.0,1.0
5600,124-76-55,2016,1.0,0.0
5600,124-76-55,2017,1.0,1.0
5600,124-76-55,2022,1.0,1.0
5600,124-76-6,1998,1.0,1.0
5600,124-76-6,2003,1.0,1.0
5600,124-76-6,2006,1.0,1.0
5600,124-76-6,2007,1.0,1.0
5600,124-76-6,2008,1.0,1.0
5600,124-76-6,2011,1.0,1.0
5600,124-76-6,2012,1.0,1.0
5600,124-76-6,2014,1.0,1.0
5600,124-76-60,1998,1.0,1.0
5600,124-76-60,2007,1.0,1.0
5600,124-76-60,2008,1.0,1.0
5600,124-76-60,2009,1.0,1.0
5600,124-76-60,2011,1.0,0.0
5600,124-76-60,2012,1.0,1.0
5600,124-76-60,2016,1.0,1.0
5600,124-76-61,1998,1.0,1.0
5600,124-76-61,2008,1.0,0.0
5600,124-76-61,2011,1.0,0.0
5600,124-76-61,2012,1.0,1.0
5600,124-76-61,2016,1.0,1.0
5600,124-76-61,2017,1.0,1.0
5600,124-76-67,2007,1.0,1.0
5600,124-76-67,2009,1.0,1.0
5600,124-76-67,2010,1.0,1.0
5600,124-76-67,2013,1.0,1.0
5600,124-76-67,2016,1.0,1.0
5600,124-76-67,2022,1.0,1.0
5600,124-76-67,2023,1.0,1.0
5600,124-76-69,1998,1.0,1.0
5600,124-76-69,2007,1.0,1.0
5600,124-76-69,2009,1.0,0.0
5600,124-76-69,2010,1.0,1.0
5600,124-76-69,2012,1.0,0.0
5600,124-76-69,2016,1.0,0.0
5600,124-76-69,2017,1.0,1.0
5600,124-76-69,2022,1.0,1.0
5600,124-76-69,2023,1.0,1.0
5600,124-76-70,2005,1.0,1.0
5600,124-76-70,2008,1.0,0.0
5600,124-76-70,2015,1.0,0.0
5600,124-76-70,2019,1.0,0.0
5600,124-76-8,1998,1.0,1.0
5600,124-76-8,2003,1.0,1.0
5600,124-76-8,2007,1.0,1.0
5600,124-76-8,2010,1.0,1.0
5600,124-76-8,2011,1.0,1.0
5600,124-76-8,2012,1.0,1.0
5600,124-76-8,2022,1.0,1.0
5600,124-76-8,2023,1.0,1.0
5600,124-76-9,1998,1.0,1.0
5600,124-76-9,2003,1.0,1.0
5600,124-76-9,2007,1.0,0.0
5600,124-76-9,2010,1.0,1.0
5600,124-76-9,2011,1.0,1.0
5600,124-76-9,2013,1.0,1.0
5600,124-76-9,2016,1.0,1.0
5600,124-76-9,2023,1.0,0.0
5600,124-76-90,1998,1.0,1.0
5600,124-76-90,2003,1.0,1.0
5600,124-76-90,2007,1.0,1.0
5600,124-76-90,2010,1.0,1.0
5600,124-76-90,2011,1.0,1.0
5600,124-76-90,2017,1.0,0.0
5600,124-76-90,2022,1.0,1.0
5600,124-79-112,2007,1.0,0.0
5600,124-79-112,2019,1.0,0.0
5600,124-79-130,2008,1.0,1.0
5600,124-79-130,2009,1.0,1.0
5600,124-79-130,2010,1.0,1.0
5600,124-79-130,2011,1.0,1.0
5600,124-79-130,2012,1.0,1.0
5600,124-79-130,2013,1.0,1.0
5600,124-79-130,2017,1.0,1.0
5600,124-79-130,2022,1.0,1.0
5600,124-79-132,2003,1.0,1.0
5600,124-79-132,2008,1.0,0.0
5600,124-79-132,2009,1.0,1.0
5600,124-79-132,2013,1.0,0.0
5600,124-79-132,2022,1.0,0.0
5600,124-79-133,2009,1.0,1.0
5600,124-79-133,2012,1.0,0.0
5600,124-79-133,2019,1.0,0.0
5600,124-79-139,1998,1.0,0.0
5600,124-79-139,1999,1.0,1.0
5600,124-79-139,2001,1.0,1.0
5600,124-79-139,2010,1.0,0.0
5600,124-79-139,2011,1.0,1.0
5600,124-79-139,2017,1.0,0.0
5600,124-79-142,1998,1.0,0.0
5600,124-79-142,2003,1.0,1.0
5600,124-79-142,2007,1.0,1.0
5600,124-79-142,2010,1.0,1.0
5600,124-79-142,2011,1.0,1.0
5600,124-79-142,2012,1.0,1.0
5600,124-79-142,2013,1.0,1.0
5600,124-79-24,2000,1.0,0.0
5600,124-79-33,2001,1.0,0.0
5600,124-79-33,2003,1.0,1.0
5600,124-79-33,2007,1.0,1.0
5600,124-79-33,2008,1.0,1.0
5600,124-79-33,2009,1.0,1.0
5600,124-79-33,2010,1.0,1.0
5600,124-79-33,2011,1.0,1.0
5600,124-79-33,2013,1.0,1.0
5600,124-79-33,2019,1.0,1.0
5600,124-79-40,1998,1.0,0.0
5600,124-79-40,1999,1.0,1.0
5600,124-79-40,2001,1.0,1.0
5600,124-79-40,2019,1.0,1.0
5600,124-79-40,2022,1.0,1.0
5600,124-93-164,2009,1.0,1.0
5600,124-93-164,2010,1.0,1.0
5600,124-93-164,2022,1.0,1.0
5600,124-93-19,2010,1.0,0.0
5600,124-93-19,2011,1.0,1.0
5600,124-93-19,2015,1.0,1.0
5600,124-93-19,2017,1.0,1.0
5600,124-93-19,2018,1.0,1.0
5600,124-93-19,2019,1.0,1.0
5600,124-93-21,2000,1.0,0.0
5600,124-93-21,2001,1.0,1.0
5600,124-93-21,2002,1.0,1.0
5600,124-93-21,2005,1.0,1.0
5600,124-93-21,2006,1.0,1.0
5600,124-93-21,2009,1.0,1.0
5600,124-93-21,2011,1.0,1.0
5600,124-93-21,2015,1.0,1.0
5600,124-93-21,2017,1.0,1.0
5600,124-93-21,2018,1.0,1.0
5600,124-93-21,2019,1.0,1.0
5600,124-93-21,2023,1.0,1.0
5600,124-93-26,2007,1.0,1.0
5600,124-93-26,2009,1.0,0.0
5600,124-93-26,2011,1.0,1.0
5600,124-93-26,2016,1.0,0.0
5600,124-93-26,2023,1.0,1.0
5600,124-93-314,1999,1.0,0.0
5600,124-93-314,2000,1.0,1.0
5600,124-93-314,2023,1.0,1.0
5600,124-93-51,2005,1.0,1.0
5600,124-93-51,2006,1.0,1.0
5600,124-93-51,2009,1.0,1.0
5600,124-93-51,2012,1.0,1.0
5600,124-93-51,2015,1.0,1.0
5600,124-93-51,2016,1.0,1.0
5600,124-93-51,2017,1.0,1.0
5600,124-93-6,2001,1.0,1.0
5600,124-93-6,2002,1.0,1.0
5600,124-93-6,2005,1.0,1.0
5600,124-93-6,2009,1.0,0.0
5600,124-93-6,2012,1.0,0.0
5600,124-93-6,2015,1.0,1.0
5600,124-93-6,2017,1.0,1.0
5600,124-93-6,2018,1.0,1.0
5600,124-93-6,2019,1.0,1.0
5600,124-93-64,2008,1.0,0.0
5600,124-93-64,2009,1.0,1.0
5600,124-93-64,2016,1.0,1.0
5600,124-93-64,2017,1.0,1.0
5600,124-93-78,2008,1.0,0.0
5600,124-93-79,2006,1.0,0.0
5600,124-93-79,2008,1.0,0.0
5600,840-14-1,2007,1.0,1.0
5600,840-14-1,2008,1.0,1.0
5600,840-14-1,2009,1.0,1.0
5600,840-14-1,2018,1.0,1.0
5600,840-14-106,2013,1.0,0.0
5600,840-14-108,1998,1.0,1.0
5600,840-14-108,2000,1.0,1.0
5600,840-14-108,2001,1.0,1.0
5600,840-14-108,2003,1.0,1.0
5600,840-14-108,2006,1.0,1.0
5600,840-14-108,2008,1.0,1.0
5600,840-14-108,2009,1.0,1.0
5600,840-14-108,2013,1.0,1.0
5600,840-14-108,2014,1.0,1.0
5600,840-14-108,2017,1.0,1.0
5600,840-14-108,2018,1.0,1.0
5600,840-14-11,2002,1.0,0.0
5600,840-14-11,2003,1.0,1.0
5600,840-14-11,2013,1.0,1.0
5600,840-14-11,2016,1.0,1.0
5600,840-14-118,2014,1.0,0.0
5600,840-14-128,2007,1.0,0.0
5600,840-14-13,2001,1.0,0.0
5600,840-14-13,2002,1.0,1.0
5600,840-14-13,2007,1.0,0.0
5600,840-14-13,2016,1.0,1.0
5600,840-14-13,2017,1.0,1.0
5600,840-14-13,2018,1.0,1.0
5600,840-14-13,2019,1.0,1.0
5600,840-14-13,2022,1.0,0.0
5600,840-14-137,2015,1.0,0.0
5600,840-14-138,2002,1.0,0.0
5600,840-14-138,2003,1.0,1.0
5600,840-14-138,2004,1.0,1.0
5600,840-14-14,1998,1.0,1.0
5600,840-14-14,2001,1.0,1.0
5600,840-14-14,2002,1.0,1.0
5600,840-14-14,2004,1.0,1.0
5600,840-14-14,2005,1.0,1.0
5600,840-14-14,2007,1.0,0.0
5600,840-14-14,2008,1.0,1.0
5600,840-14-14,2009,1.0,1.0
5600,840-14-151,1999,1.0,1.0
5600,840-14-151,2009,1.0,1.0
5600,840-14-151,2010,1.0,1.0
5600,840-14-153,2002,1.0,0.0
5600,840-14-153,2003,1.0,1.0
5600,840-14-153,2007,1.0,1.0
5600,840-14-153,2018,1.0,1.0
5600,840-14-153,2019,1.0,1.0
5600,840-14-153,2022,1.0,0.0
5600,840-14-154,2013,1.0,0.0
5600,840-14-154,2018,1.0,0.0
5600,840-14-156,2002,1.0,1.0
5600,840-14-156,2003,1.0,1.0
5600,840-14-156,2004,1.0,1.0
5600,840-14-156,2006,1.0,1.0
5600,840-14-156,2007,1.0,1.0
5600,840-14-156,2008,1.0,1.0
5600,840-14-156,2018,1.0,0.0
5600,840-14-156,2019,1.0,1.0
5600,840-14-158,2003,1.0,0.0
5600,840-14-158,2007,1.0,1.0
5600,840-14-158,2008,1.0,1.0
5600,840-14-158,2016,1.0,1.0
5600,840-14-158,2019,1.0,0.0
5600,840-14-160,2002,1.0,0.0
5600,840-14-160,2003,1.0,1.0
5600,840-14-160,2008,1.0,0.0
5600,840-14-160,2013,1.0,0.0
5600,840-14-160,2016,1.0,1.0
5600,840-14-160,2018,1.0,0.0
5600,840-14-164,2003,1.0,0.0
5600,840-14-164,2004,1.0,1.0
5600,840-14-165,2001,1.0,1.0
5600,840-14-165,2008,1.0,0.0
5600,840-14-165,2018,1.0,1.0
5600,840-14-165,2019,1.0,1.0
5600,840-14-165,2022,1.0,1.0
5600,840-14-166,2008,1.0,0.0
5600,840-14-166,2009,1.0,1.0
5600,840-14-168,2007,1.0,1.0
5600,840-14-168,2016,1.0,1.0
5600,840-14-168,2017,1.0,1.0
5600,840-14-168,2018,1.0,1.0
5600,840-14-168,2019,1.0,1.0
5600,840-14-173,2004,1.0,0.0
5600,840-14-175,2007,1.0,0.0
5600,840-14-175,2008,1.0,1.0
5600,840-14-175,2016,1.0,1.0
5600,840-14-175,2019,1.0,1.0
5600,840-14-176,2002,1.0,1.0
5600,840-14-176,2004,1.0,1.0
5600,840-14-176,2006,1.0,1.0
5600,840-14-176,2007,1.0,1.0
5600,840-14-176,2013,1.0,1.0
5600,840-14-176,2014,1.0,1.0
5600,840-14-176,2016,1.0,1.0
5600,840-14-176,2017,1.0,1.0
5600,840-14-176,2018,1.0,1.0
5600,840-14-177,2012,1.0,0.0
5600,840-14-179,2012,1.0,0.0
5600,840-14-18,2001,1.0,1.0
5600,840-14-18,2002,1.0,1.0
5600,840-14-18,2003,1.0,1.0
5600,840-14-18,2004,1.0,1.0
5600,840-14-18,2006,1.0,1.0
5600,840-14-18,2007,1.0,1.0
5600,840-14-18,2008,1.0,1.0
5600,840-14-18,2014,1.0,1.0
5600,840-14-18,2018,1.0,1.0
5600,840-14-18,2019,1.0,1.0
5600,840-14-181,2001,1.0,1.0
5600,840-14-181,2007,1.0,1.0
5600,840-14-181,2008,1.0,1.0
5600,840-14-181,2016,1.0,1.0
5600,840-14-181,2018,1.0,1.0
5600,840-14-181,2019,1.0,1.0
5600,840-14-182,2003,1.0,1.0
5600,840-14-182,2009,1.0,0.0
5600,840-14-182,2013,1.0,1.0
5600,840-14-182,2016,1.0,1.0
5600,840-14-182,2017,1.0,1.0
5600,840-14-182,2022,1.0,1.0
5600,840-14-184,2002,1.0,0.0
5600,840-14-184,2004,1.0,0.0
5600,840-14-184,2006,1.0,1.0
5600,840-14-184,2018,1.0,0.0
5600,840-14-185,2001,1.0,1.0
5600,840-14-185,2002,1.0,1.0
5600,840-14-185,2003,1.0,1.0
5600,840-14-185,2007,1.0,1.0
5600,840-14-185,2008,1.0,1.0
5600,840-14-185,2016,1.0,1.0
5600,840-14-185,2018,1.0,0.0
5600,840-14-185,2022,1.0,1.0
5600,840-14-186,2023,1.0,0.0
5600,840-14-188,2001,1.0,1.0
5600,840-14-188,2002,1.0,1.0
5600,840-14-188,2003,1.0,1.0
5600,840-14-188,2004,1.0,1.0
5600,840-14-188,2006,1.0,1.0
5600,840-14-188,2007,1.0,1.0
5600,840-14-188,2008,1.0,1.0
5600,840-14-188,2014,1.0,1.0
5600,840-14-188,2016,1.0,1.0
5600,840-14-188,2017,1.0,1.0
5600,840-14-188,2019,1.0,0.0
5600,840-14-188,2022,1.0,1.0
5600,840-14-193,2002,1.0,1.0
5600,840-14-193,2003,1.0,1.0
5600,840-14-193,2004,1.0,1.0
5600,840-14-193,2009,1.0,0.0
5600,840-14-193,2016,1.0,0.0
5600,840-14-194,2009,1.0,0.0
5600,840-14-195,2013,1.0,0.0
5600,840-14-198,2001,1.0,0.0
5600,840-14-198,2009,1.0,0.0
5600,840-14-199,2002,1.0,0.0
5600,840-14-199,2004,1.0,1.0
5600,840-14-199,2007,1.0,1.0
5600,840-14-199,2016,1.0,1.0
5600,840-14-199,2017,1.0,1.0
5600,840-14-199,2019,1.0,1.0
5600,840-14-201,2002,1.0,1.0
5600,840-14-201,2003,1.0,1.0
5600,840-14-201,2004,1.0,1.0
5600,840-14-201,2006,1.0,1.0
5600,840-14-201,2007,1.0,1.0
5600,840-14-201,2013,1.0,1.0
5600,840-14-201,2016,1.0,1.0
5600,840-14-201,2017,1.0,1.0
5600,840-14-201,2018,1.0,1.0
5600,840-14-205,2001,1.0,1.0
5600,840-14-205,2003,1.0,1.0
5600,840-14-205,2004,1.0,1.0
5600,840-14-205,2006,1.0,1.0
5600,840-14-205,2007,1.0,1.0
5600,840-14-205,2008,1.0,1.0
5600,840-14-205,2014,1.0,0.0
5600,840-14-3,2002,1.0,1.0
5600,840-14-3,2003,1.0,1.0
5600,840-14-3,2004,1.0,1.0
5600,840-14-3,2007,1.0,1.0
5600,840-14-3,2013,1.0,1.0
5600,840-14-3,2014,1.0,1.0
5600,840-14-3,2016,1.0,1.0
5600,840-14-3,2017,1.0,1.0
5600,840-14-3,2018,1.0,1.0
5600,840-14-308,2002,1.0,1.0
5600,840-14-308,2003,1.0,1.0
5600,840-14-308,2004,1.0,1.0
5600,840-14-308,2007,1.0,1.0
5600,840-14-308,2008,1.0,1.0
5600,840-14-308,2013,1.0,1.0
5600,840-14-308,2016,1.0,0.0
5600,840-14-308,2018,1.0,0.0
5600,840-14-406,2004,1.0,1.0
5600,840-14-406,2007,1.0,1.0
5600,840-14-406,2016,1.0,1.0
5600,840-14-406,2017,1.0,1.0
5600,840-14-406,2018,1.0,1.0
5600,840-14-406,2019,1.0,1.0
5600,840-14-407,2002,1.0,0.0
5600,840-14-407,2007,1.0,1.0
5600,840-14-407,2014,1.0,1.0
5600,840-14-407,2016,1.0,1.0
5600,840-14-407,2017,1.0,1.0
5600,840-14-407,2018,1.0,1.0
5600,840-14-407,2019,1.0,1.0
5600,840-14-408,2001,1.0,0.0
5600,840-14-408,2018,1.0,1.0
5600,840-14-408,2019,1.0,1.0
5600,840-14-408,2022,1.0,1.0
5600,840-14-409,2002,1.0,0.0
5600,840-14-414,2001,1.0,1.0
5600,840-14-414,2008,1.0,1.0
5600,840-14-415,2003,1.0,0.0
5600,840-14-415,2004,1.0,1.0
5600,840-14-415,2007,1.0,0.0
5600,840-14-415,2016,1.0,1.0
5600,840-14-415,2017,1.0,1.0
5600,840-14-415,2018,1.0,1.0
5600,840-14-415,2019,1.0,1.0
5600,840-14-415,2022,1.0,1.0
5600,840-14-417,2001,1.0,1.0
5600,840-14-417,2002,1.0,1.0
5600,840-14-417,2004,1.0,1.0
5600,840-14-417,2007,1.0,1.0
5600,840-14-417,2008,1.0,1.0
5600,840-14-417,2014,1.0,1.0
5600,840-14-417,2016,1.0,1.0
5600,840-14-417,2018,1.0,0.0
5600,840-14-417,2019,1.0,1.0
5600,840-14-417,2022,1.0,1.0
5600,840-14-418,2002,1.0,0.0
5600,840-14-418,2004,1.0,0.0
5600,840-14-418,2007,1.0,0.0
5600,840-14-418,2008,1.0,1.0
5600,840-14-418,2016,1.0,1.0
5600,840-14-418,2017,1.0,1.0
5600,840-14-418,2019,1.0,0.0
5600,840-14-418,2022,1.0,1.0
5600,840-14-419,2002,1.0,0.0
5600,840-14-419,2003,1.0,1.0
5600,840-14-419,2004,1.0,1.0
5600,840-14-419,2007,1.0,1.0
5600,840-14-419,2017,1.0,1.0
5600,840-14-419,2018,1.0,1.0
5600,840-14-419,2019,1.0,1.0
5600,840-14-420,2001,1.0,1.0
5600,840-14-420,2002,1.0,1.0
5600,840-14-420,2006,1.0,1.0
5600,840-14-420,2007,1.0,1.0
5600,840-14-420,2016,1.0,0.0
5600,840-14-420,2017,1.0,1.0
5600,840-14-422,2002,1.0,1.0
5600,840-14-422,2003,1.0,1.0
5600,840-14-422,2019,1.0,0.0
5600,840-14-423,2001,1.0,1.0
5600,840-14-423,2003,1.0,1.0
5600,840-14-423,2004,1.0,1.0
5600,840-14-423,2007,1.0,1.0
5600,840-14-423,2008,1.0,1.0
5600,840-14-426,2001,1.0,1.0
5600,840-14-426,2014,1.0,0.0
5600,840-14-426,2016,1.0,1.0
5600,840-14-426,2017,1.0,1.0
5600,840-14-426,2022,1.0,1.0
5600,840-14-434,2002,1.0,0.0
5600,840-14-434,2003,1.0,1.0
5600,840-14-434,2006,1.0,1.0
5600,840-14-434,2007,1.0,1.0
5600,840-14-434,2008,1.0,1.0
5600,840-14-434,2014,1.0,1.0
5600,840-14-435,2002,1.0,1.0
5600,840-14-435,2008,1.0,1.0
5600,840-14-435,2017,1.0,1.0
5600,840-14-435,2018,1.0,1.0
5600,840-14-435,2022,1.0,1.0
5600,840-14-435,2023,1.0,1.0
5600,840-14-436,2001,1.0,1.0
5600,840-14-436,2007,1.0,1.0
5600,840-14-436,2008,1.0,1.0
5600,840-14-436,2016,1.0,1.0
5600,840-14-436,2018,1.0,1.0
5600,840-14-436,2019,1.0,1.0
5600,840-14-47,2003,1.0,0.0
5600,840-14-58,2015,1.0,0.0
5600,840-14-6,2002,1.0,1.0
5600,840-14-6,2004,1.0,1.0
5600,840-14-6,2022,1.0,1.0
5600,840-14-6,2023,1.0,1.0
5600,840-14-71,2000,1.0,1.0
5600,840-14-71,2001,1.0,1.0
5600,840-14-71,2003,1.0,1.0
5600,840-14-71,2004,1.0,1.0
5600,840-14-71,2005,1.0,1.0
5600,840-14-71,2006,1.0,1.0
5600,840-14-71,2007,1.0,1.0
5600,840-14-71,2009,1.0,1.0
5600,840-14-71,2010,1.0,1.0
5600,840-14-71,2012,1.0,1.0
5600,840-14-71,2014,1.0,0.0
5600,840-14-71,2017,1.0,0.0
5600,840-14-71,2018,1.0,1.0
5600,840-14-71,2022,1.0,0.0
5600,840-14-78,2007,1.0,1.0
5600,840-14-78,2008,1.0,1.0
5600,840-14-78,2016,1.0,0.0
5600,840-14-78,2018,1.0,1.0
5600,840-14-78,2019,1.0,1.0
5600,840-14-78,2022,1.0,1.0
5600,840-14-82,2001,1.0,1.0
5600,840-14-82,2002,1.0,1.0
5600,840-14-82,2003,1.0,1.0
5600,840-14-82,2004,1.0,1.0
5600,840-14-82,2007,1.0,1.0
5600,840-14-82,2008,1.0,1.0
5600,840-14-82,2014,1.0,1.0
5600,840-14-82,2016,1.0,1.0
5600,840-14-82,2018,1.0,0.0
5600,840-14-82,2019,1.0,1.0
5600,840-14-82,2022,1.0,1.0
5600,840-14-9,2002,1.0,0.0
5600,840-14-9,2006,1.0,1.0
5600,840-14-9,2007,1.0,1.0
5600,840-14-9,2013,1.0,1.0
5600,840-14-9,2014,1.0,1.0
5600,840-14-9,2016,1.0,1.0
5600,840-14-9,2017,1.0,1.0
5600,840-14-9,2018,1.0,1.0
5600,840-14-95,2002,1.0,0.0
5600,840-14-95,2014,1.0,0.0
5600,840-14-95,2016,1.0,1.0
5600,840-14-95,2017,1.0,1.0
5600,840-14-96,1999,1.0,0.0
5600,840-14-97,1999,1.0,0.0
5600,840-14-98,2002,1.0,1.0
5600,840-14-98,2003,1.0,1.0
5600,840-14-98,2004,1.0,1.0
5600,840-14-98,2006,1.0,1.0
5600,840-14-98,2007,1.0,1.0
5600,840-14-98,2016,1.0,1.0
5600,840-14-98,2018,1.0,1.0
5600,840-17-1,2000,1.0,1.0
5600,840-17-1,2004,1.0,1.0
5600,840-17-1,2010,1.0,0.0
5600,840-17-1,2022,1.0,1.0
5600,840-17-10,2000,1.0,0.0
5600,840-17-10,2001,1.0,1.0
5600,840-17-10,2010,1.0,1.0
5600,840-17-10,2017,1.0,1.0
5600,840-17-10,2022,1.0,1.0
5600,840-17-11,2000,1.0,1.0
5600,840-17-11,2008,1.0,1.0
5600,840-17-11,2015,1.0,1.0
5600,840-17-125,1999,1.0,0.0
5600,840-17-126,2018,1.0,0.0
5600,840-17-15,2000,1.0,0.0
5600,840-17-15,2015,1.0,1.0
5600,840-17-153,2000,1.0,0.0
5600,840-17-154,2000,1.0,1.0
5600,840-17-154,2007,1.0,1.0
5600,840-17-154,2011,1.0,0.0
5600,840-17-154,2015,1.0,0.0
5600,840-17-16,2004,1.0,1.0
5600,840-17-16,2010,1.0,0.0
5600,840-17-16,2014,1.0,0.0
5600,840-17-17,2000,1.0,1.0
5600,840-17-17,2004,1.0,0.0
5600,840-17-17,2011,1.0,0.0
5600,840-17-2,2010,1.0,0.0
5600,840-17-202,2010,1.0,1.0
5600,840-17-203,2000,1.0,1.0
5600,840-17-203,2010,1.0,1.0
5600,840-17-203,2022,1.0,0.0
5600,840-17-204,2007,1.0,1.0
5600,840-17-208,2000,1.0,1.0
5600,840-17-208,2001,1.0,1.0
5600,840-17-208,2022,1.0,1.0
5600,840-17-209,2000,1.0,1.0
5600,840-17-209,2001,1.0,1.0
5600,840-17-209,2010,1.0,1.0
5600,840-17-211,2007,1.0,1.0
5600,840-17-215,2000,1.0,1.0
5600,840-17-215,2001,1.0,1.0
5600,840-17-215,2007,1.0,1.0
5600,840-17-215,2015,1.0,1.0
5600,840-17-215,2022,1.0,1.0
5600,840-17-216,2001,1.0,0.0
5600,840-17-216,2015,1.0,1.0
5600,840-17-217,2007,1.0,0.0
5600,840-17-217,2010,1.0,1.0
5600,840-17-217,2011,1.0,1.0
5600,840-17-217,2022,1.0,1.0
5600,840-17-218,2000,1.0,1.0
5600,840-17-218,2005,1.0,1.0
5600,840-17-218,2008,1.0,1.0
5600,840-17-218,2014,1.0,0.0
5600,840-17-218,2015,1.0,1.0
5600,840-17-222,2003,1.0,1.0
5600,840-17-222,2004,1.0,1.0
5600,840-17-222,2010,1.0,0.0
5600,840-17-222,2014,1.0,1.0
5600,840-17-223,2000,1.0,1.0
5600,840-17-223,2001,1.0,1.0
5600,840-17-223,2007,1.0,0.0
5600,840-17-223,2010,1.0,1.0
5600,840-17-223,2014,1.0,1.0
5600,840-17-223,2015,1.0,1.0
5600,840-17-223,2022,1.0,1.0
5600,840-17-23,2000,1.0,0.0
5600,840-17-23,2001,1.0,1.0
5600,840-17-23,2007,1.0,0.0
5600,840-17-23,2010,1.0,1.0
5600,840-17-23,2014,1.0,1.0
5600,840-17-23,2015,1.0,1.0
5600,840-17-3,2001,1.0,0.0
5600,840-17-3,2010,1.0,1.0
5600,840-17-301,2000,1.0,1.0
5600,840-17-301,2001,1.0,1.0
5600,840-17-301,2004,1.0,1.0
5600,840-17-301,2022,1.0,0.0
5600,840-17-302,2016,1.0,0.0
5600,840-17-303,2000,1.0,1.0
5600,840-17-303,2010,1.0,0.0
5600,840-17-304,2000,1.0,1.0
5600,840-17-304,2010,1.0,1.0
5600,840-17-308,2004,1.0,1.0
5600,840-17-308,2010,1.0,1.0
5600,840-17-309,2010,1.0,1.0
5600,840-17-31,2004,1.0,1.0
5600,840-17-31,2010,1.0,1.0
5600,840-17-31,2014,1.0,1.0
5600,840-17-31,2022,1.0,1.0
5600,840-17-315,2000,1.0,1.0
5600,840-17-315,2001,1.0,1.0
5600,840-17-315,2004,1.0,1.0
5600,840-17-315,2007,1.0,1.0
5600,840-17-315,2015,1.0,1.0
5600,840-17-315,2022,1.0,1.0
5600,840-17-316,2000,1.0,0.0
5600,840-17-316,2001,1.0,1.0
5600,840-17-316,2015,1.0,1.0
5600,840-17-316,2022,1.0,0.0
5600,840-17-317,2000,1.0,1.0
5600,840-17-317,2001,1.0,1.0
5600,840-17-317,2010,1.0,0.0
5600,840-17-317,2011,1.0,1.0
5600,840-17-318,2000,1.0,1.0
5600,840-17-318,2001,1.0,1.0
5600,840-17-318,2007,1.0,1.0
5600,840-17-318,2010,1.0,1.0
5600,840-17-318,2011,1.0,1.0
5600,840-17-318,2015,1.0,1.0
5600,840-17-318,2022,1.0,1.0
5600,840-17-32,2004,1.0,1.0
5600,840-17-32,2010,1.0,1.0
5600,840-17-322,2000,1.0,1.0
5600,840-17-322,2004,1.0,1.0
5600,840-17-322,2010,1.0,1.0
5600,840-17-322,2014,1.0,1.0
5600,840-17-326,2000,1.0,0.0
5600,840-17-326,2008,1.0,1.0
5600,840-17-326,2014,1.0,1.0
5600,840-17-326,2015,1.0,1.0
5600,840-17-34,2010,1.0,0.0
5600,840-17-34,2014,1.0,1.0
5600,840-17-351,2000,1.0,1.0
5600,840-17-351,2001,1.0,1.0
5600,840-17-351,2022,1.0,1.0
5600,840-17-352,2010,1.0,0.0
5600,840-17-352,2022,1.0,0.0
5600,840-17-359,2000,1.0,1.0
5600,840-17-359,2001,1.0,1.0
5600,840-17-359,2017,1.0,1.0
5600,840-17-36,1999,1.0,0.0
5600,840-17-362,2001,1.0,1.0
5600,840-17-362,2010,1.0,0.0
5600,840-17-362,2011,1.0,1.0
5600,840-17-362,2017,1.0,1.0
5600,840-17-362,2022,1.0,1.0
5600,840-17-365,2001,1.0,0.0
5600,840-17-365,2007,1.0,1.0
5600,840-17-365,2015,1.0,1.0
5600,840-17-365,2022,1.0,1.0
5600,840-17-366,2000,1.0,1.0
5600,840-17-366,2001,1.0,1.0
5600,840-17-366,2007,1.0,1.0
5600,840-17-366,2010,1.0,0.0
5600,840-17-366,2015,1.0,0.0
5600,840-17-367,2000,1.0,1.0
5600,840-17-367,2001,1.0,1.0
5600,840-17-367,2007,1.0,1.0
5600,840-17-367,2010,1.0,1.0
5600,840-17-367,2015,1.0,1.0
5600,840-17-367,2022,1.0,1.0
5600,840-17-368,2000,1.0,1.0
5600,840-17-368,2001,1.0,1.0
5600,840-17-368,2010,1.0,1.0
5600,840-17-372,2000,1.0,1.0
5600,840-17-372,2001,1.0,1.0
5600,840-17-372,2007,1.0,1.0
5600,840-17-372,2010,1.0,1.0
5600,840-17-372,2015,1.0,1.0
5600,840-17-372,2022,1.0,1.0
5600,840-17-373,2001,1.0,0.0
5600,840-17-373,2007,1.0,0.0
5600,840-17-373,2010,1.0,1.0
5600,840-17-373,2015,1.0,0.0
5600,840-17-373,2022,1.0,1.0
5600,840-17-375,2000,1.0,1.0
5600,840-17-375,2015,1.0,0.0
5600,840-17-375,2017,1.0,0.0
5600,840-17-375,2022,1.0,1.0
5600,840-17-40,2001,1.0,0.0
5600,840-17-40,2015,1.0,0.0
5600,840-17-40,2017,1.0,1.0
5600,840-17-41,2000,1.0,0.0
5600,840-17-41,2007,1.0,1.0
5600,840-17-41,2010,1.0,1.0
5600,840-17-41,2011,1.0,1.0
5600,840-17-41,2015,1.0,1.0
5600,840-17-41,2022,1.0,1.0
5600,840-17-410,2007,1.0,1.0
5600,840-17-410,2010,1.0,1.0
5600,840-17-410,2015,1.0,1.0
5600,840-17-42,2015,1.0,0.0
5600,840-17-45,2004,1.0,0.0
5600,840-17-45,2010,1.0,1.0
5600,840-17-45,2014,1.0,1.0
5600,840-17-46,2007,1.0,0.0
5600,840-17-46,2010,1.0,1.0
5600,840-17-46,2022,1.0,1.0
5600,840-17-48,2000,1.0,1.0
5600,840-17-48,2007,1.0,1.0
5600,840-17-52,2000,1.0,1.0
5600,840-17-52,2001,1.0,1.0
5600,840-17-52,2004,1.0,1.0
5600,840-17-52,2007,1.0,1.0
5600,840-17-52,2010,1.0,1.0
5600,840-17-52,2015,1.0,1.0
5600,840-17-56,2022,1.0,1.0
5600,840-17-57,2000,1.0,1.0
5600,840-17-57,2005,1.0,1.0
5600,840-17-8,2000,1.0,1.0
5600,840-17-8,2001,1.0,1.0
5600,840-17-8,2004,1.0,1.0
5600,840-17-9,2004,1.0,1.0
5600,840-17-9,2008,1.0,1.0
5600,840-17-9,2014,1.0,1.0
5600,840-18-1,2000,1.0,1.0
5600,840-18-1,2002,1.0,1.0
5600,840-18-1,2004,1.0,0.0
5600,840-18-1,2012,1.0,0.0
5600,840-18-1,2014,1.0,1.0
5600,840-18-1,2017,1.0,0.0
5600,840-18-1,2018,1.0,1.0
5600,840-18-1,2019,1.0,1.0
5600,840-18-102,2000,1.0,1.0
5600,840-18-102,2002,1.0,1.0
5600,840-18-102,2004,1.0,1.0
5600,840-18-102,2006,1.0,1.0
5600,840-18-102,2007,1.0,1.0
5600,840-18-102,2011,1.0,1.0
5600,840-18-102,2012,1.0,1.0
5600,840-18-102,2013,1.0,1.0
5600,840-18-102,2014,1.0,1.0
5600,840-18-102,2015,1.0,1.0
5600,840-18-102,2017,1.0,1.0
5600,840-18-102,2018,1.0,1.0
5600,840-18-102,2019,1.0,1.0
5600,840-18-102,2022,1.0,1.0
5600,840-18-11,2006,1.0,1.0
5600,840-18-11,2011,1.0,1.0
5600,840-18-11,2012,1.0,1.0
5600,840-18-11,2013,1.0,1.0
5600,840-18-11,2014,1.0,1.0
5600,840-18-11,2015,1.0,1.0
5600,840-18-11,2017,1.0,1.0
5600,840-18-11,2019,1.0,0.0
5600,840-18-11,2022,1.0,1.0
5600,840-18-14,2006,1.0,1.0
5600,840-18-14,2007,1.0,1.0
5600,840-18-14,2011,1.0,1.0
5600,840-18-14,2012,1.0,1.0
5600,840-18-14,2013,1.0,1.0
5600,840-18-14,2014,1.0,1.0
5600,840-18-14,2015,1.0,1.0
5600,840-18-14,2016,1.0,1.0
5600,840-18-14,2017,1.0,1.0
5600,840-18-14,2018,1.0,1.0
5600,840-18-14,2019,1.0,1.0
5600,840-18-15,2006,1.0,1.0
5600,840-18-15,2007,1.0,1.0
5600,840-18-15,2011,1.0,1.0
5600,840-18-15,2015,1.0,0.0
5600,840-18-15,2017,1.0,1.0
5600,840-18-15,2018,1.0,1.0
5600,840-18-15,2019,1.0,1.0
5600,840-18-15,2022,1.0,1.0
5600,840-18-3,2000,1.0,1.0
5600,840-18-3,2002,1.0,1.0
5600,840-18-3,2004,1.0,1.0
5600,840-18-3,2006,1.0,1.0
5600,840-18-3,2007,1.0,1.0
5600,840-18-3,2011,1.0,1.0
5600,840-18-3,2012,1.0,1.0
5600,840-18-3,2013,1.0,1.0
5600,840-18-3,2014,1.0,1.0
5600,840-18-3,2015,1.0,1.0
5600,840-18-3,2016,1.0,1.0
5600,840-18-3,2022,1.0,1.0
5600,840-18-4,2000,1.0,1.0
5600,840-18-4,2002,1.0,0.0
5600,840-18-4,2011,1.0,1.0
5600,840-18-4,2012,1.0,1.0
5600,840-18-4,2013,1.0,1.0
5600,840-18-4,2014,1.0,1.0
5600,840-18-4,2015,1.0,1.0
5600,840-18-4,2016,1.0,1.0
5600,840-18-4,2019,1.0,1.0
5600,840-18-7,2000,1.0,1.0
5600,840-18-7,2002,1.0,1.0
5600,840-18-7,2006,1.0,1.0
5600,840-18-7,2007,1.0,1.0
5600,840-18-7,2011,1.0,0.0
5600,840-18-7,2012,1.0,1.0
5600,840-18-7,2014,1.0,1.0
5600,840-18-7,2015,1.0,1.0
5600,840-18-7,2017,1.0,1.0
5600,840-18-7,2018,1.0,1.0
5600,840-18-8,2000,1.0,1.0
5600,840-18-8,2002,1.0,1.0
5600,840-18-8,2004,1.0,1.0
5600,840-18-8,2006,1.0,1.0
5600,840-18-8,2007,1.0,1.0
5600,840-18-8,2011,1.0,0.0
5600,840-18-8,2012,1.0,1.0
5600,840-18-8,2013,1.0,1.0
5600,840-18-8,2014,1.0,1.0
5600,840-18-8,2015,1.0,1.0
5600,840-18-8,2017,1.0,1.0
5600,840-18-8,2018,1.0,1.0
5600,840-18-8,2019,1.0,1.0
5600,840-18-8,2022,1.0,1.0
5600,840-18-9,2000,1.0,1.0
5600,840-18-9,2002,1.0,1.0
5600,840-18-9,2004,1.0,1.0
5600,840-18-9,2006,1.0,1.0
5600,840-18-9,2007,1.0,1.0
5600,840-18-9,2011,1.0,1.0
5600,840-18-9,2012,1.0,1.0
5600,840-18-9,2013,1.0,1.0
5600,840-18-9,2014,1.0,1.0
5600,840-18-9,2015,1.0,1.0
5600,840-18-9,2017,1.0,1.0
5600,840-18-9,2018,1.0,1.0
5600,840-18-9,2019,1.0,1.0
5600,840-2-1,1999,1.0,1.0
5600,840-2-1,2002,1.0,1.0
5600,840-2-1,2005,1.0,1.0
5600,840-2-1,2006,1.0,1.0
5600,840-2-1,2008,1.0,1.0
5600,840-2-1,2013,1.0,1.0
5600,840-2-1,2014,1.0,1.0
5600,840-2-1,2015,1.0,1.0
5600,840-2-1,2019,1.0,1.0
5600,840-2-1,2023,1.0,1.0
5600,840-2-10,2002,1.0,1.0
5600,840-2-10,2009,1.0,1.0
5600,840-2-10,2012,1.0,1.0
5600,840-2-10,2018,1.0,1.0
5600,840-2-102,1999,1.0,1.0
5600,840-2-102,2002,1.0,1.0
5600,840-2-102,2004,1.0,1.0
5600,840-2-102,2005,1.0,1.0
5600,840-2-102,2006,1.0,1.0
5600,840-2-102,2013,1.0,1.0
5600,840-2-102,2014,1.0,1.0
5600,840-2-102,2023,1.0,1.0
5600,840-2-105,2000,1.0,1.0
5600,840-2-105,2002,1.0,1.0
5600,840-2-105,2004,1.0,1.0
5600,840-2-105,2006,1.0,1.0
5600,840-2-105,2009,1.0,1.0
5600,840-2-105,2012,1.0,1.0
5600,840-2-105,2015,1.0,1.0
5600,840-2-109,2000,1.0,1.0
5600,840-2-109,2002,1.0,1.0
5600,840-2-109,2004,1.0,1.0
5600,840-2-109,2006,1.0,1.0
5600,840-2-109,2009,1.0,1.0
5600,840-2-109,2012,1.0,1.0
5600,840-2-111,2000,1.0,0.0
5600,840-2-111,2002,1.0,1.0
5600,840-2-111,2004,1.0,1.0
5600,840-2-111,2006,1.0,1.0
5600,840-2-111,2009,1.0,1.0
5600,840-2-111,2012,1.0,1.0
5600,840-2-111,2015,1.0,1.0
5600,840-2-111,2018,1.0,1.0
5600,840-2-12,2000,1.0,0.0
5600,840-2-12,2009,1.0,0.0
5600,840-2-12,2012,1.0,0.0
5600,840-2-12,2015,1.0,1.0
5600,840-2-13,1999,1.0,1.0
5600,840-2-13,2005,1.0,0.0
5600,840-2-13,2019,1.0,1.0
5600,840-2-13,2023,1.0,1.0
5600,840-2-14,2004,1.0,1.0
5600,840-2-14,2005,1.0,1.0
5600,840-2-14,2013,1.0,1.0
5600,840-2-14,2014,1.0,1.0
5600,840-2-14,2023,1.0,0.0
5600,840-2-140,2017,1.0,0.0
5600,840-2-15,1999,1.0,1.0
5600,840-2-15,2005,1.0,0.0
5600,840-2-15,2013,1.0,1.0
5600,840-2-15,2014,1.0,1.0
5600,840-2-15,2019,1.0,1.0
5600,840-2-15,2023,1.0,0.0
5600,840-2-156,2000,1.0,0.0
5600,840-2-156,2002,1.0,1.0
5600,840-2-156,2006,1.0,1.0
5600,840-2-156,2009,1.0,1.0
5600,840-2-156,2012,1.0,1.0
5600,840-2-156,2015,1.0,1.0
5600,840-2-156,2018,1.0,1.0
5600,840-2-16,2005,1.0,1.0
5600,840-2-16,2009,1.0,1.0
5600,840-2-16,2012,1.0,1.0
5600,840-2-16,2013,1.0,1.0
5600,840-2-16,2014,1.0,1.0
5600,840-2-16,2015,1.0,1.0
5600,840-2-162,2002,1.0,1.0
5600,840-2-162,2004,1.0,1.0
5600,840-2-162,2006,1.0,1.0
5600,840-2-162,2009,1.0,1.0
5600,840-2-162,2012,1.0,1.0
5600,840-2-164,2002,1.0,0.0
5600,840-2-164,2006,1.0,1.0
5600,840-2-164,2008,1.0,1.0
5600,840-2-164,2009,1.0,1.0
5600,840-2-164,2012,1.0,1.0
5600,840-2-164,2015,1.0,0.0
5600,840-2-164,2018,1.0,0.0
5600,840-2-17,2002,1.0,1.0
5600,840-2-17,2009,1.0,1.0
5600,840-2-17,2012,1.0,0.0
5600,840-2-17,2015,1.0,0.0
5600,840-2-17,2018,1.0,1.0
5600,840-2-19,2002,1.0,1.0
5600,840-2-19,2013,1.0,0.0
5600,840-2-19,2014,1.0,1.0
5600,840-2-19,2015,1.0,1.0
5600,840-2-19,2016,1.0,1.0
5600,840-2-20,1999,1.0,1.0
5600,840-2-20,2016,1.0,0.0
5600,840-2-20,2023,1.0,1.0
5600,840-2-201,1999,1.0,1.0
5600,840-2-201,2002,1.0,1.0
5600,840-2-201,2005,1.0,1.0
5600,840-2-201,2013,1.0,1.0
5600,840-2-201,2014,1.0,1.0
5600,840-2-201,2015,1.0,1.0
5600,840-2-201,2017,1.0,1.0
5600,840-2-201,2019,1.0,1.0
5600,840-2-201,2023,1.0,1.0
5600,840-2-204,2002,1.0,1.0
5600,840-2-204,2004,1.0,1.0
5600,840-2-204,2006,1.0,1.0
5600,840-2-204,2009,1.0,1.0
5600,840-2-204,2012,1.0,1.0
5600,840-2-204,2014,1.0,1.0
5600,840-2-204,2018,1.0,1.0
5600,840-2-205,2000,1.0,1.0
5600,840-2-205,2002,1.0,1.0
5600,840-2-205,2008,1.0,1.0
5600,840-2-205,2009,1.0,1.0
5600,840-2-205,2012,1.0,0.0
5600,840-2-205,2015,1.0,0.0
5600,840-2-205,2016,1.0,1.0
5600,840-2-207,2000,1.0,1.0
5600,840-2-207,2002,1.0,1.0
5600,840-2-207,2006,1.0,1.0
5600,840-2-207,2009,1.0,1.0
5600,840-2-207,2012,1.0,1.0
5600,840-2-207,2015,1.0,0.0
5600,840-2-208,2002,1.0,0.0
5600,840-2-208,2006,1.0,1.0
5600,840-2-208,2018,1.0,1.0
5600,840-2-209,2000,1.0,0.0
5600,840-2-209,2006,1.0,1.0
5600,840-2-209,2009,1.0,1.0
5600,840-2-209,2012,1.0,1.0
5600,840-2-209,2015,1.0,0.0
5600,840-2-21,2000,1.0,0.0
5600,840-2-21,2008,1.0,1.0
5600,840-2-210,2009,1.0,0.0
5600,840-2-211,1999,1.0,0.0
5600,840-2-211,2004,1.0,1.0
5600,840-2-212,2002,1.0,1.0
5600,840-2-212,2004,1.0,1.0
5600,840-2-212,2009,1.0,1.0
5600,840-2-212,2015,1.0,1.0
5600,840-2-214,2001,1.0,0.0
5600,840-2-215,2005,1.0,0.0
5600,840-2-215,2012,1.0,0.0
5600,840-2-215,2018,1.0,1.0
5600,840-2-215,2023,1.0,1.0
5600,840-2-216,2009,1.0,0.0
5600,840-2-216,2015,1.0,0.0
5600,840-2-216,2016,1.0,1.0
5600,840-2-216,2018,1.0,1.0
5600,840-2-23,2002,1.0,1.0
5600,840-2-23,2004,1.0,1.0
5600,840-2-23,2005,1.0,1.0
5600,840-2-23,2013,1.0,1.0
5600,840-2-23,2023,1.0,1.0
5600,840-2-24,2002,1.0,1.0
5600,840-2-24,2009,1.0,1.0
5600,840-2-24,2013,1.0,1.0
5600,840-2-24,2015,1.0,1.0
5600,840-2-24,2016,1.0,1.0
5600,840-2-24,2018,1.0,1.0
5600,840-2-24,2019,1.0,1.0
5600,840-2-25,2002,1.0,1.0
5600,840-2-25,2006,1.0,1.0
5600,840-2-25,2012,1.0,1.0
5600,840-2-25,2013,1.0,1.0
5600,840-2-25,2015,1.0,1.0
5600,840-2-25,2016,1.0,1.0
5600,840-2-25,2019,1.0,0.0
5600,840-2-26,2004,1.0,1.0
5600,840-2-26,2012,1.0,1.0
5600,840-2-26,2013,1.0,1.0
5600,840-2-26,2015,1.0,1.0
5600,840-2-26,2019,1.0,0.0
5600,840-2-27,2002,1.0,1.0
5600,840-2-27,2004,1.0,1.0
5600,840-2-27,2009,1.0,1.0
5600,840-2-27,2018,1.0,1.0
5600,840-2-27,2019,1.0,1.0
5600,840-2-28,2002,1.0,0.0
5600,840-2-28,2009,1.0,1.0
5600,840-2-28,2015,1.0,0.0
5600,840-2-28,2018,1.0,1.0
5600,840-2-29,2002,1.0,1.0
5600,840-2-29,2004,1.0,1.0
5600,840-2-29,2009,1.0,1.0
5600,840-2-29,2018,1.0,1.0
5600,840-2-31,2019,1.0,0.0
5600,840-2-33,2005,1.0,0.0
5600,840-2-33,2023,1.0,1.0
5600,840-2-35,2014,1.0,0.0
5600,840-2-35,2018,1.0,0.0
5600,840-2-38,2019,1.0,0.0
5600,840-2-38,2023,1.0,0.0
5600,840-2-4,2002,1.0,1.0
5600,840-2-4,2004,1.0,1.0
5600,840-2-4,2005,1.0,1.0
5600,840-2-4,2013,1.0,1.0
5600,840-2-4,2014,1.0,1.0
5600,840-2-4,2019,1.0,1.0
5600,840-2-43,2002,1.0,1.0
5600,840-2-43,2006,1.0,1.0
5600,840-2-43,2012,1.0,1.0
5600,840-2-43,2015,1.0,1.0
5600,840-2-43,2016,1.0,1.0
5600,840-2-43,2018,1.0,1.0
5600,840-2-45,2000,1.0,1.0
5600,840-2-45,2006,1.0,1.0
5600,840-2-45,2008,1.0,1.0
5600,840-2-45,2009,1.0,1.0
5600,840-2-45,2012,1.0,1.0
5600,840-2-45,2015,1.0,1.0
5600,840-2-45,2016,1.0,1.0
5600,840-2-47,2000,1.0,1.0
5600,840-2-47,2002,1.0,0.0
5600,840-2-47,2008,1.0,1.0
5600,840-2-47,2012,1.0,1.0
5600,840-2-47,2015,1.0,1.0
5600,840-2-47,2016,1.0,1.0
5600,840-2-48,2015,1.0,0.0
5600,840-2-48,2023,1.0,0.0
5600,840-2-49,2006,1.0,0.0
5600,840-2-49,2009,1.0,0.0
5600,840-2-50,2006,1.0,1.0
5600,840-2-50,2012,1.0,1.0
5600,840-2-50,2013,1.0,1.0
5600,840-2-50,2015,1.0,1.0
5600,840-2-50,2016,1.0,1.0
5600,840-2-50,2018,1.0,1.0
5600,840-2-50,2019,1.0,1.0
5600,840-2-53,2000,1.0,0.0
5600,840-2-53,2019,1.0,0.0
5600,840-2-53,2023,1.0,0.0
5600,840-2-54,2000,1.0,0.0
5600,840-2-54,2002,1.0,1.0
5600,840-2-54,2008,1.0,0.0
5600,840-2-55,2002,1.0,1.0
5600,840-2-55,2004,1.0,1.0
5600,840-2-55,2009,1.0,1.0
5600,840-2-55,2015,1.0,0.0
5600,840-2-55,2016,1.0,1.0
5600,840-2-55,2018,1.0,1.0
5600,840-2-55,2023,1.0,1.0
5600,840-2-57,2002,1.0,1.0
5600,840-2-57,2006,1.0,1.0
5600,840-2-57,2008,1.0,1.0
5600,840-2-57,2009,1.0,1.0
5600,840-2-57,2012,1.0,1.0
5600,840-2-57,2014,1.0,1.0
5600,840-2-57,2015,1.0,1.0
5600,840-2-58,2002,1.0,1.0
5600,840-2-58,2004,1.0,1.0
5600,840-2-58,2005,1.0,1.0
5600,840-2-58,2012,1.0,1.0
5600,840-2-58,2014,1.0,1.0
5600,840-2-58,2019,1.0,1.0
5600,840-2-59,2002,1.0,1.0
5600,840-2-59,2009,1.0,0.0
5600,840-2-59,2012,1.0,1.0
5600,840-2-59,2015,1.0,0.0
5600,840-2-59,2016,1.0,1.0
5600,840-2-60,2000,1.0,1.0
5600,840-2-60,2002,1.0,1.0
5600,840-2-60,2009,1.0,1.0
5600,840-2-60,2012,1.0,1.0
5600,840-2-60,2015,1.0,0.0
5600,840-2-60,2016,1.0,1.0
5600,840-2-60,2018,1.0,1.0
5600,840-2-61,2000,1.0,0.0
5600,840-2-61,2002,1.0,1.0
5600,840-2-61,2006,1.0,0.0
5600,840-2-61,2009,1.0,1.0
5600,840-2-61,2012,1.0,1.0
5600,840-2-61,2018,1.0,1.0
5600,840-2-63,2014,1.0,0.0
5600,840-2-63,2019,1.0,1.0
5600,840-2-63,2023,1.0,1.0
5600,840-2-65,2002,1.0,0.0
5600,840-2-65,2009,1.0,1.0
5600,840-2-65,2012,1.0,0.0
5600,840-2-65,2018,1.0,0.0
5600,840-2-65,2019,1.0,1.0
5600,840-2-66,2019,1.0,0.0
5600,840-2-67,2005,1.0,0.0
5600,840-2-68,1998,1.0,0.0
5600,840-2-7,2002,1.0,0.0
5600,840-2-7,2006,1.0,0.0
5600,840-2-7,2009,1.0,1.0
5600,840-2-7,2014,1.0,1.0
5600,840-2-7,2015,1.0,1.0
5600,840-2-7,2018,1.0,1.0
5600,840-2-71,1999,1.0,0.0
5600,840-2-71,2002,1.0,1.0
5600,840-2-71,2008,1.0,1.0
5600,840-2-71,2013,1.0,1.0
5600,840-2-71,2014,1.0,1.0
5600,840-2-71,2019,1.0,1.0
5600,840-2-71,2023,1.0,1.0
5600,840-2-72,1999,1.0,1.0
5600,840-2-72,2000,1.0,1.0
5600,840-2-72,2002,1.0,1.0
5600,840-2-72,2005,1.0,1.0
5600,840-2-72,2006,1.0,1.0
5600,840-2-72,2009,1.0,1.0
5600,840-2-72,2014,1.0,1.0
5600,840-2-72,2015,1.0,1.0
5600,840-2-73,2008,1.0,1.0
5600,840-2-73,2009,1.0,1.0
5600,840-2-73,2011,1.0,1.0
5600,840-2-73,2012,1.0,1.0
5600,840-2-73,2015,1.0,1.0
5600,840-2-73,2018,1.0,1.0
5600,840-2-8,2004,1.0,1.0
5600,840-2-8,2013,1.0,0.0
5600,840-2-8,2014,1.0,1.0
5600,840-2-8,2019,1.0,1.0
5600,840-2-8,2023,1.0,0.0
5600,840-21-1,1999,1.0,1.0
5600,840-21-1,2000,1.0,1.0
5600,840-21-1,2001,1.0,1.0
5600,840-21-1,2005,1.0,1.0
5600,840-21-1,2006,1.0,1.0
5600,840-21-1,2007,1.0,1.0
5600,840-21-1,2012,1.0,1.0
5600,840-21-1,2013,1.0,1.0
5600,840-21-1,2014,1.0,1.0
5600,840-21-1,2015,1.0,1.0
5600,840-21-1,2018,1.0,0.0
5600,840-21-1,2019,1.0,1.0
5600,840-21-10,2000,1.0,1.0
5600,840-21-10,2002,1.0,1.0
5600,840-21-10,2004,1.0,0.0
5600,840-21-10,2006,1.0,1.0
5600,840-21-10,2007,1.0,1.0
5600,840-21-10,2013,1.0,1.0
5600,840-21-10,2014,1.0,1.0
5600,840-21-10,2016,1.0,1.0
5600,840-21-105,1999,1.0,1.0
5600,840-21-105,2000,1.0,1.0
5600,840-21-105,2001,1.0,1.0
5600,840-21-105,2005,1.0,1.0
5600,840-21-105,2006,1.0,1.0
5600,840-21-105,2007,1.0,1.0
5600,840-21-105,2012,1.0,1.0
5600,840-21-105,2013,1.0,1.0
5600,840-21-105,2014,1.0,1.0
5600,840-21-105,2015,1.0,1.0
5600,840-21-105,2017,1.0,0.0
5600,840-21-105,2018,1.0,1.0
5600,840-21-105,2019,1.0,1.0
5600,840-21-105,2022,1.0,1.0
5600,840-21-109,1999,1.0,1.0
5600,840-21-109,2000,1.0,1.0
5600,840-21-109,2001,1.0,1.0
5600,840-21-109,2004,1.0,1.0
5600,840-21-109,2005,1.0,1.0
5600,840-21-109,2006,1.0,1.0
5600,840-21-109,2007,1.0,1.0
5600,840-21-109,2013,1.0,1.0
5600,840-21-109,2014,1.0,1.0
5600,840-21-109,2017,1.0,1.0
5600,840-21-109,2018,1.0,1.0
5600,840-21-109,2019,1.0,1.0
5600,840-21-2,2000,1.0,1.0
5600,840-21-2,2006,1.0,1.0
5600,840-21-2,2007,1.0,1.0
5600,840-21-2,2012,1.0,1.0
5600,840-21-2,2013,1.0,1.0
5600,840-21-2,2014,1.0,1.0
5600,840-21-3,1999,1.0,1.0
5600,840-21-3,2000,1.0,1.0
5600,840-21-3,2001,1.0,1.0
5600,840-21-3,2005,1.0,1.0
5600,840-21-3,2006,1.0,1.0
5600,840-21-3,2007,1.0,1.0
5600,840-21-3,2013,1.0,1.0
5600,840-21-3,2014,1.0,1.0
5600,840-21-3,2018,1.0,1.0
5600,840-21-3,2019,1.0,1.0
5600,840-21-4,1999,1.0,1.0
5600,840-21-4,2000,1.0,1.0
5600,840-21-4,2001,1.0,1.0
5600,840-21-4,2005,1.0,1.0
5600,840-21-4,2006,1.0,1.0
5600,840-21-4,2007,1.0,1.0
5600,840-21-4,2013,1.0,1.0
5600,840-21-4,2014,1.0,1.0
5600,840-25-19,2011,1.0,0.0
5600,840-25-30,1998,1.0,0.0
6810,124-11-10,2022,1.0,0.0
6810,124-11-126,2000,1.0,0.0
6810,124-11-126,2005,1.0,1.0
6810,124-11-126,2013,1.0,1.0
6810,124-11-126,2014,1.0,1.0
6810,124-11-126,2017,1.0,1.0
6810,124-11-126,2018,1.0,1.0
6810,124-11-126,2022,1.0,0.0
6810,124-11-136,2009,1.0,1.0
6810,124-11-136,2015,1.0,0.0
6810,124-11-136,2016,1.0,1.0
6810,124-11-136,2023,1.0,1.0
6810,124-11-137,1999,1.0,1.0
6810,124-11-137,2001,1.0,1.0
6810,124-11-137,2002,1.0,1.0
6810,124-11-137,2007,1.0,1.0
6810,124-11-167,2002,1.0,1.0
6810,124-11-167,2003,1.0,1.0
6810,124-11-167,2005,1.0,1.0
6810,124-11-167,2009,1.0,0.0
6810,124-11-167,2014,1.0,0.0
6810,124-11-167,2016,1.0,1.0
6810,124-11-167,2017,1.0,1.0
6810,124-11-17,2003,1.0,1.0
6810,124-11-17,2007,1.0,1.0
6810,124-11-17,2013,1.0,0.0
6810,124-11-17,2017,1.0,0.0
6810,124-11-17,2019,1.0,1.0
6810,124-11-17,2022,1.0,1.0
6810,124-11-19,2000,1.0,1.0
6810,124-11-19,2008,1.0,0.0
6810,124-11-19,2018,1.0,1.0
6810,124-11-19,2022,1.0,0.0
6810,124-11-208,2023,1.0,0.0
6810,124-11-220,2000,1.0,1.0
6810,124-11-220,2007,1.0,1.0
6810,124-11-220,2008,1.0,1.0
6810,124-11-220,2014,1.0,0.0
6810,124-11-222,2008,1.0,0.0
6810,124-11-222,2014,1.0,0.0
6810,124-11-222,2018,1.0,1.0
6810,124-11-223,2000,1.0,1.0
6810,124-11-223,2005,1.0,1.0
6810,124-11-234,2000,1.0,0.0
6810,124-11-234,2005,1.0,1.0
6810,124-11-234,2007,1.0,1.0
6810,124-11-234,2010,1.0,1.0
6810,124-11-234,2014,1.0,1.0
6810,124-11-234,2022,1.0,1.0
6810,124-11-244,2005,1.0,1.0
6810,124-11-244,2007,1.0,1.0
6810,124-11-244,2009,1.0,1.0
6810,124-11-244,2014,1.0,1.0
6810,124-11-244,2016,1.0,1.0
6810,124-11-244,2017,1.0,1.0
6810,124-11-244,2018,1.0,1.0
6810,124-11-244,2019,1.0,1.0
6810,124-11-244,2022,1.0,1.0
6810,124-11-255,2003,1.0,1.0
6810,124-11-255,2005,1.0,1.0
6810,124-11-255,2009,1.0,1.0
6810,124-11-255,2014,1.0,1.0
6810,124-11-255,2017,1.0,1.0
6810,124-11-255,2018,1.0,1.0
6810,124-11-255,2019,1.0,1.0
6810,124-11-255,2022,1.0,1.0
6810,124-11-265,2005,1.0,1.0
6810,124-11-265,2014,1.0,1.0
6810,124-11-265,2016,1.0,1.0
6810,124-11-265,2017,1.0,1.0
6810,124-11-265,2018,1.0,1.0
6810,124-11-265,2019,1.0,1.0
6810,124-11-265,2022,1.0,1.0
6810,124-11-270,2009,1.0,1.0
6810,124-11-270,2016,1.0,1.0
6810,124-11-270,2019,1.0,1.0
6810,124-11-29,1998,1.0,1.0
6810,124-11-29,2007,1.0,1.0
6810,124-11-29,2008,1.0,1.0
6810,124-11-29,2013,1.0,1.0
6810,124-11-29,2014,1.0,1.0
6810,124-11-29,2018,1.0,1.0
6810,124-11-3,2000,1.0,0.0
6810,124-11-3,2001,1.0,1.0
6810,124-11-3,2008,1.0,1.0
6810,124-11-3,2018,1.0,0.0
6810,124-11-3,2022,1.0,0.0
6810,124-11-33,2000,1.0,1.0
6810,124-11-33,2005,1.0,1.0
6810,124-11-33,2007,1.0,1.0
6810,124-11-33,2008,1.0,1.0
6810,124-11-33,2010,1.0,1.0
6810,124-11-33,2011,1.0,1.0
6810,124-11-33,2014,1.0,1.0
6810,124-11-332,2005,1.0,0.0
6810,124-11-332,2007,1.0,0.0
6810,124-11-332,2009,1.0,1.0
6810,124-11-332,2011,1.0,1.0
6810,124-11-332,2015,1.0,1.0
6810,124-11-332,2018,1.0,1.0
6810,124-11-332,2019,1.0,1.0
6810,124-11-332,2023,1.0,0.0
6810,124-11-401,2002,1.0,0.0
6810,124-11-401,2013,1.0,1.0
6810,124-11-401,2014,1.0,1.0
6810,124-11-401,2016,1.0,1.0
6810,124-11-401,2017,1.0,1.0
6810,124-11-401,2018,1.0,1.0
6810,124-11-401,2019,1.0,1.0
6810,124-11-401,2023,1.0,0.0
6810,124-11-402,1998,1.0,0.0
6810,124-11-402,2013,1.0,0.0
6810,124-11-402,2014,1.0,1.0
6810,124-11-402,2016,1.0,0.0
6810,124-11-407,2015,1.0,0.0
6810,124-11-408,2008,1.0,0.0
6810,124-11-409,2000,1.0,0.0
6810,124-11-409,2018,1.0,1.0
6810,124-11-409,2019,1.0,1.0
6810,124-11-410,2007,1.0,0.0
6810,124-11-413,2014,1.0,0.0
6810,124-11-413,2016,1.0,0.0
6810,124-11-413,2019,1.0,1.0
6810,124-11-419,2007,1.0,1.0
6810,124-11-419,2008,1.0,1.0
6810,124-11-419,2014,1.0,0.0
6810,124-11-420,2000,1.0,1.0
6810,124-11-420,2007,1.0,1.0
6810,124-11-420,2008,1.0,1.0
6810,124-11-420,2014,1.0,0.0
6810,124-11-45,2000,1.0,1.0
6810,124-11-45,2005,1.0,1.0
6810,124-11-45,2007,1.0,1.0
6810,124-11-45,2010,1.0,1.0
6810,124-11-45,2014,1.0,1.0
6810,124-11-45,2018,1.0,1.0
6810,124-11-45,2019,1.0,1.0
6810,124-11-45,2022,1.0,0.0
6810,124-11-5,2019,1.0,1.0
6810,124-11-53,2007,1.0,1.0
6810,124-11-53,2008,1.0,1.0
6810,124-11-53,2009,1.0,1.0
6810,124-11-53,2010,1.0,1.0
6810,124-11-53,2011,1.0,1.0
6810,124-11-53,2012,1.0,1.0
6810,124-11-53,2019,1.0,0.0
6810,124-11-55,2003,1.0,1.0
6810,124-11-55,2014,1.0,1.0
6810,124-11-55,2016,1.0,1.0
6810,124-11-55,2017,1.0,1.0
6810,124-11-55,2018,1.0,1.0
6810,124-11-55,2019,1.0,1.0
6810,124-11-55,2022,1.0,1.0
6810,124-11-57,2005,1.0,1.0
6810,124-11-57,2009,1.0,1.0
6810,124-11-57,2014,1.0,0.0
6810,124-11-57,2016,1.0,1.0
6810,124-11-57,2017,1.0,1.0
6810,124-11-57,2022,1.0,0.0
6810,124-11-58,2000,1.0,1.0
6810,124-11-58,2007,1.0,0.0
6810,124-11-58,2008,1.0,1.0
6810,124-11-58,2011,1.0,0.0
6810,124-11-58,2012,1.0,1.0
6810,124-11-6,2007,1.0,1.0
6810,124-11-6,2009,1.0,1.0
6810,124-11-6,2013,1.0,1.0
6810,124-11-6,2018,1.0,1.0
6810,124-11-612,2013,1.0,1.0
6810,124-11-612,2014,1.0,1.0
6810,124-11-612,2017,1.0,0.0
6810,124-11-612,2018,1.0,1.0
6810,124-11-612,2022,1.0,1.0
6810,124-11-613,2002,1.0,1.0
6810,124-11-613,2005,1.0,1.0
6810,124-11-613,2013,1.0,0.0
6810,124-11-613,2014,1.0,1.0
6810,124-11-613,2016,1.0,1.0
6810,124-11-613,2017,1.0,1.0
6810,124-11-614,2018,1.0,0.0
6810,124-11-614,2022,1.0,0.0
6810,124-11-69,2000,1.0,1.0
6810,124-11-69,2002,1.0,1.0
6810,124-11-69,2003,1.0,1.0
6810,124-11-69,2014,1.0,0.0
6810,124-11-69,2017,1.0,1.0
6810,124-11-69,2018,1.0,1.0
6810,124-11-709,2005,1.0,1.0
6810,124-11-709,2007,1.0,1.0
6810,124-11-709,2008,1.0,1.0
6810,124-11-709,2022,1.0,0.0
6810,124-11-71,2009,1.0,0.0
6810,124-11-71,2016,1.0,1.0
6810,124-11-71,2018,1.0,0.0
6810,124-11-71,2019,1.0,1.0
6810,124-11-72,2011,1.0,0.0
6810,124-11-74,2000,1.0,1.0
6810,124-11-74,2005,1.0,1.0
6810,124-11-74,2007,1.0,1.0
6810,124-11-74,2008,1.0,1.0
6810,124-11-74,2010,1.0,1.0
6810,124-11-74,2012,1.0,1.0
6810,124-11-74,2013,1.0,1.0
6810,124-11-74,2017,1.0,1.0
6810,124-11-74,2018,1.0,1.0
6810,124-11-74,2022,1.0,1.0
6810,124-11-75,2000,1.0,0.0
6810,124-11-75,2011,1.0,1.0
6810,124-11-75,2018,1.0,0.0
6810,124-11-81,2002,1.0,0.0
6810,124-11-81,2005,1.0,1.0
6810,124-11-81,2009,1.0,1.0
6810,124-4-10,2004,1.0,1.0
6810,124-4-10,2008,1.0,1.0
6810,124-4-10,2018,1.0,0.0
6810,124-4-10,2019,1.0,1.0
6810,124-4-10,2022,1.0,1.0
6810,124-4-105,2000,1.0,1.0
6810,124-4-105,2001,1.0,1.0
6810,124-4-105,2002,1.0,1.0
6810,124-4-105,2004,1.0,1.0
6810,124-4-105,2008,1.0,1.0
6810,124-4-105,2013,1.0,1.0
6810,124-4-105,2018,1.0,1.0
6810,124-4-106,2023,1.0,0.0
6810,124-4-107,2012,1.0,1.0
6810,124-4-107,2013,1.0,1.0
6810,124-4-107,2019,1.0,1.0
6810,124-4-107,2022,1.0,0.0
6810,124-4-113,2007,1.0,0.0
6810,124-4-114,2001,1.0,0.0
6810,124-4-114,2010,1.0,0.0
6810,124-4-115,2007,1.0,1.0
6810,124-4-115,2012,1.0,1.0
6810,124-4-115,2019,1.0,1.0
6810,124-4-116,2003,1.0,1.0
6810,124-4-116,2019,1.0,0.0
6810,124-4-121,1998,1.0,1.0
6810,124-4-121,2003,1.0,1.0
6810,124-4-121,2009,1.0,0.0
6810,124-4-121,2011,1.0,0.0
6810,124-4-121,2013,1.0,0.0
6810,124-4-127,2008,1.0,0.0
6810,124-4-127,2017,1.0,0.0
6810,124-4-128,1998,1.0,1.0
6810,124-4-128,2007,1.0,0.0
6810,124-4-128,2022,1.0,1.0
6810,124-4-129,1998,1.0,0.0
6810,124-4-129,2007,1.0,1.0
6810,124-4-129,2008,1.0,1.0
6810,124-4-129,2009,1.0,1.0
6810,124-4-129,2010,1.0,1.0
6810,124-4-129,2013,1.0,1.0
6810,124-4-13,2007,1.0,0.0
6810,124-4-13,2017,1.0,1.0
6810,124-4-136,2010,1.0,0.0
6810,124-4-136,2011,1.0,1.0
6810,124-4-136,2013,1.0,1.0
6810,124-4-136,2022,1.0,1.0
6810,124-4-138,2008,1.0,1.0
6810,124-4-138,2010,1.0,1.0
6810,124-4-138,2018,1.0,0.0
6810,124-4-138,2022,1.0,1.0
6810,124-4-15,1998,1.0,0.0
6810,124-4-15,2003,1.0,1.0
6810,124-4-15,2004,1.0,1.0
6810,124-4-15,2007,1.0,0.0
6810,124-4-15,2012,1.0,0.0
6810,124-4-15,2013,1.0,1.0
6810,124-4-15,2019,1.0,1.0
6810,124-4-15,2022,1.0,1.0
6810,124-4-17,1998,1.0,1.0
6810,124-4-17,2008,1.0,0.0
6810,124-4-17,2009,1.0,1.0
6810,124-4-17,2012,1.0,1.0
6810,124-4-18,1998,1.0,1.0
6810,124-4-18,1999,1.0,1.0
6810,124-4-18,2000,1.0,1.0
6810,124-4-18,2001,1.0,1.0
6810,124-4-18,2003,1.0,1.0
6810,124-4-18,2010,1.0,0.0
6810,124-4-19,2000,1.0,1.0
6810,124-4-19,2001,1.0,1.0
6810,124-4-19,2003,1.0,1.0
6810,124-4-19,2008,1.0,1.0
6810,124-4-19,2009,1.0,1.0
6810,124-4-19,2010,1.0,1.0
6810,124-4-19,2013,1.0,1.0
6810,124-4-196,2004,1.0,1.0
6810,124-4-196,2018,1.0,0.0
6810,124-4-196,2019,1.0,1.0
6810,124-4-196,2022,1.0,1.0
6810,124-4-2,2000,1.0,1.0
6810,124-4-2,2001,1.0,1.0
6810,124-4-2,2002,1.0,1.0
6810,124-4-2,2003,1.0,1.0
6810,124-4-2,2009,1.0,0.0
6810,124-4-2,2012,1.0,0.0
6810,124-4-2,2013,1.0,1.0
6810,124-4-20,1998,1.0,0.0
6810,124-4-20,2019,1.0,1.0
6810,124-4-201,2001,1.0,1.0
6810,124-4-201,2003,1.0,0.0
6810,124-4-201,2012,1.0,0.0
6810,124-4-201,2013,1.0,1.0
6810,124-4-201,2019,1.0,1.0
6810,124-4-201,2022,1.0,1.0
6810,124-4-204,2006,1.0,0.0
6810,124-4-204,2016,1.0,1.0
6810,124-4-210,2009,1.0,0.0
6810,124-4-212,2001,1.0,0.0
6810,124-4-212,2010,1.0,0.0
6810,124-4-212,2019,1.0,0.0
6810,124-4-213,1998,1.0,1.0
6810,124-4-213,2000,1.0,1.0
6810,124-4-213,2001,1.0,1.0
6810,124-4-213,2003,1.0,1.0
6810,124-4-213,2009,1.0,1.0
6810,124-4-213,2012,1.0,1.0
6810,124-4-213,2013,1.0,1.0
6810,124-4-213,2019,1.0,1.0
6810,124-4-214,2017,1.0,1.0
6810,124-4-214,2022,1.0,0.0
6810,124-4-215,2017,1.0,0.0
6810,124-4-22,1998,1.0,1.0
6810,124-4-22,2001,1.0,1.0
6810,124-4-22,2003,1.0,1.0
6810,124-4-22,2004,1.0,1.0
6810,124-4-22,2008,1.0,1.0
6810,124-4-22,2009,1.0,1.0
6810,124-4-22,2010,1.0,1.0
6810,124-4-22,2019,1.0,0.0
6810,124-4-227,2008,1.0,0.0
6810,124-4-227,2010,1.0,1.0
6810,124-4-227,2011,1.0,1.0
6810,124-4-227,2013,1.0,1.0
6810,124-4-229,2003,1.0,1.0
6810,124-4-229,2007,1.0,1.0
6810,124-4-229,2008,1.0,1.0
6810,124-4-229,2009,1.0,1.0
6810,124-4-229,2010,1.0,1.0
6810,124-4-229,2013,1.0,0.0
6810,124-4-229,2014,1.0,1.0
6810,124-4-229,2017,1.0,1.0
6810,124-4-229,2022,1.0,1.0
6810,124-4-24,2004,1.0,0.0
6810,124-4-24,2017,1.0,0.0
6810,124-4-251,2004,1.0,1.0
6810,124-4-251,2008,1.0,1.0
6810,124-4-251,2010,1.0,1.0
6810,124-4-251,2012,1.0,1.0
6810,124-4-251,2013,1.0,1.0
6810,124-4-251,2017,1.0,1.0
6810,124-4-251,2019,1.0,1.0
6810,124-4-251,2022,1.0,1.0
6810,124-4-26,2011,1.0,0.0
6810,124-4-26,2013,1.0,0.0
6810,124-4-26,2017,1.0,1.0
6810,124-4-26,2019,1.0,0.0
6810,124-4-27,1999,1.0,1.0
6810,124-4-27,2007,1.0,0.0
6810,124-4-28,2007,1.0,1.0
6810,124-4-28,2008,1.0,1.0
6810,124-4-28,2010,1.0,1.0
6810,124-4-28,2013,1.0,0.0
6810,124-4-29,2003,1.0,1.0
6810,124-4-29,2004,1.0,1.0
6810,124-4-29,2008,1.0,0.0
6810,124-4-29,2009,1.0,1.0
6810,124-4-29,2010,1.0,1.0
6810,124-4-29,2013,1.0,1.0
6810,124-4-29,2014,1.0,1.0
6810,124-4-29,2017,1.0,1.0
6810,124-4-29,2022,1.0,1.0
6810,124-4-3,2000,1.0,0.0
6810,124-4-3,2004,1.0,0.0
6810,124-4-302,2001,1.0,1.0
6810,124-4-302,2002,1.0,1.0
6810,124-4-302,2012,1.0,0.0
6810,124-4-302,2013,1.0,1.0
6810,124-4-302,2019,1.0,1.0
6810,124-4-302,2022,1.0,1.0
6810,124-4-306,2014,1.0,0.0
6810,124-4-31,2001,1.0,1.0
6810,124-4-31,2003,1.0,1.0
6810,124-4-31,2007,1.0,0.0
6810,124-4-31,2009,1.0,0.0
6810,124-4-31,2017,1.0,1.0
6810,124-4-315,1998,1.0,0.0
6810,124-4-315,2000,1.0,0.0
6810,124-4-315,2001,1.0,1.0
6810,124-4-328,1998,1.0,0.0
6810,124-4-328,2022,1.0,1.0
6810,124-4-33,2007,1.0,0.0
6810,124-4-330,2004,1.0,1.0
6810,124-4-330,2007,1.0,1.0
6810,124-4-330,2008,1.0,1.0
6810,124-4-330,2009,1.0,1.0
6810,124-4-330,2010,1.0,1.0
6810,124-4-330,2012,1.0,0.0
6810,124-4-330,2013,1.0,1.0
6810,124-4-330,2017,1.0,1.0
6810,124-4-330,2022,1.0,1.0
6810,124-4-37,1999,1.0,0.0
6810,124-4-4,1998,1.0,0.0
6810,124-4-4,2001,1.0,0.0
6810,124-4-40,2001,1.0,1.0
6810,124-4-40,2003,1.0,1.0
6810,124-4-40,2009,1.0,1.0
6810,124-4-40,2010,1.0,1.0
6810,124-4-40,2013,1.0,1.0
6810,124-4-40,2014,1.0,1.0
6810,124-4-40,2017,1.0,1.0
6810,124-4-40,2022,1.0,0.0
6810,124-4-42,2007,1.0,0.0
6810,124-4-42,2008,1.0,1.0
6810,124-4-42,2010,1.0,0.0
6810,124-4-42,2013,1.0,0.0
6810,124-4-42,2014,1.0,1.0
6810,124-4-49,2004,1.0,1.0
6810,124-4-49,2009,1.0,0.0
6810,124-4-49,2011,1.0,1.0
6810,124-4-49,2019,1.0,0.0
6810,124-4-50,2004,1.0,1.0
6810,124-4-50,2008,1.0,1.0
6810,124-4-50,2010,1.0,1.0
6810,124-4-50,2013,1.0,1.0
6810,124-4-50,2017,1.0,1.0
6810,124-4-50,2018,1.0,1.0
6810,124-4-50,2022,1.0,1.0
6810,124-4-55,2000,1.0,1.0
6810,124-4-55,2003,1.0,1.0
6810,124-4-55,2005,1.0,1.0
6810,124-4-55,2008,1.0,0.0
6810,124-4-55,2009,1.0,1.0
6810,124-4-55,2013,1.0,0.0
6810,124-4-55,2014,1.0,1.0
6810,124-4-55,2017,1.0,1.0
6810,124-4-55,2019,1.0,1.0
6810,124-4-6,2017,1.0,1.0
6810,124-4-6,2019,1.0,1.0
6810,124-4-6,2022,1.0,0.0
6810,124-4-62,2007,1.0,1.0
6810,124-4-62,2008,1.0,1.0
6810,124-4-62,2019,1.0,0.0
6810,124-4-63,2007,1.0,1.0
6810,124-4-63,2008,1.0,1.0
6810,124-4-63,2010,1.0,1.0
6810,124-4-63,2012,1.0,0.0
6810,124-4-63,2013,1.0,1.0
6810,124-4-63,2014,1.0,1.0
6810,124-4-63,2017,1.0,0.0
6810,124-4-63,2019,1.0,0.0
6810,124-4-63,2022,1.0,1.0
6810,124-4-7,2000,1.0,0.0
6810,124-4-7,2004,1.0,0.0
6810,124-4-7,2008,1.0,1.0
6810,124-4-77,2019,1.0,1.0
6810,124-4-78,2022,1.0,0.0
6810,124-4-9,2000,1.0,0.0
6810,124-4-96,2000,1.0,1.0
6810,124-4-96,2012,1.0,1.0
6810,124-4-96,2018,1.0,1.0
6810,124-4-96,2019,1.0,1.0
6810,124-4-96,2022,1.0,1.0
6810,124-43-11,2000,1.0,1.0
6810,124-43-11,2008,1.0,0.0
6810,124-43-11,2009,1.0,1.0
6810,124-43-11,2011,1.0,0.0
6810,124-43-7,2018,1.0,0.0
6810,124-43-8,2000,1.0,0.0
6810,124-43-8,2001,1.0,1.0
6810,124-43-8,2004,1.0,0.0
6810,124-43-8,2008,1.0,1.0
6810,124-43-8,2009,1.0,1.0
6810,124-43-9,1999,1.0,1.0
6810,124-43-9,2001,1.0,1.0
6810,124-43-9,2011,1.0,0.0
6810,124-43-9,2017,1.0,1.0
6810,124-43-9,2018,1.0,1.0
6810,124-43-9,2022,1.0,1.0
6810,124-45-1,2005,1.0,0.0
6810,124-45-1,2007,1.0,1.0
6810,124-45-1,2013,1.0,1.0
6810,124-45-1,2015,1.0,1.0
6810,124-45-1,2016,1.0,1.0
6810,124-45-1,2017,1.0,1.0
6810,124-45-101,2003,1.0,1.0
6810,124-45-101,2013,1.0,1.0
6810,124-45-101,2015,1.0,1.0
6810,124-45-101,2016,1.0,1.0
6810,124-45-101,2017,1.0,1.0
6810,124-45-102,2002,1.0,1.0
6810,124-45-102,2003,1.0,1.0
6810,124-45-102,2005,1.0,1.0
6810,124-45-102,2007,1.0,1.0
6810,124-45-102,2013,1.0,1.0
6810,124-45-102,2015,1.0,1.0
6810,124-45-102,2016,1.0,1.0
6810,124-45-102,2017,1.0,1.0
6810,124-45-103,1999,1.0,1.0
6810,124-45-103,2008,1.0,1.0
6810,124-45-103,2010,1.0,1.0
6810,124-45-103,2011,1.0,1.0
6810,124-45-103,2014,1.0,0.0
6810,124-45-105,2003,1.0,1.0
6810,124-45-105,2007,1.0,1.0
6810,124-45-105,2013,1.0,1.0
6810,124-45-105,2015,1.0,1.0
6810,124-45-105,2016,1.0,1.0
6810,124-45-105,2017,1.0,1.0
6810,124-45-105,2019,1.0,1.0
6810,124-45-107,2003,1.0,1.0
6810,124-45-107,2005,1.0,1.0
6810,124-45-107,2017,1.0,1.0
6810,124-45-107,2022,1.0,0.0
6810,124-45-109,2002,1.0,0.0
6810,124-45-109,2006,1.0,0.0
6810,124-45-109,2007,1.0,1.0
6810,124-45-109,2013,1.0,1.0
6810,124-45-109,2015,1.0,1.0
6810,124-45-11,2007,1.0,0.0
6810,124-45-11,2013,1.0,1.0
6810,124-45-11,2017,1.0,1.0
6810,124-45-11,2019,1.0,1.0
6810,124-45-111,2002,1.0,0.0
6810,124-45-111,2006,1.0,0.0
6810,124-45-111,2007,1.0,1.0
6810,124-45-111,2017,1.0,1.0
6810,124-45-111,2019,1.0,1.0
6810,124-45-112,2005,1.0,0.0
6810,124-45-112,2007,1.0,1.0
6810,124-45-112,2015,1.0,0.0
6810,124-45-112,2016,1.0,1.0
6810,124-45-112,2017,1.0,1.0
6810,124-45-113,1999,1.0,1.0
6810,124-45-113,2005,1.0,1.0
6810,124-45-113,2007,1.0,1.0
6810,124-45-113,2011,1.0,1.0
6810,124-45-113,2015,1.0,1.0
6810,124-45-113,2016,1.0,1.0
6810,124-45-113,2017,1.0,1.0
6810,124-45-114,1999,1.0,1.0
6810,124-45-114,2005,1.0,0.0
6810,124-45-114,2008,1.0,1.0
6810,124-45-114,2010,1.0,1.0
6810,124-45-114,2011,1.0,1.0
6810,124-45-114,2014,1.0,0.0
6810,124-45-116,2005,1.0,1.0
6810,124-45-116,2007,1.0,0.0
6810,124-45-116,2016,1.0,1.0
6810,124-45-116,2017,1.0,1.0
6810,124-45-118,2001,1.0,0.0
6810,124-45-118,2022,1.0,0.0
6810,124-45-12,2005,1.0,0.0
6810,124-45-12,2007,1.0,1.0
6810,124-45-12,2011,1.0,1.0
6810,124-45-12,2015,1.0,0.0
6810,124-45-12,2016,1.0,1.0
6810,124-45-12,2017,1.0,1.0
6810,124-45-120,2003,1.0,1.0
6810,124-45-120,2012,1.0,1.0
6810,124-45-120,2013,1.0,1.0
6810,124-45-120,2016,1.0,1.0
6810,124-45-121,2003,1.0,1.0
6810,124-45-121,2005,1.0,1.0
6810,124-45-121,2007,1.0,1.0
6810,124-45-121,2010,1.0,1.0
6810,124-45-121,2017,1.0,1.0
6810,124-45-121,2022,1.0,1.0
6810,124-45-13,2003,1.0,1.0
6810,124-45-13,2005,1.0,1.0
6810,124-45-13,2007,1.0,1.0
6810,124-45-13,2013,1.0,1.0
6810,124-45-13,2015,1.0,1.0
6810,124-45-13,2016,1.0,1.0
6810,124-45-13,2017,1.0,1.0
6810,124-45-18,2005,1.0,1.0
6810,124-45-18,2017,1.0,1.0
6810,124-45-2,2003,1.0,0.0
6810,124-45-2,2005,1.0,0.0
6810,124-45-2,2007,1.0,0.0
6810,124-45-2,2016,1.0,0.0
6810,124-45-201,2005,1.0,0.0
6810,124-45-201,2013,1.0,1.0
6810,124-45-201,2015,1.0,1.0
6810,124-45-201,2016,1.0,1.0
6810,124-45-201,2017,1.0,1.0
6810,124-45-201,2022,1.0,1.0
6810,124-45-203,2003,1.0,1.0
6810,124-45-203,2005,1.0,1.0
6810,124-45-203,2013,1.0,1.0
6810,124-45-203,2015,1.0,1.0
6810,124-45-203,2016,1.0,1.0
6810,124-45-203,2017,1.0,1.0
6810,124-45-203,2019,1.0,1.0
6810,124-45-203,2022,1.0,1.0
6810,124-45-205,2003,1.0,1.0
6810,124-45-205,2005,1.0,1.0
6810,124-45-205,2013,1.0,1.0
6810,124-45-205,2015,1.0,1.0
6810,124-45-205,2016,1.0,1.0
6810,124-45-205,2017,1.0,1.0
6810,124-45-205,2019,1.0,1.0
6810,124-45-207,2003,1.0,1.0
6810,124-45-207,2005,1.0,0.0
6810,124-45-207,2010,1.0,1.0
6810,124-45-207,2022,1.0,0.0
6810,124-45-209,2005,1.0,1.0
6810,124-45-209,2013,1.0,0.0
6810,124-45-209,2017,1.0,1.0
6810,124-45-209,2019,1.0,1.0
6810,124-45-21,2003,1.0,1.0
6810,124-45-21,2005,1.0,1.0
6810,124-45-21,2007,1.0,1.0
6810,124-45-21,2010,1.0,1.0
6810,124-45-21,2022,1.0,1.0
6810,124-45-213,1999,1.0,0.0
6810,124-45-213,2005,1.0,1.0
6810,124-45-213,2007,1.0,1.0
6810,124-45-213,2011,1.0,1.0
6810,124-45-213,2015,1.0,1.0
6810,124-45-216,1999,1.0,0.0
6810,124-45-216,2001,1.0,1.0
6810,124-45-216,2008,1.0,1.0
6810,124-45-216,2010,1.0,1.0
6810,124-45-216,2011,1.0,1.0
6810,124-45-216,2022,1.0,1.0
6810,124-45-218,2003,1.0,1.0
6810,124-45-218,2007,1.0,1.0
6810,124-45-218,2013,1.0,1.0
6810,124-45-218,2016,1.0,1.0
6810,124-45-218,2017,1.0,1.0
6810,124-45-22,1999,1.0,0.0
6810,124-45-22,2005,1.0,1.0
6810,124-45-22,2007,1.0,1.0
6810,124-45-22,2008,1.0,1.0
6810,124-45-22,2010,1.0,0.0
6810,124-45-220,2001,1.0,1.0
6810,124-45-220,2005,1.0,1.0
6810,124-45-220,2007,1.0,1.0
6810,124-45-220,2010,1.0,1.0
6810,124-45-220,2011,1.0,1.0
6810,124-45-3,2008,1.0,1.0
6810,124-45-3,2010,1.0,1.0
6810,124-45-3,2011,1.0,1.0
6810,124-45-3,2014,1.0,1.0
6810,124-45-30,2012,1.0,1.0
6810,124-45-30,2013,1.0,1.0
6810,124-45-307,2007,1.0,0.0
6810,124-45-307,2013,1.0,1.0
6810,124-45-307,2015,1.0,1.0
6810,124-45-307,2017,1.0,1.0
6810,124-45-307,2019,1.0,1.0
6810,124-45-41,1999,1.0,1.0
6810,124-45-41,2005,1.0,0.0
6810,124-45-41,2007,1.0,0.0
6810,124-45-41,2011,1.0,1.0
6810,124-45-41,2015,1.0,0.0
6810,124-45-41,2016,1.0,1.0
6810,124-45-41,2019,1.0,1.0
6810,124-45-42,1999,1.0,1.0
6810,124-45-42,2005,1.0,1.0
6810,124-45-42,2013,1.0,1.0
6810,124-45-42,2016,1.0,1.0
6810,124-45-42,2019,1.0,1.0
6810,124-45-43,1999,1.0,1.0
6810,124-45-43,2005,1.0,0.0
6810,124-45-43,2007,1.0,1.0
6810,124-45-43,2008,1.0,1.0
6810,124-45-43,2010,1.0,1.0
6810,124-45-49,2012,1.0,1.0
6810,124-45-49,2019,1.0,1.0
6810,124-45-5,2003,1.0,1.0
6810,124-45-5,2005,1.0,1.0
6810,124-45-5,2013,1.0,1.0
6810,124-45-5,2015,1.0,0.0
6810,124-45-5,2016,1.0,1.0
6810,124-45-5,2017,1.0,1.0
6810,124-45-5,2019,1.0,1.0
6810,124-45-7,2013,1.0,1.0
6810,124-45-7,2015,1.0,1.0
6810,124-45-7,2017,1.0,1.0
6810,124-45-7,2019,1.0,1.0
6810,124-45-7,2022,1.0,1.0
6810,124-45-9,2007,1.0,1.0
6810,124-45-9,2013,1.0,1.0
6810,124-45-9,2015,1.0,1.0
6810,124-45-9,2017,1.0,1.0
6810,124-45-9,2019,1.0,1.0
6810,124-56-105,1998,1.0,1.0
6810,124-56-105,2007,1.0,1.0
6810,124-56-105,2009,1.0,0.0
6810,124-56-105,2011,1.0,0.0
6810,124-56-105,2016,1.0,1.0
6810,124-56-105,2017,1.0,1.0
6810,124-56-105,2023,1.0,0.0
6810,124-56-13,2005,1.0,1.0
6810,124-56-13,2008,1.0,1.0
6810,124-56-13,2009,1.0,1.0
6810,124-56-13,2010,1.0,1.0
6810,124-56-13,2012,1.0,1.0
6810,124-56-13,2013,1.0,1.0
6810,124-56-13,2016,1.0,1.0
6810,124-56-13,2019,1.0,1.0
6810,124-56-13,2023,1.0,1.0
6810,124-56-137,2003,1.0,1.0
6810,124-56-137,2007,1.0,1.0
6810,124-56-137,2013,1.0,1.0
6810,124-56-137,2014,1.0,1.0
6810,124-56-137,2017,1.0,1.0
6810,124-56-137,2019,1.0,1.0
6810,124-56-137,2022,1.0,1.0
6810,124-56-14,1998,1.0,1.0
6810,124-56-14,2000,1.0,1.0
6810,124-56-14,2003,1.0,1.0
6810,124-56-14,2007,1.0,1.0
6810,124-56-14,2012,1.0,1.0
6810,124-56-14,2013,1.0,1.0
6810,124-56-14,2015,1.0,0.0
6810,124-56-15,2000,1.0,1.0
6810,124-56-15,2003,1.0,1.0
6810,124-56-15,2005,1.0,1.0
6810,124-56-15,2007,1.0,1.0
6810,124-56-15,2008,1.0,1.0
6810,124-56-15,2009,1.0,1.0
6810,124-56-15,2010,1.0,1.0
6810,124-56-15,2013,1.0,1.0
6810,124-56-15,2016,1.0,1.0
6810,124-56-15,2019,1.0,1.0
6810,124-56-21,1998,1.0,1.0
6810,124-56-21,2007,1.0,1.0
6810,124-56-21,2008,1.0,1.0
6810,124-56-21,2009,1.0,1.0
6810,124-56-21,2010,1.0,1.0
6810,124-56-21,2012,1.0,1.0
6810,124-56-21,2013,1.0,1.0
6810,124-56-21,2016,1.0,1.0
6810,124-56-21,2017,1.0,1.0
6810,124-56-21,2019,1.0,1.0
6810,124-56-21,2022,1.0,1.0
6810,124-56-21,2023,1.0,1.0
6810,124-56-22,2003,1.0,1.0
6810,124-56-22,2007,1.0,1.0
6810,124-56-22,2008,1.0,1.0
6810,124-56-22,2009,1.0,1.0
6810,124-56-22,2010,1.0,1.0
6810,124-56-22,2013,1.0,1.0
6810,124-56-22,2014,1.0,1.0
6810,124-56-22,2017,1.0,1.0
6810,124-56-22,2019,1.0,1.0
6810,124-56-22,2022,1.0,0.0
6810,124-56-25,2000,1.0,0.0
6810,124-56-25,2007,1.0,0.0
6810,124-56-25,2008,1.0,1.0
6810,124-56-25,2010,1.0,0.0
6810,124-56-25,2012,1.0,1.0
6810,124-56-25,2013,1.0,1.0
6810,124-56-25,2016,1.0,1.0
6810,124-56-25,2023,1.0,1.0
6810,124-56-26,2000,1.0,1.0
6810,124-56-26,2010,1.0,0.0
6810,124-56-26,2012,1.0,1.0
6810,124-56-26,2016,1.0,1.0
6810,124-56-26,2019,1.0,1.0
6810,124-56-26,2023,1.0,1.0
6810,124-56-31,1998,1.0,1.0
6810,124-56-31,2000,1.0,1.0
6810,124-56-31,2007,1.0,0.0
6810,124-56-31,2010,1.0,1.0
6810,124-56-31,2014,1.0,1.0
6810,124-56-31,2017,1.0,1.0
6810,124-56-31,2019,1.0,1.0
6810,124-56-31,2023,1.0,1.0
6810,124-56-33,1998,1.0,1.0
6810,124-56-33,2003,1.0,1.0
6810,124-56-33,2007,1.0,1.0
6810,124-56-33,2008,1.0,1.0
6810,124-56-33,2009,1.0,1.0
6810,124-56-33,2010,1.0,1.0
6810,124-56-33,2013,1.0,1.0
6810,124-56-33,2016,1.0,1.0
6810,124-56-33,2022,1.0,1.0
6810,124-56-34,2000,1.0,1.0
6810,124-56-34,2007,1.0,1.0
6810,124-56-34,2009,1.0,1.0
6810,124-56-34,2011,1.0,0.0
6810,124-56-34,2012,1.0,1.0
6810,124-56-34,2016,1.0,1.0
6810,124-56-38,2000,1.0,1.0
6810,124-56-38,2003,1.0,1.0
6810,124-56-38,2005,1.0,1.0
6810,124-56-38,2006,1.0,1.0
6810,124-56-38,2007,1.0,1.0
6810,124-56-38,2008,1.0,1.0
6810,124-56-38,2009,1.0,1.0
6810,124-56-38,2011,1.0,1.0
6810,124-56-38,2012,1.0,1.0
6810,124-56-38,2016,1.0,0.0
6810,124-56-38,2017,1.0,1.0
6810,124-56-38,2022,1.0,1.0
6810,124-56-38,2023,1.0,1.0
6810,124-56-40,2000,1.0,1.0
6810,124-56-40,2003,1.0,1.0
6810,124-56-40,2005,1.0,1.0
6810,124-56-40,2006,1.0,1.0
6810,124-56-40,2007,1.0,1.0
6810,124-56-40,2008,1.0,1.0
6810,124-56-40,2009,1.0,1.0
6810,124-56-40,2016,1.0,1.0
6810,124-56-40,2017,1.0,1.0
6810,124-56-40,2022,1.0,1.0
6810,124-56-40,2023,1.0,1.0
6810,124-56-41,1998,1.0,1.0
6810,124-56-41,2000,1.0,1.0
6810,124-56-41,2003,1.0,1.0
6810,124-56-41,2005,1.0,1.0
6810,124-56-41,2006,1.0,1.0
6810,124-56-41,2007,1.0,1.0
6810,124-56-41,2011,1.0,1.0
6810,124-56-41,2012,1.0,1.0
6810,124-56-41,2013,1.0,1.0
6810,124-56-41,2017,1.0,1.0
6810,124-56-41,2019,1.0,1.0
6810,124-56-41,2023,1.0,1.0
6810,124-56-42,1998,1.0,1.0
6810,124-56-42,2000,1.0,0.0
6810,124-56-42,2005,1.0,1.0
6810,124-56-42,2007,1.0,1.0
6810,124-56-42,2008,1.0,1.0
6810,124-56-42,2009,1.0,1.0
6810,124-56-42,2010,1.0,1.0
6810,124-56-42,2013,1.0,1.0
6810,124-56-42,2014,1.0,1.0
6810,124-56-42,2017,1.0,1.0
6810,124-56-44,2003,1.0,1.0
6810,124-56-44,2005,1.0,1.0
6810,124-56-44,2007,1.0,1.0
6810,124-56-44,2008,1.0,1.0
6810,124-56-44,2009,1.0,1.0
6810,124-56-44,2010,1.0,1.0
6810,124-56-44,2013,1.0,1.0
6810,124-56-44,2014,1.0,1.0
6810,124-57-10,2005,1.0,0.0
6810,124-57-10,2008,1.0,1.0
6810,124-57-10,2016,1.0,1.0
6810,124-57-10,2017,1.0,1.0
6810,124-57-10,2023,1.0,0.0
6810,124-57-12,2005,1.0,1.0
6810,124-57-12,2008,1.0,1.0
6810,124-57-12,2010,1.0,1.0
6810,124-57-12,2019,1.0,0.0
6810,124-57-121,2005,1.0,0.0
6810,124-57-121,2008,1.0,1.0
6810,124-57-121,2011,1.0,0.0
6810,124-57-121,2014,1.0,1.0
6810,124-57-14,2008,1.0,1.0
6810,124-57-14,2013,1.0,1.0
6810,124-57-14,2016,1.0,1.0
6810,124-57-14,2017,1.0,1.0
6810,124-57-14,2019,1.0,1.0
6810,124-57-14,2023,1.0,1.0
6810,124-57-15,2003,1.0,1.0
6810,124-57-15,2008,1.0,1.0
6810,124-57-15,2011,1.0,1.0
6810,124-57-15,2016,1.0,1.0
6810,124-57-15,2017,1.0,1.0
6810,124-57-16,2008,1.0,1.0
6810,124-57-16,2013,1.0,0.0
6810,124-57-16,2014,1.0,1.0
6810,124-57-16,2017,1.0,0.0
6810,124-57-16,2023,1.0,1.0
6810,124-57-3,2001,1.0,1.0
6810,124-57-3,2008,1.0,0.0
6810,124-57-3,2010,1.0,1.0
6810,124-57-3,2016,1.0,1.0
6810,124-57-6,2005,1.0,1.0
6810,124-57-6,2008,1.0,0.0
6810,124-65-11,1998,1.0,1.0
6810,124-65-11,2003,1.0,1.0
6810,124-65-11,2005,1.0,1.0
6810,124-65-11,2007,1.0,1.0
6810,124-65-11,2008,1.0,1.0
6810,124-65-11,2016,1.0,1.0
6810,124-65-11,2023,1.0,1.0
6810,124-65-117,2000,1.0,1.0
6810,124-65-117,2003,1.0,1.0
6810,124-65-117,2005,1.0,1.0
6810,124-65-117,2008,1.0,1.0
6810,124-65-117,2009,1.0,1.0
6810,124-65-117,2010,1.0,1.0
6810,124-65-117,2013,1.0,1.0
6810,124-65-117,2014,1.0,1.0
6810,124-65-117,2017,1.0,1.0
6810,124-65-117,2022,1.0,1.0
6810,124-65-13,2000,1.0,1.0
6810,124-65-13,2005,1.0,1.0
6810,124-65-13,2008,1.0,1.0
6810,124-65-13,2009,1.0,1.0
6810,124-65-13,2010,1.0,1.0
6810,124-65-13,2014,1.0,1.0
6810,124-65-13,2022,1.0,1.0
6810,124-65-13,2023,1.0,1.0
6810,124-65-130,1998,1.0,1.0
6810,124-65-130,2000,1.0,1.0
6810,124-65-130,2003,1.0,1.0
6810,124-65-130,2005,1.0,1.0
6810,124-65-130,2017,1.0,1.0
6810,124-65-130,2023,1.0,1.0
6810,124-65-14,1998,1.0,1.0
6810,124-65-14,2000,1.0,1.0
6810,124-65-14,2003,1.0,1.0
6810,124-65-14,2005,1.0,1.0
6810,124-65-14,2008,1.0,1.0
6810,124-65-14,2009,1.0,1.0
6810,124-65-14,2010,1.0,1.0
6810,124-65-14,2014,1.0,1.0
6810,124-65-14,2023,1.0,1.0
6810,124-65-18,2005,1.0,1.0
6810,124-65-18,2008,1.0,0.0
6810,124-65-18,2009,1.0,1.0
6810,124-65-18,2010,1.0,1.0
6810,124-65-18,2013,1.0,1.0
6810,124-65-18,2017,1.0,1.0
6810,124-65-18,2022,1.0,1.0
6810,124-65-18,2023,1.0,1.0
6810,124-65-19,1998,1.0,1.0
6810,124-65-19,2000,1.0,1.0
6810,124-65-19,2003,1.0,1.0
6810,124-65-19,2005,1.0,1.0
6810,124-65-19,2008,1.0,1.0
6810,124-65-19,2009,1.0,1.0
6810,124-65-19,2010,1.0,1.0
6810,124-65-19,2014,1.0,1.0
6810,124-65-19,2017,1.0,1.0
6810,124-65-19,2019,1.0,1.0
6810,124-65-19,2023,1.0,1.0
6810,124-65-20,2000,1.0,1.0
6810,124-65-20,2003,1.0,1.0
6810,124-65-20,2005,1.0,1.0
6810,124-65-20,2008,1.0,1.0
6810,124-65-20,2009,1.0,1.0
6810,124-65-20,2010,1.0,1.0
6810,124-65-20,2013,1.0,1.0
6810,124-65-20,2014,1.0,1.0
6810,124-65-20,2017,1.0,1.0
6810,124-65-20,2022,1.0,0.0
6810,124-65-20,2023,1.0,1.0
6810,124-65-21,1998,1.0,0.0
6810,124-65-21,2000,1.0,1.0
6810,124-65-21,2005,1.0,1.0
6810,124-65-21,2007,1.0,1.0
6810,124-65-21,2010,1.0,0.0
6810,124-65-21,2014,1.0,1.0
6810,124-65-21,2017,1.0,1.0
6810,124-65-22,1998,1.0,1.0
6810,124-65-22,2000,1.0,1.0
6810,124-65-22,2007,1.0,0.0
6810,124-65-22,2023,1.0,1.0
6810,124-65-23,1998,1.0,1.0
6810,124-65-23,2000,1.0,0.0
6810,124-65-23,2005,1.0,1.0
6810,124-65-23,2007,1.0,0.0
6810,124-65-23,2012,1.0,0.0
6810,124-65-23,2014,1.0,1.0
6810,124-65-23,2019,1.0,1.0
6810,124-65-23,2023,1.0,1.0
6810,124-65-27,1998,1.0,1.0
6810,124-65-27,2000,1.0,1.0
6810,124-65-27,2003,1.0,1.0
6810,124-65-27,2005,1.0,1.0
6810,124-65-27,2008,1.0,1.0
6810,124-65-27,2009,1.0,1.0
6810,124-65-27,2010,1.0,1.0
6810,124-65-27,2012,1.0,1.0
6810,124-65-27,2014,1.0,1.0
6810,124-65-27,2017,1.0,1.0
6810,124-65-27,2023,1.0,1.0
6810,124-65-28,2000,1.0,1.0
6810,124-65-28,2003,1.0,1.0
6810,124-65-28,2005,1.0,1.0
6810,124-65-28,2007,1.0,1.0
6810,124-65-28,2008,1.0,1.0
6810,124-65-28,2009,1.0,1.0
6810,124-65-28,2010,1.0,1.0
6810,124-65-28,2014,1.0,0.0
6810,124-65-28,2017,1.0,1.0
6810,124-65-28,2023,1.0,0.0
6810,124-65-29,1998,1.0,1.0
6810,124-65-29,2000,1.0,1.0
6810,124-65-29,2005,1.0,0.0
6810,124-65-29,2006,1.0,1.0
6810,124-65-29,2007,1.0,1.0
6810,124-65-29,2008,1.0,1.0
6810,124-65-29,2009,1.0,1.0
6810,124-65-29,2014,1.0,0.0
6810,124-65-29,2017,1.0,1.0
6810,124-65-3,1998,1.0,0.0
6810,124-65-3,2000,1.0,1.0
6810,124-65-3,2010,1.0,0.0
6810,124-65-3,2012,1.0,1.0
6810,124-65-3,2014,1.0,1.0
6810,124-65-3,2019,1.0,1.0
6810,124-65-3,2023,1.0,1.0
6810,124-65-31,1998,1.0,1.0
6810,124-65-31,2000,1.0,1.0
6810,124-65-31,2006,1.0,0.0
6810,124-65-31,2007,1.0,1.0
6810,124-65-31,2008,1.0,1.0
6810,124-65-31,2012,1.0,1.0
6810,124-65-31,2014,1.0,1.0
6810,124-65-31,2017,1.0,0.0
6810,124-65-31,2022,1.0,1.0
6810,124-65-31,2023,1.0,1.0
6810,124-65-33,2000,1.0,1.0
6810,124-65-33,2007,1.0,1.0
6810,124-65-33,2008,1.0,1.0
6810,124-65-33,2011,1.0,1.0
6810,124-65-33,2013,1.0,1.0
6810,124-65-33,2014,1.0,1.0
6810,124-65-33,2019,1.0,1.0
6810,124-65-33,2023,1.0,1.0
6810,124-65-34,2000,1.0,1.0
6810,124-65-34,2008,1.0,1.0
6810,124-65-34,2013,1.0,0.0
6810,124-65-34,2014,1.0,1.0
6810,124-65-34,2016,1.0,1.0
6810,124-65-34,2023,1.0,1.0
6810,124-65-35,2000,1.0,1.0
6810,124-65-35,2011,1.0,0.0
6810,124-65-35,2013,1.0,0.0
6810,124-65-35,2016,1.0,1.0
6810,124-65-35,2017,1.0,1.0
6810,124-65-35,2019,1.0,1.0
6810,124-65-35,2023,1.0,1.0
6810,124-65-36,1998,1.0,0.0
6810,124-65-36,2000,1.0,1.0
6810,124-65-36,2003,1.0,1.0
6810,124-65-36,2005,1.0,1.0
6810,124-65-36,2007,1.0,1.0
6810,124-65-36,2009,1.0,1.0
6810,124-65-36,2012,1.0,1.0
6810,124-65-36,2014,1.0,1.0
6810,124-65-36,2017,1.0,1.0
6810,124-65-36,2022,1.0,0.0
6810,124-65-36,2023,1.0,1.0
6810,124-65-37,1998,1.0,1.0
6810,124-65-37,2000,1.0,1.0
6810,124-65-37,2011,1.0,1.0
6810,124-65-37,2016,1.0,1.0
6810,124-65-37,2017,1.0,1.0
6810,124-65-38,1998,1.0,1.0
6810,124-65-38,2007,1.0,0.0
6810,124-65-38,2015,1.0,0.0
6810,124-65-38,2017,1.0,1.0
6810,124-65-38,2023,1.0,0.0
6810,124-65-5,1998,1.0,1.0
6810,124-65-5,2014,1.0,0.0
6810,124-65-5,2016,1.0,0.0
6810,124-65-5,2017,1.0,1.0
6810,124-65-5,2019,1.0,1.0
6810,124-65-5,2023,1.0,0.0
6810,124-65-7,1998,1.0,1.0
6810,124-65-7,2000,1.0,1.0
6810,124-65-7,2012,1.0,1.0
6810,124-65-7,2014,1.0,1.0
6810,124-65-7,2016,1.0,1.0
6810,124-65-7,2019,1.0,1.0
6810,124-65-7,2023,1.0,1.0
6810,124-65-9,1998,1.0,1.0
6810,124-65-9,2000,1.0,1.0
6810,124-65-9,2003,1.0,1.0
6810,124-65-9,2007,1.0,1.0
6810,124-65-9,2008,1.0,1.0
6810,124-65-9,2009,1.0,1.0
6810,124-65-9,2010,1.0,1.0
6810,124-68-10,2006,1.0,0.0
6810,124-68-10,2008,1.0,1.0
6810,124-68-10,2010,1.0,1.0
6810,124-68-10,2014,1.0,1.0
6810,124-68-10,2016,1.0,1.0
6810,124-68-10,2017,1.0,1.0
6810,124-68-10,2018,1.0,1.0
6810,124-68-10,2022,1.0,1.0
6810,124-68-10,2023,1.0,1.0
6810,124-68-11,1998,1.0,1.0
6810,124-68-11,2001,1.0,1.0
6810,124-68-11,2006,1.0,0.0
6810,124-68-11,2007,1.0,1.0
6810,124-68-11,2010,1.0,1.0
6810,124-68-11,2011,1.0,1.0
6810,124-68-11,2014,1.0,1.0
6810,124-68-11,2016,1.0,1.0
6810,124-68-11,2022,1.0,1.0
6810,124-68-11,2023,1.0,1.0
6810,124-68-113,1998,1.0,1.0
6810,124-68-113,2001,1.0,1.0
6810,124-68-113,2003,1.0,1.0
6810,124-68-113,2006,1.0,1.0
6810,124-68-113,2008,1.0,1.0
6810,124-68-113,2010,1.0,1.0
6810,124-68-113,2011,1.0,1.0
6810,124-68-113,2014,1.0,1.0
6810,124-68-113,2016,1.0,1.0
6810,124-68-113,2023,1.0,1.0
6810,124-68-117,1998,1.0,1.0
6810,124-68-117,2001,1.0,1.0
6810,124-68-117,2010,1.0,1.0
6810,124-68-117,2013,1.0,1.0
6810,124-68-119,1998,1.0,1.0
6810,124-68-119,2008,1.0,1.0
6810,124-68-119,2010,1.0,1.0
6810,124-68-119,2013,1.0,1.0
6810,124-68-119,2017,1.0,1.0
6810,124-68-12,1998,1.0,1.0
6810,124-68-12,2001,1.0,1.0
6810,124-68-12,2003,1.0,1.0
6810,124-68-12,2006,1.0,1.0
6810,124-68-12,2008,1.0,1.0
6810,124-68-12,2010,1.0,1.0
6810,124-68-12,2011,1.0,1.0
6810,124-68-12,2014,1.0,1.0
6810,124-68-12,2018,1.0,1.0
6810,124-68-127,2001,1.0,1.0
6810,124-68-127,2008,1.0,1.0
6810,124-68-127,2010,1.0,1.0
6810,124-68-127,2011,1.0,1.0
6810,124-68-127,2017,1.0,0.0
6810,124-68-127,2018,1.0,1.0
6810,124-68-14,1998,1.0,1.0
6810,124-68-14,2008,1.0,1.0
6810,124-68-14,2011,1.0,1.0
6810,124-68-14,2022,1.0,1.0
6810,124-68-142,2001,1.0,1.0
6810,124-68-142,2002,1.0,1.0
6810,124-68-142,2008,1.0,1.0
6810,124-68-142,2010,1.0,1.0
6810,124-68-142,2011,1.0,1.0
6810,124-68-142,2013,1.0,1.0
6810,124-68-142,2014,1.0,1.0
6810,124-68-142,2016,1.0,1.0
6810,124-68-142,2017,1.0,1.0
6810,124-68-142,2018,1.0,1.0
6810,124-68-15,1998,1.0,1.0
6810,124-68-15,2001,1.0,1.0
6810,124-68-15,2003,1.0,1.0
6810,124-68-15,2006,1.0,1.0
6810,124-68-15,2008,1.0,1.0
6810,124-68-15,2010,1.0,1.0
6810,124-68-15,2011,1.0,1.0
6810,124-68-15,2014,1.0,1.0
6810,124-68-15,2018,1.0,1.0
6810,124-68-16,2011,1.0,1.0
6810,124-68-16,2013,1.0,1.0
6810,124-68-16,2014,1.0,1.0
6810,124-68-16,2018,1.0,1.0
6810,124-68-18,1998,1.0,1.0
6810,124-68-18,2008,1.0,1.0
6810,124-68-18,2010,1.0,1.0
6810,124-68-18,2013,1.0,1.0
6810,124-68-18,2017,1.0,1.0
6810,124-68-2,2006,1.0,0.0
6810,124-68-2,2008,1.0,1.0
6810,124-68-2,2011,1.0,1.0
6810,124-68-2,2014,1.0,1.0
6810,124-68-2,2016,1.0,1.0
6810,124-68-2,2017,1.0,1.0
6810,124-68-2,2018,1.0,1.0
6810,124-68-2,2022,1.0,1.0
6810,124-68-2,2023,1.0,1.0
6810,124-68-20,2001,1.0,1.0
6810,124-68-20,2008,1.0,1.0
6810,124-68-20,2013,1.0,1.0
6810,124-68-20,2014,1.0,1.0
6810,124-68-20,2018,1.0,0.0
6810,124-68-20,2022,1.0,1.0
6810,124-68-202,2001,1.0,1.0
6810,124-68-202,2002,1.0,1.0
6810,124-68-202,2009,1.0,1.0
6810,124-68-202,2013,1.0,0.0
6810,124-68-202,2017,1.0,0.0
6810,124-68-203,1998,1.0,1.0
6810,124-68-203,2006,1.0,1.0
6810,124-68-203,2014,1.0,1.0
6810,124-68-203,2016,1.0,1.0
6810,124-68-203,2017,1.0,1.0
6810,124-68-203,2018,1.0,1.0
6810,124-68-207,2006,1.0,1.0
6810,124-68-207,2008,1.0,1.0
6810,124-68-207,2010,1.0,1.0
6810,124-68-207,2014,1.0,1.0
6810,124-68-207,2018,1.0,1.0
6810,124-68-207,2022,1.0,1.0
6810,124-68-208,1998,1.0,1.0
6810,124-68-208,2001,1.0,0.0
6810,124-68-208,2014,1.0,1.0
6810,124-68-208,2016,1.0,1.0
6810,124-68-208,2018,1.0,1.0
6810,124-68-208,2023,1.0,0.0
6810,124-68-209,2001,1.0,0.0
6810,124-68-209,2008,1.0,1.0
6810,124-68-209,2014,1.0,1.0
6810,124-68-209,2016,1.0,1.0
6810,124-68-209,2017,1.0,1.0
6810,124-68-209,2018,1.0,1.0
6810,124-68-209,2022,1.0,1.0
6810,124-68-209,2023,1.0,1.0
6810,124-68-210,2006,1.0,0.0
6810,124-68-210,2008,1.0,1.0
6810,124-68-210,2010,1.0,1.0
6810,124-68-210,2014,1.0,1.0
6810,124-68-210,2016,1.0,1.0
6810,124-68-210,2017,1.0,1.0
6810,124-68-210,2022,1.0,1.0
6810,124-68-210,2023,1.0,1.0
6810,124-68-211,2001,1.0,1.0
6810,124-68-211,2003,1.0,1.0
6810,124-68-211,2006,1.0,1.0
6810,124-68-211,2008,1.0,1.0
6810,124-68-211,2010,1.0,1.0
6810,124-68-211,2011,1.0,1.0
6810,124-68-211,2014,1.0,1.0
6810,124-68-211,2016,1.0,1.0
6810,124-68-211,2023,1.0,1.0
6810,124-68-213,2006,1.0,1.0
6810,124-68-213,2008,1.0,0.0
6810,124-68-213,2010,1.0,0.0
6810,124-68-213,2011,1.0,1.0
6810,124-68-213,2023,1.0,1.0
6810,124-68-214,1998,1.0,1.0
6810,124-68-214,2001,1.0,1.0
6810,124-68-214,2006,1.0,1.0
6810,124-68-214,2010,1.0,1.0
6810,124-68-214,2011,1.0,1.0
6810,124-68-214,2014,1.0,1.0
6810,124-68-214,2018,1.0,1.0
6810,124-68-215,1998,1.0,1.0
6810,124-68-215,2006,1.0,0.0
6810,124-68-215,2008,1.0,0.0
6810,124-68-215,2010,1.0,1.0
6810,124-68-215,2011,1.0,1.0
6810,124-68-215,2016,1.0,0.0
6810,124-68-215,2018,1.0,1.0
6810,124-68-216,1998,1.0,1.0
6810,124-68-216,2001,1.0,1.0
6810,124-68-216,2006,1.0,0.0
6810,124-68-216,2008,1.0,1.0
6810,124-68-216,2010,1.0,1.0
6810,124-68-216,2011,1.0,1.0
6810,124-68-216,2014,1.0,1.0
6810,124-68-216,2018,1.0,1.0
6810,124-68-217,1998,1.0,1.0
6810,124-68-217,2001,1.0,1.0
6810,124-68-217,2010,1.0,1.0
6810,124-68-217,2013,1.0,1.0
6810,124-68-217,2016,1.0,1.0
6810,124-68-217,2018,1.0,0.0
6810,124-68-218,2008,1.0,1.0
6810,124-68-218,2010,1.0,1.0
6810,124-68-218,2011,1.0,1.0
6810,124-68-218,2013,1.0,1.0
6810,124-68-218,2022,1.0,0.0
6810,124-68-219,2001,1.0,0.0
6810,124-68-219,2002,1.0,1.0
6810,124-68-219,2006,1.0,1.0
6810,124-68-219,2008,1.0,1.0
6810,124-68-219,2014,1.0,1.0
6810,124-68-219,2016,1.0,1.0
6810,124-68-219,2022,1.0,1.0
6810,124-68-22,2001,1.0,1.0
6810,124-68-22,2002,1.0,1.0
6810,124-68-22,2008,1.0,1.0
6810,124-68-22,2013,1.0,1.0
6810,124-68-22,2014,1.0,1.0
6810,124-68-22,2017,1.0,1.0
6810,124-68-22,2018,1.0,1.0
6810,124-68-22,2022,1.0,1.0
6810,124-68-220,2002,1.0,0.0
6810,124-68-220,2008,1.0,1.0
6810,124-68-220,2010,1.0,1.0
6810,124-68-220,2013,1.0,1.0
6810,124-68-220,2017,1.0,0.0
6810,124-68-220,2018,1.0,1.0
6810,124-68-223,1998,1.0,1.0
6810,124-68-223,2003,1.0,0.0
6810,124-68-223,2006,1.0,1.0
6810,124-68-223,2007,1.0,1.0
6810,124-68-223,2010,1.0,1.0
6810,124-68-223,2011,1.0,1.0
6810,124-68-223,2012,1.0,1.0
6810,124-68-223,2014,1.0,1.0
6810,124-68-223,2022,1.0,1.0
6810,124-68-223,2023,1.0,1.0
6810,124-68-224,1998,1.0,1.0
6810,124-68-224,2001,1.0,1.0
6810,124-68-224,2006,1.0,1.0
6810,124-68-224,2007,1.0,1.0
6810,124-68-224,2011,1.0,0.0
6810,124-68-224,2014,1.0,1.0
6810,124-68-224,2016,1.0,1.0
6810,124-68-224,2022,1.0,1.0
6810,124-68-224,2023,1.0,1.0
6810,124-68-225,2006,1.0,1.0
6810,124-68-225,2007,1.0,1.0
6810,124-68-225,2008,1.0,1.0
6810,124-68-225,2014,1.0,1.0
6810,124-68-225,2016,1.0,1.0
6810,124-68-225,2022,1.0,1.0
6810,124-68-225,2023,1.0,1.0
6810,124-68-233,2008,1.0,1.0
6810,124-68-233,2009,1.0,1.0
6810,124-68-233,2011,1.0,1.0
6810,124-68-233,2014,1.0,1.0
6810,124-68-233,2017,1.0,1.0
6810,124-68-233,2018,1.0,1.0
6810,124-68-233,2022,1.0,1.0
6810,124-68-238,2001,1.0,0.0
6810,124-68-238,2010,1.0,1.0
6810,124-68-238,2013,1.0,1.0
6810,124-68-238,2014,1.0,1.0
6810,124-68-238,2016,1.0,1.0
6810,124-68-238,2018,1.0,1.0
6810,124-68-238,2022,1.0,1.0
6810,124-68-242,2002,1.0,0.0
6810,124-68-242,2008,1.0,1.0
6810,124-68-242,2010,1.0,1.0
6810,124-68-242,2011,1.0,1.0
6810,124-68-242,2013,1.0,1.0
6810,124-68-242,2014,1.0,1.0
6810,124-68-25,2001,1.0,1.0
6810,124-68-25,2006,1.0,1.0
6810,124-68-25,2007,1.0,1.0
6810,124-68-25,2008,1.0,1.0
6810,124-68-25,2010,1.0,1.0
6810,124-68-25,2011,1.0,1.0
6810,124-68-25,2014,1.0,1.0
6810,124-68-25,2016,1.0,1.0
6810,124-68-251,1998,1.0,1.0
6810,124-68-251,2006,1.0,1.0
6810,124-68-251,2010,1.0,1.0
6810,124-68-251,2011,1.0,1.0
6810,124-68-251,2016,1.0,1.0
6810,124-68-251,2018,1.0,1.0
6810,124-68-251,2022,1.0,1.0
6810,124-68-252,1998,1.0,1.0
6810,124-68-252,2001,1.0,0.0
6810,124-68-252,2008,1.0,0.0
6810,124-68-252,2010,1.0,1.0
6810,124-68-252,2013,1.0,1.0
6810,124-68-26,2001,1.0,1.0
6810,124-68-26,2006,1.0,1.0
6810,124-68-26,2007,1.0,1.0
6810,124-68-26,2008,1.0,1.0
6810,124-68-26,2011,1.0,1.0
6810,124-68-26,2014,1.0,1.0
6810,124-68-26,2016,1.0,1.0
6810,124-68-274,2008,1.0,1.0
6810,124-68-274,2009,1.0,1.0
6810,124-68-274,2010,1.0,1.0
6810,124-68-274,2011,1.0,1.0
6810,124-68-274,2014,1.0,1.0
6810,124-68-274,2016,1.0,1.0
6810,124-68-274,2017,1.0,1.0
6810,124-68-274,2018,1.0,1.0
6810,124-68-28,2007,1.0,1.0
6810,124-68-28,2010,1.0,1.0
6810,124-68-28,2013,1.0,1.0
6810,124-68-28,2014,1.0,1.0
6810,124-68-28,2017,1.0,1.0
6810,124-68-28,2018,1.0,1.0
6810,124-68-28,2022,1.0,1.0
6810,124-68-29,1998,1.0,0.0
6810,124-68-29,2000,1.0,1.0
6810,124-68-29,2001,1.0,1.0
6810,124-68-29,2002,1.0,1.0
6810,124-68-29,2006,1.0,0.0
6810,124-68-29,2011,1.0,1.0
6810,124-68-29,2014,1.0,1.0
6810,124-68-29,2016,1.0,0.0
6810,124-68-29,2017,1.0,1.0
6810,124-68-29,2018,1.0,1.0
6810,124-68-29,2023,1.0,1.0
6810,124-68-296,1998,1.0,0.0
6810,124-68-296,2001,1.0,0.0
6810,124-68-296,2013,1.0,1.0
6810,124-68-296,2014,1.0,1.0
6810,124-68-296,2016,1.0,1.0
6810,124-68-296,2018,1.0,1.0
6810,124-68-296,2022,1.0,1.0
6810,124-68-297,2000,1.0,1.0
6810,124-68-297,2002,1.0,1.0
6810,124-68-297,2007,1.0,1.0
6810,124-68-297,2013,1.0,0.0
6810,124-68-297,2017,1.0,1.0
6810,124-68-298,2000,1.0,1.0
6810,124-68-298,2002,1.0,1.0
6810,124-68-298,2017,1.0,1.0
6810,124-68-299,2001,1.0,1.0
6810,124-68-299,2002,1.0,1.0
6810,124-68-299,2006,1.0,1.0
6810,124-68-299,2008,1.0,1.0
6810,124-68-299,2010,1.0,0.0
6810,124-68-299,2014,1.0,1.0
6810,124-68-299,2016,1.0,1.0
6810,124-68-299,2018,1.0,1.0
6810,124-68-299,2022,1.0,1.0
6810,124-68-299,2023,1.0,1.0
6810,124-68-300,1998,1.0,0.0
6810,124-68-300,2011,1.0,0.0
6810,124-68-300,2013,1.0,1.0
6810,124-68-300,2014,1.0,1.0
6810,124-68-300,2018,1.0,1.0
6810,124-68-300,2022,1.0,1.0
6810,124-68-303,1998,1.0,0.0
6810,124-68-303,1999,1.0,1.0
6810,124-68-303,2006,1.0,0.0
6810,124-68-303,2016,1.0,0.0
6810,124-68-303,2017,1.0,1.0
6810,124-68-303,2022,1.0,1.0
6810,124-68-303,2023,1.0,1.0
6810,124-68-308,1998,1.0,1.0
6810,124-68-308,2001,1.0,1.0
6810,124-68-308,2008,1.0,1.0
6810,124-68-308,2010,1.0,1.0
6810,124-68-308,2014,1.0,1.0
6810,124-68-308,2016,1.0,1.0
6810,124-68-308,2018,1.0,1.0
6810,124-68-308,2022,1.0,1.0
6810,124-68-308,2023,1.0,1.0
6810,124-68-312,2006,1.0,1.0
6810,124-68-312,2008,1.0,1.0
6810,124-68-312,2010,1.0,1.0
6810,124-68-312,2011,1.0,1.0
6810,124-68-312,2014,1.0,1.0
6810,124-68-312,2018,1.0,1.0
6810,124-68-314,1998,1.0,1.0
6810,124-68-314,2001,1.0,0.0
6810,124-68-314,2010,1.0,0.0
6810,124-68-314,2011,1.0,1.0
6810,124-68-314,2013,1.0,0.0
6810,124-68-314,2014,1.0,1.0
6810,124-68-314,2018,1.0,1.0
6810,124-68-316,1998,1.0,0.0
6810,124-68-316,2010,1.0,1.0
6810,124-68-316,2018,1.0,1.0
6810,124-68-317,1998,1.0,1.0
6810,124-68-317,2008,1.0,1.0
6810,124-68-317,2010,1.0,1.0
6810,124-68-317,2011,1.0,1.0
6810,124-68-317,2013,1.0,0.0
6810,124-68-319,1998,1.0,1.0
6810,124-68-319,2010,1.0,1.0
6810,124-68-319,2011,1.0,1.0
6810,124-68-319,2013,1.0,1.0
6810,124-68-319,2018,1.0,1.0
6810,124-68-319,2022,1.0,1.0
6810,124-68-323,2006,1.0,0.0
6810,124-68-323,2007,1.0,1.0
6810,124-68-323,2010,1.0,1.0
6810,124-68-323,2011,1.0,1.0
6810,124-68-323,2014,1.0,0.0
6810,124-68-323,2016,1.0,1.0
6810,124-68-324,1998,1.0,1.0
6810,124-68-324,2001,1.0,1.0
6810,124-68-324,2006,1.0,1.0
6810,124-68-324,2007,1.0,1.0
6810,124-68-324,2011,1.0,0.0
6810,124-68-325,2001,1.0,1.0
6810,124-68-325,2006,1.0,0.0
6810,124-68-325,2007,1.0,1.0
6810,124-68-325,2008,1.0,1.0
6810,124-68-325,2011,1.0,0.0
6810,124-68-325,2014,1.0,1.0
6810,124-68-326,2003,1.0,1.0
6810,124-68-326,2007,1.0,1.0
6810,124-68-326,2008,1.0,1.0
6810,124-68-326,2010,1.0,0.0
6810,124-68-326,2011,1.0,1.0
6810,124-68-326,2016,1.0,1.0
6810,124-68-338,2001,1.0,0.0
6810,124-68-338,2010,1.0,1.0
6810,124-68-338,2013,1.0,1.0
6810,124-68-338,2016,1.0,1.0
6810,124-68-338,2017,1.0,1.0
6810,124-68-338,2022,1.0,1.0
6810,124-68-35,1999,1.0,0.0
6810,124-68-35,2001,1.0,1.0
6810,124-68-35,2002,1.0,1.0
6810,124-68-35,2013,1.0,1.0
6810,124-68-35,2018,1.0,0.0
6810,124-68-35,2022,1.0,1.0
6810,124-68-350,1998,1.0,1.0
6810,124-68-350,2001,1.0,0.0
6810,124-68-350,2006,1.0,1.0
6810,124-68-350,2007,1.0,1.0
6810,124-68-350,2014,1.0,1.0
6810,124-68-350,2016,1.0,1.0
6810,124-68-36,2010,1.0,1.0
6810,124-68-36,2013,1.0,1.0
6810,124-68-36,2017,1.0,0.0
6810,124-68-36,2019,1.0,0.0
6810,124-68-36,2022,1.0,0.0
6810,124-68-36,2023,1.0,1.0
6810,124-68-37,2001,1.0,1.0
6810,124-68-37,2002,1.0,1.0
6810,124-68-37,2011,1.0,1.0
6810,124-68-37,2013,1.0,0.0
6810,124-68-37,2014,1.0,1.0
6810,124-68-37,2017,1.0,1.0
6810,124-68-37,2018,1.0,1.0
6810,124-68-39,2001,1.0,1.0
6810,124-68-39,2006,1.0,1.0
6810,124-68-39,2008,1.0,1.0
6810,124-68-39,2010,1.0,1.0
6810,124-68-39,2011,1.0,1.0
6810,124-68-39,2013,1.0,1.0
6810,124-68-39,2016,1.0,1.0
6810,124-68-39,2017,1.0,1.0
6810,124-68-39,2018,1.0,1.0
6810,124-68-39,2022,1.0,1.0
6810,124-68-4,2006,1.0,0.0
6810,124-68-4,2008,1.0,1.0
6810,124-68-4,2011,1.0,1.0
6810,124-68-4,2016,1.0,1.0
6810,124-68-4,2017,1.0,1.0
6810,124-68-4,2018,1.0,1.0
6810,124-68-43,2001,1.0,1.0
6810,124-68-43,2003,1.0,0.0
6810,124-68-43,2014,1.0,1.0
6810,124-68-43,2015,1.0,1.0
6810,124-68-43,2017,1.0,1.0
6810,124-68-43,2018,1.0,1.0
6810,124-68-43,2022,1.0,1.0
6810,124-68-44,2003,1.0,1.0
6810,124-68-44,2008,1.0,0.0
6810,124-68-44,2010,1.0,0.0
6810,124-68-44,2011,1.0,1.0
6810,124-68-44,2013,1.0,0.0
6810,124-68-44,2016,1.0,1.0
6810,124-68-47,1998,1.0,1.0
6810,124-68-47,2008,1.0,0.0
6810,124-68-47,2009,1.0,1.0
6810,124-68-47,2010,1.0,1.0
6810,124-68-47,2011,1.0,1.0
6810,124-68-47,2014,1.0,1.0
6810,124-68-47,2016,1.0,1.0
6810,124-68-47,2017,1.0,1.0
6810,124-68-47,2018,1.0,1.0
6810,124-68-49,1998,1.0,1.0
6810,124-68-49,2001,1.0,1.0
6810,124-68-49,2008,1.0,1.0
6810,124-68-49,2010,1.0,1.0
6810,124-68-49,2011,1.0,1.0
6810,124-68-49,2013,1.0,1.0
6810,124-68-49,2014,1.0,1.0
6810,124-68-49,2016,1.0,1.0
6810,124-68-49,2022,1.0,1.0
6810,124-68-5,1998,1.0,1.0
6810,124-68-5,2001,1.0,1.0
6810,124-68-5,2002,1.0,1.0
6810,124-68-5,2006,1.0,1.0
6810,124-68-5,2008,1.0,1.0
6810,124-68-5,2010,1.0,1.0
6810,124-68-5,2014,1.0,1.0
6810,124-68-5,2016,1.0,1.0
6810,124-68-5,2018,1.0,1.0
6810,124-68-5,2022,1.0,1.0
6810,124-68-5,2023,1.0,1.0
6810,124-68-50,2001,1.0,1.0
6810,124-68-50,2006,1.0,1.0
6810,124-68-50,2007,1.0,1.0
6810,124-68-50,2008,1.0,1.0
6810,124-68-50,2011,1.0,0.0
6810,124-68-52,2008,1.0,0.0
6810,124-68-52,2010,1.0,0.0
6810,124-68-52,2011,1.0,1.0
6810,124-68-52,2013,1.0,1.0
6810,124-68-52,2017,1.0,1.0
6810,124-68-52,2022,1.0,0.0
6810,124-68-53,2001,1.0,0.0
6810,124-68-53,2003,1.0,0.0
6810,124-68-53,2005,1.0,1.0
6810,124-68-53,2015,1.0,1.0
6810,124-68-53,2019,1.0,0.0
6810,124-68-54,2002,1.0,1.0
6810,124-68-54,2005,1.0,1.0
6810,124-68-54,2007,1.0,1.0
6810,124-68-54,2013,1.0,1.0
6810,124-68-54,2015,1.0,1.0
6810,124-68-54,2017,1.0,1.0
6810,124-68-57,2000,1.0,0.0
6810,124-68-57,2013,1.0,1.0
6810,124-68-57,2017,1.0,1.0
6810,124-68-59,1998,1.0,0.0
6810,124-68-59,1999,1.0,1.0
6810,124-68-59,2001,1.0,1.0
6810,124-68-59,2002,1.0,1.0
6810,124-68-59,2013,1.0,1.0
6810,124-68-59,2014,1.0,1.0
6810,124-68-59,2018,1.0,0.0
6810,124-68-6,1998,1.0,1.0
6810,124-68-6,2001,1.0,1.0
6810,124-68-6,2008,1.0,1.0
6810,124-68-6,2010,1.0,1.0
6810,124-68-6,2014,1.0,1.0
6810,124-68-6,2016,1.0,1.0
6810,124-68-64,2008,1.0,1.0
6810,124-68-64,2009,1.0,1.0
6810,124-68-64,2011,1.0,1.0
6810,124-68-64,2015,1.0,1.0
6810,124-68-64,2017,1.0,1.0
6810,124-68-64,2018,1.0,1.0
6810,124-68-65,2001,1.0,0.0
6810,124-68-65,2017,1.0,1.0
6810,124-68-66,1999,1.0,1.0
6810,124-68-66,2001,1.0,1.0
6810,124-68-66,2010,1.0,1.0
6810,124-68-66,2013,1.0,1.0
6810,124-68-66,2016,1.0,1.0
6810,124-68-66,2022,1.0,0.0
6810,124-68-7,2011,1.0,1.0
6810,124-68-7,2014,1.0,1.0
6810,124-68-7,2016,1.0,1.0
6810,124-68-7,2017,1.0,1.0
6810,124-68-8,2001,1.0,0.0
6810,124-68-8,2002,1.0,1.0
6810,124-68-8,2013,1.0,1.0
6810,124-68-8,2017,1.0,0.0
6810,124-68-83,2001,1.0,1.0
6810,124-68-83,2006,1.0,1.0
6810,124-68-83,2007,1.0,1.0
6810,124-68-83,2008,1.0,1.0
6810,124-68-83,2014,1.0,0.0
6810,124-68-83,2016,1.0,1.0
6810,124-68-9,2013,1.0,1.0
6810,124-68-9,2014,1.0,1.0
6810,124-68-9,2018,1.0,1.0
6810,124-75-5,1998,1.0,1.0
6810,124-75-5,2000,1.0,1.0
6810,124-75-5,2003,1.0,1.0
6810,124-75-5,2007,1.0,1.0
6810,124-75-5,2008,1.0,1.0
6810,124-75-5,2010,1.0,1.0
6810,124-75-5,2014,1.0,1.0
6810,124-75-5,2019,1.0,1.0
6810,124-75-9,1998,1.0,1.0
6810,124-75-9,2000,1.0,1.0
6810,124-75-9,2003,1.0,1.0
6810,124-75-9,2007,1.0,1.0
6810,124-75-9,2010,1.0,1.0
6810,124-75-9,2014,1.0,1.0
6810,124-75-9,2019,1.0,1.0
6810,124-75-9,2023,1.0,1.0
6810,124-76-1,2003,1.0,1.0
6810,124-76-1,2006,1.0,1.0
6810,124-76-1,2007,1.0,1.0
6810,124-76-1,2008,1.0,1.0
6810,124-76-1,2010,1.0,1.0
6810,124-76-1,2011,1.0,1.0
6810,124-76-1,2014,1.0,1.0
6810,124-76-1,2016,1.0,1.0
6810,124-76-1,2022,1.0,1.0
6810,124-76-109,1998,1.0,1.0
6810,124-76-109,2016,1.0,1.0
6810,124-76-109,2017,1.0,1.0
6810,124-76-109,2022,1.0,1.0
6810,124-76-109,2023,1.0,1.0
6810,124-76-113,2009,1.0,1.0
6810,124-76-113,2010,1.0,1.0
6810,124-76-113,2016,1.0,0.0
6810,124-76-113,2017,1.0,1.0
6810,124-76-113,2022,1.0,1.0
6810,124-76-12,1998,1.0,1.0
6810,124-76-12,2006,1.0,1.0
6810,124-76-12,2007,1.0,1.0
6810,124-76-12,2008,1.0,1.0
6810,124-76-12,2011,1.0,1.0
6810,124-76-12,2014,1.0,1.0
6810,124-76-12,2023,1.0,1.0
6810,124-76-120,1998,1.0,1.0
6810,124-76-120,2003,1.0,1.0
6810,124-76-120,2007,1.0,1.0
6810,124-76-120,2008,1.0,1.0
6810,124-76-120,2010,1.0,1.0
6810,124-76-120,2011,1.0,1.0
6810,124-76-120,2012,1.0,1.0
6810,124-76-120,2016,1.0,1.0
6810,124-76-120,2017,1.0,1.0
6810,124-76-120,2022,1.0,1.0
6810,124-76-120,2023,1.0,1.0
6810,124-76-121,1998,1.0,0.0
6810,124-76-121,2003,1.0,1.0
6810,124-76-121,2008,1.0,0.0
6810,124-76-121,2010,1.0,1.0
6810,124-76-121,2011,1.0,1.0
6810,124-76-121,2016,1.0,1.0
6810,124-76-121,2017,1.0,1.0
6810,124-76-121,2022,1.0,1.0
6810,124-76-121,2023,1.0,1.0
6810,124-76-125,2008,1.0,1.0
6810,124-76-125,2010,1.0,1.0
6810,124-76-125,2011,1.0,1.0
6810,124-76-125,2014,1.0,1.0
6810,124-76-125,2016,1.0,1.0
6810,124-76-125,2017,1.0,1.0
6810,124-76-125,2018,1.0,1.0
6810,124-76-127,2001,1.0,1.0
6810,124-76-127,2006,1.0,1.0
6810,124-76-127,2007,1.0,1.0
6810,124-76-127,2022,1.0,1.0
6810,124-76-140,2003,1.0,0.0
6810,124-76-140,2006,1.0,1.0
6810,124-76-140,2007,1.0,1.0
6810,124-76-140,2008,1.0,1.0
6810,124-76-140,2010,1.0,0.0
6810,124-76-140,2011,1.0,1.0
6810,124-76-140,2012,1.0,1.0
6810,124-76-140,2016,1.0,1.0
6810,124-76-140,2017,1.0,1.0
6810,124-76-140,2022,1.0,1.0
6810,124-76-140,2023,1.0,1.0
6810,124-76-159,1998,1.0,1.0
6810,124-76-159,2008,1.0,0.0
6810,124-76-159,2009,1.0,1.0
6810,124-76-159,2016,1.0,1.0
6810,124-76-159,2017,1.0,1.0
6810,124-76-159,2023,1.0,0.0
6810,124-76-16,1998,1.0,0.0
6810,124-76-16,2001,1.0,1.0
6810,124-76-16,2003,1.0,1.0
6810,124-76-16,2006,1.0,1.0
6810,124-76-16,2007,1.0,1.0
6810,124-76-16,2008,1.0,1.0
6810,124-76-16,2011,1.0,1.0
6810,124-76-16,2012,1.0,1.0
6810,124-76-16,2014,1.0,1.0
6810,124-76-165,1998,1.0,1.0
6810,124-76-165,2000,1.0,0.0
6810,124-76-165,2007,1.0,1.0
6810,124-76-165,2008,1.0,1.0
6810,124-76-165,2009,1.0,1.0
6810,124-76-165,2010,1.0,1.0
6810,124-76-165,2013,1.0,1.0
6810,124-76-165,2015,1.0,1.0
6810,124-76-165,2016,1.0,1.0
6810,124-76-165,2019,1.0,1.0
6810,124-76-165,2022,1.0,1.0
6810,124-76-165,2023,1.0,1.0
6810,124-76-18,1998,1.0,1.0
6810,124-76-18,2003,1.0,0.0
6810,124-76-18,2007,1.0,1.0
6810,124-76-18,2008,1.0,1.0
6810,124-76-18,2011,1.0,1.0
6810,124-76-18,2012,1.0,1.0
6810,124-76-18,2016,1.0,1.0
6810,124-76-18,2022,1.0,1.0
6810,124-76-18,2023,1.0,1.0
6810,124-76-19,2007,1.0,1.0
6810,124-76-19,2010,1.0,1.0
6810,124-76-19,2011,1.0,1.0
6810,124-76-19,2012,1.0,1.0
6810,124-76-19,2016,1.0,1.0
6810,124-76-19,2017,1.0,1.0
6810,124-76-19,2022,1.0,1.0
6810,124-76-19,2023,1.0,1.0
6810,124-76-190,1998,1.0,1.0
6810,124-76-190,2007,1.0,1.0
6810,124-76-190,2010,1.0,1.0
6810,124-76-190,2012,1.0,0.0
6810,124-76-190,2013,1.0,1.0
6810,124-76-190,2016,1.0,1.0
6810,124-76-190,2022,1.0,1.0
6810,124-76-2,2003,1.0,1.0
6810,124-76-2,2010,1.0,1.0
6810,124-76-2,2016,1.0,1.0
6810,124-76-2,2017,1.0,1.0
6810,124-76-2,2018,1.0,1.0
6810,124-76-2,2022,1.0,1.0
6810,124-76-201,2001,1.0,1.0
6810,124-76-201,2006,1.0,1.0
6810,124-76-201,2007,1.0,1.0
6810,124-76-201,2010,1.0,1.0
6810,124-76-201,2011,1.0,1.0
6810,124-76-201,2014,1.0,0.0
6810,124-76-201,2016,1.0,1.0
6810,124-76-21,1998,1.0,1.0
6810,124-76-21,2003,1.0,1.0
6810,124-76-21,2007,1.0,1.0
6810,124-76-21,2008,1.0,1.0
6810,124-76-21,2010,1.0,1.0
6810,124-76-21,2011,1.0,1.0
6810,124-76-21,2012,1.0,1.0
6810,124-76-21,2016,1.0,1.0
6810,124-76-21,2017,1.0,1.0
6810,124-76-21,2022,1.0,1.0
6810,124-76-21,2023,1.0,1.0
6810,124-76-216,2003,1.0,1.0
6810,124-76-216,2010,1.0,0.0
6810,124-76-216,2011,1.0,1.0
6810,124-76-216,2022,1.0,1.0
6810,124-76-22,1998,1.0,1.0
6810,124-76-22,2007,1.0,1.0
6810,124-76-22,2010,1.0,1.0
6810,124-76-22,2011,1.0,1.0
6810,124-76-22,2012,1.0,1.0
6810,124-76-22,2013,1.0,1.0
6810,124-76-22,2016,1.0,1.0
6810,124-76-22,2017,1.0,1.0
6810,124-76-22,2022,1.0,1.0
6810,124-76-22,2023,1.0,1.0
6810,124-76-221,1998,1.0,1.0
6810,124-76-221,2003,1.0,1.0
6810,124-76-221,2007,1.0,1.0
6810,124-76-221,2008,1.0,1.0
6810,124-76-221,2011,1.0,1.0
6810,124-76-221,2012,1.0,1.0
6810,124-76-23,1998,1.0,1.0
6810,124-76-23,2007,1.0,1.0
6810,124-76-23,2008,1.0,1.0
6810,124-76-23,2011,1.0,1.0
6810,124-76-23,2012,1.0,1.0
6810,124-76-23,2016,1.0,1.0
6810,124-76-23,2023,1.0,0.0
6810,124-76-238,1998,1.0,1.0
6810,124-76-238,2003,1.0,0.0
6810,124-76-238,2010,1.0,1.0
6810,124-76-238,2011,1.0,1.0
6810,124-76-238,2016,1.0,1.0
6810,124-76-238,2017,1.0,1.0
6810,124-76-238,2022,1.0,0.0
6810,124-76-238,2023,1.0,1.0
6810,124-76-3,2003,1.0,0.0
6810,124-76-3,2010,1.0,1.0
6810,124-76-3,2011,1.0,1.0
6810,124-76-3,2016,1.0,1.0
6810,124-76-3,2022,1.0,0.0
6810,124-76-302,1998,1.0,1.0
6810,124-76-302,2003,1.0,1.0
6810,124-76-302,2006,1.0,1.0
6810,124-76-302,2007,1.0,1.0
6810,124-76-302,2010,1.0,1.0
6810,124-76-302,2011,1.0,1.0
6810,124-76-302,2014,1.0,1.0
6810,124-76-302,2016,1.0,1.0
6810,124-76-302,2022,1.0,1.0
6810,124-76-302,2023,1.0,1.0
6810,124-76-306,1998,1.0,1.0
6810,124-76-306,2003,1.0,1.0
6810,124-76-306,2007,1.0,1.0
6810,124-76-306,2010,1.0,1.0
6810,124-76-306,2011,1.0,1.0
6810,124-76-306,2016,1.0,1.0
6810,124-76-306,2023,1.0,1.0
6810,124-76-309,1998,1.0,0.0
6810,124-76-309,2003,1.0,1.0
6810,124-76-309,2007,1.0,1.0
6810,124-76-309,2010,1.0,1.0
6810,124-76-309,2011,1.0,1.0
6810,124-76-309,2012,1.0,1.0
6810,124-76-309,2013,1.0,1.0
6810,124-76-309,2016,1.0,1.0
6810,124-76-309,2017,1.0,1.0
6810,124-76-309,2018,1.0,1.0
6810,124-76-310,1998,1.0,1.0
6810,124-76-310,2003,1.0,0.0
6810,124-76-310,2007,1.0,1.0
6810,124-76-310,2010,1.0,1.0
6810,124-76-310,2011,1.0,1.0
6810,124-76-310,2012,1.0,1.0
6810,124-76-310,2016,1.0,1.0
6810,124-76-310,2017,1.0,1.0
6810,124-76-310,2019,1.0,1.0
6810,124-76-310,2022,1.0,1.0
6810,124-76-310,2023,1.0,1.0
6810,124-76-314,2003,1.0,1.0
6810,124-76-314,2007,1.0,1.0
6810,124-76-314,2010,1.0,1.0
6810,124-76-314,2011,1.0,1.0
6810,124-76-314,2014,1.0,0.0
6810,124-76-318,1998,1.0,0.0
6810,124-76-318,2003,1.0,1.0
6810,124-76-318,2011,1.0,0.0
6810,124-76-318,2012,1.0,1.0
6810,124-76-318,2014,1.0,0.0
6810,124-76-318,2016,1.0,1.0
6810,124-76-318,2022,1.0,1.0
6810,124-76-318,2023,1.0,1.0
6810,124-76-320,2007,1.0,1.0
6810,124-76-320,2008,1.0,1.0
6810,124-76-320,2011,1.0,1.0
6810,124-76-320,2012,1.0,1.0
6810,124-76-320,2014,1.0,0.0
6810,124-76-320,2023,1.0,0.0
6810,124-76-324,2007,1.0,1.0
6810,124-76-324,2008,1.0,1.0
6810,124-76-324,2010,1.0,1.0
6810,124-76-324,2011,1.0,1.0
6810,124-76-324,2012,1.0,1.0
6810,124-76-324,2016,1.0,1.0
6810,124-76-324,2017,1.0,1.0
6810,124-76-324,2023,1.0,0.0
6810,124-76-39,1998,1.0,1.0
6810,124-76-39,2003,1.0,1.0
6810,124-76-39,2006,1.0,1.0
6810,124-76-39,2007,1.0,1.0
6810,124-76-39,2008,1.0,1.0
6810,124-76-39,2010,1.0,1.0
6810,124-76-39,2011,1.0,1.0
6810,124-76-39,2012,1.0,1.0
6810,124-76-39,2017,1.0,1.0
6810,124-76-39,2022,1.0,0.0
6810,124-76-39,2023,1.0,1.0
6810,124-76-4,1998,1.0,1.0
6810,124-76-4,2003,1.0,1.0
6810,124-76-4,2006,1.0,1.0
6810,124-76-4,2007,1.0,1.0
6810,124-76-4,2010,1.0,1.0
6810,124-76-4,2011,1.0,1.0
6810,124-76-4,2013,1.0,1.0
6810,124-76-4,2016,1.0,1.0
6810,124-76-4,2017,1.0,1.0
6810,124-76-4,2022,1.0,1.0
6810,124-76-4,2023,1.0,1.0
6810,124-76-40,2003,1.0,0.0
6810,124-76-40,2007,1.0,0.0
6810,124-76-40,2008,1.0,1.0
6810,124-76-40,2010,1.0,1.0
6810,124-76-40,2011,1.0,1.0
6810,124-76-40,2012,1.0,1.0
6810,124-76-40,2017,1.0,1.0
6810,124-76-40,2022,1.0,1.0
6810,124-76-439,2006,1.0,1.0
6810,124-76-439,2007,1.0,1.0
6810,124-76-439,2011,1.0,0.0
6810,124-76-439,2012,1.0,1.0
6810,124-76-439,2017,1.0,1.0
6810,124-76-439,2022,1.0,1.0
6810,124-76-439,2023,1.0,1.0
6810,124-76-5,1998,1.0,1.0
6810,124-76-5,2003,1.0,1.0
6810,124-76-5,2007,1.0,1.0
6810,124-76-5,2010,1.0,1.0
6810,124-76-5,2011,1.0,1.0
6810,124-76-5,2013,1.0,1.0
6810,124-76-5,2016,1.0,1.0
6810,124-76-5,2017,1.0,1.0
6810,124-76-5,2022,1.0,1.0
6810,124-76-5,2023,1.0,1.0
6810,124-76-537,1998,1.0,0.0
6810,124-76-537,2003,1.0,0.0
6810,124-76-537,2007,1.0,1.0
6810,124-76-537,2008,1.0,1.0
6810,124-76-537,2011,1.0,1.0
6810,124-76-537,2012,1.0,1.0
6810,124-76-537,2016,1.0,0.0
6810,124-76-537,2022,1.0,1.0
6810,124-76-55,2007,1.0,0.0
6810,124-76-55,2008,1.0,1.0
6810,124-76-55,2011,1.0,1.0
6810,124-76-55,2016,1.0,1.0
6810,124-76-55,2017,1.0,1.0
6810,124-76-55,2022,1.0,1.0
6810,124-76-6,1998,1.0,1.0
6810,124-76-6,2003,1.0,1.0
6810,124-76-6,2006,1.0,1.0
6810,124-76-6,2007,1.0,1.0
6810,124-76-6,2008,1.0,1.0
6810,124-76-6,2011,1.0,1.0
6810,124-76-6,2012,1.0,1.0
6810,124-76-6,2014,1.0,1.0
6810,124-76-60,1998,1.0,1.0
6810,124-76-60,2007,1.0,1.0
6810,124-76-60,2008,1.0,1.0
6810,124-76-60,2009,1.0,1.0
6810,124-76-60,2011,1.0,0.0
6810,124-76-60,2012,1.0,1.0
6810,124-76-60,2016,1.0,1.0
6810,124-76-60,2017,1.0,1.0
6810,124-76-61,1998,1.0,1.0
6810,124-76-61,2008,1.0,0.0
6810,124-76-61,2011,1.0,0.0
6810,124-76-61,2012,1.0,1.0
6810,124-76-61,2016,1.0,1.0
6810,124-76-61,2017,1.0,1.0
6810,124-76-67,2007,1.0,0.0
6810,124-76-67,2009,1.0,1.0
6810,124-76-67,2010,1.0,1.0
6810,124-76-67,2013,1.0,1.0
6810,124-76-67,2022,1.0,1.0
6810,124-76-67,2023,1.0,1.0
6810,124-76-69,1998,1.0,1.0
6810,124-76-69,2007,1.0,1.0
6810,124-76-69,2009,1.0,0.0
6810,124-76-69,2010,1.0,1.0
6810,124-76-69,2012,1.0,0.0
6810,124-76-69,2016,1.0,0.0
6810,124-76-69,2017,1.0,1.0
6810,124-76-69,2022,1.0,1.0
6810,124-76-69,2023,1.0,1.0
6810,124-76-70,2000,1.0,1.0
6810,124-76-70,2008,1.0,0.0
6810,124-76-70,2014,1.0,1.0
6810,124-76-70,2016,1.0,1.0
6810,124-76-8,1998,1.0,1.0
6810,124-76-8,2003,1.0,1.0
6810,124-76-8,2007,1.0,1.0
6810,124-76-8,2010,1.0,1.0
6810,124-76-8,2011,1.0,1.0
6810,124-76-8,2012,1.0,1.0
6810,124-76-8,2022,1.0,1.0
6810,124-76-8,2023,1.0,1.0
6810,124-76-9,1998,1.0,1.0
6810,124-76-9,2003,1.0,1.0
6810,124-76-9,2007,1.0,0.0
6810,124-76-9,2010,1.0,1.0
6810,124-76-9,2011,1.0,1.0
6810,124-76-9,2013,1.0,1.0
6810,124-76-9,2016,1.0,1.0
6810,124-76-9,2023,1.0,0.0
6810,124-76-90,1998,1.0,1.0
6810,124-76-90,2003,1.0,1.0
6810,124-76-90,2007,1.0,1.0
6810,124-76-90,2010,1.0,1.0
6810,124-76-90,2011,1.0,1.0
6810,124-76-90,2017,1.0,0.0
6810,124-76-90,2022,1.0,1.0
6810,124-79-106,2002,1.0,0.0
6810,124-79-106,2010,1.0,0.0
6810,124-79-106,2019,1.0,0.0
6810,124-79-109,2001,1.0,1.0
6810,124-79-109,2002,1.0,1.0
6810,124-79-109,2003,1.0,1.0
6810,124-79-109,2019,1.0,1.0
6810,124-79-109,2022,1.0,0.0
6810,124-79-112,2002,1.0,0.0
6810,124-79-112,2003,1.0,1.0
6810,124-79-112,2006,1.0,1.0
6810,124-79-112,2010,1.0,0.0
6810,124-79-112,2012,1.0,0.0
6810,124-79-112,2017,1.0,1.0
6810,124-79-112,2022,1.0,0.0
6810,124-79-113,2006,1.0,0.0
6810,124-79-113,2007,1.0,1.0
6810,124-79-113,2022,1.0,1.0
6810,124-79-116,2014,1.0,0.0
6810,124-79-123,2007,1.0,0.0
6810,124-79-123,2013,1.0,0.0
6810,124-79-124,2016,1.0,0.0
6810,124-79-130,2008,1.0,1.0
6810,124-79-130,2009,1.0,1.0
6810,124-79-130,2010,1.0,1.0
6810,124-79-130,2011,1.0,1.0
6810,124-79-130,2012,1.0,1.0
6810,124-79-130,2013,1.0,1.0
6810,124-79-130,2017,1.0,1.0
6810,124-79-130,2022,1.0,1.0
6810,124-79-132,2001,1.0,1.0
6810,124-79-132,2003,1.0,1.0
6810,124-79-132,2006,1.0,1.0
6810,124-79-132,2008,1.0,1.0
6810,124-79-132,2009,1.0,1.0
6810,124-79-132,2011,1.0,1.0
6810,124-79-132,2012,1.0,1.0
6810,124-79-132,2013,1.0,1.0
6810,124-79-132,2017,1.0,1.0
6810,124-79-132,2019,1.0,0.0
6810,124-79-132,2022,1.0,1.0
6810,124-79-139,1998,1.0,0.0
6810,124-79-139,1999,1.0,1.0
6810,124-79-139,2001,1.0,1.0
6810,124-79-139,2010,1.0,0.0
6810,124-79-139,2011,1.0,1.0
6810,124-79-139,2017,1.0,0.0
6810,124-79-142,2011,1.0,0.0
6810,124-79-24,2022,1.0,0.0
6810,124-79-309,2013,1.0,0.0
6810,124-79-309,2019,1.0,0.0
6810,124-79-33,2001,1.0,1.0
6810,124-79-33,2003,1.0,1.0
6810,124-79-33,2007,1.0,1.0
6810,124-79-33,2008,1.0,1.0
6810,124-79-33,2009,1.0,1.0
6810,124-79-33,2010,1.0,1.0
6810,124-79-33,2011,1.0,1.0
6810,124-79-33,2013,1.0,1.0
6810,124-79-33,2019,1.0,1.0
6810,124-79-40,1998,1.0,0.0
6810,124-79-40,1999,1.0,1.0
6810,124-79-40,2001,1.0,1.0
6810,124-79-40,2019,1.0,1.0
6810,124-79-40,2022,1.0,1.0
6810,124-79-403,2019,1.0,1.0
6810,124-79-403,2022,1.0,0.0
6810,124-79-424,2002,1.0,0.0
6810,124-79-424,2010,1.0,0.0
6810,124-79-424,2013,1.0,0.0
6810,124-79-424,2019,1.0,1.0
6810,124-93-164,2008,1.0,0.0
6810,124-93-164,2011,1.0,0.0
6810,124-93-19,2010,1.0,0.0
6810,124-93-19,2011,1.0,1.0
6810,124-93-19,2015,1.0,1.0
6810,124-93-19,2017,1.0,1.0
6810,124-93-19,2018,1.0,1.0
6810,124-93-19,2019,1.0,1.0
6810,124-93-21,2000,1.0,0.0
6810,124-93-21,2001,1.0,1.0
6810,124-93-21,2002,1.0,1.0
6810,124-93-21,2005,1.0,1.0
6810,124-93-21,2006,1.0,1.0
6810,124-93-21,2009,1.0,1.0
6810,124-93-21,2011,1.0,1.0
6810,124-93-21,2015,1.0,1.0
6810,124-93-21,2017,1.0,1.0
6810,124-93-21,2018,1.0,1.0
6810,124-93-21,2019,1.0,1.0
6810,124-93-21,2023,1.0,1.0
6810,124-93-26,2007,1.0,1.0
6810,124-93-26,2009,1.0,0.0
6810,124-93-26,2011,1.0,1.0
6810,124-93-26,2016,1.0,0.0
6810,124-93-26,2023,1.0,1.0
6810,124-93-314,1999,1.0,0.0
6810,124-93-314,2001,1.0,1.0
6810,124-93-314,2002,1.0,1.0
6810,124-93-314,2007,1.0,1.0
6810,124-93-314,2016,1.0,0.0
6810,124-93-51,2005,1.0,1.0
6810,124-93-51,2012,1.0,0.0
6810,124-93-51,2016,1.0,0.0
6810,124-93-51,2019,1.0,0.0
6810,124-93-6,2001,1.0,1.0
6810,124-93-6,2002,1.0,1.0
6810,124-93-6,2005,1.0,1.0
6810,124-93-6,2009,1.0,0.0
6810,124-93-6,2012,1.0,0.0
6810,124-93-6,2015,1.0,1.0
6810,124-93-6,2017,1.0,1.0
6810,124-93-6,2018,1.0,1.0
6810,124-93-6,2019,1.0,1.0
6810,840-14-106,2002,1.0,1.0
6810,840-14-106,2019,1.0,0.0
6810,840-14-108,2016,1.0,0.0
6810,840-14-11,2017,1.0,0.0
6810,840-14-128,2008,1.0,0.0
6810,840-14-138,1999,1.0,0.0
6810,840-14-155,2002,1.0,0.0
6810,840-14-155,2003,1.0,1.0
6810,840-14-155,2004,1.0,1.0
6810,840-14-162,2001,1.0,0.0
6810,840-14-162,2007,1.0,0.0
6810,840-14-162,2017,1.0,1.0
6810,840-14-162,2018,1.0,1.0
6810,840-14-162,2022,1.0,1.0
6810,840-14-164,2004,1.0,0.0
6810,840-14-165,1999,1.0,0.0
6810,840-14-166,2007,1.0,1.0
6810,840-14-166,2016,1.0,1.0
6810,840-14-166,2017,1.0,1.0
6810,840-14-166,2018,1.0,1.0
6810,840-14-166,2019,1.0,1.0
6810,840-14-168,2009,1.0,0.0
6810,840-14-173,2002,1.0,0.0
6810,840-14-173,2003,1.0,1.0
6810,840-14-177,2013,1.0,0.0
6810,840-14-177,2014,1.0,1.0
6810,840-14-177,2016,1.0,1.0
6810,840-14-177,2017,1.0,1.0
6810,840-14-177,2018,1.0,1.0
6810,840-14-186,2004,1.0,0.0
6810,840-14-186,2007,1.0,0.0
6810,840-14-189,2001,1.0,0.0
6810,840-14-189,2006,1.0,1.0
6810,840-14-189,2008,1.0,1.0
6810,840-14-189,2015,1.0,1.0
6810,840-14-189,2016,1.0,1.0
6810,840-14-189,2019,1.0,1.0
6810,840-14-190,1999,1.0,0.0
6810,840-14-191,2008,1.0,0.0
6810,840-14-191,2018,1.0,0.0
6810,840-14-193,2002,1.0,0.0
6810,840-14-193,2009,1.0,0.0
6810,840-14-193,2017,1.0,0.0
6810,840-14-195,2013,1.0,1.0
6810,840-14-195,2014,1.0,1.0
6810,840-14-195,2018,1.0,0.0
6810,840-14-195,2019,1.0,1.0
6810,840-14-198,2001,1.0,1.0
6810,840-14-198,2008,1.0,0.0
6810,840-14-198,2016,1.0,1.0
6810,840-14-198,2019,1.0,1.0
6810,840-14-221,1999,1.0,0.0
6810,840-14-221,2003,1.0,0.0
6810,840-14-3,2013,1.0,1.0
6810,840-14-3,2016,1.0,1.0
6810,840-14-319,2001,1.0,0.0
6810,840-14-319,2003,1.0,1.0
6810,840-14-319,2004,1.0,1.0
6810,840-14-319,2005,1.0,1.0
6810,840-14-319,2006,1.0,1.0
6810,840-14-319,2013,1.0,1.0
6810,840-14-319,2014,1.0,1.0
6810,840-14-319,2018,1.0,0.0
6810,840-14-319,2023,1.0,0.0
6810,840-14-32,2022,1.0,0.0
6810,840-14-408,2023,1.0,0.0
6810,840-14-409,2004,1.0,1.0
6810,840-14-415,2001,1.0,0.0
6810,840-14-415,2003,1.0,0.0
6810,840-14-415,2004,1.0,1.0
6810,840-14-423,1998,1.0,0.0
6810,840-14-47,2003,1.0,0.0
6810,840-14-49,2012,1.0,1.0
6810,840-14-49,2014,1.0,1.0
6810,840-14-49,2018,1.0,1.0
6810,840-14-49,2019,1.0,1.0
6810,840-14-6,2002,1.0,0.0
6810,840-14-6,2013,1.0,0.0
6810,840-14-6,2016,1.0,0.0
6810,840-14-6,2017,1.0,1.0
6810,840-14-6,2023,1.0,0.0
6810,840-14-7,2006,1.0,0.0
6810,840-14-7,2013,1.0,0.0
6810,840-14-7,2016,1.0,1.0
6810,840-14-7,2017,1.0,1.0
6810,840-14-7,2018,1.0,1.0
6810,840-14-71,2001,1.0,0.0
6810,840-14-71,2003,1.0,1.0
6810,840-14-71,2004,1.0,1.0
6810,840-14-71,2005,1.0,1.0
6810,840-14-71,2006,1.0,1.0
6810,840-14-71,2009,1.0,0.0
6810,840-14-71,2010,1.0,1.0
6810,840-14-71,2013,1.0,1.0
6810,840-14-71,2014,1.0,1.0
6810,840-14-71,2015,1.0,1.0
6810,840-14-71,2016,1.0,1.0
6810,840-14-71,2017,1.0,1.0
6810,840-14-71,2018,1.0,1.0
6810,840-14-71,2022,1.0,1.0
6810,840-14-78,2022,1.0,0.0
6810,840-14-80,2008,1.0,0.0
6810,840-14-80,2013,1.0,1.0
6810,840-14-80,2019,1.0,1.0
6810,840-14-89,2002,1.0,0.0
6810,840-14-89,2007,1.0,0.0
6810,840-14-89,2014,1.0,1.0
6810,840-14-89,2018,1.0,1.0
6810,840-14-89,2019,1.0,1.0
6810,840-14-96,2009,1.0,0.0
6810,840-14-96,2011,1.0,0.0
6810,840-17-1,2004,1.0,0.0
6810,840-17-1,2010,1.0,0.0
6810,840-17-1,2022,1.0,1.0
6810,840-17-11,2005,1.0,0.0
6810,840-17-12,2007,1.0,0.0
6810,840-17-12,2008,1.0,1.0
6810,840-17-12,2015,1.0,0.0
6810,840-17-125,2008,1.0,0.0
6810,840-17-14,2019,1.0,0.0
6810,840-17-15,2000,1.0,0.0
6810,840-17-154,2000,1.0,0.0
6810,840-17-18,2022,1.0,0.0
6810,840-17-21,2001,1.0,0.0
6810,840-17-216,2001,1.0,0.0
6810,840-17-216,2015,1.0,1.0
6810,840-17-216,2022,1.0,1.0
6810,840-17-218,1999,1.0,0.0
6810,840-17-223,2010,1.0,0.0
6810,840-17-223,2022,1.0,1.0
6810,840-17-23,2000,1.0,1.0
6810,840-17-23,2001,1.0,1.0
6810,840-17-23,2007,1.0,0.0
6810,840-17-23,2010,1.0,1.0
6810,840-17-23,2014,1.0,0.0
6810,840-17-23,2015,1.0,1.0
6810,840-17-3,2008,1.0,1.0
6810,840-17-3,2014,1.0,1.0
6810,840-17-303,2004,1.0,0.0
6810,840-17-303,2010,1.0,0.0
6810,840-17-306,2000,1.0,1.0
6810,840-17-306,2007,1.0,1.0
6810,840-17-306,2010,1.0,1.0
6810,840-17-306,2011,1.0,1.0
6810,840-17-308,2005,1.0,0.0
6810,840-17-309,2000,1.0,0.0
6810,840-17-31,2000,1.0,1.0
6810,840-17-31,2010,1.0,0.0
6810,840-17-31,2022,1.0,0.0
6810,840-17-312,2016,1.0,0.0
6810,840-17-317,2011,1.0,0.0
6810,840-17-318,2017,1.0,0.0
6810,840-17-32,2014,1.0,0.0
6810,840-17-326,2000,1.0,0.0
6810,840-17-326,2008,1.0,0.0
6810,840-17-326,2015,1.0,0.0
6810,840-17-33,2006,1.0,0.0
6810,840-17-33,2007,1.0,1.0
6810,840-17-35,2000,1.0,1.0
6810,840-17-35,2008,1.0,1.0
6810,840-17-35,2010,1.0,1.0
6810,840-17-35,2011,1.0,1.0
6810,840-17-351,2000,1.0,1.0
6810,840-17-351,2001,1.0,1.0
6810,840-17-351,2004,1.0,1.0
6810,840-17-351,2022,1.0,1.0
6810,840-17-359,1999,1.0,0.0
6810,840-17-359,2003,1.0,0.0
6810,840-17-362,2001,1.0,0.0
6810,840-17-362,2010,1.0,0.0
6810,840-17-362,2011,1.0,1.0
6810,840-17-362,2017,1.0,0.0
6810,840-17-368,2010,1.0,0.0
6810,840-17-368,2013,1.0,0.0
6810,840-17-375,2000,1.0,0.0
6810,840-17-375,2005,1.0,0.0
6810,840-17-375,2007,1.0,0.0
6810,840-17-40,2001,1.0,0.0
6810,840-17-40,2010,1.0,0.0
6810,840-17-41,2011,1.0,1.0
6810,840-17-44,2007,1.0,0.0
6810,840-17-46,2009,1.0,0.0
6810,840-17-46,2023,1.0,0.0
6810,840-17-47,2018,1.0,0.0
6810,840-17-55,2000,1.0,1.0
6810,840-17-55,2001,1.0,1.0
6810,840-17-55,2011,1.0,1.0
6810,840-17-55,2015,1.0,1.0
6810,840-17-9,2000,1.0,1.0
6810,840-17-9,2010,1.0,1.0
6810,840-17-9,2017,1.0,1.0
6810,840-17-9,2022,1.0,1.0
6810,840-18-1,2000,1.0,1.0
6810,840-18-1,2002,1.0,1.0
6810,840-18-1,2004,1.0,0.0
6810,840-18-1,2012,1.0,0.0
6810,840-18-1,2014,1.0,1.0
6810,840-18-1,2017,1.0,0.0
6810,840-18-1,2018,1.0,1.0
6810,840-18-1,2019,1.0,1.0
6810,840-18-1,2023,1.0,1.0
6810,840-18-102,2000,1.0,1.0
6810,840-18-102,2002,1.0,1.0
6810,840-18-102,2004,1.0,1.0
6810,840-18-102,2006,1.0,1.0
6810,840-18-102,2007,1.0,1.0
6810,840-18-102,2011,1.0,1.0
6810,840-18-102,2012,1.0,1.0
6810,840-18-102,2013,1.0,1.0
6810,840-18-102,2014,1.0,1.0
6810,840-18-102,2015,1.0,1.0
6810,840-18-102,2017,1.0,1.0
6810,840-18-102,2018,1.0,1.0
6810,840-18-102,2019,1.0,1.0
6810,840-18-102,2022,1.0,1.0
6810,840-18-11,2006,1.0,1.0
6810,840-18-11,2011,1.0,1.0
6810,840-18-11,2012,1.0,1.0
6810,840-18-11,2013,1.0,1.0
6810,840-18-11,2014,1.0,1.0
6810,840-18-11,2015,1.0,1.0
6810,840-18-11,2017,1.0,1.0
6810,840-18-11,2019,1.0,0.0
6810,840-18-11,2022,1.0,1.0
6810,840-18-14,2006,1.0,1.0
6810,840-18-14,2007,1.0,1.0
6810,840-18-14,2011,1.0,1.0
6810,840-18-14,2012,1.0,1.0
6810,840-18-14,2013,1.0,1.0
6810,840-18-14,2014,1.0,1.0
6810,840-18-14,2015,1.0,1.0
6810,840-18-14,2016,1.0,1.0
6810,840-18-14,2017,1.0,1.0
6810,840-18-14,2018,1.0,1.0
6810,840-18-14,2019,1.0,1.0
6810,840-18-15,2006,1.0,1.0
6810,840-18-15,2007,1.0,1.0
6810,840-18-15,2011,1.0,1.0
6810,840-18-15,2015,1.0,0.0
6810,840-18-15,2016,1.0,1.0
6810,840-18-15,2017,1.0,1.0
6810,840-18-15,2018,1.0,1.0
6810,840-18-15,2019,1.0,1.0
6810,840-18-15,2022,1.0,1.0
6810,840-18-3,2000,1.0,1.0
6810,840-18-3,2002,1.0,1.0
6810,840-18-3,2004,1.0,1.0
6810,840-18-3,2006,1.0,1.0
6810,840-18-3,2007,1.0,1.0
6810,840-18-3,2011,1.0,1.0
6810,840-18-3,2012,1.0,1.0
6810,840-18-3,2013,1.0,1.0
6810,840-18-3,2014,1.0,1.0
6810,840-18-3,2015,1.0,1.0
6810,840-18-3,2016,1.0,1.0
6810,840-18-3,2022,1.0,1.0
6810,840-18-4,2000,1.0,1.0
6810,840-18-4,2002,1.0,0.0
6810,840-18-4,2011,1.0,1.0
6810,840-18-4,2012,1.0,1.0
6810,840-18-4,2013,1.0,1.0
6810,840-18-4,2014,1.0,1.0
6810,840-18-4,2015,1.0,1.0
6810,840-18-4,2016,1.0,1.0
6810,840-18-4,2019,1.0,1.0
6810,840-18-7,2000,1.0,1.0
6810,840-18-7,2002,1.0,1.0
6810,840-18-7,2006,1.0,1.0
6810,840-18-7,2007,1.0,1.0
6810,840-18-7,2011,1.0,0.0
6810,840-18-7,2012,1.0,1.0
6810,840-18-7,2014,1.0,1.0
6810,840-18-7,2015,1.0,1.0
6810,840-18-7,2017,1.0,1.0
6810,840-18-7,2018,1.0,1.0
6810,840-18-8,2000,1.0,1.0
6810,840-18-8,2002,1.0,1.0
6810,840-18-8,2004,1.0,1.0
6810,840-18-8,2006,1.0,1.0
6810,840-18-8,2007,1.0,1.0
6810,840-18-8,2011,1.0,0.0
6810,840-18-8,2012,1.0,1.0
6810,840-18-8,2013,1.0,1.0
6810,840-18-8,2014,1.0,1.0
6810,840-18-8,2015,1.0,1.0
6810,840-18-8,2017,1.0,1.0
6810,840-18-8,2018,1.0,1.0
6810,840-18-8,2019,1.0,1.0
6810,840-18-8,2022,1.0,1.0
6810,840-18-9,2000,1.0,1.0
6810,840-18-9,2002,1.0,1.0
6810,840-18-9,2004,1.0,1.0
6810,840-18-9,2006,1.0,1.0
6810,840-18-9,2007,1.0,1.0
6810,840-18-9,2011,1.0,1.0
6810,840-18-9,2012,1.0,1.0
6810,840-18-9,2013,1.0,1.0
6810,840-18-9,2014,1.0,1.0
6810,840-18-9,2015,1.0,1.0
6810,840-18-9,2017,1.0,1.0
6810,840-18-9,2018,1.0,1.0
6810,840-18-9,2019,1.0,1.0
6810,840-2-1,1999,1.0,1.0
6810,840-2-1,2002,1.0,1.0
6810,840-2-1,2005,1.0,1.0
6810,840-2-1,2006,1.0,1.0
6810,840-2-1,2008,1.0,1.0
6810,840-2-1,2013,1.0,1.0
6810,840-2-1,2014,1.0,1.0
6810,840-2-1,2015,1.0,1.0
6810,840-2-1,2019,1.0,0.0
6810,840-2-1,2023,1.0,1.0
6810,840-2-10,2002,1.0,1.0
6810,840-2-10,2009,1.0,1.0
6810,840-2-10,2012,1.0,1.0
6810,840-2-10,2018,1.0,1.0
6810,840-2-102,1999,1.0,1.0
6810,840-2-102,2002,1.0,1.0
6810,840-2-102,2004,1.0,1.0
6810,840-2-102,2005,1.0,1.0
6810,840-2-102,2006,1.0,1.0
6810,840-2-102,2013,1.0,1.0
6810,840-2-102,2014,1.0,1.0
6810,840-2-102,2023,1.0,1.0
6810,840-2-105,2004,1.0,1.0
6810,840-2-105,2005,1.0,1.0
6810,840-2-105,2009,1.0,1.0
6810,840-2-105,2014,1.0,1.0
6810,840-2-105,2019,1.0,1.0
6810,840-2-109,2000,1.0,1.0
6810,840-2-109,2002,1.0,1.0
6810,840-2-109,2004,1.0,1.0
6810,840-2-109,2006,1.0,1.0
6810,840-2-109,2009,1.0,1.0
6810,840-2-109,2012,1.0,1.0
6810,840-2-111,2000,1.0,0.0
6810,840-2-111,2002,1.0,1.0
6810,840-2-111,2004,1.0,1.0
6810,840-2-111,2006,1.0,1.0
6810,840-2-111,2009,1.0,1.0
6810,840-2-111,2012,1.0,1.0
6810,840-2-111,2015,1.0,1.0
6810,840-2-111,2018,1.0,1.0
6810,840-2-12,2000,1.0,0.0
6810,840-2-12,2009,1.0,0.0
6810,840-2-12,2012,1.0,1.0
6810,840-2-12,2015,1.0,1.0
6810,840-2-13,1999,1.0,1.0
6810,840-2-13,2005,1.0,0.0
6810,840-2-13,2019,1.0,1.0
6810,840-2-13,2023,1.0,1.0
6810,840-2-14,2004,1.0,1.0
6810,840-2-14,2005,1.0,1.0
6810,840-2-14,2013,1.0,1.0
6810,840-2-14,2014,1.0,1.0
6810,840-2-14,2023,1.0,0.0
6810,840-2-140,1998,1.0,1.0
6810,840-2-140,1999,1.0,1.0
6810,840-2-140,2000,1.0,1.0
6810,840-2-140,2003,1.0,1.0
6810,840-2-140,2004,1.0,1.0
6810,840-2-140,2006,1.0,1.0
6810,840-2-140,2007,1.0,1.0
6810,840-2-140,2008,1.0,1.0
6810,840-2-140,2009,1.0,1.0
6810,840-2-140,2013,1.0,0.0
6810,840-2-140,2014,1.0,1.0
6810,840-2-140,2015,1.0,1.0
6810,840-2-141,2004,1.0,0.0
6810,840-2-141,2007,1.0,1.0
6810,840-2-141,2008,1.0,1.0
6810,840-2-141,2009,1.0,1.0
6810,840-2-141,2013,1.0,1.0
6810,840-2-141,2015,1.0,1.0
6810,840-2-141,2016,1.0,1.0
6810,840-2-141,2018,1.0,0.0
6810,840-2-141,2019,1.0,1.0
6810,840-2-142,2000,1.0,0.0
6810,840-2-142,2002,1.0,1.0
6810,840-2-142,2004,1.0,1.0
6810,840-2-142,2007,1.0,1.0
6810,840-2-142,2008,1.0,1.0
6810,840-2-142,2009,1.0,1.0
6810,840-2-142,2015,1.0,1.0
6810,840-2-142,2018,1.0,1.0
6810,840-2-142,2019,1.0,1.0
6810,840-2-15,1999,1.0,1.0
6810,840-2-15,2005,1.0,0.0
6810,840-2-15,2013,1.0,1.0
6810,840-2-15,2019,1.0,1.0
6810,840-2-15,2023,1.0,0.0
6810,840-2-156,2000,1.0,0.0
6810,840-2-156,2002,1.0,1.0
6810,840-2-156,2006,1.0,1.0
6810,840-2-156,2009,1.0,1.0
6810,840-2-156,2012,1.0,1.0
6810,840-2-156,2015,1.0,1.0
6810,840-2-156,2018,1.0,1.0
6810,840-2-16,2004,1.0,1.0
6810,840-2-16,2005,1.0,1.0
6810,840-2-16,2013,1.0,1.0
6810,840-2-16,2014,1.0,1.0
6810,840-2-16,2019,1.0,1.0
6810,840-2-16,2023,1.0,0.0
6810,840-2-162,2002,1.0,0.0
6810,840-2-162,2006,1.0,1.0
6810,840-2-162,2009,1.0,1.0
6810,840-2-162,2012,1.0,1.0
6810,840-2-162,2015,1.0,1.0
6810,840-2-164,2000,1.0,0.0
6810,840-2-164,2002,1.0,0.0
6810,840-2-164,2006,1.0,1.0
6810,840-2-164,2008,1.0,1.0
6810,840-2-164,2009,1.0,1.0
6810,840-2-164,2012,1.0,1.0
6810,840-2-164,2015,1.0,1.0
6810,840-2-164,2018,1.0,0.0
6810,840-2-17,2000,1.0,0.0
6810,840-2-17,2009,1.0,1.0
6810,840-2-17,2015,1.0,0.0
6810,840-2-17,2016,1.0,1.0
6810,840-2-17,2018,1.0,1.0
6810,840-2-19,1999,1.0,1.0
6810,840-2-19,2002,1.0,1.0
6810,840-2-19,2013,1.0,0.0
6810,840-2-19,2014,1.0,1.0
6810,840-2-19,2015,1.0,1.0
6810,840-2-20,1999,1.0,1.0
6810,840-2-20,2012,1.0,1.0
6810,840-2-20,2016,1.0,0.0
6810,840-2-20,2023,1.0,1.0
6810,840-2-201,1999,1.0,1.0
6810,840-2-201,2002,1.0,1.0
6810,840-2-201,2005,1.0,1.0
6810,840-2-201,2013,1.0,1.0
6810,840-2-201,2014,1.0,1.0
6810,840-2-201,2015,1.0,1.0
6810,840-2-201,2017,1.0,1.0
6810,840-2-201,2019,1.0,1.0
6810,840-2-201,2023,1.0,1.0
6810,840-2-204,1998,1.0,0.0
6810,840-2-204,2002,1.0,1.0
6810,840-2-204,2004,1.0,1.0
6810,840-2-204,2006,1.0,1.0
6810,840-2-204,2009,1.0,1.0
6810,840-2-204,2012,1.0,1.0
6810,840-2-204,2014,1.0,1.0
6810,840-2-204,2018,1.0,0.0
6810,840-2-205,2000,1.0,1.0
6810,840-2-205,2002,1.0,1.0
6810,840-2-205,2008,1.0,1.0
6810,840-2-205,2009,1.0,1.0
6810,840-2-205,2012,1.0,1.0
6810,840-2-205,2015,1.0,1.0
6810,840-2-205,2016,1.0,1.0
6810,840-2-207,2002,1.0,1.0
6810,840-2-207,2004,1.0,1.0
6810,840-2-207,2006,1.0,1.0
6810,840-2-207,2009,1.0,1.0
6810,840-2-207,2012,1.0,1.0
6810,840-2-207,2015,1.0,0.0
6810,840-2-208,2000,1.0,0.0
6810,840-2-208,2002,1.0,0.0
6810,840-2-208,2006,1.0,1.0
6810,840-2-208,2016,1.0,0.0
6810,840-2-208,2018,1.0,1.0
6810,840-2-209,2000,1.0,0.0
6810,840-2-209,2006,1.0,1.0
6810,840-2-209,2009,1.0,1.0
6810,840-2-209,2012,1.0,1.0
6810,840-2-209,2015,1.0,0.0
6810,840-2-21,2000,1.0,1.0
6810,840-2-21,2002,1.0,1.0
6810,840-2-21,2012,1.0,1.0
6810,840-2-21,2016,1.0,0.0
6810,840-2-21,2023,1.0,1.0
6810,840-2-210,2012,1.0,0.0
6810,840-2-210,2013,1.0,1.0
6810,840-2-210,2014,1.0,1.0
6810,840-2-210,2016,1.0,0.0
6810,840-2-210,2019,1.0,1.0
6810,840-2-211,2006,1.0,1.0
6810,840-2-211,2015,1.0,0.0
6810,840-2-211,2016,1.0,1.0
6810,840-2-211,2018,1.0,0.0
6810,840-2-212,2002,1.0,0.0
6810,840-2-212,2004,1.0,1.0
6810,840-2-212,2009,1.0,1.0
6810,840-2-212,2015,1.0,1.0
6810,840-2-214,2002,1.0,1.0
6810,840-2-214,2013,1.0,0.0
6810,840-2-214,2015,1.0,1.0
6810,840-2-214,2016,1.0,1.0
6810,840-2-214,2018,1.0,1.0
6810,840-2-214,2019,1.0,1.0
6810,840-2-215,2004,1.0,1.0
6810,840-2-215,2005,1.0,1.0
6810,840-2-215,2012,1.0,0.0
6810,840-2-215,2018,1.0,1.0
6810,840-2-215,2023,1.0,1.0
6810,840-2-216,2009,1.0,0.0
6810,840-2-216,2015,1.0,0.0
6810,840-2-216,2016,1.0,1.0
6810,840-2-216,2018,1.0,1.0
6810,840-2-218,2002,1.0,1.0
6810,840-2-218,2008,1.0,1.0
6810,840-2-218,2013,1.0,0.0
6810,840-2-218,2015,1.0,1.0
6810,840-2-218,2018,1.0,1.0
6810,840-2-218,2019,1.0,1.0
6810,840-2-22,2002,1.0,1.0
6810,840-2-22,2004,1.0,1.0
6810,840-2-22,2005,1.0,1.0
6810,840-2-23,2002,1.0,1.0
6810,840-2-23,2004,1.0,1.0
6810,840-2-23,2005,1.0,1.0
6810,840-2-23,2012,1.0,1.0
6810,840-2-23,2013,1.0,1.0
6810,840-2-23,2014,1.0,1.0
6810,840-2-23,2023,1.0,1.0
6810,840-2-24,2002,1.0,1.0
6810,840-2-24,2009,1.0,1.0
6810,840-2-24,2013,1.0,1.0
6810,840-2-24,2015,1.0,1.0
6810,840-2-24,2016,1.0,1.0
6810,840-2-24,2018,1.0,1.0
6810,840-2-24,2019,1.0,1.0
6810,840-2-25,2002,1.0,1.0
6810,840-2-25,2006,1.0,1.0
6810,840-2-25,2012,1.0,1.0
6810,840-2-25,2013,1.0,1.0
6810,840-2-25,2016,1.0,0.0
6810,840-2-25,2019,1.0,0.0
6810,840-2-26,1999,1.0,1.0
6810,840-2-26,2005,1.0,0.0
6810,840-2-26,2013,1.0,0.0
6810,840-2-26,2014,1.0,1.0
6810,840-2-27,2002,1.0,1.0
6810,840-2-27,2009,1.0,1.0
6810,840-2-27,2015,1.0,0.0
6810,840-2-27,2018,1.0,1.0
6810,840-2-27,2019,1.0,1.0
6810,840-2-28,2009,1.0,1.0
6810,840-2-28,2015,1.0,0.0
6810,840-2-28,2018,1.0,1.0
6810,840-2-29,2002,1.0,1.0
6810,840-2-29,2004,1.0,1.0
6810,840-2-29,2009,1.0,1.0
6810,840-2-29,2018,1.0,1.0
6810,840-2-31,1999,1.0,0.0
6810,840-2-31,2004,1.0,1.0
6810,840-2-31,2016,1.0,0.0
6810,840-2-31,2018,1.0,0.0
6810,840-2-31,2023,1.0,1.0
6810,840-2-33,1999,1.0,1.0
6810,840-2-33,2004,1.0,1.0
6810,840-2-33,2012,1.0,0.0
6810,840-2-34,2000,1.0,1.0
6810,840-2-34,2002,1.0,1.0
6810,840-2-34,2006,1.0,1.0
6810,840-2-34,2007,1.0,1.0
6810,840-2-34,2008,1.0,1.0
6810,840-2-34,2009,1.0,1.0
6810,840-2-35,2000,1.0,1.0
6810,840-2-35,2002,1.0,1.0
6810,840-2-35,2009,1.0,0.0
6810,840-2-35,2015,1.0,1.0
6810,840-2-35,2023,1.0,1.0
6810,840-2-36,2004,1.0,1.0
6810,840-2-36,2012,1.0,0.0
6810,840-2-36,2016,1.0,0.0
6810,840-2-36,2019,1.0,0.0
6810,840-2-38,2002,1.0,1.0
6810,840-2-38,2013,1.0,1.0
6810,840-2-38,2015,1.0,0.0
6810,840-2-38,2016,1.0,1.0
6810,840-2-38,2018,1.0,1.0
6810,840-2-38,2019,1.0,1.0
6810,840-2-38,2023,1.0,0.0
6810,840-2-4,2002,1.0,0.0
6810,840-2-4,2004,1.0,1.0
6810,840-2-4,2005,1.0,1.0
6810,840-2-4,2013,1.0,1.0
6810,840-2-43,2004,1.0,1.0
6810,840-2-43,2005,1.0,1.0
6810,840-2-43,2013,1.0,0.0
6810,840-2-43,2014,1.0,1.0
6810,840-2-43,2023,1.0,0.0
6810,840-2-45,2002,1.0,1.0
6810,840-2-45,2009,1.0,1.0
6810,840-2-45,2012,1.0,1.0
6810,840-2-45,2013,1.0,1.0
6810,840-2-45,2014,1.0,1.0
6810,840-2-45,2015,1.0,1.0
6810,840-2-47,2000,1.0,1.0
6810,840-2-47,2002,1.0,1.0
6810,840-2-47,2008,1.0,1.0
6810,840-2-47,2012,1.0,1.0
6810,840-2-47,2015,1.0,0.0
6810,840-2-47,2016,1.0,1.0
6810,840-2-48,1999,1.0,1.0
6810,840-2-48,2004,1.0,1.0
6810,840-2-48,2023,1.0,0.0
6810,840-2-49,1999,1.0,1.0
6810,840-2-49,2002,1.0,1.0
6810,840-2-49,2005,1.0,0.0
6810,840-2-49,2019,1.0,1.0
6810,840-2-49,2023,1.0,0.0
6810,840-2-50,2002,1.0,1.0
6810,840-2-50,2006,1.0,1.0
6810,840-2-50,2012,1.0,1.0
6810,840-2-50,2013,1.0,1.0
6810,840-2-50,2015,1.0,1.0
6810,840-2-50,2016,1.0,1.0
6810,840-2-50,2018,1.0,1.0
6810,840-2-50,2019,1.0,1.0
6810,840-2-50,2023,1.0,1.0
6810,840-2-52,1999,1.0,0.0
6810,840-2-52,2004,1.0,1.0
6810,840-2-52,2012,1.0,1.0
6810,840-2-52,2013,1.0,1.0
6810,840-2-52,2014,1.0,1.0
6810,840-2-52,2015,1.0,1.0
6810,840-2-52,2016,1.0,1.0
6810,840-2-52,2019,1.0,1.0
6810,840-2-52,2023,1.0,0.0
6810,840-2-53,2002,1.0,1.0
6810,840-2-53,2004,1.0,1.0
6810,840-2-53,2013,1.0,1.0
6810,840-2-53,2015,1.0,1.0
6810,840-2-53,2016,1.0,1.0
6810,840-2-53,2018,1.0,1.0
6810,840-2-53,2023,1.0,0.0
6810,840-2-54,2002,1.0,1.0
6810,840-2-54,2008,1.0,1.0
6810,840-2-54,2009,1.0,1.0
6810,840-2-54,2013,1.0,1.0
6810,840-2-54,2015,1.0,0.0
6810,840-2-54,2016,1.0,1.0
6810,840-2-54,2018,1.0,0.0
6810,840-2-55,2002,1.0,1.0
6810,840-2-55,2009,1.0,1.0
6810,840-2-55,2015,1.0,0.0
6810,840-2-55,2016,1.0,1.0
6810,840-2-55,2018,1.0,1.0
6810,840-2-55,2023,1.0,1.0
6810,840-2-57,2002,1.0,1.0
6810,840-2-57,2005,1.0,1.0
6810,840-2-57,2006,1.0,1.0
6810,840-2-57,2008,1.0,1.0
6810,840-2-57,2009,1.0,1.0
6810,840-2-57,2013,1.0,1.0
6810,840-2-57,2014,1.0,1.0
6810,840-2-57,2015,1.0,1.0
6810,840-2-58,2004,1.0,1.0
6810,840-2-58,2013,1.0,0.0
6810,840-2-58,2019,1.0,1.0
6810,840-2-59,2002,1.0,1.0
6810,840-2-59,2013,1.0,1.0
6810,840-2-59,2014,1.0,1.0
6810,840-2-59,2015,1.0,1.0
6810,840-2-59,2016,1.0,1.0
6810,840-2-59,2023,1.0,1.0
6810,840-2-60,2000,1.0,1.0
6810,840-2-60,2009,1.0,0.0
6810,840-2-60,2012,1.0,1.0
6810,840-2-60,2015,1.0,1.0
6810,840-2-60,2016,1.0,1.0
6810,840-2-60,2018,1.0,1.0
6810,840-2-61,2000,1.0,0.0
6810,840-2-61,2002,1.0,1.0
6810,840-2-61,2006,1.0,0.0
6810,840-2-61,2009,1.0,1.0
6810,840-2-61,2012,1.0,1.0
6810,840-2-61,2018,1.0,1.0
6810,840-2-63,2004,1.0,0.0
6810,840-2-63,2005,1.0,1.0
6810,840-2-63,2013,1.0,0.0
6810,840-2-63,2019,1.0,0.0
6810,840-2-63,2023,1.0,1.0
6810,840-2-65,2002,1.0,1.0
6810,840-2-65,2004,1.0,1.0
6810,840-2-65,2009,1.0,1.0
6810,840-2-65,2012,1.0,1.0
6810,840-2-65,2018,1.0,0.0
6810,840-2-65,2019,1.0,1.0
6810,840-2-66,2002,1.0,0.0
6810,840-2-66,2004,1.0,1.0
6810,840-2-66,2008,1.0,1.0
6810,840-2-66,2013,1.0,1.0
6810,840-2-66,2016,1.0,0.0
6810,840-2-66,2018,1.0,1.0
6810,840-2-66,2019,1.0,1.0
6810,840-2-66,2023,1.0,0.0
6810,840-2-67,2004,1.0,1.0
6810,840-2-67,2005,1.0,1.0
6810,840-2-67,2023,1.0,1.0
6810,840-2-68,2002,1.0,1.0
6810,840-2-68,2004,1.0,1.0
6810,840-2-68,2009,1.0,1.0
6810,840-2-68,2013,1.0,0.0
6810,840-2-68,2015,1.0,0.0
6810,840-2-68,2023,1.0,0.0
6810,840-2-7,2000,1.0,1.0
6810,840-2-7,2002,1.0,1.0
6810,840-2-7,2006,1.0,0.0
6810,840-2-7,2009,1.0,1.0
6810,840-2-7,2014,1.0,1.0
6810,840-2-7,2015,1.0,1.0
6810,840-2-7,2018,1.0,1.0
6810,840-2-71,1999,1.0,0.0
6810,840-2-71,2002,1.0,1.0
6810,840-2-71,2008,1.0,1.0
6810,840-2-71,2013,1.0,1.0
6810,840-2-71,2014,1.0,1.0
6810,840-2-71,2019,1.0,1.0
6810,840-2-71,2023,1.0,1.0
6810,840-2-72,1999,1.0,1.0
6810,840-2-72,2000,1.0,1.0
6810,840-2-72,2002,1.0,1.0
6810,840-2-72,2005,1.0,1.0
6810,840-2-72,2006,1.0,1.0
6810,840-2-72,2009,1.0,1.0
6810,840-2-72,2014,1.0,1.0
6810,840-2-72,2015,1.0,1.0
6810,840-2-73,2008,1.0,1.0
6810,840-2-73,2009,1.0,1.0
6810,840-2-73,2011,1.0,1.0
6810,840-2-73,2012,1.0,1.0
6810,840-2-73,2015,1.0,1.0
6810,840-2-73,2018,1.0,1.0
6810,840-2-8,2013,1.0,0.0
6810,840-2-8,2014,1.0,1.0
6810,840-2-8,2019,1.0,0.0
6810,840-2-8,2023,1.0,0.0
6810,840-21-1,1999,1.0,1.0
6810,840-21-1,2000,1.0,1.0
6810,840-21-1,2001,1.0,1.0
6810,840-21-1,2005,1.0,1.0
6810,840-21-1,2006,1.0,1.0
6810,840-21-1,2007,1.0,1.0
6810,840-21-1,2012,1.0,1.0
6810,840-21-1,2013,1.0,1.0
6810,840-21-1,2014,1.0,1.0
6810,840-21-1,2015,1.0,1.0
6810,840-21-1,2018,1.0,0.0
6810,840-21-1,2019,1.0,1.0
6810,840-21-10,2000,1.0,1.0
6810,840-21-10,2002,1.0,1.0
6810,840-21-10,2004,1.0,0.0
6810,840-21-10,2006,1.0,1.0
6810,840-21-10,2007,1.0,1.0
6810,840-21-10,2013,1.0,0.0
6810,840-21-10,2014,1.0,1.0
6810,840-21-10,2016,1.0,1.0
6810,840-21-105,1999,1.0,1.0
6810,840-21-105,2000,1.0,1.0
6810,840-21-105,2001,1.0,1.0
6810,840-21-105,2005,1.0,1.0
6810,840-21-105,2006,1.0,1.0
6810,840-21-105,2007,1.0,1.0
6810,840-21-105,2012,1.0,1.0
6810,840-21-105,2013,1.0,1.0
6810,840-21-105,2014,1.0,1.0
6810,840-21-105,2015,1.0,1.0
6810,840-21-105,2017,1.0,0.0
6810,840-21-105,2018,1.0,1.0
6810,840-21-105,2019,1.0,1.0
6810,840-21-105,2022,1.0,1.0
6810,840-21-109,1999,1.0,1.0
6810,840-21-109,2000,1.0,1.0
6810,840-21-109,2001,1.0,1.0
6810,840-21-109,2004,1.0,1.0
6810,840-21-109,2005,1.0,1.0
6810,840-21-109,2006,1.0,1.0
6810,840-21-109,2007,1.0,1.0
6810,840-21-109,2013,1.0,1.0
6810,840-21-109,2014,1.0,1.0
6810,840-21-109,2017,1.0,1.0
6810,840-21-109,2018,1.0,1.0
6810,840-21-109,2019,1.0,1.0
6810,840-21-2,2000,1.0,1.0
6810,840-21-2,2006,1.0,1.0
6810,840-21-2,2007,1.0,1.0
6810,840-21-2,2012,1.0,1.0
6810,840-21-2,2013,1.0,1.0
6810,840-21-2,2014,1.0,1.0
6810,840-21-3,1999,1.0,1.0
6810,840-21-3,2000,1.0,1.0
6810,840-21-3,2001,1.0,1.0
6810,840-21-3,2005,1.0,1.0
6810,840-21-3,2006,1.0,1.0
6810,840-21-3,2007,1.0,1.0
6810,840-21-3,2013,1.0,1.0
6810,840-21-3,2014,1.0,1.0
6810,840-21-3,2018,1.0,1.0
6810,840-21-3,2019,1.0,1.0
6810,840-21-4,1999,1.0,1.0
6810,840-21-4,2000,1.0,1.0
6810,840-21-4,2001,1.0,1.0
6810,840-21-4,2005,1.0,1.0
6810,840-21-4,2006,1.0,1.0
6810,840-21-4,2007,1.0,1.0
6810,840-21-4,2013,1.0,1.0
6810,840-21-4,2014,1.0,1.0
6810,840-25-1,2000,1.0,1.0
6810,840-25-1,2002,1.0,1.0
6810,840-25-1,2007,1.0,1.0
6810,840-25-1,2008,1.0,1.0
6810,840-25-1,2009,1.0,1.0
6810,840-25-1,2015,1.0,0.0
6810,840-25-10,2002,1.0,1.0
6810,840-25-10,2006,1.0,1.0
6810,840-25-10,2007,1.0,1.0
6810,840-25-10,2013,1.0,1.0
6810,840-25-10,2018,1.0,1.0
6810,840-25-108,2002,1.0,1.0
6810,840-25-108,2009,1.0,0.0
6810,840-25-108,2015,1.0,0.0
6810,840-25-108,2016,1.0,1.0
6810,840-25-11,2000,1.0,0.0
6810,840-25-11,2004,1.0,0.0
6810,840-25-11,2008,1.0,1.0
6810,840-25-11,2009,1.0,1.0
6810,840-25-11,2013,1.0,1.0
6810,840-25-11,2014,1.0,1.0
6810,840-25-11,2019,1.0,0.0
6810,840-25-113,1999,1.0,1.0
6810,840-25-113,2001,1.0,1.0
6810,840-25-113,2002,1.0,1.0
6810,840-25-113,2007,1.0,1.0
6810,840-25-113,2009,1.0,1.0
6810,840-25-113,2013,1.0,1.0
6810,840-25-113,2014,1.0,1.0
6810,840-25-113,2017,1.0,1.0
6810,840-25-113,2018,1.0,1.0
6810,840-25-113,2023,1.0,1.0
6810,840-25-12,2002,1.0,1.0
6810,840-25-12,2004,1.0,1.0
6810,840-25-12,2006,1.0,1.0
6810,840-25-12,2007,1.0,1.0
6810,840-25-12,2009,1.0,1.0
6810,840-25-12,2018,1.0,1.0
6810,840-25-129,2001,1.0,1.0
6810,840-25-129,2007,1.0,1.0
6810,840-25-129,2014,1.0,1.0
6810,840-25-129,2016,1.0,0.0
6810,840-25-132,2001,1.0,0.0
6810,840-25-132,2009,1.0,0.0
6810,840-25-132,2013,1.0,0.0
6810,840-25-135,2003,1.0,1.0
6810,840-25-135,2004,1.0,1.0
6810,840-25-135,2006,1.0,0.0
6810,840-25-135,2008,1.0,1.0
6810,840-25-135,2009,1.0,1.0
6810,840-25-135,2011,1.0,1.0
6810,840-25-135,2012,1.0,1.0
6810,840-25-135,2013,1.0,1.0
6810,840-25-135,2014,1.0,1.0
6810,840-25-135,2015,1.0,1.0
6810,840-25-135,2016,1.0,1.0
6810,840-25-135,2017,1.0,1.0
6810,840-25-135,2018,1.0,1.0
6810,840-25-135,2022,1.0,1.0
6810,840-25-14,2001,1.0,1.0
6810,840-25-14,2002,1.0,1.0
6810,840-25-14,2006,1.0,1.0
6810,840-25-14,2008,1.0,0.0
6810,840-25-14,2009,1.0,1.0
6810,840-25-14,2014,1.0,0.0
6810,840-25-14,2018,1.0,1.0
6810,840-25-14,2023,1.0,0.0
6810,840-25-15,2002,1.0,1.0
6810,840-25-15,2004,1.0,1.0
6810,840-25-15,2013,1.0,1.0
6810,840-25-15,2015,1.0,1.0
6810,840-25-15,2016,1.0,1.0
6810,840-25-15,2018,1.0,1.0
6810,840-25-15,2019,1.0,1.0
6810,840-25-15,2023,1.0,0.0
6810,840-25-165,2006,1.0,1.0
6810,840-25-165,2007,1.0,1.0
6810,840-25-172,2014,1.0,0.0
6810,840-25-175,2008,1.0,0.0
6810,840-25-178,2018,1.0,0.0
6810,840-25-18,2000,1.0,1.0
6810,840-25-18,2001,1.0,1.0
6810,840-25-18,2002,1.0,1.0
6810,840-25-18,2003,1.0,1.0
6810,840-25-18,2005,1.0,1.0
6810,840-25-18,2006,1.0,1.0
6810,840-25-18,2008,1.0,1.0
6810,840-25-18,2009,1.0,1.0
6810,840-25-18,2013,1.0,1.0
6810,840-25-18,2014,1.0,1.0
6810,840-25-18,2015,1.0,1.0
6810,840-25-18,2023,1.0,1.0
6810,840-25-180,2001,1.0,0.0
6810,840-25-180,2002,1.0,1.0
6810,840-25-180,2007,1.0,0.0
6810,840-25-180,2014,1.0,0.0
6810,840-25-19,2006,1.0,1.0
6810,840-25-19,2009,1.0,1.0
6810,840-25-19,2014,1.0,0.0
6810,840-25-19,2018,1.0,0.0
6810,840-25-19,2023,1.0,1.0
6810,840-25-2,2000,1.0,1.0
6810,840-25-2,2002,1.0,1.0
6810,840-25-2,2004,1.0,1.0
6810,840-25-2,2009,1.0,0.0
6810,840-25-20,2001,1.0,1.0
6810,840-25-20,2002,1.0,1.0
6810,840-25-20,2006,1.0,1.0
6810,840-25-20,2007,1.0,1.0
6810,840-25-20,2009,1.0,0.0
6810,840-25-20,2013,1.0,0.0
6810,840-25-20,2014,1.0,1.0
6810,840-25-20,2018,1.0,0.0
6810,840-25-21,2000,1.0,1.0
6810,840-25-21,2001,1.0,1.0
6810,840-25-21,2002,1.0,1.0
6810,840-25-21,2007,1.0,1.0
6810,840-25-21,2008,1.0,1.0
6810,840-25-21,2009,1.0,1.0
6810,840-25-21,2013,1.0,1.0
6810,840-25-21,2014,1.0,1.0
6810,840-25-21,2018,1.0,0.0
6810,840-25-22,2001,1.0,1.0
6810,840-25-22,2007,1.0,1.0
6810,840-25-22,2016,1.0,0.0
6810,840-25-22,2023,1.0,1.0
6810,840-25-24,2001,1.0,1.0
6810,840-25-24,2003,1.0,1.0
6810,840-25-24,2007,1.0,1.0
6810,840-25-25,2000,1.0,1.0
6810,840-25-25,2001,1.0,1.0
6810,840-25-25,2006,1.0,1.0
6810,840-25-25,2008,1.0,1.0
6810,840-25-25,2013,1.0,0.0
6810,840-25-25,2019,1.0,0.0
6810,840-25-25,2023,1.0,0.0
6810,840-25-26,2000,1.0,1.0
6810,840-25-26,2001,1.0,1.0
6810,840-25-26,2002,1.0,1.0
6810,840-25-26,2003,1.0,1.0
6810,840-25-26,2009,1.0,0.0
6810,840-25-27,2001,1.0,1.0
6810,840-25-27,2007,1.0,1.0
6810,840-25-27,2008,1.0,1.0
6810,840-25-27,2009,1.0,1.0
6810,840-25-27,2014,1.0,1.0
6810,840-25-27,2016,1.0,1.0
6810,840-25-27,2019,1.0,1.0
6810,840-25-27,2023,1.0,1.0
6810,840-25-28,2000,1.0,1.0
6810,840-25-28,2001,1.0,1.0
6810,840-25-28,2003,1.0,1.0
6810,840-25-28,2005,1.0,1.0
6810,840-25-28,2007,1.0,0.0
6810,840-25-28,2008,1.0,1.0
6810,840-25-28,2009,1.0,1.0
6810,840-25-28,2012,1.0,1.0
6810,840-25-28,2013,1.0,1.0
6810,840-25-28,2014,1.0,1.0
6810,840-25-28,2017,1.0,1.0
6810,840-25-28,2018,1.0,1.0
6810,840-25-28,2022,1.0,1.0
6810,840-25-3,2000,1.0,0.0
6810,840-25-3,2002,1.0,1.0
6810,840-25-3,2004,1.0,1.0
6810,840-25-3,2008,1.0,1.0
6810,840-25-30,2007,1.0,1.0
6810,840-25-30,2008,1.0,1.0
6810,840-25-30,2016,1.0,0.0
6810,840-25-30,2019,1.0,1.0
6810,840-25-31,2001,1.0,1.0
6810,840-25-31,2002,1.0,1.0
6810,840-25-31,2003,1.0,1.0
6810,840-25-31,2005,1.0,1.0
6810,840-25-31,2007,1.0,1.0
6810,840-25-31,2012,1.0,0.0
6810,840-25-37,2000,1.0,1.0
6810,840-25-37,2002,1.0,1.0
6810,840-25-37,2006,1.0,1.0
6810,840-25-37,2009,1.0,1.0
6810,840-25-37,2013,1.0,0.0
6810,840-25-37,2014,1.0,1.0
6810,840-25-37,2018,1.0,0.0
6810,840-25-4,2002,1.0,1.0
6810,840-25-4,2004,1.0,1.0
6810,840-25-4,2008,1.0,1.0
6810,840-25-4,2009,1.0,1.0
6810,840-25-4,2015,1.0,1.0
6810,840-25-4,2016,1.0,1.0
6810,840-25-4,2018,1.0,1.0
6810,840-25-4,2023,1.0,1.0
5110,124-11-74,2000,1.0,1.0
5110,124-11-74,2003,1.0,1.0
5110,124-11-74,2007,1.0,0.0
5110,124-11-74,2008,1.0,1.0
5110,124-11-74,2012,1.0,1.0
5110,124-11-74,2014,1.0,0.0
5110,124-11-74,2017,1.0,1.0
5110,124-11-74,2018,1.0,1.0
5110,124-11-74,2019,1.0,1.0
5110,124-4-105,2022,1.0,0.0
5110,124-4-106,2001,1.0,0.0
5110,124-4-106,2002,1.0,1.0
5110,124-4-107,2017,1.0,1.0
5110,124-4-107,2022,1.0,0.0
5110,124-4-109,2022,1.0,0.0
5110,124-4-113,1999,1.0,0.0
5110,124-4-114,2008,1.0,0.0
5110,124-4-114,2009,1.0,1.0
5110,124-4-114,2010,1.0,1.0
5110,124-4-115,2008,1.0,0.0
5110,124-4-115,2011,1.0,0.0
5110,124-4-121,1998,1.0,0.0
5110,124-4-121,2000,1.0,0.0
5110,124-4-127,1998,1.0,0.0
5110,124-4-127,2007,1.0,0.0
5110,124-4-127,2013,1.0,1.0
5110,124-4-127,2017,1.0,0.0
5110,124-4-128,2023,1.0,0.0
5110,124-4-13,2017,1.0,0.0
5110,124-4-138,2022,1.0,0.0
5110,124-4-18,2012,1.0,0.0
5110,124-4-2,2001,1.0,0.0
5110,124-4-2,2002,1.0,1.0
5110,124-4-2,2003,1.0,1.0
5110,124-4-2,2012,1.0,1.0
5110,124-4-2,2013,1.0,1.0
5110,124-4-2,2019,1.0,1.0
5110,124-4-2,2022,1.0,1.0
5110,124-4-20,2012,1.0,0.0
5110,124-4-20,2017,1.0,1.0
5110,124-4-201,2007,1.0,0.0
5110,124-4-201,2018,1.0,0.0
5110,124-4-204,2003,1.0,0.0
5110,124-4-204,2017,1.0,0.0
5110,124-4-215,2001,1.0,0.0
5110,124-4-22,1999,1.0,0.0
5110,124-4-227,2007,1.0,0.0
5110,124-4-227,2011,1.0,0.0
5110,124-4-227,2013,1.0,1.0
5110,124-4-227,2014,1.0,1.0
5110,124-4-228,2012,1.0,0.0
5110,124-4-229,2007,1.0,1.0
5110,124-4-229,2009,1.0,0.0
5110,124-4-229,2013,1.0,0.0
5110,124-4-229,2017,1.0,1.0
5110,124-4-229,2022,1.0,1.0
5110,124-4-251,2007,1.0,0.0
5110,124-4-251,2010,1.0,0.0
5110,124-4-251,2017,1.0,1.0
5110,124-4-251,2022,1.0,1.0
5110,124-4-26,1998,1.0,0.0
5110,124-4-26,2012,1.0,0.0
5110,124-4-27,2000,1.0,0.0
5110,124-4-28,2023,1.0,0.0
5110,124-4-29,2001,1.0,0.0
5110,124-4-3,2017,1.0,0.0
5110,124-4-302,2017,1.0,1.0
5110,124-4-302,2018,1.0,1.0
5110,124-4-306,2012,1.0,1.0
5110,124-4-306,2019,1.0,0.0
5110,124-4-311,2016,1.0,0.0
5110,124-4-312,2006,1.0,0.0
5110,124-4-312,2017,1.0,1.0
5110,124-4-313,2022,1.0,1.0
5110,124-4-315,2018,1.0,0.0
5110,124-4-328,2007,1.0,0.0
5110,124-4-329,2023,1.0,0.0
5110,124-4-330,2001,1.0,1.0
5110,124-4-330,2007,1.0,1.0
5110,124-4-37,2003,1.0,0.0
5110,124-4-4,2002,1.0,1.0
5110,124-4-4,2008,1.0,0.0
5110,124-4-4,2013,1.0,0.0
5110,124-4-40,2007,1.0,0.0
5110,124-4-50,2010,1.0,1.0
5110,124-4-50,2017,1.0,0.0
5110,124-4-55,1998,1.0,0.0
5110,124-4-55,2018,1.0,0.0
5110,124-4-6,2013,1.0,0.0
5110,124-4-6,2019,1.0,1.0
5110,124-4-6,2022,1.0,0.0
5110,124-4-62,2001,1.0,0.0
5110,124-4-63,2007,1.0,0.0
5110,124-4-63,2008,1.0,1.0
5110,124-4-63,2010,1.0,1.0
5110,124-4-63,2013,1.0,0.0
5110,124-4-63,2014,1.0,1.0
5110,124-4-63,2017,1.0,1.0
5110,124-4-63,2022,1.0,0.0
5110,124-4-7,2006,1.0,0.0
5110,124-4-77,2002,1.0,0.0
5110,124-4-9,2013,1.0,0.0
5110,124-4-9,2022,1.0,0.0
5110,124-43-7,2023,1.0,0.0
5110,124-43-8,2008,1.0,0.0
5110,124-43-8,2012,1.0,1.0
5110,124-45-1,2005,1.0,0.0
5110,124-45-1,2016,1.0,0.0
5110,124-45-1,2022,1.0,0.0
5110,124-45-101,2007,1.0,0.0
5110,124-45-101,2013,1.0,1.0
5110,124-45-101,2015,1.0,1.0
5110,124-45-101,2019,1.0,1.0
5110,124-45-102,2002,1.0,1.0
5110,124-45-102,2003,1.0,1.0
5110,124-45-102,2005,1.0,1.0
5110,124-45-102,2007,1.0,1.0
5110,124-45-102,2013,1.0,1.0
5110,124-45-102,2015,1.0,1.0
5110,124-45-102,2016,1.0,1.0
5110,124-45-102,2017,1.0,1.0
5110,124-45-103,2005,1.0,0.0
5110,124-45-103,2007,1.0,0.0
5110,124-45-103,2016,1.0,1.0
5110,124-45-103,2017,1.0,1.0
5110,124-45-105,2003,1.0,1.0
5110,124-45-105,2007,1.0,1.0
5110,124-45-105,2013,1.0,1.0
5110,124-45-105,2015,1.0,1.0
5110,124-45-105,2016,1.0,1.0
5110,124-45-105,2017,1.0,1.0
5110,124-45-105,2019,1.0,1.0
5110,124-45-107,2003,1.0,1.0
5110,124-45-107,2005,1.0,0.0
5110,124-45-107,2015,1.0,0.0
5110,124-45-107,2017,1.0,1.0
5110,124-45-107,2022,1.0,0.0
5110,124-45-109,2007,1.0,1.0
5110,124-45-109,2013,1.0,1.0
5110,124-45-109,2015,1.0,1.0
5110,124-45-11,2007,1.0,0.0
5110,124-45-11,2013,1.0,1.0
5110,124-45-11,2017,1.0,1.0
5110,124-45-11,2019,1.0,1.0
5110,124-45-111,2003,1.0,1.0
5110,124-45-111,2005,1.0,1.0
5110,124-45-111,2010,1.0,1.0
5110,124-45-111,2017,1.0,1.0
5110,124-45-111,2022,1.0,1.0
5110,124-45-112,2019,1.0,0.0
5110,124-45-113,1999,1.0,1.0
5110,124-45-113,2005,1.0,1.0
5110,124-45-113,2007,1.0,1.0
5110,124-45-113,2011,1.0,1.0
5110,124-45-113,2015,1.0,1.0
5110,124-45-113,2016,1.0,1.0
5110,124-45-113,2017,1.0,1.0
5110,124-45-114,2001,1.0,1.0
5110,124-45-114,2008,1.0,1.0
5110,124-45-114,2010,1.0,1.0
5110,124-45-114,2011,1.0,1.0
5110,124-45-114,2014,1.0,0.0
5110,124-45-116,2005,1.0,1.0
5110,124-45-116,2007,1.0,0.0
5110,124-45-116,2017,1.0,1.0
5110,124-45-118,2001,1.0,0.0
5110,124-45-118,2010,1.0,1.0
5110,124-45-118,2011,1.0,1.0
5110,124-45-118,2014,1.0,1.0
5110,124-45-118,2022,1.0,0.0
5110,124-45-12,2005,1.0,0.0
5110,124-45-12,2007,1.0,1.0
5110,124-45-12,2010,1.0,1.0
5110,124-45-12,2016,1.0,0.0
5110,124-45-120,2023,1.0,0.0
5110,124-45-121,2010,1.0,0.0
5110,124-45-121,2022,1.0,0.0
5110,124-45-13,2003,1.0,1.0
5110,124-45-13,2005,1.0,1.0
5110,124-45-13,2007,1.0,0.0
5110,124-45-13,2013,1.0,1.0
5110,124-45-13,2015,1.0,1.0
5110,124-45-13,2016,1.0,1.0
5110,124-45-13,2017,1.0,1.0
5110,124-45-18,1999,1.0,1.0
5110,124-45-18,2001,1.0,1.0
5110,124-45-18,2008,1.0,0.0
5110,124-45-18,2010,1.0,1.0
5110,124-45-2,2003,1.0,1.0
5110,124-45-2,2005,1.0,1.0
5110,124-45-2,2007,1.0,1.0
5110,124-45-2,2013,1.0,1.0
5110,124-45-2,2015,1.0,1.0
5110,124-45-2,2016,1.0,1.0
5110,124-45-2,2017,1.0,1.0
5110,124-45-201,2015,1.0,0.0
5110,124-45-201,2016,1.0,1.0
5110,124-45-201,2022,1.0,0.0
5110,124-45-203,2003,1.0,1.0
5110,124-45-203,2005,1.0,1.0
5110,124-45-203,2013,1.0,1.0
5110,124-45-203,2015,1.0,1.0
5110,124-45-203,2016,1.0,1.0
5110,124-45-203,2017,1.0,1.0
5110,124-45-203,2019,1.0,1.0
5110,124-45-203,2022,1.0,1.0
5110,124-45-205,2003,1.0,0.0
5110,124-45-205,2013,1.0,1.0
5110,124-45-205,2015,1.0,1.0
5110,124-45-205,2016,1.0,1.0
5110,124-45-205,2017,1.0,1.0
5110,124-45-205,2019,1.0,1.0
5110,124-45-207,1999,1.0,0.0
5110,124-45-207,2001,1.0,1.0
5110,124-45-207,2010,1.0,1.0
5110,124-45-207,2011,1.0,1.0
5110,124-45-207,2014,1.0,1.0
5110,124-45-209,2003,1.0,1.0
5110,124-45-209,2007,1.0,1.0
5110,124-45-209,2013,1.0,1.0
5110,124-45-209,2017,1.0,1.0
5110,124-45-209,2019,1.0,1.0
5110,124-45-21,2005,1.0,0.0
5110,124-45-21,2007,1.0,1.0
5110,124-45-21,2010,1.0,1.0
5110,124-45-21,2011,1.0,1.0
5110,124-45-21,2022,1.0,1.0
5110,124-45-213,2007,1.0,0.0
5110,124-45-216,2003,1.0,1.0
5110,124-45-216,2007,1.0,0.0
5110,124-45-218,2013,1.0,1.0
5110,124-45-218,2016,1.0,0.0
5110,124-45-218,2019,1.0,0.0
5110,124-45-22,1999,1.0,0.0
5110,124-45-22,2001,1.0,1.0
5110,124-45-22,2005,1.0,1.0
5110,124-45-22,2007,1.0,0.0
5110,124-45-22,2008,1.0,1.0
5110,124-45-22,2010,1.0,0.0
5110,124-45-22,2017,1.0,1.0
5110,124-45-220,2005,1.0,0.0
5110,124-45-220,2007,1.0,0.0
5110,124-45-220,2010,1.0,1.0
5110,124-45-220,2011,1.0,1.0
5110,124-45-220,2022,1.0,1.0
5110,124-45-26,2002,1.0,0.0
5110,124-45-3,2001,1.0,0.0
5110,124-45-3,2008,1.0,1.0
5110,124-45-3,2010,1.0,1.0
5110,124-45-3,2011,1.0,1.0
5110,124-45-3,2014,1.0,1.0
5110,124-45-307,2007,1.0,0.0
5110,124-45-307,2013,1.0,1.0
5110,124-45-307,2015,1.0,0.0
5110,124-45-307,2016,1.0,1.0
5110,124-45-307,2017,1.0,1.0
5110,124-45-307,2019,1.0,1.0
5110,124-45-41,1999,1.0,1.0
5110,124-45-41,2005,1.0,0.0
5110,124-45-41,2007,1.0,0.0
5110,124-45-41,2011,1.0,1.0
5110,124-45-41,2015,1.0,0.0
5110,124-45-41,2016,1.0,1.0
5110,124-45-41,2019,1.0,1.0
5110,124-45-42,1999,1.0,1.0
5110,124-45-42,2005,1.0,1.0
5110,124-45-42,2007,1.0,1.0
5110,124-45-43,1999,1.0,1.0
5110,124-45-43,2005,1.0,0.0
5110,124-45-43,2007,1.0,0.0
5110,124-45-43,2008,1.0,1.0
5110,124-45-43,2010,1.0,1.0
5110,124-45-43,2017,1.0,1.0
5110,124-45-49,1998,1.0,1.0
5110,124-45-49,2001,1.0,0.0
5110,124-45-5,2003,1.0,0.0
5110,124-45-5,2005,1.0,1.0
5110,124-45-5,2013,1.0,1.0
5110,124-45-5,2015,1.0,0.0
5110,124-45-5,2016,1.0,1.0
5110,124-45-5,2017,1.0,1.0
5110,124-45-5,2019,1.0,1.0
5110,124-45-7,2013,1.0,1.0
5110,124-45-7,2015,1.0,0.0
5110,124-45-7,2017,1.0,1.0
5110,124-45-7,2019,1.0,1.0
5110,124-45-9,2007,1.0,1.0
5110,124-45-9,2013,1.0,1.0
5110,124-45-9,2015,1.0,1.0
5110,124-45-9,2017,1.0,1.0
5110,124-45-9,2019,1.0,1.0
5110,124-56-105,1998,1.0,1.0
5110,124-56-105,2007,1.0,1.0
5110,124-56-105,2009,1.0,0.0
5110,124-56-105,2011,1.0,0.0
5110,124-56-105,2016,1.0,1.0
5110,124-56-105,2017,1.0,1.0
5110,124-56-105,2023,1.0,0.0
5110,124-56-13,2005,1.0,1.0
5110,124-56-13,2008,1.0,1.0
5110,124-56-13,2009,1.0,1.0
5110,124-56-13,2010,1.0,1.0
5110,124-56-13,2012,1.0,1.0
5110,124-56-13,2013,1.0,1.0
5110,124-56-13,2016,1.0,1.0
5110,124-56-13,2019,1.0,1.0
5110,124-56-13,2023,1.0,1.0
5110,124-56-137,2003,1.0,1.0
5110,124-56-137,2007,1.0,1.0
5110,124-56-137,2013,1.0,1.0
5110,124-56-137,2014,1.0,1.0
5110,124-56-137,2017,1.0,1.0
5110,124-56-137,2019,1.0,1.0
5110,124-56-137,2022,1.0,1.0
5110,124-56-14,1998,1.0,1.0
5110,124-56-14,2000,1.0,1.0
5110,124-56-14,2003,1.0,1.0
5110,124-56-14,2007,1.0,1.0
5110,124-56-14,2012,1.0,1.0
5110,124-56-14,2013,1.0,1.0
5110,124-56-14,2015,1.0,0.0
5110,124-56-15,2000,1.0,1.0
5110,124-56-15,2003,1.0,1.0
5110,124-56-15,2005,1.0,1.0
5110,124-56-15,2007,1.0,1.0
5110,124-56-15,2008,1.0,1.0
5110,124-56-15,2009,1.0,1.0
5110,124-56-15,2010,1.0,1.0
5110,124-56-15,2013,1.0,1.0
5110,124-56-15,2016,1.0,1.0
5110,124-56-15,2019,1.0,1.0
5110,124-56-21,1998,1.0,1.0
5110,124-56-21,2007,1.0,1.0
5110,124-56-21,2008,1.0,1.0
5110,124-56-21,2009,1.0,1.0
5110,124-56-21,2010,1.0,1.0
5110,124-56-21,2012,1.0,1.0
5110,124-56-21,2013,1.0,1.0
5110,124-56-21,2016,1.0,1.0
5110,124-56-21,2017,1.0,1.0
5110,124-56-21,2019,1.0,1.0
5110,124-56-21,2022,1.0,1.0
5110,124-56-21,2023,1.0,1.0
5110,124-56-22,2003,1.0,1.0
5110,124-56-22,2007,1.0,1.0
5110,124-56-22,2008,1.0,1.0
5110,124-56-22,2009,1.0,1.0
5110,124-56-22,2010,1.0,1.0
5110,124-56-22,2013,1.0,1.0
5110,124-56-22,2014,1.0,1.0
5110,124-56-22,2017,1.0,1.0
5110,124-56-22,2019,1.0,1.0
5110,124-56-22,2022,1.0,0.0
5110,124-56-25,2000,1.0,0.0
5110,124-56-25,2007,1.0,0.0
5110,124-56-25,2008,1.0,1.0
5110,124-56-25,2010,1.0,0.0
5110,124-56-25,2012,1.0,1.0
5110,124-56-25,2013,1.0,1.0
5110,124-56-25,2016,1.0,1.0
5110,124-56-25,2023,1.0,1.0
5110,124-56-26,2000,1.0,1.0
5110,124-56-26,2010,1.0,0.0
5110,124-56-26,2012,1.0,1.0
5110,124-56-26,2016,1.0,1.0
5110,124-56-26,2019,1.0,1.0
5110,124-56-26,2023,1.0,1.0
5110,124-56-31,1998,1.0,1.0
5110,124-56-31,2000,1.0,1.0
5110,124-56-31,2007,1.0,0.0
5110,124-56-31,2010,1.0,1.0
5110,124-56-31,2014,1.0,1.0
5110,124-56-31,2017,1.0,1.0
5110,124-56-31,2019,1.0,1.0
5110,124-56-31,2023,1.0,1.0
5110,124-56-33,1998,1.0,1.0
5110,124-56-33,2003,1.0,1.0
5110,124-56-33,2007,1.0,1.0
5110,124-56-33,2008,1.0,1.0
5110,124-56-33,2009,1.0,1.0
5110,124-56-33,2011,1.0,0.0
5110,124-56-33,2012,1.0,1.0
5110,124-56-33,2013,1.0,1.0
5110,124-56-33,2016,1.0,1.0
5110,124-56-33,2019,1.0,1.0
5110,124-56-34,2000,1.0,1.0
5110,124-56-34,2009,1.0,1.0
5110,124-56-34,2011,1.0,0.0
5110,124-56-34,2012,1.0,1.0
5110,124-56-34,2016,1.0,1.0
5110,124-56-38,2000,1.0,1.0
5110,124-56-38,2003,1.0,1.0
5110,124-56-38,2005,1.0,1.0
5110,124-56-38,2006,1.0,1.0
5110,124-56-38,2007,1.0,1.0
5110,124-56-38,2008,1.0,1.0
5110,124-56-38,2009,1.0,1.0
5110,124-56-38,2011,1.0,1.0
5110,124-56-38,2012,1.0,1.0
5110,124-56-38,2016,1.0,0.0
5110,124-56-38,2017,1.0,1.0
5110,124-56-38,2022,1.0,1.0
5110,124-56-38,2023,1.0,1.0
5110,124-56-40,2000,1.0,1.0
5110,124-56-40,2003,1.0,1.0
5110,124-56-40,2005,1.0,1.0
5110,124-56-40,2006,1.0,1.0
5110,124-56-40,2007,1.0,1.0
5110,124-56-40,2008,1.0,1.0
5110,124-56-40,2009,1.0,1.0
5110,124-56-40,2022,1.0,1.0
5110,124-56-41,1998,1.0,1.0
5110,124-56-41,2000,1.0,1.0
5110,124-56-41,2003,1.0,1.0
5110,124-56-41,2005,1.0,1.0
5110,124-56-41,2006,1.0,1.0
5110,124-56-41,2007,1.0,1.0
5110,124-56-41,2011,1.0,1.0
5110,124-56-41,2012,1.0,1.0
5110,124-56-41,2013,1.0,1.0
5110,124-56-41,2017,1.0,1.0
5110,124-56-41,2019,1.0,1.0
5110,124-56-41,2023,1.0,1.0
5110,124-56-42,1998,1.0,1.0
5110,124-56-42,2000,1.0,0.0
5110,124-56-42,2005,1.0,1.0
5110,124-56-42,2007,1.0,1.0
5110,124-56-42,2008,1.0,1.0
5110,124-56-42,2009,1.0,1.0
5110,124-56-42,2010,1.0,1.0
5110,124-56-42,2013,1.0,1.0
5110,124-56-42,2014,1.0,1.0
5110,124-56-42,2017,1.0,1.0
5110,124-56-44,2003,1.0,1.0
5110,124-56-44,2005,1.0,1.0
5110,124-56-44,2007,1.0,1.0
5110,124-56-44,2008,1.0,1.0
5110,124-56-44,2009,1.0,1.0
5110,124-56-44,2010,1.0,1.0
5110,124-56-44,2013,1.0,1.0
5110,124-56-44,2014,1.0,1.0
5110,124-57-10,2005,1.0,0.0
5110,124-57-10,2008,1.0,1.0
5110,124-57-10,2011,1.0,0.0
5110,124-57-10,2013,1.0,1.0
5110,124-57-10,2014,1.0,1.0
5110,124-57-10,2017,1.0,1.0
5110,124-57-10,2023,1.0,1.0
5110,124-57-121,2015,1.0,0.0
5110,124-57-121,2019,1.0,0.0
5110,124-57-16,2008,1.0,0.0
5110,124-57-16,2013,1.0,1.0
5110,124-57-16,2014,1.0,1.0
5110,124-57-16,2023,1.0,0.0
5110,124-57-18,2008,1.0,1.0
5110,124-57-18,2017,1.0,0.0
5110,124-57-18,2019,1.0,1.0
5110,124-57-6,2013,1.0,1.0
5110,124-57-6,2016,1.0,0.0
5110,124-57-6,2023,1.0,0.0
5110,124-65-11,1998,1.0,1.0
5110,124-65-11,2003,1.0,1.0
5110,124-65-11,2005,1.0,1.0
5110,124-65-11,2007,1.0,1.0
5110,124-65-11,2008,1.0,1.0
5110,124-65-11,2016,1.0,1.0
5110,124-65-11,2023,1.0,1.0
5110,124-65-117,2000,1.0,1.0
5110,124-65-117,2003,1.0,1.0
5110,124-65-117,2005,1.0,1.0
5110,124-65-117,2008,1.0,1.0
5110,124-65-117,2009,1.0,1.0
5110,124-65-117,2010,1.0,1.0
5110,124-65-117,2013,1.0,1.0
5110,124-65-117,2014,1.0,1.0
5110,124-65-117,2017,1.0,1.0
5110,124-65-117,2022,1.0,1.0
5110,124-65-13,2000,1.0,1.0
5110,124-65-13,2005,1.0,1.0
5110,124-65-13,2008,1.0,1.0
5110,124-65-13,2009,1.0,1.0
5110,124-65-13,2017,1.0,1.0
5110,124-65-13,2022,1.0,1.0
5110,124-65-13,2023,1.0,1.0
5110,124-65-130,1998,1.0,1.0
5110,124-65-130,2000,1.0,0.0
5110,124-65-130,2003,1.0,0.0
5110,124-65-130,2005,1.0,1.0
5110,124-65-130,2017,1.0,0.0
5110,124-65-130,2023,1.0,1.0
5110,124-65-14,1998,1.0,1.0
5110,124-65-14,2000,1.0,1.0
5110,124-65-14,2003,1.0,1.0
5110,124-65-14,2005,1.0,1.0
5110,124-65-14,2008,1.0,1.0
5110,124-65-14,2009,1.0,1.0
5110,124-65-14,2010,1.0,1.0
5110,124-65-14,2014,1.0,1.0
5110,124-65-14,2023,1.0,1.0
5110,124-65-18,2005,1.0,1.0
5110,124-65-18,2008,1.0,0.0
5110,124-65-18,2009,1.0,1.0
5110,124-65-18,2010,1.0,1.0
5110,124-65-18,2013,1.0,1.0
5110,124-65-18,2017,1.0,1.0
5110,124-65-18,2022,1.0,1.0
5110,124-65-18,2023,1.0,1.0
5110,124-65-19,1998,1.0,1.0
5110,124-65-19,2000,1.0,1.0
5110,124-65-19,2003,1.0,1.0
5110,124-65-19,2005,1.0,1.0
5110,124-65-19,2008,1.0,1.0
5110,124-65-19,2009,1.0,1.0
5110,124-65-19,2010,1.0,1.0
5110,124-65-19,2014,1.0,1.0
5110,124-65-19,2017,1.0,1.0
5110,124-65-19,2019,1.0,1.0
5110,124-65-19,2023,1.0,1.0
5110,124-65-20,2000,1.0,1.0
5110,124-65-20,2003,1.0,1.0
5110,124-65-20,2005,1.0,1.0
5110,124-65-20,2008,1.0,1.0
5110,124-65-20,2009,1.0,1.0
5110,124-65-20,2010,1.0,1.0
5110,124-65-20,2013,1.0,1.0
5110,124-65-20,2014,1.0,1.0
5110,124-65-20,2017,1.0,1.0
5110,124-65-20,2022,1.0,0.0
5110,124-65-20,2023,1.0,1.0
5110,124-65-21,1998,1.0,0.0
5110,124-65-21,2000,1.0,1.0
5110,124-65-21,2005,1.0,1.0
5110,124-65-21,2007,1.0,1.0
5110,124-65-21,2010,1.0,0.0
5110,124-65-21,2014,1.0,1.0
5110,124-65-21,2017,1.0,1.0
5110,124-65-22,1998,1.0,1.0
5110,124-65-22,2000,1.0,1.0
5110,124-65-22,2007,1.0,0.0
5110,124-65-22,2023,1.0,1.0
5110,124-65-23,1998,1.0,1.0
5110,124-65-23,2000,1.0,0.0
5110,124-65-23,2005,1.0,1.0
5110,124-65-23,2007,1.0,0.0
5110,124-65-23,2012,1.0,0.0
5110,124-65-23,2014,1.0,1.0
5110,124-65-23,2019,1.0,1.0
5110,124-65-23,2023,1.0,1.0
5110,124-65-27,1998,1.0,1.0
5110,124-65-27,2000,1.0,1.0
5110,124-65-27,2003,1.0,1.0
5110,124-65-27,2005,1.0,1.0
5110,124-65-27,2008,1.0,1.0
5110,124-65-27,2009,1.0,1.0
5110,124-65-27,2010,1.0,1.0
5110,124-65-27,2012,1.0,1.0
5110,124-65-27,2014,1.0,1.0
5110,124-65-27,2017,1.0,1.0
5110,124-65-27,2023,1.0,1.0
5110,124-65-28,2000,1.0,1.0
5110,124-65-28,2003,1.0,1.0
5110,124-65-28,2005,1.0,1.0
5110,124-65-28,2007,1.0,1.0
5110,124-65-28,2008,1.0,1.0
5110,124-65-28,2009,1.0,1.0
5110,124-65-28,2010,1.0,1.0
5110,124-65-28,2014,1.0,0.0
5110,124-65-28,2017,1.0,1.0
5110,124-65-28,2023,1.0,0.0
5110,124-65-29,1998,1.0,1.0
5110,124-65-29,2000,1.0,1.0
5110,124-65-29,2005,1.0,0.0
5110,124-65-29,2006,1.0,1.0
5110,124-65-29,2007,1.0,1.0
5110,124-65-29,2008,1.0,1.0
5110,124-65-29,2009,1.0,1.0
5110,124-65-29,2014,1.0,0.0
5110,124-65-29,2017,1.0,1.0
5110,124-65-3,1998,1.0,0.0
5110,124-65-3,2010,1.0,0.0
5110,124-65-3,2014,1.0,1.0
5110,124-65-3,2019,1.0,1.0
5110,124-65-31,1998,1.0,1.0
5110,124-65-31,2000,1.0,1.0
5110,124-65-31,2006,1.0,0.0
5110,124-65-31,2007,1.0,1.0
5110,124-65-31,2008,1.0,1.0
5110,124-65-31,2012,1.0,1.0
5110,124-65-31,2014,1.0,1.0
5110,124-65-31,2017,1.0,0.0
5110,124-65-31,2022,1.0,1.0
5110,124-65-31,2023,1.0,1.0
5110,124-65-33,2000,1.0,1.0
5110,124-65-33,2007,1.0,1.0
5110,124-65-33,2008,1.0,1.0
5110,124-65-33,2011,1.0,1.0
5110,124-65-33,2013,1.0,1.0
5110,124-65-33,2014,1.0,1.0
5110,124-65-33,2019,1.0,1.0
5110,124-65-33,2023,1.0,1.0
5110,124-65-34,2000,1.0,1.0
5110,124-65-34,2008,1.0,1.0
5110,124-65-34,2013,1.0,0.0
5110,124-65-34,2014,1.0,1.0
5110,124-65-34,2016,1.0,1.0
5110,124-65-34,2023,1.0,1.0
5110,124-65-35,2000,1.0,1.0
5110,124-65-35,2011,1.0,0.0
5110,124-65-35,2013,1.0,0.0
5110,124-65-35,2016,1.0,1.0
5110,124-65-35,2017,1.0,1.0
5110,124-65-35,2019,1.0,1.0
5110,124-65-35,2023,1.0,1.0
5110,124-65-36,1998,1.0,0.0
5110,124-65-36,2000,1.0,1.0
5110,124-65-36,2003,1.0,0.0
5110,124-65-36,2009,1.0,1.0
5110,124-65-36,2010,1.0,1.0
5110,124-65-36,2013,1.0,1.0
5110,124-65-36,2014,1.0,1.0
5110,124-65-36,2017,1.0,0.0
5110,124-65-36,2022,1.0,0.0
5110,124-65-36,2023,1.0,1.0
5110,124-65-37,1998,1.0,1.0
5110,124-65-37,2000,1.0,1.0
5110,124-65-37,2011,1.0,1.0
5110,124-65-37,2016,1.0,1.0
5110,124-65-37,2017,1.0,1.0
5110,124-65-38,1998,1.0,1.0
5110,124-65-38,2007,1.0,0.0
5110,124-65-38,2015,1.0,0.0
5110,124-65-38,2017,1.0,1.0
5110,124-65-38,2023,1.0,0.0
5110,124-65-5,1998,1.0,1.0
5110,124-65-5,2016,1.0,0.0
5110,124-65-5,2017,1.0,1.0
5110,124-65-5,2019,1.0,1.0
5110,124-65-5,2023,1.0,0.0
5110,124-65-7,1998,1.0,1.0
5110,124-65-7,2000,1.0,1.0
5110,124-65-7,2012,1.0,1.0
5110,124-65-7,2014,1.0,1.0
5110,124-65-7,2016,1.0,1.0
5110,124-65-7,2019,1.0,1.0
5110,124-65-7,2023,1.0,1.0
5110,124-65-9,1998,1.0,1.0
5110,124-65-9,2000,1.0,1.0
5110,124-65-9,2003,1.0,1.0
5110,124-65-9,2007,1.0,1.0
5110,124-65-9,2008,1.0,1.0
5110,124-65-9,2009,1.0,1.0
5110,124-65-9,2010,1.0,1.0
5110,124-68-10,2006,1.0,0.0
5110,124-68-10,2008,1.0,1.0
5110,124-68-10,2010,1.0,1.0
5110,124-68-10,2014,1.0,1.0
5110,124-68-10,2016,1.0,1.0
5110,124-68-10,2017,1.0,1.0
5110,124-68-10,2018,1.0,1.0
5110,124-68-10,2022,1.0,1.0
5110,124-68-10,2023,1.0,1.0
5110,124-68-11,1998,1.0,1.0
5110,124-68-11,2001,1.0,1.0
5110,124-68-11,2006,1.0,0.0
5110,124-68-11,2007,1.0,1.0
5110,124-68-11,2010,1.0,1.0
5110,124-68-11,2011,1.0,1.0
5110,124-68-11,2014,1.0,1.0
5110,124-68-11,2016,1.0,1.0
5110,124-68-11,2022,1.0,1.0
5110,124-68-11,2023,1.0,1.0
5110,124-68-113,1998,1.0,1.0
5110,124-68-113,2001,1.0,1.0
5110,124-68-113,2003,1.0,1.0
5110,124-68-113,2006,1.0,1.0
5110,124-68-113,2008,1.0,1.0
5110,124-68-113,2010,1.0,1.0
5110,124-68-113,2011,1.0,1.0
5110,124-68-113,2014,1.0,1.0
5110,124-68-113,2016,1.0,1.0
5110,124-68-113,2023,1.0,1.0
5110,124-68-117,1998,1.0,1.0
5110,124-68-117,2001,1.0,1.0
5110,124-68-117,2010,1.0,1.0
5110,124-68-117,2013,1.0,1.0
5110,124-68-119,1998,1.0,1.0
5110,124-68-119,2008,1.0,1.0
5110,124-68-119,2010,1.0,1.0
5110,124-68-119,2013,1.0,1.0
5110,124-68-119,2017,1.0,1.0
5110,124-68-12,1998,1.0,1.0
5110,124-68-12,2001,1.0,1.0
5110,124-68-12,2003,1.0,1.0
5110,124-68-12,2006,1.0,1.0
5110,124-68-12,2008,1.0,1.0
5110,124-68-12,2010,1.0,1.0
5110,124-68-12,2011,1.0,1.0
5110,124-68-12,2014,1.0,1.0
5110,124-68-12,2018,1.0,1.0
5110,124-68-127,2006,1.0,0.0
5110,124-68-127,2010,1.0,1.0
5110,124-68-127,2011,1.0,1.0
5110,124-68-127,2018,1.0,0.0
5110,124-68-14,1998,1.0,1.0
5110,124-68-14,2008,1.0,1.0
5110,124-68-14,2011,1.0,1.0
5110,124-68-14,2022,1.0,1.0
5110,124-68-142,2000,1.0,0.0
5110,124-68-142,2003,1.0,0.0
5110,124-68-142,2019,1.0,0.0
5110,124-68-15,1998,1.0,1.0
5110,124-68-15,2001,1.0,1.0
5110,124-68-15,2003,1.0,1.0
5110,124-68-15,2006,1.0,1.0
5110,124-68-15,2008,1.0,1.0
5110,124-68-15,2010,1.0,1.0
5110,124-68-15,2011,1.0,1.0
5110,124-68-15,2014,1.0,1.0
5110,124-68-15,2018,1.0,1.0
5110,124-68-16,2011,1.0,1.0
5110,124-68-16,2013,1.0,1.0
5110,124-68-16,2014,1.0,1.0
5110,124-68-16,2018,1.0,1.0
5110,124-68-18,1998,1.0,1.0
5110,124-68-18,2008,1.0,1.0
5110,124-68-18,2010,1.0,1.0
5110,124-68-18,2013,1.0,1.0
5110,124-68-18,2017,1.0,1.0
5110,124-68-2,2006,1.0,0.0
5110,124-68-2,2008,1.0,1.0
5110,124-68-2,2011,1.0,1.0
5110,124-68-2,2014,1.0,1.0
5110,124-68-2,2016,1.0,1.0
5110,124-68-2,2017,1.0,1.0
5110,124-68-2,2018,1.0,1.0
5110,124-68-2,2022,1.0,1.0
5110,124-68-2,2023,1.0,1.0
5110,124-68-20,2001,1.0,1.0
5110,124-68-20,2008,1.0,1.0
5110,124-68-20,2013,1.0,1.0
5110,124-68-20,2014,1.0,1.0
5110,124-68-20,2018,1.0,0.0
5110,124-68-20,2022,1.0,1.0
5110,124-68-202,2001,1.0,1.0
5110,124-68-202,2002,1.0,1.0
5110,124-68-202,2009,1.0,1.0
5110,124-68-202,2013,1.0,0.0
5110,124-68-202,2017,1.0,0.0
5110,124-68-203,1998,1.0,1.0
5110,124-68-203,2006,1.0,1.0
5110,124-68-203,2014,1.0,1.0
5110,124-68-203,2016,1.0,1.0
5110,124-68-203,2017,1.0,1.0
5110,124-68-203,2018,1.0,1.0
5110,124-68-207,2006,1.0,1.0
5110,124-68-207,2008,1.0,1.0
5110,124-68-207,2010,1.0,1.0
5110,124-68-207,2014,1.0,1.0
5110,124-68-207,2018,1.0,1.0
5110,124-68-207,2022,1.0,1.0
5110,124-68-208,1998,1.0,1.0
5110,124-68-208,2001,1.0,0.0
5110,124-68-208,2014,1.0,1.0
5110,124-68-208,2016,1.0,1.0
5110,124-68-208,2018,1.0,1.0
5110,124-68-208,2023,1.0,0.0
5110,124-68-209,2001,1.0,0.0
5110,124-68-209,2008,1.0,1.0
5110,124-68-209,2014,1.0,1.0
5110,124-68-209,2016,1.0,1.0
5110,124-68-209,2017,1.0,1.0
5110,124-68-209,2018,1.0,1.0
5110,124-68-209,2022,1.0,1.0
5110,124-68-209,2023,1.0,1.0
5110,124-68-210,2006,1.0,0.0
5110,124-68-210,2008,1.0,1.0
5110,124-68-210,2010,1.0,1.0
5110,124-68-210,2014,1.0,1.0
5110,124-68-210,2016,1.0,1.0
5110,124-68-210,2017,1.0,1.0
5110,124-68-210,2022,1.0,1.0
5110,124-68-210,2023,1.0,1.0
5110,124-68-211,2001,1.0,1.0
5110,124-68-211,2003,1.0,1.0
5110,124-68-211,2006,1.0,1.0
5110,124-68-211,2008,1.0,1.0
5110,124-68-211,2010,1.0,1.0
5110,124-68-211,2011,1.0,1.0
5110,124-68-211,2014,1.0,1.0
5110,124-68-211,2016,1.0,1.0
5110,124-68-211,2023,1.0,1.0
5110,124-68-213,2006,1.0,1.0
5110,124-68-213,2008,1.0,0.0
5110,124-68-213,2010,1.0,0.0
5110,124-68-213,2011,1.0,1.0
5110,124-68-213,2023,1.0,1.0
5110,124-68-214,1998,1.0,1.0
5110,124-68-214,2001,1.0,1.0
5110,124-68-214,2006,1.0,1.0
5110,124-68-214,2010,1.0,1.0
5110,124-68-214,2011,1.0,1.0
5110,124-68-214,2014,1.0,1.0
5110,124-68-214,2018,1.0,1.0
5110,124-68-215,1998,1.0,1.0
5110,124-68-215,2008,1.0,0.0
5110,124-68-215,2010,1.0,1.0
5110,124-68-215,2011,1.0,1.0
5110,124-68-215,2016,1.0,0.0
5110,124-68-215,2018,1.0,1.0
5110,124-68-216,1998,1.0,1.0
5110,124-68-216,2001,1.0,1.0
5110,124-68-216,2006,1.0,1.0
5110,124-68-216,2008,1.0,1.0
5110,124-68-216,2010,1.0,1.0
5110,124-68-216,2011,1.0,1.0
5110,124-68-216,2014,1.0,1.0
5110,124-68-216,2018,1.0,1.0
5110,124-68-217,1998,1.0,1.0
5110,124-68-217,2001,1.0,1.0
5110,124-68-217,2010,1.0,1.0
5110,124-68-217,2013,1.0,1.0
5110,124-68-217,2016,1.0,1.0
5110,124-68-217,2018,1.0,0.0
5110,124-68-218,2010,1.0,0.0
5110,124-68-218,2013,1.0,1.0
5110,124-68-218,2016,1.0,1.0
5110,124-68-218,2018,1.0,0.0
5110,124-68-218,2022,1.0,0.0
5110,124-68-219,2001,1.0,0.0
5110,124-68-219,2002,1.0,1.0
5110,124-68-219,2006,1.0,1.0
5110,124-68-219,2008,1.0,1.0
5110,124-68-219,2010,1.0,1.0
5110,124-68-219,2014,1.0,1.0
5110,124-68-219,2016,1.0,1.0
5110,124-68-219,2022,1.0,1.0
5110,124-68-22,2001,1.0,1.0
5110,124-68-22,2002,1.0,1.0
5110,124-68-22,2008,1.0,1.0
5110,124-68-22,2013,1.0,1.0
5110,124-68-22,2014,1.0,1.0
5110,124-68-22,2017,1.0,1.0
5110,124-68-22,2018,1.0,1.0
5110,124-68-22,2022,1.0,1.0
5110,124-68-220,2002,1.0,0.0
5110,124-68-220,2008,1.0,1.0
5110,124-68-220,2010,1.0,1.0
5110,124-68-220,2013,1.0,1.0
5110,124-68-220,2017,1.0,0.0
5110,124-68-220,2018,1.0,1.0
5110,124-68-223,1998,1.0,1.0
5110,124-68-223,2003,1.0,0.0
5110,124-68-223,2006,1.0,1.0
5110,124-68-223,2007,1.0,1.0
5110,124-68-223,2010,1.0,1.0
5110,124-68-223,2011,1.0,1.0
5110,124-68-223,2012,1.0,1.0
5110,124-68-223,2014,1.0,1.0
5110,124-68-223,2022,1.0,1.0
5110,124-68-223,2023,1.0,1.0
5110,124-68-224,1998,1.0,1.0
5110,124-68-224,2001,1.0,1.0
5110,124-68-224,2006,1.0,1.0
5110,124-68-224,2007,1.0,1.0
5110,124-68-224,2011,1.0,0.0
5110,124-68-224,2014,1.0,1.0
5110,124-68-224,2016,1.0,1.0
5110,124-68-224,2022,1.0,1.0
5110,124-68-224,2023,1.0,1.0
5110,124-68-225,2006,1.0,1.0
5110,124-68-225,2007,1.0,1.0
5110,124-68-225,2008,1.0,1.0
5110,124-68-225,2011,1.0,0.0
5110,124-68-225,2014,1.0,1.0
5110,124-68-225,2016,1.0,1.0
5110,124-68-225,2022,1.0,1.0
5110,124-68-225,2023,1.0,1.0
5110,124-68-233,2008,1.0,1.0
5110,124-68-233,2009,1.0,1.0
5110,124-68-233,2011,1.0,1.0
5110,124-68-233,2014,1.0,1.0
5110,124-68-233,2017,1.0,1.0
5110,124-68-233,2018,1.0,1.0
5110,124-68-233,2022,1.0,1.0
5110,124-68-238,2001,1.0,0.0
5110,124-68-238,2010,1.0,1.0
5110,124-68-238,2013,1.0,1.0
5110,124-68-238,2014,1.0,1.0
5110,124-68-238,2018,1.0,1.0
5110,124-68-238,2022,1.0,1.0
5110,124-68-242,2002,1.0,0.0
5110,124-68-242,2008,1.0,1.0
5110,124-68-242,2010,1.0,1.0
5110,124-68-242,2011,1.0,1.0
5110,124-68-242,2013,1.0,1.0
5110,124-68-242,2014,1.0,1.0
5110,124-68-25,2001,1.0,1.0
5110,124-68-25,2006,1.0,1.0
5110,124-68-25,2007,1.0,1.0
5110,124-68-25,2008,1.0,1.0
5110,124-68-25,2010,1.0,1.0
5110,124-68-25,2011,1.0,1.0
5110,124-68-25,2014,1.0,1.0
5110,124-68-25,2016,1.0,1.0
5110,124-68-251,1998,1.0,1.0
5110,124-68-251,2006,1.0,1.0
5110,124-68-251,2010,1.0,1.0
5110,124-68-251,2011,1.0,1.0
5110,124-68-251,2016,1.0,1.0
5110,124-68-251,2018,1.0,1.0
5110,124-68-251,2022,1.0,1.0
5110,124-68-252,1998,1.0,1.0
5110,124-68-252,2008,1.0,1.0
5110,124-68-252,2013,1.0,1.0
5110,124-68-26,2001,1.0,1.0
5110,124-68-26,2006,1.0,1.0
5110,124-68-26,2007,1.0,1.0
5110,124-68-26,2008,1.0,1.0
5110,124-68-26,2011,1.0,1.0
5110,124-68-26,2014,1.0,1.0
5110,124-68-26,2016,1.0,1.0
5110,124-68-274,2011,1.0,0.0
5110,124-68-274,2013,1.0,0.0
5110,124-68-274,2015,1.0,1.0
5110,124-68-274,2016,1.0,1.0
5110,124-68-28,2007,1.0,1.0
5110,124-68-28,2010,1.0,1.0
5110,124-68-28,2013,1.0,1.0
5110,124-68-28,2014,1.0,1.0
5110,124-68-28,2017,1.0,1.0
5110,124-68-28,2018,1.0,1.0
5110,124-68-28,2022,1.0,1.0
5110,124-68-29,1998,1.0,0.0
5110,124-68-29,2000,1.0,1.0
5110,124-68-29,2001,1.0,1.0
5110,124-68-29,2002,1.0,1.0
5110,124-68-29,2006,1.0,0.0
5110,124-68-29,2011,1.0,1.0
5110,124-68-29,2014,1.0,1.0
5110,124-68-29,2016,1.0,0.0
5110,124-68-29,2017,1.0,1.0
5110,124-68-29,2018,1.0,1.0
5110,124-68-29,2023,1.0,1.0
5110,124-68-296,1998,1.0,0.0
5110,124-68-296,2001,1.0,0.0
5110,124-68-296,2013,1.0,1.0
5110,124-68-296,2014,1.0,1.0
5110,124-68-296,2016,1.0,1.0
5110,124-68-296,2018,1.0,1.0
5110,124-68-296,2022,1.0,1.0
5110,124-68-297,2000,1.0,1.0
5110,124-68-297,2002,1.0,1.0
5110,124-68-297,2007,1.0,1.0
5110,124-68-297,2013,1.0,0.0
5110,124-68-297,2017,1.0,0.0
5110,124-68-298,2000,1.0,1.0
5110,124-68-298,2002,1.0,1.0
5110,124-68-298,2017,1.0,1.0
5110,124-68-299,2001,1.0,1.0
5110,124-68-299,2002,1.0,1.0
5110,124-68-299,2006,1.0,1.0
5110,124-68-299,2008,1.0,1.0
5110,124-68-299,2010,1.0,0.0
5110,124-68-299,2016,1.0,1.0
5110,124-68-299,2018,1.0,0.0
5110,124-68-299,2022,1.0,1.0
5110,124-68-299,2023,1.0,1.0
5110,124-68-300,1998,1.0,0.0
5110,124-68-300,2011,1.0,0.0
5110,124-68-300,2013,1.0,1.0
5110,124-68-300,2014,1.0,1.0
5110,124-68-300,2018,1.0,1.0
5110,124-68-300,2022,1.0,1.0
5110,124-68-303,1998,1.0,1.0
5110,124-68-303,1999,1.0,1.0
5110,124-68-303,2006,1.0,0.0
5110,124-68-303,2016,1.0,0.0
5110,124-68-303,2017,1.0,1.0
5110,124-68-303,2018,1.0,1.0
5110,124-68-303,2022,1.0,1.0
5110,124-68-303,2023,1.0,1.0
5110,124-68-308,1998,1.0,1.0
5110,124-68-308,2001,1.0,1.0
5110,124-68-308,2008,1.0,1.0
5110,124-68-308,2010,1.0,1.0
5110,124-68-308,2014,1.0,1.0
5110,124-68-308,2016,1.0,1.0
5110,124-68-308,2018,1.0,1.0
5110,124-68-308,2022,1.0,1.0
5110,124-68-308,2023,1.0,1.0
5110,124-68-312,2006,1.0,1.0
5110,124-68-312,2008,1.0,1.0
5110,124-68-312,2010,1.0,1.0
5110,124-68-312,2011,1.0,1.0
5110,124-68-312,2014,1.0,1.0
5110,124-68-312,2018,1.0,1.0
5110,124-68-314,1998,1.0,1.0
5110,124-68-314,2001,1.0,0.0
5110,124-68-314,2010,1.0,0.0
5110,124-68-314,2011,1.0,1.0
5110,124-68-314,2013,1.0,0.0
5110,124-68-314,2014,1.0,1.0
5110,124-68-314,2018,1.0,1.0
5110,124-68-316,1998,1.0,0.0
5110,124-68-316,2010,1.0,1.0
5110,124-68-316,2018,1.0,1.0
5110,124-68-317,1998,1.0,1.0
5110,124-68-317,2008,1.0,1.0
5110,124-68-317,2010,1.0,1.0
5110,124-68-317,2011,1.0,1.0
5110,124-68-317,2013,1.0,0.0
5110,124-68-319,1998,1.0,1.0
5110,124-68-319,2010,1.0,1.0
5110,124-68-319,2011,1.0,1.0
5110,124-68-319,2013,1.0,1.0
5110,124-68-319,2018,1.0,1.0
5110,124-68-319,2022,1.0,1.0
5110,124-68-323,2006,1.0,0.0
5110,124-68-323,2007,1.0,1.0
5110,124-68-323,2010,1.0,1.0
5110,124-68-323,2011,1.0,1.0
5110,124-68-323,2014,1.0,0.0
5110,124-68-323,2016,1.0,1.0
5110,124-68-324,1998,1.0,1.0
5110,124-68-324,2001,1.0,1.0
5110,124-68-324,2006,1.0,1.0
5110,124-68-324,2007,1.0,1.0
5110,124-68-324,2011,1.0,0.0
5110,124-68-325,2001,1.0,1.0
5110,124-68-325,2006,1.0,0.0
5110,124-68-325,2007,1.0,1.0
5110,124-68-325,2008,1.0,1.0
5110,124-68-325,2011,1.0,0.0
5110,124-68-325,2014,1.0,1.0
5110,124-68-326,2003,1.0,1.0
5110,124-68-326,2007,1.0,1.0
5110,124-68-326,2008,1.0,1.0
5110,124-68-326,2010,1.0,0.0
5110,124-68-326,2011,1.0,1.0
5110,124-68-326,2016,1.0,1.0
5110,124-68-338,2001,1.0,0.0
5110,124-68-338,2011,1.0,1.0
5110,124-68-338,2017,1.0,1.0
5110,124-68-338,2022,1.0,0.0
5110,124-68-35,2001,1.0,1.0
5110,124-68-35,2002,1.0,1.0
5110,124-68-35,2013,1.0,1.0
5110,124-68-35,2018,1.0,0.0
5110,124-68-350,1998,1.0,0.0
5110,124-68-350,2001,1.0,0.0
5110,124-68-350,2006,1.0,1.0
5110,124-68-350,2007,1.0,1.0
5110,124-68-350,2014,1.0,1.0
5110,124-68-350,2016,1.0,1.0
5110,124-68-36,1998,1.0,0.0
5110,124-68-36,2010,1.0,0.0
5110,124-68-37,2001,1.0,1.0
5110,124-68-37,2002,1.0,1.0
5110,124-68-37,2011,1.0,1.0
5110,124-68-37,2013,1.0,0.0
5110,124-68-37,2014,1.0,1.0
5110,124-68-37,2017,1.0,1.0
5110,124-68-37,2018,1.0,1.0
5110,124-68-39,2001,1.0,1.0
5110,124-68-39,2006,1.0,1.0
5110,124-68-39,2008,1.0,1.0
5110,124-68-39,2010,1.0,1.0
5110,124-68-39,2011,1.0,1.0
5110,124-68-39,2013,1.0,1.0
5110,124-68-39,2016,1.0,1.0
5110,124-68-39,2017,1.0,1.0
5110,124-68-39,2018,1.0,1.0
5110,124-68-39,2022,1.0,1.0
5110,124-68-4,2006,1.0,0.0
5110,124-68-4,2008,1.0,1.0
5110,124-68-4,2011,1.0,1.0
5110,124-68-4,2014,1.0,0.0
5110,124-68-4,2016,1.0,1.0
5110,124-68-4,2017,1.0,1.0
5110,124-68-4,2018,1.0,1.0
5110,124-68-43,2003,1.0,0.0
5110,124-68-43,2014,1.0,1.0
5110,124-68-43,2017,1.0,1.0
5110,124-68-43,2018,1.0,1.0
5110,124-68-43,2022,1.0,1.0
5110,124-68-44,2003,1.0,1.0
5110,124-68-44,2008,1.0,0.0
5110,124-68-44,2010,1.0,0.0
5110,124-68-44,2011,1.0,1.0
5110,124-68-44,2013,1.0,0.0
5110,124-68-44,2016,1.0,1.0
5110,124-68-47,1998,1.0,1.0
5110,124-68-47,2008,1.0,0.0
5110,124-68-47,2009,1.0,1.0
5110,124-68-47,2010,1.0,1.0
5110,124-68-47,2011,1.0,1.0
5110,124-68-47,2014,1.0,1.0
5110,124-68-47,2016,1.0,1.0
5110,124-68-47,2017,1.0,1.0
5110,124-68-47,2018,1.0,1.0
5110,124-68-49,1998,1.0,1.0
5110,124-68-49,2001,1.0,0.0
5110,124-68-49,2008,1.0,1.0
5110,124-68-49,2010,1.0,1.0
5110,124-68-49,2013,1.0,0.0
5110,124-68-49,2014,1.0,1.0
5110,124-68-5,1998,1.0,1.0
5110,124-68-5,2001,1.0,1.0
5110,124-68-5,2002,1.0,1.0
5110,124-68-5,2006,1.0,1.0
5110,124-68-5,2008,1.0,1.0
5110,124-68-5,2010,1.0,1.0
5110,124-68-5,2014,1.0,1.0
5110,124-68-5,2016,1.0,1.0
5110,124-68-5,2018,1.0,1.0
5110,124-68-5,2022,1.0,1.0
5110,124-68-5,2023,1.0,1.0
5110,124-68-50,2001,1.0,1.0
5110,124-68-50,2006,1.0,1.0
5110,124-68-50,2007,1.0,1.0
5110,124-68-50,2008,1.0,1.0
5110,124-68-50,2011,1.0,0.0
5110,124-68-52,2008,1.0,0.0
5110,124-68-52,2010,1.0,0.0
5110,124-68-52,2011,1.0,1.0
5110,124-68-52,2013,1.0,1.0
5110,124-68-52,2022,1.0,0.0
5110,124-68-53,2003,1.0,0.0
5110,124-68-53,2005,1.0,1.0
5110,124-68-54,2002,1.0,1.0
5110,124-68-54,2005,1.0,1.0
5110,124-68-54,2007,1.0,1.0
5110,124-68-54,2013,1.0,1.0
5110,124-68-54,2015,1.0,1.0
5110,124-68-54,2017,1.0,1.0
5110,124-68-57,2000,1.0,0.0
5110,124-68-57,2001,1.0,1.0
5110,124-68-57,2013,1.0,1.0
5110,124-68-59,2001,1.0,1.0
5110,124-68-59,2002,1.0,1.0
5110,124-68-59,2011,1.0,1.0
5110,124-68-6,1998,1.0,1.0
5110,124-68-6,2001,1.0,1.0
5110,124-68-6,2008,1.0,1.0
5110,124-68-6,2010,1.0,1.0
5110,124-68-6,2014,1.0,1.0
5110,124-68-6,2016,1.0,1.0
5110,124-68-64,2011,1.0,0.0
5110,124-68-64,2017,1.0,1.0
5110,124-68-64,2018,1.0,1.0
5110,124-68-65,2001,1.0,0.0
5110,124-68-65,2017,1.0,1.0
5110,124-68-66,1999,1.0,1.0
5110,124-68-66,2001,1.0,1.0
5110,124-68-66,2010,1.0,1.0
5110,124-68-66,2013,1.0,1.0
5110,124-68-66,2016,1.0,1.0
5110,124-68-66,2022,1.0,0.0
5110,124-68-7,2001,1.0,1.0
5110,124-68-7,2011,1.0,1.0
5110,124-68-7,2014,1.0,1.0
5110,124-68-7,2017,1.0,1.0
5110,124-68-8,2001,1.0,1.0
5110,124-68-8,2002,1.0,1.0
5110,124-68-8,2014,1.0,1.0
5110,124-68-8,2016,1.0,1.0
5110,124-68-8,2017,1.0,1.0
5110,124-68-83,2001,1.0,1.0
5110,124-68-83,2006,1.0,1.0
5110,124-68-83,2007,1.0,1.0
5110,124-68-83,2008,1.0,1.0
5110,124-68-83,2014,1.0,0.0
5110,124-68-83,2016,1.0,1.0
5110,124-68-9,2001,1.0,0.0
5110,124-68-9,2013,1.0,1.0
5110,124-75-5,1998,1.0,1.0
5110,124-75-5,2000,1.0,1.0
5110,124-75-5,2003,1.0,1.0
5110,124-75-5,2007,1.0,1.0
5110,124-75-5,2008,1.0,1.0
5110,124-75-5,2010,1.0,1.0
5110,124-75-5,2014,1.0,1.0
5110,124-75-5,2019,1.0,1.0
5110,124-75-9,1998,1.0,1.0
5110,124-75-9,2000,1.0,1.0
5110,124-75-9,2003,1.0,1.0
5110,124-75-9,2007,1.0,1.0
5110,124-75-9,2010,1.0,1.0
5110,124-75-9,2014,1.0,1.0
5110,124-75-9,2019,1.0,1.0
5110,124-75-9,2023,1.0,1.0
5110,124-76-1,2003,1.0,1.0
5110,124-76-1,2006,1.0,1.0
5110,124-76-1,2007,1.0,1.0
5110,124-76-1,2008,1.0,1.0
5110,124-76-1,2010,1.0,1.0
5110,124-76-1,2011,1.0,1.0
5110,124-76-1,2014,1.0,1.0
5110,124-76-1,2016,1.0,1.0
5110,124-76-1,2022,1.0,1.0
5110,124-76-109,1998,1.0,1.0
5110,124-76-109,2016,1.0,1.0
5110,124-76-109,2017,1.0,1.0
5110,124-76-109,2022,1.0,1.0
5110,124-76-109,2023,1.0,1.0
5110,124-76-113,2009,1.0,1.0
5110,124-76-113,2010,1.0,1.0
5110,124-76-113,2016,1.0,0.0
5110,124-76-113,2017,1.0,1.0
5110,124-76-113,2022,1.0,1.0
5110,124-76-12,2003,1.0,1.0
5110,124-76-12,2006,1.0,1.0
5110,124-76-12,2007,1.0,1.0
5110,124-76-12,2008,1.0,1.0
5110,124-76-12,2011,1.0,1.0
5110,124-76-12,2014,1.0,1.0
5110,124-76-120,1998,1.0,1.0
5110,124-76-120,2003,1.0,1.0
5110,124-76-120,2007,1.0,1.0
5110,124-76-120,2008,1.0,1.0
5110,124-76-120,2010,1.0,1.0
5110,124-76-120,2011,1.0,1.0
5110,124-76-120,2012,1.0,1.0
5110,124-76-120,2016,1.0,1.0
5110,124-76-120,2017,1.0,1.0
5110,124-76-120,2022,1.0,1.0
5110,124-76-120,2023,1.0,1.0
5110,124-76-121,1998,1.0,0.0
5110,124-76-121,2003,1.0,1.0
5110,124-76-121,2008,1.0,0.0
5110,124-76-121,2010,1.0,1.0
5110,124-76-121,2011,1.0,1.0
5110,124-76-121,2016,1.0,1.0
5110,124-76-121,2017,1.0,1.0
5110,124-76-121,2022,1.0,1.0
5110,124-76-121,2023,1.0,1.0
5110,124-76-125,2008,1.0,1.0
5110,124-76-125,2010,1.0,1.0
5110,124-76-125,2011,1.0,1.0
5110,124-76-125,2014,1.0,1.0
5110,124-76-125,2016,1.0,1.0
5110,124-76-125,2017,1.0,1.0
5110,124-76-125,2018,1.0,1.0
5110,124-76-127,2001,1.0,1.0
5110,124-76-127,2006,1.0,1.0
5110,124-76-127,2022,1.0,1.0
5110,124-76-140,2006,1.0,1.0
5110,124-76-140,2007,1.0,1.0
5110,124-76-140,2008,1.0,1.0
5110,124-76-140,2010,1.0,0.0
5110,124-76-140,2011,1.0,1.0
5110,124-76-140,2012,1.0,1.0
5110,124-76-140,2017,1.0,0.0
5110,124-76-140,2023,1.0,0.0
5110,124-76-159,1998,1.0,1.0
5110,124-76-159,2008,1.0,0.0
5110,124-76-159,2009,1.0,1.0
5110,124-76-159,2016,1.0,1.0
5110,124-76-159,2017,1.0,1.0
5110,124-76-159,2023,1.0,0.0
5110,124-76-16,1998,1.0,0.0
5110,124-76-16,2003,1.0,1.0
5110,124-76-16,2006,1.0,1.0
5110,124-76-16,2007,1.0,1.0
5110,124-76-16,2008,1.0,1.0
5110,124-76-16,2011,1.0,1.0
5110,124-76-16,2012,1.0,1.0
5110,124-76-16,2014,1.0,1.0
5110,124-76-165,1998,1.0,1.0
5110,124-76-165,2000,1.0,0.0
5110,124-76-165,2007,1.0,1.0
5110,124-76-165,2008,1.0,1.0
5110,124-76-165,2009,1.0,1.0
5110,124-76-165,2010,1.0,1.0
5110,124-76-165,2013,1.0,1.0
5110,124-76-165,2015,1.0,1.0
5110,124-76-165,2016,1.0,1.0
5110,124-76-165,2019,1.0,1.0
5110,124-76-165,2022,1.0,1.0
5110,124-76-165,2023,1.0,1.0
5110,124-76-18,1998,1.0,1.0
5110,124-76-18,2003,1.0,0.0
5110,124-76-18,2007,1.0,1.0
5110,124-76-18,2008,1.0,1.0
5110,124-76-18,2011,1.0,1.0
5110,124-76-18,2012,1.0,1.0
5110,124-76-18,2016,1.0,1.0
5110,124-76-18,2022,1.0,1.0
5110,124-76-18,2023,1.0,1.0
5110,124-76-19,2007,1.0,1.0
5110,124-76-19,2010,1.0,1.0
5110,124-76-19,2011,1.0,1.0
5110,124-76-19,2012,1.0,1.0
5110,124-76-19,2016,1.0,1.0
5110,124-76-19,2017,1.0,1.0
5110,124-76-19,2022,1.0,1.0
5110,124-76-19,2023,1.0,1.0
5110,124-76-190,1998,1.0,1.0
5110,124-76-190,2007,1.0,1.0
5110,124-76-190,2010,1.0,1.0
5110,124-76-190,2012,1.0,0.0
5110,124-76-190,2013,1.0,1.0
5110,124-76-190,2016,1.0,1.0
5110,124-76-190,2022,1.0,1.0
5110,124-76-2,2003,1.0,1.0
5110,124-76-2,2010,1.0,1.0
5110,124-76-2,2016,1.0,1.0
5110,124-76-2,2017,1.0,1.0
5110,124-76-2,2018,1.0,1.0
5110,124-76-2,2022,1.0,1.0
5110,124-76-201,2001,1.0,1.0
5110,124-76-201,2006,1.0,1.0
5110,124-76-201,2007,1.0,1.0
5110,124-76-201,2010,1.0,1.0
5110,124-76-201,2011,1.0,1.0
5110,124-76-201,2014,1.0,0.0
5110,124-76-201,2016,1.0,1.0
5110,124-76-21,1998,1.0,1.0
5110,124-76-21,2003,1.0,1.0
5110,124-76-21,2007,1.0,1.0
5110,124-76-21,2008,1.0,1.0
5110,124-76-21,2010,1.0,1.0
5110,124-76-21,2011,1.0,1.0
5110,124-76-21,2012,1.0,1.0
5110,124-76-21,2016,1.0,1.0
5110,124-76-21,2017,1.0,1.0
5110,124-76-21,2022,1.0,1.0
5110,124-76-21,2023,1.0,1.0
5110,124-76-216,2003,1.0,1.0
5110,124-76-216,2010,1.0,0.0
5110,124-76-216,2011,1.0,1.0
5110,124-76-216,2022,1.0,1.0
5110,124-76-22,1998,1.0,1.0
5110,124-76-22,2007,1.0,1.0
5110,124-76-22,2010,1.0,1.0
5110,124-76-22,2011,1.0,1.0
5110,124-76-22,2012,1.0,1.0
5110,124-76-22,2013,1.0,1.0
5110,124-76-22,2016,1.0,1.0
5110,124-76-22,2017,1.0,1.0
5110,124-76-22,2022,1.0,1.0
5110,124-76-22,2023,1.0,1.0
5110,124-76-221,1998,1.0,1.0
5110,124-76-221,2003,1.0,1.0
5110,124-76-221,2007,1.0,1.0
5110,124-76-221,2008,1.0,1.0
5110,124-76-221,2011,1.0,1.0
5110,124-76-221,2012,1.0,1.0
5110,124-76-23,1998,1.0,1.0
5110,124-76-23,2007,1.0,1.0
5110,124-76-23,2008,1.0,1.0
5110,124-76-23,2011,1.0,1.0
5110,124-76-23,2012,1.0,1.0
5110,124-76-23,2016,1.0,1.0
5110,124-76-23,2023,1.0,0.0
5110,124-76-238,2016,1.0,1.0
5110,124-76-238,2017,1.0,1.0
5110,124-76-238,2023,1.0,0.0
5110,124-76-3,2003,1.0,0.0
5110,124-76-3,2010,1.0,1.0
5110,124-76-3,2011,1.0,1.0
5110,124-76-3,2016,1.0,1.0
5110,124-76-3,2022,1.0,0.0
5110,124-76-302,1998,1.0,1.0
5110,124-76-302,2003,1.0,1.0
5110,124-76-302,2006,1.0,1.0
5110,124-76-302,2007,1.0,1.0
5110,124-76-302,2010,1.0,1.0
5110,124-76-302,2011,1.0,1.0
5110,124-76-302,2014,1.0,1.0
5110,124-76-302,2016,1.0,1.0
5110,124-76-302,2022,1.0,1.0
5110,124-76-302,2023,1.0,1.0
5110,124-76-306,1998,1.0,1.0
5110,124-76-306,2003,1.0,1.0
5110,124-76-306,2007,1.0,1.0
5110,124-76-306,2010,1.0,1.0
5110,124-76-306,2011,1.0,1.0
5110,124-76-306,2016,1.0,1.0
5110,124-76-306,2023,1.0,1.0
5110,124-76-309,1998,1.0,0.0
5110,124-76-309,2003,1.0,1.0
5110,124-76-309,2007,1.0,1.0
5110,124-76-309,2010,1.0,1.0
5110,124-76-309,2011,1.0,1.0
5110,124-76-309,2012,1.0,1.0
5110,124-76-309,2013,1.0,1.0
5110,124-76-309,2016,1.0,1.0
5110,124-76-309,2017,1.0,1.0
5110,124-76-309,2018,1.0,1.0
5110,124-76-310,1998,1.0,1.0
5110,124-76-310,2003,1.0,0.0
5110,124-76-310,2007,1.0,1.0
5110,124-76-310,2010,1.0,1.0
5110,124-76-310,2011,1.0,1.0
5110,124-76-310,2012,1.0,1.0
5110,124-76-310,2016,1.0,1.0
5110,124-76-310,2017,1.0,1.0
5110,124-76-310,2019,1.0,1.0
5110,124-76-310,2022,1.0,1.0
5110,124-76-310,2023,1.0,1.0
5110,124-76-314,2003,1.0,1.0
5110,124-76-314,2007,1.0,1.0
5110,124-76-314,2010,1.0,1.0
5110,124-76-314,2011,1.0,1.0
5110,124-76-314,2014,1.0,0.0
5110,124-76-318,1998,1.0,0.0
5110,124-76-318,2003,1.0,1.0
5110,124-76-318,2011,1.0,0.0
5110,124-76-318,2012,1.0,1.0
5110,124-76-318,2014,1.0,0.0
5110,124-76-318,2016,1.0,1.0
5110,124-76-318,2022,1.0,1.0
5110,124-76-318,2023,1.0,1.0
5110,124-76-320,2007,1.0,1.0
5110,124-76-320,2008,1.0,1.0
5110,124-76-320,2011,1.0,1.0
5110,124-76-320,2012,1.0,1.0
5110,124-76-320,2014,1.0,0.0
5110,124-76-320,2023,1.0,0.0
5110,124-76-324,2007,1.0,1.0
5110,124-76-324,2008,1.0,1.0
5110,124-76-324,2010,1.0,1.0
5110,124-76-324,2011,1.0,1.0
5110,124-76-324,2012,1.0,1.0
5110,124-76-324,2016,1.0,1.0
5110,124-76-324,2017,1.0,1.0
5110,124-76-324,2023,1.0,0.0
5110,124-76-39,2008,1.0,1.0
5110,124-76-39,2013,1.0,0.0
5110,124-76-4,1998,1.0,1.0
5110,124-76-4,2003,1.0,1.0
5110,124-76-4,2006,1.0,1.0
5110,124-76-4,2007,1.0,1.0
5110,124-76-4,2010,1.0,1.0
5110,124-76-4,2011,1.0,1.0
5110,124-76-4,2013,1.0,1.0
5110,124-76-4,2016,1.0,1.0
5110,124-76-4,2017,1.0,1.0
5110,124-76-4,2022,1.0,1.0
5110,124-76-4,2023,1.0,1.0
5110,124-76-40,2003,1.0,0.0
5110,124-76-40,2007,1.0,0.0
5110,124-76-40,2008,1.0,1.0
5110,124-76-40,2010,1.0,1.0
5110,124-76-40,2011,1.0,1.0
5110,124-76-40,2012,1.0,1.0
5110,124-76-40,2017,1.0,1.0
5110,124-76-40,2022,1.0,1.0
5110,124-76-439,2006,1.0,1.0
5110,124-76-439,2007,1.0,1.0
5110,124-76-439,2011,1.0,0.0
5110,124-76-439,2012,1.0,1.0
5110,124-76-439,2017,1.0,1.0
5110,124-76-439,2022,1.0,1.0
5110,124-76-439,2023,1.0,1.0
5110,124-76-5,1998,1.0,1.0
5110,124-76-5,2003,1.0,1.0
5110,124-76-5,2007,1.0,1.0
5110,124-76-5,2010,1.0,1.0
5110,124-76-5,2011,1.0,1.0
5110,124-76-5,2013,1.0,1.0
5110,124-76-5,2016,1.0,1.0
5110,124-76-5,2017,1.0,1.0
5110,124-76-5,2022,1.0,1.0
5110,124-76-5,2023,1.0,1.0
5110,124-76-55,2007,1.0,0.0
5110,124-76-55,2008,1.0,1.0
5110,124-76-55,2011,1.0,1.0
5110,124-76-55,2016,1.0,1.0
5110,124-76-55,2017,1.0,1.0
5110,124-76-55,2022,1.0,1.0
5110,124-76-6,1998,1.0,1.0
5110,124-76-6,2003,1.0,1.0
5110,124-76-6,2006,1.0,1.0
5110,124-76-6,2007,1.0,1.0
5110,124-76-6,2008,1.0,1.0
5110,124-76-6,2011,1.0,1.0
5110,124-76-6,2012,1.0,1.0
5110,124-76-6,2014,1.0,1.0
5110,124-76-60,1998,1.0,1.0
5110,124-76-60,2007,1.0,1.0
5110,124-76-60,2008,1.0,1.0
5110,124-76-60,2009,1.0,1.0
5110,124-76-60,2011,1.0,0.0
5110,124-76-60,2012,1.0,1.0
5110,124-76-60,2016,1.0,1.0
5110,124-76-60,2017,1.0,1.0
5110,124-76-61,1998,1.0,1.0
5110,124-76-61,2008,1.0,0.0
5110,124-76-61,2011,1.0,0.0
5110,124-76-61,2012,1.0,1.0
5110,124-76-61,2016,1.0,1.0
5110,124-76-61,2017,1.0,1.0
5110,124-76-67,2007,1.0,1.0
5110,124-76-67,2009,1.0,1.0
5110,124-76-67,2010,1.0,1.0
5110,124-76-67,2013,1.0,1.0
5110,124-76-67,2016,1.0,1.0
5110,124-76-67,2022,1.0,1.0
5110,124-76-67,2023,1.0,1.0
5110,124-76-69,1998,1.0,1.0
5110,124-76-69,2007,1.0,1.0
5110,124-76-69,2009,1.0,0.0
5110,124-76-69,2010,1.0,1.0
5110,124-76-69,2012,1.0,0.0
5110,124-76-69,2016,1.0,0.0
5110,124-76-69,2017,1.0,1.0
5110,124-76-69,2022,1.0,1.0
5110,124-76-69,2023,1.0,1.0
5110,124-76-70,1998,1.0,1.0
5110,124-76-70,2000,1.0,1.0
5110,124-76-70,2008,1.0,0.0
5110,124-76-70,2013,1.0,1.0
5110,124-76-70,2014,1.0,1.0
5110,124-76-70,2017,1.0,1.0
5110,124-76-8,1998,1.0,1.0
5110,124-76-8,2003,1.0,1.0
5110,124-76-8,2007,1.0,1.0
5110,124-76-8,2010,1.0,1.0
5110,124-76-8,2011,1.0,1.0
5110,124-76-8,2012,1.0,1.0
5110,124-76-8,2022,1.0,1.0
5110,124-76-8,2023,1.0,1.0
5110,124-76-9,1998,1.0,1.0
5110,124-76-9,2003,1.0,1.0
5110,124-76-9,2007,1.0,0.0
5110,124-76-9,2010,1.0,1.0
5110,124-76-9,2011,1.0,1.0
5110,124-76-9,2013,1.0,1.0
5110,124-76-9,2016,1.0,1.0
5110,124-76-9,2023,1.0,0.0
5110,124-76-90,1998,1.0,1.0
5110,124-76-90,2003,1.0,1.0
5110,124-76-90,2007,1.0,1.0
5110,124-76-90,2010,1.0,1.0
5110,124-76-90,2011,1.0,1.0
5110,124-76-90,2017,1.0,0.0
5110,124-76-90,2022,1.0,1.0
5110,124-79-106,2002,1.0,1.0
5110,124-79-106,2005,1.0,1.0
5110,124-79-106,2009,1.0,1.0
5110,124-79-106,2010,1.0,1.0
5110,124-79-106,2013,1.0,1.0
5110,124-79-112,2002,1.0,0.0
5110,124-79-112,2003,1.0,1.0
5110,124-79-112,2010,1.0,1.0
5110,124-79-112,2012,1.0,0.0
5110,124-79-112,2017,1.0,1.0
5110,124-79-112,2022,1.0,0.0
5110,124-79-113,2006,1.0,1.0
5110,124-79-113,2007,1.0,1.0
5110,124-79-113,2009,1.0,1.0
5110,124-79-113,2010,1.0,1.0
5110,124-79-116,2006,1.0,0.0
5110,124-79-116,2010,1.0,0.0
5110,124-79-116,2012,1.0,0.0
5110,124-79-116,2017,1.0,1.0
5110,124-79-116,2022,1.0,0.0
5110,124-79-123,2001,1.0,0.0
5110,124-79-123,2007,1.0,0.0
5110,124-79-123,2008,1.0,1.0
5110,124-79-123,2009,1.0,1.0
5110,124-79-123,2011,1.0,0.0
5110,124-79-123,2013,1.0,0.0
5110,124-79-124,2013,1.0,0.0
5110,124-79-124,2017,1.0,1.0
5110,124-79-124,2019,1.0,1.0
5110,124-79-124,2022,1.0,1.0
5110,124-79-132,2001,1.0,0.0
5110,124-79-132,2003,1.0,0.0
5110,124-79-132,2006,1.0,1.0
5110,124-79-132,2008,1.0,0.0
5110,124-79-132,2012,1.0,1.0
5110,124-79-132,2013,1.0,1.0
5110,124-79-132,2017,1.0,1.0
5110,124-79-132,2019,1.0,0.0
5110,124-79-132,2022,1.0,1.0
5110,124-79-133,2016,1.0,0.0
5110,124-79-142,2005,1.0,1.0
5110,124-79-142,2009,1.0,0.0
5110,124-79-217,2012,1.0,0.0
5110,124-79-217,2017,1.0,1.0
5110,124-79-217,2019,1.0,1.0
5110,124-79-217,2022,1.0,1.0
5110,124-79-24,2001,1.0,1.0
5110,124-79-24,2007,1.0,1.0
5110,124-79-24,2008,1.0,1.0
5110,124-79-24,2009,1.0,1.0
5110,124-79-309,2006,1.0,1.0
5110,124-79-309,2012,1.0,1.0
5110,124-79-309,2017,1.0,1.0
5110,124-79-33,2001,1.0,0.0
5110,124-79-33,2007,1.0,0.0
5110,124-79-33,2012,1.0,0.0
5110,124-79-33,2013,1.0,1.0
5110,124-79-33,2017,1.0,1.0
5110,124-79-33,2019,1.0,1.0
5110,124-79-40,2016,1.0,0.0
5110,124-79-403,2001,1.0,0.0
5110,124-79-403,2002,1.0,1.0
5110,124-79-403,2003,1.0,1.0
5110,124-79-424,2002,1.0,1.0
5110,124-79-424,2006,1.0,0.0
5110,124-79-424,2010,1.0,0.0
5110,124-79-424,2017,1.0,1.0
5110,124-79-424,2019,1.0,1.0
5110,124-79-424,2022,1.0,0.0
5110,840-17-1,2007,1.0,1.0
5110,840-17-1,2017,1.0,0.0
5110,840-17-1,2018,1.0,1.0
5110,840-17-10,2003,1.0,0.0
5110,840-17-11,2000,1.0,1.0
5110,840-17-11,2008,1.0,0.0
5110,840-17-12,2000,1.0,1.0
5110,840-17-12,2007,1.0,1.0
5110,840-17-12,2011,1.0,0.0
5110,840-17-12,2015,1.0,0.0
5110,840-17-125,2004,1.0,0.0
5110,840-17-125,2005,1.0,1.0
5110,840-17-13,2005,1.0,1.0
5110,840-17-13,2008,1.0,0.0
5110,840-17-14,2005,1.0,1.0
5110,840-17-14,2007,1.0,1.0
5110,840-17-14,2008,1.0,1.0
5110,840-17-14,2011,1.0,1.0
5110,840-17-14,2019,1.0,1.0
5110,840-17-16,2014,1.0,0.0
5110,840-17-17,2000,1.0,1.0
5110,840-17-17,2001,1.0,1.0
5110,840-17-17,2007,1.0,1.0
5110,840-17-19,2001,1.0,0.0
5110,840-17-19,2010,1.0,1.0
5110,840-17-19,2011,1.0,1.0
5110,840-17-19,2017,1.0,0.0
5110,840-17-19,2022,1.0,1.0
5110,840-17-2,2015,1.0,0.0
5110,840-17-2,2016,1.0,1.0
5110,840-17-205,2001,1.0,1.0
5110,840-17-205,2007,1.0,1.0
5110,840-17-205,2015,1.0,1.0
5110,840-17-205,2017,1.0,1.0
5110,840-17-206,2010,1.0,0.0
5110,840-17-206,2017,1.0,1.0
5110,840-17-207,2000,1.0,1.0
5110,840-17-207,2005,1.0,1.0
5110,840-17-207,2010,1.0,1.0
5110,840-17-207,2011,1.0,1.0
5110,840-17-207,2015,1.0,1.0
5110,840-17-21,2001,1.0,1.0
5110,840-17-21,2017,1.0,0.0
5110,840-17-213,2001,1.0,1.0
5110,840-17-213,2010,1.0,0.0
5110,840-17-213,2015,1.0,0.0
5110,840-17-213,2017,1.0,1.0
5110,840-17-214,2005,1.0,1.0
5110,840-17-214,2007,1.0,1.0
5110,840-17-214,2008,1.0,1.0
5110,840-17-216,2004,1.0,0.0
5110,840-17-216,2010,1.0,1.0
5110,840-17-216,2014,1.0,0.0
5110,840-17-220,2005,1.0,0.0
5110,840-17-221,2000,1.0,1.0
5110,840-17-221,2005,1.0,1.0
5110,840-17-222,2000,1.0,0.0
5110,840-17-225,1999,1.0,0.0
5110,840-17-228,2008,1.0,0.0
5110,840-17-228,2015,1.0,1.0
5110,840-17-228,2016,1.0,1.0
5110,840-17-3,2000,1.0,0.0
5110,840-17-3,2010,1.0,1.0
5110,840-17-303,2001,1.0,0.0
5110,840-17-303,2007,1.0,1.0
5110,840-17-305,2001,1.0,1.0
5110,840-17-305,2007,1.0,1.0
5110,840-17-305,2015,1.0,1.0
5110,840-17-305,2017,1.0,1.0
5110,840-17-306,2000,1.0,1.0
5110,840-17-306,2007,1.0,1.0
5110,840-17-306,2010,1.0,1.0
5110,840-17-306,2011,1.0,1.0
5110,840-17-307,2007,1.0,0.0
5110,840-17-307,2010,1.0,1.0
5110,840-17-307,2011,1.0,1.0
5110,840-17-307,2019,1.0,1.0
5110,840-17-309,2004,1.0,1.0
5110,840-17-312,2000,1.0,1.0
5110,840-17-312,2007,1.0,1.0
5110,840-17-312,2011,1.0,1.0
5110,840-17-312,2015,1.0,1.0
5110,840-17-313,2000,1.0,0.0
5110,840-17-313,2005,1.0,1.0
5110,840-17-313,2007,1.0,1.0
5110,840-17-313,2008,1.0,1.0
5110,840-17-314,2008,1.0,1.0
5110,840-17-314,2014,1.0,1.0
5110,840-17-314,2017,1.0,1.0
5110,840-17-316,2001,1.0,0.0
5110,840-17-319,2008,1.0,1.0
5110,840-17-319,2015,1.0,0.0
5110,840-17-319,2017,1.0,1.0
5110,840-17-319,2022,1.0,1.0
5110,840-17-32,2018,1.0,0.0
5110,840-17-326,2008,1.0,0.0
5110,840-17-33,2000,1.0,1.0
5110,840-17-35,2000,1.0,1.0
5110,840-17-35,2008,1.0,1.0
5110,840-17-35,2010,1.0,1.0
5110,840-17-35,2011,1.0,1.0
5110,840-17-352,1998,1.0,0.0
5110,840-17-36,2005,1.0,1.0
5110,840-17-36,2011,1.0,1.0
5110,840-17-36,2019,1.0,0.0
5110,840-17-362,2000,1.0,1.0
5110,840-17-362,2007,1.0,1.0
5110,840-17-362,2008,1.0,1.0
5110,840-17-362,2015,1.0,1.0
5110,840-17-366,2006,1.0,0.0
5110,840-17-368,2001,1.0,0.0
5110,840-17-37,2000,1.0,1.0
5110,840-17-37,2005,1.0,1.0
5110,840-17-37,2011,1.0,1.0
5110,840-17-37,2015,1.0,1.0
5110,840-17-375,2015,1.0,0.0
5110,840-17-4,2000,1.0,1.0
5110,840-17-4,2010,1.0,1.0
5110,840-17-4,2011,1.0,1.0
5110,840-17-41,2010,1.0,1.0
5110,840-17-41,2022,1.0,1.0
5110,840-17-412,2007,1.0,1.0
5110,840-17-412,2010,1.0,1.0
5110,840-17-412,2015,1.0,1.0
5110,840-17-419,2001,1.0,0.0
5110,840-17-419,2014,1.0,1.0
5110,840-17-419,2015,1.0,1.0
5110,840-17-419,2022,1.0,1.0
5110,840-17-42,2000,1.0,1.0
5110,840-17-42,2007,1.0,1.0
5110,840-17-42,2010,1.0,1.0
5110,840-17-42,2011,1.0,1.0
5110,840-17-42,2015,1.0,0.0
5110,840-17-43,2005,1.0,0.0
5110,840-17-43,2007,1.0,0.0
5110,840-17-43,2008,1.0,1.0
5110,840-17-43,2019,1.0,1.0
5110,840-17-44,2000,1.0,1.0
5110,840-17-44,2008,1.0,1.0
5110,840-17-44,2011,1.0,1.0
5110,840-17-44,2015,1.0,1.0
5110,840-17-44,2017,1.0,1.0
5110,840-17-46,2000,1.0,0.0
5110,840-17-46,2011,1.0,0.0
5110,840-17-47,2007,1.0,0.0
5110,840-17-48,2005,1.0,0.0
5110,840-17-49,2001,1.0,0.0
5110,840-17-49,2017,1.0,1.0
5110,840-17-49,2022,1.0,1.0
5110,840-17-50,2008,1.0,1.0
5110,840-17-50,2014,1.0,1.0
5110,840-17-50,2017,1.0,0.0
5110,840-17-51,2008,1.0,1.0
5110,840-17-51,2014,1.0,1.0
5110,840-17-51,2015,1.0,1.0
5110,840-17-51,2017,1.0,1.0
5110,840-17-51,2022,1.0,1.0
5110,840-17-55,1999,1.0,0.0
5110,840-17-56,1998,1.0,0.0
5110,840-17-56,2001,1.0,0.0
5110,840-17-56,2014,1.0,1.0
5110,840-17-57,1998,1.0,0.0
5110,840-17-57,2001,1.0,1.0
5110,840-17-57,2014,1.0,1.0
5110,840-17-57,2015,1.0,1.0
5110,840-17-57,2017,1.0,0.0
5110,840-17-58,2001,1.0,0.0
5110,840-17-58,2014,1.0,1.0
5110,840-17-58,2015,1.0,1.0
5110,840-17-6,2000,1.0,1.0
5110,840-17-6,2007,1.0,0.0
5110,840-17-6,2010,1.0,1.0
5110,840-17-6,2011,1.0,1.0
5110,840-17-6,2015,1.0,0.0
5110,840-17-8,2013,1.0,0.0
5110,840-17-8,2017,1.0,0.0
5110,840-17-9,2004,1.0,0.0
5110,840-17-9,2022,1.0,0.0
5110,840-18-1,2000,1.0,1.0
5110,840-18-1,2002,1.0,1.0
5110,840-18-1,2004,1.0,0.0
5110,840-18-1,2012,1.0,0.0
5110,840-18-1,2014,1.0,1.0
5110,840-18-1,2017,1.0,0.0
5110,840-18-1,2018,1.0,1.0
5110,840-18-1,2019,1.0,1.0
5110,840-18-102,2000,1.0,0.0
5110,840-18-102,2002,1.0,1.0
5110,840-18-102,2006,1.0,1.0
5110,840-18-102,2007,1.0,1.0
5110,840-18-102,2011,1.0,1.0
5110,840-18-102,2012,1.0,1.0
5110,840-18-102,2013,1.0,1.0
5110,840-18-102,2014,1.0,1.0
5110,840-18-102,2015,1.0,1.0
5110,840-18-102,2017,1.0,1.0
5110,840-18-102,2018,1.0,1.0
5110,840-18-102,2019,1.0,1.0
5110,840-18-11,2006,1.0,1.0
5110,840-18-11,2011,1.0,1.0
5110,840-18-11,2012,1.0,1.0
5110,840-18-11,2013,1.0,1.0
5110,840-18-11,2014,1.0,1.0
5110,840-18-11,2015,1.0,1.0
5110,840-18-11,2017,1.0,1.0
5110,840-18-11,2019,1.0,0.0
5110,840-18-11,2022,1.0,1.0
5110,840-18-14,2006,1.0,1.0
5110,840-18-14,2007,1.0,1.0
5110,840-18-14,2011,1.0,1.0
5110,840-18-14,2012,1.0,1.0
5110,840-18-14,2013,1.0,1.0
5110,840-18-14,2014,1.0,1.0
5110,840-18-14,2015,1.0,1.0
5110,840-18-14,2016,1.0,1.0
5110,840-18-14,2017,1.0,1.0
5110,840-18-14,2018,1.0,1.0
5110,840-18-14,2019,1.0,1.0
5110,840-18-15,2006,1.0,1.0
5110,840-18-15,2007,1.0,1.0
5110,840-18-15,2011,1.0,1.0
5110,840-18-15,2015,1.0,0.0
5110,840-18-15,2017,1.0,1.0
5110,840-18-15,2018,1.0,1.0
5110,840-18-15,2019,1.0,1.0
5110,840-18-15,2022,1.0,1.0
5110,840-18-3,2000,1.0,1.0
5110,840-18-3,2002,1.0,1.0
5110,840-18-3,2004,1.0,1.0
5110,840-18-3,2006,1.0,1.0
5110,840-18-3,2007,1.0,1.0
5110,840-18-3,2011,1.0,1.0
5110,840-18-3,2012,1.0,1.0
5110,840-18-3,2013,1.0,1.0
5110,840-18-3,2014,1.0,1.0
5110,840-18-3,2015,1.0,1.0
5110,840-18-3,2016,1.0,1.0
5110,840-18-3,2022,1.0,1.0
5110,840-18-4,2000,1.0,1.0
5110,840-18-4,2002,1.0,0.0
5110,840-18-4,2011,1.0,1.0
5110,840-18-4,2012,1.0,1.0
5110,840-18-4,2013,1.0,1.0
5110,840-18-4,2014,1.0,1.0
5110,840-18-4,2015,1.0,1.0
5110,840-18-4,2016,1.0,1.0
5110,840-18-4,2019,1.0,1.0
5110,840-18-7,2000,1.0,1.0
5110,840-18-7,2002,1.0,1.0
5110,840-18-7,2006,1.0,1.0
5110,840-18-7,2007,1.0,1.0
5110,840-18-7,2011,1.0,0.0
5110,840-18-7,2012,1.0,1.0
5110,840-18-7,2014,1.0,1.0
5110,840-18-7,2015,1.0,1.0
5110,840-18-7,2017,1.0,1.0
5110,840-18-7,2018,1.0,1.0
5110,840-18-8,2000,1.0,1.0
5110,840-18-8,2002,1.0,1.0
5110,840-18-8,2004,1.0,1.0
5110,840-18-8,2006,1.0,1.0
5110,840-18-8,2007,1.0,1.0
5110,840-18-8,2011,1.0,0.0
5110,840-18-8,2012,1.0,1.0
5110,840-18-8,2013,1.0,1.0
5110,840-18-8,2014,1.0,1.0
5110,840-18-8,2015,1.0,1.0
5110,840-18-8,2017,1.0,1.0
5110,840-18-8,2018,1.0,1.0
5110,840-18-8,2019,1.0,1.0
5110,840-18-8,2022,1.0,1.0
5110,840-18-9,2000,1.0,1.0
5110,840-18-9,2002,1.0,1.0
5110,840-18-9,2004,1.0,1.0
5110,840-18-9,2006,1.0,1.0
5110,840-18-9,2007,1.0,1.0
5110,840-18-9,2011,1.0,1.0
5110,840-18-9,2012,1.0,1.0
5110,840-18-9,2013,1.0,1.0
5110,840-18-9,2014,1.0,1.0
5110,840-18-9,2015,1.0,1.0
5110,840-18-9,2017,1.0,1.0
5110,840-18-9,2018,1.0,1.0
5110,840-18-9,2019,1.0,1.0
5110,840-2-1,1999,1.0,1.0
5110,840-2-1,2002,1.0,1.0
5110,840-2-1,2005,1.0,1.0
5110,840-2-1,2006,1.0,1.0
5110,840-2-1,2008,1.0,1.0
5110,840-2-1,2013,1.0,1.0
5110,840-2-1,2014,1.0,1.0
5110,840-2-1,2015,1.0,1.0
5110,840-2-1,2019,1.0,1.0
5110,840-2-1,2023,1.0,1.0
5110,840-2-10,2002,1.0,1.0
5110,840-2-10,2009,1.0,1.0
5110,840-2-10,2012,1.0,1.0
5110,840-2-10,2018,1.0,0.0
5110,840-2-102,1999,1.0,1.0
5110,840-2-102,2002,1.0,1.0
5110,840-2-102,2004,1.0,1.0
5110,840-2-102,2005,1.0,1.0
5110,840-2-102,2006,1.0,1.0
5110,840-2-102,2013,1.0,1.0
5110,840-2-102,2014,1.0,1.0
5110,840-2-102,2023,1.0,1.0
5110,840-2-105,2000,1.0,1.0
5110,840-2-105,2002,1.0,1.0
5110,840-2-105,2004,1.0,1.0
5110,840-2-105,2006,1.0,1.0
5110,840-2-105,2009,1.0,1.0
5110,840-2-105,2012,1.0,1.0
5110,840-2-105,2015,1.0,1.0
5110,840-2-109,2000,1.0,1.0
5110,840-2-109,2002,1.0,1.0
5110,840-2-109,2004,1.0,1.0
5110,840-2-109,2006,1.0,1.0
5110,840-2-109,2009,1.0,1.0
5110,840-2-109,2012,1.0,1.0
5110,840-2-111,2000,1.0,0.0
5110,840-2-111,2002,1.0,0.0
5110,840-2-111,2004,1.0,1.0
5110,840-2-111,2006,1.0,1.0
5110,840-2-111,2009,1.0,1.0
5110,840-2-111,2012,1.0,1.0
5110,840-2-111,2015,1.0,1.0
5110,840-2-111,2018,1.0,1.0
5110,840-2-12,2000,1.0,0.0
5110,840-2-13,2005,1.0,0.0
5110,840-2-13,2019,1.0,1.0
5110,840-2-13,2023,1.0,1.0
5110,840-2-14,2004,1.0,1.0
5110,840-2-14,2005,1.0,1.0
5110,840-2-14,2013,1.0,1.0
5110,840-2-14,2014,1.0,1.0
5110,840-2-14,2023,1.0,0.0
5110,840-2-140,1998,1.0,1.0
5110,840-2-140,1999,1.0,1.0
5110,840-2-140,2000,1.0,1.0
5110,840-2-140,2003,1.0,1.0
5110,840-2-140,2004,1.0,1.0
5110,840-2-140,2006,1.0,1.0
5110,840-2-140,2007,1.0,1.0
5110,840-2-140,2008,1.0,1.0
5110,840-2-140,2009,1.0,1.0
5110,840-2-140,2013,1.0,0.0
5110,840-2-140,2014,1.0,1.0
5110,840-2-140,2015,1.0,1.0
5110,840-2-141,2004,1.0,0.0
5110,840-2-141,2007,1.0,1.0
5110,840-2-141,2008,1.0,1.0
5110,840-2-141,2009,1.0,1.0
5110,840-2-141,2013,1.0,1.0
5110,840-2-141,2015,1.0,1.0
5110,840-2-141,2016,1.0,1.0
5110,840-2-141,2018,1.0,1.0
5110,840-2-141,2019,1.0,1.0
5110,840-2-142,1999,1.0,1.0
5110,840-2-142,2000,1.0,1.0
5110,840-2-142,2002,1.0,1.0
5110,840-2-142,2004,1.0,1.0
5110,840-2-142,2007,1.0,1.0
5110,840-2-142,2008,1.0,1.0
5110,840-2-142,2009,1.0,1.0
5110,840-2-142,2013,1.0,0.0
5110,840-2-142,2015,1.0,1.0
5110,840-2-142,2018,1.0,1.0
5110,840-2-142,2019,1.0,1.0
5110,840-2-15,1999,1.0,1.0
5110,840-2-15,2005,1.0,0.0
5110,840-2-15,2013,1.0,1.0
5110,840-2-15,2014,1.0,1.0
5110,840-2-15,2019,1.0,1.0
5110,840-2-15,2023,1.0,0.0
5110,840-2-156,2000,1.0,0.0
5110,840-2-156,2002,1.0,1.0
5110,840-2-156,2006,1.0,1.0
5110,840-2-156,2009,1.0,1.0
5110,840-2-156,2012,1.0,1.0
5110,840-2-156,2015,1.0,1.0
5110,840-2-156,2018,1.0,0.0
5110,840-2-16,2006,1.0,1.0
5110,840-2-16,2008,1.0,0.0
5110,840-2-16,2009,1.0,1.0
5110,840-2-16,2015,1.0,1.0
5110,840-2-162,2002,1.0,1.0
5110,840-2-162,2004,1.0,1.0
5110,840-2-162,2019,1.0,1.0
5110,840-2-164,2000,1.0,0.0
5110,840-2-164,2002,1.0,0.0
5110,840-2-164,2006,1.0,1.0
5110,840-2-164,2018,1.0,0.0
5110,840-2-17,2002,1.0,1.0
5110,840-2-17,2009,1.0,1.0
5110,840-2-17,2012,1.0,0.0
5110,840-2-17,2015,1.0,0.0
5110,840-2-17,2018,1.0,1.0
5110,840-2-19,1999,1.0,1.0
5110,840-2-19,2002,1.0,1.0
5110,840-2-19,2013,1.0,0.0
5110,840-2-19,2014,1.0,1.0
5110,840-2-20,1999,1.0,1.0
5110,840-2-20,2012,1.0,1.0
5110,840-2-20,2016,1.0,0.0
5110,840-2-201,1999,1.0,1.0
5110,840-2-201,2002,1.0,1.0
5110,840-2-201,2005,1.0,1.0
5110,840-2-201,2023,1.0,1.0
5110,840-2-204,1998,1.0,0.0
5110,840-2-204,2004,1.0,1.0
5110,840-2-204,2006,1.0,1.0
5110,840-2-204,2009,1.0,1.0
5110,840-2-204,2012,1.0,1.0
5110,840-2-204,2014,1.0,1.0
5110,840-2-204,2018,1.0,1.0
5110,840-2-205,2002,1.0,1.0
5110,840-2-205,2013,1.0,1.0
5110,840-2-205,2014,1.0,1.0
5110,840-2-205,2015,1.0,1.0
5110,840-2-207,2000,1.0,1.0
5110,840-2-207,2002,1.0,1.0
5110,840-2-207,2006,1.0,1.0
5110,840-2-207,2009,1.0,0.0
5110,840-2-207,2012,1.0,1.0
5110,840-2-207,2015,1.0,0.0
5110,840-2-208,2000,1.0,0.0
5110,840-2-208,2002,1.0,0.0
5110,840-2-208,2006,1.0,1.0
5110,840-2-208,2018,1.0,1.0
5110,840-2-209,2000,1.0,0.0
5110,840-2-209,2006,1.0,0.0
5110,840-2-209,2009,1.0,1.0
5110,840-2-209,2012,1.0,1.0
5110,840-2-209,2015,1.0,0.0
5110,840-2-21,1999,1.0,1.0
5110,840-2-21,2004,1.0,0.0
5110,840-2-21,2019,1.0,0.0
5110,840-2-21,2023,1.0,0.0
5110,840-2-210,2012,1.0,1.0
5110,840-2-210,2013,1.0,1.0
5110,840-2-210,2014,1.0,1.0
5110,840-2-210,2019,1.0,1.0
5110,840-2-211,2002,1.0,1.0
5110,840-2-211,2006,1.0,1.0
5110,840-2-211,2012,1.0,1.0
5110,840-2-211,2015,1.0,1.0
5110,840-2-211,2016,1.0,1.0
5110,840-2-211,2018,1.0,1.0
5110,840-2-212,2002,1.0,1.0
5110,840-2-212,2004,1.0,1.0
5110,840-2-212,2009,1.0,0.0
5110,840-2-212,2012,1.0,1.0
5110,840-2-212,2015,1.0,1.0
5110,840-2-214,2002,1.0,0.0
5110,840-2-214,2013,1.0,0.0
5110,840-2-214,2016,1.0,0.0
5110,840-2-215,2004,1.0,1.0
5110,840-2-215,2005,1.0,1.0
5110,840-2-215,2012,1.0,0.0
5110,840-2-216,2009,1.0,0.0
5110,840-2-216,2015,1.0,0.0
5110,840-2-216,2016,1.0,1.0
5110,840-2-216,2018,1.0,1.0
5110,840-2-218,2002,1.0,1.0
5110,840-2-218,2008,1.0,1.0
5110,840-2-218,2013,1.0,0.0
5110,840-2-218,2015,1.0,1.0
5110,840-2-218,2018,1.0,1.0
5110,840-2-218,2019,1.0,1.0
5110,840-2-22,2002,1.0,1.0
5110,840-2-22,2005,1.0,1.0
5110,840-2-22,2006,1.0,1.0
5110,840-2-22,2012,1.0,1.0
5110,840-2-22,2013,1.0,1.0
5110,840-2-22,2014,1.0,1.0
5110,840-2-22,2016,1.0,0.0
5110,840-2-22,2019,1.0,1.0
5110,840-2-22,2023,1.0,0.0
5110,840-2-23,1999,1.0,1.0
5110,840-2-23,2002,1.0,1.0
5110,840-2-23,2004,1.0,1.0
5110,840-2-23,2005,1.0,1.0
5110,840-2-23,2014,1.0,0.0
5110,840-2-23,2023,1.0,0.0
5110,840-2-24,2002,1.0,1.0
5110,840-2-24,2009,1.0,1.0
5110,840-2-24,2013,1.0,1.0
5110,840-2-24,2015,1.0,1.0
5110,840-2-24,2016,1.0,1.0
5110,840-2-24,2018,1.0,1.0
5110,840-2-24,2019,1.0,1.0
5110,840-2-25,2002,1.0,1.0
5110,840-2-25,2006,1.0,1.0
5110,840-2-25,2012,1.0,1.0
5110,840-2-25,2013,1.0,1.0
5110,840-2-25,2015,1.0,1.0
5110,840-2-25,2016,1.0,1.0
5110,840-2-25,2019,1.0,0.0
5110,840-2-26,2012,1.0,1.0
5110,840-2-26,2015,1.0,1.0
5110,840-2-26,2016,1.0,1.0
5110,840-2-26,2019,1.0,0.0
5110,840-2-27,2002,1.0,1.0
5110,840-2-27,2004,1.0,1.0
5110,840-2-27,2009,1.0,1.0
5110,840-2-27,2018,1.0,1.0
5110,840-2-27,2019,1.0,1.0
5110,840-2-28,2002,1.0,1.0
5110,840-2-28,2009,1.0,1.0
5110,840-2-28,2018,1.0,1.0
5110,840-2-29,2002,1.0,1.0
5110,840-2-29,2004,1.0,1.0
5110,840-2-29,2009,1.0,1.0
5110,840-2-29,2018,1.0,1.0
5110,840-2-31,1999,1.0,0.0
5110,840-2-31,2004,1.0,1.0
5110,840-2-31,2009,1.0,1.0
5110,840-2-31,2016,1.0,0.0
5110,840-2-31,2018,1.0,1.0
5110,840-2-31,2023,1.0,1.0
5110,840-2-33,2004,1.0,1.0
5110,840-2-33,2005,1.0,1.0
5110,840-2-33,2013,1.0,1.0
5110,840-2-33,2023,1.0,1.0
5110,840-2-34,2000,1.0,1.0
5110,840-2-34,2002,1.0,1.0
5110,840-2-34,2009,1.0,0.0
5110,840-2-34,2023,1.0,1.0
5110,840-2-35,2009,1.0,0.0
5110,840-2-35,2013,1.0,0.0
5110,840-2-35,2015,1.0,1.0
5110,840-2-36,2002,1.0,0.0
5110,840-2-36,2004,1.0,1.0
5110,840-2-36,2013,1.0,0.0
5110,840-2-36,2016,1.0,0.0
5110,840-2-38,2002,1.0,1.0
5110,840-2-38,2013,1.0,1.0
5110,840-2-38,2015,1.0,1.0
5110,840-2-38,2016,1.0,1.0
5110,840-2-38,2018,1.0,1.0
5110,840-2-38,2019,1.0,1.0
5110,840-2-38,2023,1.0,0.0
5110,840-2-4,2002,1.0,1.0
5110,840-2-4,2004,1.0,1.0
5110,840-2-4,2005,1.0,1.0
5110,840-2-4,2013,1.0,1.0
5110,840-2-4,2014,1.0,1.0
5110,840-2-43,2002,1.0,1.0
5110,840-2-43,2006,1.0,1.0
5110,840-2-43,2008,1.0,1.0
5110,840-2-43,2012,1.0,1.0
5110,840-2-43,2015,1.0,1.0
5110,840-2-43,2016,1.0,1.0
5110,840-2-43,2018,1.0,0.0
5110,840-2-45,2005,1.0,0.0
5110,840-2-45,2009,1.0,0.0
5110,840-2-45,2013,1.0,0.0
5110,840-2-45,2015,1.0,0.0
5110,840-2-47,1999,1.0,1.0
5110,840-2-47,2002,1.0,1.0
5110,840-2-47,2004,1.0,1.0
5110,840-2-47,2005,1.0,1.0
5110,840-2-47,2013,1.0,1.0
5110,840-2-47,2014,1.0,1.0
5110,840-2-47,2019,1.0,1.0
5110,840-2-48,2002,1.0,1.0
5110,840-2-48,2015,1.0,0.0
5110,840-2-48,2016,1.0,1.0
5110,840-2-49,2002,1.0,1.0
5110,840-2-49,2005,1.0,0.0
5110,840-2-49,2019,1.0,1.0
5110,840-2-49,2023,1.0,0.0
5110,840-2-50,2002,1.0,1.0
5110,840-2-50,2006,1.0,1.0
5110,840-2-50,2012,1.0,1.0
5110,840-2-50,2013,1.0,1.0
5110,840-2-50,2015,1.0,1.0
5110,840-2-50,2016,1.0,1.0
5110,840-2-50,2018,1.0,1.0
5110,840-2-50,2019,1.0,1.0
5110,840-2-50,2023,1.0,1.0
5110,840-2-52,2012,1.0,1.0
5110,840-2-52,2013,1.0,1.0
5110,840-2-52,2015,1.0,1.0
5110,840-2-52,2016,1.0,1.0
5110,840-2-52,2023,1.0,0.0
5110,840-2-53,1999,1.0,0.0
5110,840-2-53,2004,1.0,1.0
5110,840-2-53,2005,1.0,1.0
5110,840-2-53,2012,1.0,0.0
5110,840-2-53,2013,1.0,1.0
5110,840-2-53,2014,1.0,1.0
5110,840-2-53,2016,1.0,1.0
5110,840-2-54,2009,1.0,0.0
5110,840-2-54,2015,1.0,0.0
5110,840-2-54,2016,1.0,1.0
5110,840-2-54,2018,1.0,0.0
5110,840-2-55,2002,1.0,1.0
5110,840-2-55,2009,1.0,1.0
5110,840-2-55,2015,1.0,0.0
5110,840-2-55,2016,1.0,1.0
5110,840-2-55,2018,1.0,1.0
5110,840-2-55,2023,1.0,1.0
5110,840-2-57,2002,1.0,1.0
5110,840-2-57,2004,1.0,1.0
5110,840-2-57,2006,1.0,0.0
5110,840-2-57,2013,1.0,1.0
5110,840-2-57,2017,1.0,0.0
5110,840-2-57,2019,1.0,0.0
5110,840-2-57,2023,1.0,1.0
5110,840-2-58,2002,1.0,1.0
5110,840-2-58,2004,1.0,1.0
5110,840-2-58,2005,1.0,1.0
5110,840-2-58,2014,1.0,0.0
5110,840-2-58,2019,1.0,1.0
5110,840-2-59,2002,1.0,1.0
5110,840-2-59,2013,1.0,0.0
5110,840-2-59,2014,1.0,1.0
5110,840-2-59,2015,1.0,1.0
5110,840-2-59,2016,1.0,1.0
5110,840-2-59,2023,1.0,1.0
5110,840-2-60,2000,1.0,0.0
5110,840-2-60,2008,1.0,1.0
5110,840-2-60,2009,1.0,1.0
5110,840-2-60,2022,1.0,0.0
5110,840-2-61,2000,1.0,0.0
5110,840-2-61,2002,1.0,1.0
5110,840-2-61,2006,1.0,0.0
5110,840-2-61,2008,1.0,1.0
5110,840-2-61,2009,1.0,1.0
5110,840-2-61,2012,1.0,1.0
5110,840-2-61,2018,1.0,1.0
5110,840-2-63,2000,1.0,1.0
5110,840-2-63,2002,1.0,0.0
5110,840-2-63,2006,1.0,1.0
5110,840-2-63,2012,1.0,1.0
5110,840-2-63,2013,1.0,1.0
5110,840-2-63,2014,1.0,1.0
5110,840-2-63,2016,1.0,0.0
5110,840-2-63,2019,1.0,1.0
5110,840-2-63,2023,1.0,1.0
5110,840-2-65,2002,1.0,1.0
5110,840-2-65,2004,1.0,1.0
5110,840-2-65,2009,1.0,1.0
5110,840-2-65,2012,1.0,1.0
5110,840-2-65,2018,1.0,0.0
5110,840-2-65,2019,1.0,1.0
5110,840-2-66,2002,1.0,1.0
5110,840-2-66,2008,1.0,1.0
5110,840-2-66,2009,1.0,1.0
5110,840-2-66,2013,1.0,1.0
5110,840-2-66,2015,1.0,0.0
5110,840-2-66,2019,1.0,0.0
5110,840-2-66,2023,1.0,0.0
5110,840-2-67,2004,1.0,1.0
5110,840-2-67,2005,1.0,1.0
5110,840-2-67,2023,1.0,1.0
5110,840-2-68,2002,1.0,1.0
5110,840-2-68,2004,1.0,1.0
5110,840-2-68,2009,1.0,1.0
5110,840-2-68,2013,1.0,0.0
5110,840-2-68,2015,1.0,1.0
5110,840-2-68,2023,1.0,0.0
5110,840-2-7,2000,1.0,1.0
5110,840-2-7,2002,1.0,1.0
5110,840-2-7,2006,1.0,0.0
5110,840-2-7,2009,1.0,1.0
5110,840-2-7,2014,1.0,1.0
5110,840-2-7,2015,1.0,1.0
5110,840-2-7,2018,1.0,1.0
5110,840-2-70,1999,1.0,1.0
5110,840-2-70,2000,1.0,1.0
5110,840-2-70,2002,1.0,1.0
5110,840-2-70,2007,1.0,0.0
5110,840-2-70,2008,1.0,1.0
5110,840-2-70,2009,1.0,1.0
5110,840-2-70,2013,1.0,1.0
5110,840-2-70,2016,1.0,0.0
5110,840-2-70,2018,1.0,1.0
5110,840-2-70,2019,1.0,1.0
5110,840-2-70,2023,1.0,0.0
5110,840-2-71,1999,1.0,0.0
5110,840-2-71,2002,1.0,1.0
5110,840-2-71,2008,1.0,1.0
5110,840-2-71,2013,1.0,1.0
5110,840-2-71,2014,1.0,1.0
5110,840-2-71,2019,1.0,1.0
5110,840-2-71,2023,1.0,1.0
5110,840-2-72,1999,1.0,1.0
5110,840-2-72,2000,1.0,1.0
5110,840-2-72,2002,1.0,1.0
5110,840-2-72,2005,1.0,1.0
5110,840-2-72,2006,1.0,1.0
5110,840-2-72,2009,1.0,1.0
5110,840-2-72,2014,1.0,1.0
5110,840-2-72,2015,1.0,1.0
5110,840-2-73,2008,1.0,1.0
5110,840-2-73,2009,1.0,1.0
5110,840-2-73,2011,1.0,1.0
5110,840-2-73,2012,1.0,1.0
5110,840-2-73,2015,1.0,1.0
5110,840-2-73,2018,1.0,1.0
5110,840-2-8,2004,1.0,1.0
5110,840-2-8,2013,1.0,0.0
5110,840-2-8,2014,1.0,1.0
5110,840-2-8,2019,1.0,1.0
5110,840-2-8,2023,1.0,0.0
5110,840-21-1,1999,1.0,1.0
5110,840-21-1,2000,1.0,1.0
5110,840-21-1,2001,1.0,1.0
5110,840-21-1,2005,1.0,1.0
5110,840-21-1,2006,1.0,1.0
5110,840-21-1,2007,1.0,1.0
5110,840-21-1,2012,1.0,1.0
5110,840-21-1,2013,1.0,1.0
5110,840-21-1,2014,1.0,1.0
5110,840-21-1,2015,1.0,1.0
5110,840-21-1,2018,1.0,0.0
5110,840-21-1,2019,1.0,1.0
5110,840-21-10,2000,1.0,1.0
5110,840-21-10,2002,1.0,1.0
5110,840-21-10,2004,1.0,0.0
5110,840-21-10,2006,1.0,1.0
5110,840-21-10,2007,1.0,1.0
5110,840-21-10,2013,1.0,1.0
5110,840-21-10,2014,1.0,1.0
5110,840-21-10,2016,1.0,1.0
5110,840-21-105,1999,1.0,1.0
5110,840-21-105,2000,1.0,1.0
5110,840-21-105,2001,1.0,1.0
5110,840-21-105,2005,1.0,1.0
5110,840-21-105,2006,1.0,1.0
5110,840-21-105,2007,1.0,1.0
5110,840-21-105,2012,1.0,1.0
5110,840-21-105,2013,1.0,1.0
5110,840-21-105,2014,1.0,1.0
5110,840-21-105,2015,1.0,1.0
5110,840-21-105,2017,1.0,0.0
5110,840-21-105,2018,1.0,1.0
5110,840-21-105,2019,1.0,1.0
5110,840-21-105,2022,1.0,1.0
5110,840-21-109,1999,1.0,1.0
5110,840-21-109,2000,1.0,1.0
5110,840-21-109,2001,1.0,1.0
5110,840-21-109,2004,1.0,1.0
5110,840-21-109,2005,1.0,1.0
5110,840-21-109,2006,1.0,1.0
5110,840-21-109,2007,1.0,1.0
5110,840-21-109,2013,1.0,1.0
5110,840-21-109,2014,1.0,1.0
5110,840-21-109,2017,1.0,1.0
5110,840-21-109,2018,1.0,1.0
5110,840-21-109,2019,1.0,1.0
5110,840-21-2,2000,1.0,1.0
5110,840-21-2,2006,1.0,1.0
5110,840-21-2,2007,1.0,1.0
5110,840-21-2,2012,1.0,1.0
5110,840-21-2,2013,1.0,1.0
5110,840-21-2,2014,1.0,1.0
5110,840-21-3,1999,1.0,1.0
5110,840-21-3,2000,1.0,1.0
5110,840-21-3,2001,1.0,1.0
5110,840-21-3,2005,1.0,1.0
5110,840-21-3,2006,1.0,1.0
5110,840-21-3,2007,1.0,1.0
5110,840-21-3,2013,1.0,1.0
5110,840-21-3,2014,1.0,1.0
5110,840-21-3,2018,1.0,1.0
5110,840-21-3,2019,1.0,1.0
5110,840-21-4,1999,1.0,1.0
5110,840-21-4,2000,1.0,1.0
5110,840-21-4,2001,1.0,1.0
5110,840-21-4,2005,1.0,1.0
5110,840-21-4,2006,1.0,1.0
5110,840-21-4,2007,1.0,1.0
5110,840-21-4,2013,1.0,1.0
5110,840-21-4,2014,1.0,1.0
5110,840-25-1,2000,1.0,1.0
5110,840-25-1,2002,1.0,1.0
5110,840-25-1,2007,1.0,1.0
5110,840-25-1,2008,1.0,1.0
5110,840-25-1,2009,1.0,1.0
5110,840-25-10,2002,1.0,1.0
5110,840-25-10,2006,1.0,0.0
5110,840-25-10,2013,1.0,0.0
5110,840-25-108,2002,1.0,1.0
5110,840-25-108,2009,1.0,0.0
5110,840-25-108,2015,1.0,1.0
5110,840-25-108,2016,1.0,1.0
5110,840-25-108,2023,1.0,0.0
5110,840-25-11,2000,1.0,0.0
5110,840-25-11,2004,1.0,0.0
5110,840-25-11,2007,1.0,0.0
5110,840-25-11,2008,1.0,1.0
5110,840-25-11,2009,1.0,1.0
5110,840-25-11,2013,1.0,1.0
5110,840-25-11,2014,1.0,1.0
5110,840-25-113,2000,1.0,0.0
5110,840-25-113,2001,1.0,1.0
5110,840-25-113,2002,1.0,1.0
5110,840-25-113,2006,1.0,1.0
5110,840-25-113,2007,1.0,1.0
5110,840-25-113,2008,1.0,1.0
5110,840-25-113,2009,1.0,1.0
5110,840-25-113,2014,1.0,1.0
5110,840-25-116,2000,1.0,1.0
5110,840-25-116,2006,1.0,1.0
5110,840-25-116,2007,1.0,1.0
5110,840-25-116,2008,1.0,1.0
5110,840-25-116,2009,1.0,1.0
5110,840-25-116,2016,1.0,0.0
5110,840-25-116,2018,1.0,1.0
5110,840-25-116,2019,1.0,1.0
5110,840-25-116,2023,1.0,1.0
5110,840-25-12,2002,1.0,1.0
5110,840-25-12,2004,1.0,1.0
5110,840-25-12,2006,1.0,1.0
5110,840-25-12,2008,1.0,1.0
5110,840-25-12,2009,1.0,1.0
5110,840-25-12,2018,1.0,0.0
5110,840-25-129,2001,1.0,1.0
5110,840-25-129,2002,1.0,1.0
5110,840-25-129,2007,1.0,0.0
5110,840-25-129,2009,1.0,1.0
5110,840-25-129,2013,1.0,1.0
5110,840-25-129,2014,1.0,1.0
5110,840-25-129,2016,1.0,0.0
5110,840-25-129,2017,1.0,1.0
5110,840-25-132,2007,1.0,1.0
5110,840-25-132,2008,1.0,1.0
5110,840-25-132,2009,1.0,1.0
5110,840-25-132,2013,1.0,1.0
5110,840-25-132,2014,1.0,1.0
5110,840-25-132,2015,1.0,1.0
5110,840-25-135,2001,1.0,1.0
5110,840-25-135,2003,1.0,0.0
5110,840-25-135,2004,1.0,1.0
5110,840-25-135,2006,1.0,0.0
5110,840-25-135,2008,1.0,0.0
5110,840-25-135,2009,1.0,1.0
5110,840-25-135,2013,1.0,0.0
5110,840-25-135,2014,1.0,1.0
5110,840-25-135,2015,1.0,1.0
5110,840-25-135,2016,1.0,1.0
5110,840-25-135,2017,1.0,1.0
5110,840-25-14,2001,1.0,1.0
5110,840-25-14,2002,1.0,1.0
5110,840-25-14,2006,1.0,1.0
5110,840-25-14,2008,1.0,0.0
5110,840-25-14,2009,1.0,1.0
5110,840-25-14,2013,1.0,1.0
5110,840-25-14,2014,1.0,1.0
5110,840-25-14,2018,1.0,1.0
5110,840-25-14,2023,1.0,0.0
5110,840-25-15,2002,1.0,1.0
5110,840-25-15,2004,1.0,1.0
5110,840-25-15,2013,1.0,1.0
5110,840-25-15,2015,1.0,1.0
5110,840-25-15,2016,1.0,1.0
5110,840-25-15,2018,1.0,1.0
5110,840-25-15,2019,1.0,1.0
5110,840-25-15,2023,1.0,0.0
5110,840-25-165,2002,1.0,0.0
5110,840-25-165,2008,1.0,0.0
5110,840-25-165,2009,1.0,1.0
5110,840-25-165,2014,1.0,0.0
5110,840-25-165,2018,1.0,0.0
5110,840-25-172,2001,1.0,1.0
5110,840-25-172,2014,1.0,0.0
5110,840-25-172,2019,1.0,1.0
5110,840-25-172,2023,1.0,0.0
5110,840-25-175,2000,1.0,1.0
5110,840-25-175,2001,1.0,1.0
5110,840-25-175,2002,1.0,1.0
5110,840-25-175,2003,1.0,1.0
5110,840-25-175,2006,1.0,1.0
5110,840-25-175,2008,1.0,0.0
5110,840-25-175,2009,1.0,1.0
5110,840-25-175,2013,1.0,0.0
5110,840-25-175,2014,1.0,1.0
5110,840-25-175,2015,1.0,1.0
5110,840-25-175,2016,1.0,1.0
5110,840-25-175,2017,1.0,1.0
5110,840-25-175,2018,1.0,1.0
5110,840-25-175,2019,1.0,1.0
5110,840-25-178,2000,1.0,1.0
5110,840-25-178,2003,1.0,1.0
5110,840-25-178,2005,1.0,1.0
5110,840-25-178,2006,1.0,1.0
5110,840-25-178,2007,1.0,1.0
5110,840-25-178,2008,1.0,1.0
5110,840-25-178,2009,1.0,1.0
5110,840-25-178,2011,1.0,1.0
5110,840-25-178,2012,1.0,1.0
5110,840-25-178,2013,1.0,1.0
5110,840-25-178,2014,1.0,1.0
5110,840-25-178,2015,1.0,1.0
5110,840-25-178,2016,1.0,1.0
5110,840-25-178,2018,1.0,0.0
5110,840-25-178,2022,1.0,1.0
5110,840-25-18,2000,1.0,1.0
5110,840-25-18,2001,1.0,1.0
5110,840-25-18,2002,1.0,1.0
5110,840-25-18,2003,1.0,1.0
5110,840-25-18,2008,1.0,1.0
5110,840-25-18,2009,1.0,1.0
5110,840-25-18,2013,1.0,0.0
5110,840-25-18,2015,1.0,0.0
5110,840-25-180,2000,1.0,0.0
5110,840-25-180,2001,1.0,1.0
5110,840-25-180,2003,1.0,1.0
5110,840-25-180,2005,1.0,1.0
5110,840-25-180,2007,1.0,0.0
5110,840-25-180,2008,1.0,1.0
5110,840-25-180,2009,1.0,1.0
5110,840-25-180,2012,1.0,0.0
5110,840-25-180,2013,1.0,1.0
5110,840-25-180,2014,1.0,1.0
5110,840-25-180,2015,1.0,1.0
5110,840-25-180,2018,1.0,0.0
5110,840-25-19,2006,1.0,1.0
5110,840-25-19,2009,1.0,1.0
5110,840-25-19,2013,1.0,1.0
5110,840-25-19,2014,1.0,1.0
5110,840-25-19,2018,1.0,0.0
5110,840-25-19,2023,1.0,0.0
5110,840-25-2,2000,1.0,1.0
5110,840-25-2,2002,1.0,1.0
5110,840-25-2,2004,1.0,1.0
5110,840-25-2,2008,1.0,1.0
5110,840-25-2,2009,1.0,1.0
5110,840-25-20,2008,1.0,0.0
5110,840-25-20,2009,1.0,1.0
5110,840-25-20,2016,1.0,0.0
5110,840-25-20,2023,1.0,1.0
5110,840-25-21,1999,1.0,1.0
5110,840-25-21,2001,1.0,1.0
5110,840-25-21,2002,1.0,1.0
5110,840-25-21,2005,1.0,1.0
5110,840-25-21,2007,1.0,1.0
5110,840-25-21,2009,1.0,1.0
5110,840-25-21,2013,1.0,1.0
5110,840-25-21,2023,1.0,0.0
5110,840-25-22,2001,1.0,1.0
5110,840-25-22,2007,1.0,1.0
5110,840-25-22,2008,1.0,1.0
5110,840-25-22,2014,1.0,1.0
5110,840-25-22,2016,1.0,1.0
5110,840-25-22,2019,1.0,1.0
5110,840-25-22,2023,1.0,1.0
5110,840-25-24,2001,1.0,1.0
5110,840-25-24,2002,1.0,1.0
5110,840-25-24,2003,1.0,1.0
5110,840-25-24,2007,1.0,1.0
5110,840-25-24,2009,1.0,1.0
5110,840-25-24,2012,1.0,1.0
5110,840-25-24,2013,1.0,1.0
5110,840-25-24,2014,1.0,1.0
5110,840-25-24,2018,1.0,0.0
5110,840-25-25,2000,1.0,1.0
5110,840-25-25,2001,1.0,1.0
5110,840-25-25,2002,1.0,1.0
5110,840-25-25,2003,1.0,1.0
5110,840-25-25,2006,1.0,1.0
5110,840-25-25,2007,1.0,1.0
5110,840-25-25,2008,1.0,1.0
5110,840-25-25,2009,1.0,1.0
5110,840-25-25,2013,1.0,0.0
5110,840-25-25,2014,1.0,1.0
5110,840-25-25,2015,1.0,1.0
5110,840-25-25,2016,1.0,1.0
5110,840-25-25,2018,1.0,0.0
5110,840-25-25,2019,1.0,1.0
5110,840-25-26,2000,1.0,1.0
5110,840-25-26,2007,1.0,1.0
5110,840-25-26,2008,1.0,1.0
5110,840-25-26,2009,1.0,1.0
5110,840-25-27,2007,1.0,1.0
5110,840-25-27,2008,1.0,1.0
5110,840-25-27,2009,1.0,1.0
5110,840-25-27,2014,1.0,1.0
5110,840-25-27,2016,1.0,1.0
5110,840-25-27,2019,1.0,1.0
5110,840-25-27,2023,1.0,1.0
5110,840-25-28,2000,1.0,1.0
5110,840-25-28,2001,1.0,1.0
5110,840-25-28,2003,1.0,1.0
5110,840-25-28,2005,1.0,1.0
5110,840-25-28,2007,1.0,0.0
5110,840-25-28,2008,1.0,1.0
5110,840-25-28,2009,1.0,1.0
5110,840-25-28,2012,1.0,1.0
5110,840-25-28,2013,1.0,1.0
5110,840-25-28,2014,1.0,1.0
5110,840-25-28,2017,1.0,1.0
5110,840-25-28,2018,1.0,1.0
5110,840-25-28,2022,1.0,1.0
5110,840-25-3,2000,1.0,1.0
5110,840-25-3,2002,1.0,0.0
5110,840-25-3,2004,1.0,1.0
5110,840-25-3,2007,1.0,0.0
5110,840-25-3,2008,1.0,1.0
5110,840-25-3,2009,1.0,1.0
5110,840-25-30,2007,1.0,1.0
5110,840-25-30,2008,1.0,1.0
5110,840-25-30,2016,1.0,0.0
5110,840-25-30,2019,1.0,1.0
5110,840-25-31,2007,1.0,0.0
5110,840-25-31,2008,1.0,1.0
5110,840-25-31,2009,1.0,1.0
5110,840-25-31,2012,1.0,1.0
5110,840-25-31,2016,1.0,1.0
5110,840-25-37,2000,1.0,1.0
5110,840-25-37,2002,1.0,1.0
5110,840-25-37,2006,1.0,1.0
5110,840-25-37,2009,1.0,1.0
5110,840-25-37,2013,1.0,0.0
5110,840-25-37,2014,1.0,1.0
5110,840-25-37,2018,1.0,0.0
5110,840-25-4,2002,1.0,1.0
5110,840-25-4,2004,1.0,1.0
5110,840-25-4,2008,1.0,1.0
5110,840-25-4,2009,1.0,1.0
5110,840-25-4,2015,1.0,1.0
5110,840-25-4,2016,1.0,1.0
5110,840-25-4,2018,1.0,1.0
5110,840-25-4,2023,1.0,1.0
