species,rid,year,cpue_shift
3160,124-11-19,1999,0.0
3160,124-11-19,2001,-2.0
3160,124-11-19,2002,
3160,124-11-19,2006,
3160,124-11-19,2011,
3160,124-11-19,2015,7.0
3160,124-11-208,1999,1.0
3160,124-11-208,2001,
3160,124-11-208,2004,0.0
3160,124-11-208,2010,-2.0
3160,124-11-208,2011,-1.0
3160,124-11-208,2012,-4.0
3160,124-11-208,2015,2.0
3160,124-11-208,2021,0.0
3160,124-11-220,1999,4.0
3160,124-11-220,2001,7.0
3160,124-11-220,2004,
3160,124-11-220,2010,-3.0
3160,124-11-220,2011,
3160,124-11-220,2021,-2.0
3160,124-11-222,1998,
3160,124-11-222,2016,
3160,124-11-223,2003,
3160,124-11-223,2007,
3160,124-11-29,2000,
3160,124-11-29,2002,
3160,124-11-407,2006,0.0
3160,124-11-408,2003,
3160,124-11-408,2012,
3160,124-11-408,2021,4.0
3160,124-11-419,2003,
3160,124-11-420,1999,-4.0
3160,124-11-420,2001,0.0
3160,124-11-420,2002,1.0
3160,124-11-420,2004,2.0
3160,124-11-420,2012,
3160,124-11-420,2015,5.0
3160,124-11-45,1999,-2.0
3160,124-11-45,2001,1.0
3160,124-11-45,2002,
3160,124-11-45,2006,-1.0
3160,124-11-45,2015,1.0
3160,124-11-5,2005,
3160,124-11-608,1999,-2.0
3160,124-11-608,2001,-2.0
3160,124-11-608,2004,10.0
3160,124-11-608,2010,9.0
3160,124-11-608,2011,-15.0
3160,124-11-608,2012,-2.0
3160,124-11-608,2021,
3160,124-11-609,1998,-1.0
3160,124-4-105,2021,
3160,124-4-106,1998,
3160,124-4-106,2005,-4.0
3160,124-4-106,2021,-2.0
3160,124-4-107,2004,
3160,124-4-107,2014,
3160,124-4-107,2016,2.0
3160,124-4-109,2005,0.0
3160,124-4-109,2011,-2.0
3160,124-4-109,2015,2.0
3160,124-4-109,2016,-2.0
3160,124-4-109,2021,-1.0
3160,124-4-113,1999,-4.0
3160,124-4-113,2002,3.0
3160,124-4-113,2005,
3160,124-4-113,2011,1.0
3160,124-4-113,2016,-4.0
3160,124-4-113,2021,0.0
3160,124-4-114,1999,
3160,124-4-114,2011,
3160,124-4-114,2015,
3160,124-4-114,2021,9.0
3160,124-4-115,2009,4.0
3160,124-4-115,2011,0.0
3160,124-4-115,2014,-5.0
3160,124-4-115,2015,2.0
3160,124-4-115,2016,
3160,124-4-115,2021,
3160,124-4-121,2002,
3160,124-4-127,2001,
3160,124-4-127,2015,
3160,124-4-127,2018,
3160,124-4-128,2002,0.0
3160,124-4-128,2005,
3160,124-4-128,2021,3.0
3160,124-4-13,1999,
3160,124-4-13,2011,-1.0
3160,124-4-13,2016,7.0
3160,124-4-13,2018,4.0
3160,124-4-136,2004,0.0
3160,124-4-136,2021,
3160,124-4-138,2003,
3160,124-4-138,2021,2.0
3160,124-4-14,2009,0.0
3160,124-4-14,2013,
3160,124-4-15,1999,
3160,124-4-18,1997,2.0
3160,124-4-18,2002,-3.0
3160,124-4-18,2004,2.0
3160,124-4-18,2005,0.0
3160,124-4-19,1997,-3.0
3160,124-4-19,2002,
3160,124-4-19,2005,-3.0
3160,124-4-19,2006,3.0
3160,124-4-19,2015,
3160,124-4-2,1998,7.0
3160,124-4-2,2005,11.0
3160,124-4-2,2010,23.0
3160,124-4-2,2011,-1.0
3160,124-4-2,2015,-12.0
3160,124-4-2,2021,8.0
3160,124-4-20,2000,
3160,124-4-20,2004,
3160,124-4-201,2004,-3.0
3160,124-4-201,2015,
3160,124-4-201,2021,2.0
3160,124-4-204,2005,-2.0
3160,124-4-204,2011,
3160,124-4-204,2014,1.0
3160,124-4-204,2015,-1.0
3160,124-4-204,2021,
3160,124-4-210,2005,-2.0
3160,124-4-210,2015,0.0
3160,124-4-210,2021,2.0
3160,124-4-212,2005,0.0
3160,124-4-212,2016,
3160,124-4-212,2018,1.0
3160,124-4-213,2011,
3160,124-4-213,2017,
3160,124-4-214,2011,-1.0
3160,124-4-214,2014,-2.0
3160,124-4-214,2016,-3.0
3160,124-4-214,2021,3.0
3160,124-4-215,2003,
3160,124-4-215,2015,1.0
3160,124-4-22,2005,0.0
3160,124-4-22,2006,3.0
3160,124-4-22,2015,7.0
3160,124-4-22,2016,-9.0
3160,124-4-227,2002,2.0
3160,124-4-227,2015,-5.0
3160,124-4-227,2016,
3160,124-4-228,2001,0.0
3160,124-4-228,2002,
3160,124-4-228,2005,-5.0
3160,124-4-229,2000,-2.0
3160,124-4-229,2006,
3160,124-4-229,2016,1.0
3160,124-4-229,2021,0.0
3160,124-4-26,1999,
3160,124-4-26,2016,
3160,124-4-27,2002,-4.0
3160,124-4-27,2006,
3160,124-4-28,2014,-1.0
3160,124-4-29,2000,
3160,124-4-29,2015,
3160,124-4-3,1998,4.0
3160,124-4-3,2005,-4.0
3160,124-4-3,2006,-1.0
3160,124-4-3,2007,5.0
3160,124-4-3,2011,-2.0
3160,124-4-3,2014,-2.0
3160,124-4-3,2015,-4.0
3160,124-4-3,2016,0.0
3160,124-4-302,1998,
3160,124-4-302,2005,-6.0
3160,124-4-302,2010,0.0
3160,124-4-302,2011,3.0
3160,124-4-302,2014,2.0
3160,124-4-302,2015,2.0
3160,124-4-302,2021,-14.0
3160,124-4-304,2011,
3160,124-4-304,2014,0.0
3160,124-4-304,2015,1.0
3160,124-4-304,2021,
3160,124-4-306,2011,2.0
3160,124-4-306,2014,3.0
3160,124-4-306,2021,5.0
3160,124-4-311,2005,-3.0
3160,124-4-311,2006,-1.0
3160,124-4-311,2007,0.0
3160,124-4-311,2016,
3160,124-4-312,2005,-1.0
3160,124-4-312,2014,1.0
3160,124-4-312,2016,0.0
3160,124-4-312,2021,-6.0
3160,124-4-313,2005,
3160,124-4-313,2011,-1.0
3160,124-4-313,2016,
3160,124-4-313,2021,3.0
3160,124-4-315,1998,
3160,124-4-315,2002,-2.0
3160,124-4-328,2002,
3160,124-4-328,2005,3.0
3160,124-4-328,2021,5.0
3160,124-4-329,2005,2.0
3160,124-4-329,2021,
3160,124-4-4,2005,-1.0
3160,124-4-4,2011,3.0
3160,124-4-4,2014,2.0
3160,124-4-4,2015,-2.0
3160,124-4-4,2016,1.0
3160,124-4-40,1998,
3160,124-4-404,2021,
3160,124-4-6,2004,-8.0
3160,124-4-6,2005,
3160,124-4-6,2011,
3160,124-4-6,2015,2.0
3160,124-4-6,2016,-5.0
3160,124-4-6,2018,0.0
3160,124-4-7,2005,
3160,124-4-7,2007,-1.0
3160,124-4-9,2006,
3160,124-4-9,2011,
3160,124-4-9,2016,0.0
3160,124-45-1,1998,6.0
3160,124-45-1,2000,-10.0
3160,124-45-1,2009,-2.0
3160,124-45-1,2018,-2.0
3160,124-45-1,2021,-3.0
3160,124-45-102,1998,4.0
3160,124-45-102,2000,-2.0
3160,124-45-102,2004,-17.0
3160,124-45-102,2009,-2.0
3160,124-45-102,2018,-1.0
3160,124-45-102,2021,17.0
3160,124-45-103,1997,-42.0
3160,124-45-103,1998,-1.0
3160,124-45-103,2000,6.0
3160,124-45-103,2004,7.0
3160,124-45-103,2009,-3.0
3160,124-45-103,2018,6.0
3160,124-45-105,1997,
3160,124-45-105,2000,12.0
3160,124-45-105,2004,
3160,124-45-105,2009,8.0
3160,124-45-105,2018,-12.0
3160,124-45-105,2021,-10.0
3160,124-45-107,1997,10.0
3160,124-45-107,1998,-6.0
3160,124-45-107,2000,-3.0
3160,124-45-107,2004,3.0
3160,124-45-107,2009,-14.0
3160,124-45-107,2018,
3160,124-45-109,1998,
3160,124-45-109,2008,8.0
3160,124-45-109,2009,
3160,124-45-109,2018,
3160,124-45-11,1997,-15.0
3160,124-45-11,1998,13.0
3160,124-45-11,2000,16.0
3160,124-45-11,2018,4.0
3160,124-45-11,2021,-42.0
3160,124-45-111,1997,-6.0
3160,124-45-111,1998,13.0
3160,124-45-111,2000,10.0
3160,124-45-111,2004,-34.0
3160,124-45-111,2018,-6.0
3160,124-45-111,2021,-2.0
3160,124-45-113,2000,1.0
3160,124-45-113,2004,1.0
3160,124-45-114,1997,-3.0
3160,124-45-114,2000,-10.0
3160,124-45-114,2002,-15.0
3160,124-45-114,2009,-4.0
3160,124-45-114,2012,
3160,124-45-116,2000,-7.0
3160,124-45-116,2004,-4.0
3160,124-45-116,2021,-10.0
3160,124-45-118,1998,
3160,124-45-118,2009,-8.0
3160,124-45-118,2018,
3160,124-45-120,1997,3.0
3160,124-45-120,2000,
3160,124-45-120,2004,
3160,124-45-120,2021,
3160,124-45-121,1997,-15.0
3160,124-45-121,1998,2.0
3160,124-45-121,2000,-5.0
3160,124-45-121,2004,-3.0
3160,124-45-121,2018,-14.0
3160,124-45-121,2021,2.0
3160,124-45-13,1997,3.0
3160,124-45-13,1998,-26.0
3160,124-45-13,2000,-13.0
3160,124-45-13,2004,-15.0
3160,124-45-13,2009,-10.0
3160,124-45-13,2018,6.0
3160,124-45-13,2021,-6.0
3160,124-45-18,1997,4.0
3160,124-45-18,1998,-7.0
3160,124-45-18,2000,-5.0
3160,124-45-18,2002,1.0
3160,124-45-18,2004,-6.0
3160,124-45-18,2006,1.0
3160,124-45-18,2015,2.0
3160,124-45-2,1997,-3.0
3160,124-45-2,1998,9.0
3160,124-45-2,2000,2.0
3160,124-45-2,2004,-10.0
3160,124-45-2,2009,-1.0
3160,124-45-2,2018,-7.0
3160,124-45-201,2000,
3160,124-45-201,2009,1.0
3160,124-45-203,2004,22.0
3160,124-45-203,2008,28.0
3160,124-45-203,2009,-12.0
3160,124-45-203,2018,8.0
3160,124-45-203,2021,27.0
3160,124-45-205,1998,-7.0
3160,124-45-205,2000,-15.0
3160,124-45-205,2004,17.0
3160,124-45-205,2009,5.0
3160,124-45-205,2018,-13.0
3160,124-45-205,2021,-12.0
3160,124-45-207,1997,8.0
3160,124-45-207,1998,-14.0
3160,124-45-207,2000,-5.0
3160,124-45-207,2012,-7.0
3160,124-45-207,2018,
3160,124-45-209,1997,7.0
3160,124-45-209,1998,-7.0
3160,124-45-209,2000,-45.0
3160,124-45-209,2004,-11.0
3160,124-45-209,2018,-7.0
3160,124-45-209,2021,
3160,124-45-21,1997,-1.0
3160,124-45-21,1998,-4.0
3160,124-45-21,2000,0.0
3160,124-45-21,2004,-8.0
3160,124-45-21,2018,3.0
3160,124-45-21,2021,-9.0
3160,124-45-213,1997,
3160,124-45-213,2000,-14.0
3160,124-45-213,2002,8.0
3160,124-45-213,2004,-1.0
3160,124-45-213,2006,7.0
3160,124-45-213,2009,0.0
3160,124-45-216,2000,21.0
3160,124-45-216,2004,
3160,124-45-216,2018,
3160,124-45-216,2021,-7.0
3160,124-45-218,1997,-4.0
3160,124-45-218,1998,6.0
3160,124-45-218,2000,-4.0
3160,124-45-218,2004,
3160,124-45-218,2018,7.0
3160,124-45-218,2021,
3160,124-45-22,2000,-16.0
3160,124-45-22,2004,-5.0
3160,124-45-22,2021,-6.0
3160,124-45-220,1997,0.0
3160,124-45-220,2000,-10.0
3160,124-45-220,2004,-5.0
3160,124-45-220,2018,
3160,124-45-220,2021,-2.0
3160,124-45-26,2000,1.0
3160,124-45-26,2014,-3.0
3160,124-45-26,2021,0.0
3160,124-45-3,2000,-19.0
3160,124-45-3,2002,13.0
3160,124-45-3,2004,
3160,124-45-3,2006,11.0
3160,124-45-3,2009,18.0
3160,124-45-3,2012,5.0
3160,124-45-30,2000,2.0
3160,124-45-30,2021,-2.0
3160,124-45-307,2008,2.0
3160,124-45-307,2009,-13.0
3160,124-45-307,2014,-3.0
3160,124-45-307,2018,-1.0
3160,124-45-307,2021,3.0
3160,124-45-41,2000,
3160,124-45-41,2021,
3160,124-45-42,2003,9.0
3160,124-45-42,2004,-9.0
3160,124-45-42,2006,
3160,124-45-42,2009,-1.0
3160,124-45-43,1997,7.0
3160,124-45-43,2000,0.0
3160,124-45-43,2009,-1.0
3160,124-45-43,2018,-2.0
3160,124-45-43,2021,-9.0
3160,124-45-49,2004,2.0
3160,124-45-49,2007,
3160,124-45-49,2017,1.0
3160,124-45-49,2021,2.0
3160,124-45-5,1997,-16.0
3160,124-45-5,1998,4.0
3160,124-45-5,2000,14.0
3160,124-45-5,2004,-13.0
3160,124-45-5,2009,-9.0
3160,124-45-5,2018,-1.0
3160,124-45-5,2021,-3.0
3160,124-45-7,1997,-3.0
3160,124-45-7,1998,8.0
3160,124-45-7,2000,5.0
3160,124-45-7,2008,24.0
3160,124-45-7,2009,42.0
3160,124-45-7,2018,-13.0
3160,124-45-7,2021,4.0
3160,124-45-9,1997,0.0
3160,124-45-9,1998,
3160,124-45-9,2000,
3160,124-45-9,2009,-1.0
3160,124-45-9,2018,8.0
3160,124-45-9,2021,-8.0
3160,124-56-105,1999,
3160,124-56-105,2002,7.0
3160,124-56-105,2004,1.0
3160,124-56-105,2006,1.0
3160,124-56-105,2015,3.0
3160,124-56-105,2021,
3160,124-56-13,2001,4.0
3160,124-56-13,2004,-7.0
3160,124-56-13,2011,0.0
3160,124-56-13,2018,5.0
3160,124-56-13,2021,0.0
3160,124-56-137,1999,
3160,124-56-137,2001,7.0
3160,124-56-137,2002,-2.0
3160,124-56-137,2004,4.0
3160,124-56-137,2015,-2.0
3160,124-56-137,2018,3.0
3160,124-56-137,2021,-1.0
3160,124-56-14,1999,-4.0
3160,124-56-14,2001,5.0
3160,124-56-14,2004,-2.0
3160,124-56-14,2018,
3160,124-56-15,1999,6.0
3160,124-56-15,2001,-3.0
3160,124-56-15,2004,-4.0
3160,124-56-15,2011,2.0
3160,124-56-15,2018,-8.0
3160,124-56-15,2021,4.0
3160,124-56-21,1999,-3.0
3160,124-56-21,2001,2.0
3160,124-56-21,2002,10.0
3160,124-56-21,2004,
3160,124-56-21,2006,9.0
3160,124-56-21,2015,7.0
3160,124-56-21,2018,4.0
3160,124-56-21,2021,3.0
3160,124-56-22,1999,3.0
3160,124-56-22,2001,-3.0
3160,124-56-22,2002,-2.0
3160,124-56-22,2004,1.0
3160,124-56-22,2018,11.0
3160,124-56-25,2018,
3160,124-56-25,2021,1.0
3160,124-56-26,1999,0.0
3160,124-56-26,2015,-3.0
3160,124-56-26,2021,-5.0
3160,124-56-31,1999,1.0
3160,124-56-31,2001,
3160,124-56-31,2004,
3160,124-56-31,2015,-2.0
3160,124-56-31,2016,-6.0
3160,124-56-31,2018,7.0
3160,124-56-31,2021,6.0
3160,124-56-33,1999,7.0
3160,124-56-33,2001,-11.0
3160,124-56-33,2002,7.0
3160,124-56-33,2004,3.0
3160,124-56-33,2015,-3.0
3160,124-56-33,2018,0.0
3160,124-56-33,2021,3.0
3160,124-56-34,1999,2.0
3160,124-56-34,2004,
3160,124-56-34,2015,0.0
3160,124-56-38,1999,2.0
3160,124-56-38,2001,-2.0
3160,124-56-38,2002,1.0
3160,124-56-38,2004,-3.0
3160,124-56-38,2021,11.0
3160,124-56-40,1999,-1.0
3160,124-56-40,2001,
3160,124-56-41,1999,9.0
3160,124-56-41,2001,-7.0
3160,124-56-41,2002,4.0
3160,124-56-41,2004,-11.0
3160,124-56-41,2015,-2.0
3160,124-56-41,2018,12.0
3160,124-56-41,2021,1.0
3160,124-56-42,2004,0.0
3160,124-56-42,2006,2.0
3160,124-56-42,2015,4.0
3160,124-56-42,2022,
3160,124-56-44,1999,-7.0
3160,124-56-44,2001,-2.0
3160,124-56-44,2002,1.0
3160,124-56-44,2004,10.0
3160,124-57-10,2012,-1.0
3160,124-57-10,2015,0.0
3160,124-57-10,2018,-3.0
3160,124-57-10,2022,0.0
3160,124-57-16,2006,
3160,124-57-16,2015,-1.0
3160,124-57-36,2006,
3160,124-65-11,1997,0.0
3160,124-65-11,1999,-1.0
3160,124-65-11,2001,
3160,124-65-11,2004,0.0
3160,124-65-117,1999,3.0
3160,124-65-117,2001,8.0
3160,124-65-117,2002,-1.0
3160,124-65-117,2004,4.0
3160,124-65-117,2006,5.0
3160,124-65-117,2011,2.0
3160,124-65-117,2015,8.0
3160,124-65-117,2018,
3160,124-65-117,2021,0.0
3160,124-65-13,1999,
3160,124-65-13,2002,
3160,124-65-13,2004,
3160,124-65-13,2018,
3160,124-65-13,2021,-7.0
3160,124-65-130,1999,-1.0
3160,124-65-130,2001,-2.0
3160,124-65-130,2002,
3160,124-65-130,2004,-7.0
3160,124-65-130,2015,2.0
3160,124-65-130,2021,-1.0
3160,124-65-14,1999,2.0
3160,124-65-14,2001,-2.0
3160,124-65-14,2004,10.0
3160,124-65-14,2011,-8.0
3160,124-65-14,2013,1.0
3160,124-65-14,2015,2.0
3160,124-65-14,2016,-11.0
3160,124-65-14,2018,-11.0
3160,124-65-14,2021,11.0
3160,124-65-18,1999,
3160,124-65-18,2001,-3.0
3160,124-65-18,2002,
3160,124-65-18,2004,-2.0
3160,124-65-18,2006,
3160,124-65-18,2015,5.0
3160,124-65-18,2018,-2.0
3160,124-65-18,2021,-1.0
3160,124-65-19,1999,2.0
3160,124-65-19,2001,-4.0
3160,124-65-19,2002,-6.0
3160,124-65-19,2004,-7.0
3160,124-65-19,2015,-15.0
3160,124-65-19,2018,-7.0
3160,124-65-19,2021,-11.0
3160,124-65-20,1999,1.0
3160,124-65-20,2001,0.0
3160,124-65-20,2002,-2.0
3160,124-65-20,2004,-7.0
3160,124-65-20,2006,1.0
3160,124-65-20,2011,5.0
3160,124-65-20,2016,0.0
3160,124-65-20,2018,1.0
3160,124-65-21,1999,12.0
3160,124-65-21,2004,7.0
3160,124-65-21,2015,-4.0
3160,124-65-21,2016,-4.0
3160,124-65-21,2018,-4.0
3160,124-65-21,2021,
3160,124-65-22,1999,-10.0
3160,124-65-22,2002,
3160,124-65-22,2004,4.0
3160,124-65-22,2016,-8.0
3160,124-65-22,2022,1.0
3160,124-65-23,2002,-5.0
3160,124-65-23,2004,-2.0
3160,124-65-23,2013,0.0
3160,124-65-23,2015,-1.0
3160,124-65-23,2016,-7.0
3160,124-65-23,2017,2.0
3160,124-65-23,2018,4.0
3160,124-65-23,2022,6.0
3160,124-65-27,1999,-15.0
3160,124-65-27,2001,-1.0
3160,124-65-27,2002,-1.0
3160,124-65-27,2004,-2.0
3160,124-65-27,2006,-1.0
3160,124-65-27,2011,-1.0
3160,124-65-27,2015,-8.0
3160,124-65-27,2018,-2.0
3160,124-65-27,2021,-4.0
3160,124-65-28,1999,4.0
3160,124-65-28,2001,0.0
3160,124-65-28,2002,1.0
3160,124-65-28,2004,-4.0
3160,124-65-28,2006,4.0
3160,124-65-28,2015,-6.0
3160,124-65-28,2016,0.0
3160,124-65-28,2018,
3160,124-65-29,1999,10.0
3160,124-65-29,2001,
3160,124-65-29,2015,5.0
3160,124-65-29,2018,
3160,124-65-3,2015,1.0
3160,124-65-3,2022,1.0
3160,124-65-31,1999,0.0
3160,124-65-31,2001,5.0
3160,124-65-31,2002,
3160,124-65-31,2015,
3160,124-65-31,2018,-2.0
3160,124-65-31,2021,-6.0
3160,124-65-33,2001,7.0
3160,124-65-33,2004,0.0
3160,124-65-33,2005,7.0
3160,124-65-33,2006,8.0
3160,124-65-33,2012,-4.0
3160,124-65-33,2021,-2.0
3160,124-65-33,2022,-9.0
3160,124-65-34,1997,
3160,124-65-34,1999,2.0
3160,124-65-34,2001,
3160,124-65-34,2007,-4.0
3160,124-65-34,2017,-1.0
3160,124-65-34,2021,-2.0
3160,124-65-35,1999,-6.0
3160,124-65-35,2001,7.0
3160,124-65-35,2002,
3160,124-65-35,2015,21.0
3160,124-65-36,2002,0.0
3160,124-65-36,2004,-2.0
3160,124-65-36,2008,-1.0
3160,124-65-36,2010,-1.0
3160,124-65-36,2013,
3160,124-65-36,2018,1.0
3160,124-65-37,1999,12.0
3160,124-65-37,2001,2.0
3160,124-65-37,2002,
3160,124-65-37,2004,
3160,124-65-37,2015,0.0
3160,124-65-38,1999,
3160,124-65-38,2004,-5.0
3160,124-65-38,2005,
3160,124-65-38,2010,14.0
3160,124-65-38,2021,
3160,124-65-5,2002,
3160,124-65-5,2011,
3160,124-65-5,2021,
3160,124-65-7,2013,0.0
3160,124-65-7,2015,-2.0
3160,124-65-7,2018,-4.0
3160,124-65-7,2021,-1.0
3160,124-65-9,2006,
3160,124-65-9,2015,1.0
3160,124-68-10,2007,3.0
3160,124-68-10,2009,-9.0
3160,124-68-10,2012,9.0
3160,124-68-10,2015,0.0
3160,124-68-10,2021,1.0
3160,124-68-11,1999,4.0
3160,124-68-11,2000,5.0
3160,124-68-11,2002,-4.0
3160,124-68-11,2009,-6.0
3160,124-68-11,2012,9.0
3160,124-68-11,2015,-5.0
3160,124-68-11,2021,-2.0
3160,124-68-113,1999,7.0
3160,124-68-113,2000,-18.0
3160,124-68-113,2004,-5.0
3160,124-68-113,2005,12.0
3160,124-68-113,2009,-14.0
3160,124-68-113,2012,5.0
3160,124-68-113,2015,2.0
3160,124-68-113,2021,7.0
3160,124-68-117,2000,5.0
3160,124-68-117,2004,-25.0
3160,124-68-117,2005,11.0
3160,124-68-117,2009,6.0
3160,124-68-117,2012,7.0
3160,124-68-119,2000,-8.0
3160,124-68-119,2003,11.0
3160,124-68-119,2004,-11.0
3160,124-68-119,2005,1.0
3160,124-68-119,2009,-10.0
3160,124-68-119,2012,3.0
3160,124-68-12,1999,-7.0
3160,124-68-12,2000,4.0
3160,124-68-12,2004,20.0
3160,124-68-12,2005,-22.0
3160,124-68-12,2009,4.0
3160,124-68-12,2012,-7.0
3160,124-68-12,2016,-9.0
3160,124-68-12,2022,-2.0
3160,124-68-127,2000,
3160,124-68-127,2005,
3160,124-68-127,2012,2.0
3160,124-68-14,2000,7.0
3160,124-68-14,2003,-3.0
3160,124-68-14,2004,-6.0
3160,124-68-14,2005,-17.0
3160,124-68-14,2012,
3160,124-68-14,2015,0.0
3160,124-68-14,2021,-9.0
3160,124-68-142,2004,
3160,124-68-142,2006,3.0
3160,124-68-142,2007,-3.0
3160,124-68-142,2012,-3.0
3160,124-68-142,2015,0.0
3160,124-68-142,2021,
3160,124-68-15,1999,-3.0
3160,124-68-15,2000,-4.0
3160,124-68-15,2004,-3.0
3160,124-68-15,2005,-15.0
3160,124-68-15,2009,13.0
3160,124-68-15,2012,4.0
3160,124-68-15,2021,7.0
3160,124-68-16,2004,-18.0
3160,124-68-16,2005,15.0
3160,124-68-16,2009,-3.0
3160,124-68-16,2012,-1.0
3160,124-68-16,2015,-3.0
3160,124-68-18,2000,2.0
3160,124-68-18,2003,-13.0
3160,124-68-18,2004,6.0
3160,124-68-18,2005,0.0
3160,124-68-18,2009,3.0
3160,124-68-18,2012,-10.0
3160,124-68-18,2021,8.0
3160,124-68-2,1997,
3160,124-68-2,2007,-1.0
3160,124-68-2,2010,3.0
3160,124-68-2,2012,3.0
3160,124-68-2,2013,-16.0
3160,124-68-2,2015,10.0
3160,124-68-2,2021,4.0
3160,124-68-20,2003,-3.0
3160,124-68-20,2004,
3160,124-68-20,2007,-20.0
3160,124-68-20,2009,-4.0
3160,124-68-20,2012,1.0
3160,124-68-20,2021,-8.0
3160,124-68-202,2003,-11.0
3160,124-68-202,2004,7.0
3160,124-68-202,2005,
3160,124-68-202,2007,-3.0
3160,124-68-203,2003,28.0
3160,124-68-203,2004,-5.0
3160,124-68-203,2005,-4.0
3160,124-68-203,2007,-34.0
3160,124-68-203,2015,3.0
3160,124-68-203,2021,7.0
3160,124-68-207,2003,-3.0
3160,124-68-207,2004,-3.0
3160,124-68-207,2005,-15.0
3160,124-68-207,2007,19.0
3160,124-68-207,2009,-4.0
3160,124-68-207,2021,5.0
3160,124-68-208,1999,
3160,124-68-208,2009,-7.0
3160,124-68-208,2015,6.0
3160,124-68-208,2021,
3160,124-68-209,2003,-11.0
3160,124-68-209,2004,23.0
3160,124-68-209,2005,4.0
3160,124-68-209,2007,-5.0
3160,124-68-209,2009,-7.0
3160,124-68-209,2015,4.0
3160,124-68-209,2021,-3.0
3160,124-68-210,2007,4.0
3160,124-68-210,2009,2.0
3160,124-68-210,2012,-1.0
3160,124-68-210,2015,1.0
3160,124-68-210,2021,-7.0
3160,124-68-211,1999,1.0
3160,124-68-211,2000,5.0
3160,124-68-211,2005,-1.0
3160,124-68-211,2009,-8.0
3160,124-68-211,2012,1.0
3160,124-68-211,2015,14.0
3160,124-68-211,2021,-6.0
3160,124-68-213,2005,6.0
3160,124-68-213,2015,
3160,124-68-213,2021,-5.0
3160,124-68-214,1999,-8.0
3160,124-68-214,2000,25.0
3160,124-68-214,2005,2.0
3160,124-68-214,2009,-12.0
3160,124-68-214,2012,-8.0
3160,124-68-214,2017,32.0
3160,124-68-214,2021,7.0
3160,124-68-215,1999,
3160,124-68-215,2004,
3160,124-68-215,2009,0.0
3160,124-68-215,2012,2.0
3160,124-68-216,1999,-19.0
3160,124-68-216,2000,5.0
3160,124-68-216,2004,3.0
3160,124-68-216,2005,5.0
3160,124-68-216,2009,-14.0
3160,124-68-216,2012,-14.0
3160,124-68-216,2021,-1.0
3160,124-68-217,2000,4.0
3160,124-68-217,2004,
3160,124-68-217,2009,-1.0
3160,124-68-217,2012,-1.0
3160,124-68-217,2021,1.0
3160,124-68-218,2000,5.0
3160,124-68-218,2003,1.0
3160,124-68-218,2004,-1.0
3160,124-68-218,2005,1.0
3160,124-68-218,2012,4.0
3160,124-68-219,2005,4.0
3160,124-68-219,2009,7.0
3160,124-68-219,2015,-8.0
3160,124-68-219,2021,-6.0
3160,124-68-22,1999,-13.0
3160,124-68-22,2003,13.0
3160,124-68-22,2004,-15.0
3160,124-68-22,2005,5.0
3160,124-68-22,2009,-12.0
3160,124-68-22,2012,-7.0
3160,124-68-22,2021,-7.0
3160,124-68-220,2003,-17.0
3160,124-68-220,2004,10.0
3160,124-68-220,2005,-2.0
3160,124-68-220,2009,12.0
3160,124-68-220,2012,4.0
3160,124-68-223,1999,
3160,124-68-223,2005,8.0
3160,124-68-223,2009,-5.0
3160,124-68-223,2013,-4.0
3160,124-68-223,2015,-5.0
3160,124-68-223,2021,-1.0
3160,124-68-224,1999,-4.0
3160,124-68-224,2000,7.0
3160,124-68-224,2004,-3.0
3160,124-68-224,2005,4.0
3160,124-68-224,2015,14.0
3160,124-68-224,2021,-9.0
3160,124-68-225,1999,7.0
3160,124-68-225,2000,-13.0
3160,124-68-225,2004,7.0
3160,124-68-225,2005,-9.0
3160,124-68-225,2012,-2.0
3160,124-68-225,2015,-13.0
3160,124-68-225,2021,-6.0
3160,124-68-238,1999,
3160,124-68-238,2009,
3160,124-68-238,2012,-1.0
3160,124-68-238,2021,
3160,124-68-242,2003,
3160,124-68-242,2007,
3160,124-68-242,2009,0.0
3160,124-68-242,2012,-1.0
3160,124-68-25,1997,4.0
3160,124-68-25,1999,-5.0
3160,124-68-25,2000,-1.0
3160,124-68-25,2004,6.0
3160,124-68-25,2005,-8.0
3160,124-68-25,2009,-5.0
3160,124-68-25,2012,-3.0
3160,124-68-251,2000,
3160,124-68-251,2003,-2.0
3160,124-68-251,2004,2.0
3160,124-68-251,2005,0.0
3160,124-68-251,2009,-3.0
3160,124-68-251,2012,1.0
3160,124-68-251,2021,2.0
3160,124-68-252,2003,
3160,124-68-252,2007,1.0
3160,124-68-252,2009,0.0
3160,124-68-252,2012,0.0
3160,124-68-26,1999,0.0
3160,124-68-26,2000,1.0
3160,124-68-26,2004,-5.0
3160,124-68-26,2005,-6.0
3160,124-68-26,2009,-1.0
3160,124-68-26,2012,2.0
3160,124-68-26,2021,6.0
3160,124-68-28,1997,-1.0
3160,124-68-28,2000,3.0
3160,124-68-28,2004,3.0
3160,124-68-28,2005,0.0
3160,124-68-28,2009,0.0
3160,124-68-28,2012,
3160,124-68-28,2021,1.0
3160,124-68-29,2003,-7.0
3160,124-68-29,2004,
3160,124-68-29,2009,-7.0
3160,124-68-29,2021,-30.0
3160,124-68-296,2003,-1.0
3160,124-68-296,2004,-7.0
3160,124-68-296,2005,1.0
3160,124-68-296,2006,16.0
3160,124-68-296,2015,0.0
3160,124-68-296,2021,-1.0
3160,124-68-297,1999,-5.0
3160,124-68-297,2003,-4.0
3160,124-68-297,2005,9.0
3160,124-68-297,2006,-7.0
3160,124-68-298,1999,-5.0
3160,124-68-298,2003,-13.0
3160,124-68-298,2005,-2.0
3160,124-68-298,2006,2.0
3160,124-68-298,2012,
3160,124-68-299,1999,4.0
3160,124-68-299,2003,
3160,124-68-299,2005,11.0
3160,124-68-299,2007,-9.0
3160,124-68-299,2015,17.0
3160,124-68-299,2021,-8.0
3160,124-68-300,2000,
3160,124-68-300,2002,
3160,124-68-300,2009,
3160,124-68-300,2012,8.0
3160,124-68-300,2021,8.0
3160,124-68-303,1997,-3.0
3160,124-68-303,2007,
3160,124-68-303,2010,
3160,124-68-303,2021,-20.0
3160,124-68-308,2000,6.0
3160,124-68-308,2003,-26.0
3160,124-68-308,2004,7.0
3160,124-68-308,2005,12.0
3160,124-68-308,2007,-4.0
3160,124-68-308,2009,-4.0
3160,124-68-308,2015,8.0
3160,124-68-308,2021,-2.0
3160,124-68-312,2004,0.0
3160,124-68-312,2005,3.0
3160,124-68-312,2009,4.0
3160,124-68-312,2012,11.0
3160,124-68-312,2021,-5.0
3160,124-68-314,2004,
3160,124-68-314,2016,-2.0
3160,124-68-314,2022,-6.0
3160,124-68-316,2000,4.0
3160,124-68-316,2003,
3160,124-68-316,2005,6.0
3160,124-68-316,2009,4.0
3160,124-68-316,2012,
3160,124-68-316,2021,
3160,124-68-317,1999,6.0
3160,124-68-317,2000,
3160,124-68-317,2004,
3160,124-68-317,2007,-9.0
3160,124-68-317,2009,1.0
3160,124-68-319,2000,-20.0
3160,124-68-319,2004,-19.0
3160,124-68-319,2005,12.0
3160,124-68-319,2009,0.0
3160,124-68-319,2012,6.0
3160,124-68-319,2021,20.0
3160,124-68-323,1999,16.0
3160,124-68-323,2000,-2.0
3160,124-68-323,2008,-28.0
3160,124-68-323,2015,13.0
3160,124-68-324,1999,13.0
3160,124-68-324,2000,-4.0
3160,124-68-324,2004,0.0
3160,124-68-324,2005,-13.0
3160,124-68-325,1999,2.0
3160,124-68-325,2000,-1.0
3160,124-68-325,2009,
3160,124-68-325,2012,-1.0
3160,124-68-325,2021,
3160,124-68-326,1997,5.0
3160,124-68-326,1999,-6.0
3160,124-68-326,2000,13.0
3160,124-68-326,2004,4.0
3160,124-68-326,2005,
3160,124-68-338,2003,3.0
3160,124-68-338,2004,-2.0
3160,124-68-338,2005,11.0
3160,124-68-338,2021,-1.0
3160,124-68-350,2002,
3160,124-68-350,2005,-1.0
3160,124-68-350,2009,
3160,124-68-350,2012,
3160,124-68-37,2003,-2.0
3160,124-68-37,2004,0.0
3160,124-68-37,2005,-2.0
3160,124-68-37,2006,-1.0
3160,124-68-37,2021,
3160,124-68-39,1999,
3160,124-68-39,2003,
3160,124-68-39,2005,0.0
3160,124-68-39,2009,-1.0
3160,124-68-39,2012,2.0
3160,124-68-39,2015,-4.0
3160,124-68-39,2021,4.0
3160,124-68-4,2010,1.0
3160,124-68-4,2012,
3160,124-68-4,2015,1.0
3160,124-68-43,2000,
3160,124-68-43,2005,
3160,124-68-44,1999,0.0
3160,124-68-44,2000,
3160,124-68-47,2012,3.0
3160,124-68-47,2015,
3160,124-68-47,2021,1.0
3160,124-68-5,1999,-28.0
3160,124-68-5,2003,11.0
3160,124-68-5,2004,5.0
3160,124-68-5,2005,-16.0
3160,124-68-5,2007,0.0
3160,124-68-5,2009,6.0
3160,124-68-5,2021,-9.0
3160,124-68-50,1999,-4.0
3160,124-68-50,2000,7.0
3160,124-68-50,2005,3.0
3160,124-68-50,2009,
3160,124-68-50,2021,0.0
3160,124-68-52,2003,1.0
3160,124-68-52,2004,
3160,124-68-57,2003,6.0
3160,124-68-57,2005,
3160,124-68-57,2009,8.0
3160,124-68-57,2012,10.0
3160,124-68-57,2021,
3160,124-68-59,2003,-4.0
3160,124-68-59,2004,6.0
3160,124-68-59,2005,1.0
3160,124-68-59,2006,6.0
3160,124-68-59,2007,-10.0
3160,124-68-59,2012,-3.0
3160,124-68-6,1999,5.0
3160,124-68-6,2000,-4.0
3160,124-68-6,2003,-11.0
3160,124-68-6,2004,-4.0
3160,124-68-6,2005,-19.0
3160,124-68-6,2007,13.0
3160,124-68-6,2009,3.0
3160,124-68-66,1997,0.0
3160,124-68-66,1998,2.0
3160,124-68-66,2000,4.0
3160,124-68-66,2004,7.0
3160,124-68-66,2006,3.0
3160,124-68-66,2007,-5.0
3160,124-68-66,2009,0.0
3160,124-68-66,2012,-2.0
3160,124-68-66,2018,-2.0
3160,124-68-7,2000,7.0
3160,124-68-7,2003,-7.0
3160,124-68-7,2004,0.0
3160,124-68-7,2005,
3160,124-68-7,2007,
3160,124-68-7,2021,-15.0
3160,124-68-8,1999,-17.0
3160,124-68-8,2003,1.0
3160,124-68-8,2004,-14.0
3160,124-68-8,2005,8.0
3160,124-68-8,2007,-5.0
3160,124-68-8,2009,-5.0
3160,124-68-83,1997,0.0
3160,124-68-83,1999,9.0
3160,124-68-83,2000,-4.0
3160,124-68-83,2004,-4.0
3160,124-68-83,2005,1.0
3160,124-68-83,2021,
3160,124-68-9,1999,
3160,124-68-9,2009,3.0
3160,124-68-9,2012,1.0
3160,124-68-9,2015,15.0
3160,124-68-9,2021,20.0
3160,124-75-5,1997,
3160,124-75-5,1999,2.0
3160,124-75-5,2002,-6.0
3160,124-75-5,2004,
3160,124-75-5,2011,4.0
3160,124-75-5,2018,-4.0
3160,124-75-5,2021,-5.0
3160,124-75-9,1999,1.0
3160,124-75-9,2002,-5.0
3160,124-75-9,2004,
3160,124-75-9,2006,9.0
3160,124-75-9,2016,3.0
3160,124-75-9,2021,1.0
3160,124-75-9,2022,-14.0
3160,124-76-1,1999,2.0
3160,124-76-1,2000,5.0
3160,124-76-1,2004,-15.0
3160,124-76-1,2005,0.0
3160,124-76-1,2012,-15.0
3160,124-76-1,2015,-17.0
3160,124-76-1,2021,16.0
3160,124-76-109,1999,-1.0
3160,124-76-109,2000,
3160,124-76-109,2005,
3160,124-76-109,2015,-12.0
3160,124-76-109,2021,-2.0
3160,124-76-113,2000,
3160,124-76-113,2004,0.0
3160,124-76-113,2005,-2.0
3160,124-76-113,2021,-1.0
3160,124-76-12,1997,-2.0
3160,124-76-12,2002,-3.0
3160,124-76-12,2004,-3.0
3160,124-76-12,2005,9.0
3160,124-76-12,2013,0.0
3160,124-76-120,1999,5.0
3160,124-76-120,2000,-6.0
3160,124-76-120,2002,3.0
3160,124-76-120,2004,2.0
3160,124-76-120,2005,2.0
3160,124-76-120,2015,1.0
3160,124-76-120,2021,4.0
3160,124-76-121,1999,-9.0
3160,124-76-121,2000,-1.0
3160,124-76-121,2002,-3.0
3160,124-76-121,2004,2.0
3160,124-76-121,2005,-7.0
3160,124-76-121,2015,-1.0
3160,124-76-121,2021,12.0
3160,124-76-125,2000,6.0
3160,124-76-125,2004,-1.0
3160,124-76-125,2005,4.0
3160,124-76-125,2007,-2.0
3160,124-76-125,2012,-2.0
3160,124-76-127,2005,0.0
3160,124-76-140,2004,-3.0
3160,124-76-140,2005,3.0
3160,124-76-140,2015,1.0
3160,124-76-140,2021,-3.0
3160,124-76-159,1999,0.0
3160,124-76-159,2002,-19.0
3160,124-76-159,2004,
3160,124-76-159,2018,-3.0
3160,124-76-159,2021,
3160,124-76-16,1999,-3.0
3160,124-76-16,2000,2.0
3160,124-76-16,2002,10.0
3160,124-76-16,2005,0.0
3160,124-76-165,2001,4.0
3160,124-76-165,2002,-5.0
3160,124-76-165,2004,0.0
3160,124-76-165,2006,2.0
3160,124-76-165,2011,-2.0
3160,124-76-165,2014,-2.0
3160,124-76-165,2017,8.0
3160,124-76-165,2018,-5.0
3160,124-76-165,2021,1.0
3160,124-76-18,1999,5.0
3160,124-76-18,2000,-4.0
3160,124-76-18,2004,
3160,124-76-18,2015,7.0
3160,124-76-18,2021,2.0
3160,124-76-19,2005,8.0
3160,124-76-19,2009,15.0
3160,124-76-19,2015,1.0
3160,124-76-19,2021,7.0
3160,124-76-190,1999,1.0
3160,124-76-190,2000,-1.0
3160,124-76-190,2001,9.0
3160,124-76-190,2004,2.0
3160,124-76-190,2005,-12.0
3160,124-76-190,2009,1.0
3160,124-76-190,2015,-2.0
3160,124-76-2,1999,-5.0
3160,124-76-2,2000,8.0
3160,124-76-2,2004,-2.0
3160,124-76-2,2005,-2.0
3160,124-76-2,2015,6.0
3160,124-76-2,2021,3.0
3160,124-76-201,1997,-1.0
3160,124-76-201,1999,11.0
3160,124-76-201,2000,-11.0
3160,124-76-201,2004,-12.0
3160,124-76-201,2005,8.0
3160,124-76-201,2009,-1.0
3160,124-76-201,2012,
3160,124-76-21,1999,-6.0
3160,124-76-21,2000,5.0
3160,124-76-21,2001,13.0
3160,124-76-21,2002,-8.0
3160,124-76-21,2005,-13.0
3160,124-76-21,2006,14.0
3160,124-76-21,2015,5.0
3160,124-76-21,2018,-13.0
3160,124-76-21,2021,-3.0
3160,124-76-216,2002,
3160,124-76-216,2013,
3160,124-76-22,1999,4.0
3160,124-76-22,2000,2.0
3160,124-76-22,2001,-13.0
3160,124-76-22,2002,13.0
3160,124-76-22,2004,4.0
3160,124-76-22,2005,-1.0
3160,124-76-22,2009,-6.0
3160,124-76-22,2015,-2.0
3160,124-76-22,2021,5.0
3160,124-76-221,1999,-2.0
3160,124-76-221,2000,8.0
3160,124-76-221,2002,-1.0
3160,124-76-221,2004,0.0
3160,124-76-221,2005,0.0
3160,124-76-23,1999,6.0
3160,124-76-23,2000,-4.0
3160,124-76-23,2001,
3160,124-76-23,2006,6.0
3160,124-76-23,2015,4.0
3160,124-76-3,1999,0.0
3160,124-76-3,2000,0.0
3160,124-76-3,2004,0.0
3160,124-76-3,2005,0.0
3160,124-76-3,2015,
3160,124-76-302,1999,-13.0
3160,124-76-302,2000,9.0
3160,124-76-302,2002,-1.0
3160,124-76-302,2004,3.0
3160,124-76-302,2005,-1.0
3160,124-76-302,2015,1.0
3160,124-76-302,2021,-2.0
3160,124-76-306,1999,-1.0
3160,124-76-306,2000,7.0
3160,124-76-306,2002,-1.0
3160,124-76-306,2004,-1.0
3160,124-76-306,2005,-4.0
3160,124-76-306,2015,7.0
3160,124-76-306,2021,-3.0
3160,124-76-309,1999,-11.0
3160,124-76-309,2000,9.0
3160,124-76-309,2001,-5.0
3160,124-76-309,2004,28.0
3160,124-76-309,2005,-26.0
3160,124-76-309,2015,11.0
3160,124-76-309,2021,
3160,124-76-310,1999,5.0
3160,124-76-310,2000,
3160,124-76-310,2004,
3160,124-76-310,2008,1.0
3160,124-76-310,2009,2.0
3160,124-76-310,2015,1.0
3160,124-76-310,2021,-4.0
3160,124-76-314,2002,-5.0
3160,124-76-314,2004,-4.0
3160,124-76-314,2005,3.0
3160,124-76-314,2015,0.0
3160,124-76-314,2021,-5.0
3160,124-76-318,1999,
3160,124-76-318,2002,14.0
3160,124-76-318,2005,14.0
3160,124-76-318,2015,0.0
3160,124-76-318,2021,2.0
3160,124-76-320,2005,2.0
3160,124-76-320,2015,5.0
3160,124-76-320,2021,
3160,124-76-324,2015,3.0
3160,124-76-324,2018,
3160,124-76-324,2021,
3160,124-76-4,1999,3.0
3160,124-76-4,2000,0.0
3160,124-76-4,2004,13.0
3160,124-76-4,2005,9.0
3160,124-76-4,2015,-10.0
3160,124-76-4,2021,8.0
3160,124-76-40,1999,4.0
3160,124-76-40,2000,-2.0
3160,124-76-40,2016,1.0
3160,124-76-40,2018,
3160,124-76-40,2021,2.0
3160,124-76-439,2005,2.0
3160,124-76-439,2013,4.0
3160,124-76-439,2014,0.0
3160,124-76-439,2015,-5.0
3160,124-76-439,2018,-3.0
3160,124-76-439,2021,0.0
3160,124-76-5,1999,11.0
3160,124-76-5,2000,22.0
3160,124-76-5,2004,-11.0
3160,124-76-5,2005,15.0
3160,124-76-5,2015,25.0
3160,124-76-5,2021,-5.0
3160,124-76-55,2012,6.0
3160,124-76-55,2013,-1.0
3160,124-76-55,2014,-5.0
3160,124-76-55,2015,2.0
3160,124-76-55,2018,0.0
3160,124-76-55,2021,-3.0
3160,124-76-6,1999,8.0
3160,124-76-6,2000,3.0
3160,124-76-6,2002,9.0
3160,124-76-6,2004,-15.0
3160,124-76-6,2005,-1.0
3160,124-76-60,2000,-2.0
3160,124-76-60,2001,
3160,124-76-60,2013,
3160,124-76-60,2015,3.0
3160,124-76-60,2018,
3160,124-76-61,1999,
3160,124-76-61,2004,
3160,124-76-61,2006,
3160,124-76-61,2013,
3160,124-76-67,2006,2.0
3160,124-76-67,2014,8.0
3160,124-76-67,2018,6.0
3160,124-76-67,2021,-2.0
3160,124-76-69,1999,-4.0
3160,124-76-69,2000,1.0
3160,124-76-69,2002,
3160,124-76-69,2004,-1.0
3160,124-76-69,2018,-4.0
3160,124-76-69,2021,3.0
3160,124-76-70,1999,0.0
3160,124-76-70,2004,-1.0
3160,124-76-70,2006,
3160,124-76-70,2011,4.0
3160,124-76-8,1999,-4.0
3160,124-76-8,2000,3.0
3160,124-76-8,2002,3.0
3160,124-76-8,2004,-5.0
3160,124-76-8,2005,-1.0
3160,124-76-8,2015,
3160,124-76-8,2021,3.0
3160,124-76-9,1999,8.0
3160,124-76-9,2000,-3.0
3160,124-76-9,2004,-9.0
3160,124-76-9,2005,
3160,124-76-9,2015,-2.0
3160,124-76-9,2021,
3160,124-76-90,1999,3.0
3160,124-76-90,2000,-7.0
3160,124-76-90,2001,3.0
3160,124-76-90,2002,7.0
3160,124-76-90,2004,1.0
3160,124-76-90,2005,-4.0
3160,124-76-90,2009,-10.0
3160,124-76-90,2021,7.0
3160,124-79-106,1997,1.0
3160,124-79-106,1998,
3160,124-79-106,2000,-5.0
3160,124-79-106,2004,-2.0
3160,124-79-106,2014,14.0
3160,124-79-106,2015,
3160,124-79-109,1998,
3160,124-79-109,2006,11.0
3160,124-79-109,2011,
3160,124-79-109,2016,1.0
3160,124-79-109,2017,-1.0
3160,124-79-112,1997,
3160,124-79-112,2000,
3160,124-79-112,2004,5.0
3160,124-79-112,2014,6.0
3160,124-79-112,2018,-20.0
3160,124-79-113,1997,5.0
3160,124-79-113,1998,8.0
3160,124-79-113,2000,3.0
3160,124-79-113,2004,-9.0
3160,124-79-113,2018,-3.0
3160,124-79-113,2021,16.0
3160,124-79-116,2000,-3.0
3160,124-79-116,2004,
3160,124-79-116,2014,
3160,124-79-116,2016,5.0
3160,124-79-116,2018,
3160,124-79-123,1997,2.0
3160,124-79-123,2000,-1.0
3160,124-79-123,2014,
3160,124-79-123,2018,2.0
3160,124-79-124,2005,
3160,124-79-124,2014,0.0
3160,124-79-124,2018,-11.0
3160,124-79-124,2021,4.0
3160,124-79-130,2000,
3160,124-79-130,2002,11.0
3160,124-79-130,2004,-6.0
3160,124-79-130,2014,-3.0
3160,124-79-130,2021,0.0
3160,124-79-132,2004,-1.0
3160,124-79-132,2005,3.0
3160,124-79-132,2014,5.0
3160,124-79-132,2016,7.0
3160,124-79-132,2021,-2.0
3160,124-79-133,2004,-12.0
3160,124-79-133,2005,13.0
3160,124-79-133,2014,6.0
3160,124-79-133,2016,21.0
3160,124-79-133,2021,14.0
3160,124-79-139,2004,-1.0
3160,124-79-139,2015,
3160,124-79-142,2002,-3.0
3160,124-79-142,2004,2.0
3160,124-79-142,2005,-3.0
3160,124-79-217,2004,0.0
3160,124-79-217,2005,
3160,124-79-217,2014,-12.0
3160,124-79-217,2018,7.0
3160,124-79-217,2021,19.0
3160,124-79-24,2000,-4.0
3160,124-79-24,2004,-5.0
3160,124-79-309,2004,-4.0
3160,124-79-309,2014,4.0
3160,124-79-309,2015,-1.0
3160,124-79-33,2002,-19.0
3160,124-79-33,2004,14.0
3160,124-79-33,2005,-10.0
3160,124-79-33,2014,-1.0
3160,124-79-33,2015,-7.0
3160,124-79-33,2016,5.0
3160,124-79-33,2018,9.0
3160,124-79-40,2000,-1.0
3160,124-79-40,2002,7.0
3160,124-79-40,2004,1.0
3160,124-79-40,2021,-4.0
3160,124-79-403,2004,-6.0
3160,124-79-403,2014,3.0
3160,124-79-403,2015,6.0
3160,124-79-403,2018,17.0
3160,124-79-424,1998,
3160,124-79-424,2000,8.0
3160,124-79-424,2004,
3160,124-79-424,2015,-1.0
3160,124-79-424,2016,7.0
3160,124-79-424,2018,4.0
3160,840-14-1,1997,-11.0
3160,840-14-1,2005,1.0
3160,840-14-1,2006,1.0
3160,840-14-1,2010,2.0
3160,840-14-1,2011,-4.0
3160,840-14-1,2012,0.0
3160,840-14-1,2015,5.0
3160,840-14-106,1998,14.0
3160,840-14-106,2005,11.0
3160,840-14-106,2006,
3160,840-14-106,2008,11.0
3160,840-14-106,2011,-9.0
3160,840-14-106,2015,-25.0
3160,840-14-106,2016,5.0
3160,840-14-106,2021,-8.0
3160,840-14-106,2022,-1.0
3160,840-14-108,1999,0.0
3160,840-14-108,2007,-12.0
3160,840-14-108,2010,-8.0
3160,840-14-108,2011,8.0
3160,840-14-108,2012,-6.0
3160,840-14-108,2015,-6.0
3160,840-14-108,2016,-8.0
3160,840-14-108,2022,-1.0
3160,840-14-11,2005,0.0
3160,840-14-11,2010,
3160,840-14-11,2012,0.0
3160,840-14-11,2015,0.0
3160,840-14-118,1998,14.0
3160,840-14-118,2009,-6.0
3160,840-14-118,2011,-4.0
3160,840-14-118,2015,0.0
3160,840-14-118,2016,5.0
3160,840-14-128,2005,18.0
3160,840-14-128,2006,-15.0
3160,840-14-128,2009,-36.0
3160,840-14-128,2011,-30.0
3160,840-14-128,2016,2.0
3160,840-14-128,2021,3.0
3160,840-14-129,1998,3.0
3160,840-14-129,2016,0.0
3160,840-14-129,2021,
3160,840-14-13,2015,
3160,840-14-13,2021,-4.0
3160,840-14-137,1997,-26.0
3160,840-14-137,1998,42.0
3160,840-14-137,2005,-2.0
3160,840-14-137,2006,-7.0
3160,840-14-137,2009,
3160,840-14-137,2016,1.0
3160,840-14-137,2021,5.0
3160,840-14-138,1998,8.0
3160,840-14-138,2005,23.0
3160,840-14-138,2006,-9.0
3160,840-14-138,2011,-2.0
3160,840-14-138,2015,
3160,840-14-138,2022,-9.0
3160,840-14-14,1997,-2.0
3160,840-14-14,2000,
3160,840-14-14,2006,1.0
3160,840-14-14,2011,3.0
3160,840-14-14,2012,-3.0
3160,840-14-140,1998,19.0
3160,840-14-140,2005,36.0
3160,840-14-140,2006,16.0
3160,840-14-140,2011,-12.0
3160,840-14-140,2021,-52.0
3160,840-14-140,2022,6.0
3160,840-14-148,1998,19.0
3160,840-14-148,2005,28.0
3160,840-14-148,2015,
3160,840-14-148,2021,
3160,840-14-151,1998,4.0
3160,840-14-151,2000,4.0
3160,840-14-151,2011,-7.0
3160,840-14-151,2015,-8.0
3160,840-14-153,1998,5.0
3160,840-14-153,2005,4.0
3160,840-14-153,2010,-5.0
3160,840-14-153,2011,
3160,840-14-153,2015,-14.0
3160,840-14-153,2021,-8.0
3160,840-14-154,2005,
3160,840-14-154,2021,1.0
3160,840-14-155,1998,5.0
3160,840-14-155,1999,16.0
3160,840-14-155,2005,-6.0
3160,840-14-155,2011,-26.0
3160,840-14-155,2015,-12.0
3160,840-14-155,2021,6.0
3160,840-14-155,2022,31.0
3160,840-14-156,1998,3.0
3160,840-14-156,1999,-1.0
3160,840-14-156,2011,1.0
3160,840-14-156,2015,-2.0
3160,840-14-158,1998,-2.0
3160,840-14-158,2005,-3.0
3160,840-14-158,2011,1.0
3160,840-14-158,2015,-8.0
3160,840-14-159,1998,-3.0
3160,840-14-159,2005,10.0
3160,840-14-159,2011,8.0
3160,840-14-159,2013,
3160,840-14-16,1998,41.0
3160,840-14-16,2001,-12.0
3160,840-14-16,2011,-2.0
3160,840-14-16,2013,-6.0
3160,840-14-16,2022,31.0
3160,840-14-160,1998,1.0
3160,840-14-160,2005,4.0
3160,840-14-160,2011,-1.0
3160,840-14-160,2012,5.0
3160,840-14-160,2015,-4.0
3160,840-14-160,2021,
3160,840-14-162,1998,0.0
3160,840-14-162,2005,18.0
3160,840-14-162,2011,-9.0
3160,840-14-162,2015,-30.0
3160,840-14-162,2021,0.0
3160,840-14-164,1998,-1.0
3160,840-14-164,2000,0.0
3160,840-14-164,2005,0.0
3160,840-14-164,2006,5.0
3160,840-14-164,2010,
3160,840-14-165,1997,-21.0
3160,840-14-165,1998,18.0
3160,840-14-165,2011,-8.0
3160,840-14-165,2015,-8.0
3160,840-14-165,2021,8.0
3160,840-14-166,1997,-14.0
3160,840-14-166,1998,8.0
3160,840-14-166,2000,-3.0
3160,840-14-166,2005,9.0
3160,840-14-166,2011,4.0
3160,840-14-166,2012,0.0
3160,840-14-166,2015,-15.0
3160,840-14-168,1997,1.0
3160,840-14-168,1998,15.0
3160,840-14-168,2000,-4.0
3160,840-14-168,2005,45.0
3160,840-14-168,2011,-7.0
3160,840-14-168,2012,-17.0
3160,840-14-168,2015,16.0
3160,840-14-173,1999,-36.0
3160,840-14-173,2005,
3160,840-14-173,2011,-7.0
3160,840-14-173,2015,-11.0
3160,840-14-173,2016,10.0
3160,840-14-173,2022,-1.0
3160,840-14-175,2005,10.0
3160,840-14-175,2010,
3160,840-14-175,2012,-2.0
3160,840-14-175,2015,-1.0
3160,840-14-176,1997,-2.0
3160,840-14-176,1998,9.0
3160,840-14-176,1999,22.0
3160,840-14-176,2005,41.0
3160,840-14-176,2012,-5.0
3160,840-14-176,2015,-8.0
3160,840-14-177,1997,-20.0
3160,840-14-177,1998,8.0
3160,840-14-177,1999,0.0
3160,840-14-177,2015,-2.0
3160,840-14-179,1998,7.0
3160,840-14-179,2005,19.0
3160,840-14-179,2011,3.0
3160,840-14-179,2015,-22.0
3160,840-14-179,2021,3.0
3160,840-14-181,1998,
3160,840-14-181,2010,10.0
3160,840-14-181,2011,1.0
3160,840-14-181,2015,-15.0
3160,840-14-182,2005,1.0
3160,840-14-182,2006,-4.0
3160,840-14-182,2010,1.0
3160,840-14-182,2011,3.0
3160,840-14-182,2012,
3160,840-14-182,2015,5.0
3160,840-14-184,1998,-3.0
3160,840-14-184,2005,-1.0
3160,840-14-184,2015,
3160,840-14-184,2021,5.0
3160,840-14-185,1998,0.0
3160,840-14-185,2005,1.0
3160,840-14-186,1998,6.0
3160,840-14-186,2001,-7.0
3160,840-14-186,2005,-8.0
3160,840-14-186,2011,-7.0
3160,840-14-186,2014,5.0
3160,840-14-186,2021,4.0
3160,840-14-186,2022,-3.0
3160,840-14-188,1999,-1.0
3160,840-14-188,2009,1.0
3160,840-14-188,2010,0.0
3160,840-14-188,2011,1.0
3160,840-14-188,2015,
3160,840-14-188,2021,0.0
3160,840-14-189,1998,0.0
3160,840-14-189,1999,-11.0
3160,840-14-189,2005,1.0
3160,840-14-189,2010,-7.0
3160,840-14-189,2011,-1.0
3160,840-14-189,2013,5.0
3160,840-14-189,2014,21.0
3160,840-14-189,2022,
3160,840-14-190,1998,15.0
3160,840-14-190,2005,
3160,840-14-190,2011,-1.0
3160,840-14-190,2015,-31.0
3160,840-14-190,2021,-12.0
3160,840-14-190,2022,
3160,840-14-191,1998,20.0
3160,840-14-191,1999,24.0
3160,840-14-191,2005,40.0
3160,840-14-191,2015,-1.0
3160,840-14-191,2021,-38.0
3160,840-14-193,2000,-7.0
3160,840-14-193,2005,-1.0
3160,840-14-193,2011,-2.0
3160,840-14-193,2014,
3160,840-14-194,2005,4.0
3160,840-14-194,2010,-1.0
3160,840-14-194,2011,-3.0
3160,840-14-194,2015,3.0
3160,840-14-194,2022,-4.0
3160,840-14-195,2005,11.0
3160,840-14-195,2015,6.0
3160,840-14-195,2016,-7.0
3160,840-14-195,2022,2.0
3160,840-14-198,1998,-6.0
3160,840-14-198,2005,20.0
3160,840-14-198,2010,5.0
3160,840-14-198,2011,-8.0
3160,840-14-198,2012,9.0
3160,840-14-198,2015,-11.0
3160,840-14-199,1998,5.0
3160,840-14-199,2005,1.0
3160,840-14-199,2010,-3.0
3160,840-14-199,2011,0.0
3160,840-14-199,2015,2.0
3160,840-14-199,2021,
3160,840-14-201,2005,
3160,840-14-201,2012,-1.0
3160,840-14-201,2015,1.0
3160,840-14-205,1999,
3160,840-14-21,1998,-1.0
3160,840-14-21,1999,-1.0
3160,840-14-21,2005,-6.0
3160,840-14-21,2011,38.0
3160,840-14-21,2015,-15.0
3160,840-14-21,2021,25.0
3160,840-14-21,2022,-5.0
3160,840-14-221,1997,
3160,840-14-221,2005,-3.0
3160,840-14-221,2006,2.0
3160,840-14-221,2008,4.0
3160,840-14-221,2009,-16.0
3160,840-14-221,2011,-6.0
3160,840-14-221,2016,-11.0
3160,840-14-221,2017,3.0
3160,840-14-226,2005,0.0
3160,840-14-226,2006,4.0
3160,840-14-226,2009,-10.0
3160,840-14-226,2011,-3.0
3160,840-14-226,2016,0.0
3160,840-14-226,2021,-8.0
3160,840-14-226,2022,-2.0
3160,840-14-3,1998,21.0
3160,840-14-3,2005,17.0
3160,840-14-3,2012,15.0
3160,840-14-3,2015,-20.0
3160,840-14-308,1997,
3160,840-14-319,1997,
3160,840-14-319,2002,4.0
3160,840-14-319,2007,-3.0
3160,840-14-319,2008,-2.0
3160,840-14-319,2009,2.0
3160,840-14-319,2010,3.0
3160,840-14-319,2011,-2.0
3160,840-14-319,2012,4.0
3160,840-14-319,2015,
3160,840-14-32,2009,
3160,840-14-32,2015,-11.0
3160,840-14-32,2016,22.0
3160,840-14-32,2022,-11.0
3160,840-14-33,1998,13.0
3160,840-14-33,2005,
3160,840-14-33,2015,-46.0
3160,840-14-33,2016,-13.0
3160,840-14-406,1997,
3160,840-14-406,2005,5.0
3160,840-14-406,2011,-2.0
3160,840-14-406,2012,-4.0
3160,840-14-406,2015,-2.0
3160,840-14-406,2021,
3160,840-14-407,2005,-2.0
3160,840-14-407,2011,2.0
3160,840-14-407,2012,13.0
3160,840-14-407,2015,-17.0
3160,840-14-408,1998,30.0
3160,840-14-408,2011,-7.0
3160,840-14-408,2015,-9.0
3160,840-14-408,2021,11.0
3160,840-14-409,2005,
3160,840-14-409,2010,0.0
3160,840-14-409,2011,
3160,840-14-409,2013,
3160,840-14-409,2016,
3160,840-14-414,1998,2.0
3160,840-14-414,2000,-7.0
3160,840-14-414,2011,
3160,840-14-415,1998,
3160,840-14-415,2010,1.0
3160,840-14-415,2011,-9.0
3160,840-14-415,2015,-16.0
3160,840-14-415,2021,1.0
3160,840-14-417,1997,
3160,840-14-417,2009,
3160,840-14-417,2012,3.0
3160,840-14-417,2015,-1.0
3160,840-14-417,2021,4.0
3160,840-14-418,1998,-1.0
3160,840-14-418,2005,
3160,840-14-418,2010,
3160,840-14-418,2015,-1.0
3160,840-14-418,2021,-1.0
3160,840-14-419,1998,-2.0
3160,840-14-419,2004,-2.0
3160,840-14-419,2005,
3160,840-14-419,2011,1.0
3160,840-14-419,2013,
3160,840-14-420,1998,
3160,840-14-420,2005,4.0
3160,840-14-420,2011,
3160,840-14-421,1998,-4.0
3160,840-14-421,1999,7.0
3160,840-14-421,2005,-6.0
3160,840-14-421,2009,-2.0
3160,840-14-421,2015,-12.0
3160,840-14-422,1998,
3160,840-14-422,2005,-1.0
3160,840-14-422,2011,3.0
3160,840-14-422,2015,
3160,840-14-422,2021,1.0
3160,840-14-423,1998,3.0
3160,840-14-423,2005,-6.0
3160,840-14-423,2009,3.0
3160,840-14-423,2015,4.0
3160,840-14-423,2016,-4.0
3160,840-14-426,1999,-3.0
3160,840-14-426,2021,-1.0
3160,840-14-434,1999,-2.0
3160,840-14-434,2005,1.0
3160,840-14-434,2009,
3160,840-14-434,2011,2.0
3160,840-14-434,2015,
3160,840-14-435,1999,-1.0
3160,840-14-435,2000,-1.0
3160,840-14-435,2005,0.0
3160,840-14-435,2006,
3160,840-14-435,2012,
3160,840-14-435,2015,0.0
3160,840-14-435,2021,4.0
3160,840-14-436,2009,-6.0
3160,840-14-436,2010,4.0
3160,840-14-436,2011,-14.0
3160,840-14-436,2012,9.0
3160,840-14-436,2015,-2.0
3160,840-14-47,2005,-11.0
3160,840-14-47,2006,15.0
3160,840-14-47,2009,-8.0
3160,840-14-47,2011,2.0
3160,840-14-47,2016,-4.0
3160,840-14-47,2021,21.0
3160,840-14-47,2022,-12.0
3160,840-14-49,2009,-18.0
3160,840-14-49,2016,-67.0
3160,840-14-49,2021,4.0
3160,840-14-49,2022,-59.0
3160,840-14-51,1998,
3160,840-14-51,2006,-5.0
3160,840-14-51,2009,
3160,840-14-51,2016,26.0
3160,840-14-51,2021,6.0
3160,840-14-54,1998,45.0
3160,840-14-54,2000,5.0
3160,840-14-54,2005,14.0
3160,840-14-54,2011,7.0
3160,840-14-54,2016,
3160,840-14-58,1998,-40.0
3160,840-14-58,2005,
3160,840-14-58,2021,
3160,840-14-59,1998,-4.0
3160,840-14-59,2005,2.0
3160,840-14-59,2009,-37.0
3160,840-14-59,2011,10.0
3160,840-14-59,2016,
3160,840-14-59,2021,-3.0
3160,840-14-6,2000,7.0
3160,840-14-6,2005,
3160,840-14-6,2010,-1.0
3160,840-14-6,2011,2.0
3160,840-14-6,2012,-1.0
3160,840-14-6,2015,5.0
3160,840-14-6,2021,4.0
3160,840-14-62,1998,-15.0
3160,840-14-62,2006,
3160,840-14-62,2009,5.0
3160,840-14-62,2017,
3160,840-14-69,2006,1.0
3160,840-14-69,2009,
3160,840-14-69,2011,-2.0
3160,840-14-69,2015,
3160,840-14-69,2017,4.0
3160,840-14-7,1998,
3160,840-14-7,2005,17.0
3160,840-14-7,2010,-36.0
3160,840-14-7,2011,-32.0
3160,840-14-7,2015,0.0
3160,840-14-7,2021,14.0
3160,840-14-71,1997,-2.0
3160,840-14-71,1998,-5.0
3160,840-14-71,1999,6.0
3160,840-14-71,2002,11.0
3160,840-14-71,2007,-15.0
3160,840-14-71,2008,0.0
3160,840-14-71,2011,8.0
3160,840-14-78,2010,
3160,840-14-78,2015,-1.0
3160,840-14-79,1998,29.0
3160,840-14-79,2011,3.0
3160,840-14-79,2015,7.0
3160,840-14-79,2021,2.0
3160,840-14-80,1998,17.0
3160,840-14-80,2005,9.0
3160,840-14-80,2011,6.0
3160,840-14-80,2015,
3160,840-14-82,1998,-2.0
3160,840-14-82,2005,-3.0
3160,840-14-82,2011,
3160,840-14-82,2015,1.0
3160,840-14-82,2021,0.0
3160,840-14-88,1998,-3.0
3160,840-14-88,2001,
3160,840-14-88,2009,-1.0
3160,840-14-88,2015,0.0
3160,840-14-88,2016,0.0
3160,840-14-88,2017,
3160,840-14-89,2009,-14.0
3160,840-14-89,2011,28.0
3160,840-14-89,2016,7.0
3160,840-14-89,2017,-4.0
3160,840-14-89,2021,6.0
3160,840-14-89,2022,21.0
3160,840-14-9,1997,
3160,840-14-9,2005,0.0
3160,840-14-9,2012,8.0
3160,840-14-9,2015,-3.0
3160,840-14-9,2021,-4.0
3160,840-14-96,1998,16.0
3160,840-14-96,2005,-1.0
3160,840-14-96,2009,-2.0
3160,840-14-96,2011,3.0
3160,840-14-96,2015,7.0
3160,840-14-96,2021,-2.0
3160,840-14-97,1998,8.0
3160,840-14-97,2004,-15.0
3160,840-14-97,2005,12.0
3160,840-14-97,2006,13.0
3160,840-14-97,2011,-5.0
3160,840-14-98,1998,16.0
3160,840-14-98,2001,-6.0
3160,840-14-98,2005,5.0
3160,840-14-98,2011,-5.0
3160,840-14-98,2015,0.0
3160,840-14-98,2021,-7.0
3160,840-14-98,2022,18.0
3160,840-17-1,1998,-11.0
3160,840-17-1,1999,-15.0
3160,840-17-1,2002,-41.0
3160,840-17-1,2012,-7.0
3160,840-17-1,2021,5.0
3160,840-17-10,2002,2.0
3160,840-17-10,2003,
3160,840-17-10,2008,
3160,840-17-10,2011,
3160,840-17-10,2018,
3160,840-17-11,1998,-7.0
3160,840-17-11,1999,3.0
3160,840-17-11,2002,10.0
3160,840-17-11,2003,5.0
3160,840-17-11,2006,-25.0
3160,840-17-11,2009,2.0
3160,840-17-11,2012,-7.0
3160,840-17-11,2018,-3.0
3160,840-17-12,1998,30.0
3160,840-17-12,1999,7.0
3160,840-17-12,2002,16.0
3160,840-17-12,2003,0.0
3160,840-17-12,2004,16.0
3160,840-17-12,2006,14.0
3160,840-17-12,2009,
3160,840-17-12,2012,13.0
3160,840-17-12,2018,
3160,840-17-125,1998,-4.0
3160,840-17-125,1999,
3160,840-17-125,2002,
3160,840-17-125,2006,8.0
3160,840-17-125,2009,1.0
3160,840-17-126,2002,
3160,840-17-126,2007,5.0
3160,840-17-126,2012,13.0
3160,840-17-126,2018,7.0
3160,840-17-13,1998,19.0
3160,840-17-13,2002,15.0
3160,840-17-13,2003,4.0
3160,840-17-13,2004,-16.0
3160,840-17-13,2006,-28.0
3160,840-17-13,2009,-16.0
3160,840-17-13,2012,27.0
3160,840-17-13,2016,
3160,840-17-14,1998,
3160,840-17-14,2003,-3.0
3160,840-17-14,2006,-16.0
3160,840-17-14,2009,-8.0
3160,840-17-14,2012,18.0
3160,840-17-14,2016,-59.0
3160,840-17-14,2022,-22.0
3160,840-17-15,1997,
3160,840-17-15,2002,0.0
3160,840-17-15,2009,
3160,840-17-15,2012,-3.0
3160,840-17-153,2009,
3160,840-17-153,2012,
3160,840-17-153,2018,-9.0
3160,840-17-153,2021,-6.0
3160,840-17-154,1998,
3160,840-17-154,2005,4.0
3160,840-17-154,2012,6.0
3160,840-17-154,2018,-3.0
3160,840-17-16,2002,2.0
3160,840-17-16,2005,6.0
3160,840-17-16,2012,
3160,840-17-17,1998,-3.0
3160,840-17-17,1999,7.0
3160,840-17-17,2002,-12.0
3160,840-17-17,2005,5.0
3160,840-17-17,2009,1.0
3160,840-17-17,2012,0.0
3160,840-17-17,2018,-5.0
3160,840-17-17,2021,-10.0
3160,840-17-18,1998,-6.0
3160,840-17-18,1999,
3160,840-17-18,2003,
3160,840-17-18,2006,
3160,840-17-18,2018,9.0
3160,840-17-19,1998,-1.0
3160,840-17-19,1999,
3160,840-17-19,2002,-23.0
3160,840-17-19,2003,22.0
3160,840-17-19,2004,-7.0
3160,840-17-19,2006,
3160,840-17-19,2009,4.0
3160,840-17-19,2012,6.0
3160,840-17-19,2018,-13.0
3160,840-17-2,1998,97.0
3160,840-17-2,2005,14.0
3160,840-17-2,2006,-1.0
3160,840-17-2,2012,9.0
3160,840-17-2,2013,-24.0
3160,840-17-2,2015,9.0
3160,840-17-2,2016,-3.0
3160,840-17-202,2005,
3160,840-17-202,2021,
3160,840-17-203,1999,0.0
3160,840-17-203,2002,-6.0
3160,840-17-203,2003,7.0
3160,840-17-203,2005,
3160,840-17-203,2012,
3160,840-17-203,2016,
3160,840-17-203,2018,-3.0
3160,840-17-204,1998,
3160,840-17-204,2002,6.0
3160,840-17-204,2003,-2.0
3160,840-17-204,2005,24.0
3160,840-17-204,2012,7.0
3160,840-17-204,2013,8.0
3160,840-17-204,2021,-12.0
3160,840-17-205,2002,-1.0
3160,840-17-205,2003,
3160,840-17-205,2006,-15.0
3160,840-17-205,2009,-6.0
3160,840-17-205,2012,6.0
3160,840-17-205,2016,-3.0
3160,840-17-205,2021,-8.0
3160,840-17-206,1998,13.0
3160,840-17-206,2002,10.0
3160,840-17-206,2003,11.0
3160,840-17-206,2004,-4.0
3160,840-17-206,2006,
3160,840-17-206,2012,13.0
3160,840-17-206,2016,3.0
3160,840-17-207,1998,18.0
3160,840-17-207,2002,17.0
3160,840-17-207,2003,-30.0
3160,840-17-207,2004,17.0
3160,840-17-207,2006,1.0
3160,840-17-207,2009,14.0
3160,840-17-207,2012,29.0
3160,840-17-207,2016,4.0
3160,840-17-207,2022,25.0
3160,840-17-208,1998,-1.0
3160,840-17-208,1999,1.0
3160,840-17-208,2002,-12.0
3160,840-17-208,2009,1.0
3160,840-17-208,2012,-3.0
3160,840-17-208,2018,-12.0
3160,840-17-208,2021,0.0
3160,840-17-209,1998,3.0
3160,840-17-209,2002,-5.0
3160,840-17-209,2005,1.0
3160,840-17-209,2009,-3.0
3160,840-17-209,2012,1.0
3160,840-17-209,2013,
3160,840-17-21,2006,8.0
3160,840-17-21,2007,-9.0
3160,840-17-21,2012,-9.0
3160,840-17-21,2013,9.0
3160,840-17-21,2018,-7.0
3160,840-17-213,1999,13.0
3160,840-17-213,2002,30.0
3160,840-17-213,2003,41.0
3160,840-17-213,2004,-43.0
3160,840-17-213,2006,27.0
3160,840-17-213,2009,15.0
3160,840-17-213,2012,42.0
3160,840-17-213,2016,-16.0
3160,840-17-213,2018,24.0
3160,840-17-214,2002,4.0
3160,840-17-214,2003,25.0
3160,840-17-214,2012,-50.0
3160,840-17-215,1998,
3160,840-17-215,2002,
3160,840-17-215,2021,2.0
3160,840-17-216,1998,1.0
3160,840-17-216,2002,-6.0
3160,840-17-216,2005,6.0
3160,840-17-216,2006,
3160,840-17-216,2009,3.0
3160,840-17-216,2013,8.0
3160,840-17-216,2016,0.0
3160,840-17-216,2018,-9.0
3160,840-17-216,2021,-8.0
3160,840-17-217,1998,
3160,840-17-217,2002,
3160,840-17-217,2005,
3160,840-17-217,2018,
3160,840-17-218,1998,5.0
3160,840-17-218,1999,3.0
3160,840-17-218,2002,-13.0
3160,840-17-218,2003,-1.0
3160,840-17-218,2006,-6.0
3160,840-17-218,2009,1.0
3160,840-17-218,2012,
3160,840-17-218,2018,2.0
3160,840-17-220,2003,-75.0
3160,840-17-220,2006,-30.0
3160,840-17-220,2010,-6.0
3160,840-17-220,2011,
3160,840-17-221,2002,0.0
3160,840-17-221,2003,-20.0
3160,840-17-221,2004,-3.0
3160,840-17-221,2006,-25.0
3160,840-17-221,2012,0.0
3160,840-17-221,2013,11.0
3160,840-17-221,2018,5.0
3160,840-17-222,2011,
3160,840-17-223,1998,4.0
3160,840-17-223,1999,9.0
3160,840-17-223,2002,
3160,840-17-223,2009,-5.0
3160,840-17-223,2012,4.0
3160,840-17-223,2013,-6.0
3160,840-17-225,1998,-18.0
3160,840-17-225,1999,6.0
3160,840-17-225,2002,-17.0
3160,840-17-225,2003,
3160,840-17-225,2006,-3.0
3160,840-17-225,2009,-11.0
3160,840-17-225,2018,-32.0
3160,840-17-228,2002,-3.0
3160,840-17-228,2003,-22.0
3160,840-17-228,2004,71.0
3160,840-17-228,2006,25.0
3160,840-17-228,2007,11.0
3160,840-17-228,2011,-21.0
3160,840-17-228,2012,2.0
3160,840-17-228,2013,-6.0
3160,840-17-228,2018,8.0
3160,840-17-23,1998,2.0
3160,840-17-23,1999,1.0
3160,840-17-23,2002,-3.0
3160,840-17-23,2009,-3.0
3160,840-17-23,2012,7.0
3160,840-17-23,2013,2.0
3160,840-17-23,2016,-2.0
3160,840-17-3,1998,-12.0
3160,840-17-3,2002,
3160,840-17-3,2005,10.0
3160,840-17-3,2009,-4.0
3160,840-17-3,2012,9.0
3160,840-17-3,2021,-5.0
3160,840-17-301,1998,-20.0
3160,840-17-301,1999,8.0
3160,840-17-301,2002,3.0
3160,840-17-301,2005,10.0
3160,840-17-301,2006,4.0
3160,840-17-301,2009,
3160,840-17-301,2012,36.0
3160,840-17-301,2021,39.0
3160,840-17-302,1998,0.0
3160,840-17-302,1999,-19.0
3160,840-17-302,2002,-41.0
3160,840-17-302,2005,-2.0
3160,840-17-302,2006,4.0
3160,840-17-302,2009,-35.0
3160,840-17-302,2012,14.0
3160,840-17-302,2013,-9.0
3160,840-17-302,2021,-6.0
3160,840-17-303,1999,1.0
3160,840-17-303,2002,
3160,840-17-303,2005,-2.0
3160,840-17-303,2011,3.0
3160,840-17-303,2012,2.0
3160,840-17-303,2021,-2.0
3160,840-17-304,2002,-10.0
3160,840-17-304,2003,9.0
3160,840-17-304,2006,-24.0
3160,840-17-304,2009,0.0
3160,840-17-304,2018,
3160,840-17-304,2021,1.0
3160,840-17-305,1998,-24.0
3160,840-17-305,2002,-27.0
3160,840-17-305,2003,13.0
3160,840-17-305,2004,4.0
3160,840-17-305,2006,3.0
3160,840-17-305,2012,4.0
3160,840-17-305,2016,-22.0
3160,840-17-305,2021,
3160,840-17-306,1998,-13.0
3160,840-17-306,2002,17.0
3160,840-17-306,2003,
3160,840-17-306,2006,-41.0
3160,840-17-306,2009,-26.0
3160,840-17-306,2012,16.0
3160,840-17-306,2016,-20.0
3160,840-17-307,1998,
3160,840-17-307,2002,
3160,840-17-307,2009,1.0
3160,840-17-307,2012,32.0
3160,840-17-307,2016,6.0
3160,840-17-308,1998,2.0
3160,840-17-308,2002,16.0
3160,840-17-308,2005,7.0
3160,840-17-308,2006,14.0
3160,840-17-308,2009,3.0
3160,840-17-308,2013,
3160,840-17-308,2016,
3160,840-17-309,2012,2.0
3160,840-17-31,1998,-3.0
3160,840-17-31,1999,10.0
3160,840-17-31,2002,-13.0
3160,840-17-31,2005,27.0
3160,840-17-31,2006,5.0
3160,840-17-31,2009,2.0
3160,840-17-31,2012,45.0
3160,840-17-31,2013,-21.0
3160,840-17-31,2021,26.0
3160,840-17-312,1998,-69.0
3160,840-17-312,1999,39.0
3160,840-17-312,2002,105.0
3160,840-17-312,2003,-141.0
3160,840-17-312,2004,30.0
3160,840-17-312,2006,2.0
3160,840-17-312,2009,-35.0
3160,840-17-312,2012,39.0
3160,840-17-312,2018,
3160,840-17-313,2002,46.0
3160,840-17-313,2003,-5.0
3160,840-17-313,2006,-11.0
3160,840-17-313,2009,
3160,840-17-313,2012,
3160,840-17-313,2018,-33.0
3160,840-17-314,2003,-35.0
3160,840-17-314,2004,38.0
3160,840-17-314,2012,-5.0
3160,840-17-314,2013,-11.0
3160,840-17-314,2018,7.0
3160,840-17-315,1997,-12.0
3160,840-17-315,1998,-2.0
3160,840-17-315,1999,17.0
3160,840-17-315,2002,1.0
3160,840-17-315,2005,10.0
3160,840-17-315,2012,-13.0
3160,840-17-315,2013,10.0
3160,840-17-315,2016,0.0
3160,840-17-315,2018,1.0
3160,840-17-315,2021,2.0
3160,840-17-316,1998,0.0
3160,840-17-316,1999,14.0
3160,840-17-316,2002,2.0
3160,840-17-316,2005,14.0
3160,840-17-316,2016,4.0
3160,840-17-316,2018,
3160,840-17-316,2021,5.0
3160,840-17-317,1998,
3160,840-17-317,2002,8.0
3160,840-17-317,2012,
3160,840-17-318,1998,15.0
3160,840-17-318,1999,-12.0
3160,840-17-318,2002,1.0
3160,840-17-318,2003,-3.0
3160,840-17-318,2009,
3160,840-17-318,2012,0.0
3160,840-17-318,2018,-5.0
3160,840-17-319,1999,
3160,840-17-319,2003,
3160,840-17-319,2006,-28.0
3160,840-17-319,2009,-7.0
3160,840-17-319,2012,4.0
3160,840-17-319,2018,-30.0
3160,840-17-32,1998,4.0
3160,840-17-32,2002,-11.0
3160,840-17-32,2005,6.0
3160,840-17-32,2006,-1.0
3160,840-17-32,2009,5.0
3160,840-17-32,2012,
3160,840-17-32,2016,-2.0
3160,840-17-32,2021,-7.0
3160,840-17-322,1998,-22.0
3160,840-17-322,1999,18.0
3160,840-17-322,2002,2.0
3160,840-17-322,2005,47.0
3160,840-17-322,2009,-34.0
3160,840-17-322,2012,21.0
3160,840-17-322,2013,1.0
3160,840-17-322,2016,
3160,840-17-322,2018,12.0
3160,840-17-322,2021,-4.0
3160,840-17-326,2002,29.0
3160,840-17-326,2003,
3160,840-17-326,2012,-11.0
3160,840-17-326,2018,-38.0
3160,840-17-33,2002,1.0
3160,840-17-33,2005,0.0
3160,840-17-33,2018,-3.0
3160,840-17-34,2002,
3160,840-17-34,2008,
3160,840-17-35,1998,35.0
3160,840-17-35,2003,-7.0
3160,840-17-35,2006,-11.0
3160,840-17-35,2009,-51.0
3160,840-17-35,2012,19.0
3160,840-17-35,2016,-22.0
3160,840-17-35,2018,7.0
3160,840-17-35,2021,34.0
3160,840-17-351,1998,-4.0
3160,840-17-351,2002,-1.0
3160,840-17-351,2005,4.0
3160,840-17-351,2009,-2.0
3160,840-17-351,2012,
3160,840-17-351,2021,12.0
3160,840-17-352,1998,-10.0
3160,840-17-352,2009,-1.0
3160,840-17-352,2013,3.0
3160,840-17-352,2016,11.0
3160,840-17-352,2018,-8.0
3160,840-17-352,2021,6.0
3160,840-17-359,1998,8.0
3160,840-17-359,1999,-1.0
3160,840-17-359,2002,-1.0
3160,840-17-359,2005,21.0
3160,840-17-359,2009,
3160,840-17-359,2012,-7.0
3160,840-17-359,2021,
3160,840-17-36,1998,14.0
3160,840-17-36,2002,17.0
3160,840-17-36,2003,17.0
3160,840-17-36,2006,
3160,840-17-36,2009,-3.0
3160,840-17-36,2012,14.0
3160,840-17-36,2021,12.0
3160,840-17-36,2022,71.0
3160,840-17-362,1998,6.0
3160,840-17-362,1999,-7.0
3160,840-17-362,2002,-23.0
3160,840-17-362,2003,13.0
3160,840-17-362,2004,-5.0
3160,840-17-362,2006,-2.0
3160,840-17-362,2012,0.0
3160,840-17-362,2018,-7.0
3160,840-17-365,1999,
3160,840-17-365,2002,11.0
3160,840-17-365,2009,
3160,840-17-365,2012,14.0
3160,840-17-365,2016,-8.0
3160,840-17-365,2021,-4.0
3160,840-17-366,1998,
3160,840-17-366,2012,2.0
3160,840-17-366,2013,
3160,840-17-366,2021,
3160,840-17-367,1998,
3160,840-17-367,2002,-9.0
3160,840-17-367,2012,
3160,840-17-368,1999,-2.0
3160,840-17-368,2002,5.0
3160,840-17-368,2003,
3160,840-17-368,2009,-23.0
3160,840-17-368,2012,0.0
3160,840-17-368,2018,
3160,840-17-37,1998,-24.0
3160,840-17-37,2002,6.0
3160,840-17-37,2003,-4.0
3160,840-17-37,2006,10.0
3160,840-17-37,2009,15.0
3160,840-17-37,2012,2.0
3160,840-17-37,2016,-9.0
3160,840-17-372,1998,2.0
3160,840-17-372,1999,18.0
3160,840-17-372,2002,0.0
3160,840-17-372,2005,30.0
3160,840-17-372,2009,-8.0
3160,840-17-372,2012,20.0
3160,840-17-372,2013,-23.0
3160,840-17-372,2016,-20.0
3160,840-17-372,2021,-7.0
3160,840-17-375,1998,72.0
3160,840-17-375,1999,-50.0
3160,840-17-375,2002,20.0
3160,840-17-375,2003,
3160,840-17-375,2012,-5.0
3160,840-17-375,2018,-8.0
3160,840-17-39,1999,
3160,840-17-39,2009,
3160,840-17-39,2012,
3160,840-17-4,1998,-3.0
3160,840-17-4,1999,0.0
3160,840-17-4,2002,2.0
3160,840-17-4,2003,4.0
3160,840-17-4,2006,-8.0
3160,840-17-4,2009,-5.0
3160,840-17-4,2016,-4.0
3160,840-17-4,2018,3.0
3160,840-17-4,2021,-7.0
3160,840-17-41,2009,
3160,840-17-41,2012,-1.0
3160,840-17-41,2018,
3160,840-17-410,2003,5.0
3160,840-17-410,2005,3.0
3160,840-17-410,2009,5.0
3160,840-17-410,2012,
3160,840-17-410,2016,
3160,840-17-410,2021,3.0
3160,840-17-412,2002,74.0
3160,840-17-412,2003,
3160,840-17-412,2006,19.0
3160,840-17-412,2009,-58.0
3160,840-17-412,2016,-60.0
3160,840-17-412,2018,-34.0
3160,840-17-412,2021,-18.0
3160,840-17-419,1999,
3160,840-17-419,2002,
3160,840-17-419,2006,-50.0
3160,840-17-419,2007,147.0
3160,840-17-419,2009,34.0
3160,840-17-419,2018,-48.0
3160,840-17-42,1998,-78.0
3160,840-17-42,2002,9.0
3160,840-17-42,2003,47.0
3160,840-17-42,2004,-31.0
3160,840-17-42,2006,79.0
3160,840-17-42,2009,16.0
3160,840-17-42,2012,4.0
3160,840-17-42,2016,
3160,840-17-42,2021,-35.0
3160,840-17-43,2003,
3160,840-17-43,2016,
3160,840-17-43,2018,-22.0
3160,840-17-43,2022,19.0
3160,840-17-44,1998,-2.0
3160,840-17-44,1999,29.0
3160,840-17-44,2002,-5.0
3160,840-17-44,2003,-11.0
3160,840-17-44,2004,11.0
3160,840-17-44,2009,-35.0
3160,840-17-44,2012,7.0
3160,840-17-44,2016,-17.0
3160,840-17-44,2018,-6.0
3160,840-17-45,1998,
3160,840-17-45,2009,-3.0
3160,840-17-45,2012,-2.0
3160,840-17-45,2013,0.0
3160,840-17-45,2021,7.0
3160,840-17-46,1998,-6.0
3160,840-17-46,1999,13.0
3160,840-17-46,2002,-31.0
3160,840-17-46,2005,-3.0
3160,840-17-46,2009,2.0
3160,840-17-46,2012,-2.0
3160,840-17-46,2013,-2.0
3160,840-17-46,2018,-17.0
3160,840-17-46,2021,7.0
3160,840-17-47,1998,-25.0
3160,840-17-47,1999,3.0
3160,840-17-47,2002,-1.0
3160,840-17-47,2009,1.0
3160,840-17-47,2012,
3160,840-17-47,2018,-3.0
3160,840-17-48,1998,4.0
3160,840-17-48,1999,0.0
3160,840-17-48,2006,0.0
3160,840-17-48,2009,
3160,840-17-48,2016,-11.0
3160,840-17-48,2018,-4.0
3160,840-17-48,2021,6.0
3160,840-17-49,1998,18.0
3160,840-17-49,1999,27.0
3160,840-17-49,2004,34.0
3160,840-17-49,2006,13.0
3160,840-17-49,2007,
3160,840-17-49,2009,-10.0
3160,840-17-49,2013,7.0
3160,840-17-49,2018,-13.0
3160,840-17-5,2002,-12.0
3160,840-17-5,2003,24.0
3160,840-17-5,2004,10.0
3160,840-17-5,2006,1.0
3160,840-17-5,2012,3.0
3160,840-17-50,1999,
3160,840-17-50,2002,-9.0
3160,840-17-50,2003,-32.0
3160,840-17-50,2012,-29.0
3160,840-17-50,2018,
3160,840-17-51,2003,-6.0
3160,840-17-51,2004,9.0
3160,840-17-51,2006,36.0
3160,840-17-51,2012,-13.0
3160,840-17-51,2013,-29.0
3160,840-17-51,2018,-17.0
3160,840-17-52,1997,
3160,840-17-52,1999,1.0
3160,840-17-52,2006,-2.0
3160,840-17-52,2013,
3160,840-17-55,1998,7.0
3160,840-17-55,1999,1.0
3160,840-17-55,2002,-24.0
3160,840-17-55,2003,16.0
3160,840-17-55,2006,-12.0
3160,840-17-55,2009,-12.0
3160,840-17-55,2012,0.0
3160,840-17-55,2016,3.0
3160,840-17-55,2018,-29.0
3160,840-17-56,1999,-63.0
3160,840-17-56,2002,8.0
3160,840-17-56,2003,-22.0
3160,840-17-56,2006,
3160,840-17-56,2011,
3160,840-17-56,2013,38.0
3160,840-17-56,2018,-1.0
3160,840-17-57,1999,-26.0
3160,840-17-57,2002,1.0
3160,840-17-57,2003,-7.0
3160,840-17-57,2007,
3160,840-17-57,2012,-12.0
3160,840-17-57,2013,2.0
3160,840-17-57,2018,-7.0
3160,840-17-58,2002,-47.0
3160,840-17-58,2003,15.0
3160,840-17-58,2004,12.0
3160,840-17-58,2006,-25.0
3160,840-17-58,2007,-9.0
3160,840-17-58,2011,-7.0
3160,840-17-58,2012,1.0
3160,840-17-58,2013,7.0
3160,840-17-58,2018,-2.0
3160,840-17-6,2002,210.0
3160,840-17-6,2003,
3160,840-17-6,2009,3.0
3160,840-17-6,2012,-37.0
3160,840-17-6,2016,16.0
3160,840-17-8,1998,4.0
3160,840-17-8,2002,11.0
3160,840-17-8,2009,6.0
3160,840-17-8,2016,-2.0
3160,840-17-8,2017,0.0
3160,840-17-8,2018,-4.0
3160,840-17-9,1998,-7.0
3160,840-17-9,1999,-1.0
3160,840-17-9,2002,-10.0
3160,840-17-9,2005,9.0
3160,840-17-9,2006,-3.0
3160,840-17-9,2009,-9.0
3160,840-17-9,2012,-5.0
3160,840-17-9,2013,8.0
3160,840-17-9,2021,-4.0
3160,840-18-1,1998,-9.0
3160,840-18-1,1999,4.0
3160,840-18-1,2001,15.0
3160,840-18-1,2009,-3.0
3160,840-18-1,2010,
3160,840-18-1,2021,-8.0
3160,840-18-102,1998,7.0
3160,840-18-102,1999,6.0
3160,840-18-102,2001,-8.0
3160,840-18-102,2003,-18.0
3160,840-18-102,2005,-7.0
3160,840-18-102,2008,-13.0
3160,840-18-102,2009,4.0
3160,840-18-102,2010,1.0
3160,840-18-102,2021,5.0
3160,840-18-11,2005,-1.0
3160,840-18-11,2009,-7.0
3160,840-18-11,2010,0.0
3160,840-18-11,2021,1.0
3160,840-18-14,2005,-7.0
3160,840-18-14,2008,6.0
3160,840-18-14,2009,-7.0
3160,840-18-14,2010,2.0
3160,840-18-14,2021,
3160,840-18-15,1998,10.0
3160,840-18-15,1999,
3160,840-18-15,2005,-37.0
3160,840-18-15,2009,23.0
3160,840-18-15,2010,-13.0
3160,840-18-15,2021,-4.0
3160,840-18-3,1998,16.0
3160,840-18-3,1999,-5.0
3160,840-18-3,2001,-4.0
3160,840-18-3,2003,7.0
3160,840-18-3,2008,6.0
3160,840-18-3,2009,-18.0
3160,840-18-3,2010,-6.0
3160,840-18-3,2021,6.0
3160,840-18-4,1998,2.0
3160,840-18-4,1999,2.0
3160,840-18-4,2003,
3160,840-18-4,2008,
3160,840-18-4,2010,-7.0
3160,840-18-4,2021,
3160,840-18-7,1998,17.0
3160,840-18-7,1999,-11.0
3160,840-18-7,2001,0.0
3160,840-18-7,2003,
3160,840-18-7,2005,-11.0
3160,840-18-8,1998,25.0
3160,840-18-8,1999,-12.0
3160,840-18-8,2001,-12.0
3160,840-18-8,2003,16.0
3160,840-18-8,2005,7.0
3160,840-18-8,2008,
3160,840-18-8,2021,-2.0
3160,840-18-9,1998,7.0
3160,840-18-9,1999,-5.0
3160,840-18-9,2003,-5.0
3160,840-18-9,2005,-5.0
3160,840-18-9,2008,-9.0
3160,840-18-9,2009,13.0
3160,840-18-9,2010,2.0
3160,840-2-1,1997,84.0
3160,840-2-1,2001,-23.0
3160,840-2-1,2003,15.0
3160,840-2-1,2007,-13.0
3160,840-2-1,2010,10.0
3160,840-2-1,2011,-12.0
3160,840-2-1,2022,-8.0
3160,840-2-10,1997,7.0
3160,840-2-10,2001,14.0
3160,840-2-10,2003,
3160,840-2-10,2007,-14.0
3160,840-2-10,2011,-7.0
3160,840-2-10,2017,-2.0
3160,840-2-10,2022,-1.0
3160,840-2-102,1997,-4.0
3160,840-2-102,1998,-15.0
3160,840-2-102,2001,-22.0
3160,840-2-102,2003,-10.0
3160,840-2-102,2011,25.0
3160,840-2-102,2016,
3160,840-2-102,2022,4.0
3160,840-2-105,1997,-23.0
3160,840-2-105,2001,1.0
3160,840-2-105,2003,-10.0
3160,840-2-105,2007,-3.0
3160,840-2-105,2010,-13.0
3160,840-2-105,2011,-1.0
3160,840-2-105,2016,4.0
3160,840-2-105,2017,-4.0
3160,840-2-105,2022,-5.0
3160,840-2-109,2001,-15.0
3160,840-2-109,2003,-10.0
3160,840-2-109,2007,2.0
3160,840-2-109,2010,2.0
3160,840-2-109,2011,22.0
3160,840-2-109,2016,4.0
3160,840-2-109,2017,35.0
3160,840-2-109,2022,6.0
3160,840-2-111,2001,-3.0
3160,840-2-111,2003,-3.0
3160,840-2-111,2007,33.0
3160,840-2-111,2011,-15.0
3160,840-2-111,2017,4.0
3160,840-2-111,2022,7.0
3160,840-2-12,2001,
3160,840-2-12,2011,-1.0
3160,840-2-12,2017,-3.0
3160,840-2-12,2022,0.0
3160,840-2-13,1997,-3.0
3160,840-2-13,1998,19.0
3160,840-2-13,2001,14.0
3160,840-2-13,2003,
3160,840-2-13,2011,-10.0
3160,840-2-13,2016,13.0
3160,840-2-13,2022,3.0
3160,840-2-14,1997,3.0
3160,840-2-14,1998,-4.0
3160,840-2-14,2001,-2.0
3160,840-2-14,2003,-14.0
3160,840-2-14,2010,-14.0
3160,840-2-14,2011,-5.0
3160,840-2-14,2017,-18.0
3160,840-2-140,1997,-15.0
3160,840-2-140,2010,-8.0
3160,840-2-140,2011,
3160,840-2-140,2017,19.0
3160,840-2-141,2006,39.0
3160,840-2-141,2011,-224.0
3160,840-2-141,2012,-21.0
3160,840-2-141,2017,-26.0
3160,840-2-142,1997,-3.0
3160,840-2-142,1998,8.0
3160,840-2-142,2001,-2.0
3160,840-2-142,2006,21.0
3160,840-2-142,2011,
3160,840-2-142,2017,-4.0
3160,840-2-142,2022,
3160,840-2-15,1997,-12.0
3160,840-2-15,1998,24.0
3160,840-2-15,2000,7.0
3160,840-2-15,2001,-9.0
3160,840-2-15,2003,
3160,840-2-15,2012,101.0
3160,840-2-15,2018,20.0
3160,840-2-156,2001,17.0
3160,840-2-156,2003,-11.0
3160,840-2-156,2007,4.0
3160,840-2-156,2010,-25.0
3160,840-2-156,2011,-16.0
3160,840-2-156,2017,-17.0
3160,840-2-156,2022,-17.0
3160,840-2-16,2001,
3160,840-2-16,2003,-38.0
3160,840-2-16,2010,-6.0
3160,840-2-16,2011,5.0
3160,840-2-162,2001,10.0
3160,840-2-162,2003,5.0
3160,840-2-162,2007,-15.0
3160,840-2-162,2011,-9.0
3160,840-2-162,2016,
3160,840-2-162,2022,
3160,840-2-164,2001,5.0
3160,840-2-164,2003,3.0
3160,840-2-164,2007,0.0
3160,840-2-164,2010,-12.0
3160,840-2-164,2011,-1.0
3160,840-2-164,2022,5.0
3160,840-2-17,1997,-14.0
3160,840-2-17,2001,3.0
3160,840-2-17,2003,-1.0
3160,840-2-17,2007,-3.0
3160,840-2-17,2010,
3160,840-2-17,2017,-1.0
3160,840-2-19,1997,-8.0
3160,840-2-19,1998,2.0
3160,840-2-19,2001,6.0
3160,840-2-19,2003,-8.0
3160,840-2-19,2007,-6.0
3160,840-2-19,2010,-7.0
3160,840-2-19,2011,
3160,840-2-19,2017,-9.0
3160,840-2-19,2022,
3160,840-2-20,1997,4.0
3160,840-2-20,1998,-1.0
3160,840-2-20,2001,-2.0
3160,840-2-20,2003,5.0
3160,840-2-20,2011,5.0
3160,840-2-20,2017,9.0
3160,840-2-20,2022,-7.0
3160,840-2-201,1997,19.0
3160,840-2-201,1998,0.0
3160,840-2-201,2001,1.0
3160,840-2-201,2003,18.0
3160,840-2-201,2007,6.0
3160,840-2-201,2018,-8.0
3160,840-2-201,2022,-17.0
3160,840-2-204,2001,-19.0
3160,840-2-204,2003,15.0
3160,840-2-204,2007,-6.0
3160,840-2-204,2010,-2.0
3160,840-2-204,2016,8.0
3160,840-2-204,2017,5.0
3160,840-2-205,1998,4.0
3160,840-2-205,2001,10.0
3160,840-2-205,2003,-3.0
3160,840-2-205,2007,10.0
3160,840-2-205,2010,6.0
3160,840-2-205,2011,-17.0
3160,840-2-205,2017,0.0
3160,840-2-205,2022,
3160,840-2-207,1997,31.0
3160,840-2-207,2001,-2.0
3160,840-2-207,2003,0.0
3160,840-2-207,2007,-12.0
3160,840-2-207,2010,5.0
3160,840-2-207,2011,-6.0
3160,840-2-208,2007,
3160,840-2-208,2011,
3160,840-2-208,2017,-7.0
3160,840-2-208,2021,-2.0
3160,840-2-209,2001,
3160,840-2-209,2007,9.0
3160,840-2-209,2011,-3.0
3160,840-2-209,2017,
3160,840-2-209,2022,0.0
3160,840-2-21,1997,-16.0
3160,840-2-21,1998,8.0
3160,840-2-21,2001,7.0
3160,840-2-21,2003,23.0
3160,840-2-21,2007,3.0
3160,840-2-21,2011,-9.0
3160,840-2-21,2017,8.0
3160,840-2-21,2021,-3.0
3160,840-2-21,2022,5.0
3160,840-2-210,1997,3.0
3160,840-2-210,1998,
3160,840-2-210,2003,-3.0
3160,840-2-210,2010,7.0
3160,840-2-210,2011,-22.0
3160,840-2-210,2017,-8.0
3160,840-2-210,2022,
3160,840-2-211,1997,13.0
3160,840-2-211,1998,-23.0
3160,840-2-211,2001,-17.0
3160,840-2-211,2003,18.0
3160,840-2-211,2007,20.0
3160,840-2-211,2010,-7.0
3160,840-2-211,2011,22.0
3160,840-2-211,2017,
3160,840-2-211,2022,2.0
3160,840-2-212,1997,15.0
3160,840-2-212,1998,-2.0
3160,840-2-212,2001,-15.0
3160,840-2-212,2003,8.0
3160,840-2-212,2011,2.0
3160,840-2-212,2017,
3160,840-2-214,1997,1.0
3160,840-2-214,1998,-6.0
3160,840-2-214,2001,13.0
3160,840-2-214,2011,-10.0
3160,840-2-214,2017,0.0
3160,840-2-215,1997,54.0
3160,840-2-215,1998,-45.0
3160,840-2-215,2003,8.0
3160,840-2-215,2010,
3160,840-2-215,2017,7.0
3160,840-2-215,2022,4.0
3160,840-2-216,1998,-8.0
3160,840-2-216,2005,
3160,840-2-216,2011,
3160,840-2-216,2017,-15.0
3160,840-2-216,2022,13.0
3160,840-2-218,1997,-14.0
3160,840-2-218,1998,-29.0
3160,840-2-218,2001,7.0
3160,840-2-218,2006,22.0
3160,840-2-218,2011,
3160,840-2-218,2017,5.0
3160,840-2-218,2022,7.0
3160,840-2-22,1997,23.0
3160,840-2-22,1998,-23.0
3160,840-2-22,2001,-11.0
3160,840-2-22,2003,-6.0
3160,840-2-22,2007,-1.0
3160,840-2-22,2011,7.0
3160,840-2-22,2022,0.0
3160,840-2-23,1997,-1.0
3160,840-2-23,1998,4.0
3160,840-2-23,2001,-3.0
3160,840-2-23,2003,-3.0
3160,840-2-23,2011,-8.0
3160,840-2-23,2022,-1.0
3160,840-2-24,1998,-5.0
3160,840-2-24,1999,10.0
3160,840-2-24,2001,-2.0
3160,840-2-24,2003,-1.0
3160,840-2-24,2007,-14.0
3160,840-2-24,2010,-17.0
3160,840-2-24,2011,2.0
3160,840-2-24,2017,1.0
3160,840-2-24,2022,-8.0
3160,840-2-25,1997,12.0
3160,840-2-25,1998,
3160,840-2-25,2001,-7.0
3160,840-2-25,2003,1.0
3160,840-2-25,2007,6.0
3160,840-2-25,2010,-15.0
3160,840-2-25,2011,2.0
3160,840-2-25,2017,
3160,840-2-25,2022,
3160,840-2-26,1997,-31.0
3160,840-2-26,1998,43.0
3160,840-2-26,2001,-24.0
3160,840-2-26,2003,7.0
3160,840-2-26,2010,3.0
3160,840-2-26,2011,-3.0
3160,840-2-26,2017,
3160,840-2-27,1997,14.0
3160,840-2-27,1998,18.0
3160,840-2-27,2001,-14.0
3160,840-2-27,2003,8.0
3160,840-2-27,2007,-6.0
3160,840-2-27,2011,
3160,840-2-27,2017,-5.0
3160,840-2-27,2022,0.0
3160,840-2-28,1997,-3.0
3160,840-2-28,2001,-3.0
3160,840-2-28,2003,
3160,840-2-28,2011,
3160,840-2-28,2017,8.0
3160,840-2-28,2022,5.0
3160,840-2-29,1997,-7.0
3160,840-2-29,1998,2.0
3160,840-2-29,2001,-2.0
3160,840-2-29,2003,-19.0
3160,840-2-29,2011,-6.0
3160,840-2-29,2017,5.0
3160,840-2-29,2022,2.0
3160,840-2-31,2000,-29.0
3160,840-2-31,2001,25.0
3160,840-2-31,2003,-68.0
3160,840-2-31,2005,31.0
3160,840-2-31,2006,-2.0
3160,840-2-31,2007,-30.0
3160,840-2-31,2017,30.0
3160,840-2-31,2022,-10.0
3160,840-2-33,1997,-9.0
3160,840-2-33,1998,24.0
3160,840-2-33,2001,22.0
3160,840-2-33,2011,2.0
3160,840-2-33,2022,2.0
3160,840-2-34,1997,0.0
3160,840-2-34,1998,-17.0
3160,840-2-34,2001,0.0
3160,840-2-34,2003,2.0
3160,840-2-34,2010,-1.0
3160,840-2-34,2011,
3160,840-2-34,2022,10.0
3160,840-2-35,1997,-7.0
3160,840-2-35,1998,17.0
3160,840-2-35,2001,-2.0
3160,840-2-35,2006,-5.0
3160,840-2-35,2011,
3160,840-2-35,2017,10.0
3160,840-2-35,2022,40.0
3160,840-2-36,1997,-30.0
3160,840-2-36,1998,
3160,840-2-36,2001,1.0
3160,840-2-36,2010,-4.0
3160,840-2-36,2011,2.0
3160,840-2-38,1997,-6.0
3160,840-2-38,1998,-4.0
3160,840-2-38,2001,1.0
3160,840-2-38,2011,-8.0
3160,840-2-38,2017,1.0
3160,840-2-4,1997,12.0
3160,840-2-4,1998,71.0
3160,840-2-4,2001,10.0
3160,840-2-4,2003,6.0
3160,840-2-4,2010,-8.0
3160,840-2-4,2011,71.0
3160,840-2-4,2016,21.0
3160,840-2-4,2022,4.0
3160,840-2-43,1997,11.0
3160,840-2-43,1998,7.0
3160,840-2-43,2001,-7.0
3160,840-2-43,2003,11.0
3160,840-2-43,2007,13.0
3160,840-2-43,2010,0.0
3160,840-2-43,2011,-5.0
3160,840-2-43,2017,5.0
3160,840-2-45,1997,5.0
3160,840-2-45,1998,1.0
3160,840-2-45,2001,-3.0
3160,840-2-45,2003,-10.0
3160,840-2-45,2007,4.0
3160,840-2-45,2010,3.0
3160,840-2-45,2011,-1.0
3160,840-2-47,1997,-3.0
3160,840-2-47,1998,1.0
3160,840-2-47,2001,1.0
3160,840-2-47,2003,-1.0
3160,840-2-47,2007,4.0
3160,840-2-47,2010,-12.0
3160,840-2-47,2011,4.0
3160,840-2-47,2017,5.0
3160,840-2-47,2022,1.0
3160,840-2-48,1997,-25.0
3160,840-2-48,1998,-6.0
3160,840-2-48,2001,-8.0
3160,840-2-48,2003,-16.0
3160,840-2-48,2007,-8.0
3160,840-2-48,2011,
3160,840-2-48,2017,-1.0
3160,840-2-49,1997,-3.0
3160,840-2-49,1998,-4.0
3160,840-2-49,2001,1.0
3160,840-2-49,2003,
3160,840-2-49,2007,13.0
3160,840-2-49,2010,
3160,840-2-49,2017,4.0
3160,840-2-50,1997,19.0
3160,840-2-50,1998,4.0
3160,840-2-50,2001,0.0
3160,840-2-50,2003,27.0
3160,840-2-50,2007,9.0
3160,840-2-50,2010,-20.0
3160,840-2-50,2011,-4.0
3160,840-2-50,2017,-22.0
3160,840-2-50,2022,5.0
3160,840-2-52,1997,
3160,840-2-52,2001,12.0
3160,840-2-52,2006,4.0
3160,840-2-52,2011,-14.0
3160,840-2-52,2017,5.0
3160,840-2-53,1997,0.0
3160,840-2-53,1998,4.0
3160,840-2-53,2001,2.0
3160,840-2-53,2011,9.0
3160,840-2-53,2017,2.0
3160,840-2-54,1997,8.0
3160,840-2-54,1998,
3160,840-2-54,2001,-8.0
3160,840-2-54,2006,9.0
3160,840-2-54,2022,
3160,840-2-55,2001,32.0
3160,840-2-55,2003,5.0
3160,840-2-55,2011,
3160,840-2-55,2017,-6.0
3160,840-2-55,2022,6.0
3160,840-2-57,1997,5.0
3160,840-2-57,1998,2.0
3160,840-2-57,2001,-6.0
3160,840-2-57,2003,-4.0
3160,840-2-57,2007,-7.0
3160,840-2-57,2010,3.0
3160,840-2-57,2011,-10.0
3160,840-2-57,2022,-2.0
3160,840-2-58,1997,-3.0
3160,840-2-58,2001,-5.0
3160,840-2-58,2003,-1.0
3160,840-2-58,2007,
3160,840-2-58,2011,1.0
3160,840-2-58,2016,-14.0
3160,840-2-58,2022,-3.0
3160,840-2-59,1997,15.0
3160,840-2-59,1998,-19.0
3160,840-2-59,2001,0.0
3160,840-2-59,2003,5.0
3160,840-2-59,2007,-5.0
3160,840-2-59,2010,-1.0
3160,840-2-59,2011,7.0
3160,840-2-59,2017,-1.0
3160,840-2-59,2022,5.0
3160,840-2-60,1997,7.0
3160,840-2-60,1998,2.0
3160,840-2-60,2001,17.0
3160,840-2-60,2003,-1.0
3160,840-2-60,2007,-10.0
3160,840-2-60,2010,5.0
3160,840-2-60,2011,-3.0
3160,840-2-60,2017,-7.0
3160,840-2-61,1997,-44.0
3160,840-2-61,2001,-1.0
3160,840-2-61,2003,-27.0
3160,840-2-61,2007,5.0
3160,840-2-61,2010,10.0
3160,840-2-61,2011,-26.0
3160,840-2-61,2017,26.0
3160,840-2-63,1997,
3160,840-2-63,2001,2.0
3160,840-2-63,2003,14.0
3160,840-2-63,2007,0.0
3160,840-2-63,2009,62.0
3160,840-2-63,2010,-9.0
3160,840-2-63,2011,-23.0
3160,840-2-63,2017,-13.0
3160,840-2-63,2022,-48.0
3160,840-2-65,1997,-18.0
3160,840-2-65,1998,22.0
3160,840-2-65,2001,12.0
3160,840-2-65,2003,11.0
3160,840-2-65,2007,10.0
3160,840-2-65,2010,34.0
3160,840-2-65,2011,-13.0
3160,840-2-65,2022,27.0
3160,840-2-66,1997,1.0
3160,840-2-66,1998,4.0
3160,840-2-66,2001,1.0
3160,840-2-66,2006,21.0
3160,840-2-66,2011,-4.0
3160,840-2-66,2017,-4.0
3160,840-2-67,1997,
3160,840-2-67,2001,-17.0
3160,840-2-67,2010,-2.0
3160,840-2-67,2011,10.0
3160,840-2-67,2022,23.0
3160,840-2-68,1997,-7.0
3160,840-2-68,1998,72.0
3160,840-2-68,2006,-5.0
3160,840-2-68,2011,
3160,840-2-68,2017,
3160,840-2-7,1997,8.0
3160,840-2-7,2001,-39.0
3160,840-2-7,2003,3.0
3160,840-2-7,2007,-21.0
3160,840-2-7,2010,-10.0
3160,840-2-7,2016,10.0
3160,840-2-70,1997,6.0
3160,840-2-70,1998,29.0
3160,840-2-70,2011,19.0
3160,840-2-70,2017,-2.0
3160,840-2-71,2001,-12.0
3160,840-2-71,2007,34.0
3160,840-2-71,2010,
3160,840-2-71,2022,-59.0
3160,840-2-72,1997,-8.0
3160,840-2-72,2001,-18.0
3160,840-2-72,2003,5.0
3160,840-2-72,2007,16.0
3160,840-2-72,2010,-12.0
3160,840-2-72,2016,13.0
3160,840-2-73,1997,
3160,840-2-73,2007,5.0
3160,840-2-73,2010,-4.0
3160,840-2-73,2016,-11.0
3160,840-2-73,2017,21.0
3160,840-2-8,1997,
3160,840-2-8,2001,
3160,840-2-8,2003,9.0
3160,840-2-8,2007,6.0
3160,840-2-8,2008,-2.0
3160,840-2-8,2016,-1.0
3160,840-2-8,2018,6.0
3160,840-21-1,1997,-9.0
3160,840-21-1,1998,-1.0
3160,840-21-1,2003,7.0
3160,840-21-1,2008,2.0
3160,840-21-1,2009,17.0
3160,840-21-1,2010,-13.0
3160,840-21-1,2011,-18.0
3160,840-21-10,1998,1.0
3160,840-21-10,1999,-7.0
3160,840-21-10,2008,-9.0
3160,840-21-10,2009,6.0
3160,840-21-10,2010,-3.0
3160,840-21-10,2011,7.0
3160,840-21-105,1997,-14.0
3160,840-21-105,1998,1.0
3160,840-21-105,2003,-6.0
3160,840-21-105,2008,25.0
3160,840-21-105,2009,-30.0
3160,840-21-105,2010,-1.0
3160,840-21-105,2011,-2.0
3160,840-21-109,1997,5.0
3160,840-21-109,1998,7.0
3160,840-21-109,2003,1.0
3160,840-21-109,2009,-10.0
3160,840-21-109,2010,2.0
3160,840-21-109,2011,1.0
3160,840-21-2,1998,16.0
3160,840-21-2,2003,17.0
3160,840-21-2,2008,8.0
3160,840-21-2,2009,-3.0
3160,840-21-2,2010,-7.0
3160,840-21-3,1997,0.0
3160,840-21-3,1998,21.0
3160,840-21-3,2003,23.0
3160,840-21-3,2008,-11.0
3160,840-21-3,2009,2.0
3160,840-21-3,2010,-4.0
3160,840-21-3,2011,-12.0
3160,840-21-4,1997,18.0
3160,840-21-4,1998,1.0
3160,840-21-4,2003,16.0
3160,840-21-4,2010,-12.0
3160,840-21-4,2011,12.0
3160,840-25-1,1997,73.0
3160,840-25-1,1998,1.0
3160,840-25-1,2001,95.0
3160,840-25-1,2011,
3160,840-25-10,1997,-14.0
3160,840-25-10,1998,14.0
3160,840-25-10,2010,20.0
3160,840-25-10,2011,-10.0
3160,840-25-10,2012,8.0
3160,840-25-10,2017,2.0
3160,840-25-108,1997,2.0
3160,840-25-108,1998,9.0
3160,840-25-108,2011,
3160,840-25-108,2014,-4.0
3160,840-25-11,1998,
3160,840-25-11,2002,
3160,840-25-11,2005,
3160,840-25-11,2010,0.0
3160,840-25-11,2011,-7.0
3160,840-25-11,2012,5.0
3160,840-25-11,2022,10.0
3160,840-25-113,1997,-7.0
3160,840-25-113,1998,-2.0
3160,840-25-113,2003,18.0
3160,840-25-113,2010,-10.0
3160,840-25-113,2011,7.0
3160,840-25-113,2012,-4.0
3160,840-25-113,2022,8.0
3160,840-25-116,1998,32.0
3160,840-25-116,1999,-11.0
3160,840-25-116,2004,-22.0
3160,840-25-116,2005,-19.0
3160,840-25-116,2010,-33.0
3160,840-25-116,2011,39.0
3160,840-25-116,2012,-20.0
3160,840-25-116,2022,-7.0
3160,840-25-12,1997,1.0
3160,840-25-12,1998,
3160,840-25-12,2001,12.0
3160,840-25-12,2003,-8.0
3160,840-25-12,2005,23.0
3160,840-25-12,2010,-2.0
3160,840-25-12,2011,
3160,840-25-12,2017,-5.0
3160,840-25-12,2022,24.0
3160,840-25-129,1998,-43.0
3160,840-25-129,2005,-37.0
3160,840-25-129,2010,36.0
3160,840-25-129,2011,-46.0
3160,840-25-129,2012,-2.0
3160,840-25-132,1998,8.0
3160,840-25-132,1999,29.0
3160,840-25-132,2005,27.0
3160,840-25-132,2010,-34.0
3160,840-25-132,2011,16.0
3160,840-25-14,1998,4.0
3160,840-25-14,2003,-18.0
3160,840-25-14,2010,-14.0
3160,840-25-14,2011,-9.0
3160,840-25-14,2012,30.0
3160,840-25-14,2015,-12.0
3160,840-25-15,1997,-2.0
3160,840-25-15,1998,-5.0
3160,840-25-15,2011,2.0
3160,840-25-15,2012,-1.0
3160,840-25-15,2017,2.0
3160,840-25-165,2003,-15.0
3160,840-25-165,2004,13.0
3160,840-25-165,2011,22.0
3160,840-25-165,2012,-26.0
3160,840-25-165,2015,
3160,840-25-172,2004,66.0
3160,840-25-172,2005,-16.0
3160,840-25-172,2010,23.0
3160,840-25-172,2011,-3.0
3160,840-25-172,2012,12.0
3160,840-25-175,1998,43.0
3160,840-25-175,1999,-68.0
3160,840-25-175,2005,0.0
3160,840-25-175,2010,
3160,840-25-178,1999,50.0
3160,840-25-178,2002,45.0
3160,840-25-178,2004,20.0
3160,840-25-178,2010,14.0
3160,840-25-18,1998,19.0
3160,840-25-18,1999,-5.0
3160,840-25-18,2007,38.0
3160,840-25-18,2010,5.0
3160,840-25-18,2012,-1.0
3160,840-25-18,2022,-1.0
3160,840-25-180,1998,
3160,840-25-180,2002,-5.0
3160,840-25-180,2004,1.0
3160,840-25-180,2010,
3160,840-25-19,1997,
3160,840-25-19,2010,12.0
3160,840-25-19,2011,-20.0
3160,840-25-19,2012,16.0
3160,840-25-19,2015,12.0
3160,840-25-19,2022,-4.0
3160,840-25-2,1997,-22.0
3160,840-25-2,1998,-2.0
3160,840-25-2,2006,-1.0
3160,840-25-2,2011,
3160,840-25-20,1998,1.0
3160,840-25-20,2005,7.0
3160,840-25-20,2010,6.0
3160,840-25-20,2011,-12.0
3160,840-25-20,2012,-13.0
3160,840-25-20,2022,11.0
3160,840-25-21,1998,21.0
3160,840-25-21,2003,-5.0
3160,840-25-21,2010,8.0
3160,840-25-21,2011,3.0
3160,840-25-21,2012,23.0
3160,840-25-21,2022,5.0
3160,840-25-22,1998,-6.0
3160,840-25-22,1999,13.0
3160,840-25-22,2003,-19.0
3160,840-25-22,2005,-13.0
3160,840-25-22,2010,1.0
3160,840-25-22,2011,7.0
3160,840-25-22,2012,14.0
3160,840-25-24,1998,
3160,840-25-24,2005,-10.0
3160,840-25-24,2010,-1.0
3160,840-25-24,2011,3.0
3160,840-25-24,2018,
3160,840-25-25,1998,77.0
3160,840-25-25,1999,27.0
3160,840-25-25,2005,-36.0
3160,840-25-25,2010,38.0
3160,840-25-26,1998,34.0
3160,840-25-26,1999,15.0
3160,840-25-26,2005,-43.0
3160,840-25-26,2010,
3160,840-25-27,1998,2.0
3160,840-25-27,1999,25.0
3160,840-25-27,2004,-12.0
3160,840-25-27,2005,-6.0
3160,840-25-27,2010,33.0
3160,840-25-27,2011,-7.0
3160,840-25-27,2012,-4.0
3160,840-25-28,1999,1.0
3160,840-25-28,2002,-5.0
3160,840-25-28,2004,4.0
3160,840-25-28,2015,0.0
3160,840-25-3,1997,6.0
3160,840-25-3,1998,6.0
3160,840-25-3,2006,1.0
3160,840-25-3,2011,
3160,840-25-30,1998,
3160,840-25-30,2005,-3.0
3160,840-25-30,2010,
3160,840-25-30,2012,-1.0
3160,840-25-31,1998,11.0
3160,840-25-31,1999,6.0
3160,840-25-31,2004,11.0
3160,840-25-31,2005,-24.0
3160,840-25-31,2010,-27.0
3160,840-25-31,2011,59.0
3160,840-25-37,1997,-9.0
3160,840-25-37,1998,-2.0
3160,840-25-37,2010,1.0
3160,840-25-37,2011,
3160,840-25-4,1997,19.0
3160,840-25-4,1998,-17.0
3160,840-25-4,2011,
3160,840-25-4,2014,29.0
3160,840-25-4,2017,50.0
3160,840-25-4,2022,24.0
7610,124-11-10,1999,
7610,124-11-10,2001,-28.0
7610,124-11-10,2004,10.0
7610,124-11-10,2006,-9.0
7610,124-11-10,2012,
7610,124-11-126,1998,
7610,124-11-126,2001,-1.0
7610,124-11-126,2004,-3.0
7610,124-11-126,2007,7.0
7610,124-11-126,2008,-14.0
7610,124-11-126,2009,3.0
7610,124-11-126,2010,-10.0
7610,124-11-126,2011,-4.0
7610,124-11-126,2012,-2.0
7610,124-11-126,2015,26.0
7610,124-11-136,2004,-2.0
7610,124-11-136,2008,-3.0
7610,124-11-136,2010,9.0
7610,124-11-137,1997,1.0
7610,124-11-137,1998,-2.0
7610,124-11-137,2010,
7610,124-11-137,2013,-1.0
7610,124-11-137,2014,3.0
7610,124-11-167,2001,-1.0
7610,124-11-167,2004,-8.0
7610,124-11-167,2008,-8.0
7610,124-11-167,2012,
7610,124-11-17,1999,-6.0
7610,124-11-17,2000,
7610,124-11-17,2014,-2.0
7610,124-11-17,2015,
7610,124-11-17,2021,-4.0
7610,124-11-19,1999,-8.0
7610,124-11-19,2001,-29.0
7610,124-11-19,2002,
7610,124-11-19,2006,
7610,124-11-19,2011,
7610,124-11-19,2015,24.0
7610,124-11-198,2004,-3.0
7610,124-11-198,2005,4.0
7610,124-11-198,2008,1.0
7610,124-11-198,2010,-1.0
7610,124-11-208,1999,-4.0
7610,124-11-208,2001,-19.0
7610,124-11-208,2004,8.0
7610,124-11-208,2010,3.0
7610,124-11-208,2011,-3.0
7610,124-11-208,2012,-9.0
7610,124-11-208,2015,4.0
7610,124-11-208,2021,-15.0
7610,124-11-220,1999,-28.0
7610,124-11-220,2001,6.0
7610,124-11-220,2004,
7610,124-11-220,2010,-25.0
7610,124-11-220,2011,
7610,124-11-220,2021,2.0
7610,124-11-222,1999,16.0
7610,124-11-222,2001,-20.0
7610,124-11-222,2004,6.0
7610,124-11-222,2006,19.0
7610,124-11-222,2010,10.0
7610,124-11-222,2012,3.0
7610,124-11-222,2015,7.0
7610,124-11-223,1999,-10.0
7610,124-11-223,2004,13.0
7610,124-11-223,2011,39.0
7610,124-11-223,2015,
7610,124-11-234,2001,-19.0
7610,124-11-234,2002,
7610,124-11-234,2004,3.0
7610,124-11-234,2012,-10.0
7610,124-11-234,2015,
7610,124-11-234,2021,-13.0
7610,124-11-244,1999,5.0
7610,124-11-244,2001,-17.0
7610,124-11-244,2002,17.0
7610,124-11-244,2004,9.0
7610,124-11-244,2008,3.0
7610,124-11-244,2012,-4.0
7610,124-11-244,2015,-12.0
7610,124-11-244,2021,-3.0
7610,124-11-255,1998,-32.0
7610,124-11-255,1999,7.0
7610,124-11-255,2001,-11.0
7610,124-11-255,2004,19.0
7610,124-11-255,2006,15.0
7610,124-11-255,2008,-27.0
7610,124-11-255,2012,-8.0
7610,124-11-255,2021,5.0
7610,124-11-265,1999,
7610,124-11-265,2004,-13.0
7610,124-11-265,2008,-5.0
7610,124-11-265,2012,16.0
7610,124-11-265,2021,-15.0
7610,124-11-270,1998,-28.0
7610,124-11-270,1999,6.0
7610,124-11-270,2001,-30.0
7610,124-11-270,2004,-16.0
7610,124-11-270,2008,13.0
7610,124-11-270,2012,0.0
7610,124-11-270,2021,-5.0
7610,124-11-29,1999,-9.0
7610,124-11-29,2001,-17.0
7610,124-11-29,2006,-10.0
7610,124-11-29,2012,-3.0
7610,124-11-29,2015,-3.0
7610,124-11-3,1999,7.0
7610,124-11-3,2006,-2.0
7610,124-11-3,2011,-2.0
7610,124-11-3,2012,6.0
7610,124-11-3,2015,7.0
7610,124-11-33,1999,5.0
7610,124-11-33,2001,-29.0
7610,124-11-33,2002,1.0
7610,124-11-33,2003,20.0
7610,124-11-33,2004,0.0
7610,124-11-33,2006,-13.0
7610,124-11-33,2012,12.0
7610,124-11-332,2008,-6.0
7610,124-11-332,2013,4.0
7610,124-11-332,2014,-1.0
7610,124-11-332,2021,
7610,124-11-401,2003,-10.0
7610,124-11-401,2004,-14.0
7610,124-11-401,2007,-56.0
7610,124-11-401,2008,42.0
7610,124-11-401,2010,0.0
7610,124-11-401,2011,10.0
7610,124-11-401,2012,23.0
7610,124-11-401,2015,2.0
7610,124-11-401,2021,3.0
7610,124-11-402,1999,-6.0
7610,124-11-402,2001,10.0
7610,124-11-402,2004,-19.0
7610,124-11-402,2007,-37.0
7610,124-11-402,2008,77.0
7610,124-11-402,2011,-1.0
7610,124-11-402,2012,-1.0
7610,124-11-402,2015,-36.0
7610,124-11-402,2021,-2.0
7610,124-11-407,1999,20.0
7610,124-11-407,2001,-18.0
7610,124-11-407,2002,-3.0
7610,124-11-407,2004,4.0
7610,124-11-407,2010,-12.0
7610,124-11-407,2011,-2.0
7610,124-11-407,2012,2.0
7610,124-11-407,2015,0.0
7610,124-11-408,2003,
7610,124-11-408,2012,
7610,124-11-408,2021,-2.0
7610,124-11-409,2001,8.0
7610,124-11-409,2004,-13.0
7610,124-11-409,2012,
7610,124-11-409,2015,12.0
7610,124-11-410,2001,-11.0
7610,124-11-410,2010,13.0
7610,124-11-410,2011,
7610,124-11-410,2015,1.0
7610,124-11-410,2021,
7610,124-11-413,2004,-20.0
7610,124-11-413,2007,2.0
7610,124-11-413,2008,
7610,124-11-413,2010,-18.0
7610,124-11-413,2012,
7610,124-11-413,2015,3.0
7610,124-11-419,1999,2.0
7610,124-11-419,2001,1.0
7610,124-11-419,2004,
7610,124-11-419,2012,-26.0
7610,124-11-419,2021,
7610,124-11-420,1999,1.0
7610,124-11-420,2001,42.0
7610,124-11-420,2002,-11.0
7610,124-11-420,2004,-10.0
7610,124-11-420,2006,1.0
7610,124-11-420,2012,
7610,124-11-420,2015,13.0
7610,124-11-45,1999,1.0
7610,124-11-45,2001,-5.0
7610,124-11-45,2002,0.0
7610,124-11-45,2003,12.0
7610,124-11-45,2004,11.0
7610,124-11-45,2006,7.0
7610,124-11-45,2012,14.0
7610,124-11-45,2015,5.0
7610,124-11-5,1999,-6.0
7610,124-11-5,2003,2.0
7610,124-11-5,2005,3.0
7610,124-11-5,2006,7.0
7610,124-11-53,1999,
7610,124-11-53,2001,
7610,124-11-53,2004,12.0
7610,124-11-53,2006,-16.0
7610,124-11-53,2015,
7610,124-11-55,1999,-18.0
7610,124-11-55,2001,-18.0
7610,124-11-55,2015,-6.0
7610,124-11-55,2021,11.0
7610,124-11-57,2001,
7610,124-11-57,2004,2.0
7610,124-11-57,2008,-8.0
7610,124-11-58,1999,15.0
7610,124-11-58,2001,-17.0
7610,124-11-58,2002,10.0
7610,124-11-58,2004,-10.0
7610,124-11-58,2006,-18.0
7610,124-11-6,2011,5.0
7610,124-11-6,2012,-16.0
7610,124-11-6,2015,12.0
7610,124-11-608,1999,-7.0
7610,124-11-608,2001,-17.0
7610,124-11-608,2004,-12.0
7610,124-11-608,2010,12.0
7610,124-11-608,2011,14.0
7610,124-11-608,2012,-23.0
7610,124-11-608,2021,
7610,124-11-609,1999,-10.0
7610,124-11-609,2002,-7.0
7610,124-11-609,2003,7.0
7610,124-11-609,2004,0.0
7610,124-11-609,2011,15.0
7610,124-11-609,2012,
7610,124-11-612,2004,
7610,124-11-612,2008,
7610,124-11-612,2010,-9.0
7610,124-11-612,2011,-15.0
7610,124-11-612,2012,-11.0
7610,124-11-612,2015,-24.0
7610,124-11-612,2021,-5.0
7610,124-11-613,2000,19.0
7610,124-11-613,2001,-18.0
7610,124-11-613,2004,-9.0
7610,124-11-613,2015,-21.0
7610,124-11-613,2021,-3.0
7610,124-11-614,2007,2.0
7610,124-11-614,2008,24.0
7610,124-11-614,2009,-7.0
7610,124-11-614,2012,11.0
7610,124-11-614,2015,6.0
7610,124-11-69,1998,-12.0
7610,124-11-69,1999,3.0
7610,124-11-69,2001,-16.0
7610,124-11-69,2004,
7610,124-11-69,2008,-19.0
7610,124-11-69,2012,
7610,124-11-709,1999,-3.0
7610,124-11-709,2001,-12.0
7610,124-11-709,2002,3.0
7610,124-11-709,2003,-8.0
7610,124-11-709,2004,3.0
7610,124-11-709,2009,6.0
7610,124-11-709,2012,
7610,124-11-71,2004,
7610,124-11-71,2007,-25.0
7610,124-11-71,2008,-17.0
7610,124-11-71,2012,48.0
7610,124-11-71,2021,
7610,124-11-72,1998,-44.0
7610,124-11-72,1999,
7610,124-11-72,2002,-3.0
7610,124-11-72,2004,
7610,124-11-72,2007,-5.0
7610,124-11-72,2008,14.0
7610,124-11-72,2012,55.0
7610,124-11-72,2015,-33.0
7610,124-11-74,1999,4.0
7610,124-11-74,2001,-11.0
7610,124-11-74,2004,17.0
7610,124-11-74,2006,-4.0
7610,124-11-74,2011,4.0
7610,124-11-74,2021,-9.0
7610,124-11-75,1998,8.0
7610,124-11-75,1999,0.0
7610,124-11-75,2001,-1.0
7610,124-11-75,2006,4.0
7610,124-11-75,2008,-4.0
7610,124-11-75,2012,20.0
7610,124-11-75,2013,-24.0
7610,124-11-75,2015,0.0
7610,124-11-75,2016,-9.0
7610,124-11-81,1998,-6.0
7610,124-11-81,2001,0.0
7610,124-11-81,2004,-9.0
7610,124-11-81,2008,-16.0
7610,124-11-81,2012,13.0
7610,124-11-9,1999,-11.0
7610,124-11-9,2001,-12.0
7610,124-11-9,2003,2.0
7610,124-11-9,2004,2.0
7610,124-11-9,2006,5.0
7610,124-11-9,2011,0.0
7610,124-11-9,2012,
7610,124-4-10,2005,-8.0
7610,124-4-10,2016,6.0
7610,124-4-10,2021,25.0
7610,124-4-105,1999,-4.0
7610,124-4-105,2006,9.0
7610,124-4-105,2011,6.0
7610,124-4-105,2015,12.0
7610,124-4-105,2021,27.0
7610,124-4-107,2011,
7610,124-4-107,2014,
7610,124-4-107,2016,-1.0
7610,124-4-109,2005,4.0
7610,124-4-109,2011,3.0
7610,124-4-109,2015,-2.0
7610,124-4-109,2016,0.0
7610,124-4-109,2021,-6.0
7610,124-4-113,1999,6.0
7610,124-4-113,2002,-12.0
7610,124-4-113,2005,
7610,124-4-113,2011,4.0
7610,124-4-113,2016,2.0
7610,124-4-113,2021,-1.0
7610,124-4-114,1999,5.0
7610,124-4-114,2002,4.0
7610,124-4-114,2005,1.0
7610,124-4-114,2011,
7610,124-4-114,2015,
7610,124-4-114,2021,-9.0
7610,124-4-115,1999,9.0
7610,124-4-115,2002,5.0
7610,124-4-115,2005,-10.0
7610,124-4-115,2015,29.0
7610,124-4-115,2016,
7610,124-4-115,2021,
7610,124-4-116,2001,-6.0
7610,124-4-116,2006,12.0
7610,124-4-116,2011,-3.0
7610,124-4-116,2015,10.0
7610,124-4-116,2016,
7610,124-4-121,2000,-3.0
7610,124-4-121,2002,3.0
7610,124-4-121,2005,-14.0
7610,124-4-121,2006,
7610,124-4-125,2001,16.0
7610,124-4-125,2010,-9.0
7610,124-4-125,2015,-18.0
7610,124-4-125,2021,8.0
7610,124-4-127,2001,
7610,124-4-127,2015,-4.0
7610,124-4-127,2016,-1.0
7610,124-4-127,2018,
7610,124-4-128,2002,10.0
7610,124-4-128,2005,0.0
7610,124-4-128,2021,9.0
7610,124-4-129,2000,-6.0
7610,124-4-129,2001,11.0
7610,124-4-129,2002,-2.0
7610,124-4-129,2005,7.0
7610,124-4-129,2006,-5.0
7610,124-4-13,1997,1.0
7610,124-4-13,1999,8.0
7610,124-4-13,2000,
7610,124-4-13,2011,5.0
7610,124-4-13,2016,-12.0
7610,124-4-13,2018,-4.0
7610,124-4-136,2002,11.0
7610,124-4-136,2004,-3.0
7610,124-4-136,2005,1.0
7610,124-4-136,2021,3.0
7610,124-4-138,2003,
7610,124-4-138,2005,-9.0
7610,124-4-138,2015,10.0
7610,124-4-138,2021,20.0
7610,124-4-14,1997,2.0
7610,124-4-14,2002,-10.0
7610,124-4-14,2005,16.0
7610,124-4-14,2006,-5.0
7610,124-4-14,2011,
7610,124-4-15,1999,-28.0
7610,124-4-15,2000,9.0
7610,124-4-15,2002,-2.0
7610,124-4-15,2015,4.0
7610,124-4-15,2016,8.0
7610,124-4-15,2021,-2.0
7610,124-4-17,1999,3.0
7610,124-4-17,2001,-9.0
7610,124-4-17,2006,4.0
7610,124-4-17,2015,-3.0
7610,124-4-18,1997,1.0
7610,124-4-18,2002,-1.0
7610,124-4-18,2004,-2.0
7610,124-4-18,2005,-3.0
7610,124-4-18,2006,3.0
7610,124-4-19,2002,-16.0
7610,124-4-19,2005,-7.0
7610,124-4-19,2015,
7610,124-4-19,2021,
7610,124-4-196,1999,-9.0
7610,124-4-196,2005,5.0
7610,124-4-196,2015,29.0
7610,124-4-196,2021,-13.0
7610,124-4-2,1998,2.0
7610,124-4-2,2005,9.0
7610,124-4-2,2010,-1.0
7610,124-4-2,2011,-4.0
7610,124-4-2,2015,6.0
7610,124-4-2,2021,9.0
7610,124-4-20,1999,1.0
7610,124-4-20,2002,
7610,124-4-20,2005,0.0
7610,124-4-20,2014,0.0
7610,124-4-20,2016,2.0
7610,124-4-20,2021,5.0
7610,124-4-201,2004,-9.0
7610,124-4-201,2015,
7610,124-4-201,2021,15.0
7610,124-4-204,2005,-6.0
7610,124-4-204,2011,-3.0
7610,124-4-204,2014,15.0
7610,124-4-204,2015,5.0
7610,124-4-204,2016,-10.0
7610,124-4-204,2021,
7610,124-4-210,2005,3.0
7610,124-4-210,2015,0.0
7610,124-4-210,2016,14.0
7610,124-4-210,2021,9.0
7610,124-4-212,2002,0.0
7610,124-4-212,2005,0.0
7610,124-4-212,2015,
7610,124-4-212,2018,-2.0
7610,124-4-213,2005,0.0
7610,124-4-213,2006,2.0
7610,124-4-213,2011,0.0
7610,124-4-213,2014,0.0
7610,124-4-213,2015,
7610,124-4-213,2018,-1.0
7610,124-4-214,2005,5.0
7610,124-4-214,2014,3.0
7610,124-4-214,2015,-2.0
7610,124-4-214,2016,-3.0
7610,124-4-214,2021,-2.0
7610,124-4-215,1998,23.0
7610,124-4-215,1999,-45.0
7610,124-4-215,2006,4.0
7610,124-4-215,2015,8.0
7610,124-4-215,2016,3.0
7610,124-4-22,2002,-8.0
7610,124-4-22,2005,2.0
7610,124-4-22,2006,3.0
7610,124-4-22,2015,6.0
7610,124-4-22,2016,-12.0
7610,124-4-227,2002,7.0
7610,124-4-227,2015,-2.0
7610,124-4-227,2016,
7610,124-4-228,2000,-2.0
7610,124-4-228,2001,-17.0
7610,124-4-228,2002,
7610,124-4-228,2005,-17.0
7610,124-4-228,2015,-1.0
7610,124-4-229,1999,17.0
7610,124-4-229,2000,3.0
7610,124-4-229,2002,23.0
7610,124-4-229,2005,-6.0
7610,124-4-229,2006,5.0
7610,124-4-229,2015,26.0
7610,124-4-229,2016,5.0
7610,124-4-229,2021,18.0
7610,124-4-24,2021,
7610,124-4-25,1999,7.0
7610,124-4-25,2001,0.0
7610,124-4-25,2004,5.0
7610,124-4-25,2015,5.0
7610,124-4-251,1999,
7610,124-4-251,2002,7.0
7610,124-4-251,2003,-1.0
7610,124-4-251,2011,-11.0
7610,124-4-251,2021,0.0
7610,124-4-26,2004,-6.0
7610,124-4-26,2005,-11.0
7610,124-4-26,2006,-2.0
7610,124-4-26,2015,-8.0
7610,124-4-26,2016,10.0
7610,124-4-27,2002,3.0
7610,124-4-27,2004,12.0
7610,124-4-27,2005,-21.0
7610,124-4-27,2006,-1.0
7610,124-4-28,2001,-2.0
7610,124-4-28,2002,-11.0
7610,124-4-28,2005,13.0
7610,124-4-28,2015,3.0
7610,124-4-28,2021,0.0
7610,124-4-29,1999,12.0
7610,124-4-29,2000,-1.0
7610,124-4-29,2002,-7.0
7610,124-4-29,2005,
7610,124-4-29,2015,-4.0
7610,124-4-29,2021,12.0
7610,124-4-3,1998,0.0
7610,124-4-3,2005,-1.0
7610,124-4-3,2006,1.0
7610,124-4-3,2007,-4.0
7610,124-4-3,2011,3.0
7610,124-4-3,2014,0.0
7610,124-4-3,2015,-1.0
7610,124-4-3,2016,-2.0
7610,124-4-302,1998,7.0
7610,124-4-302,2005,6.0
7610,124-4-302,2010,4.0
7610,124-4-302,2011,2.0
7610,124-4-302,2014,-5.0
7610,124-4-302,2015,-2.0
7610,124-4-302,2021,-14.0
7610,124-4-304,2005,-4.0
7610,124-4-304,2011,-5.0
7610,124-4-304,2014,4.0
7610,124-4-304,2015,-4.0
7610,124-4-304,2021,
7610,124-4-306,2014,
7610,124-4-306,2021,2.0
7610,124-4-31,1999,-6.0
7610,124-4-31,2000,8.0
7610,124-4-31,2002,8.0
7610,124-4-31,2015,-14.0
7610,124-4-31,2018,
7610,124-4-311,2002,
7610,124-4-311,2005,0.0
7610,124-4-311,2016,
7610,124-4-312,2021,0.0
7610,124-4-313,2005,
7610,124-4-313,2011,-3.0
7610,124-4-313,2021,-3.0
7610,124-4-315,1999,2.0
7610,124-4-315,2002,5.0
7610,124-4-315,2009,11.0
7610,124-4-315,2014,
7610,124-4-315,2017,3.0
7610,124-4-315,2018,-8.0
7610,124-4-328,2001,3.0
7610,124-4-328,2002,-9.0
7610,124-4-328,2005,8.0
7610,124-4-328,2021,8.0
7610,124-4-329,2005,-30.0
7610,124-4-329,2021,-6.0
7610,124-4-33,1999,13.0
7610,124-4-33,2006,-4.0
7610,124-4-33,2015,
7610,124-4-33,2021,12.0
7610,124-4-330,1999,13.0
7610,124-4-330,2000,-31.0
7610,124-4-330,2002,19.0
7610,124-4-330,2005,9.0
7610,124-4-330,2015,-1.0
7610,124-4-330,2021,18.0
7610,124-4-37,2000,
7610,124-4-37,2004,-5.0
7610,124-4-37,2005,-8.0
7610,124-4-37,2006,5.0
7610,124-4-37,2012,
7610,124-4-37,2015,-1.0
7610,124-4-37,2016,5.0
7610,124-4-37,2021,
7610,124-4-4,2005,-3.0
7610,124-4-4,2011,3.0
7610,124-4-4,2014,-9.0
7610,124-4-4,2015,2.0
7610,124-4-4,2016,-3.0
7610,124-4-4,2017,14.0
7610,124-4-40,1999,-7.0
7610,124-4-40,2000,3.0
7610,124-4-40,2002,49.0
7610,124-4-40,2005,5.0
7610,124-4-40,2006,11.0
7610,124-4-40,2011,-8.0
7610,124-4-40,2015,7.0
7610,124-4-404,2011,1.0
7610,124-4-404,2015,-8.0
7610,124-4-404,2021,
7610,124-4-42,1999,16.0
7610,124-4-42,2001,
7610,124-4-42,2015,11.0
7610,124-4-42,2016,-19.0
7610,124-4-42,2018,
7610,124-4-49,2000,
7610,124-4-49,2002,6.0
7610,124-4-49,2003,-12.0
7610,124-4-49,2005,28.0
7610,124-4-49,2021,
7610,124-4-50,1999,
7610,124-4-50,2001,1.0
7610,124-4-50,2002,9.0
7610,124-4-50,2003,-11.0
7610,124-4-50,2011,-12.0
7610,124-4-50,2021,3.0
7610,124-4-55,1999,10.0
7610,124-4-55,2001,-8.0
7610,124-4-55,2002,-3.0
7610,124-4-55,2006,
7610,124-4-55,2011,3.0
7610,124-4-55,2021,
7610,124-4-6,2004,3.0
7610,124-4-6,2005,
7610,124-4-6,2015,-1.0
7610,124-4-6,2016,
7610,124-4-6,2018,-1.0
7610,124-4-62,1998,-17.0
7610,124-4-62,1999,
7610,124-4-62,2002,6.0
7610,124-4-62,2003,4.0
7610,124-4-62,2006,26.0
7610,124-4-62,2016,20.0
7610,124-4-63,1999,-6.0
7610,124-4-63,2000,9.0
7610,124-4-63,2001,-11.0
7610,124-4-63,2002,7.0
7610,124-4-63,2003,-7.0
7610,124-4-63,2006,-3.0
7610,124-4-63,2009,11.0
7610,124-4-63,2011,-3.0
7610,124-4-63,2015,6.0
7610,124-4-63,2016,17.0
7610,124-4-63,2021,-7.0
7610,124-4-7,2005,0.0
7610,124-4-7,2006,3.0
7610,124-4-7,2007,1.0
7610,124-4-7,2011,
7610,124-4-77,1998,-4.0
7610,124-4-77,2000,-1.0
7610,124-4-77,2004,-4.0
7610,124-4-77,2006,-10.0
7610,124-4-77,2009,
7610,124-4-77,2013,
7610,124-4-78,1998,-1.0
7610,124-4-78,2000,-27.0
7610,124-4-78,2004,-2.0
7610,124-4-78,2006,-4.0
7610,124-4-78,2007,1.0
7610,124-4-78,2009,
7610,124-4-78,2013,0.0
7610,124-4-9,2005,-2.0
7610,124-4-9,2006,0.0
7610,124-4-9,2011,3.0
7610,124-4-9,2014,1.0
7610,124-4-9,2015,7.0
7610,124-4-9,2016,0.0
7610,124-4-96,1998,11.0
7610,124-4-96,1999,5.0
7610,124-4-96,2015,2.0
7610,124-4-96,2021,34.0
7610,124-43-11,1998,-6.0
7610,124-43-11,1999,-6.0
7610,124-43-11,2003,-6.0
7610,124-43-11,2004,
7610,124-43-11,2013,-3.0
7610,124-43-7,1998,
7610,124-43-7,2003,
7610,124-43-7,2005,1.0
7610,124-43-7,2006,3.0
7610,124-43-7,2009,8.0
7610,124-43-7,2013,6.0
7610,124-43-7,2014,-2.0
7610,124-43-8,2005,
7610,124-43-8,2013,-12.0
7610,124-43-8,2014,45.0
7610,124-43-8,2018,
7610,124-43-9,1998,-16.0
7610,124-43-9,2000,-8.0
7610,124-43-9,2004,-5.0
7610,124-43-9,2006,-4.0
7610,124-43-9,2009,0.0
7610,124-43-9,2013,-2.0
7610,124-45-1,1998,11.0
7610,124-45-1,2000,-14.0
7610,124-45-1,2009,29.0
7610,124-45-1,2018,-1.0
7610,124-45-1,2021,-15.0
7610,124-45-101,1998,
7610,124-45-101,2000,5.0
7610,124-45-101,2004,
7610,124-45-101,2009,10.0
7610,124-45-101,2018,-2.0
7610,124-45-101,2021,2.0
7610,124-45-102,1998,-4.0
7610,124-45-102,2000,17.0
7610,124-45-102,2004,-10.0
7610,124-45-102,2009,24.0
7610,124-45-102,2018,-25.0
7610,124-45-102,2021,-1.0
7610,124-45-103,1997,8.0
7610,124-45-103,1998,-18.0
7610,124-45-103,2000,-5.0
7610,124-45-103,2004,6.0
7610,124-45-103,2009,-5.0
7610,124-45-103,2018,-3.0
7610,124-45-105,1997,
7610,124-45-105,2000,9.0
7610,124-45-105,2004,
7610,124-45-105,2009,4.0
7610,124-45-105,2018,-7.0
7610,124-45-105,2021,-3.0
7610,124-45-107,1997,-4.0
7610,124-45-107,1998,7.0
7610,124-45-107,2000,-4.0
7610,124-45-107,2004,1.0
7610,124-45-107,2009,1.0
7610,124-45-107,2018,
7610,124-45-109,1998,
7610,124-45-109,2008,-10.0
7610,124-45-109,2009,
7610,124-45-109,2018,
7610,124-45-11,1997,9.0
7610,124-45-11,1998,-14.0
7610,124-45-11,2000,-2.0
7610,124-45-11,2018,-1.0
7610,124-45-11,2021,-18.0
7610,124-45-111,1997,7.0
7610,124-45-111,1998,-6.0
7610,124-45-111,2000,-5.0
7610,124-45-111,2004,1.0
7610,124-45-111,2018,-2.0
7610,124-45-111,2021,-13.0
7610,124-45-112,2000,-4.0
7610,124-45-112,2006,1.0
7610,124-45-112,2009,8.0
7610,124-45-112,2021,-2.0
7610,124-45-113,1997,0.0
7610,124-45-113,2000,5.0
7610,124-45-113,2004,3.0
7610,124-45-113,2006,-5.0
7610,124-45-113,2009,-5.0
7610,124-45-113,2021,-8.0
7610,124-45-114,1997,-4.0
7610,124-45-114,2000,-14.0
7610,124-45-114,2002,10.0
7610,124-45-114,2009,9.0
7610,124-45-114,2012,
7610,124-45-116,2000,-3.0
7610,124-45-116,2004,-5.0
7610,124-45-116,2021,-7.0
7610,124-45-118,1998,
7610,124-45-118,2009,-11.0
7610,124-45-118,2018,
7610,124-45-12,2000,-6.0
7610,124-45-12,2006,8.0
7610,124-45-12,2009,2.0
7610,124-45-12,2021,-5.0
7610,124-45-120,1997,2.0
7610,124-45-120,2000,
7610,124-45-120,2004,
7610,124-45-120,2021,
7610,124-45-121,1997,-13.0
7610,124-45-121,1998,3.0
7610,124-45-121,2000,-10.0
7610,124-45-121,2004,1.0
7610,124-45-121,2018,14.0
7610,124-45-121,2021,-18.0
7610,124-45-13,1997,12.0
7610,124-45-13,1998,-3.0
7610,124-45-13,2000,-7.0
7610,124-45-13,2004,-10.0
7610,124-45-13,2009,-5.0
7610,124-45-13,2018,5.0
7610,124-45-13,2021,-13.0
7610,124-45-18,1997,0.0
7610,124-45-18,1998,6.0
7610,124-45-18,2000,-4.0
7610,124-45-18,2002,-3.0
7610,124-45-18,2004,6.0
7610,124-45-18,2006,-1.0
7610,124-45-18,2015,-5.0
7610,124-45-2,1997,15.0
7610,124-45-2,1998,-12.0
7610,124-45-2,2000,-9.0
7610,124-45-2,2004,-18.0
7610,124-45-2,2009,-16.0
7610,124-45-2,2018,-12.0
7610,124-45-201,2000,
7610,124-45-201,2009,-3.0
7610,124-45-201,2021,-13.0
7610,124-45-203,2004,-3.0
7610,124-45-203,2008,-4.0
7610,124-45-203,2009,17.0
7610,124-45-203,2018,-9.0
7610,124-45-203,2021,-7.0
7610,124-45-205,1998,10.0
7610,124-45-205,2000,-6.0
7610,124-45-205,2004,-1.0
7610,124-45-205,2009,3.0
7610,124-45-205,2018,0.0
7610,124-45-205,2021,0.0
7610,124-45-207,1997,0.0
7610,124-45-207,1998,4.0
7610,124-45-207,2000,-3.0
7610,124-45-207,2012,-3.0
7610,124-45-207,2018,
7610,124-45-209,1997,-5.0
7610,124-45-209,1998,5.0
7610,124-45-209,2000,-3.0
7610,124-45-209,2004,1.0
7610,124-45-209,2018,1.0
7610,124-45-209,2021,
7610,124-45-21,1997,24.0
7610,124-45-21,1998,0.0
7610,124-45-21,2000,-6.0
7610,124-45-21,2004,0.0
7610,124-45-21,2018,-11.0
7610,124-45-21,2021,-14.0
7610,124-45-213,1997,
7610,124-45-213,2000,14.0
7610,124-45-213,2002,4.0
7610,124-45-213,2004,-9.0
7610,124-45-213,2006,-3.0
7610,124-45-213,2009,-11.0
7610,124-45-216,2000,11.0
7610,124-45-216,2004,
7610,124-45-216,2018,
7610,124-45-216,2021,-11.0
7610,124-45-218,1997,3.0
7610,124-45-218,1998,8.0
7610,124-45-218,2000,-1.0
7610,124-45-218,2004,
7610,124-45-218,2018,3.0
7610,124-45-218,2021,
7610,124-45-22,2000,6.0
7610,124-45-22,2004,-7.0
7610,124-45-22,2021,4.0
7610,124-45-220,1997,5.0
7610,124-45-220,2000,-13.0
7610,124-45-220,2004,1.0
7610,124-45-220,2018,
7610,124-45-220,2021,-10.0
7610,124-45-26,2000,-5.0
7610,124-45-26,2014,6.0
7610,124-45-26,2021,-3.0
7610,124-45-3,2000,
7610,124-45-3,2006,-2.0
7610,124-45-3,2009,6.0
7610,124-45-3,2012,-9.0
7610,124-45-30,2000,15.0
7610,124-45-30,2021,2.0
7610,124-45-307,2008,7.0
7610,124-45-307,2009,-2.0
7610,124-45-307,2014,5.0
7610,124-45-307,2018,-4.0
7610,124-45-307,2021,-9.0
7610,124-45-41,1997,3.0
7610,124-45-41,1998,1.0
7610,124-45-41,2000,-8.0
7610,124-45-41,2009,-2.0
7610,124-45-41,2018,-1.0
7610,124-45-41,2021,
7610,124-45-42,2004,-1.0
7610,124-45-42,2009,-4.0
7610,124-45-42,2018,-4.0
7610,124-45-42,2021,-23.0
7610,124-45-42,2022,4.0
7610,124-45-43,1997,-9.0
7610,124-45-43,2000,-21.0
7610,124-45-43,2009,-21.0
7610,124-45-43,2018,-4.0
7610,124-45-43,2021,-6.0
7610,124-45-49,2004,-8.0
7610,124-45-49,2021,-6.0
7610,124-45-5,1997,-7.0
7610,124-45-5,1998,18.0
7610,124-45-5,2000,-2.0
7610,124-45-5,2004,9.0
7610,124-45-5,2009,15.0
7610,124-45-5,2018,-4.0
7610,124-45-5,2021,-20.0
7610,124-45-7,1997,12.0
7610,124-45-7,1998,-5.0
7610,124-45-7,2000,-6.0
7610,124-45-7,2008,-1.0
7610,124-45-7,2009,14.0
7610,124-45-7,2018,-10.0
7610,124-45-7,2021,-8.0
7610,124-45-9,1997,-4.0
7610,124-45-9,1998,
7610,124-45-9,2000,
7610,124-45-9,2009,10.0
7610,124-45-9,2018,4.0
7610,124-45-9,2021,-10.0
7610,124-56-105,1999,
7610,124-56-105,2002,40.0
7610,124-56-105,2004,-6.0
7610,124-56-105,2006,6.0
7610,124-56-105,2015,35.0
7610,124-56-105,2021,
7610,124-56-13,2001,18.0
7610,124-56-13,2004,6.0
7610,124-56-13,2011,7.0
7610,124-56-13,2018,-4.0
7610,124-56-13,2021,0.0
7610,124-56-137,1999,
7610,124-56-137,2001,15.0
7610,124-56-137,2002,-15.0
7610,124-56-137,2004,-6.0
7610,124-56-137,2015,2.0
7610,124-56-137,2018,-6.0
7610,124-56-137,2021,0.0
7610,124-56-14,1999,-25.0
7610,124-56-14,2001,6.0
7610,124-56-14,2004,2.0
7610,124-56-14,2018,
7610,124-56-15,1999,1.0
7610,124-56-15,2001,-36.0
7610,124-56-15,2004,16.0
7610,124-56-15,2011,16.0
7610,124-56-15,2018,-22.0
7610,124-56-15,2021,37.0
7610,124-56-21,1999,-17.0
7610,124-56-21,2001,3.0
7610,124-56-21,2002,3.0
7610,124-56-21,2004,
7610,124-56-21,2006,4.0
7610,124-56-21,2015,16.0
7610,124-56-21,2018,-6.0
7610,124-56-21,2021,3.0
7610,124-56-22,1999,-6.0
7610,124-56-22,2001,11.0
7610,124-56-22,2002,-5.0
7610,124-56-22,2004,4.0
7610,124-56-22,2018,-4.0
7610,124-56-25,2001,
7610,124-56-25,2015,-22.0
7610,124-56-25,2018,
7610,124-56-25,2021,6.0
7610,124-56-26,1999,7.0
7610,124-56-26,2015,-19.0
7610,124-56-26,2021,5.0
7610,124-56-31,1999,-20.0
7610,124-56-31,2001,
7610,124-56-31,2004,
7610,124-56-31,2015,1.0
7610,124-56-31,2016,-9.0
7610,124-56-31,2018,-10.0
7610,124-56-31,2021,3.0
7610,124-56-33,1999,-16.0
7610,124-56-33,2001,15.0
7610,124-56-33,2002,-14.0
7610,124-56-33,2004,-3.0
7610,124-56-33,2005,-2.0
7610,124-56-33,2015,-9.0
7610,124-56-33,2018,-4.0
7610,124-56-33,2021,-19.0
7610,124-56-34,1999,-1.0
7610,124-56-34,2004,
7610,124-56-34,2015,2.0
7610,124-56-38,1999,2.0
7610,124-56-38,2001,3.0
7610,124-56-38,2002,-14.0
7610,124-56-38,2004,-6.0
7610,124-56-38,2021,-7.0
7610,124-56-40,1999,2.0
7610,124-56-40,2001,7.0
7610,124-56-40,2002,-6.0
7610,124-56-40,2004,-6.0
7610,124-56-40,2015,0.0
7610,124-56-40,2021,-1.0
7610,124-56-41,1999,-9.0
7610,124-56-41,2001,-17.0
7610,124-56-41,2002,13.0
7610,124-56-41,2004,7.0
7610,124-56-41,2015,8.0
7610,124-56-41,2018,-15.0
7610,124-56-41,2021,40.0
7610,124-56-42,2004,-2.0
7610,124-56-42,2006,-27.0
7610,124-56-42,2015,-6.0
7610,124-56-42,2022,
7610,124-56-44,1999,5.0
7610,124-56-44,2001,8.0
7610,124-56-44,2002,10.0
7610,124-56-44,2004,-2.0
7610,124-56-9,2002,-15.0
7610,124-56-9,2004,-2.0
7610,124-56-9,2006,-11.0
7610,124-56-9,2015,3.0
7610,124-56-9,2021,
7610,124-57-10,1999,
7610,124-57-10,2006,33.0
7610,124-57-10,2015,-4.0
7610,124-57-10,2018,-13.0
7610,124-57-12,1999,1.0
7610,124-57-12,2004,-9.0
7610,124-57-12,2006,3.0
7610,124-57-12,2009,-2.0
7610,124-57-12,2011,0.0
7610,124-57-12,2018,-24.0
7610,124-57-12,2021,
7610,124-57-121,2006,12.0
7610,124-57-121,2018,-3.0
7610,124-57-121,2021,34.0
7610,124-57-14,2004,
7610,124-57-14,2018,-6.0
7610,124-57-14,2021,18.0
7610,124-57-14,2022,-13.0
7610,124-57-15,2004,-6.0
7610,124-57-15,2009,-18.0
7610,124-57-15,2014,-8.0
7610,124-57-15,2015,11.0
7610,124-57-15,2018,-2.0
7610,124-57-15,2022,2.0
7610,124-57-16,2006,-5.0
7610,124-57-16,2010,-16.0
7610,124-57-16,2015,-8.0
7610,124-57-16,2016,-16.0
7610,124-57-18,1999,10.0
7610,124-57-18,2004,-33.0
7610,124-57-18,2006,18.0
7610,124-57-18,2009,-53.0
7610,124-57-18,2011,
7610,124-57-18,2018,-2.0
7610,124-57-3,1999,-75.0
7610,124-57-3,2009,-16.0
7610,124-57-3,2018,-3.0
7610,124-57-36,2004,3.0
7610,124-57-36,2006,10.0
7610,124-57-36,2009,10.0
7610,124-57-36,2016,-25.0
7610,124-57-36,2017,19.0
7610,124-57-36,2018,40.0
7610,124-57-6,2004,-17.0
7610,124-57-6,2006,-6.0
7610,124-57-6,2009,-12.0
7610,124-57-6,2012,-3.0
7610,124-57-6,2018,-2.0
7610,124-57-6,2022,9.0
7610,124-65-11,1997,-19.0
7610,124-65-11,1999,-3.0
7610,124-65-11,2001,-22.0
7610,124-65-11,2002,6.0
7610,124-65-11,2004,-3.0
7610,124-65-11,2006,5.0
7610,124-65-117,1999,-101.0
7610,124-65-117,2001,-163.0
7610,124-65-117,2002,-9.0
7610,124-65-117,2004,-9.0
7610,124-65-117,2006,14.0
7610,124-65-117,2011,23.0
7610,124-65-117,2015,17.0
7610,124-65-117,2018,
7610,124-65-117,2021,-10.0
7610,124-65-13,1999,-5.0
7610,124-65-13,2002,
7610,124-65-13,2004,-17.0
7610,124-65-13,2006,9.0
7610,124-65-13,2015,-11.0
7610,124-65-13,2018,10.0
7610,124-65-13,2021,-15.0
7610,124-65-130,1999,0.0
7610,124-65-130,2001,-4.0
7610,124-65-130,2002,10.0
7610,124-65-130,2004,8.0
7610,124-65-130,2015,-3.0
7610,124-65-130,2021,-4.0
7610,124-65-14,1999,9.0
7610,124-65-14,2001,-15.0
7610,124-65-14,2004,-7.0
7610,124-65-14,2006,8.0
7610,124-65-14,2011,4.0
7610,124-65-14,2013,5.0
7610,124-65-14,2015,7.0
7610,124-65-14,2016,-10.0
7610,124-65-14,2018,14.0
7610,124-65-14,2021,2.0
7610,124-65-18,1999,
7610,124-65-18,2001,0.0
7610,124-65-18,2002,
7610,124-65-18,2004,18.0
7610,124-65-18,2006,
7610,124-65-18,2015,1.0
7610,124-65-18,2018,-4.0
7610,124-65-18,2021,16.0
7610,124-65-19,1999,-11.0
7610,124-65-19,2001,8.0
7610,124-65-19,2002,-26.0
7610,124-65-19,2004,-25.0
7610,124-65-19,2015,-3.0
7610,124-65-19,2018,-12.0
7610,124-65-19,2021,-26.0
7610,124-65-20,1999,-39.0
7610,124-65-20,2001,13.0
7610,124-65-20,2002,-2.0
7610,124-65-20,2004,-19.0
7610,124-65-20,2006,-6.0
7610,124-65-20,2011,7.0
7610,124-65-20,2016,-20.0
7610,124-65-20,2018,-13.0
7610,124-65-21,1999,-57.0
7610,124-65-21,2004,-7.0
7610,124-65-21,2015,24.0
7610,124-65-21,2016,3.0
7610,124-65-21,2018,-20.0
7610,124-65-21,2021,
7610,124-65-22,1999,2.0
7610,124-65-22,2002,
7610,124-65-22,2004,-38.0
7610,124-65-22,2016,-22.0
7610,124-65-22,2022,-15.0
7610,124-65-23,2002,-14.0
7610,124-65-23,2004,-11.0
7610,124-65-23,2013,-8.0
7610,124-65-23,2015,-2.0
7610,124-65-23,2016,-16.0
7610,124-65-23,2017,5.0
7610,124-65-23,2018,4.0
7610,124-65-23,2022,7.0
7610,124-65-27,1999,7.0
7610,124-65-27,2001,2.0
7610,124-65-27,2002,2.0
7610,124-65-27,2004,-7.0
7610,124-65-27,2006,0.0
7610,124-65-27,2011,10.0
7610,124-65-27,2015,-4.0
7610,124-65-27,2018,-14.0
7610,124-65-27,2021,1.0
7610,124-65-28,1999,-14.0
7610,124-65-28,2001,-2.0
7610,124-65-28,2002,-2.0
7610,124-65-28,2004,6.0
7610,124-65-28,2006,11.0
7610,124-65-28,2015,1.0
7610,124-65-28,2016,16.0
7610,124-65-28,2018,
7610,124-65-29,1999,10.0
7610,124-65-29,2001,
7610,124-65-29,2015,14.0
7610,124-65-29,2018,
7610,124-65-3,1999,-10.0
7610,124-65-3,2002,
7610,124-65-3,2011,17.0
7610,124-65-3,2015,8.0
7610,124-65-3,2018,3.0
7610,124-65-3,2021,40.0
7610,124-65-31,1999,-14.0
7610,124-65-31,2001,16.0
7610,124-65-31,2002,
7610,124-65-31,2015,
7610,124-65-31,2018,1.0
7610,124-65-31,2021,-15.0
7610,124-65-33,2001,12.0
7610,124-65-33,2004,-5.0
7610,124-65-33,2005,-5.0
7610,124-65-33,2006,41.0
7610,124-65-33,2012,-30.0
7610,124-65-33,2021,-18.0
7610,124-65-33,2022,-6.0
7610,124-65-34,1997,
7610,124-65-34,1999,-1.0
7610,124-65-34,2001,
7610,124-65-34,2007,-2.0
7610,124-65-34,2017,0.0
7610,124-65-34,2021,-2.0
7610,124-65-35,1999,-51.0
7610,124-65-35,2001,-29.0
7610,124-65-35,2002,
7610,124-65-35,2015,19.0
7610,124-65-36,1999,-8.0
7610,124-65-36,2001,-1.0
7610,124-65-36,2002,-8.0
7610,124-65-36,2004,-4.0
7610,124-65-36,2006,-4.0
7610,124-65-36,2015,2.0
7610,124-65-36,2018,-6.0
7610,124-65-37,1999,9.0
7610,124-65-37,2001,-23.0
7610,124-65-37,2002,
7610,124-65-37,2004,
7610,124-65-37,2015,9.0
7610,124-65-38,1999,
7610,124-65-38,2004,-1.0
7610,124-65-38,2005,
7610,124-65-38,2010,-8.0
7610,124-65-38,2021,
7610,124-65-5,1997,-28.0
7610,124-65-5,1999,18.0
7610,124-65-5,2001,31.0
7610,124-65-5,2002,
7610,124-65-5,2018,-17.0
7610,124-65-7,1999,-15.0
7610,124-65-7,2002,
7610,124-65-7,2011,1.0
7610,124-65-7,2015,-2.0
7610,124-65-7,2018,-12.0
7610,124-65-7,2021,-13.0
7610,124-65-9,1999,-7.0
7610,124-65-9,2004,-1.0
7610,124-65-9,2006,-12.0
7610,124-65-9,2015,7.0
7610,124-68-10,2007,-1.0
7610,124-68-10,2009,-10.0
7610,124-68-10,2012,17.0
7610,124-68-10,2015,-28.0
7610,124-68-10,2021,-3.0
7610,124-68-11,1999,39.0
7610,124-68-11,2000,-38.0
7610,124-68-11,2002,4.0
7610,124-68-11,2009,-3.0
7610,124-68-11,2012,10.0
7610,124-68-11,2015,-20.0
7610,124-68-11,2021,15.0
7610,124-68-113,1999,6.0
7610,124-68-113,2000,-27.0
7610,124-68-113,2004,-10.0
7610,124-68-113,2005,-2.0
7610,124-68-113,2009,-9.0
7610,124-68-113,2012,4.0
7610,124-68-113,2015,-10.0
7610,124-68-113,2021,-4.0
7610,124-68-117,2000,-12.0
7610,124-68-117,2004,22.0
7610,124-68-117,2005,-14.0
7610,124-68-117,2009,16.0
7610,124-68-117,2012,-18.0
7610,124-68-119,2000,-9.0
7610,124-68-119,2003,-12.0
7610,124-68-119,2004,18.0
7610,124-68-119,2005,-13.0
7610,124-68-119,2009,-12.0
7610,124-68-119,2012,-5.0
7610,124-68-12,1999,-10.0
7610,124-68-12,2000,-10.0
7610,124-68-12,2004,8.0
7610,124-68-12,2005,-3.0
7610,124-68-12,2009,-20.0
7610,124-68-12,2012,-24.0
7610,124-68-12,2016,4.0
7610,124-68-12,2022,-7.0
7610,124-68-127,2000,0.0
7610,124-68-127,2004,2.0
7610,124-68-127,2005,4.0
7610,124-68-127,2012,0.0
7610,124-68-14,2000,-17.0
7610,124-68-14,2003,-15.0
7610,124-68-14,2004,34.0
7610,124-68-14,2005,11.0
7610,124-68-14,2012,
7610,124-68-14,2015,17.0
7610,124-68-14,2021,-16.0
7610,124-68-142,2000,-9.0
7610,124-68-142,2004,8.0
7610,124-68-142,2005,2.0
7610,124-68-142,2006,-5.0
7610,124-68-142,2007,15.0
7610,124-68-142,2015,-6.0
7610,124-68-142,2021,
7610,124-68-15,1999,24.0
7610,124-68-15,2000,35.0
7610,124-68-15,2004,5.0
7610,124-68-15,2005,-37.0
7610,124-68-15,2009,2.0
7610,124-68-15,2012,-10.0
7610,124-68-15,2021,1.0
7610,124-68-16,2004,23.0
7610,124-68-16,2005,4.0
7610,124-68-16,2009,-18.0
7610,124-68-16,2012,-11.0
7610,124-68-16,2015,-1.0
7610,124-68-18,2000,7.0
7610,124-68-18,2003,-7.0
7610,124-68-18,2004,-7.0
7610,124-68-18,2005,10.0
7610,124-68-18,2009,1.0
7610,124-68-18,2012,-16.0
7610,124-68-18,2021,-7.0
7610,124-68-2,1997,
7610,124-68-2,2007,2.0
7610,124-68-2,2010,-4.0
7610,124-68-2,2012,-12.0
7610,124-68-2,2013,22.0
7610,124-68-2,2015,9.0
7610,124-68-2,2021,2.0
7610,124-68-20,2003,30.0
7610,124-68-20,2004,
7610,124-68-20,2007,5.0
7610,124-68-20,2009,29.0
7610,124-68-20,2012,6.0
7610,124-68-20,2021,27.0
7610,124-68-202,2003,2.0
7610,124-68-202,2004,-9.0
7610,124-68-202,2005,
7610,124-68-202,2007,-42.0
7610,124-68-203,2003,27.0
7610,124-68-203,2004,-30.0
7610,124-68-203,2005,51.0
7610,124-68-203,2007,-46.0
7610,124-68-203,2015,33.0
7610,124-68-203,2021,46.0
7610,124-68-207,2003,4.0
7610,124-68-207,2004,6.0
7610,124-68-207,2005,-7.0
7610,124-68-207,2007,7.0
7610,124-68-207,2009,17.0
7610,124-68-207,2021,13.0
7610,124-68-208,1999,
7610,124-68-208,2009,0.0
7610,124-68-208,2015,-2.0
7610,124-68-208,2021,
7610,124-68-209,2003,-17.0
7610,124-68-209,2004,4.0
7610,124-68-209,2005,17.0
7610,124-68-209,2007,20.0
7610,124-68-209,2009,6.0
7610,124-68-209,2015,24.0
7610,124-68-209,2021,-11.0
7610,124-68-210,2007,-6.0
7610,124-68-210,2009,16.0
7610,124-68-210,2012,-23.0
7610,124-68-210,2015,7.0
7610,124-68-210,2021,0.0
7610,124-68-211,1999,-10.0
7610,124-68-211,2000,-19.0
7610,124-68-211,2005,27.0
7610,124-68-211,2009,-11.0
7610,124-68-211,2012,13.0
7610,124-68-211,2015,0.0
7610,124-68-211,2021,13.0
7610,124-68-213,2005,-5.0
7610,124-68-213,2015,
7610,124-68-213,2021,0.0
7610,124-68-214,1999,-11.0
7610,124-68-214,2000,3.0
7610,124-68-214,2005,-5.0
7610,124-68-214,2009,-11.0
7610,124-68-214,2012,-14.0
7610,124-68-214,2017,2.0
7610,124-68-214,2021,12.0
7610,124-68-215,1999,
7610,124-68-215,2004,
7610,124-68-215,2009,11.0
7610,124-68-215,2012,-12.0
7610,124-68-216,1999,2.0
7610,124-68-216,2000,-1.0
7610,124-68-216,2004,-45.0
7610,124-68-216,2005,14.0
7610,124-68-216,2009,-24.0
7610,124-68-216,2012,-10.0
7610,124-68-216,2021,1.0
7610,124-68-217,2000,1.0
7610,124-68-217,2004,
7610,124-68-217,2009,4.0
7610,124-68-217,2012,-12.0
7610,124-68-217,2021,6.0
7610,124-68-218,2000,-3.0
7610,124-68-218,2003,5.0
7610,124-68-218,2004,9.0
7610,124-68-218,2005,-5.0
7610,124-68-218,2012,1.0
7610,124-68-219,2005,1.0
7610,124-68-219,2009,-3.0
7610,124-68-219,2015,-3.0
7610,124-68-219,2021,-9.0
7610,124-68-22,1999,14.0
7610,124-68-22,2003,15.0
7610,124-68-22,2004,-14.0
7610,124-68-22,2005,8.0
7610,124-68-22,2009,-37.0
7610,124-68-22,2012,-2.0
7610,124-68-22,2021,11.0
7610,124-68-220,2003,29.0
7610,124-68-220,2004,-12.0
7610,124-68-220,2005,-6.0
7610,124-68-220,2009,-18.0
7610,124-68-220,2012,-47.0
7610,124-68-223,1999,
7610,124-68-223,2005,-14.0
7610,124-68-223,2009,14.0
7610,124-68-223,2013,16.0
7610,124-68-223,2015,3.0
7610,124-68-223,2021,4.0
7610,124-68-224,1999,-5.0
7610,124-68-224,2000,-1.0
7610,124-68-224,2004,-22.0
7610,124-68-224,2005,35.0
7610,124-68-224,2015,-23.0
7610,124-68-224,2021,-13.0
7610,124-68-225,1999,18.0
7610,124-68-225,2000,-6.0
7610,124-68-225,2004,10.0
7610,124-68-225,2005,8.0
7610,124-68-225,2012,-5.0
7610,124-68-225,2015,4.0
7610,124-68-225,2021,-19.0
7610,124-68-233,2007,9.0
7610,124-68-233,2012,8.0
7610,124-68-233,2013,-19.0
7610,124-68-233,2021,-12.0
7610,124-68-238,1997,10.0
7610,124-68-238,1999,
7610,124-68-238,2009,3.0
7610,124-68-238,2012,-2.0
7610,124-68-238,2015,9.0
7610,124-68-238,2021,0.0
7610,124-68-242,1999,
7610,124-68-242,2006,4.0
7610,124-68-242,2007,2.0
7610,124-68-242,2009,5.0
7610,124-68-242,2012,-13.0
7610,124-68-242,2015,
7610,124-68-25,1997,14.0
7610,124-68-25,1999,-18.0
7610,124-68-25,2000,3.0
7610,124-68-25,2004,1.0
7610,124-68-25,2005,1.0
7610,124-68-25,2009,4.0
7610,124-68-25,2012,-4.0
7610,124-68-251,2000,
7610,124-68-251,2003,-34.0
7610,124-68-251,2004,-9.0
7610,124-68-251,2005,1.0
7610,124-68-251,2009,-9.0
7610,124-68-251,2012,-11.0
7610,124-68-251,2021,-6.0
7610,124-68-252,1999,
7610,124-68-252,2002,-1.0
7610,124-68-252,2003,
7610,124-68-252,2007,-3.0
7610,124-68-252,2009,-8.0
7610,124-68-252,2012,-5.0
7610,124-68-252,2014,0.0
7610,124-68-26,1999,-15.0
7610,124-68-26,2000,17.0
7610,124-68-26,2004,-8.0
7610,124-68-26,2005,-15.0
7610,124-68-26,2009,16.0
7610,124-68-26,2012,5.0
7610,124-68-26,2021,-9.0
7610,124-68-274,2007,27.0
7610,124-68-274,2012,2.0
7610,124-68-274,2021,
7610,124-68-28,1997,10.0
7610,124-68-28,2003,-1.0
7610,124-68-28,2004,17.0
7610,124-68-28,2005,-6.0
7610,124-68-28,2009,-5.0
7610,124-68-28,2012,-9.0
7610,124-68-28,2021,4.0
7610,124-68-29,2003,8.0
7610,124-68-29,2004,
7610,124-68-29,2009,-22.0
7610,124-68-29,2021,-13.0
7610,124-68-296,2003,-1.0
7610,124-68-296,2004,-16.0
7610,124-68-296,2005,12.0
7610,124-68-296,2006,7.0
7610,124-68-296,2015,-6.0
7610,124-68-296,2021,-1.0
7610,124-68-297,1999,29.0
7610,124-68-297,2003,-21.0
7610,124-68-297,2005,17.0
7610,124-68-297,2006,-18.0
7610,124-68-298,1999,20.0
7610,124-68-298,2003,7.0
7610,124-68-298,2005,-8.0
7610,124-68-298,2006,15.0
7610,124-68-298,2012,
7610,124-68-299,1999,26.0
7610,124-68-299,2003,
7610,124-68-299,2005,25.0
7610,124-68-299,2007,-12.0
7610,124-68-299,2015,14.0
7610,124-68-299,2021,-12.0
7610,124-68-300,2000,
7610,124-68-300,2002,
7610,124-68-300,2009,
7610,124-68-300,2012,-38.0
7610,124-68-300,2021,-13.0
7610,124-68-303,1997,19.0
7610,124-68-303,2007,
7610,124-68-303,2010,
7610,124-68-303,2021,8.0
7610,124-68-308,2000,2.0
7610,124-68-308,2003,-20.0
7610,124-68-308,2004,-16.0
7610,124-68-308,2005,11.0
7610,124-68-308,2007,0.0
7610,124-68-308,2009,23.0
7610,124-68-308,2015,-16.0
7610,124-68-308,2021,14.0
7610,124-68-312,2004,10.0
7610,124-68-312,2005,2.0
7610,124-68-312,2009,-11.0
7610,124-68-312,2012,-3.0
7610,124-68-312,2021,7.0
7610,124-68-314,2004,
7610,124-68-314,2016,9.0
7610,124-68-314,2022,15.0
7610,124-68-316,2000,5.0
7610,124-68-316,2003,
7610,124-68-316,2005,0.0
7610,124-68-316,2009,7.0
7610,124-68-316,2012,
7610,124-68-316,2021,
7610,124-68-317,1999,-4.0
7610,124-68-317,2000,
7610,124-68-317,2004,
7610,124-68-317,2007,-10.0
7610,124-68-317,2009,36.0
7610,124-68-319,2000,-27.0
7610,124-68-319,2004,16.0
7610,124-68-319,2005,-10.0
7610,124-68-319,2009,8.0
7610,124-68-319,2012,4.0
7610,124-68-319,2021,30.0
7610,124-68-323,1999,-15.0
7610,124-68-323,2000,10.0
7610,124-68-323,2008,6.0
7610,124-68-323,2015,0.0
7610,124-68-324,1999,-14.0
7610,124-68-324,2000,22.0
7610,124-68-324,2004,18.0
7610,124-68-324,2005,-1.0
7610,124-68-325,1999,-19.0
7610,124-68-325,2000,10.0
7610,124-68-325,2009,
7610,124-68-325,2012,-14.0
7610,124-68-325,2021,
7610,124-68-326,1997,6.0
7610,124-68-326,1999,-19.0
7610,124-68-326,2000,19.0
7610,124-68-326,2004,26.0
7610,124-68-326,2005,-22.0
7610,124-68-338,1999,
7610,124-68-338,2003,-3.0
7610,124-68-338,2004,12.0
7610,124-68-338,2005,-13.0
7610,124-68-338,2012,13.0
7610,124-68-338,2021,9.0
7610,124-68-35,2003,-6.0
7610,124-68-35,2006,
7610,124-68-35,2012,-10.0
7610,124-68-35,2021,5.0
7610,124-68-350,2002,
7610,124-68-350,2005,-4.0
7610,124-68-350,2009,
7610,124-68-350,2012,16.0
7610,124-68-350,2015,-15.0
7610,124-68-36,2000,
7610,124-68-36,2004,
7610,124-68-36,2006,8.0
7610,124-68-36,2009,5.0
7610,124-68-36,2012,-14.0
7610,124-68-37,2003,3.0
7610,124-68-37,2004,-8.0
7610,124-68-37,2005,8.0
7610,124-68-37,2006,-9.0
7610,124-68-37,2007,0.0
7610,124-68-37,2021,
7610,124-68-39,1999,6.0
7610,124-68-39,2000,-1.0
7610,124-68-39,2003,
7610,124-68-39,2005,0.0
7610,124-68-39,2012,-13.0
7610,124-68-39,2021,18.0
7610,124-68-4,2010,41.0
7610,124-68-4,2012,
7610,124-68-4,2015,6.0
7610,124-68-43,2000,7.0
7610,124-68-43,2005,
7610,124-68-43,2012,24.0
7610,124-68-44,2000,-7.0
7610,124-68-44,2004,-7.0
7610,124-68-44,2005,6.0
7610,124-68-47,2012,-21.0
7610,124-68-47,2013,6.0
7610,124-68-47,2015,-26.0
7610,124-68-47,2021,25.0
7610,124-68-49,2000,2.0
7610,124-68-49,2006,-2.0
7610,124-68-49,2007,0.0
7610,124-68-49,2012,3.0
7610,124-68-49,2015,1.0
7610,124-68-49,2021,1.0
7610,124-68-5,1999,-30.0
7610,124-68-5,2003,-4.0
7610,124-68-5,2004,-1.0
7610,124-68-5,2005,-10.0
7610,124-68-5,2007,-4.0
7610,124-68-5,2009,-14.0
7610,124-68-5,2021,-13.0
7610,124-68-50,1999,-8.0
7610,124-68-50,2000,-9.0
7610,124-68-50,2005,-3.0
7610,124-68-50,2009,
7610,124-68-50,2021,-27.0
7610,124-68-52,2000,2.0
7610,124-68-52,2003,3.0
7610,124-68-52,2004,-1.0
7610,124-68-52,2005,10.0
7610,124-68-52,2012,7.0
7610,124-68-53,2004,-22.0
7610,124-68-53,2008,3.0
7610,124-68-53,2009,0.0
7610,124-68-53,2021,
7610,124-68-54,2000,-19.0
7610,124-68-54,2004,-4.0
7610,124-68-54,2009,2.0
7610,124-68-54,2018,17.0
7610,124-68-54,2021,1.0
7610,124-68-57,2003,24.0
7610,124-68-57,2005,
7610,124-68-57,2009,12.0
7610,124-68-57,2012,10.0
7610,124-68-57,2021,
7610,124-68-59,2004,-8.0
7610,124-68-59,2005,4.0
7610,124-68-59,2006,4.0
7610,124-68-59,2007,2.0
7610,124-68-59,2012,-3.0
7610,124-68-6,1999,27.0
7610,124-68-6,2000,0.0
7610,124-68-6,2003,-8.0
7610,124-68-6,2004,5.0
7610,124-68-6,2005,19.0
7610,124-68-6,2007,0.0
7610,124-68-6,2009,16.0
7610,124-68-64,2006,5.0
7610,124-68-64,2012,-2.0
7610,124-68-64,2013,9.0
7610,124-68-64,2016,3.0
7610,124-68-64,2021,9.0
7610,124-68-65,2004,1.0
7610,124-68-65,2011,-2.0
7610,124-68-65,2021,1.0
7610,124-68-66,1997,30.0
7610,124-68-66,1998,-17.0
7610,124-68-66,2000,5.0
7610,124-68-66,2004,-3.0
7610,124-68-66,2006,-1.0
7610,124-68-66,2007,-2.0
7610,124-68-66,2009,4.0
7610,124-68-66,2012,-6.0
7610,124-68-66,2018,5.0
7610,124-68-7,2000,14.0
7610,124-68-7,2003,8.0
7610,124-68-7,2004,13.0
7610,124-68-7,2005,
7610,124-68-7,2007,
7610,124-68-7,2021,8.0
7610,124-68-8,1999,15.0
7610,124-68-8,2003,5.0
7610,124-68-8,2004,19.0
7610,124-68-8,2005,-8.0
7610,124-68-8,2007,43.0
7610,124-68-8,2009,4.0
7610,124-68-83,1997,9.0
7610,124-68-83,1999,-2.0
7610,124-68-83,2000,-7.0
7610,124-68-83,2004,10.0
7610,124-68-83,2005,-10.0
7610,124-68-83,2021,
7610,124-68-9,1999,
7610,124-68-9,2009,3.0
7610,124-68-9,2012,-19.0
7610,124-68-9,2015,-3.0
7610,124-68-9,2021,17.0
7610,124-75-5,1997,-34.0
7610,124-75-5,1999,16.0
7610,124-75-5,2002,0.0
7610,124-75-5,2004,
7610,124-75-5,2011,9.0
7610,124-75-5,2018,-5.0
7610,124-75-5,2021,-11.0
7610,124-75-9,1999,17.0
7610,124-75-9,2002,15.0
7610,124-75-9,2004,
7610,124-75-9,2006,-1.0
7610,124-75-9,2016,-17.0
7610,124-75-9,2021,-31.0
7610,124-75-9,2022,37.0
7610,124-76-1,1999,14.0
7610,124-76-1,2000,-19.0
7610,124-76-1,2004,-7.0
7610,124-76-1,2005,-11.0
7610,124-76-1,2012,-19.0
7610,124-76-1,2015,-17.0
7610,124-76-1,2021,-3.0
7610,124-76-109,1999,-19.0
7610,124-76-109,2000,
7610,124-76-109,2005,
7610,124-76-109,2015,30.0
7610,124-76-109,2021,13.0
7610,124-76-113,2000,
7610,124-76-113,2004,-23.0
7610,124-76-113,2005,-1.0
7610,124-76-113,2021,-1.0
7610,124-76-12,1997,2.0
7610,124-76-12,2002,-3.0
7610,124-76-12,2004,5.0
7610,124-76-12,2005,-11.0
7610,124-76-12,2013,-4.0
7610,124-76-120,1999,9.0
7610,124-76-120,2000,-19.0
7610,124-76-120,2002,17.0
7610,124-76-120,2004,7.0
7610,124-76-120,2005,14.0
7610,124-76-120,2015,13.0
7610,124-76-120,2021,24.0
7610,124-76-121,1999,0.0
7610,124-76-121,2000,16.0
7610,124-76-121,2002,-2.0
7610,124-76-121,2004,6.0
7610,124-76-121,2005,13.0
7610,124-76-121,2015,0.0
7610,124-76-121,2021,8.0
7610,124-76-125,2000,10.0
7610,124-76-125,2004,5.0
7610,124-76-125,2005,-17.0
7610,124-76-125,2007,-6.0
7610,124-76-125,2012,-2.0
7610,124-76-127,1999,-4.0
7610,124-76-127,2000,-3.0
7610,124-76-127,2004,4.0
7610,124-76-127,2005,-5.0
7610,124-76-127,2021,10.0
7610,124-76-140,2004,-7.0
7610,124-76-140,2005,-1.0
7610,124-76-140,2015,-4.0
7610,124-76-140,2021,13.0
7610,124-76-159,1999,-17.0
7610,124-76-159,2002,-8.0
7610,124-76-159,2004,
7610,124-76-159,2018,2.0
7610,124-76-159,2021,
7610,124-76-16,1999,7.0
7610,124-76-16,2000,0.0
7610,124-76-16,2002,-3.0
7610,124-76-16,2004,-6.0
7610,124-76-16,2005,5.0
7610,124-76-165,2001,-12.0
7610,124-76-165,2002,38.0
7610,124-76-165,2004,-42.0
7610,124-76-165,2006,-16.0
7610,124-76-165,2011,-17.0
7610,124-76-165,2014,-15.0
7610,124-76-165,2017,-6.0
7610,124-76-165,2018,-21.0
7610,124-76-165,2021,-10.0
7610,124-76-18,1999,16.0
7610,124-76-18,2000,-4.0
7610,124-76-18,2004,
7610,124-76-18,2015,-10.0
7610,124-76-18,2021,7.0
7610,124-76-19,2005,2.0
7610,124-76-19,2009,10.0
7610,124-76-19,2015,5.0
7610,124-76-19,2021,-7.0
7610,124-76-190,1999,15.0
7610,124-76-190,2000,-16.0
7610,124-76-190,2001,21.0
7610,124-76-190,2004,0.0
7610,124-76-190,2005,-13.0
7610,124-76-190,2009,1.0
7610,124-76-190,2015,5.0
7610,124-76-190,2021,2.0
7610,124-76-2,1999,-9.0
7610,124-76-2,2000,20.0
7610,124-76-2,2004,9.0
7610,124-76-2,2005,-8.0
7610,124-76-2,2015,15.0
7610,124-76-2,2021,-1.0
7610,124-76-201,1997,19.0
7610,124-76-201,1999,-6.0
7610,124-76-201,2000,1.0
7610,124-76-201,2004,-3.0
7610,124-76-201,2005,-4.0
7610,124-76-201,2009,-3.0
7610,124-76-201,2012,
7610,124-76-21,1999,-14.0
7610,124-76-21,2000,22.0
7610,124-76-21,2001,-6.0
7610,124-76-21,2002,-18.0
7610,124-76-21,2005,15.0
7610,124-76-21,2006,-16.0
7610,124-76-21,2015,-6.0
7610,124-76-21,2018,-11.0
7610,124-76-21,2021,-9.0
7610,124-76-216,2002,8.0
7610,124-76-216,2004,-6.0
7610,124-76-216,2005,-8.0
7610,124-76-216,2015,12.0
7610,124-76-216,2021,-2.0
7610,124-76-22,1999,-30.0
7610,124-76-22,2000,30.0
7610,124-76-22,2001,-21.0
7610,124-76-22,2002,-3.0
7610,124-76-22,2004,-11.0
7610,124-76-22,2005,-15.0
7610,124-76-22,2009,-4.0
7610,124-76-22,2015,5.0
7610,124-76-22,2021,-13.0
7610,124-76-221,1999,18.0
7610,124-76-221,2000,-10.0
7610,124-76-221,2002,-7.0
7610,124-76-221,2004,9.0
7610,124-76-221,2005,10.0
7610,124-76-23,1999,-23.0
7610,124-76-23,2000,20.0
7610,124-76-23,2001,
7610,124-76-23,2006,-26.0
7610,124-76-23,2015,10.0
7610,124-76-238,1999,
7610,124-76-238,2004,
7610,124-76-238,2014,-5.0
7610,124-76-238,2015,-6.0
7610,124-76-238,2021,-1.0
7610,124-76-3,1997,2.0
7610,124-76-3,1999,-11.0
7610,124-76-3,2000,8.0
7610,124-76-3,2004,-1.0
7610,124-76-3,2005,0.0
7610,124-76-3,2012,5.0
7610,124-76-3,2015,2.0
7610,124-76-302,1999,-5.0
7610,124-76-302,2000,11.0
7610,124-76-302,2002,2.0
7610,124-76-302,2004,16.0
7610,124-76-302,2005,3.0
7610,124-76-302,2015,-2.0
7610,124-76-302,2021,24.0
7610,124-76-306,1999,-12.0
7610,124-76-306,2000,2.0
7610,124-76-306,2002,10.0
7610,124-76-306,2004,15.0
7610,124-76-306,2005,-25.0
7610,124-76-306,2015,-1.0
7610,124-76-306,2021,-15.0
7610,124-76-309,1999,-24.0
7610,124-76-309,2000,14.0
7610,124-76-309,2001,-17.0
7610,124-76-309,2004,29.0
7610,124-76-309,2005,-10.0
7610,124-76-309,2015,-3.0
7610,124-76-309,2021,
7610,124-76-310,1999,7.0
7610,124-76-310,2000,
7610,124-76-310,2004,
7610,124-76-310,2008,-14.0
7610,124-76-310,2009,13.0
7610,124-76-310,2015,-2.0
7610,124-76-310,2021,-1.0
7610,124-76-314,2000,12.0
7610,124-76-314,2002,9.0
7610,124-76-314,2004,3.0
7610,124-76-314,2005,4.0
7610,124-76-314,2015,13.0
7610,124-76-314,2021,20.0
7610,124-76-318,1999,
7610,124-76-318,2002,30.0
7610,124-76-318,2005,12.0
7610,124-76-318,2015,12.0
7610,124-76-318,2021,2.0
7610,124-76-320,2005,17.0
7610,124-76-320,2015,-4.0
7610,124-76-320,2021,
7610,124-76-324,2006,-36.0
7610,124-76-324,2015,13.0
7610,124-76-324,2018,-6.0
7610,124-76-324,2021,
7610,124-76-39,1999,4.0
7610,124-76-39,2000,-1.0
7610,124-76-39,2002,-17.0
7610,124-76-39,2004,-29.0
7610,124-76-39,2005,-3.0
7610,124-76-39,2014,16.0
7610,124-76-39,2015,-11.0
7610,124-76-4,1999,3.0
7610,124-76-4,2000,-19.0
7610,124-76-4,2004,15.0
7610,124-76-4,2005,-14.0
7610,124-76-4,2015,-7.0
7610,124-76-4,2021,-10.0
7610,124-76-40,1999,-37.0
7610,124-76-40,2000,27.0
7610,124-76-40,2016,5.0
7610,124-76-40,2018,
7610,124-76-40,2021,15.0
7610,124-76-439,2005,-10.0
7610,124-76-439,2013,8.0
7610,124-76-439,2014,1.0
7610,124-76-439,2015,0.0
7610,124-76-439,2018,8.0
7610,124-76-439,2021,-5.0
7610,124-76-5,1999,-14.0
7610,124-76-5,2000,15.0
7610,124-76-5,2004,-14.0
7610,124-76-5,2005,25.0
7610,124-76-5,2015,9.0
7610,124-76-5,2021,0.0
7610,124-76-537,1999,10.0
7610,124-76-537,2000,
7610,124-76-537,2004,4.0
7610,124-76-537,2005,-7.0
7610,124-76-537,2006,5.0
7610,124-76-537,2015,-2.0
7610,124-76-537,2021,-5.0
7610,124-76-55,2012,-6.0
7610,124-76-55,2013,-6.0
7610,124-76-55,2014,26.0
7610,124-76-55,2015,-22.0
7610,124-76-55,2018,2.0
7610,124-76-55,2021,-3.0
7610,124-76-6,1999,-7.0
7610,124-76-6,2000,-19.0
7610,124-76-6,2002,0.0
7610,124-76-6,2004,-13.0
7610,124-76-6,2005,-4.0
7610,124-76-60,1999,-5.0
7610,124-76-60,2000,-1.0
7610,124-76-60,2002,17.0
7610,124-76-60,2004,-7.0
7610,124-76-60,2005,26.0
7610,124-76-60,2006,10.0
7610,124-76-60,2013,21.0
7610,124-76-60,2015,-4.0
7610,124-76-60,2018,4.0
7610,124-76-60,2021,
7610,124-76-61,1999,
7610,124-76-61,2004,
7610,124-76-61,2006,
7610,124-76-61,2015,-8.0
7610,124-76-61,2018,19.0
7610,124-76-61,2021,
7610,124-76-67,2006,30.0
7610,124-76-67,2011,12.0
7610,124-76-67,2014,1.0
7610,124-76-67,2018,-16.0
7610,124-76-67,2021,1.0
7610,124-76-69,1999,-42.0
7610,124-76-69,2000,27.0
7610,124-76-69,2002,
7610,124-76-69,2004,18.0
7610,124-76-69,2018,-4.0
7610,124-76-69,2021,1.0
7610,124-76-70,1997,14.0
7610,124-76-70,1999,8.0
7610,124-76-70,2004,0.0
7610,124-76-70,2006,
7610,124-76-70,2011,17.0
7610,124-76-70,2012,11.0
7610,124-76-8,1999,0.0
7610,124-76-8,2000,10.0
7610,124-76-8,2002,2.0
7610,124-76-8,2004,-4.0
7610,124-76-8,2005,1.0
7610,124-76-8,2015,
7610,124-76-8,2021,-5.0
7610,124-76-9,1999,-33.0
7610,124-76-9,2000,35.0
7610,124-76-9,2004,-4.0
7610,124-76-9,2005,
7610,124-76-9,2015,-3.0
7610,124-76-9,2021,
7610,124-76-90,1999,16.0
7610,124-76-90,2000,2.0
7610,124-76-90,2001,-6.0
7610,124-76-90,2002,9.0
7610,124-76-90,2004,-2.0
7610,124-76-90,2005,-21.0
7610,124-76-90,2009,-2.0
7610,124-76-90,2021,4.0
7610,124-79-106,1997,3.0
7610,124-79-106,1998,
7610,124-79-106,2000,7.0
7610,124-79-106,2004,-3.0
7610,124-79-106,2014,-4.0
7610,124-79-106,2015,
7610,124-79-109,1998,2.0
7610,124-79-109,2014,-1.0
7610,124-79-109,2015,1.0
7610,124-79-109,2016,4.0
7610,124-79-112,1997,
7610,124-79-112,2000,
7610,124-79-112,2004,-7.0
7610,124-79-112,2014,3.0
7610,124-79-112,2018,1.0
7610,124-79-113,1997,-4.0
7610,124-79-113,1998,10.0
7610,124-79-113,2000,-2.0
7610,124-79-113,2004,-2.0
7610,124-79-113,2018,5.0
7610,124-79-113,2021,-25.0
7610,124-79-116,2000,2.0
7610,124-79-116,2004,
7610,124-79-116,2014,
7610,124-79-116,2016,7.0
7610,124-79-116,2018,
7610,124-79-123,1997,8.0
7610,124-79-123,2000,-9.0
7610,124-79-123,2002,-3.0
7610,124-79-123,2004,1.0
7610,124-79-123,2014,
7610,124-79-123,2018,12.0
7610,124-79-124,2005,
7610,124-79-124,2014,-5.0
7610,124-79-124,2018,-10.0
7610,124-79-124,2021,0.0
7610,124-79-130,2000,
7610,124-79-130,2002,-7.0
7610,124-79-130,2004,-2.0
7610,124-79-130,2014,8.0
7610,124-79-130,2021,-6.0
7610,124-79-132,2004,5.0
7610,124-79-132,2005,-1.0
7610,124-79-132,2014,-9.0
7610,124-79-132,2016,-3.0
7610,124-79-132,2021,5.0
7610,124-79-133,2004,-11.0
7610,124-79-133,2005,14.0
7610,124-79-133,2014,-4.0
7610,124-79-133,2016,-4.0
7610,124-79-133,2021,-6.0
7610,124-79-139,2000,8.0
7610,124-79-139,2002,-4.0
7610,124-79-139,2004,5.0
7610,124-79-139,2014,5.0
7610,124-79-142,2002,-4.0
7610,124-79-142,2004,2.0
7610,124-79-142,2005,-3.0
7610,124-79-217,2004,-1.0
7610,124-79-217,2005,
7610,124-79-217,2014,-5.0
7610,124-79-217,2018,15.0
7610,124-79-217,2021,-7.0
7610,124-79-24,2000,2.0
7610,124-79-24,2004,-5.0
7610,124-79-309,2004,-2.0
7610,124-79-309,2014,4.0
7610,124-79-309,2015,-2.0
7610,124-79-33,2002,-2.0
7610,124-79-33,2004,5.0
7610,124-79-33,2005,-9.0
7610,124-79-33,2014,3.0
7610,124-79-33,2015,-4.0
7610,124-79-33,2016,0.0
7610,124-79-33,2018,2.0
7610,124-79-40,2000,5.0
7610,124-79-40,2002,-6.0
7610,124-79-40,2004,9.0
7610,124-79-40,2021,-2.0
7610,124-79-403,2004,6.0
7610,124-79-403,2014,-4.0
7610,124-79-403,2015,3.0
7610,124-79-403,2016,2.0
7610,124-79-403,2018,-8.0
7610,124-79-424,1998,
7610,124-79-424,2000,1.0
7610,124-79-424,2004,
7610,124-79-424,2015,8.0
7610,124-79-424,2016,-7.0
7610,124-79-424,2018,7.0
7610,124-93-164,2003,0.0
7610,124-93-164,2004,-6.0
7610,124-93-19,2000,
7610,124-93-19,2003,-5.0
7610,124-93-19,2004,-1.0
7610,124-93-19,2013,1.0
7610,124-93-21,2003,5.0
7610,124-93-21,2004,-6.0
7610,124-93-21,2008,-2.0
7610,124-93-21,2013,-5.0
7610,124-93-21,2014,0.0
7610,124-93-26,2010,9.0
7610,124-93-26,2012,1.0
7610,124-93-26,2013,-19.0
7610,124-93-26,2014,
7610,124-93-26,2022,-3.0
7610,124-93-314,2004,-15.0
7610,124-93-314,2006,-6.0
7610,124-93-314,2013,
7610,124-93-314,2022,-12.0
7610,124-93-51,2004,-6.0
7610,124-93-51,2008,-7.0
7610,124-93-51,2013,-10.0
7610,124-93-51,2014,2.0
7610,124-93-6,2003,-1.0
7610,124-93-6,2004,0.0
7610,124-93-6,2010,
7610,124-93-6,2013,-3.0
7610,124-93-6,2014,-3.0
7610,124-93-6,2021,12.0
7610,124-93-64,2004,19.0
7610,124-93-64,2018,-6.0
7610,124-93-78,2004,
7610,124-93-78,2011,20.0
7610,124-93-78,2012,
7610,124-93-78,2018,11.0
7610,124-93-78,2022,6.0
7610,124-93-79,2000,14.0
7610,124-93-79,2006,
7610,124-93-79,2008,14.0
7610,124-93-79,2013,-10.0
7610,124-93-79,2018,9.0
7610,124-93-79,2021,-4.0
7610,124-93-79,2022,5.0
7610,840-14-1,1997,-6.0
7610,840-14-1,2005,5.0
7610,840-14-1,2006,1.0
7610,840-14-1,2010,14.0
7610,840-14-1,2011,-1.0
7610,840-14-1,2012,-8.0
7610,840-14-1,2015,-7.0
7610,840-14-106,1998,-1.0
7610,840-14-106,2008,0.0
7610,840-14-106,2011,-1.0
7610,840-14-106,2015,0.0
7610,840-14-106,2016,-1.0
7610,840-14-108,1999,-8.0
7610,840-14-108,2007,0.0
7610,840-14-108,2010,10.0
7610,840-14-108,2011,-4.0
7610,840-14-108,2012,-7.0
7610,840-14-108,2015,-1.0
7610,840-14-108,2016,1.0
7610,840-14-108,2022,-4.0
7610,840-14-11,2005,17.0
7610,840-14-11,2010,-4.0
7610,840-14-11,2011,-1.0
7610,840-14-11,2012,8.0
7610,840-14-11,2015,4.0
7610,840-14-118,1999,
7610,840-14-128,2005,3.0
7610,840-14-128,2016,2.0
7610,840-14-129,1998,
7610,840-14-129,2016,1.0
7610,840-14-129,2022,3.0
7610,840-14-13,1999,
7610,840-14-13,2011,6.0
7610,840-14-13,2012,-18.0
7610,840-14-13,2015,3.0
7610,840-14-13,2021,-3.0
7610,840-14-138,2005,0.0
7610,840-14-138,2011,
7610,840-14-138,2022,0.0
7610,840-14-14,1997,-5.0
7610,840-14-14,1999,-10.0
7610,840-14-14,2000,-2.0
7610,840-14-14,2006,11.0
7610,840-14-14,2010,5.0
7610,840-14-14,2011,-5.0
7610,840-14-14,2012,-7.0
7610,840-14-148,2005,-2.0
7610,840-14-148,2015,
7610,840-14-148,2021,
7610,840-14-151,1998,-51.0
7610,840-14-151,2000,-1.0
7610,840-14-151,2011,0.0
7610,840-14-151,2015,7.0
7610,840-14-153,1998,-3.0
7610,840-14-153,2005,13.0
7610,840-14-153,2010,-15.0
7610,840-14-153,2011,
7610,840-14-153,2015,10.0
7610,840-14-153,2021,-3.0
7610,840-14-154,2005,
7610,840-14-154,2021,6.0
7610,840-14-155,1998,3.0
7610,840-14-155,1999,11.0
7610,840-14-155,2005,8.0
7610,840-14-155,2011,7.0
7610,840-14-155,2015,-9.0
7610,840-14-155,2021,-21.0
7610,840-14-155,2022,11.0
7610,840-14-156,1998,0.0
7610,840-14-156,1999,-1.0
7610,840-14-156,2005,18.0
7610,840-14-156,2009,-8.0
7610,840-14-156,2011,13.0
7610,840-14-156,2015,-8.0
7610,840-14-156,2021,-1.0
7610,840-14-158,1998,-3.0
7610,840-14-158,2005,-9.0
7610,840-14-158,2011,-6.0
7610,840-14-158,2015,-14.0
7610,840-14-159,1998,19.0
7610,840-14-159,2005,6.0
7610,840-14-159,2011,14.0
7610,840-14-159,2013,
7610,840-14-16,2008,
7610,840-14-160,1998,7.0
7610,840-14-160,2000,
7610,840-14-160,2005,-5.0
7610,840-14-160,2010,-1.0
7610,840-14-160,2011,6.0
7610,840-14-160,2012,-6.0
7610,840-14-160,2015,1.0
7610,840-14-160,2021,
7610,840-14-162,1998,-1.0
7610,840-14-162,2021,
7610,840-14-164,2000,2.0
7610,840-14-164,2005,13.0
7610,840-14-164,2006,-14.0
7610,840-14-164,2010,5.0
7610,840-14-164,2011,-11.0
7610,840-14-165,1997,-2.0
7610,840-14-165,1998,-36.0
7610,840-14-165,2011,6.0
7610,840-14-165,2015,19.0
7610,840-14-165,2021,-3.0
7610,840-14-166,1997,-14.0
7610,840-14-166,1998,4.0
7610,840-14-166,2000,6.0
7610,840-14-166,2005,1.0
7610,840-14-166,2011,-13.0
7610,840-14-166,2012,-1.0
7610,840-14-166,2015,3.0
7610,840-14-168,1997,-12.0
7610,840-14-168,1998,-10.0
7610,840-14-168,2000,36.0
7610,840-14-168,2005,-11.0
7610,840-14-168,2011,6.0
7610,840-14-168,2012,9.0
7610,840-14-168,2015,10.0
7610,840-14-173,1999,1.0
7610,840-14-173,2005,
7610,840-14-173,2022,0.0
7610,840-14-175,2005,8.0
7610,840-14-175,2010,
7610,840-14-175,2012,-6.0
7610,840-14-175,2015,6.0
7610,840-14-176,1997,-8.0
7610,840-14-176,1998,-5.0
7610,840-14-176,1999,-1.0
7610,840-14-176,2005,7.0
7610,840-14-176,2012,10.0
7610,840-14-176,2015,6.0
7610,840-14-177,1997,25.0
7610,840-14-177,1998,-29.0
7610,840-14-177,1999,2.0
7610,840-14-177,2015,-1.0
7610,840-14-179,1998,5.0
7610,840-14-179,2005,6.0
7610,840-14-179,2011,2.0
7610,840-14-179,2015,0.0
7610,840-14-179,2021,2.0
7610,840-14-18,1998,10.0
7610,840-14-18,2005,-4.0
7610,840-14-18,2011,3.0
7610,840-14-18,2015,
7610,840-14-181,1998,
7610,840-14-181,2005,5.0
7610,840-14-181,2011,9.0
7610,840-14-181,2015,1.0
7610,840-14-182,1999,
7610,840-14-182,2005,20.0
7610,840-14-182,2006,-20.0
7610,840-14-182,2010,0.0
7610,840-14-182,2011,0.0
7610,840-14-182,2012,6.0
7610,840-14-182,2015,4.0
7610,840-14-184,1998,-16.0
7610,840-14-184,2005,11.0
7610,840-14-184,2015,
7610,840-14-184,2021,-4.0
7610,840-14-185,1998,-16.0
7610,840-14-185,2005,0.0
7610,840-14-185,2015,-2.0
7610,840-14-185,2021,6.0
7610,840-14-186,1998,3.0
7610,840-14-186,2001,-2.0
7610,840-14-186,2005,-6.0
7610,840-14-186,2011,11.0
7610,840-14-186,2014,3.0
7610,840-14-186,2021,-2.0
7610,840-14-186,2022,-7.0
7610,840-14-188,1998,-2.0
7610,840-14-188,2005,1.0
7610,840-14-188,2010,-19.0
7610,840-14-188,2011,9.0
7610,840-14-188,2015,-2.0
7610,840-14-188,2021,-20.0
7610,840-14-189,1998,6.0
7610,840-14-189,1999,-7.0
7610,840-14-189,2005,11.0
7610,840-14-189,2010,5.0
7610,840-14-189,2011,-8.0
7610,840-14-189,2013,-2.0
7610,840-14-189,2014,-4.0
7610,840-14-189,2022,
7610,840-14-190,1998,6.0
7610,840-14-190,2005,
7610,840-14-190,2011,2.0
7610,840-14-190,2015,-3.0
7610,840-14-190,2021,-4.0
7610,840-14-190,2022,
7610,840-14-191,2005,0.0
7610,840-14-191,2006,0.0
7610,840-14-193,1998,5.0
7610,840-14-193,2000,6.0
7610,840-14-193,2005,-4.0
7610,840-14-193,2010,-1.0
7610,840-14-193,2011,-4.0
7610,840-14-193,2014,3.0
7610,840-14-193,2015,-8.0
7610,840-14-194,2005,20.0
7610,840-14-194,2010,-1.0
7610,840-14-194,2011,-2.0
7610,840-14-194,2015,2.0
7610,840-14-194,2022,-3.0
7610,840-14-195,2005,
7610,840-14-195,2015,-1.0
7610,840-14-198,1998,-7.0
7610,840-14-198,2005,5.0
7610,840-14-198,2010,8.0
7610,840-14-198,2011,-12.0
7610,840-14-198,2012,2.0
7610,840-14-198,2015,-3.0
7610,840-14-199,1998,11.0
7610,840-14-199,2005,0.0
7610,840-14-199,2010,-5.0
7610,840-14-199,2011,5.0
7610,840-14-199,2012,-4.0
7610,840-14-199,2015,-5.0
7610,840-14-201,1998,4.0
7610,840-14-201,2005,-4.0
7610,840-14-201,2012,7.0
7610,840-14-201,2015,-4.0
7610,840-14-205,1998,-6.0
7610,840-14-205,2005,15.0
7610,840-14-205,2011,
7610,840-14-21,1998,4.0
7610,840-14-21,1999,16.0
7610,840-14-21,2005,-33.0
7610,840-14-21,2011,20.0
7610,840-14-21,2015,-25.0
7610,840-14-21,2021,-32.0
7610,840-14-21,2022,7.0
7610,840-14-221,1997,
7610,840-14-221,2005,5.0
7610,840-14-221,2006,-4.0
7610,840-14-221,2008,0.0
7610,840-14-221,2009,1.0
7610,840-14-221,2011,1.0
7610,840-14-221,2016,0.0
7610,840-14-221,2017,-2.0
7610,840-14-226,2006,2.0
7610,840-14-226,2009,0.0
7610,840-14-226,2010,3.0
7610,840-14-226,2011,-1.0
7610,840-14-226,2016,1.0
7610,840-14-226,2021,-5.0
7610,840-14-226,2022,
7610,840-14-3,1998,-6.0
7610,840-14-3,2005,-10.0
7610,840-14-3,2012,12.0
7610,840-14-3,2015,-12.0
7610,840-14-308,1997,
7610,840-14-308,2005,-8.0
7610,840-14-308,2009,
7610,840-14-308,2012,-2.0
7610,840-14-319,1997,
7610,840-14-319,2002,-12.0
7610,840-14-319,2007,4.0
7610,840-14-319,2008,11.0
7610,840-14-319,2009,-11.0
7610,840-14-319,2010,-2.0
7610,840-14-319,2011,14.0
7610,840-14-319,2012,-8.0
7610,840-14-319,2015,
7610,840-14-32,2009,
7610,840-14-32,2015,
7610,840-14-32,2022,1.0
7610,840-14-33,1998,
7610,840-14-33,2017,
7610,840-14-406,1997,
7610,840-14-406,2005,-3.0
7610,840-14-406,2010,2.0
7610,840-14-406,2011,-7.0
7610,840-14-406,2012,2.0
7610,840-14-406,2015,0.0
7610,840-14-406,2021,
7610,840-14-407,2005,8.0
7610,840-14-407,2011,10.0
7610,840-14-407,2012,11.0
7610,840-14-407,2015,1.0
7610,840-14-408,1998,33.0
7610,840-14-408,2011,17.0
7610,840-14-408,2015,-21.0
7610,840-14-408,2021,3.0
7610,840-14-409,2000,7.0
7610,840-14-409,2003,-8.0
7610,840-14-409,2010,4.0
7610,840-14-409,2011,
7610,840-14-414,1998,4.0
7610,840-14-414,2000,1.0
7610,840-14-414,2003,5.0
7610,840-14-414,2005,0.0
7610,840-14-414,2011,
7610,840-14-415,1998,
7610,840-14-415,2010,4.0
7610,840-14-415,2011,-9.0
7610,840-14-415,2015,33.0
7610,840-14-415,2021,29.0
7610,840-14-417,1997,-4.0
7610,840-14-417,1998,4.0
7610,840-14-417,2005,6.0
7610,840-14-417,2015,-12.0
7610,840-14-417,2021,-22.0
7610,840-14-418,1998,-5.0
7610,840-14-418,2005,
7610,840-14-418,2010,
7610,840-14-418,2015,3.0
7610,840-14-418,2021,3.0
7610,840-14-419,1998,-7.0
7610,840-14-419,2005,-14.0
7610,840-14-419,2011,-3.0
7610,840-14-419,2021,
7610,840-14-420,1998,
7610,840-14-420,2005,8.0
7610,840-14-420,2011,
7610,840-14-420,2021,
7610,840-14-421,1998,-4.0
7610,840-14-421,1999,-6.0
7610,840-14-421,2005,7.0
7610,840-14-421,2009,-2.0
7610,840-14-421,2015,-4.0
7610,840-14-422,1998,
7610,840-14-422,2005,-2.0
7610,840-14-422,2011,-3.0
7610,840-14-422,2015,
7610,840-14-422,2021,-3.0
7610,840-14-423,1998,-1.0
7610,840-14-423,2005,-13.0
7610,840-14-423,2009,11.0
7610,840-14-423,2015,2.0
7610,840-14-423,2016,10.0
7610,840-14-426,1997,6.0
7610,840-14-426,1998,-4.0
7610,840-14-426,2021,-2.0
7610,840-14-434,1999,-8.0
7610,840-14-434,2005,-5.0
7610,840-14-434,2009,-4.0
7610,840-14-434,2010,1.0
7610,840-14-434,2011,6.0
7610,840-14-434,2015,
7610,840-14-435,1998,-2.0
7610,840-14-435,1999,13.0
7610,840-14-435,2000,-3.0
7610,840-14-435,2005,2.0
7610,840-14-435,2006,6.0
7610,840-14-435,2011,-1.0
7610,840-14-435,2012,-2.0
7610,840-14-435,2015,0.0
7610,840-14-435,2021,4.0
7610,840-14-436,2009,5.0
7610,840-14-436,2010,5.0
7610,840-14-436,2011,-19.0
7610,840-14-436,2012,18.0
7610,840-14-436,2015,20.0
7610,840-14-47,2012,0.0
7610,840-14-54,1998,-10.0
7610,840-14-54,2000,-7.0
7610,840-14-54,2005,1.0
7610,840-14-54,2011,2.0
7610,840-14-54,2016,
7610,840-14-6,2000,17.0
7610,840-14-6,2005,
7610,840-14-6,2010,7.0
7610,840-14-6,2011,-13.0
7610,840-14-6,2012,2.0
7610,840-14-6,2015,-8.0
7610,840-14-6,2021,3.0
7610,840-14-7,1998,
7610,840-14-7,2005,0.0
7610,840-14-7,2010,-4.0
7610,840-14-7,2011,-1.0
7610,840-14-7,2015,4.0
7610,840-14-7,2021,-6.0
7610,840-14-71,1997,18.0
7610,840-14-71,1998,-8.0
7610,840-14-71,1999,1.0
7610,840-14-71,2002,13.0
7610,840-14-71,2007,18.0
7610,840-14-71,2008,11.0
7610,840-14-71,2011,19.0
7610,840-14-78,2009,-1.0
7610,840-14-78,2010,3.0
7610,840-14-78,2011,-11.0
7610,840-14-78,2012,4.0
7610,840-14-78,2015,13.0
7610,840-14-78,2021,-4.0
7610,840-14-79,1998,2.0
7610,840-14-79,2011,0.0
7610,840-14-79,2015,8.0
7610,840-14-79,2021,15.0
7610,840-14-80,1998,3.0
7610,840-14-80,2005,6.0
7610,840-14-80,2011,-6.0
7610,840-14-80,2015,
7610,840-14-82,1998,-10.0
7610,840-14-82,2005,-6.0
7610,840-14-82,2011,-7.0
7610,840-14-82,2015,-2.0
7610,840-14-82,2021,-6.0
7610,840-14-9,1997,
7610,840-14-9,2005,14.0
7610,840-14-9,2012,6.0
7610,840-14-9,2015,2.0
7610,840-14-9,2021,15.0
7610,840-14-95,2005,14.0
7610,840-14-95,2010,-7.0
7610,840-14-95,2011,16.0
7610,840-14-95,2015,-8.0
7610,840-14-96,1998,9.0
7610,840-14-96,2005,-5.0
7610,840-14-96,2009,-2.0
7610,840-14-96,2011,3.0
7610,840-14-96,2015,-4.0
7610,840-14-96,2021,10.0
7610,840-14-97,1998,6.0
7610,840-14-97,2004,-1.0
7610,840-14-97,2005,0.0
7610,840-14-97,2006,0.0
7610,840-14-97,2011,-10.0
7610,840-14-98,1998,-10.0
7610,840-14-98,2001,17.0
7610,840-14-98,2005,4.0
7610,840-14-98,2011,3.0
7610,840-14-98,2015,10.0
7610,840-14-98,2021,1.0
7610,840-14-98,2022,-8.0
7610,840-17-1,1998,14.0
7610,840-17-1,1999,-17.0
7610,840-17-1,2002,-9.0
7610,840-17-1,2012,-5.0
7610,840-17-1,2021,-3.0
7610,840-17-10,2002,29.0
7610,840-17-10,2005,-23.0
7610,840-17-10,2009,-7.0
7610,840-17-10,2013,-19.0
7610,840-17-10,2016,-42.0
7610,840-17-10,2018,-4.0
7610,840-17-10,2021,2.0
7610,840-17-11,1998,-4.0
7610,840-17-11,1999,-2.0
7610,840-17-11,2002,1.0
7610,840-17-11,2003,0.0
7610,840-17-11,2006,-17.0
7610,840-17-11,2009,5.0
7610,840-17-11,2012,-3.0
7610,840-17-11,2018,-5.0
7610,840-17-12,1998,6.0
7610,840-17-12,1999,8.0
7610,840-17-12,2002,10.0
7610,840-17-12,2003,-8.0
7610,840-17-12,2004,9.0
7610,840-17-12,2006,-9.0
7610,840-17-12,2009,
7610,840-17-12,2012,-14.0
7610,840-17-12,2018,
7610,840-17-125,2002,
7610,840-17-125,2009,
7610,840-17-13,2003,0.0
7610,840-17-13,2008,
7610,840-17-14,1998,
7610,840-17-14,2003,-3.0
7610,840-17-14,2006,-2.0
7610,840-17-14,2009,1.0
7610,840-17-14,2012,-3.0
7610,840-17-14,2016,0.0
7610,840-17-14,2022,1.0
7610,840-17-15,1997,
7610,840-17-15,2002,1.0
7610,840-17-15,2009,
7610,840-17-15,2012,2.0
7610,840-17-153,1999,0.0
7610,840-17-153,2009,
7610,840-17-153,2012,
7610,840-17-153,2018,-2.0
7610,840-17-153,2021,-3.0
7610,840-17-154,1998,-13.0
7610,840-17-154,1999,3.0
7610,840-17-154,2009,
7610,840-17-154,2012,0.0
7610,840-17-154,2018,0.0
7610,840-17-16,1998,-20.0
7610,840-17-16,2002,-4.0
7610,840-17-16,2005,-8.0
7610,840-17-16,2006,26.0
7610,840-17-16,2012,
7610,840-17-17,1998,-4.0
7610,840-17-17,1999,32.0
7610,840-17-17,2002,4.0
7610,840-17-17,2005,9.0
7610,840-17-17,2009,-10.0
7610,840-17-17,2012,4.0
7610,840-17-17,2013,-13.0
7610,840-17-17,2018,-18.0
7610,840-17-17,2021,13.0
7610,840-17-18,1998,1.0
7610,840-17-18,2006,
7610,840-17-18,2016,
7610,840-17-19,1998,-1.0
7610,840-17-19,1999,
7610,840-17-19,2002,1.0
7610,840-17-19,2003,0.0
7610,840-17-19,2004,5.0
7610,840-17-19,2006,
7610,840-17-19,2009,-7.0
7610,840-17-19,2012,
7610,840-17-19,2018,0.0
7610,840-17-2,1998,1.0
7610,840-17-2,2005,-10.0
7610,840-17-2,2006,10.0
7610,840-17-2,2012,3.0
7610,840-17-2,2013,2.0
7610,840-17-2,2015,12.0
7610,840-17-2,2016,-3.0
7610,840-17-202,1998,-18.0
7610,840-17-202,1999,2.0
7610,840-17-202,2002,-14.0
7610,840-17-202,2005,-17.0
7610,840-17-202,2009,26.0
7610,840-17-202,2012,-3.0
7610,840-17-202,2018,-16.0
7610,840-17-202,2021,-22.0
7610,840-17-203,1998,4.0
7610,840-17-203,2002,-2.0
7610,840-17-203,2006,-53.0
7610,840-17-203,2009,-25.0
7610,840-17-203,2012,-56.0
7610,840-17-203,2016,
7610,840-17-203,2018,40.0
7610,840-17-204,1998,
7610,840-17-204,2002,22.0
7610,840-17-204,2003,-4.0
7610,840-17-204,2005,-2.0
7610,840-17-204,2012,35.0
7610,840-17-204,2016,-47.0
7610,840-17-204,2021,-188.0
7610,840-17-205,2002,1.0
7610,840-17-205,2003,
7610,840-17-205,2006,-2.0
7610,840-17-205,2009,-4.0
7610,840-17-205,2012,-3.0
7610,840-17-205,2016,-1.0
7610,840-17-205,2021,1.0
7610,840-17-206,1998,1.0
7610,840-17-206,2002,8.0
7610,840-17-206,2003,1.0
7610,840-17-206,2004,-4.0
7610,840-17-206,2006,
7610,840-17-206,2012,2.0
7610,840-17-206,2016,3.0
7610,840-17-207,1998,3.0
7610,840-17-207,2002,14.0
7610,840-17-207,2003,-23.0
7610,840-17-207,2004,13.0
7610,840-17-207,2006,5.0
7610,840-17-207,2009,6.0
7610,840-17-207,2012,-1.0
7610,840-17-207,2016,-9.0
7610,840-17-207,2022,0.0
7610,840-17-208,1998,14.0
7610,840-17-208,1999,-15.0
7610,840-17-208,2002,18.0
7610,840-17-208,2009,-9.0
7610,840-17-208,2012,5.0
7610,840-17-208,2018,0.0
7610,840-17-208,2021,-7.0
7610,840-17-209,1998,8.0
7610,840-17-209,2002,-45.0
7610,840-17-209,2005,-12.0
7610,840-17-209,2009,57.0
7610,840-17-209,2012,30.0
7610,840-17-209,2013,-23.0
7610,840-17-211,1998,9.0
7610,840-17-211,1999,
7610,840-17-211,2002,0.0
7610,840-17-211,2003,8.0
7610,840-17-211,2009,-18.0
7610,840-17-211,2012,-11.0
7610,840-17-211,2016,-12.0
7610,840-17-211,2018,-10.0
7610,840-17-211,2021,6.0
7610,840-17-213,2002,
7610,840-17-213,2004,
7610,840-17-213,2009,2.0
7610,840-17-213,2012,1.0
7610,840-17-214,2002,-2.0
7610,840-17-214,2003,1.0
7610,840-17-214,2012,-10.0
7610,840-17-215,1998,8.0
7610,840-17-215,1999,32.0
7610,840-17-215,2002,
7610,840-17-215,2013,0.0
7610,840-17-215,2021,-3.0
7610,840-17-216,1998,-7.0
7610,840-17-216,2002,1.0
7610,840-17-216,2005,3.0
7610,840-17-216,2006,
7610,840-17-216,2009,-10.0
7610,840-17-216,2013,11.0
7610,840-17-216,2016,-8.0
7610,840-17-216,2018,1.0
7610,840-17-216,2021,11.0
7610,840-17-217,1998,-13.0
7610,840-17-217,1999,-4.0
7610,840-17-217,2002,
7610,840-17-217,2009,-17.0
7610,840-17-217,2012,10.0
7610,840-17-217,2018,-4.0
7610,840-17-218,1998,5.0
7610,840-17-218,1999,12.0
7610,840-17-218,2002,-15.0
7610,840-17-218,2003,5.0
7610,840-17-218,2006,7.0
7610,840-17-218,2009,3.0
7610,840-17-218,2012,
7610,840-17-218,2018,17.0
7610,840-17-221,1998,0.0
7610,840-17-221,1999,1.0
7610,840-17-221,2010,-1.0
7610,840-17-221,2013,0.0
7610,840-17-221,2018,
7610,840-17-222,1998,12.0
7610,840-17-222,1999,-18.0
7610,840-17-222,2002,-6.0
7610,840-17-222,2005,16.0
7610,840-17-222,2009,3.0
7610,840-17-222,2012,7.0
7610,840-17-222,2013,4.0
7610,840-17-222,2016,
7610,840-17-222,2018,34.0
7610,840-17-222,2021,-19.0
7610,840-17-223,1998,14.0
7610,840-17-223,1999,-6.0
7610,840-17-223,2002,
7610,840-17-223,2009,9.0
7610,840-17-223,2012,-20.0
7610,840-17-223,2013,-9.0
7610,840-17-225,2018,-1.0
7610,840-17-23,1998,-14.0
7610,840-17-23,1999,12.0
7610,840-17-23,2002,-6.0
7610,840-17-23,2009,-7.0
7610,840-17-23,2012,0.0
7610,840-17-23,2013,1.0
7610,840-17-23,2016,0.0
7610,840-17-3,1998,-25.0
7610,840-17-3,2002,
7610,840-17-3,2005,-57.0
7610,840-17-3,2009,-65.0
7610,840-17-3,2012,-78.0
7610,840-17-3,2021,-4.0
7610,840-17-301,1998,-13.0
7610,840-17-301,1999,-12.0
7610,840-17-301,2002,0.0
7610,840-17-301,2005,5.0
7610,840-17-301,2006,-12.0
7610,840-17-301,2009,
7610,840-17-301,2012,17.0
7610,840-17-301,2021,-3.0
7610,840-17-302,1998,-16.0
7610,840-17-302,1999,18.0
7610,840-17-302,2002,12.0
7610,840-17-302,2005,-28.0
7610,840-17-302,2006,-1.0
7610,840-17-302,2009,4.0
7610,840-17-302,2012,-7.0
7610,840-17-302,2013,-7.0
7610,840-17-302,2021,-10.0
7610,840-17-303,1999,0.0
7610,840-17-303,2002,
7610,840-17-303,2005,26.0
7610,840-17-303,2011,-26.0
7610,840-17-303,2012,-5.0
7610,840-17-303,2021,13.0
7610,840-17-304,1998,4.0
7610,840-17-304,1999,-4.0
7610,840-17-304,2002,-6.0
7610,840-17-304,2003,-1.0
7610,840-17-304,2005,7.0
7610,840-17-304,2006,-6.0
7610,840-17-304,2009,6.0
7610,840-17-304,2013,18.0
7610,840-17-304,2016,-6.0
7610,840-17-304,2018,
7610,840-17-304,2021,15.0
7610,840-17-305,1998,-4.0
7610,840-17-305,2002,-5.0
7610,840-17-305,2003,-3.0
7610,840-17-305,2004,8.0
7610,840-17-305,2006,-4.0
7610,840-17-305,2012,-10.0
7610,840-17-305,2016,3.0
7610,840-17-305,2021,
7610,840-17-306,1998,-22.0
7610,840-17-306,2002,9.0
7610,840-17-306,2003,
7610,840-17-306,2006,6.0
7610,840-17-306,2009,-23.0
7610,840-17-306,2012,3.0
7610,840-17-306,2016,1.0
7610,840-17-307,1998,
7610,840-17-307,2002,
7610,840-17-307,2009,6.0
7610,840-17-307,2012,-8.0
7610,840-17-307,2016,-9.0
7610,840-17-308,1998,3.0
7610,840-17-308,2002,-1.0
7610,840-17-308,2005,-10.0
7610,840-17-308,2006,7.0
7610,840-17-308,2009,11.0
7610,840-17-308,2013,
7610,840-17-308,2016,
7610,840-17-309,1998,1.0
7610,840-17-309,2002,-23.0
7610,840-17-309,2005,5.0
7610,840-17-309,2006,12.0
7610,840-17-309,2009,10.0
7610,840-17-309,2012,17.0
7610,840-17-309,2013,-2.0
7610,840-17-31,1998,12.0
7610,840-17-31,1999,7.0
7610,840-17-31,2002,2.0
7610,840-17-31,2005,26.0
7610,840-17-31,2006,-21.0
7610,840-17-31,2009,2.0
7610,840-17-31,2012,-12.0
7610,840-17-31,2013,3.0
7610,840-17-31,2021,-8.0
7610,840-17-312,1998,5.0
7610,840-17-312,1999,-4.0
7610,840-17-312,2002,0.0
7610,840-17-312,2003,-1.0
7610,840-17-312,2004,6.0
7610,840-17-312,2006,10.0
7610,840-17-312,2009,5.0
7610,840-17-312,2012,2.0
7610,840-17-312,2018,
7610,840-17-313,2002,-6.0
7610,840-17-313,2003,9.0
7610,840-17-313,2006,-2.0
7610,840-17-313,2009,
7610,840-17-313,2012,
7610,840-17-313,2018,-1.0
7610,840-17-314,2003,-3.0
7610,840-17-314,2004,3.0
7610,840-17-314,2012,-8.0
7610,840-17-314,2013,-10.0
7610,840-17-314,2018,6.0
7610,840-17-315,1997,2.0
7610,840-17-315,1998,-2.0
7610,840-17-315,1999,1.0
7610,840-17-315,2002,2.0
7610,840-17-315,2018,
7610,840-17-316,1998,10.0
7610,840-17-316,1999,-14.0
7610,840-17-316,2002,-18.0
7610,840-17-316,2005,1.0
7610,840-17-316,2016,-8.0
7610,840-17-316,2018,-10.0
7610,840-17-316,2021,15.0
7610,840-17-317,1998,37.0
7610,840-17-317,1999,-10.0
7610,840-17-317,2002,-2.0
7610,840-17-317,2003,
7610,840-17-317,2012,2.0
7610,840-17-317,2018,
7610,840-17-318,1998,-2.0
7610,840-17-318,1999,-6.0
7610,840-17-318,2002,3.0
7610,840-17-318,2003,-11.0
7610,840-17-318,2006,-6.0
7610,840-17-318,2009,6.0
7610,840-17-318,2012,-3.0
7610,840-17-318,2018,-6.0
7610,840-17-319,1999,
7610,840-17-319,2003,
7610,840-17-319,2006,6.0
7610,840-17-319,2009,-6.0
7610,840-17-319,2012,2.0
7610,840-17-319,2018,-6.0
7610,840-17-32,1998,-1.0
7610,840-17-32,2002,-1.0
7610,840-17-32,2005,-13.0
7610,840-17-32,2006,3.0
7610,840-17-32,2009,-12.0
7610,840-17-32,2012,
7610,840-17-32,2016,3.0
7610,840-17-32,2021,0.0
7610,840-17-322,1998,-15.0
7610,840-17-322,1999,23.0
7610,840-17-322,2002,9.0
7610,840-17-322,2005,7.0
7610,840-17-322,2009,-3.0
7610,840-17-322,2012,1.0
7610,840-17-322,2013,9.0
7610,840-17-322,2016,
7610,840-17-322,2018,34.0
7610,840-17-322,2021,45.0
7610,840-17-326,2002,18.0
7610,840-17-326,2003,
7610,840-17-326,2012,17.0
7610,840-17-326,2018,-9.0
7610,840-17-33,1998,0.0
7610,840-17-33,2002,8.0
7610,840-17-33,2005,-1.0
7610,840-17-33,2008,
7610,840-17-33,2016,0.0
7610,840-17-33,2021,-4.0
7610,840-17-34,1999,-11.0
7610,840-17-34,2002,0.0
7610,840-17-34,2003,
7610,840-17-34,2005,
7610,840-17-34,2012,-4.0
7610,840-17-34,2013,-11.0
7610,840-17-34,2016,-5.0
7610,840-17-35,1998,10.0
7610,840-17-35,2003,-11.0
7610,840-17-35,2006,9.0
7610,840-17-35,2009,1.0
7610,840-17-35,2012,8.0
7610,840-17-35,2016,15.0
7610,840-17-35,2018,20.0
7610,840-17-35,2021,8.0
7610,840-17-351,1998,-5.0
7610,840-17-351,2002,-1.0
7610,840-17-351,2005,3.0
7610,840-17-351,2009,2.0
7610,840-17-351,2012,
7610,840-17-351,2021,0.0
7610,840-17-352,1998,-1.0
7610,840-17-352,2009,-13.0
7610,840-17-352,2013,-9.0
7610,840-17-352,2016,-6.0
7610,840-17-352,2018,20.0
7610,840-17-352,2021,16.0
7610,840-17-359,1998,2.0
7610,840-17-359,1999,5.0
7610,840-17-359,2002,8.0
7610,840-17-359,2005,-16.0
7610,840-17-359,2009,
7610,840-17-359,2012,-25.0
7610,840-17-359,2021,
7610,840-17-36,1998,1.0
7610,840-17-36,2002,3.0
7610,840-17-36,2003,
7610,840-17-36,2009,0.0
7610,840-17-36,2012,1.0
7610,840-17-362,1998,1.0
7610,840-17-362,1999,4.0
7610,840-17-362,2002,-4.0
7610,840-17-362,2003,6.0
7610,840-17-362,2004,-5.0
7610,840-17-362,2006,10.0
7610,840-17-362,2012,-1.0
7610,840-17-362,2018,8.0
7610,840-17-365,1999,
7610,840-17-365,2002,9.0
7610,840-17-365,2009,
7610,840-17-365,2012,-2.0
7610,840-17-365,2016,2.0
7610,840-17-365,2021,-4.0
7610,840-17-366,1998,1.0
7610,840-17-366,1999,17.0
7610,840-17-366,2012,-4.0
7610,840-17-366,2013,
7610,840-17-366,2021,-6.0
7610,840-17-367,1998,9.0
7610,840-17-367,1999,30.0
7610,840-17-367,2002,8.0
7610,840-17-367,2005,7.0
7610,840-17-367,2009,-17.0
7610,840-17-367,2012,-6.0
7610,840-17-367,2018,
7610,840-17-367,2021,-2.0
7610,840-17-368,1999,-4.0
7610,840-17-368,2002,-5.0
7610,840-17-368,2003,
7610,840-17-368,2009,-21.0
7610,840-17-368,2012,12.0
7610,840-17-368,2018,
7610,840-17-37,1998,-6.0
7610,840-17-37,2002,0.0
7610,840-17-37,2003,-6.0
7610,840-17-37,2006,9.0
7610,840-17-37,2009,1.0
7610,840-17-37,2012,2.0
7610,840-17-37,2016,3.0
7610,840-17-372,1998,-9.0
7610,840-17-372,1999,-22.0
7610,840-17-372,2002,-19.0
7610,840-17-372,2005,-4.0
7610,840-17-372,2009,-2.0
7610,840-17-372,2012,10.0
7610,840-17-372,2013,-13.0
7610,840-17-372,2016,13.0
7610,840-17-372,2021,-3.0
7610,840-17-373,2002,8.0
7610,840-17-373,2009,-15.0
7610,840-17-373,2012,
7610,840-17-373,2021,-8.0
7610,840-17-375,1998,35.0
7610,840-17-375,1999,-8.0
7610,840-17-375,2002,19.0
7610,840-17-375,2003,
7610,840-17-375,2012,3.0
7610,840-17-375,2018,2.0
7610,840-17-39,1999,
7610,840-17-39,2002,-20.0
7610,840-17-39,2003,35.0
7610,840-17-39,2005,31.0
7610,840-17-39,2009,3.0
7610,840-17-39,2012,-6.0
7610,840-17-39,2021,
7610,840-17-4,1998,-9.0
7610,840-17-4,1999,12.0
7610,840-17-4,2002,10.0
7610,840-17-4,2003,-5.0
7610,840-17-4,2006,-11.0
7610,840-17-4,2009,27.0
7610,840-17-4,2016,-27.0
7610,840-17-4,2018,27.0
7610,840-17-4,2021,0.0
7610,840-17-40,1998,-8.0
7610,840-17-40,1999,4.0
7610,840-17-40,2002,-5.0
7610,840-17-40,2003,20.0
7610,840-17-40,2005,10.0
7610,840-17-40,2009,1.0
7610,840-17-40,2012,-9.0
7610,840-17-40,2016,8.0
7610,840-17-40,2018,
7610,840-17-40,2021,11.0
7610,840-17-41,2009,1.0
7610,840-17-41,2012,13.0
7610,840-17-41,2018,2.0
7610,840-17-410,2003,5.0
7610,840-17-410,2009,2.0
7610,840-17-410,2012,2.0
7610,840-17-410,2016,6.0
7610,840-17-410,2018,5.0
7610,840-17-410,2021,4.0
7610,840-17-412,2002,5.0
7610,840-17-412,2003,
7610,840-17-412,2006,24.0
7610,840-17-412,2009,-6.0
7610,840-17-412,2016,-7.0
7610,840-17-412,2018,-11.0
7610,840-17-412,2021,-12.0
7610,840-17-419,1999,
7610,840-17-419,2002,
7610,840-17-419,2006,17.0
7610,840-17-419,2007,-17.0
7610,840-17-419,2009,
7610,840-17-419,2018,9.0
7610,840-17-42,1998,-3.0
7610,840-17-42,2002,-3.0
7610,840-17-42,2003,4.0
7610,840-17-42,2004,-3.0
7610,840-17-42,2006,-2.0
7610,840-17-42,2009,-7.0
7610,840-17-42,2012,-6.0
7610,840-17-42,2016,
7610,840-17-42,2021,2.0
7610,840-17-43,1998,-3.0
7610,840-17-43,2003,
7610,840-17-43,2016,
7610,840-17-43,2018,3.0
7610,840-17-44,1998,-2.0
7610,840-17-44,1999,-5.0
7610,840-17-44,2002,3.0
7610,840-17-44,2003,2.0
7610,840-17-44,2004,-7.0
7610,840-17-44,2009,-24.0
7610,840-17-44,2012,4.0
7610,840-17-44,2016,1.0
7610,840-17-44,2018,1.0
7610,840-17-45,1998,
7610,840-17-45,2009,5.0
7610,840-17-45,2012,-8.0
7610,840-17-45,2018,-10.0
7610,840-17-45,2021,13.0
7610,840-17-46,1998,-9.0
7610,840-17-46,1999,13.0
7610,840-17-46,2002,-5.0
7610,840-17-46,2005,-13.0
7610,840-17-46,2009,-8.0
7610,840-17-46,2012,4.0
7610,840-17-46,2013,-11.0
7610,840-17-46,2018,-16.0
7610,840-17-46,2021,8.0
7610,840-17-47,1998,2.0
7610,840-17-47,1999,-1.0
7610,840-17-47,2002,0.0
7610,840-17-47,2009,4.0
7610,840-17-47,2012,
7610,840-17-47,2018,5.0
7610,840-17-48,1998,3.0
7610,840-17-48,1999,2.0
7610,840-17-48,2006,-7.0
7610,840-17-48,2009,
7610,840-17-48,2016,6.0
7610,840-17-48,2018,-11.0
7610,840-17-48,2021,-13.0
7610,840-17-49,2007,
7610,840-17-49,2010,-4.0
7610,840-17-49,2011,
7610,840-17-49,2016,0.0
7610,840-17-5,2002,1.0
7610,840-17-5,2003,2.0
7610,840-17-50,1999,
7610,840-17-50,2002,1.0
7610,840-17-50,2003,0.0
7610,840-17-50,2012,-4.0
7610,840-17-50,2018,
7610,840-17-51,2004,4.0
7610,840-17-51,2006,0.0
7610,840-17-51,2012,
7610,840-17-51,2016,0.0
7610,840-17-52,1998,19.0
7610,840-17-52,1999,27.0
7610,840-17-52,2002,-9.0
7610,840-17-52,2005,66.0
7610,840-17-52,2009,-8.0
7610,840-17-52,2012,33.0
7610,840-17-52,2013,-40.0
7610,840-17-52,2016,6.0
7610,840-17-52,2018,-32.0
7610,840-17-52,2021,-30.0
7610,840-17-55,1998,10.0
7610,840-17-55,1999,-1.0
7610,840-17-55,2002,-10.0
7610,840-17-55,2003,10.0
7610,840-17-55,2006,11.0
7610,840-17-55,2009,0.0
7610,840-17-55,2012,-1.0
7610,840-17-55,2016,-1.0
7610,840-17-55,2018,1.0
7610,840-17-56,1999,-2.0
7610,840-17-56,2003,
7610,840-17-56,2013,0.0
7610,840-17-57,1999,-2.0
7610,840-17-57,2007,
7610,840-17-57,2017,
7610,840-17-58,1999,-1.0
7610,840-17-58,2000,0.0
7610,840-17-58,2002,
7610,840-17-58,2006,
7610,840-17-6,2003,
7610,840-17-6,2016,0.0
7610,840-17-6,2018,
7610,840-17-8,1998,-13.0
7610,840-17-8,2002,9.0
7610,840-17-8,2009,-3.0
7610,840-17-8,2016,-6.0
7610,840-17-8,2017,-12.0
7610,840-17-8,2018,24.0
7610,840-17-9,1998,3.0
7610,840-17-9,1999,-17.0
7610,840-17-9,2002,20.0
7610,840-17-9,2005,7.0
7610,840-17-9,2006,-7.0
7610,840-17-9,2009,4.0
7610,840-17-9,2012,2.0
7610,840-17-9,2013,-10.0
7610,840-17-9,2021,-10.0
7610,840-18-1,1998,-25.0
7610,840-18-1,1999,-4.0
7610,840-18-1,2001,29.0
7610,840-18-1,2009,13.0
7610,840-18-1,2010,
7610,840-18-1,2021,-26.0
7610,840-18-102,1998,2.0
7610,840-18-102,1999,10.0
7610,840-18-102,2001,-15.0
7610,840-18-102,2003,11.0
7610,840-18-102,2005,4.0
7610,840-18-102,2008,6.0
7610,840-18-102,2009,5.0
7610,840-18-102,2010,-11.0
7610,840-18-102,2021,9.0
7610,840-18-11,2005,2.0
7610,840-18-11,2009,-9.0
7610,840-18-11,2010,13.0
7610,840-18-11,2021,-20.0
7610,840-18-14,2005,-5.0
7610,840-18-14,2008,-13.0
7610,840-18-14,2009,14.0
7610,840-18-14,2010,-6.0
7610,840-18-14,2021,
7610,840-18-15,1998,10.0
7610,840-18-15,1999,
7610,840-18-15,2005,20.0
7610,840-18-15,2009,24.0
7610,840-18-15,2010,-18.0
7610,840-18-15,2021,23.0
7610,840-18-3,1998,-1.0
7610,840-18-3,1999,-4.0
7610,840-18-3,2001,8.0
7610,840-18-3,2003,4.0
7610,840-18-3,2008,-15.0
7610,840-18-3,2009,11.0
7610,840-18-3,2010,-9.0
7610,840-18-3,2021,4.0
7610,840-18-4,1998,-2.0
7610,840-18-4,1999,-5.0
7610,840-18-4,2003,
7610,840-18-4,2008,
7610,840-18-4,2010,-20.0
7610,840-18-4,2021,
7610,840-18-7,1998,8.0
7610,840-18-7,1999,6.0
7610,840-18-7,2001,1.0
7610,840-18-7,2003,
7610,840-18-7,2005,5.0
7610,840-18-8,1998,20.0
7610,840-18-8,1999,-16.0
7610,840-18-8,2001,17.0
7610,840-18-8,2003,10.0
7610,840-18-8,2005,16.0
7610,840-18-8,2008,
7610,840-18-8,2021,15.0
7610,840-18-9,1998,24.0
7610,840-18-9,1999,-2.0
7610,840-18-9,2003,9.0
7610,840-18-9,2005,-17.0
7610,840-18-9,2008,-4.0
7610,840-18-9,2009,11.0
7610,840-18-9,2010,-5.0
7610,840-2-1,1997,48.0
7610,840-2-1,2001,10.0
7610,840-2-1,2003,3.0
7610,840-2-1,2007,-3.0
7610,840-2-1,2010,10.0
7610,840-2-1,2011,-11.0
7610,840-2-1,2022,0.0
7610,840-2-10,1997,-5.0
7610,840-2-10,2001,-3.0
7610,840-2-10,2003,
7610,840-2-10,2007,3.0
7610,840-2-10,2011,3.0
7610,840-2-10,2017,-1.0
7610,840-2-10,2022,-3.0
7610,840-2-102,1997,2.0
7610,840-2-102,1998,-26.0
7610,840-2-102,2001,3.0
7610,840-2-102,2003,-2.0
7610,840-2-102,2011,-9.0
7610,840-2-102,2016,
7610,840-2-102,2022,1.0
7610,840-2-105,1997,-2.0
7610,840-2-105,2001,-8.0
7610,840-2-105,2003,11.0
7610,840-2-105,2007,-10.0
7610,840-2-105,2010,-3.0
7610,840-2-105,2011,3.0
7610,840-2-105,2016,1.0
7610,840-2-105,2017,4.0
7610,840-2-105,2022,-2.0
7610,840-2-109,2001,5.0
7610,840-2-109,2003,0.0
7610,840-2-109,2007,-14.0
7610,840-2-109,2010,-7.0
7610,840-2-109,2011,8.0
7610,840-2-109,2016,-8.0
7610,840-2-109,2017,12.0
7610,840-2-109,2022,-2.0
7610,840-2-111,2001,-4.0
7610,840-2-111,2003,5.0
7610,840-2-111,2007,9.0
7610,840-2-111,2011,1.0
7610,840-2-111,2017,-1.0
7610,840-2-111,2022,3.0
7610,840-2-12,2001,
7610,840-2-12,2011,2.0
7610,840-2-12,2017,6.0
7610,840-2-12,2022,2.0
7610,840-2-13,1997,6.0
7610,840-2-13,1998,-5.0
7610,840-2-13,2001,-7.0
7610,840-2-13,2003,
7610,840-2-13,2011,3.0
7610,840-2-13,2016,17.0
7610,840-2-13,2022,-7.0
7610,840-2-14,1997,-1.0
7610,840-2-14,1998,-1.0
7610,840-2-14,2001,-2.0
7610,840-2-14,2003,6.0
7610,840-2-14,2010,0.0
7610,840-2-14,2011,1.0
7610,840-2-14,2017,-7.0
7610,840-2-15,1997,-15.0
7610,840-2-15,1998,-3.0
7610,840-2-15,2000,-3.0
7610,840-2-15,2001,-4.0
7610,840-2-15,2003,
7610,840-2-15,2012,20.0
7610,840-2-15,2018,2.0
7610,840-2-156,2001,
7610,840-2-156,2003,-2.0
7610,840-2-156,2007,0.0
7610,840-2-156,2022,0.0
7610,840-2-16,2003,4.0
7610,840-2-16,2010,
7610,840-2-162,2001,-3.0
7610,840-2-162,2003,-1.0
7610,840-2-162,2007,2.0
7610,840-2-162,2011,2.0
7610,840-2-162,2016,
7610,840-2-162,2022,
7610,840-2-164,2001,-3.0
7610,840-2-164,2010,-1.0
7610,840-2-164,2011,0.0
7610,840-2-17,1997,-1.0
7610,840-2-17,2001,0.0
7610,840-2-17,2003,1.0
7610,840-2-17,2007,-3.0
7610,840-2-17,2010,
7610,840-2-17,2017,
7610,840-2-19,1997,-2.0
7610,840-2-19,1998,1.0
7610,840-2-19,2001,2.0
7610,840-2-19,2003,-3.0
7610,840-2-19,2007,
7610,840-2-19,2011,
7610,840-2-20,1998,0.0
7610,840-2-20,2001,
7610,840-2-20,2011,
7610,840-2-20,2017,0.0
7610,840-2-201,1997,4.0
7610,840-2-201,1998,-1.0
7610,840-2-201,2001,-1.0
7610,840-2-201,2003,-2.0
7610,840-2-201,2007,-2.0
7610,840-2-201,2018,-1.0
7610,840-2-201,2022,-7.0
7610,840-2-204,2001,12.0
7610,840-2-204,2003,2.0
7610,840-2-204,2007,-4.0
7610,840-2-204,2010,5.0
7610,840-2-204,2016,-4.0
7610,840-2-204,2017,5.0
7610,840-2-205,1998,
7610,840-2-205,2001,-1.0
7610,840-2-205,2003,-1.0
7610,840-2-205,2007,-1.0
7610,840-2-207,1997,8.0
7610,840-2-207,2001,1.0
7610,840-2-207,2003,2.0
7610,840-2-207,2007,2.0
7610,840-2-207,2010,5.0
7610,840-2-207,2011,-5.0
7610,840-2-208,2007,
7610,840-2-208,2010,
7610,840-2-208,2017,-2.0
7610,840-2-208,2022,0.0
7610,840-2-209,2001,
7610,840-2-209,2011,-7.0
7610,840-2-209,2022,-12.0
7610,840-2-21,2001,0.0
7610,840-2-21,2006,
7610,840-2-211,1998,
7610,840-2-211,2001,
7610,840-2-211,2003,-1.0
7610,840-2-212,1997,
7610,840-2-212,2001,
7610,840-2-212,2011,
7610,840-2-23,1998,-1.0
7610,840-2-23,2003,
7610,840-2-23,2011,1.0
7610,840-2-24,1998,
7610,840-2-25,1997,0.0
7610,840-2-25,1998,
7610,840-2-25,2001,-6.0
7610,840-2-25,2007,-5.0
7610,840-2-25,2010,0.0
7610,840-2-25,2011,2.0
7610,840-2-25,2017,
7610,840-2-25,2022,
7610,840-2-26,1997,2.0
7610,840-2-26,1998,2.0
7610,840-2-26,2001,-2.0
7610,840-2-26,2003,2.0
7610,840-2-26,2010,-2.0
7610,840-2-26,2011,2.0
7610,840-2-26,2017,
7610,840-2-27,1997,-3.0
7610,840-2-27,1998,1.0
7610,840-2-27,2001,
7610,840-2-27,2007,
7610,840-2-28,1997,-6.0
7610,840-2-28,2001,-5.0
7610,840-2-28,2003,
7610,840-2-28,2011,
7610,840-2-28,2017,-1.0
7610,840-2-28,2022,5.0
7610,840-2-29,1997,
7610,840-2-29,2000,-1.0
7610,840-2-4,1997,7.0
7610,840-2-4,1998,14.0
7610,840-2-4,2001,-1.0
7610,840-2-4,2003,7.0
7610,840-2-4,2010,15.0
7610,840-2-4,2011,-8.0
7610,840-2-43,1997,-8.0
7610,840-2-43,1998,7.0
7610,840-2-43,2001,-3.0
7610,840-2-43,2003,-8.0
7610,840-2-43,2010,6.0
7610,840-2-43,2011,0.0
7610,840-2-43,2017,6.0
7610,840-2-45,1997,-2.0
7610,840-2-45,1998,2.0
7610,840-2-45,2001,0.0
7610,840-2-45,2003,-1.0
7610,840-2-45,2007,
7610,840-2-45,2010,2.0
7610,840-2-45,2011,2.0
7610,840-2-47,1997,1.0
7610,840-2-47,1998,0.0
7610,840-2-47,2001,-1.0
7610,840-2-47,2003,1.0
7610,840-2-47,2007,0.0
7610,840-2-47,2010,0.0
7610,840-2-47,2011,
7610,840-2-48,1997,0.0
7610,840-2-48,1998,0.0
7610,840-2-48,2003,1.0
7610,840-2-48,2018,0.0
7610,840-2-49,1997,-9.0
7610,840-2-49,1998,1.0
7610,840-2-49,2001,1.0
7610,840-2-49,2003,
7610,840-2-49,2010,
7610,840-2-50,2000,
7610,840-2-53,2017,-1.0
7610,840-2-57,1997,-1.0
7610,840-2-57,1998,5.0
7610,840-2-57,2001,0.0
7610,840-2-57,2003,1.0
7610,840-2-57,2007,2.0
7610,840-2-57,2010,-1.0
7610,840-2-57,2011,0.0
7610,840-2-58,1997,-7.0
7610,840-2-58,2001,5.0
7610,840-2-58,2003,0.0
7610,840-2-58,2007,
7610,840-2-58,2011,0.0
7610,840-2-58,2016,-4.0
7610,840-2-58,2022,-3.0
7610,840-2-59,1997,2.0
7610,840-2-59,1998,-2.0
7610,840-2-59,2001,2.0
7610,840-2-59,2003,1.0
7610,840-2-59,2007,0.0
7610,840-2-59,2011,
7610,840-2-60,1997,
7610,840-2-60,2001,1.0
7610,840-2-60,2003,
7610,840-2-60,2007,-1.0
7610,840-2-60,2011,0.0
7610,840-2-61,1997,-14.0
7610,840-2-61,2001,-2.0
7610,840-2-61,2003,8.0
7610,840-2-61,2007,7.0
7610,840-2-61,2010,3.0
7610,840-2-61,2011,14.0
7610,840-2-61,2017,3.0
7610,840-2-63,2000,
7610,840-2-7,1997,-2.0
7610,840-2-7,2001,-3.0
7610,840-2-7,2003,-4.0
7610,840-2-7,2007,-3.0
7610,840-2-7,2010,-1.0
7610,840-2-7,2016,1.0
7610,840-2-71,2001,3.0
7610,840-2-71,2007,16.0
7610,840-2-71,2010,
7610,840-2-71,2022,0.0
7610,840-2-72,1997,-19.0
7610,840-2-72,2001,10.0
7610,840-2-72,2003,5.0
7610,840-2-72,2007,-3.0
7610,840-2-72,2010,-13.0
7610,840-2-72,2016,7.0
7610,840-2-73,1997,
7610,840-2-73,2007,8.0
7610,840-2-73,2010,-7.0
7610,840-2-73,2016,19.0
7610,840-2-73,2017,-19.0
7610,840-2-8,1997,
7610,840-2-8,2001,
7610,840-2-8,2003,-7.0
7610,840-2-8,2007,-3.0
7610,840-2-8,2008,5.0
7610,840-2-8,2016,-9.0
7610,840-2-8,2018,-3.0
7610,840-21-1,1997,-12.0
7610,840-21-1,1998,-5.0
7610,840-21-1,2003,6.0
7610,840-21-1,2008,-35.0
7610,840-21-1,2009,13.0
7610,840-21-1,2010,34.0
7610,840-21-1,2011,-40.0
7610,840-21-10,1998,-38.0
7610,840-21-10,1999,-12.0
7610,840-21-10,2008,-30.0
7610,840-21-10,2009,39.0
7610,840-21-10,2010,-15.0
7610,840-21-10,2011,20.0
7610,840-21-105,1997,20.0
7610,840-21-105,1998,-30.0
7610,840-21-105,2003,-9.0
7610,840-21-105,2008,-33.0
7610,840-21-105,2009,-32.0
7610,840-21-105,2010,-23.0
7610,840-21-105,2011,9.0
7610,840-21-109,1997,20.0
7610,840-21-109,1998,-10.0
7610,840-21-109,2003,7.0
7610,840-21-109,2009,-5.0
7610,840-21-109,2010,-9.0
7610,840-21-109,2011,20.0
7610,840-21-2,1998,-35.0
7610,840-21-2,2003,22.0
7610,840-21-2,2008,-23.0
7610,840-21-2,2009,-20.0
7610,840-21-2,2010,-1.0
7610,840-21-3,1997,-3.0
7610,840-21-3,1998,33.0
7610,840-21-3,2003,23.0
7610,840-21-3,2008,-14.0
7610,840-21-3,2009,30.0
7610,840-21-3,2010,-8.0
7610,840-21-3,2011,6.0
7610,840-21-4,1997,29.0
7610,840-21-4,1998,-13.0
7610,840-21-4,2003,-20.0
7610,840-21-4,2010,-29.0
7610,840-21-4,2011,-14.0
7610,840-25-19,2010,
7610,840-25-19,2012,0.0
4980,124-11-10,1999,
4980,124-11-10,2001,6.0
4980,124-11-10,2004,3.0
4980,124-11-10,2008,2.0
4980,124-11-10,2012,
4980,124-11-126,2003,
4980,124-11-126,2012,
4980,124-11-136,2004,-1.0
4980,124-11-136,2008,-3.0
4980,124-11-136,2010,1.0
4980,124-11-136,2022,1.0
4980,124-11-167,2001,1.0
4980,124-11-167,2010,
4980,124-11-167,2012,
4980,124-11-17,1999,-2.0
4980,124-11-17,2000,
4980,124-11-17,2014,-6.0
4980,124-11-17,2015,
4980,124-11-17,2021,-2.0
4980,124-11-19,1999,-2.0
4980,124-11-19,2001,-21.0
4980,124-11-19,2002,
4980,124-11-19,2006,
4980,124-11-19,2011,
4980,124-11-19,2015,1.0
4980,124-11-208,1998,
4980,124-11-208,2012,
4980,124-11-220,1999,-13.0
4980,124-11-220,2001,-1.0
4980,124-11-220,2004,
4980,124-11-220,2010,16.0
4980,124-11-220,2011,
4980,124-11-220,2021,-3.0
4980,124-11-222,1999,
4980,124-11-222,2002,
4980,124-11-222,2009,0.0
4980,124-11-223,2006,
4980,124-11-223,2011,
4980,124-11-234,2001,0.0
4980,124-11-234,2002,
4980,124-11-234,2004,-10.0
4980,124-11-234,2012,-14.0
4980,124-11-234,2015,
4980,124-11-234,2021,-1.0
4980,124-11-244,1999,3.0
4980,124-11-244,2001,-3.0
4980,124-11-244,2002,0.0
4980,124-11-244,2004,-2.0
4980,124-11-244,2008,-2.0
4980,124-11-244,2012,-2.0
4980,124-11-244,2015,-1.0
4980,124-11-244,2021,-1.0
4980,124-11-255,1998,1.0
4980,124-11-255,1999,-1.0
4980,124-11-255,2001,11.0
4980,124-11-255,2004,14.0
4980,124-11-255,2006,-4.0
4980,124-11-255,2008,-1.0
4980,124-11-255,2012,-6.0
4980,124-11-255,2021,0.0
4980,124-11-265,1999,
4980,124-11-265,2004,0.0
4980,124-11-265,2008,5.0
4980,124-11-265,2012,2.0
4980,124-11-265,2021,-1.0
4980,124-11-270,1998,6.0
4980,124-11-270,1999,-5.0
4980,124-11-270,2001,5.0
4980,124-11-270,2004,-1.0
4980,124-11-270,2008,-2.0
4980,124-11-270,2012,-3.0
4980,124-11-270,2021,7.0
4980,124-11-29,1999,-12.0
4980,124-11-29,2001,6.0
4980,124-11-29,2006,-24.0
4980,124-11-29,2012,-2.0
4980,124-11-29,2015,-2.0
4980,124-11-33,1999,-18.0
4980,124-11-33,2001,7.0
4980,124-11-33,2002,1.0
4980,124-11-33,2003,-1.0
4980,124-11-33,2004,-3.0
4980,124-11-33,2006,-10.0
4980,124-11-33,2012,-4.0
4980,124-11-401,2003,-1.0
4980,124-11-401,2004,-3.0
4980,124-11-401,2007,-2.0
4980,124-11-401,2008,7.0
4980,124-11-401,2010,-3.0
4980,124-11-401,2011,0.0
4980,124-11-401,2012,2.0
4980,124-11-401,2015,0.0
4980,124-11-401,2021,2.0
4980,124-11-402,1999,6.0
4980,124-11-402,2001,-1.0
4980,124-11-402,2004,8.0
4980,124-11-402,2007,1.0
4980,124-11-402,2008,0.0
4980,124-11-402,2011,
4980,124-11-402,2015,
4980,124-11-402,2021,0.0
4980,124-11-407,1999,2.0
4980,124-11-407,2002,0.0
4980,124-11-407,2004,2.0
4980,124-11-407,2005,1.0
4980,124-11-407,2011,
4980,124-11-408,2003,
4980,124-11-408,2012,
4980,124-11-408,2021,
4980,124-11-409,2001,-4.0
4980,124-11-409,2004,-5.0
4980,124-11-409,2012,
4980,124-11-409,2015,3.0
4980,124-11-410,2021,
4980,124-11-413,2004,-3.0
4980,124-11-413,2007,-2.0
4980,124-11-413,2008,
4980,124-11-413,2010,-8.0
4980,124-11-413,2012,
4980,124-11-413,2015,-1.0
4980,124-11-419,1999,-5.0
4980,124-11-419,2001,0.0
4980,124-11-419,2004,
4980,124-11-419,2012,-7.0
4980,124-11-419,2021,
4980,124-11-420,1999,15.0
4980,124-11-420,2001,1.0
4980,124-11-420,2002,2.0
4980,124-11-420,2004,-7.0
4980,124-11-420,2006,-19.0
4980,124-11-420,2012,
4980,124-11-420,2015,2.0
4980,124-11-45,1999,-4.0
4980,124-11-45,2001,0.0
4980,124-11-45,2002,-6.0
4980,124-11-45,2003,2.0
4980,124-11-45,2004,-2.0
4980,124-11-45,2006,-7.0
4980,124-11-45,2012,-9.0
4980,124-11-45,2015,3.0
4980,124-11-55,1999,-2.0
4980,124-11-55,2001,-2.0
4980,124-11-55,2015,
4980,124-11-55,2021,1.0
4980,124-11-57,2001,
4980,124-11-57,2004,6.0
4980,124-11-57,2008,1.0
4980,124-11-6,2011,-17.0
4980,124-11-6,2012,-1.0
4980,124-11-6,2015,-5.0
4980,124-11-608,1999,4.0
4980,124-11-608,2001,-1.0
4980,124-11-608,2004,13.0
4980,124-11-608,2010,-3.0
4980,124-11-608,2011,0.0
4980,124-11-608,2012,8.0
4980,124-11-608,2021,
4980,124-11-609,1999,4.0
4980,124-11-609,2002,3.0
4980,124-11-609,2003,-2.0
4980,124-11-609,2004,-2.0
4980,124-11-609,2011,1.0
4980,124-11-609,2012,
4980,124-11-612,2004,
4980,124-11-612,2010,2.0
4980,124-11-612,2011,-2.0
4980,124-11-612,2012,
4980,124-11-612,2021,0.0
4980,124-11-613,2000,1.0
4980,124-11-613,2001,-1.0
4980,124-11-613,2004,7.0
4980,124-11-613,2015,7.0
4980,124-11-613,2021,3.0
4980,124-11-69,2001,
4980,124-11-69,2012,
4980,124-11-709,1999,-4.0
4980,124-11-709,2001,0.0
4980,124-11-709,2002,1.0
4980,124-11-709,2003,0.0
4980,124-11-709,2004,5.0
4980,124-11-709,2009,-1.0
4980,124-11-709,2012,
4980,124-11-71,2007,
4980,124-11-74,1999,3.0
4980,124-11-74,2001,7.0
4980,124-11-74,2004,12.0
4980,124-11-74,2006,-7.0
4980,124-11-74,2011,14.0
4980,124-11-74,2021,-8.0
4980,124-11-81,1998,3.0
4980,124-11-81,2004,
4980,124-11-81,2008,
4980,124-11-9,2004,
4980,124-4-10,2005,4.0
4980,124-4-10,2016,0.0
4980,124-4-10,2021,1.0
4980,124-4-105,1999,-3.0
4980,124-4-105,2006,2.0
4980,124-4-105,2011,3.0
4980,124-4-105,2015,2.0
4980,124-4-105,2021,3.0
4980,124-4-106,1998,
4980,124-4-106,2004,-4.0
4980,124-4-106,2021,-2.0
4980,124-4-107,2005,7.0
4980,124-4-107,2011,3.0
4980,124-4-107,2014,
4980,124-4-107,2016,4.0
4980,124-4-107,2018,-1.0
4980,124-4-109,2005,18.0
4980,124-4-109,2011,10.0
4980,124-4-109,2015,-19.0
4980,124-4-109,2016,-22.0
4980,124-4-109,2021,-53.0
4980,124-4-113,1999,55.0
4980,124-4-113,2002,17.0
4980,124-4-113,2005,
4980,124-4-113,2011,94.0
4980,124-4-113,2016,-26.0
4980,124-4-113,2021,-64.0
4980,124-4-114,1999,-2.0
4980,124-4-114,2002,41.0
4980,124-4-114,2005,59.0
4980,124-4-114,2011,
4980,124-4-114,2015,
4980,124-4-114,2021,-4.0
4980,124-4-115,1999,62.0
4980,124-4-115,2002,17.0
4980,124-4-115,2005,-6.0
4980,124-4-115,2015,47.0
4980,124-4-115,2016,
4980,124-4-115,2021,
4980,124-4-116,2001,-2.0
4980,124-4-116,2006,-2.0
4980,124-4-116,2009,
4980,124-4-116,2011,
4980,124-4-116,2016,
4980,124-4-121,2000,-24.0
4980,124-4-121,2002,9.0
4980,124-4-121,2005,-3.0
4980,124-4-121,2006,
4980,124-4-127,2001,
4980,124-4-127,2015,7.0
4980,124-4-127,2016,-42.0
4980,124-4-127,2018,
4980,124-4-128,2002,21.0
4980,124-4-128,2005,91.0
4980,124-4-128,2021,76.0
4980,124-4-129,2000,-24.0
4980,124-4-129,2001,34.0
4980,124-4-129,2002,-53.0
4980,124-4-129,2005,22.0
4980,124-4-129,2006,-30.0
4980,124-4-13,1997,-34.0
4980,124-4-13,1999,-14.0
4980,124-4-13,2000,
4980,124-4-13,2011,45.0
4980,124-4-13,2016,54.0
4980,124-4-13,2018,-32.0
4980,124-4-136,2002,0.0
4980,124-4-136,2004,3.0
4980,124-4-136,2005,13.0
4980,124-4-136,2021,15.0
4980,124-4-138,2003,
4980,124-4-138,2005,4.0
4980,124-4-138,2015,-1.0
4980,124-4-138,2021,-27.0
4980,124-4-14,1997,12.0
4980,124-4-14,2002,-10.0
4980,124-4-14,2005,-1.0
4980,124-4-14,2006,-6.0
4980,124-4-14,2011,
4980,124-4-15,1999,-9.0
4980,124-4-15,2000,6.0
4980,124-4-15,2002,2.0
4980,124-4-15,2015,9.0
4980,124-4-15,2016,7.0
4980,124-4-15,2021,0.0
4980,124-4-18,1997,13.0
4980,124-4-18,2002,-4.0
4980,124-4-18,2004,-15.0
4980,124-4-18,2005,1.0
4980,124-4-18,2006,-12.0
4980,124-4-19,2002,-7.0
4980,124-4-19,2005,-23.0
4980,124-4-19,2015,
4980,124-4-19,2021,
4980,124-4-2,1998,-17.0
4980,124-4-2,2005,23.0
4980,124-4-2,2010,20.0
4980,124-4-2,2011,-26.0
4980,124-4-2,2015,21.0
4980,124-4-2,2021,-4.0
4980,124-4-20,1999,-29.0
4980,124-4-20,2002,
4980,124-4-20,2005,53.0
4980,124-4-20,2014,-7.0
4980,124-4-20,2016,28.0
4980,124-4-20,2021,-46.0
4980,124-4-201,2004,0.0
4980,124-4-201,2015,
4980,124-4-201,2021,17.0
4980,124-4-204,2005,-15.0
4980,124-4-204,2011,17.0
4980,124-4-204,2014,54.0
4980,124-4-204,2015,2.0
4980,124-4-204,2016,-3.0
4980,124-4-204,2021,
4980,124-4-210,2005,19.0
4980,124-4-210,2015,-6.0
4980,124-4-210,2016,-5.0
4980,124-4-210,2021,5.0
4980,124-4-212,2002,-14.0
4980,124-4-212,2005,9.0
4980,124-4-212,2015,6.0
4980,124-4-212,2016,
4980,124-4-212,2018,-2.0
4980,124-4-213,2005,15.0
4980,124-4-213,2006,15.0
4980,124-4-213,2011,5.0
4980,124-4-213,2014,3.0
4980,124-4-213,2015,-11.0
4980,124-4-213,2016,12.0
4980,124-4-214,2005,17.0
4980,124-4-214,2014,11.0
4980,124-4-214,2015,-62.0
4980,124-4-214,2016,39.0
4980,124-4-214,2021,-4.0
4980,124-4-215,1998,0.0
4980,124-4-215,1999,1.0
4980,124-4-215,2006,1.0
4980,124-4-215,2015,
4980,124-4-22,2002,-20.0
4980,124-4-22,2005,-31.0
4980,124-4-22,2006,-3.0
4980,124-4-22,2015,-29.0
4980,124-4-22,2016,57.0
4980,124-4-227,2002,-24.0
4980,124-4-227,2015,20.0
4980,124-4-227,2016,
4980,124-4-228,2000,-20.0
4980,124-4-228,2001,-19.0
4980,124-4-228,2002,
4980,124-4-228,2005,3.0
4980,124-4-228,2015,-15.0
4980,124-4-229,1999,-27.0
4980,124-4-229,2000,-21.0
4980,124-4-229,2002,0.0
4980,124-4-229,2005,0.0
4980,124-4-229,2006,-1.0
4980,124-4-229,2015,1.0
4980,124-4-229,2016,8.0
4980,124-4-229,2021,-30.0
4980,124-4-24,1997,0.0
4980,124-4-24,2004,1.0
4980,124-4-24,2005,
4980,124-4-251,1999,
4980,124-4-251,2002,-3.0
4980,124-4-251,2003,-8.0
4980,124-4-251,2011,-2.0
4980,124-4-251,2021,28.0
4980,124-4-26,2004,-8.0
4980,124-4-26,2005,10.0
4980,124-4-26,2006,7.0
4980,124-4-26,2015,8.0
4980,124-4-26,2016,-16.0
4980,124-4-27,2002,2.0
4980,124-4-27,2004,14.0
4980,124-4-27,2005,10.0
4980,124-4-27,2006,-14.0
4980,124-4-28,2001,18.0
4980,124-4-28,2002,-44.0
4980,124-4-28,2005,18.0
4980,124-4-28,2015,-5.0
4980,124-4-28,2021,-32.0
4980,124-4-29,1999,-7.0
4980,124-4-29,2000,-1.0
4980,124-4-29,2002,-16.0
4980,124-4-29,2005,
4980,124-4-29,2015,15.0
4980,124-4-29,2021,9.0
4980,124-4-3,1998,-5.0
4980,124-4-3,2005,-6.0
4980,124-4-3,2006,2.0
4980,124-4-3,2007,-10.0
4980,124-4-3,2011,-3.0
4980,124-4-3,2014,-5.0
4980,124-4-3,2015,-2.0
4980,124-4-3,2016,4.0
4980,124-4-302,1998,72.0
4980,124-4-302,2005,-71.0
4980,124-4-302,2010,5.0
4980,124-4-302,2011,-6.0
4980,124-4-302,2014,5.0
4980,124-4-302,2015,17.0
4980,124-4-302,2021,-12.0
4980,124-4-304,2005,3.0
4980,124-4-304,2011,-5.0
4980,124-4-304,2014,-14.0
4980,124-4-304,2015,5.0
4980,124-4-304,2021,
4980,124-4-306,2011,6.0
4980,124-4-306,2014,24.0
4980,124-4-306,2021,28.0
4980,124-4-31,1999,-14.0
4980,124-4-31,2000,6.0
4980,124-4-31,2002,-5.0
4980,124-4-31,2015,8.0
4980,124-4-31,2018,
4980,124-4-311,2002,28.0
4980,124-4-311,2005,51.0
4980,124-4-311,2006,-4.0
4980,124-4-311,2016,
4980,124-4-312,2005,4.0
4980,124-4-312,2011,-6.0
4980,124-4-312,2014,12.0
4980,124-4-312,2016,5.0
4980,124-4-312,2021,-2.0
4980,124-4-313,2005,
4980,124-4-313,2011,-16.0
4980,124-4-313,2015,5.0
4980,124-4-313,2016,0.0
4980,124-4-313,2021,-20.0
4980,124-4-315,1999,8.0
4980,124-4-315,2002,3.0
4980,124-4-315,2009,-1.0
4980,124-4-315,2014,
4980,124-4-315,2017,2.0
4980,124-4-315,2018,-6.0
4980,124-4-328,2001,1.0
4980,124-4-328,2002,-14.0
4980,124-4-328,2005,6.0
4980,124-4-328,2021,62.0
4980,124-4-329,2005,-14.0
4980,124-4-329,2021,7.0
4980,124-4-33,2021,0.0
4980,124-4-330,1999,-2.0
4980,124-4-330,2000,-31.0
4980,124-4-330,2002,-59.0
4980,124-4-330,2005,21.0
4980,124-4-330,2015,17.0
4980,124-4-330,2021,22.0
4980,124-4-37,2000,
4980,124-4-37,2004,9.0
4980,124-4-37,2005,-9.0
4980,124-4-37,2006,1.0
4980,124-4-37,2012,
4980,124-4-37,2015,0.0
4980,124-4-37,2016,21.0
4980,124-4-37,2021,
4980,124-4-4,2005,9.0
4980,124-4-4,2011,-21.0
4980,124-4-4,2014,7.0
4980,124-4-4,2015,-15.0
4980,124-4-4,2016,27.0
4980,124-4-4,2017,2.0
4980,124-4-40,1999,2.0
4980,124-4-40,2000,3.0
4980,124-4-40,2002,-16.0
4980,124-4-40,2005,12.0
4980,124-4-40,2006,-10.0
4980,124-4-40,2011,-6.0
4980,124-4-40,2015,4.0
4980,124-4-404,2011,2.0
4980,124-4-404,2014,-2.0
4980,124-4-404,2015,11.0
4980,124-4-404,2021,
4980,124-4-42,1999,-3.0
4980,124-4-42,2001,
4980,124-4-42,2015,-1.0
4980,124-4-42,2016,-2.0
4980,124-4-42,2018,
4980,124-4-49,2000,
4980,124-4-49,2002,0.0
4980,124-4-49,2003,0.0
4980,124-4-49,2005,1.0
4980,124-4-49,2021,
4980,124-4-50,1999,
4980,124-4-50,2001,5.0
4980,124-4-50,2002,-3.0
4980,124-4-50,2003,-1.0
4980,124-4-50,2011,5.0
4980,124-4-50,2021,-5.0
4980,124-4-55,1999,-6.0
4980,124-4-55,2001,0.0
4980,124-4-55,2002,-28.0
4980,124-4-55,2006,
4980,124-4-55,2011,15.0
4980,124-4-55,2021,
4980,124-4-6,2004,10.0
4980,124-4-6,2005,
4980,124-4-6,2011,
4980,124-4-6,2015,13.0
4980,124-4-6,2016,-19.0
4980,124-4-6,2018,29.0
4980,124-4-62,1998,29.0
4980,124-4-62,1999,
4980,124-4-62,2002,-16.0
4980,124-4-62,2003,1.0
4980,124-4-62,2006,-25.0
4980,124-4-62,2016,-32.0
4980,124-4-63,1999,-3.0
4980,124-4-63,2000,7.0
4980,124-4-63,2001,-11.0
4980,124-4-63,2002,-13.0
4980,124-4-63,2003,2.0
4980,124-4-63,2006,4.0
4980,124-4-63,2009,-38.0
4980,124-4-63,2011,-6.0
4980,124-4-63,2015,9.0
4980,124-4-63,2016,15.0
4980,124-4-63,2021,-30.0
4980,124-4-7,1997,0.0
4980,124-4-7,2005,-75.0
4980,124-4-7,2006,-24.0
4980,124-4-7,2007,122.0
4980,124-4-7,2011,
4980,124-4-77,1998,
4980,124-4-77,2004,0.0
4980,124-4-78,2009,
4980,124-4-9,2005,33.0
4980,124-4-9,2006,0.0
4980,124-4-9,2011,3.0
4980,124-4-9,2014,-3.0
4980,124-4-9,2015,29.0
4980,124-4-9,2016,11.0
4980,124-4-96,1998,1.0
4980,124-4-96,1999,-3.0
4980,124-4-96,2021,2.0
4980,124-43-11,2004,
4980,124-43-7,2003,
4980,124-43-7,2005,-1.0
4980,124-43-7,2006,2.0
4980,124-43-7,2009,-3.0
4980,124-43-7,2013,1.0
4980,124-43-7,2014,4.0
4980,124-43-8,2005,
4980,124-43-8,2013,-4.0
4980,124-43-8,2014,-6.0
4980,124-43-8,2018,
4980,124-43-9,1998,-3.0
4980,124-43-9,2000,1.0
4980,124-43-9,2004,2.0
4980,124-43-9,2006,1.0
4980,124-43-9,2009,-2.0
4980,124-43-9,2013,-5.0
4980,124-45-1,1998,6.0
4980,124-45-1,2000,-1.0
4980,124-45-1,2009,-13.0
4980,124-45-1,2018,-5.0
4980,124-45-1,2021,-15.0
4980,124-45-101,1998,
4980,124-45-101,2000,1.0
4980,124-45-101,2004,
4980,124-45-101,2009,-4.0
4980,124-45-101,2018,7.0
4980,124-45-101,2021,-2.0
4980,124-45-102,1998,-24.0
4980,124-45-102,2000,40.0
4980,124-45-102,2004,-50.0
4980,124-45-102,2009,44.0
4980,124-45-102,2018,-28.0
4980,124-45-102,2021,-1.0
4980,124-45-103,1997,3.0
4980,124-45-103,1998,4.0
4980,124-45-103,2000,-5.0
4980,124-45-103,2004,50.0
4980,124-45-103,2009,-7.0
4980,124-45-103,2018,-18.0
4980,124-45-105,1997,
4980,124-45-105,2000,204.0
4980,124-45-105,2004,
4980,124-45-105,2009,10.0
4980,124-45-105,2018,-34.0
4980,124-45-105,2021,9.0
4980,124-45-107,1997,-53.0
4980,124-45-107,1998,36.0
4980,124-45-107,2000,109.0
4980,124-45-107,2004,-21.0
4980,124-45-107,2009,-7.0
4980,124-45-107,2018,
4980,124-45-109,1998,
4980,124-45-109,2008,26.0
4980,124-45-109,2009,
4980,124-45-109,2018,
4980,124-45-11,1997,59.0
4980,124-45-11,1998,-22.0
4980,124-45-11,2000,-45.0
4980,124-45-11,2018,-378.0
4980,124-45-11,2021,-208.0
4980,124-45-111,1997,31.0
4980,124-45-111,1998,37.0
4980,124-45-111,2000,-11.0
4980,124-45-111,2004,-22.0
4980,124-45-111,2018,-4.0
4980,124-45-111,2021,-19.0
4980,124-45-112,1997,3.0
4980,124-45-112,2000,-1.0
4980,124-45-112,2002,
4980,124-45-113,1997,-7.0
4980,124-45-113,2000,1.0
4980,124-45-113,2004,6.0
4980,124-45-113,2006,-6.0
4980,124-45-113,2009,6.0
4980,124-45-113,2021,-3.0
4980,124-45-114,1997,38.0
4980,124-45-114,2000,2.0
4980,124-45-114,2002,-10.0
4980,124-45-114,2009,-19.0
4980,124-45-114,2012,
4980,124-45-116,2000,6.0
4980,124-45-116,2004,76.0
4980,124-45-116,2021,-61.0
4980,124-45-118,1998,
4980,124-45-118,2009,48.0
4980,124-45-118,2018,
4980,124-45-12,2000,2.0
4980,124-45-12,2006,2.0
4980,124-45-12,2009,-7.0
4980,124-45-12,2021,-3.0
4980,124-45-120,1997,-5.0
4980,124-45-120,2000,
4980,124-45-120,2004,
4980,124-45-120,2021,
4980,124-45-121,1997,26.0
4980,124-45-121,1998,-24.0
4980,124-45-121,2000,8.0
4980,124-45-121,2004,4.0
4980,124-45-121,2018,31.0
4980,124-45-121,2021,-58.0
4980,124-45-13,1997,2.0
4980,124-45-13,1998,-8.0
4980,124-45-13,2000,-3.0
4980,124-45-13,2004,16.0
4980,124-45-13,2009,14.0
4980,124-45-13,2018,-28.0
4980,124-45-13,2021,5.0
4980,124-45-18,1997,31.0
4980,124-45-18,1998,79.0
4980,124-45-18,2000,234.0
4980,124-45-18,2002,-148.0
4980,124-45-18,2004,-82.0
4980,124-45-18,2006,4.0
4980,124-45-18,2015,28.0
4980,124-45-2,1997,-22.0
4980,124-45-2,1998,3.0
4980,124-45-2,2000,6.0
4980,124-45-2,2004,-4.0
4980,124-45-2,2009,-37.0
4980,124-45-2,2018,-36.0
4980,124-45-201,2000,
4980,124-45-201,2009,0.0
4980,124-45-201,2021,-6.0
4980,124-45-203,2004,60.0
4980,124-45-203,2008,30.0
4980,124-45-203,2009,-16.0
4980,124-45-203,2018,5.0
4980,124-45-203,2021,-126.0
4980,124-45-205,1998,40.0
4980,124-45-205,2000,-18.0
4980,124-45-205,2004,13.0
4980,124-45-205,2009,-21.0
4980,124-45-205,2018,-46.0
4980,124-45-205,2021,17.0
4980,124-45-207,1997,30.0
4980,124-45-207,1998,-25.0
4980,124-45-207,2000,25.0
4980,124-45-207,2012,-30.0
4980,124-45-207,2018,
4980,124-45-209,1997,60.0
4980,124-45-209,1998,-6.0
4980,124-45-209,2000,16.0
4980,124-45-209,2004,90.0
4980,124-45-209,2018,-94.0
4980,124-45-209,2021,
4980,124-45-21,1997,-4.0
4980,124-45-21,1998,14.0
4980,124-45-21,2000,8.0
4980,124-45-21,2004,-32.0
4980,124-45-21,2018,54.0
4980,124-45-21,2021,-33.0
4980,124-45-213,1997,
4980,124-45-213,2000,8.0
4980,124-45-213,2002,-3.0
4980,124-45-213,2004,25.0
4980,124-45-213,2006,-2.0
4980,124-45-213,2009,-2.0
4980,124-45-216,2000,22.0
4980,124-45-216,2004,
4980,124-45-216,2018,
4980,124-45-216,2021,4.0
4980,124-45-218,1997,-1.0
4980,124-45-218,1998,0.0
4980,124-45-218,2000,1.0
4980,124-45-218,2004,
4980,124-45-218,2018,22.0
4980,124-45-218,2021,
4980,124-45-22,2000,87.0
4980,124-45-22,2004,37.0
4980,124-45-22,2021,2.0
4980,124-45-220,1997,54.0
4980,124-45-220,2000,-27.0
4980,124-45-220,2004,0.0
4980,124-45-220,2018,
4980,124-45-220,2021,-27.0
4980,124-45-26,2000,10.0
4980,124-45-26,2014,8.0
4980,124-45-26,2021,-47.0
4980,124-45-3,2000,38.0
4980,124-45-3,2002,6.0
4980,124-45-3,2004,
4980,124-45-3,2006,-43.0
4980,124-45-3,2009,-1.0
4980,124-45-3,2012,-47.0
4980,124-45-30,2000,-11.0
4980,124-45-30,2021,2.0
4980,124-45-307,2008,-18.0
4980,124-45-307,2009,-95.0
4980,124-45-307,2014,-68.0
4980,124-45-307,2018,-18.0
4980,124-45-307,2021,-227.0
4980,124-45-41,1997,-7.0
4980,124-45-41,1998,-6.0
4980,124-45-41,2000,-30.0
4980,124-45-41,2009,78.0
4980,124-45-41,2018,-27.0
4980,124-45-41,2021,
4980,124-45-42,2004,-3.0
4980,124-45-42,2009,6.0
4980,124-45-42,2018,0.0
4980,124-45-42,2021,-6.0
4980,124-45-42,2022,2.0
4980,124-45-43,1997,-12.0
4980,124-45-43,2000,6.0
4980,124-45-43,2009,-41.0
4980,124-45-43,2018,-2.0
4980,124-45-43,2021,-47.0
4980,124-45-49,2002,-1.0
4980,124-45-49,2004,2.0
4980,124-45-49,2021,3.0
4980,124-45-5,1997,-2.0
4980,124-45-5,1998,23.0
4980,124-45-5,2000,-5.0
4980,124-45-5,2004,72.0
4980,124-45-5,2009,17.0
4980,124-45-5,2018,18.0
4980,124-45-5,2021,-22.0
4980,124-45-7,1997,14.0
4980,124-45-7,1998,152.0
4980,124-45-7,2000,9.0
4980,124-45-7,2008,228.0
4980,124-45-7,2009,-424.0
4980,124-45-7,2018,-178.0
4980,124-45-7,2021,17.0
4980,124-45-9,1997,31.0
4980,124-45-9,1998,
4980,124-45-9,2000,
4980,124-45-9,2009,28.0
4980,124-45-9,2018,-196.0
4980,124-45-9,2021,37.0
4980,124-56-105,1999,
4980,124-56-105,2002,10.0
4980,124-56-105,2004,3.0
4980,124-56-105,2006,1.0
4980,124-56-105,2015,4.0
4980,124-56-105,2021,
4980,124-56-13,2001,1.0
4980,124-56-13,2004,-11.0
4980,124-56-13,2011,7.0
4980,124-56-13,2018,-3.0
4980,124-56-13,2021,-1.0
4980,124-56-137,1999,
4980,124-56-137,2001,-1.0
4980,124-56-137,2004,-6.0
4980,124-56-137,2015,
4980,124-56-14,1999,0.0
4980,124-56-14,2001,1.0
4980,124-56-14,2004,0.0
4980,124-56-15,1999,-2.0
4980,124-56-15,2001,-4.0
4980,124-56-15,2004,2.0
4980,124-56-15,2011,-4.0
4980,124-56-15,2018,-1.0
4980,124-56-15,2021,1.0
4980,124-56-21,1999,-2.0
4980,124-56-21,2001,8.0
4980,124-56-21,2002,2.0
4980,124-56-21,2004,
4980,124-56-21,2006,3.0
4980,124-56-21,2015,-5.0
4980,124-56-21,2018,1.0
4980,124-56-22,1999,1.0
4980,124-56-22,2001,-1.0
4980,124-56-22,2002,2.0
4980,124-56-22,2004,1.0
4980,124-56-22,2018,1.0
4980,124-56-25,2015,0.0
4980,124-56-25,2021,
4980,124-56-26,2015,
4980,124-56-26,2017,
4980,124-56-31,1999,0.0
4980,124-56-31,2001,
4980,124-56-31,2004,
4980,124-56-31,2015,-1.0
4980,124-56-31,2016,-3.0
4980,124-56-31,2018,1.0
4980,124-56-31,2021,6.0
4980,124-56-34,2002,
4980,124-56-34,2006,
4980,124-56-34,2014,
4980,124-56-38,1999,4.0
4980,124-56-38,2001,-7.0
4980,124-56-38,2002,2.0
4980,124-56-38,2004,0.0
4980,124-56-41,1999,-14.0
4980,124-56-41,2001,-14.0
4980,124-56-41,2002,26.0
4980,124-56-41,2004,7.0
4980,124-56-41,2015,-4.0
4980,124-56-41,2018,0.0
4980,124-56-41,2021,20.0
4980,124-56-42,2004,-4.0
4980,124-56-42,2006,11.0
4980,124-56-42,2015,1.0
4980,124-56-42,2022,
4980,124-56-44,1999,-1.0
4980,124-56-44,2001,
4980,124-56-44,2004,
4980,124-57-10,2009,
4980,124-57-10,2018,-1.0
4980,124-57-10,2022,
4980,124-65-11,2001,
4980,124-65-11,2004,
4980,124-65-117,1999,43.0
4980,124-65-117,2001,-30.0
4980,124-65-117,2002,7.0
4980,124-65-117,2004,2.0
4980,124-65-117,2006,2.0
4980,124-65-117,2011,-6.0
4980,124-65-117,2015,-7.0
4980,124-65-117,2018,
4980,124-65-117,2021,-3.0
4980,124-65-13,1999,-1.0
4980,124-65-13,2004,0.0
4980,124-65-13,2015,10.0
4980,124-65-13,2018,-1.0
4980,124-65-13,2021,0.0
4980,124-65-130,2015,-1.0
4980,124-65-130,2018,0.0
4980,124-65-130,2021,3.0
4980,124-65-14,1999,1.0
4980,124-65-14,2001,1.0
4980,124-65-14,2004,-1.0
4980,124-65-14,2006,7.0
4980,124-65-14,2011,3.0
4980,124-65-14,2013,0.0
4980,124-65-14,2015,0.0
4980,124-65-14,2016,2.0
4980,124-65-14,2018,4.0
4980,124-65-14,2021,6.0
4980,124-65-18,1999,
4980,124-65-18,2002,
4980,124-65-18,2004,3.0
4980,124-65-18,2006,
4980,124-65-18,2015,-10.0
4980,124-65-18,2018,-4.0
4980,124-65-18,2021,-8.0
4980,124-65-19,1999,-1.0
4980,124-65-19,2001,1.0
4980,124-65-19,2002,3.0
4980,124-65-19,2004,3.0
4980,124-65-19,2015,-3.0
4980,124-65-19,2018,1.0
4980,124-65-19,2021,-4.0
4980,124-65-20,1999,0.0
4980,124-65-20,2001,-4.0
4980,124-65-20,2002,
4980,124-65-20,2004,-1.0
4980,124-65-20,2006,2.0
4980,124-65-20,2011,8.0
4980,124-65-20,2016,-5.0
4980,124-65-20,2018,-2.0
4980,124-65-21,1999,-5.0
4980,124-65-21,2004,0.0
4980,124-65-21,2015,-5.0
4980,124-65-21,2016,14.0
4980,124-65-21,2018,-3.0
4980,124-65-21,2021,
4980,124-65-22,1999,0.0
4980,124-65-22,2002,
4980,124-65-22,2016,-2.0
4980,124-65-22,2022,2.0
4980,124-65-23,2002,9.0
4980,124-65-23,2004,4.0
4980,124-65-23,2013,-22.0
4980,124-65-23,2015,-7.0
4980,124-65-23,2016,16.0
4980,124-65-23,2017,-5.0
4980,124-65-23,2018,19.0
4980,124-65-23,2022,5.0
4980,124-65-27,1999,2.0
4980,124-65-27,2004,
4980,124-65-27,2015,
4980,124-65-27,2018,0.0
4980,124-65-27,2021,2.0
4980,124-65-28,1999,-5.0
4980,124-65-28,2001,-2.0
4980,124-65-28,2002,7.0
4980,124-65-28,2004,-6.0
4980,124-65-28,2006,3.0
4980,124-65-28,2015,-5.0
4980,124-65-28,2016,4.0
4980,124-65-28,2018,
4980,124-65-29,1999,-3.0
4980,124-65-29,2001,
4980,124-65-29,2015,2.0
4980,124-65-29,2018,
4980,124-65-31,1999,-2.0
4980,124-65-31,2001,-2.0
4980,124-65-31,2002,
4980,124-65-31,2015,
4980,124-65-31,2018,10.0
4980,124-65-31,2021,-7.0
4980,124-65-33,2001,-1.0
4980,124-65-33,2004,2.0
4980,124-65-33,2005,2.0
4980,124-65-33,2006,2.0
4980,124-65-33,2012,
4980,124-65-33,2021,6.0
4980,124-65-33,2022,-5.0
4980,124-65-34,2001,
4980,124-65-34,2015,0.0
4980,124-65-34,2017,1.0
4980,124-65-34,2018,-1.0
4980,124-65-34,2021,-2.0
4980,124-65-35,1999,-3.0
4980,124-65-35,2002,
4980,124-65-35,2014,-1.0
4980,124-65-35,2015,1.0
4980,124-65-36,1999,
4980,124-65-36,2004,
4980,124-65-38,1998,0.0
4980,124-65-38,1999,
4980,124-65-38,2015,0.0
4980,124-65-5,1999,
4980,124-65-7,1999,1.0
4980,124-65-7,2002,
4980,124-65-7,2011,-1.0
4980,124-65-7,2015,1.0
4980,124-65-7,2018,-3.0
4980,124-65-7,2021,-1.0
4980,124-65-9,2000,
4980,124-65-9,2005,
4980,124-65-9,2015,-2.0
4980,124-68-10,2007,-15.0
4980,124-68-10,2009,23.0
4980,124-68-10,2012,18.0
4980,124-68-10,2015,-31.0
4980,124-68-10,2021,6.0
4980,124-68-11,1999,10.0
4980,124-68-11,2000,-62.0
4980,124-68-11,2002,2.0
4980,124-68-11,2009,15.0
4980,124-68-11,2012,-15.0
4980,124-68-11,2015,20.0
4980,124-68-11,2021,3.0
4980,124-68-113,1999,-11.0
4980,124-68-113,2000,-16.0
4980,124-68-113,2004,2.0
4980,124-68-113,2005,-25.0
4980,124-68-113,2009,21.0
4980,124-68-113,2012,-36.0
4980,124-68-113,2015,-19.0
4980,124-68-113,2021,17.0
4980,124-68-117,2000,-17.0
4980,124-68-117,2004,25.0
4980,124-68-117,2005,-17.0
4980,124-68-117,2009,12.0
4980,124-68-117,2012,-17.0
4980,124-68-119,2000,-6.0
4980,124-68-119,2003,-2.0
4980,124-68-119,2004,2.0
4980,124-68-119,2005,-2.0
4980,124-68-119,2009,2.0
4980,124-68-119,2012,-19.0
4980,124-68-12,1999,8.0
4980,124-68-12,2000,31.0
4980,124-68-12,2004,-1.0
4980,124-68-12,2005,-38.0
4980,124-68-12,2009,-4.0
4980,124-68-12,2012,-6.0
4980,124-68-12,2016,-6.0
4980,124-68-12,2022,40.0
4980,124-68-127,2000,3.0
4980,124-68-127,2005,
4980,124-68-127,2012,
4980,124-68-14,2000,20.0
4980,124-68-14,2003,5.0
4980,124-68-14,2004,12.0
4980,124-68-14,2005,6.0
4980,124-68-14,2012,
4980,124-68-14,2015,-25.0
4980,124-68-14,2021,-44.0
4980,124-68-142,2000,-4.0
4980,124-68-142,2004,
4980,124-68-142,2006,
4980,124-68-142,2012,-2.0
4980,124-68-142,2015,2.0
4980,124-68-142,2021,
4980,124-68-15,1999,6.0
4980,124-68-15,2000,31.0
4980,124-68-15,2004,84.0
4980,124-68-15,2005,-48.0
4980,124-68-15,2009,-53.0
4980,124-68-15,2012,18.0
4980,124-68-15,2021,-47.0
4980,124-68-16,2004,0.0
4980,124-68-16,2005,15.0
4980,124-68-16,2009,-4.0
4980,124-68-16,2012,-2.0
4980,124-68-16,2015,12.0
4980,124-68-18,2000,-14.0
4980,124-68-18,2003,13.0
4980,124-68-18,2004,-12.0
4980,124-68-18,2005,0.0
4980,124-68-18,2009,-23.0
4980,124-68-18,2012,2.0
4980,124-68-18,2021,-10.0
4980,124-68-2,1997,
4980,124-68-2,2007,218.0
4980,124-68-2,2010,9.0
4980,124-68-2,2012,-14.0
4980,124-68-2,2013,117.0
4980,124-68-2,2015,61.0
4980,124-68-2,2021,-79.0
4980,124-68-20,2003,-28.0
4980,124-68-20,2004,
4980,124-68-20,2007,-38.0
4980,124-68-20,2009,22.0
4980,124-68-20,2012,3.0
4980,124-68-20,2021,-10.0
4980,124-68-202,2003,-37.0
4980,124-68-202,2004,2.0
4980,124-68-202,2005,
4980,124-68-202,2007,0.0
4980,124-68-203,2003,18.0
4980,124-68-203,2004,8.0
4980,124-68-203,2005,104.0
4980,124-68-203,2007,8.0
4980,124-68-203,2015,-72.0
4980,124-68-203,2021,53.0
4980,124-68-207,2003,17.0
4980,124-68-207,2004,7.0
4980,124-68-207,2005,-28.0
4980,124-68-207,2007,8.0
4980,124-68-207,2009,-21.0
4980,124-68-207,2021,10.0
4980,124-68-208,1999,
4980,124-68-208,2009,-5.0
4980,124-68-208,2015,-29.0
4980,124-68-208,2021,
4980,124-68-209,2003,11.0
4980,124-68-209,2004,6.0
4980,124-68-209,2005,-24.0
4980,124-68-209,2007,38.0
4980,124-68-209,2009,-3.0
4980,124-68-209,2015,21.0
4980,124-68-209,2021,3.0
4980,124-68-210,2007,58.0
4980,124-68-210,2009,-27.0
4980,124-68-210,2012,2.0
4980,124-68-210,2015,16.0
4980,124-68-210,2021,-15.0
4980,124-68-211,1999,22.0
4980,124-68-211,2000,-5.0
4980,124-68-211,2005,16.0
4980,124-68-211,2009,-16.0
4980,124-68-211,2012,6.0
4980,124-68-211,2015,37.0
4980,124-68-211,2021,20.0
4980,124-68-213,2005,17.0
4980,124-68-213,2015,
4980,124-68-213,2021,13.0
4980,124-68-214,1999,12.0
4980,124-68-214,2000,23.0
4980,124-68-214,2005,-13.0
4980,124-68-214,2009,11.0
4980,124-68-214,2012,-6.0
4980,124-68-214,2017,-4.0
4980,124-68-214,2021,32.0
4980,124-68-215,1999,
4980,124-68-215,2004,
4980,124-68-215,2009,5.0
4980,124-68-215,2012,0.0
4980,124-68-216,1999,-10.0
4980,124-68-216,2000,4.0
4980,124-68-216,2004,-42.0
4980,124-68-216,2005,9.0
4980,124-68-216,2009,7.0
4980,124-68-216,2012,6.0
4980,124-68-216,2021,16.0
4980,124-68-217,2000,-6.0
4980,124-68-217,2004,
4980,124-68-217,2009,-26.0
4980,124-68-217,2012,10.0
4980,124-68-217,2021,19.0
4980,124-68-218,2000,2.0
4980,124-68-218,2003,-10.0
4980,124-68-218,2004,5.0
4980,124-68-218,2005,0.0
4980,124-68-218,2012,7.0
4980,124-68-219,2005,-5.0
4980,124-68-219,2009,-6.0
4980,124-68-219,2015,-4.0
4980,124-68-219,2021,-6.0
4980,124-68-22,1999,32.0
4980,124-68-22,2003,-37.0
4980,124-68-22,2004,-18.0
4980,124-68-22,2005,66.0
4980,124-68-22,2009,-1.0
4980,124-68-22,2012,-39.0
4980,124-68-22,2021,-14.0
4980,124-68-220,2003,-8.0
4980,124-68-220,2004,-25.0
4980,124-68-220,2005,21.0
4980,124-68-220,2009,6.0
4980,124-68-220,2012,2.0
4980,124-68-223,1999,
4980,124-68-223,2005,-33.0
4980,124-68-223,2009,11.0
4980,124-68-223,2013,26.0
4980,124-68-223,2015,-11.0
4980,124-68-223,2021,7.0
4980,124-68-224,1999,-135.0
4980,124-68-224,2000,29.0
4980,124-68-224,2004,-26.0
4980,124-68-224,2005,35.0
4980,124-68-224,2015,-54.0
4980,124-68-224,2021,-68.0
4980,124-68-225,1999,7.0
4980,124-68-225,2000,-25.0
4980,124-68-225,2004,22.0
4980,124-68-225,2005,13.0
4980,124-68-225,2012,6.0
4980,124-68-225,2015,-2.0
4980,124-68-225,2021,-12.0
4980,124-68-233,2007,4.0
4980,124-68-233,2012,7.0
4980,124-68-233,2013,3.0
4980,124-68-233,2021,8.0
4980,124-68-238,1997,9.0
4980,124-68-238,1999,
4980,124-68-238,2009,6.0
4980,124-68-238,2012,-8.0
4980,124-68-238,2015,3.0
4980,124-68-238,2021,2.0
4980,124-68-242,1999,
4980,124-68-242,2006,9.0
4980,124-68-242,2007,43.0
4980,124-68-242,2009,-3.0
4980,124-68-242,2012,8.0
4980,124-68-242,2015,
4980,124-68-25,1997,-2.0
4980,124-68-25,1999,4.0
4980,124-68-25,2000,-17.0
4980,124-68-25,2004,41.0
4980,124-68-25,2005,-11.0
4980,124-68-25,2009,-25.0
4980,124-68-25,2012,18.0
4980,124-68-251,2000,
4980,124-68-251,2003,0.0
4980,124-68-251,2004,-3.0
4980,124-68-251,2005,8.0
4980,124-68-251,2009,-6.0
4980,124-68-251,2012,1.0
4980,124-68-251,2021,-8.0
4980,124-68-252,1999,
4980,124-68-252,2002,-10.0
4980,124-68-252,2003,
4980,124-68-252,2007,-6.0
4980,124-68-252,2009,-1.0
4980,124-68-252,2012,-3.0
4980,124-68-252,2014,2.0
4980,124-68-26,1999,6.0
4980,124-68-26,2000,-4.0
4980,124-68-26,2004,-10.0
4980,124-68-26,2005,-10.0
4980,124-68-26,2009,3.0
4980,124-68-26,2012,-16.0
4980,124-68-26,2021,13.0
4980,124-68-274,2021,
4980,124-68-28,1997,21.0
4980,124-68-28,2003,6.0
4980,124-68-28,2004,5.0
4980,124-68-28,2005,-9.0
4980,124-68-28,2009,3.0
4980,124-68-28,2012,14.0
4980,124-68-28,2021,7.0
4980,124-68-29,2003,-136.0
4980,124-68-29,2004,
4980,124-68-29,2009,-50.0
4980,124-68-29,2021,15.0
4980,124-68-296,2003,-1.0
4980,124-68-296,2004,3.0
4980,124-68-296,2005,1.0
4980,124-68-296,2015,-6.0
4980,124-68-296,2021,5.0
4980,124-68-297,1999,17.0
4980,124-68-297,2003,1.0
4980,124-68-297,2005,1.0
4980,124-68-297,2006,-5.0
4980,124-68-298,1999,-19.0
4980,124-68-298,2003,5.0
4980,124-68-298,2005,-5.0
4980,124-68-298,2006,-4.0
4980,124-68-298,2012,
4980,124-68-299,1999,8.0
4980,124-68-299,2003,
4980,124-68-299,2005,72.0
4980,124-68-299,2007,-13.0
4980,124-68-299,2015,43.0
4980,124-68-299,2021,23.0
4980,124-68-300,2000,
4980,124-68-300,2002,
4980,124-68-300,2009,
4980,124-68-300,2012,13.0
4980,124-68-300,2021,-5.0
4980,124-68-303,1997,60.0
4980,124-68-303,2007,
4980,124-68-303,2010,
4980,124-68-303,2021,-99.0
4980,124-68-308,2000,-30.0
4980,124-68-308,2003,-39.0
4980,124-68-308,2004,-6.0
4980,124-68-308,2005,-8.0
4980,124-68-308,2007,19.0
4980,124-68-308,2009,9.0
4980,124-68-308,2015,-37.0
4980,124-68-308,2021,3.0
4980,124-68-312,2004,33.0
4980,124-68-312,2005,6.0
4980,124-68-312,2009,23.0
4980,124-68-312,2012,-18.0
4980,124-68-312,2021,18.0
4980,124-68-314,2004,
4980,124-68-314,2016,7.0
4980,124-68-314,2022,-2.0
4980,124-68-316,2000,7.0
4980,124-68-316,2003,
4980,124-68-316,2005,1.0
4980,124-68-316,2009,16.0
4980,124-68-316,2012,
4980,124-68-316,2021,
4980,124-68-317,1999,-10.0
4980,124-68-317,2000,
4980,124-68-317,2004,
4980,124-68-317,2007,48.0
4980,124-68-317,2009,14.0
4980,124-68-319,2000,16.0
4980,124-68-319,2004,-12.0
4980,124-68-319,2005,0.0
4980,124-68-319,2009,38.0
4980,124-68-319,2012,-6.0
4980,124-68-319,2021,34.0
4980,124-68-323,1999,31.0
4980,124-68-323,2000,7.0
4980,124-68-323,2008,-66.0
4980,124-68-323,2015,-7.0
4980,124-68-324,1999,-7.0
4980,124-68-324,2000,9.0
4980,124-68-324,2004,-27.0
4980,124-68-324,2005,-29.0
4980,124-68-325,1999,6.0
4980,124-68-325,2000,8.0
4980,124-68-325,2009,
4980,124-68-325,2012,-50.0
4980,124-68-325,2021,
4980,124-68-326,1997,2.0
4980,124-68-326,1999,4.0
4980,124-68-326,2000,1.0
4980,124-68-326,2004,12.0
4980,124-68-326,2005,-12.0
4980,124-68-338,1999,
4980,124-68-338,2003,-5.0
4980,124-68-338,2004,0.0
4980,124-68-338,2005,-1.0
4980,124-68-338,2012,-2.0
4980,124-68-338,2021,4.0
4980,124-68-35,2003,14.0
4980,124-68-35,2006,
4980,124-68-35,2012,-2.0
4980,124-68-35,2021,-1.0
4980,124-68-350,2002,
4980,124-68-350,2005,-1.0
4980,124-68-350,2009,
4980,124-68-350,2012,6.0
4980,124-68-350,2015,-3.0
4980,124-68-36,2000,
4980,124-68-36,2009,1.0
4980,124-68-36,2012,
4980,124-68-37,2003,-8.0
4980,124-68-37,2004,0.0
4980,124-68-37,2005,26.0
4980,124-68-37,2006,-28.0
4980,124-68-37,2007,19.0
4980,124-68-37,2021,
4980,124-68-39,1999,-5.0
4980,124-68-39,2000,6.0
4980,124-68-39,2003,
4980,124-68-39,2005,-11.0
4980,124-68-39,2012,4.0
4980,124-68-39,2021,-5.0
4980,124-68-4,2010,6.0
4980,124-68-4,2012,
4980,124-68-4,2015,3.0
4980,124-68-43,2005,
4980,124-68-44,2000,3.0
4980,124-68-44,2004,-3.0
4980,124-68-44,2005,9.0
4980,124-68-47,2012,0.0
4980,124-68-47,2013,8.0
4980,124-68-47,2015,2.0
4980,124-68-47,2021,1.0
4980,124-68-49,2006,0.0
4980,124-68-49,2007,1.0
4980,124-68-49,2012,-1.0
4980,124-68-49,2015,0.0
4980,124-68-49,2021,-1.0
4980,124-68-5,1999,13.0
4980,124-68-5,2003,5.0
4980,124-68-5,2004,7.0
4980,124-68-5,2005,-9.0
4980,124-68-5,2007,-15.0
4980,124-68-5,2009,-7.0
4980,124-68-5,2021,-13.0
4980,124-68-50,1999,18.0
4980,124-68-50,2000,-14.0
4980,124-68-50,2005,9.0
4980,124-68-50,2009,
4980,124-68-50,2021,4.0
4980,124-68-52,2000,1.0
4980,124-68-52,2003,1.0
4980,124-68-52,2004,-3.0
4980,124-68-52,2005,-1.0
4980,124-68-52,2012,-1.0
4980,124-68-53,2004,7.0
4980,124-68-53,2008,2.0
4980,124-68-53,2009,4.0
4980,124-68-53,2021,
4980,124-68-54,2000,-11.0
4980,124-68-54,2004,-6.0
4980,124-68-54,2009,2.0
4980,124-68-54,2018,2.0
4980,124-68-54,2021,5.0
4980,124-68-57,2003,14.0
4980,124-68-57,2005,
4980,124-68-57,2009,30.0
4980,124-68-57,2012,43.0
4980,124-68-57,2021,
4980,124-68-59,2004,0.0
4980,124-68-59,2005,5.0
4980,124-68-59,2006,-4.0
4980,124-68-59,2007,0.0
4980,124-68-6,1999,107.0
4980,124-68-6,2000,-12.0
4980,124-68-6,2003,-11.0
4980,124-68-6,2004,3.0
4980,124-68-6,2005,-7.0
4980,124-68-6,2007,-51.0
4980,124-68-6,2009,-13.0
4980,124-68-65,2004,-2.0
4980,124-68-65,2011,1.0
4980,124-68-65,2021,0.0
4980,124-68-66,1997,2.0
4980,124-68-66,1998,8.0
4980,124-68-66,2000,0.0
4980,124-68-66,2004,-4.0
4980,124-68-66,2006,-5.0
4980,124-68-66,2007,8.0
4980,124-68-66,2009,10.0
4980,124-68-66,2012,-9.0
4980,124-68-66,2018,-7.0
4980,124-68-7,2000,1.0
4980,124-68-7,2003,-2.0
4980,124-68-7,2004,-24.0
4980,124-68-7,2005,
4980,124-68-7,2007,
4980,124-68-7,2021,6.0
4980,124-68-8,1999,0.0
4980,124-68-8,2003,22.0
4980,124-68-8,2004,-34.0
4980,124-68-8,2005,-19.0
4980,124-68-8,2007,28.0
4980,124-68-8,2009,9.0
4980,124-68-83,1997,25.0
4980,124-68-83,1999,17.0
4980,124-68-83,2000,-14.0
4980,124-68-83,2004,4.0
4980,124-68-83,2005,-11.0
4980,124-68-83,2021,
4980,124-68-9,1999,
4980,124-68-9,2009,12.0
4980,124-68-9,2012,-7.0
4980,124-68-9,2015,-45.0
4980,124-68-9,2021,11.0
4980,124-75-5,1997,0.0
4980,124-75-5,1999,12.0
4980,124-75-5,2002,12.0
4980,124-75-5,2004,
4980,124-75-5,2011,8.0
4980,124-75-5,2018,-1.0
4980,124-75-5,2021,1.0
4980,124-75-9,1999,9.0
4980,124-75-9,2002,15.0
4980,124-75-9,2004,
4980,124-75-9,2006,-4.0
4980,124-75-9,2016,-13.0
4980,124-75-9,2021,-15.0
4980,124-75-9,2022,26.0
4980,124-76-1,1999,-9.0
4980,124-76-1,2000,-5.0
4980,124-76-1,2004,-11.0
4980,124-76-1,2005,-19.0
4980,124-76-1,2012,-8.0
4980,124-76-1,2015,-7.0
4980,124-76-1,2021,-1.0
4980,124-76-109,1999,14.0
4980,124-76-109,2000,
4980,124-76-109,2005,
4980,124-76-109,2015,-24.0
4980,124-76-109,2021,-2.0
4980,124-76-113,2000,
4980,124-76-113,2004,-10.0
4980,124-76-113,2005,9.0
4980,124-76-113,2021,-15.0
4980,124-76-12,2002,0.0
4980,124-76-12,2004,
4980,124-76-12,2012,2.0
4980,124-76-12,2013,7.0
4980,124-76-120,1999,5.0
4980,124-76-120,2000,-2.0
4980,124-76-120,2002,13.0
4980,124-76-120,2004,-11.0
4980,124-76-120,2005,10.0
4980,124-76-120,2015,-20.0
4980,124-76-120,2021,0.0
4980,124-76-121,1999,-6.0
4980,124-76-121,2000,3.0
4980,124-76-121,2002,5.0
4980,124-76-121,2004,-19.0
4980,124-76-121,2005,26.0
4980,124-76-121,2015,-4.0
4980,124-76-121,2021,13.0
4980,124-76-125,2000,5.0
4980,124-76-125,2004,5.0
4980,124-76-125,2005,-9.0
4980,124-76-125,2007,-7.0
4980,124-76-125,2012,-9.0
4980,124-76-127,1999,1.0
4980,124-76-127,2000,-3.0
4980,124-76-127,2004,1.0
4980,124-76-127,2005,
4980,124-76-140,2004,0.0
4980,124-76-140,2005,1.0
4980,124-76-159,1999,4.0
4980,124-76-159,2002,3.0
4980,124-76-159,2004,
4980,124-76-159,2018,6.0
4980,124-76-159,2021,
4980,124-76-16,2005,
4980,124-76-16,2013,1.0
4980,124-76-165,2006,
4980,124-76-165,2011,-1.0
4980,124-76-165,2014,0.0
4980,124-76-165,2017,-3.0
4980,124-76-165,2018,1.0
4980,124-76-18,1999,0.0
4980,124-76-18,2000,0.0
4980,124-76-18,2004,
4980,124-76-18,2015,2.0
4980,124-76-18,2021,3.0
4980,124-76-19,2005,31.0
4980,124-76-19,2009,60.0
4980,124-76-19,2015,6.0
4980,124-76-19,2021,-19.0
4980,124-76-190,1999,10.0
4980,124-76-190,2000,-3.0
4980,124-76-190,2001,16.0
4980,124-76-190,2004,5.0
4980,124-76-190,2005,-2.0
4980,124-76-190,2009,1.0
4980,124-76-190,2015,-3.0
4980,124-76-190,2021,1.0
4980,124-76-2,1999,-16.0
4980,124-76-2,2000,13.0
4980,124-76-2,2004,-8.0
4980,124-76-2,2005,11.0
4980,124-76-2,2015,1.0
4980,124-76-2,2021,0.0
4980,124-76-201,1997,22.0
4980,124-76-201,1999,7.0
4980,124-76-201,2000,-4.0
4980,124-76-201,2004,1.0
4980,124-76-201,2005,-12.0
4980,124-76-201,2009,-8.0
4980,124-76-201,2012,
4980,124-76-21,1999,-34.0
4980,124-76-21,2000,-5.0
4980,124-76-21,2001,-31.0
4980,124-76-21,2002,-25.0
4980,124-76-21,2005,27.0
4980,124-76-21,2006,-37.0
4980,124-76-21,2015,-9.0
4980,124-76-21,2018,1.0
4980,124-76-21,2021,-21.0
4980,124-76-216,2002,2.0
4980,124-76-216,2004,-12.0
4980,124-76-216,2005,-12.0
4980,124-76-216,2015,-5.0
4980,124-76-216,2021,1.0
4980,124-76-22,1999,5.0
4980,124-76-22,2000,-14.0
4980,124-76-22,2001,-4.0
4980,124-76-22,2002,-7.0
4980,124-76-22,2004,9.0
4980,124-76-22,2005,-1.0
4980,124-76-22,2009,-1.0
4980,124-76-22,2015,-11.0
4980,124-76-22,2021,7.0
4980,124-76-221,1999,38.0
4980,124-76-221,2000,-21.0
4980,124-76-221,2002,4.0
4980,124-76-221,2004,73.0
4980,124-76-221,2005,-55.0
4980,124-76-23,1999,7.0
4980,124-76-23,2000,7.0
4980,124-76-23,2001,
4980,124-76-23,2006,2.0
4980,124-76-23,2015,0.0
4980,124-76-3,1997,-9.0
4980,124-76-3,1999,2.0
4980,124-76-3,2000,11.0
4980,124-76-3,2004,-29.0
4980,124-76-3,2005,9.0
4980,124-76-3,2012,8.0
4980,124-76-3,2015,-4.0
4980,124-76-302,1999,1.0
4980,124-76-302,2000,35.0
4980,124-76-302,2002,4.0
4980,124-76-302,2004,-16.0
4980,124-76-302,2005,-10.0
4980,124-76-302,2015,20.0
4980,124-76-302,2021,-1.0
4980,124-76-306,1999,8.0
4980,124-76-306,2000,3.0
4980,124-76-306,2002,-5.0
4980,124-76-306,2004,-7.0
4980,124-76-306,2005,5.0
4980,124-76-306,2015,-17.0
4980,124-76-306,2021,-11.0
4980,124-76-309,1999,-1.0
4980,124-76-309,2000,-1.0
4980,124-76-309,2001,-9.0
4980,124-76-309,2004,10.0
4980,124-76-309,2005,-8.0
4980,124-76-309,2015,-4.0
4980,124-76-309,2021,
4980,124-76-310,1999,18.0
4980,124-76-310,2000,
4980,124-76-310,2004,
4980,124-76-310,2008,-30.0
4980,124-76-310,2009,-24.0
4980,124-76-310,2015,-1.0
4980,124-76-310,2021,-4.0
4980,124-76-314,2002,0.0
4980,124-76-314,2004,9.0
4980,124-76-314,2005,3.0
4980,124-76-314,2015,7.0
4980,124-76-314,2021,2.0
4980,124-76-318,1999,
4980,124-76-318,2002,5.0
4980,124-76-318,2005,-8.0
4980,124-76-318,2015,-6.0
4980,124-76-318,2021,-9.0
4980,124-76-320,2005,8.0
4980,124-76-320,2015,12.0
4980,124-76-320,2021,
4980,124-76-324,2006,-2.0
4980,124-76-324,2015,9.0
4980,124-76-324,2018,4.0
4980,124-76-324,2021,
4980,124-76-39,2000,0.0
4980,124-76-39,2005,
4980,124-76-39,2014,
4980,124-76-4,1999,37.0
4980,124-76-4,2000,-13.0
4980,124-76-4,2004,0.0
4980,124-76-4,2005,3.0
4980,124-76-4,2015,5.0
4980,124-76-4,2021,20.0
4980,124-76-40,1999,13.0
4980,124-76-40,2000,4.0
4980,124-76-40,2016,-1.0
4980,124-76-40,2018,
4980,124-76-40,2021,3.0
4980,124-76-439,2005,3.0
4980,124-76-439,2013,-3.0
4980,124-76-439,2014,-4.0
4980,124-76-439,2015,1.0
4980,124-76-439,2018,-1.0
4980,124-76-439,2021,
4980,124-76-5,1999,2.0
4980,124-76-5,2000,11.0
4980,124-76-5,2004,-24.0
4980,124-76-5,2005,30.0
4980,124-76-5,2015,-5.0
4980,124-76-5,2021,-6.0
4980,124-76-537,1999,-1.0
4980,124-76-537,2000,
4980,124-76-537,2004,-1.0
4980,124-76-537,2005,-2.0
4980,124-76-537,2006,
4980,124-76-537,2015,1.0
4980,124-76-537,2021,-1.0
4980,124-76-55,2012,1.0
4980,124-76-55,2013,
4980,124-76-55,2018,3.0
4980,124-76-55,2021,1.0
4980,124-76-6,1999,25.0
4980,124-76-6,2000,-15.0
4980,124-76-6,2002,-11.0
4980,124-76-6,2004,-6.0
4980,124-76-6,2005,-11.0
4980,124-76-60,1999,-3.0
4980,124-76-60,2000,-2.0
4980,124-76-60,2002,-6.0
4980,124-76-60,2004,6.0
4980,124-76-60,2005,-7.0
4980,124-76-60,2006,-2.0
4980,124-76-60,2013,-1.0
4980,124-76-60,2015,-3.0
4980,124-76-60,2018,-1.0
4980,124-76-60,2021,
4980,124-76-61,1999,
4980,124-76-61,2004,
4980,124-76-61,2006,
4980,124-76-61,2015,4.0
4980,124-76-61,2018,0.0
4980,124-76-61,2021,
4980,124-76-67,2006,-3.0
4980,124-76-67,2014,1.0
4980,124-76-67,2018,-1.0
4980,124-76-67,2021,3.0
4980,124-76-69,1999,-5.0
4980,124-76-69,2000,2.0
4980,124-76-69,2002,
4980,124-76-69,2004,-2.0
4980,124-76-69,2018,-4.0
4980,124-76-69,2021,-1.0
4980,124-76-70,1997,1.0
4980,124-76-70,1999,7.0
4980,124-76-70,2004,-2.0
4980,124-76-70,2006,
4980,124-76-70,2011,-1.0
4980,124-76-70,2012,-5.0
4980,124-76-8,1999,10.0
4980,124-76-8,2000,1.0
4980,124-76-8,2002,4.0
4980,124-76-8,2004,2.0
4980,124-76-8,2005,-1.0
4980,124-76-8,2015,
4980,124-76-8,2021,0.0
4980,124-76-9,1999,43.0
4980,124-76-9,2000,-6.0
4980,124-76-9,2004,1.0
4980,124-76-9,2005,
4980,124-76-9,2015,-7.0
4980,124-76-9,2021,
4980,124-76-90,1999,-3.0
4980,124-76-90,2000,6.0
4980,124-76-90,2001,-11.0
4980,124-76-90,2002,3.0
4980,124-76-90,2004,17.0
4980,124-76-90,2005,3.0
4980,124-76-90,2009,12.0
4980,124-76-90,2021,3.0
4980,124-79-106,1997,17.0
4980,124-79-106,1998,
4980,124-79-106,2000,41.0
4980,124-79-106,2004,26.0
4980,124-79-106,2014,-25.0
4980,124-79-106,2015,
4980,124-79-109,1998,0.0
4980,124-79-109,2006,7.0
4980,124-79-109,2011,
4980,124-79-109,2014,-11.0
4980,124-79-109,2015,10.0
4980,124-79-109,2016,-6.0
4980,124-79-112,1997,
4980,124-79-112,2000,
4980,124-79-112,2004,-18.0
4980,124-79-112,2014,31.0
4980,124-79-112,2018,-55.0
4980,124-79-113,1997,-17.0
4980,124-79-113,1998,31.0
4980,124-79-113,2000,-10.0
4980,124-79-113,2004,-8.0
4980,124-79-113,2018,55.0
4980,124-79-113,2021,-9.0
4980,124-79-116,2000,8.0
4980,124-79-116,2004,
4980,124-79-116,2014,
4980,124-79-116,2016,-8.0
4980,124-79-116,2018,
4980,124-79-123,1997,-35.0
4980,124-79-123,2000,-135.0
4980,124-79-123,2002,14.0
4980,124-79-123,2004,21.0
4980,124-79-123,2014,
4980,124-79-123,2018,-55.0
4980,124-79-124,2005,
4980,124-79-124,2014,-17.0
4980,124-79-124,2018,11.0
4980,124-79-124,2021,1.0
4980,124-79-130,2000,
4980,124-79-130,2002,-6.0
4980,124-79-130,2004,-12.0
4980,124-79-130,2014,0.0
4980,124-79-130,2021,-1.0
4980,124-79-132,2004,14.0
4980,124-79-132,2005,9.0
4980,124-79-132,2014,-184.0
4980,124-79-132,2016,-30.0
4980,124-79-132,2021,-36.0
4980,124-79-133,2004,9.0
4980,124-79-133,2005,-4.0
4980,124-79-133,2014,-14.0
4980,124-79-133,2016,3.0
4980,124-79-133,2021,11.0
4980,124-79-139,2000,-7.0
4980,124-79-139,2002,-3.0
4980,124-79-139,2004,10.0
4980,124-79-139,2014,17.0
4980,124-79-142,2002,-3.0
4980,124-79-142,2004,3.0
4980,124-79-142,2005,-9.0
4980,124-79-217,2004,9.0
4980,124-79-217,2005,
4980,124-79-217,2014,-66.0
4980,124-79-217,2018,-52.0
4980,124-79-217,2021,-39.0
4980,124-79-24,2000,-9.0
4980,124-79-24,2004,-20.0
4980,124-79-309,2004,2.0
4980,124-79-309,2014,-8.0
4980,124-79-309,2015,8.0
4980,124-79-33,2002,-26.0
4980,124-79-33,2004,25.0
4980,124-79-33,2005,72.0
4980,124-79-33,2014,5.0
4980,124-79-33,2015,-121.0
4980,124-79-33,2016,164.0
4980,124-79-33,2018,-48.0
4980,124-79-40,2000,-2.0
4980,124-79-40,2002,-5.0
4980,124-79-40,2004,-2.0
4980,124-79-40,2021,8.0
4980,124-79-403,2004,38.0
4980,124-79-403,2014,8.0
4980,124-79-403,2015,2.0
4980,124-79-403,2018,23.0
4980,124-79-424,1998,
4980,124-79-424,2000,27.0
4980,124-79-424,2004,
4980,124-79-424,2015,2.0
4980,124-79-424,2016,5.0
4980,124-79-424,2018,4.0
4980,124-93-26,2013,-2.0
4980,124-93-26,2014,
4980,840-14-1,2005,-1.0
4980,840-14-1,2006,4.0
4980,840-14-1,2011,-4.0
4980,840-14-1,2012,-1.0
4980,840-14-1,2015,-2.0
4980,840-14-106,1998,-75.0
4980,840-14-106,2006,
4980,840-14-106,2008,5.0
4980,840-14-106,2011,19.0
4980,840-14-106,2015,-28.0
4980,840-14-106,2016,0.0
4980,840-14-108,1999,-1.0
4980,840-14-108,2007,-1.0
4980,840-14-108,2010,1.0
4980,840-14-108,2011,15.0
4980,840-14-108,2012,12.0
4980,840-14-108,2015,0.0
4980,840-14-108,2016,-4.0
4980,840-14-108,2022,-38.0
4980,840-14-11,2005,2.0
4980,840-14-11,2015,
4980,840-14-118,1998,3.0
4980,840-14-118,2008,
4980,840-14-128,2005,-1.0
4980,840-14-128,2009,-2.0
4980,840-14-128,2011,
4980,840-14-128,2016,-1.0
4980,840-14-128,2021,8.0
4980,840-14-137,1998,-8.0
4980,840-14-137,2017,-1.0
4980,840-14-138,1998,66.0
4980,840-14-138,2005,-15.0
4980,840-14-138,2006,-6.0
4980,840-14-138,2011,
4980,840-14-138,2015,
4980,840-14-138,2017,14.0
4980,840-14-14,1997,-19.0
4980,840-14-14,1999,-3.0
4980,840-14-14,2000,-4.0
4980,840-14-14,2006,0.0
4980,840-14-14,2010,-5.0
4980,840-14-14,2011,6.0
4980,840-14-14,2012,-8.0
4980,840-14-140,1998,-53.0
4980,840-14-140,2005,25.0
4980,840-14-140,2006,-31.0
4980,840-14-140,2008,
4980,840-14-140,2011,-15.0
4980,840-14-148,1998,383.0
4980,840-14-148,2005,-14.0
4980,840-14-148,2015,
4980,840-14-148,2021,
4980,840-14-151,1998,43.0
4980,840-14-151,2000,44.0
4980,840-14-151,2011,25.0
4980,840-14-151,2015,-21.0
4980,840-14-153,1998,-29.0
4980,840-14-153,2005,8.0
4980,840-14-153,2010,-10.0
4980,840-14-153,2011,
4980,840-14-153,2015,15.0
4980,840-14-153,2021,8.0
4980,840-14-154,2005,
4980,840-14-154,2021,10.0
4980,840-14-155,1998,-12.0
4980,840-14-155,1999,52.0
4980,840-14-155,2005,-72.0
4980,840-14-155,2011,-66.0
4980,840-14-155,2015,-4.0
4980,840-14-155,2021,6.0
4980,840-14-155,2022,15.0
4980,840-14-156,1998,-1.0
4980,840-14-156,1999,4.0
4980,840-14-156,2005,-1.0
4980,840-14-156,2009,4.0
4980,840-14-156,2011,0.0
4980,840-14-156,2015,-1.0
4980,840-14-156,2021,0.0
4980,840-14-158,1998,-20.0
4980,840-14-158,2005,6.0
4980,840-14-158,2011,20.0
4980,840-14-158,2015,3.0
4980,840-14-159,1998,3.0
4980,840-14-159,2005,0.0
4980,840-14-159,2011,0.0
4980,840-14-159,2013,
4980,840-14-16,1998,-210.0
4980,840-14-16,2001,53.0
4980,840-14-16,2011,-73.0
4980,840-14-16,2022,46.0
4980,840-14-160,1998,-10.0
4980,840-14-160,2000,
4980,840-14-160,2005,2.0
4980,840-14-160,2006,-3.0
4980,840-14-160,2010,
4980,840-14-160,2012,2.0
4980,840-14-160,2021,
4980,840-14-162,1998,124.0
4980,840-14-162,2005,11.0
4980,840-14-162,2011,0.0
4980,840-14-162,2015,-1.0
4980,840-14-162,2021,19.0
4980,840-14-164,2000,0.0
4980,840-14-164,2005,-1.0
4980,840-14-164,2006,0.0
4980,840-14-164,2010,1.0
4980,840-14-164,2011,
4980,840-14-165,1997,3.0
4980,840-14-165,1998,-40.0
4980,840-14-165,2011,-35.0
4980,840-14-165,2015,-5.0
4980,840-14-165,2021,-39.0
4980,840-14-166,1997,-33.0
4980,840-14-166,1998,32.0
4980,840-14-166,2000,89.0
4980,840-14-166,2005,204.0
4980,840-14-166,2011,242.0
4980,840-14-166,2012,-51.0
4980,840-14-166,2015,78.0
4980,840-14-168,1997,17.0
4980,840-14-168,1998,32.0
4980,840-14-168,2000,51.0
4980,840-14-168,2005,-21.0
4980,840-14-168,2011,-1.0
4980,840-14-168,2012,13.0
4980,840-14-168,2015,-35.0
4980,840-14-173,1999,-8.0
4980,840-14-173,2005,
4980,840-14-173,2011,-69.0
4980,840-14-173,2015,12.0
4980,840-14-173,2016,29.0
4980,840-14-173,2022,10.0
4980,840-14-175,2005,
4980,840-14-176,1997,9.0
4980,840-14-176,1998,-9.0
4980,840-14-176,1999,1.0
4980,840-14-176,2003,6.0
4980,840-14-176,2005,14.0
4980,840-14-176,2012,2.0
4980,840-14-177,1997,47.0
4980,840-14-177,1998,26.0
4980,840-14-177,1999,-96.0
4980,840-14-177,2015,14.0
4980,840-14-179,1998,-8.0
4980,840-14-179,2005,-3.0
4980,840-14-179,2015,-11.0
4980,840-14-18,1998,-5.0
4980,840-14-18,2005,0.0
4980,840-14-18,2011,-8.0
4980,840-14-18,2015,
4980,840-14-181,1998,
4980,840-14-181,2005,4.0
4980,840-14-181,2011,9.0
4980,840-14-181,2015,-3.0
4980,840-14-182,1999,
4980,840-14-182,2005,3.0
4980,840-14-182,2006,-2.0
4980,840-14-182,2010,-1.0
4980,840-14-182,2011,0.0
4980,840-14-182,2012,1.0
4980,840-14-182,2015,-2.0
4980,840-14-184,1998,7.0
4980,840-14-184,2005,1.0
4980,840-14-184,2021,-6.0
4980,840-14-186,1998,-4.0
4980,840-14-186,2001,-101.0
4980,840-14-186,2005,-4.0
4980,840-14-186,2011,-12.0
4980,840-14-186,2014,0.0
4980,840-14-186,2021,3.0
4980,840-14-186,2022,-5.0
4980,840-14-189,1998,-21.0
4980,840-14-189,1999,-14.0
4980,840-14-189,2005,-12.0
4980,840-14-189,2010,39.0
4980,840-14-189,2011,-14.0
4980,840-14-189,2013,54.0
4980,840-14-189,2014,-24.0
4980,840-14-189,2022,
4980,840-14-190,1998,-17.0
4980,840-14-190,2005,
4980,840-14-190,2011,37.0
4980,840-14-190,2015,-22.0
4980,840-14-190,2021,16.0
4980,840-14-190,2022,
4980,840-14-191,1998,78.0
4980,840-14-191,1999,-88.0
4980,840-14-191,2005,46.0
4980,840-14-191,2015,0.0
4980,840-14-191,2021,3.0
4980,840-14-193,2000,40.0
4980,840-14-193,2005,51.0
4980,840-14-193,2010,-1.0
4980,840-14-193,2011,-4.0
4980,840-14-193,2014,-29.0
4980,840-14-193,2015,-1.0
4980,840-14-194,2005,-3.0
4980,840-14-194,2010,
4980,840-14-194,2012,-1.0
4980,840-14-194,2015,2.0
4980,840-14-194,2016,
4980,840-14-195,2005,-26.0
4980,840-14-195,2015,-9.0
4980,840-14-195,2016,-5.0
4980,840-14-195,2022,15.0
4980,840-14-198,1998,14.0
4980,840-14-198,2005,17.0
4980,840-14-198,2010,33.0
4980,840-14-198,2011,-23.0
4980,840-14-198,2012,-18.0
4980,840-14-198,2015,-20.0
4980,840-14-201,1998,
4980,840-14-201,2005,-7.0
4980,840-14-205,1998,1.0
4980,840-14-205,2001,
4980,840-14-205,2004,-1.0
4980,840-14-205,2005,
4980,840-14-205,2007,0.0
4980,840-14-21,1998,33.0
4980,840-14-21,1999,-32.0
4980,840-14-21,2001,28.0
4980,840-14-21,2005,21.0
4980,840-14-21,2011,-25.0
4980,840-14-21,2015,-29.0
4980,840-14-221,2000,
4980,840-14-226,2005,7.0
4980,840-14-226,2006,7.0
4980,840-14-226,2009,-28.0
4980,840-14-226,2011,-65.0
4980,840-14-226,2016,9.0
4980,840-14-226,2021,-13.0
4980,840-14-226,2022,12.0
4980,840-14-3,1998,5.0
4980,840-14-3,2005,-1.0
4980,840-14-3,2012,20.0
4980,840-14-3,2015,-22.0
4980,840-14-308,1997,
4980,840-14-319,1997,
4980,840-14-319,2002,2.0
4980,840-14-319,2007,-29.0
4980,840-14-319,2008,15.0
4980,840-14-319,2009,-13.0
4980,840-14-319,2010,-4.0
4980,840-14-319,2011,14.0
4980,840-14-319,2012,20.0
4980,840-14-319,2015,
4980,840-14-32,2009,
4980,840-14-32,2015,
4980,840-14-33,1998,73.0
4980,840-14-33,2005,
4980,840-14-33,2015,46.0
4980,840-14-33,2016,36.0
4980,840-14-406,2021,
4980,840-14-407,2005,-7.0
4980,840-14-407,2011,-2.0
4980,840-14-407,2012,1.0
4980,840-14-407,2015,-3.0
4980,840-14-408,1998,11.0
4980,840-14-408,2011,5.0
4980,840-14-408,2015,16.0
4980,840-14-408,2021,34.0
4980,840-14-414,1998,0.0
4980,840-14-414,2000,-8.0
4980,840-14-414,2003,1.0
4980,840-14-414,2005,-3.0
4980,840-14-414,2011,
4980,840-14-415,1998,
4980,840-14-415,2010,28.0
4980,840-14-415,2011,-19.0
4980,840-14-415,2015,-41.0
4980,840-14-415,2021,-55.0
4980,840-14-417,1997,-9.0
4980,840-14-417,1998,3.0
4980,840-14-417,2005,1.0
4980,840-14-417,2015,8.0
4980,840-14-417,2021,-7.0
4980,840-14-420,1997,
4980,840-14-420,2009,
4980,840-14-421,2010,
4980,840-14-421,2014,
4980,840-14-422,1998,
4980,840-14-422,2000,
4980,840-14-423,1998,1.0
4980,840-14-423,2005,0.0
4980,840-14-423,2009,-4.0
4980,840-14-423,2015,2.0
4980,840-14-423,2016,-1.0
4980,840-14-436,2009,17.0
4980,840-14-436,2010,0.0
4980,840-14-436,2011,-8.0
4980,840-14-436,2012,-3.0
4980,840-14-436,2015,
4980,840-14-47,2006,
4980,840-14-47,2008,52.0
4980,840-14-49,2009,-6.0
4980,840-14-49,2016,-166.0
4980,840-14-49,2021,-584.0
4980,840-14-49,2022,345.0
4980,840-14-54,1998,-2.0
4980,840-14-54,2000,-1.0
4980,840-14-54,2005,-10.0
4980,840-14-54,2011,3.0
4980,840-14-54,2016,
4980,840-14-7,1998,
4980,840-14-7,2005,26.0
4980,840-14-7,2010,-9.0
4980,840-14-7,2011,1.0
4980,840-14-7,2015,-4.0
4980,840-14-7,2021,0.0
4980,840-14-71,1997,1.0
4980,840-14-71,1998,-4.0
4980,840-14-71,1999,2.0
4980,840-14-71,2002,14.0
4980,840-14-71,2007,-10.0
4980,840-14-71,2008,23.0
4980,840-14-71,2011,9.0
4980,840-14-78,2011,
4980,840-14-78,2021,0.0
4980,840-14-79,1998,-22.0
4980,840-14-79,2011,8.0
4980,840-14-79,2015,0.0
4980,840-14-80,1998,32.0
4980,840-14-80,2005,20.0
4980,840-14-80,2011,-59.0
4980,840-14-80,2015,
4980,840-14-82,1998,1.0
4980,840-14-82,2005,-12.0
4980,840-14-82,2011,0.0
4980,840-14-82,2021,
4980,840-14-89,2009,9.0
4980,840-14-89,2011,-600.0
4980,840-14-89,2016,83.0
4980,840-14-89,2017,-248.0
4980,840-14-89,2021,456.0
4980,840-14-89,2022,168.0
4980,840-14-9,2005,1.0
4980,840-14-96,1998,-8.0
4980,840-14-96,2005,-5.0
4980,840-14-96,2009,-3.0
4980,840-14-96,2011,9.0
4980,840-14-96,2015,-14.0
4980,840-14-96,2021,-1.0
4980,840-14-97,1998,-1.0
4980,840-14-97,2004,45.0
4980,840-14-97,2005,-12.0
4980,840-14-97,2006,3.0
4980,840-14-97,2011,-75.0
4980,840-14-98,1998,3.0
4980,840-14-98,2001,-18.0
4980,840-14-98,2005,-3.0
4980,840-14-98,2011,-1.0
4980,840-14-98,2015,1.0
4980,840-14-98,2021,5.0
4980,840-14-98,2022,4.0
4980,840-17-1,1998,2.0
4980,840-17-1,1999,-5.0
4980,840-17-1,2002,-12.0
4980,840-17-1,2012,-29.0
4980,840-17-1,2021,-25.0
4980,840-17-10,2002,-2.0
4980,840-17-10,2005,2.0
4980,840-17-10,2009,-1.0
4980,840-17-10,2013,-8.0
4980,840-17-10,2016,0.0
4980,840-17-10,2018,-3.0
4980,840-17-10,2021,-1.0
4980,840-17-11,1998,1.0
4980,840-17-11,1999,-1.0
4980,840-17-11,2002,1.0
4980,840-17-11,2003,-3.0
4980,840-17-11,2006,-1.0
4980,840-17-11,2009,1.0
4980,840-17-11,2012,1.0
4980,840-17-11,2018,0.0
4980,840-17-12,1998,17.0
4980,840-17-12,1999,-23.0
4980,840-17-12,2002,-33.0
4980,840-17-12,2003,-5.0
4980,840-17-12,2004,-1.0
4980,840-17-12,2006,-7.0
4980,840-17-12,2009,
4980,840-17-12,2012,-21.0
4980,840-17-12,2018,
4980,840-17-125,1998,-17.0
4980,840-17-125,1999,
4980,840-17-125,2002,
4980,840-17-125,2006,13.0
4980,840-17-125,2009,-6.0
4980,840-17-126,2006,2.0
4980,840-17-13,1998,50.0
4980,840-17-13,2002,1.0
4980,840-17-13,2003,18.0
4980,840-17-13,2004,-19.0
4980,840-17-13,2006,8.0
4980,840-17-13,2009,-6.0
4980,840-17-13,2012,-5.0
4980,840-17-13,2016,
4980,840-17-14,1998,
4980,840-17-14,2003,1.0
4980,840-17-14,2006,21.0
4980,840-17-14,2009,7.0
4980,840-17-14,2012,-9.0
4980,840-17-14,2016,-18.0
4980,840-17-14,2022,30.0
4980,840-17-153,1999,13.0
4980,840-17-153,2009,
4980,840-17-153,2012,
4980,840-17-153,2018,-1.0
4980,840-17-153,2021,-1.0
4980,840-17-154,1998,-21.0
4980,840-17-154,1999,15.0
4980,840-17-154,2006,8.0
4980,840-17-154,2009,
4980,840-17-154,2012,0.0
4980,840-17-154,2018,-5.0
4980,840-17-154,2021,-3.0
4980,840-17-16,1998,
4980,840-17-16,2002,-2.0
4980,840-17-16,2005,4.0
4980,840-17-16,2006,10.0
4980,840-17-16,2012,
4980,840-17-17,1998,2.0
4980,840-17-17,1999,44.0
4980,840-17-17,2002,-26.0
4980,840-17-17,2005,8.0
4980,840-17-17,2009,-1.0
4980,840-17-17,2012,-26.0
4980,840-17-17,2013,-3.0
4980,840-17-17,2018,-14.0
4980,840-17-17,2021,-9.0
4980,840-17-18,1998,-59.0
4980,840-17-18,1999,
4980,840-17-18,2003,
4980,840-17-18,2006,
4980,840-17-18,2018,-8.0
4980,840-17-19,1998,
4980,840-17-19,2004,-3.0
4980,840-17-19,2006,
4980,840-17-19,2018,1.0
4980,840-17-2,1998,1.0
4980,840-17-2,2005,0.0
4980,840-17-2,2006,7.0
4980,840-17-2,2012,64.0
4980,840-17-2,2013,-65.0
4980,840-17-2,2015,8.0
4980,840-17-2,2016,-2.0
4980,840-17-202,1998,0.0
4980,840-17-202,2012,
4980,840-17-203,1998,
4980,840-17-203,2016,
4980,840-17-204,1998,
4980,840-17-204,2002,-13.0
4980,840-17-204,2003,3.0
4980,840-17-204,2005,12.0
4980,840-17-204,2012,26.0
4980,840-17-204,2016,-8.0
4980,840-17-204,2021,7.0
4980,840-17-205,2002,16.0
4980,840-17-205,2003,
4980,840-17-205,2006,-1.0
4980,840-17-205,2009,9.0
4980,840-17-205,2012,8.0
4980,840-17-205,2016,6.0
4980,840-17-205,2021,7.0
4980,840-17-206,1998,-4.0
4980,840-17-206,2002,-13.0
4980,840-17-206,2003,9.0
4980,840-17-206,2004,-1.0
4980,840-17-206,2006,
4980,840-17-206,2012,2.0
4980,840-17-206,2016,12.0
4980,840-17-207,1998,32.0
4980,840-17-207,2002,22.0
4980,840-17-207,2003,-36.0
4980,840-17-207,2004,53.0
4980,840-17-207,2006,169.0
4980,840-17-207,2009,65.0
4980,840-17-207,2012,-42.0
4980,840-17-207,2016,96.0
4980,840-17-207,2022,-20.0
4980,840-17-208,1998,15.0
4980,840-17-208,1999,-49.0
4980,840-17-208,2002,30.0
4980,840-17-208,2009,-9.0
4980,840-17-208,2012,-2.0
4980,840-17-208,2018,-10.0
4980,840-17-208,2021,23.0
4980,840-17-209,2010,0.0
4980,840-17-21,2006,-30.0
4980,840-17-21,2007,-18.0
4980,840-17-21,2012,-4.0
4980,840-17-21,2013,4.0
4980,840-17-21,2018,-8.0
4980,840-17-211,1998,
4980,840-17-211,2003,
4980,840-17-211,2009,1.0
4980,840-17-211,2013,3.0
4980,840-17-211,2017,
4980,840-17-213,1999,4.0
4980,840-17-213,2002,21.0
4980,840-17-213,2003,-14.0
4980,840-17-213,2004,13.0
4980,840-17-213,2006,-16.0
4980,840-17-213,2009,29.0
4980,840-17-213,2012,16.0
4980,840-17-213,2016,-3.0
4980,840-17-213,2018,22.0
4980,840-17-214,2002,21.0
4980,840-17-214,2003,-28.0
4980,840-17-214,2012,7.0
4980,840-17-215,2016,-1.0
4980,840-17-215,2017,
4980,840-17-216,1998,108.0
4980,840-17-216,2002,1.0
4980,840-17-216,2005,-52.0
4980,840-17-216,2006,
4980,840-17-216,2009,-20.0
4980,840-17-216,2013,48.0
4980,840-17-216,2016,2.0
4980,840-17-216,2018,-40.0
4980,840-17-216,2021,2.0
4980,840-17-217,1998,-36.0
4980,840-17-217,1999,2.0
4980,840-17-217,2002,
4980,840-17-217,2009,-8.0
4980,840-17-217,2012,-3.0
4980,840-17-217,2018,2.0
4980,840-17-218,1998,-3.0
4980,840-17-218,1999,3.0
4980,840-17-218,2002,-7.0
4980,840-17-218,2003,0.0
4980,840-17-218,2006,-4.0
4980,840-17-218,2012,
4980,840-17-218,2018,4.0
4980,840-17-220,2003,8.0
4980,840-17-220,2006,32.0
4980,840-17-220,2010,-61.0
4980,840-17-220,2011,
4980,840-17-221,2002,-3.0
4980,840-17-221,2003,0.0
4980,840-17-221,2006,-23.0
4980,840-17-221,2013,
4980,840-17-221,2018,-2.0
4980,840-17-222,1998,3.0
4980,840-17-222,1999,3.0
4980,840-17-222,2002,-2.0
4980,840-17-222,2005,
4980,840-17-222,2009,-5.0
4980,840-17-222,2012,-1.0
4980,840-17-222,2013,0.0
4980,840-17-222,2016,
4980,840-17-222,2018,-2.0
4980,840-17-222,2021,-1.0
4980,840-17-223,1998,22.0
4980,840-17-223,1999,-21.0
4980,840-17-223,2002,
4980,840-17-223,2009,-29.0
4980,840-17-223,2012,3.0
4980,840-17-223,2013,-8.0
4980,840-17-225,1998,-9.0
4980,840-17-225,1999,10.0
4980,840-17-225,2002,18.0
4980,840-17-225,2003,
4980,840-17-225,2006,-39.0
4980,840-17-225,2009,21.0
4980,840-17-225,2018,6.0
4980,840-17-228,2002,1.0
4980,840-17-228,2003,-6.0
4980,840-17-228,2006,8.0
4980,840-17-228,2007,-9.0
4980,840-17-228,2011,
4980,840-17-228,2018,10.0
4980,840-17-23,1998,19.0
4980,840-17-23,1999,-28.0
4980,840-17-23,2002,-11.0
4980,840-17-23,2009,44.0
4980,840-17-23,2012,62.0
4980,840-17-23,2013,36.0
4980,840-17-23,2016,-10.0
4980,840-17-3,1998,-14.0
4980,840-17-3,2002,
4980,840-17-3,2005,-51.0
4980,840-17-3,2009,-18.0
4980,840-17-3,2012,115.0
4980,840-17-3,2021,-13.0
4980,840-17-301,1998,-52.0
4980,840-17-301,1999,4.0
4980,840-17-301,2002,26.0
4980,840-17-301,2005,9.0
4980,840-17-301,2006,-6.0
4980,840-17-301,2009,
4980,840-17-301,2012,7.0
4980,840-17-301,2021,3.0
4980,840-17-302,1998,0.0
4980,840-17-302,1999,-12.0
4980,840-17-302,2002,-15.0
4980,840-17-302,2005,-33.0
4980,840-17-302,2006,-8.0
4980,840-17-302,2009,5.0
4980,840-17-302,2012,30.0
4980,840-17-302,2013,-1.0
4980,840-17-302,2021,-10.0
4980,840-17-303,1999,12.0
4980,840-17-303,2002,
4980,840-17-303,2005,0.0
4980,840-17-303,2011,11.0
4980,840-17-303,2012,2.0
4980,840-17-303,2021,6.0
4980,840-17-305,1998,3.0
4980,840-17-305,2002,-7.0
4980,840-17-305,2003,1.0
4980,840-17-305,2004,-6.0
4980,840-17-305,2006,-1.0
4980,840-17-305,2012,-37.0
4980,840-17-305,2016,-48.0
4980,840-17-305,2021,
4980,840-17-306,1998,84.0
4980,840-17-306,2002,23.0
4980,840-17-306,2003,
4980,840-17-306,2006,1.0
4980,840-17-306,2009,-16.0
4980,840-17-306,2012,-98.0
4980,840-17-306,2016,22.0
4980,840-17-307,1998,
4980,840-17-307,2002,
4980,840-17-307,2009,24.0
4980,840-17-307,2012,13.0
4980,840-17-307,2016,13.0
4980,840-17-308,1998,2.0
4980,840-17-308,2002,0.0
4980,840-17-308,2005,
4980,840-17-308,2013,
4980,840-17-309,1998,15.0
4980,840-17-309,1999,-20.0
4980,840-17-309,2002,-5.0
4980,840-17-309,2005,-1.0
4980,840-17-309,2009,2.0
4980,840-17-309,2012,-5.0
4980,840-17-309,2013,4.0
4980,840-17-31,1998,0.0
4980,840-17-31,1999,2.0
4980,840-17-31,2002,-7.0
4980,840-17-31,2005,-4.0
4980,840-17-31,2009,2.0
4980,840-17-31,2012,0.0
4980,840-17-31,2021,2.0
4980,840-17-312,1998,-8.0
4980,840-17-312,1999,0.0
4980,840-17-312,2002,2.0
4980,840-17-312,2003,-1.0
4980,840-17-312,2004,1.0
4980,840-17-312,2006,16.0
4980,840-17-312,2009,-6.0
4980,840-17-312,2012,0.0
4980,840-17-312,2018,
4980,840-17-313,2002,5.0
4980,840-17-313,2003,-19.0
4980,840-17-313,2006,21.0
4980,840-17-313,2009,
4980,840-17-313,2012,
4980,840-17-313,2018,-11.0
4980,840-17-314,2003,15.0
4980,840-17-314,2004,-9.0
4980,840-17-314,2012,-98.0
4980,840-17-314,2013,-13.0
4980,840-17-314,2018,-33.0
4980,840-17-315,1997,
4980,840-17-315,2005,-4.0
4980,840-17-315,2009,2.0
4980,840-17-315,2012,-5.0
4980,840-17-315,2013,3.0
4980,840-17-315,2016,-4.0
4980,840-17-315,2018,-1.0
4980,840-17-316,1998,-47.0
4980,840-17-316,1999,47.0
4980,840-17-316,2002,-23.0
4980,840-17-316,2005,15.0
4980,840-17-316,2016,28.0
4980,840-17-316,2018,3.0
4980,840-17-316,2021,-18.0
4980,840-17-317,1998,
4980,840-17-317,2002,
4980,840-17-317,2012,
4980,840-17-318,1998,15.0
4980,840-17-318,1999,-14.0
4980,840-17-318,2002,-5.0
4980,840-17-318,2003,1.0
4980,840-17-318,2006,2.0
4980,840-17-318,2009,-1.0
4980,840-17-318,2012,6.0
4980,840-17-318,2018,14.0
4980,840-17-32,1998,-3.0
4980,840-17-32,2002,0.0
4980,840-17-32,2005,2.0
4980,840-17-32,2006,-3.0
4980,840-17-32,2009,-5.0
4980,840-17-32,2012,
4980,840-17-32,2021,0.0
4980,840-17-322,1998,1.0
4980,840-17-322,1999,0.0
4980,840-17-322,2002,-4.0
4980,840-17-322,2005,-1.0
4980,840-17-322,2009,5.0
4980,840-17-322,2012,0.0
4980,840-17-322,2013,3.0
4980,840-17-322,2016,
4980,840-17-322,2018,5.0
4980,840-17-322,2021,-6.0
4980,840-17-326,2002,3.0
4980,840-17-326,2003,
4980,840-17-326,2012,
4980,840-17-326,2018,1.0
4980,840-17-33,1998,2.0
4980,840-17-33,2002,12.0
4980,840-17-33,2005,20.0
4980,840-17-33,2008,
4980,840-17-33,2016,-23.0
4980,840-17-33,2021,-8.0
4980,840-17-34,1999,-4.0
4980,840-17-34,2002,-1.0
4980,840-17-34,2003,
4980,840-17-34,2005,
4980,840-17-34,2012,-1.0
4980,840-17-34,2013,-1.0
4980,840-17-34,2016,-1.0
4980,840-17-35,1998,-30.0
4980,840-17-35,2003,-143.0
4980,840-17-35,2006,67.0
4980,840-17-35,2009,78.0
4980,840-17-35,2012,-100.0
4980,840-17-35,2016,-21.0
4980,840-17-35,2018,72.0
4980,840-17-35,2021,48.0
4980,840-17-351,1998,-6.0
4980,840-17-351,2002,-6.0
4980,840-17-351,2005,8.0
4980,840-17-351,2009,-4.0
4980,840-17-351,2012,
4980,840-17-351,2021,11.0
4980,840-17-352,1998,8.0
4980,840-17-352,2009,-18.0
4980,840-17-352,2013,-44.0
4980,840-17-352,2016,18.0
4980,840-17-352,2018,6.0
4980,840-17-352,2021,-10.0
4980,840-17-359,1998,-31.0
4980,840-17-359,1999,12.0
4980,840-17-359,2002,-1.0
4980,840-17-359,2005,-20.0
4980,840-17-359,2009,
4980,840-17-359,2012,-4.0
4980,840-17-359,2021,
4980,840-17-36,1998,60.0
4980,840-17-36,2002,43.0
4980,840-17-36,2003,-26.0
4980,840-17-36,2006,
4980,840-17-36,2009,21.0
4980,840-17-36,2012,-5.0
4980,840-17-36,2021,-4.0
4980,840-17-36,2022,3.0
4980,840-17-362,1998,-1.0
4980,840-17-362,1999,6.0
4980,840-17-362,2002,-21.0
4980,840-17-362,2003,5.0
4980,840-17-362,2004,3.0
4980,840-17-362,2006,6.0
4980,840-17-362,2012,2.0
4980,840-17-362,2018,13.0
4980,840-17-366,2003,-4.0
4980,840-17-366,2012,-2.0
4980,840-17-366,2013,
4980,840-17-366,2021,5.0
4980,840-17-367,1998,1.0
4980,840-17-367,1999,-1.0
4980,840-17-367,2002,7.0
4980,840-17-367,2005,7.0
4980,840-17-367,2009,4.0
4980,840-17-367,2012,-5.0
4980,840-17-367,2018,
4980,840-17-367,2021,-7.0
4980,840-17-368,1999,21.0
4980,840-17-368,2002,-7.0
4980,840-17-368,2003,
4980,840-17-368,2009,-11.0
4980,840-17-368,2012,19.0
4980,840-17-368,2018,
4980,840-17-37,1998,-7.0
4980,840-17-37,2002,-24.0
4980,840-17-37,2003,-4.0
4980,840-17-37,2006,28.0
4980,840-17-37,2009,-22.0
4980,840-17-37,2012,12.0
4980,840-17-37,2016,-16.0
4980,840-17-372,2007,
4980,840-17-373,2002,5.0
4980,840-17-373,2012,
4980,840-17-375,1998,2.0
4980,840-17-375,1999,9.0
4980,840-17-375,2002,33.0
4980,840-17-375,2003,
4980,840-17-375,2012,2.0
4980,840-17-375,2018,3.0
4980,840-17-4,1998,1.0
4980,840-17-4,1999,1.0
4980,840-17-4,2002,-1.0
4980,840-17-4,2003,0.0
4980,840-17-4,2006,-3.0
4980,840-17-4,2009,2.0
4980,840-17-4,2016,-1.0
4980,840-17-4,2018,-3.0
4980,840-17-4,2021,5.0
4980,840-17-40,2002,2.0
4980,840-17-40,2003,1.0
4980,840-17-40,2005,0.0
4980,840-17-40,2012,
4980,840-17-41,2009,-8.0
4980,840-17-41,2012,-10.0
4980,840-17-41,2018,20.0
4980,840-17-410,2003,0.0
4980,840-17-410,2005,
4980,840-17-410,2012,
4980,840-17-412,2002,27.0
4980,840-17-412,2003,
4980,840-17-412,2006,43.0
4980,840-17-412,2009,21.0
4980,840-17-412,2016,74.0
4980,840-17-412,2018,13.0
4980,840-17-412,2021,-11.0
4980,840-17-419,1999,
4980,840-17-419,2002,
4980,840-17-419,2006,63.0
4980,840-17-419,2007,69.0
4980,840-17-419,2009,-53.0
4980,840-17-419,2018,-56.0
4980,840-17-42,1998,-26.0
4980,840-17-42,2002,14.0
4980,840-17-42,2003,4.0
4980,840-17-42,2004,3.0
4980,840-17-42,2006,41.0
4980,840-17-42,2009,46.0
4980,840-17-42,2012,21.0
4980,840-17-42,2016,
4980,840-17-42,2021,-9.0
4980,840-17-43,2003,
4980,840-17-43,2016,
4980,840-17-43,2018,35.0
4980,840-17-43,2022,-23.0
4980,840-17-44,1998,-4.0
4980,840-17-44,1999,-31.0
4980,840-17-44,2002,-4.0
4980,840-17-44,2003,-31.0
4980,840-17-44,2004,21.0
4980,840-17-44,2009,-7.0
4980,840-17-44,2012,-42.0
4980,840-17-44,2016,23.0
4980,840-17-44,2018,-27.0
4980,840-17-46,1998,-9.0
4980,840-17-46,1999,-4.0
4980,840-17-46,2002,-54.0
4980,840-17-46,2005,10.0
4980,840-17-46,2009,57.0
4980,840-17-46,2012,-3.0
4980,840-17-46,2013,10.0
4980,840-17-46,2018,-21.0
4980,840-17-46,2021,19.0
4980,840-17-47,1998,-105.0
4980,840-17-47,1999,71.0
4980,840-17-47,2002,-32.0
4980,840-17-47,2009,-21.0
4980,840-17-47,2012,
4980,840-17-47,2018,-1.0
4980,840-17-48,1998,-5.0
4980,840-17-48,1999,12.0
4980,840-17-48,2006,22.0
4980,840-17-48,2009,
4980,840-17-48,2016,-14.0
4980,840-17-48,2018,-7.0
4980,840-17-48,2021,-3.0
4980,840-17-49,1999,1.0
4980,840-17-49,2004,
4980,840-17-49,2006,
4980,840-17-49,2018,
4980,840-17-5,2002,-3.0
4980,840-17-5,2003,5.0
4980,840-17-5,2004,-3.0
4980,840-17-5,2006,-9.0
4980,840-17-5,2012,14.0
4980,840-17-50,1999,
4980,840-17-50,2004,-2.0
4980,840-17-50,2009,2.0
4980,840-17-50,2012,-6.0
4980,840-17-50,2018,
4980,840-17-51,2003,-28.0
4980,840-17-51,2004,16.0
4980,840-17-51,2006,-13.0
4980,840-17-51,2012,7.0
4980,840-17-51,2013,-1.0
4980,840-17-51,2018,13.0
4980,840-17-52,2005,6.0
4980,840-17-52,2013,
4980,840-17-52,2018,
4980,840-17-52,2021,-2.0
4980,840-17-55,1998,-235.0
4980,840-17-55,1999,-24.0
4980,840-17-55,2002,-188.0
4980,840-17-55,2003,-24.0
4980,840-17-55,2006,127.0
4980,840-17-55,2009,129.0
4980,840-17-55,2012,-114.0
4980,840-17-55,2016,23.0
4980,840-17-55,2018,-60.0
4980,840-17-56,1999,-10.0
4980,840-17-56,2002,-7.0
4980,840-17-56,2003,5.0
4980,840-17-56,2006,
4980,840-17-56,2011,
4980,840-17-56,2018,-2.0
4980,840-17-57,2003,
4980,840-17-57,2018,
4980,840-17-58,2002,-3.0
4980,840-17-58,2003,
4980,840-17-58,2006,0.0
4980,840-17-58,2018,5.0
4980,840-17-6,2002,-5.0
4980,840-17-6,2003,
4980,840-17-6,2009,7.0
4980,840-17-6,2016,-38.0
4980,840-17-6,2018,
4980,840-17-8,1998,-5.0
4980,840-17-8,2002,1.0
4980,840-17-8,2009,0.0
4980,840-17-8,2016,6.0
4980,840-17-8,2017,-3.0
4980,840-17-8,2018,0.0
4980,840-17-9,1998,-6.0
4980,840-17-9,1999,-6.0
4980,840-17-9,2002,-7.0
4980,840-17-9,2005,-8.0
4980,840-17-9,2006,-8.0
4980,840-17-9,2009,49.0
4980,840-17-9,2012,-28.0
4980,840-17-9,2013,12.0
4980,840-17-9,2021,33.0
4980,840-18-1,1998,7.0
4980,840-18-1,1999,-8.0
4980,840-18-1,2001,1.0
4980,840-18-1,2009,3.0
4980,840-18-1,2010,
4980,840-18-1,2021,-60.0
4980,840-18-102,1998,-3.0
4980,840-18-102,1999,2.0
4980,840-18-102,2001,1.0
4980,840-18-102,2003,-2.0
4980,840-18-102,2005,2.0
4980,840-18-102,2008,2.0
4980,840-18-102,2009,2.0
4980,840-18-102,2010,-3.0
4980,840-18-102,2021,-4.0
4980,840-18-11,2005,7.0
4980,840-18-11,2009,-5.0
4980,840-18-11,2010,7.0
4980,840-18-11,2021,2.0
4980,840-18-14,2005,-13.0
4980,840-18-14,2008,5.0
4980,840-18-14,2009,-2.0
4980,840-18-14,2010,5.0
4980,840-18-14,2021,
4980,840-18-15,1998,5.0
4980,840-18-15,1999,
4980,840-18-15,2005,-6.0
4980,840-18-15,2009,9.0
4980,840-18-15,2010,-11.0
4980,840-18-15,2021,-2.0
4980,840-18-3,1998,-18.0
4980,840-18-3,1999,12.0
4980,840-18-3,2001,-12.0
4980,840-18-3,2003,-4.0
4980,840-18-3,2008,-17.0
4980,840-18-3,2009,7.0
4980,840-18-3,2010,-13.0
4980,840-18-3,2021,-22.0
4980,840-18-4,1998,9.0
4980,840-18-4,1999,16.0
4980,840-18-4,2003,
4980,840-18-4,2008,
4980,840-18-4,2010,-7.0
4980,840-18-4,2021,
4980,840-18-7,1998,6.0
4980,840-18-7,1999,-1.0
4980,840-18-7,2001,97.0
4980,840-18-7,2003,
4980,840-18-7,2005,-1.0
4980,840-18-8,1998,39.0
4980,840-18-8,1999,-18.0
4980,840-18-8,2001,-1.0
4980,840-18-8,2003,-18.0
4980,840-18-8,2005,22.0
4980,840-18-8,2008,
4980,840-18-8,2021,12.0
4980,840-18-9,1998,-4.0
4980,840-18-9,1999,-6.0
4980,840-18-9,2003,3.0
4980,840-18-9,2005,-10.0
4980,840-18-9,2008,-24.0
4980,840-18-9,2009,-5.0
4980,840-18-9,2010,10.0
4980,840-2-1,1997,4.0
4980,840-2-1,2001,-6.0
4980,840-2-1,2003,-4.0
4980,840-2-1,2007,-3.0
4980,840-2-1,2010,-3.0
4980,840-2-1,2011,0.0
4980,840-2-1,2022,0.0
4980,840-2-10,1997,1.0
4980,840-2-10,2001,0.0
4980,840-2-10,2003,
4980,840-2-10,2007,-2.0
4980,840-2-10,2011,1.0
4980,840-2-10,2017,0.0
4980,840-2-10,2022,2.0
4980,840-2-102,1997,5.0
4980,840-2-102,1998,-23.0
4980,840-2-102,2001,-3.0
4980,840-2-102,2003,3.0
4980,840-2-102,2011,2.0
4980,840-2-102,2016,
4980,840-2-102,2022,
4980,840-2-105,1997,-47.0
4980,840-2-105,2001,-29.0
4980,840-2-105,2003,49.0
4980,840-2-105,2007,-13.0
4980,840-2-105,2010,-8.0
4980,840-2-105,2011,11.0
4980,840-2-105,2016,-5.0
4980,840-2-105,2017,2.0
4980,840-2-105,2022,-4.0
4980,840-2-109,2001,10.0
4980,840-2-109,2003,3.0
4980,840-2-109,2007,-3.0
4980,840-2-109,2010,-6.0
4980,840-2-109,2011,-5.0
4980,840-2-109,2016,25.0
4980,840-2-109,2017,-6.0
4980,840-2-109,2022,-9.0
4980,840-2-111,2001,4.0
4980,840-2-111,2003,2.0
4980,840-2-111,2007,324.0
4980,840-2-111,2011,-28.0
4980,840-2-111,2017,8.0
4980,840-2-111,2022,4.0
4980,840-2-12,2001,
4980,840-2-12,2010,1.0
4980,840-2-12,2011,-1.0
4980,840-2-12,2017,
4980,840-2-13,1997,17.0
4980,840-2-13,1998,-17.0
4980,840-2-13,2001,16.0
4980,840-2-13,2003,
4980,840-2-13,2011,-4.0
4980,840-2-13,2016,0.0
4980,840-2-13,2022,12.0
4980,840-2-14,1997,-8.0
4980,840-2-14,1998,-1.0
4980,840-2-14,2001,7.0
4980,840-2-14,2003,7.0
4980,840-2-14,2010,3.0
4980,840-2-14,2011,-9.0
4980,840-2-14,2017,-1.0
4980,840-2-140,1997,-6.0
4980,840-2-140,2010,14.0
4980,840-2-140,2011,
4980,840-2-140,2017,3.0
4980,840-2-141,2006,14.0
4980,840-2-141,2011,-80.0
4980,840-2-141,2012,-20.0
4980,840-2-141,2017,-11.0
4980,840-2-142,1997,-8.0
4980,840-2-142,1998,3.0
4980,840-2-142,2001,-6.0
4980,840-2-142,2005,1.0
4980,840-2-142,2006,7.0
4980,840-2-142,2011,
4980,840-2-142,2022,
4980,840-2-15,1997,-11.0
4980,840-2-15,1998,9.0
4980,840-2-15,2000,3.0
4980,840-2-15,2001,-1.0
4980,840-2-15,2003,
4980,840-2-15,2012,-15.0
4980,840-2-15,2018,-5.0
4980,840-2-156,2001,2.0
4980,840-2-156,2003,-5.0
4980,840-2-156,2007,3.0
4980,840-2-156,2010,-2.0
4980,840-2-156,2011,-4.0
4980,840-2-156,2017,6.0
4980,840-2-156,2022,-8.0
4980,840-2-16,2001,
4980,840-2-16,2003,
4980,840-2-16,2006,
4980,840-2-16,2018,0.0
4980,840-2-162,2001,
4980,840-2-162,2003,0.0
4980,840-2-162,2007,3.0
4980,840-2-162,2016,
4980,840-2-162,2022,
4980,840-2-164,2001,3.0
4980,840-2-164,2003,
4980,840-2-164,2007,-2.0
4980,840-2-164,2011,0.0
4980,840-2-164,2022,
4980,840-2-17,1997,1.0
4980,840-2-17,1998,-1.0
4980,840-2-19,1997,-3.0
4980,840-2-19,1998,-1.0
4980,840-2-19,2001,1.0
4980,840-2-19,2003,2.0
4980,840-2-19,2007,11.0
4980,840-2-19,2010,3.0
4980,840-2-19,2011,
4980,840-2-19,2022,
4980,840-2-20,1997,2.0
4980,840-2-20,1998,6.0
4980,840-2-20,2001,12.0
4980,840-2-20,2003,-1.0
4980,840-2-20,2011,-2.0
4980,840-2-20,2017,-2.0
4980,840-2-201,1997,-25.0
4980,840-2-201,1998,12.0
4980,840-2-201,2001,3.0
4980,840-2-201,2003,-8.0
4980,840-2-201,2007,0.0
4980,840-2-201,2022,12.0
4980,840-2-204,2003,-4.0
4980,840-2-204,2007,-1.0
4980,840-2-204,2010,8.0
4980,840-2-204,2016,4.0
4980,840-2-204,2017,-2.0
4980,840-2-205,1998,-3.0
4980,840-2-205,2001,-1.0
4980,840-2-205,2003,-1.0
4980,840-2-205,2007,
4980,840-2-207,1997,-7.0
4980,840-2-207,2001,14.0
4980,840-2-207,2003,-3.0
4980,840-2-207,2007,-3.0
4980,840-2-207,2010,4.0
4980,840-2-207,2011,-6.0
4980,840-2-208,2007,
4980,840-2-208,2011,
4980,840-2-208,2017,-4.0
4980,840-2-208,2021,-5.0
4980,840-2-209,2001,
4980,840-2-209,2011,3.0
4980,840-2-209,2017,
4980,840-2-209,2022,2.0
4980,840-2-21,1997,
4980,840-2-21,2007,
4980,840-2-210,1997,
4980,840-2-210,2010,0.0
4980,840-2-210,2011,
4980,840-2-210,2017,
4980,840-2-211,1997,2.0
4980,840-2-211,1998,-8.0
4980,840-2-211,2001,2.0
4980,840-2-211,2003,24.0
4980,840-2-211,2007,-10.0
4980,840-2-211,2010,-5.0
4980,840-2-211,2011,2.0
4980,840-2-211,2017,3.0
4980,840-2-212,1997,-38.0
4980,840-2-212,1998,4.0
4980,840-2-212,2001,1.0
4980,840-2-212,2003,1.0
4980,840-2-212,2011,3.0
4980,840-2-212,2017,
4980,840-2-215,1997,15.0
4980,840-2-215,1998,
4980,840-2-216,1998,
4980,840-2-216,2005,
4980,840-2-216,2011,
4980,840-2-216,2017,0.0
4980,840-2-216,2022,-1.0
4980,840-2-218,1997,-5.0
4980,840-2-218,1998,1.0
4980,840-2-218,2001,7.0
4980,840-2-218,2011,
4980,840-2-218,2021,3.0
4980,840-2-218,2022,-2.0
4980,840-2-22,1997,-6.0
4980,840-2-22,1998,6.0
4980,840-2-22,2001,0.0
4980,840-2-22,2003,-3.0
4980,840-2-22,2007,0.0
4980,840-2-22,2009,
4980,840-2-22,2011,
4980,840-2-22,2017,
4980,840-2-23,1997,5.0
4980,840-2-23,1998,-12.0
4980,840-2-23,2001,-1.0
4980,840-2-23,2003,-1.0
4980,840-2-23,2011,8.0
4980,840-2-24,1998,-1.0
4980,840-2-24,2001,0.0
4980,840-2-24,2003,1.0
4980,840-2-24,2007,-4.0
4980,840-2-24,2011,-3.0
4980,840-2-24,2017,2.0
4980,840-2-24,2022,-1.0
4980,840-2-25,1997,-4.0
4980,840-2-25,1998,
4980,840-2-25,2001,5.0
4980,840-2-25,2003,4.0
4980,840-2-25,2007,
4980,840-2-25,2010,-1.0
4980,840-2-25,2011,-5.0
4980,840-2-25,2017,
4980,840-2-25,2022,
4980,840-2-26,1997,-3.0
4980,840-2-26,1998,-9.0
4980,840-2-26,2001,-3.0
4980,840-2-26,2003,-34.0
4980,840-2-26,2010,15.0
4980,840-2-26,2011,-18.0
4980,840-2-26,2017,
4980,840-2-27,1997,3.0
4980,840-2-27,1998,20.0
4980,840-2-27,2001,-1.0
4980,840-2-27,2003,12.0
4980,840-2-27,2007,3.0
4980,840-2-27,2011,
4980,840-2-27,2017,1.0
4980,840-2-27,2022,0.0
4980,840-2-28,1997,3.0
4980,840-2-28,2001,
4980,840-2-28,2003,
4980,840-2-28,2011,
4980,840-2-28,2022,-9.0
4980,840-2-29,1997,-2.0
4980,840-2-29,1998,8.0
4980,840-2-29,2001,-1.0
4980,840-2-29,2003,3.0
4980,840-2-29,2011,0.0
4980,840-2-29,2017,1.0
4980,840-2-29,2022,-6.0
4980,840-2-31,2000,49.0
4980,840-2-31,2001,-72.0
4980,840-2-31,2003,-17.0
4980,840-2-31,2005,-9.0
4980,840-2-31,2006,3.0
4980,840-2-31,2007,0.0
4980,840-2-31,2017,7.0
4980,840-2-31,2022,-1.0
4980,840-2-33,1997,-7.0
4980,840-2-33,1998,-16.0
4980,840-2-33,2001,-8.0
4980,840-2-33,2011,-6.0
4980,840-2-33,2022,2.0
4980,840-2-34,1997,-3.0
4980,840-2-34,1998,3.0
4980,840-2-34,2001,-3.0
4980,840-2-34,2022,
4980,840-2-35,2000,
4980,840-2-36,2013,0.0
4980,840-2-38,1997,-2.0
4980,840-2-38,1998,-2.0
4980,840-2-38,2001,1.0
4980,840-2-38,2011,0.0
4980,840-2-38,2017,-1.0
4980,840-2-4,1998,-16.0
4980,840-2-4,2001,-17.0
4980,840-2-4,2003,108.0
4980,840-2-4,2010,-3.0
4980,840-2-4,2011,5.0
4980,840-2-4,2017,0.0
4980,840-2-4,2022,1.0
4980,840-2-43,1997,-1.0
4980,840-2-43,1998,1.0
4980,840-2-43,2001,
4980,840-2-45,1997,7.0
4980,840-2-45,1998,7.0
4980,840-2-45,2001,-8.0
4980,840-2-45,2003,-2.0
4980,840-2-45,2007,1.0
4980,840-2-45,2010,-1.0
4980,840-2-45,2011,
4980,840-2-47,1997,3.0
4980,840-2-47,1998,-8.0
4980,840-2-47,2001,3.0
4980,840-2-47,2003,-7.0
4980,840-2-47,2007,
4980,840-2-47,2011,-1.0
4980,840-2-47,2022,3.0
4980,840-2-48,1997,-4.0
4980,840-2-48,1998,3.0
4980,840-2-48,2001,-6.0
4980,840-2-48,2003,5.0
4980,840-2-48,2011,
4980,840-2-49,1997,9.0
4980,840-2-49,1998,-8.0
4980,840-2-49,2001,0.0
4980,840-2-49,2003,
4980,840-2-49,2007,1.0
4980,840-2-49,2010,
4980,840-2-50,1997,-9.0
4980,840-2-50,1998,3.0
4980,840-2-50,2001,-1.0
4980,840-2-50,2003,10.0
4980,840-2-50,2007,0.0
4980,840-2-50,2010,5.0
4980,840-2-50,2011,-7.0
4980,840-2-50,2017,3.0
4980,840-2-50,2022,1.0
4980,840-2-52,1997,
4980,840-2-52,2000,0.0
4980,840-2-52,2007,
4980,840-2-52,2017,-1.0
4980,840-2-52,2018,
4980,840-2-53,2011,2.0
4980,840-2-53,2017,-1.0
4980,840-2-54,1997,2.0
4980,840-2-54,1998,
4980,840-2-54,2001,-3.0
4980,840-2-54,2006,-3.0
4980,840-2-54,2022,
4980,840-2-55,2001,
4980,840-2-55,2003,2.0
4980,840-2-55,2011,
4980,840-2-55,2017,4.0
4980,840-2-55,2022,-3.0
4980,840-2-57,1997,-10.0
4980,840-2-57,1998,13.0
4980,840-2-57,2001,-1.0
4980,840-2-57,2003,3.0
4980,840-2-57,2007,3.0
4980,840-2-57,2010,1.0
4980,840-2-57,2011,-1.0
4980,840-2-57,2022,1.0
4980,840-2-58,1997,-17.0
4980,840-2-58,2001,-8.0
4980,840-2-58,2003,-5.0
4980,840-2-58,2007,
4980,840-2-58,2011,0.0
4980,840-2-58,2016,-12.0
4980,840-2-58,2022,1.0
4980,840-2-59,1997,8.0
4980,840-2-59,1998,-6.0
4980,840-2-59,2001,0.0
4980,840-2-59,2003,3.0
4980,840-2-59,2007,-2.0
4980,840-2-59,2010,-2.0
4980,840-2-59,2011,2.0
4980,840-2-60,1997,-1.0
4980,840-2-60,1998,0.0
4980,840-2-60,2001,1.0
4980,840-2-60,2003,4.0
4980,840-2-60,2007,0.0
4980,840-2-60,2010,-3.0
4980,840-2-60,2011,0.0
4980,840-2-60,2017,0.0
4980,840-2-61,1997,9.0
4980,840-2-61,2003,-1.0
4980,840-2-61,2007,-4.0
4980,840-2-61,2011,1.0
4980,840-2-61,2017,
4980,840-2-63,1997,
4980,840-2-63,2001,1.0
4980,840-2-63,2003,-3.0
4980,840-2-63,2007,2.0
4980,840-2-63,2009,9.0
4980,840-2-63,2010,-7.0
4980,840-2-63,2011,2.0
4980,840-2-63,2017,-3.0
4980,840-2-63,2022,3.0
4980,840-2-65,1997,-4.0
4980,840-2-65,1998,-6.0
4980,840-2-65,2001,-14.0
4980,840-2-65,2003,-7.0
4980,840-2-65,2007,-3.0
4980,840-2-65,2010,2.0
4980,840-2-65,2011,-2.0
4980,840-2-65,2022,6.0
4980,840-2-66,1997,
4980,840-2-67,1997,
4980,840-2-67,2006,1.0
4980,840-2-67,2007,
4980,840-2-68,1997,-38.0
4980,840-2-68,1998,88.0
4980,840-2-68,2006,-3.0
4980,840-2-68,2011,
4980,840-2-68,2017,
4980,840-2-7,1997,-17.0
4980,840-2-7,2001,-12.0
4980,840-2-7,2003,-8.0
4980,840-2-7,2007,-11.0
4980,840-2-7,2010,0.0
4980,840-2-7,2016,-2.0
4980,840-2-70,1997,22.0
4980,840-2-70,1998,-18.0
4980,840-2-70,2011,0.0
4980,840-2-70,2017,6.0
4980,840-2-71,2001,3.0
4980,840-2-71,2007,36.0
4980,840-2-71,2010,
4980,840-2-71,2022,24.0
4980,840-2-72,1997,-21.0
4980,840-2-72,2001,5.0
4980,840-2-72,2003,-10.0
4980,840-2-72,2007,-5.0
4980,840-2-72,2010,-1.0
4980,840-2-72,2016,0.0
4980,840-2-73,1997,
4980,840-2-73,2007,-6.0
4980,840-2-73,2010,11.0
4980,840-2-73,2016,-4.0
4980,840-2-73,2017,8.0
4980,840-2-8,1997,
4980,840-2-8,2001,
4980,840-2-8,2003,-14.0
4980,840-2-8,2007,5.0
4980,840-2-8,2008,-7.0
4980,840-2-8,2016,1.0
4980,840-2-8,2018,-113.0
4980,840-21-1,1997,9.0
4980,840-21-1,1998,-14.0
4980,840-21-1,2003,-11.0
4980,840-21-1,2008,-5.0
4980,840-21-1,2009,27.0
4980,840-21-1,2010,-24.0
4980,840-21-1,2011,7.0
4980,840-21-10,1998,-3.0
4980,840-21-10,1999,-13.0
4980,840-21-10,2008,2.0
4980,840-21-10,2009,10.0
4980,840-21-10,2010,-22.0
4980,840-21-10,2011,-16.0
4980,840-21-105,1997,-19.0
4980,840-21-105,1998,-128.0
4980,840-21-105,2003,19.0
4980,840-21-105,2008,39.0
4980,840-21-105,2009,-57.0
4980,840-21-105,2010,42.0
4980,840-21-105,2011,-75.0
4980,840-21-109,1997,0.0
4980,840-21-109,1998,5.0
4980,840-21-109,2003,1.0
4980,840-21-109,2009,-2.0
4980,840-21-109,2010,1.0
4980,840-21-109,2011,-3.0
4980,840-21-2,1998,63.0
4980,840-21-2,2003,29.0
4980,840-21-2,2008,48.0
4980,840-21-2,2009,-30.0
4980,840-21-2,2010,-10.0
4980,840-21-3,1997,-33.0
4980,840-21-3,1998,65.0
4980,840-21-3,2003,-4.0
4980,840-21-3,2008,22.0
4980,840-21-3,2009,-45.0
4980,840-21-3,2010,19.0
4980,840-21-3,2011,-10.0
4980,840-21-4,1997,-20.0
4980,840-21-4,1998,8.0
4980,840-21-4,2003,-5.0
4980,840-21-4,2010,-24.0
4980,840-21-4,2011,-8.0
4980,840-25-1,1997,-3.0
4980,840-25-1,1998,11.0
4980,840-25-1,2001,1.0
4980,840-25-1,2011,
4980,840-25-10,1997,0.0
4980,840-25-10,1998,0.0
4980,840-25-10,2012,
4980,840-25-108,1997,-8.0
4980,840-25-108,1998,-4.0
4980,840-25-108,2011,
4980,840-25-108,2014,0.0
4980,840-25-11,1998,
4980,840-25-11,2005,
4980,840-25-11,2010,6.0
4980,840-25-11,2011,-3.0
4980,840-25-11,2012,-3.0
4980,840-25-11,2022,1.0
4980,840-25-113,1997,
4980,840-25-113,2003,-3.0
4980,840-25-113,2004,0.0
4980,840-25-113,2010,-1.0
4980,840-25-113,2011,
4980,840-25-113,2016,0.0
4980,840-25-116,1998,-2.0
4980,840-25-116,1999,52.0
4980,840-25-116,2004,2.0
4980,840-25-116,2005,5.0
4980,840-25-116,2010,3.0
4980,840-25-116,2011,-1.0
4980,840-25-116,2012,2.0
4980,840-25-116,2022,-5.0
4980,840-25-12,1997,5.0
4980,840-25-12,1998,
4980,840-25-12,2003,1.0
4980,840-25-12,2011,
4980,840-25-12,2017,-5.0
4980,840-25-12,2022,3.0
4980,840-25-129,1998,-37.0
4980,840-25-129,2005,-5.0
4980,840-25-129,2010,18.0
4980,840-25-129,2011,-20.0
4980,840-25-129,2012,9.0
4980,840-25-132,1998,-6.0
4980,840-25-132,1999,0.0
4980,840-25-132,2005,7.0
4980,840-25-132,2010,
4980,840-25-135,1999,-5.0
4980,840-25-135,2000,26.0
4980,840-25-135,2002,-2.0
4980,840-25-135,2007,8.0
4980,840-25-135,2010,-8.0
4980,840-25-14,1998,6.0
4980,840-25-14,2003,-42.0
4980,840-25-14,2010,3.0
4980,840-25-14,2011,-4.0
4980,840-25-14,2012,-7.0
4980,840-25-14,2015,-2.0
4980,840-25-15,1997,1.0
4980,840-25-15,1998,
4980,840-25-15,2011,0.0
4980,840-25-15,2012,-3.0
4980,840-25-15,2017,-1.0
4980,840-25-165,2003,-3.0
4980,840-25-165,2011,-21.0
4980,840-25-165,2012,-2.0
4980,840-25-165,2015,
4980,840-25-172,2004,100.0
4980,840-25-172,2005,-87.0
4980,840-25-172,2010,-2.0
4980,840-25-172,2011,6.0
4980,840-25-172,2012,-2.0
4980,840-25-178,1999,29.0
4980,840-25-178,2002,81.0
4980,840-25-178,2004,12.0
4980,840-25-178,2010,-4.0
4980,840-25-18,1998,-1.0
4980,840-25-18,1999,9.0
4980,840-25-18,2007,6.0
4980,840-25-18,2010,-2.0
4980,840-25-18,2012,-3.0
4980,840-25-18,2022,5.0
4980,840-25-180,1998,
4980,840-25-180,2002,-10.0
4980,840-25-180,2004,6.0
4980,840-25-180,2010,
4980,840-25-2,1997,-11.0
4980,840-25-2,1998,17.0
4980,840-25-2,2006,2.0
4980,840-25-2,2011,
4980,840-25-20,1998,-17.0
4980,840-25-20,2010,
4980,840-25-20,2012,0.0
4980,840-25-20,2022,0.0
4980,840-25-21,1998,
4980,840-25-22,1998,4.0
4980,840-25-22,1999,5.0
4980,840-25-22,2003,1.0
4980,840-25-22,2005,0.0
4980,840-25-22,2010,0.0
4980,840-25-22,2011,3.0
4980,840-25-22,2012,2.0
4980,840-25-24,1998,
4980,840-25-24,2005,2.0
4980,840-25-24,2010,-17.0
4980,840-25-24,2011,-14.0
4980,840-25-25,1998,-9.0
4980,840-25-25,1999,-8.0
4980,840-25-25,2005,-4.0
4980,840-25-25,2010,6.0
4980,840-25-26,1998,-12.0
4980,840-25-26,1999,5.0
4980,840-25-26,2005,-25.0
4980,840-25-26,2010,
4980,840-25-27,1998,2.0
4980,840-25-27,1999,2.0
4980,840-25-27,2004,-19.0
4980,840-25-27,2005,16.0
4980,840-25-27,2010,15.0
4980,840-25-27,2011,-13.0
4980,840-25-27,2012,7.0
4980,840-25-28,1999,-12.0
4980,840-25-28,2002,7.0
4980,840-25-28,2004,-8.0
4980,840-25-28,2010,0.0
4980,840-25-28,2011,-13.0
4980,840-25-3,1997,10.0
4980,840-25-3,1998,-6.0
4980,840-25-3,2006,2.0
4980,840-25-30,1998,
4980,840-25-30,2005,1.0
4980,840-25-30,2010,
4980,840-25-30,2012,-1.0
4980,840-25-31,1998,-14.0
4980,840-25-31,1999,-8.0
4980,840-25-31,2004,28.0
4980,840-25-31,2005,-16.0
4980,840-25-31,2010,-6.0
4980,840-25-31,2011,34.0
4980,840-25-37,1998,
4980,840-25-37,2010,
4980,840-25-4,1997,6.0
4980,840-25-4,1998,11.0
4980,840-25-4,2011,
4980,840-25-4,2014,0.0
4980,840-25-4,2017,1.0
4980,840-25-4,2022,0.0
4950,124-11-10,1999,
4950,124-11-10,2001,
4950,124-11-10,2004,
4950,124-11-10,2006,1.0
4950,124-11-10,2012,
4950,124-11-126,2004,
4950,124-11-126,2012,
4950,124-11-136,2004,0.0
4950,124-11-167,2004,2.0
4950,124-11-167,2008,
4950,124-11-17,1999,-3.0
4950,124-11-17,2015,
4950,124-11-17,2021,
4950,124-11-19,1999,3.0
4950,124-11-19,2001,-8.0
4950,124-11-19,2002,
4950,124-11-19,2006,
4950,124-11-19,2011,
4950,124-11-19,2015,5.0
4950,124-11-208,1999,0.0
4950,124-11-208,2001,-4.0
4950,124-11-208,2003,-2.0
4950,124-11-208,2004,3.0
4950,124-11-208,2010,-3.0
4950,124-11-208,2011,0.0
4950,124-11-208,2012,-3.0
4950,124-11-208,2015,-3.0
4950,124-11-220,1999,-11.0
4950,124-11-220,2001,7.0
4950,124-11-220,2004,
4950,124-11-220,2010,-11.0
4950,124-11-220,2011,
4950,124-11-220,2021,-2.0
4950,124-11-222,1998,1.0
4950,124-11-222,1999,-2.0
4950,124-11-222,2002,3.0
4950,124-11-222,2003,
4950,124-11-222,2010,
4950,124-11-222,2017,
4950,124-11-223,1999,1.0
4950,124-11-223,2004,2.0
4950,124-11-223,2011,1.0
4950,124-11-223,2015,
4950,124-11-234,2001,-10.0
4950,124-11-234,2002,
4950,124-11-234,2004,2.0
4950,124-11-234,2012,-6.0
4950,124-11-234,2015,
4950,124-11-234,2021,3.0
4950,124-11-244,1999,-5.0
4950,124-11-244,2001,0.0
4950,124-11-244,2002,-1.0
4950,124-11-244,2004,2.0
4950,124-11-244,2008,3.0
4950,124-11-244,2012,-2.0
4950,124-11-244,2015,-4.0
4950,124-11-255,1998,-1.0
4950,124-11-255,1999,5.0
4950,124-11-255,2001,-3.0
4950,124-11-255,2004,10.0
4950,124-11-255,2012,-2.0
4950,124-11-255,2021,
4950,124-11-265,1999,
4950,124-11-265,2004,5.0
4950,124-11-265,2008,1.0
4950,124-11-265,2012,0.0
4950,124-11-265,2015,0.0
4950,124-11-265,2021,-1.0
4950,124-11-270,1998,-5.0
4950,124-11-270,2001,0.0
4950,124-11-270,2004,
4950,124-11-270,2008,5.0
4950,124-11-270,2012,5.0
4950,124-11-270,2021,2.0
4950,124-11-29,1999,4.0
4950,124-11-29,2001,1.0
4950,124-11-29,2006,6.0
4950,124-11-29,2012,-3.0
4950,124-11-29,2015,7.0
4950,124-11-3,2006,2.0
4950,124-11-3,2010,
4950,124-11-3,2012,
4950,124-11-33,1999,
4950,124-11-33,2002,-1.0
4950,124-11-33,2003,-1.0
4950,124-11-33,2004,5.0
4950,124-11-33,2012,-2.0
4950,124-11-401,2004,0.0
4950,124-11-401,2008,1.0
4950,124-11-401,2010,-2.0
4950,124-11-401,2011,1.0
4950,124-11-401,2012,-1.0
4950,124-11-401,2015,
4950,124-11-402,1999,3.0
4950,124-11-402,2001,5.0
4950,124-11-402,2004,-1.0
4950,124-11-402,2008,
4950,124-11-402,2011,0.0
4950,124-11-402,2012,1.0
4950,124-11-402,2015,1.0
4950,124-11-402,2021,
4950,124-11-407,1999,-10.0
4950,124-11-407,2002,8.0
4950,124-11-407,2003,0.0
4950,124-11-407,2004,4.0
4950,124-11-407,2010,1.0
4950,124-11-407,2011,11.0
4950,124-11-407,2012,-11.0
4950,124-11-407,2015,
4950,124-11-408,2003,
4950,124-11-408,2012,
4950,124-11-408,2021,-7.0
4950,124-11-409,2001,2.0
4950,124-11-409,2004,-4.0
4950,124-11-409,2012,
4950,124-11-410,2001,-2.0
4950,124-11-410,2010,
4950,124-11-410,2015,0.0
4950,124-11-410,2021,
4950,124-11-413,2004,-2.0
4950,124-11-413,2007,-6.0
4950,124-11-413,2008,
4950,124-11-413,2010,3.0
4950,124-11-413,2012,
4950,124-11-413,2015,-10.0
4950,124-11-419,1999,-7.0
4950,124-11-419,2001,-1.0
4950,124-11-419,2004,
4950,124-11-419,2012,-1.0
4950,124-11-419,2021,
4950,124-11-420,1999,-10.0
4950,124-11-420,2001,-8.0
4950,124-11-420,2002,7.0
4950,124-11-420,2004,-4.0
4950,124-11-420,2006,-8.0
4950,124-11-420,2012,
4950,124-11-420,2015,0.0
4950,124-11-45,1999,-1.0
4950,124-11-45,2002,0.0
4950,124-11-45,2004,2.0
4950,124-11-45,2011,8.0
4950,124-11-45,2012,4.0
4950,124-11-45,2015,4.0
4950,124-11-5,1999,-8.0
4950,124-11-5,2005,3.0
4950,124-11-5,2006,-3.0
4950,124-11-53,1999,
4950,124-11-53,2004,-1.0
4950,124-11-53,2006,0.0
4950,124-11-55,2021,
4950,124-11-57,2012,
4950,124-11-58,1999,-2.0
4950,124-11-58,2002,
4950,124-11-58,2006,1.0
4950,124-11-6,2011,9.0
4950,124-11-6,2012,-3.0
4950,124-11-6,2015,-3.0
4950,124-11-608,1999,-5.0
4950,124-11-608,2001,-14.0
4950,124-11-608,2004,21.0
4950,124-11-608,2010,2.0
4950,124-11-608,2011,5.0
4950,124-11-608,2012,-9.0
4950,124-11-608,2021,
4950,124-11-609,2003,-7.0
4950,124-11-609,2004,-1.0
4950,124-11-609,2010,
4950,124-11-612,2004,
4950,124-11-612,2008,
4950,124-11-612,2010,
4950,124-11-612,2012,6.0
4950,124-11-612,2015,0.0
4950,124-11-612,2021,5.0
4950,124-11-613,2000,-4.0
4950,124-11-613,2001,6.0
4950,124-11-613,2004,15.0
4950,124-11-613,2015,1.0
4950,124-11-613,2021,-3.0
4950,124-11-69,1998,0.0
4950,124-11-69,2001,
4950,124-11-69,2008,-7.0
4950,124-11-709,1999,4.0
4950,124-11-709,2001,0.0
4950,124-11-709,2002,-4.0
4950,124-11-709,2003,-5.0
4950,124-11-709,2004,13.0
4950,124-11-709,2012,
4950,124-11-74,1999,5.0
4950,124-11-74,2001,-7.0
4950,124-11-74,2004,-5.0
4950,124-11-74,2006,-1.0
4950,124-11-74,2011,0.0
4950,124-11-74,2021,-8.0
4950,124-11-75,1998,
4950,124-11-81,1998,
4950,124-11-81,2001,
4950,124-11-81,2004,
4950,124-11-9,1999,7.0
4950,124-11-9,2001,-5.0
4950,124-11-9,2003,-4.0
4950,124-11-9,2004,5.0
4950,124-11-9,2006,-4.0
4950,124-11-9,2012,
4950,124-4-10,2005,-5.0
4950,124-4-10,2016,-18.0
4950,124-4-10,2021,41.0
4950,124-4-105,1999,6.0
4950,124-4-105,2006,-7.0
4950,124-4-105,2011,18.0
4950,124-4-105,2015,-8.0
4950,124-4-105,2021,-3.0
4950,124-4-106,1998,
4950,124-4-106,2004,-3.0
4950,124-4-106,2021,-3.0
4950,124-4-107,2005,4.0
4950,124-4-107,2011,-11.0
4950,124-4-107,2014,
4950,124-4-107,2016,-9.0
4950,124-4-107,2018,4.0
4950,124-4-109,2005,-3.0
4950,124-4-109,2011,0.0
4950,124-4-109,2015,7.0
4950,124-4-109,2016,5.0
4950,124-4-109,2021,-15.0
4950,124-4-113,2000,
4950,124-4-113,2005,
4950,124-4-113,2011,-2.0
4950,124-4-113,2021,-123.0
4950,124-4-114,1999,-1.0
4950,124-4-114,2002,-7.0
4950,124-4-114,2005,5.0
4950,124-4-114,2011,
4950,124-4-114,2015,
4950,124-4-114,2021,-1.0
4950,124-4-115,1999,3.0
4950,124-4-115,2009,9.0
4950,124-4-115,2014,-14.0
4950,124-4-115,2015,3.0
4950,124-4-115,2016,
4950,124-4-115,2021,
4950,124-4-116,2006,3.0
4950,124-4-116,2015,9.0
4950,124-4-116,2016,
4950,124-4-121,1997,5.0
4950,124-4-121,2002,6.0
4950,124-4-121,2005,
4950,124-4-125,2015,
4950,124-4-125,2021,0.0
4950,124-4-127,2001,
4950,124-4-127,2015,35.0
4950,124-4-127,2016,-22.0
4950,124-4-127,2018,
4950,124-4-128,2002,5.0
4950,124-4-128,2021,3.0
4950,124-4-129,2000,-8.0
4950,124-4-129,2001,-2.0
4950,124-4-129,2002,9.0
4950,124-4-129,2005,1.0
4950,124-4-129,2006,2.0
4950,124-4-13,1997,
4950,124-4-13,1999,0.0
4950,124-4-13,2000,
4950,124-4-13,2011,-4.0
4950,124-4-13,2016,-6.0
4950,124-4-13,2018,36.0
4950,124-4-136,2002,10.0
4950,124-4-136,2004,7.0
4950,124-4-136,2005,0.0
4950,124-4-136,2021,2.0
4950,124-4-138,2003,
4950,124-4-138,2005,1.0
4950,124-4-138,2015,5.0
4950,124-4-138,2021,10.0
4950,124-4-14,1999,
4950,124-4-14,2002,-2.0
4950,124-4-14,2006,
4950,124-4-15,1999,-7.0
4950,124-4-15,2000,3.0
4950,124-4-15,2002,-8.0
4950,124-4-15,2015,-14.0
4950,124-4-15,2016,-22.0
4950,124-4-15,2021,-5.0
4950,124-4-17,2000,
4950,124-4-17,2011,
4950,124-4-18,1997,9.0
4950,124-4-18,2002,-8.0
4950,124-4-18,2004,-2.0
4950,124-4-18,2005,1.0
4950,124-4-18,2006,14.0
4950,124-4-19,2002,17.0
4950,124-4-19,2005,0.0
4950,124-4-19,2015,
4950,124-4-19,2021,
4950,124-4-2,1998,17.0
4950,124-4-2,2005,2.0
4950,124-4-2,2010,21.0
4950,124-4-2,2011,-6.0
4950,124-4-2,2015,-2.0
4950,124-4-2,2021,7.0
4950,124-4-20,1999,-7.0
4950,124-4-20,2002,
4950,124-4-20,2005,-38.0
4950,124-4-20,2014,9.0
4950,124-4-20,2016,7.0
4950,124-4-20,2021,16.0
4950,124-4-201,2004,-5.0
4950,124-4-201,2015,
4950,124-4-201,2021,-2.0
4950,124-4-204,2005,35.0
4950,124-4-204,2011,-17.0
4950,124-4-204,2015,153.0
4950,124-4-204,2016,-94.0
4950,124-4-204,2021,
4950,124-4-210,2005,-13.0
4950,124-4-210,2015,6.0
4950,124-4-210,2016,29.0
4950,124-4-210,2021,6.0
4950,124-4-212,2002,25.0
4950,124-4-212,2005,33.0
4950,124-4-212,2015,8.0
4950,124-4-212,2016,
4950,124-4-212,2018,-3.0
4950,124-4-213,2005,2.0
4950,124-4-213,2006,6.0
4950,124-4-213,2011,-3.0
4950,124-4-213,2014,15.0
4950,124-4-213,2015,29.0
4950,124-4-213,2016,-12.0
4950,124-4-214,2005,-21.0
4950,124-4-214,2014,175.0
4950,124-4-214,2015,-49.0
4950,124-4-214,2016,-79.0
4950,124-4-214,2021,-37.0
4950,124-4-215,1998,0.0
4950,124-4-215,1999,-1.0
4950,124-4-215,2002,9.0
4950,124-4-215,2006,
4950,124-4-215,2016,
4950,124-4-22,1999,8.0
4950,124-4-22,2002,2.0
4950,124-4-22,2005,-2.0
4950,124-4-22,2006,-6.0
4950,124-4-22,2015,1.0
4950,124-4-22,2016,-6.0
4950,124-4-227,2002,-3.0
4950,124-4-227,2015,-8.0
4950,124-4-227,2016,
4950,124-4-228,2000,
4950,124-4-228,2002,
4950,124-4-228,2005,-10.0
4950,124-4-228,2015,-7.0
4950,124-4-229,2000,6.0
4950,124-4-229,2002,0.0
4950,124-4-229,2006,4.0
4950,124-4-229,2015,
4950,124-4-229,2021,
4950,124-4-24,2021,
4950,124-4-251,1999,
4950,124-4-251,2002,1.0
4950,124-4-251,2003,4.0
4950,124-4-251,2016,-3.0
4950,124-4-26,2005,5.0
4950,124-4-26,2006,-9.0
4950,124-4-26,2015,6.0
4950,124-4-26,2016,-2.0
4950,124-4-27,2002,0.0
4950,124-4-27,2004,3.0
4950,124-4-27,2005,-2.0
4950,124-4-27,2006,-1.0
4950,124-4-28,2001,-1.0
4950,124-4-28,2002,4.0
4950,124-4-28,2005,15.0
4950,124-4-28,2015,-2.0
4950,124-4-28,2016,
4950,124-4-28,2021,
4950,124-4-29,1999,5.0
4950,124-4-29,2000,-5.0
4950,124-4-29,2002,-1.0
4950,124-4-29,2005,
4950,124-4-29,2015,8.0
4950,124-4-29,2021,-16.0
4950,124-4-3,1998,-2.0
4950,124-4-3,2005,13.0
4950,124-4-3,2006,3.0
4950,124-4-3,2007,-4.0
4950,124-4-3,2011,11.0
4950,124-4-3,2014,-36.0
4950,124-4-3,2015,18.0
4950,124-4-3,2016,-11.0
4950,124-4-302,1998,5.0
4950,124-4-302,2005,-37.0
4950,124-4-302,2010,6.0
4950,124-4-302,2011,-7.0
4950,124-4-302,2014,12.0
4950,124-4-302,2015,-24.0
4950,124-4-302,2021,-15.0
4950,124-4-304,2011,1.0
4950,124-4-304,2014,4.0
4950,124-4-304,2015,3.0
4950,124-4-304,2021,
4950,124-4-306,2011,-2.0
4950,124-4-306,2014,15.0
4950,124-4-306,2021,7.0
4950,124-4-31,1999,-3.0
4950,124-4-31,2000,-1.0
4950,124-4-31,2002,3.0
4950,124-4-31,2015,1.0
4950,124-4-31,2018,
4950,124-4-311,2002,27.0
4950,124-4-311,2005,-14.0
4950,124-4-311,2006,6.0
4950,124-4-311,2016,
4950,124-4-312,2005,-38.0
4950,124-4-312,2011,5.0
4950,124-4-312,2014,-10.0
4950,124-4-312,2016,-17.0
4950,124-4-312,2021,-1.0
4950,124-4-313,2005,
4950,124-4-313,2011,-6.0
4950,124-4-313,2015,3.0
4950,124-4-313,2016,11.0
4950,124-4-313,2021,0.0
4950,124-4-315,1999,2.0
4950,124-4-315,2002,3.0
4950,124-4-315,2017,1.0
4950,124-4-315,2018,3.0
4950,124-4-328,2001,5.0
4950,124-4-328,2002,3.0
4950,124-4-328,2005,-1.0
4950,124-4-328,2021,27.0
4950,124-4-329,2021,2.0
4950,124-4-33,1999,-2.0
4950,124-4-33,2006,-1.0
4950,124-4-33,2015,
4950,124-4-33,2021,0.0
4950,124-4-330,1999,1.0
4950,124-4-330,2000,-2.0
4950,124-4-330,2002,17.0
4950,124-4-330,2005,-22.0
4950,124-4-330,2015,9.0
4950,124-4-330,2021,3.0
4950,124-4-37,2003,-3.0
4950,124-4-37,2004,14.0
4950,124-4-37,2005,-9.0
4950,124-4-37,2014,4.0
4950,124-4-37,2015,-19.0
4950,124-4-37,2016,11.0
4950,124-4-37,2021,
4950,124-4-4,2005,-3.0
4950,124-4-4,2011,20.0
4950,124-4-4,2014,-11.0
4950,124-4-4,2015,1.0
4950,124-4-4,2016,37.0
4950,124-4-4,2017,-38.0
4950,124-4-40,1999,2.0
4950,124-4-40,2000,
4950,124-4-40,2002,0.0
4950,124-4-40,2005,2.0
4950,124-4-40,2006,-1.0
4950,124-4-40,2011,4.0
4950,124-4-40,2015,0.0
4950,124-4-404,2011,-8.0
4950,124-4-404,2015,2.0
4950,124-4-404,2021,
4950,124-4-42,2011,
4950,124-4-42,2015,0.0
4950,124-4-50,2002,
4950,124-4-55,2001,
4950,124-4-55,2004,-1.0
4950,124-4-55,2006,
4950,124-4-55,2011,-2.0
4950,124-4-6,2004,11.0
4950,124-4-6,2005,
4950,124-4-6,2011,
4950,124-4-6,2015,1.0
4950,124-4-6,2016,-8.0
4950,124-4-6,2018,14.0
4950,124-4-62,1998,2.0
4950,124-4-62,1999,
4950,124-4-62,2002,0.0
4950,124-4-62,2003,0.0
4950,124-4-62,2006,4.0
4950,124-4-62,2016,6.0
4950,124-4-63,1999,
4950,124-4-63,2002,2.0
4950,124-4-63,2003,-3.0
4950,124-4-63,2005,0.0
4950,124-4-63,2009,6.0
4950,124-4-63,2016,0.0
4950,124-4-63,2021,
4950,124-4-7,1997,-33.0
4950,124-4-7,2005,50.0
4950,124-4-7,2006,-22.0
4950,124-4-7,2007,4.0
4950,124-4-7,2011,
4950,124-4-9,2005,15.0
4950,124-4-9,2006,8.0
4950,124-4-9,2011,10.0
4950,124-4-9,2014,6.0
4950,124-4-9,2015,99.0
4950,124-4-9,2016,-83.0
4950,124-4-96,1998,0.0
4950,124-4-96,1999,
4950,124-4-96,2015,-2.0
4950,124-4-96,2021,10.0
4950,124-45-1,1997,5.0
4950,124-45-1,1998,-8.0
4950,124-45-1,2000,-2.0
4950,124-45-1,2006,-6.0
4950,124-45-1,2009,-15.0
4950,124-45-1,2018,-6.0
4950,124-45-1,2021,7.0
4950,124-45-101,1997,
4950,124-45-101,2009,
4950,124-45-102,1998,10.0
4950,124-45-102,2000,-10.0
4950,124-45-102,2004,-8.0
4950,124-45-102,2009,-34.0
4950,124-45-102,2018,8.0
4950,124-45-102,2021,15.0
4950,124-45-103,1997,-18.0
4950,124-45-103,1998,-11.0
4950,124-45-103,2000,0.0
4950,124-45-103,2004,-4.0
4950,124-45-103,2009,13.0
4950,124-45-103,2018,-7.0
4950,124-45-105,1997,
4950,124-45-105,2000,15.0
4950,124-45-105,2004,
4950,124-45-105,2009,-7.0
4950,124-45-105,2018,-2.0
4950,124-45-105,2021,-5.0
4950,124-45-107,1997,-15.0
4950,124-45-107,1998,-9.0
4950,124-45-107,2000,-5.0
4950,124-45-107,2004,19.0
4950,124-45-107,2009,-4.0
4950,124-45-107,2018,
4950,124-45-109,2008,4.0
4950,124-45-109,2009,
4950,124-45-109,2011,-8.0
4950,124-45-109,2014,-31.0
4950,124-45-109,2018,
4950,124-45-11,1997,-3.0
4950,124-45-11,1998,-6.0
4950,124-45-11,2000,-3.0
4950,124-45-11,2018,5.0
4950,124-45-11,2021,-37.0
4950,124-45-111,1997,16.0
4950,124-45-111,1998,1.0
4950,124-45-111,2000,2.0
4950,124-45-111,2004,-50.0
4950,124-45-111,2018,43.0
4950,124-45-111,2021,-49.0
4950,124-45-113,1997,-5.0
4950,124-45-113,2000,0.0
4950,124-45-113,2004,-3.0
4950,124-45-113,2006,3.0
4950,124-45-113,2009,-4.0
4950,124-45-113,2021,-1.0
4950,124-45-114,1997,-18.0
4950,124-45-114,2000,-3.0
4950,124-45-114,2002,6.0
4950,124-45-114,2009,11.0
4950,124-45-114,2012,
4950,124-45-116,2000,
4950,124-45-116,2004,-4.0
4950,124-45-116,2021,-10.0
4950,124-45-118,2006,-11.0
4950,124-45-12,2021,0.0
4950,124-45-120,2000,
4950,124-45-120,2004,
4950,124-45-120,2021,
4950,124-45-121,1997,-68.0
4950,124-45-121,1998,25.0
4950,124-45-121,2000,-15.0
4950,124-45-121,2004,4.0
4950,124-45-121,2018,26.0
4950,124-45-121,2021,-17.0
4950,124-45-13,1997,-7.0
4950,124-45-13,1998,11.0
4950,124-45-13,2000,0.0
4950,124-45-13,2004,0.0
4950,124-45-13,2009,10.0
4950,124-45-13,2018,-2.0
4950,124-45-13,2021,-4.0
4950,124-45-18,1997,-21.0
4950,124-45-18,2000,-11.0
4950,124-45-18,2002,15.0
4950,124-45-18,2004,29.0
4950,124-45-18,2006,-11.0
4950,124-45-2,1997,-18.0
4950,124-45-2,1998,14.0
4950,124-45-2,2000,6.0
4950,124-45-2,2004,-2.0
4950,124-45-2,2009,3.0
4950,124-45-2,2018,12.0
4950,124-45-201,2000,
4950,124-45-201,2006,
4950,124-45-201,2009,-1.0
4950,124-45-201,2012,1.0
4950,124-45-203,2004,-23.0
4950,124-45-203,2008,17.0
4950,124-45-203,2009,-20.0
4950,124-45-203,2018,-13.0
4950,124-45-203,2021,-41.0
4950,124-45-205,1998,0.0
4950,124-45-205,2000,-6.0
4950,124-45-205,2004,-3.0
4950,124-45-205,2009,-5.0
4950,124-45-205,2018,2.0
4950,124-45-205,2021,-9.0
4950,124-45-207,1997,-7.0
4950,124-45-207,1998,-8.0
4950,124-45-207,2000,11.0
4950,124-45-207,2012,0.0
4950,124-45-207,2018,
4950,124-45-209,1997,4.0
4950,124-45-209,1998,-13.0
4950,124-45-209,2000,-26.0
4950,124-45-209,2004,-50.0
4950,124-45-209,2018,-6.0
4950,124-45-209,2021,
4950,124-45-21,1997,5.0
4950,124-45-21,1998,3.0
4950,124-45-21,2000,-5.0
4950,124-45-21,2018,26.0
4950,124-45-21,2021,-18.0
4950,124-45-213,1997,
4950,124-45-213,2000,
4950,124-45-213,2004,-3.0
4950,124-45-216,2000,-1.0
4950,124-45-216,2004,
4950,124-45-216,2018,
4950,124-45-216,2021,-5.0
4950,124-45-218,1998,
4950,124-45-218,2004,
4950,124-45-218,2009,-12.0
4950,124-45-218,2018,-3.0
4950,124-45-218,2021,
4950,124-45-22,2000,-21.0
4950,124-45-22,2004,2.0
4950,124-45-22,2021,-10.0
4950,124-45-220,1997,4.0
4950,124-45-220,2000,11.0
4950,124-45-220,2004,1.0
4950,124-45-220,2018,
4950,124-45-220,2021,12.0
4950,124-45-26,2000,-7.0
4950,124-45-26,2014,14.0
4950,124-45-26,2021,-6.0
4950,124-45-3,2000,-11.0
4950,124-45-3,2002,-5.0
4950,124-45-3,2004,
4950,124-45-3,2006,15.0
4950,124-45-3,2009,11.0
4950,124-45-3,2012,-5.0
4950,124-45-30,2000,2.0
4950,124-45-30,2021,-2.0
4950,124-45-307,2008,31.0
4950,124-45-307,2009,-60.0
4950,124-45-307,2014,-27.0
4950,124-45-307,2018,51.0
4950,124-45-307,2021,-1.0
4950,124-45-41,1997,-2.0
4950,124-45-41,1998,3.0
4950,124-45-41,2000,2.0
4950,124-45-41,2021,
4950,124-45-42,2003,-4.0
4950,124-45-42,2004,5.0
4950,124-45-42,2006,
4950,124-45-42,2009,0.0
4950,124-45-42,2018,0.0
4950,124-45-42,2021,-4.0
4950,124-45-42,2022,
4950,124-45-43,1997,9.0
4950,124-45-43,2000,-2.0
4950,124-45-43,2009,4.0
4950,124-45-43,2018,
4950,124-45-43,2021,-8.0
4950,124-45-49,2004,-1.0
4950,124-45-49,2017,6.0
4950,124-45-49,2021,
4950,124-45-5,1997,-8.0
4950,124-45-5,1998,-5.0
4950,124-45-5,2000,1.0
4950,124-45-5,2004,-29.0
4950,124-45-5,2009,-24.0
4950,124-45-5,2018,-4.0
4950,124-45-5,2021,-11.0
4950,124-45-7,1997,0.0
4950,124-45-7,1998,-14.0
4950,124-45-7,2000,-3.0
4950,124-45-7,2008,24.0
4950,124-45-7,2009,-50.0
4950,124-45-7,2018,15.0
4950,124-45-7,2021,7.0
4950,124-45-9,1997,38.0
4950,124-45-9,1998,
4950,124-45-9,2000,
4950,124-45-9,2009,-13.0
4950,124-45-9,2018,-10.0
4950,124-45-9,2021,18.0
4950,124-56-13,2004,
4950,124-56-137,1999,
4950,124-56-137,2015,
4950,124-56-14,2001,0.0
4950,124-56-14,2002,1.0
4950,124-56-21,2001,-2.0
4950,124-56-21,2004,
4950,124-56-21,2006,5.0
4950,124-56-21,2018,
4950,124-56-22,1999,1.0
4950,124-56-22,2001,3.0
4950,124-56-22,2002,
4950,124-56-22,2004,-1.0
4950,124-56-33,1999,0.0
4950,124-56-33,2001,0.0
4950,124-56-33,2004,
4950,124-56-41,1999,-1.0
4950,124-56-41,2001,-2.0
4950,124-56-41,2002,0.0
4950,124-56-42,1997,
4950,124-56-42,2008,
4950,124-56-44,1999,
4950,124-56-44,2004,
4950,124-65-117,2001,
4950,124-65-14,1999,2.0
4950,124-65-14,2004,
4950,124-65-18,1997,
4950,124-65-22,2001,0.0
4950,124-65-22,2002,
4950,124-65-29,2010,
4950,124-65-33,1999,
4950,124-65-33,2006,
4950,124-65-36,1999,
4950,124-65-36,2016,
4950,124-65-38,2001,
4950,124-68-10,2007,-3.0
4950,124-68-10,2009,-17.0
4950,124-68-10,2012,-4.0
4950,124-68-10,2015,-18.0
4950,124-68-10,2021,-2.0
4950,124-68-11,1999,-1.0
4950,124-68-11,2000,3.0
4950,124-68-11,2009,2.0
4950,124-68-11,2012,
4950,124-68-11,2015,-1.0
4950,124-68-11,2021,0.0
4950,124-68-113,1999,0.0
4950,124-68-113,2000,0.0
4950,124-68-113,2004,5.0
4950,124-68-113,2005,-6.0
4950,124-68-113,2009,3.0
4950,124-68-113,2012,2.0
4950,124-68-113,2021,2.0
4950,124-68-117,2000,-8.0
4950,124-68-117,2005,5.0
4950,124-68-117,2009,
4950,124-68-117,2012,
4950,124-68-119,2000,0.0
4950,124-68-119,2003,2.0
4950,124-68-119,2004,8.0
4950,124-68-119,2005,-9.0
4950,124-68-119,2009,-1.0
4950,124-68-119,2012,-2.0
4950,124-68-12,1999,-9.0
4950,124-68-12,2000,4.0
4950,124-68-12,2004,0.0
4950,124-68-12,2005,-6.0
4950,124-68-12,2009,1.0
4950,124-68-14,2000,5.0
4950,124-68-14,2003,-8.0
4950,124-68-14,2004,11.0
4950,124-68-14,2005,5.0
4950,124-68-14,2012,
4950,124-68-14,2015,4.0
4950,124-68-14,2021,
4950,124-68-15,1999,0.0
4950,124-68-15,2000,-8.0
4950,124-68-15,2004,0.0
4950,124-68-15,2005,-2.0
4950,124-68-15,2009,-5.0
4950,124-68-15,2012,-3.0
4950,124-68-15,2021,-2.0
4950,124-68-16,2005,3.0
4950,124-68-16,2009,0.0
4950,124-68-18,2000,9.0
4950,124-68-18,2003,-5.0
4950,124-68-18,2004,3.0
4950,124-68-18,2005,4.0
4950,124-68-18,2009,5.0
4950,124-68-18,2012,-7.0
4950,124-68-18,2021,-1.0
4950,124-68-2,1997,
4950,124-68-2,2007,35.0
4950,124-68-2,2010,11.0
4950,124-68-2,2012,12.0
4950,124-68-2,2013,62.0
4950,124-68-2,2015,13.0
4950,124-68-2,2021,-8.0
4950,124-68-20,2003,8.0
4950,124-68-20,2004,
4950,124-68-20,2007,2.0
4950,124-68-20,2009,6.0
4950,124-68-20,2012,-4.0
4950,124-68-20,2021,2.0
4950,124-68-202,2003,10.0
4950,124-68-202,2004,4.0
4950,124-68-202,2005,
4950,124-68-202,2007,17.0
4950,124-68-203,2003,0.0
4950,124-68-203,2004,-11.0
4950,124-68-203,2005,-5.0
4950,124-68-203,2007,-8.0
4950,124-68-203,2015,-10.0
4950,124-68-203,2021,19.0
4950,124-68-207,2003,-4.0
4950,124-68-207,2004,6.0
4950,124-68-207,2005,-3.0
4950,124-68-207,2007,0.0
4950,124-68-207,2009,11.0
4950,124-68-207,2021,1.0
4950,124-68-208,1999,
4950,124-68-208,2009,-8.0
4950,124-68-208,2015,-1.0
4950,124-68-208,2021,
4950,124-68-209,2003,-9.0
4950,124-68-209,2004,7.0
4950,124-68-209,2005,0.0
4950,124-68-209,2007,-10.0
4950,124-68-209,2009,-12.0
4950,124-68-209,2015,5.0
4950,124-68-209,2021,-10.0
4950,124-68-210,2007,-7.0
4950,124-68-210,2009,2.0
4950,124-68-210,2012,-2.0
4950,124-68-210,2015,-4.0
4950,124-68-210,2021,11.0
4950,124-68-211,1999,-5.0
4950,124-68-211,2000,-5.0
4950,124-68-211,2005,-15.0
4950,124-68-211,2009,6.0
4950,124-68-211,2012,5.0
4950,124-68-211,2015,-2.0
4950,124-68-213,2005,7.0
4950,124-68-214,1999,-4.0
4950,124-68-214,2000,
4950,124-68-214,2005,1.0
4950,124-68-214,2009,5.0
4950,124-68-215,2004,
4950,124-68-216,1999,17.0
4950,124-68-216,2000,-15.0
4950,124-68-216,2004,4.0
4950,124-68-216,2005,-7.0
4950,124-68-216,2009,-4.0
4950,124-68-216,2012,
4950,124-68-216,2021,
4950,124-68-217,2000,2.0
4950,124-68-217,2004,
4950,124-68-217,2012,
4950,124-68-218,2000,-1.0
4950,124-68-218,2003,
4950,124-68-218,2005,
4950,124-68-219,2005,1.0
4950,124-68-219,2009,3.0
4950,124-68-219,2015,-1.0
4950,124-68-219,2021,2.0
4950,124-68-22,1999,-9.0
4950,124-68-22,2003,1.0
4950,124-68-22,2004,3.0
4950,124-68-22,2005,9.0
4950,124-68-22,2009,10.0
4950,124-68-22,2012,2.0
4950,124-68-220,2003,-4.0
4950,124-68-220,2004,5.0
4950,124-68-220,2005,-4.0
4950,124-68-220,2009,-13.0
4950,124-68-220,2012,-4.0
4950,124-68-223,1999,
4950,124-68-223,2005,1.0
4950,124-68-223,2009,-3.0
4950,124-68-223,2013,-3.0
4950,124-68-223,2015,-1.0
4950,124-68-223,2021,1.0
4950,124-68-224,1999,1.0
4950,124-68-224,2000,-7.0
4950,124-68-224,2004,2.0
4950,124-68-224,2005,-11.0
4950,124-68-224,2021,
4950,124-68-225,1999,4.0
4950,124-68-225,2000,-4.0
4950,124-68-225,2002,2.0
4950,124-68-225,2004,8.0
4950,124-68-225,2005,-8.0
4950,124-68-225,2012,-4.0
4950,124-68-225,2013,-7.0
4950,124-68-225,2015,
4950,124-68-225,2021,0.0
4950,124-68-238,1997,-3.0
4950,124-68-238,1998,
4950,124-68-238,2007,-1.0
4950,124-68-238,2009,1.0
4950,124-68-238,2015,
4950,124-68-25,1997,3.0
4950,124-68-25,1999,3.0
4950,124-68-25,2000,-3.0
4950,124-68-25,2004,2.0
4950,124-68-25,2005,-3.0
4950,124-68-25,2009,-7.0
4950,124-68-25,2012,1.0
4950,124-68-251,2000,
4950,124-68-251,2005,
4950,124-68-26,1999,1.0
4950,124-68-26,2000,
4950,124-68-26,2005,
4950,124-68-28,1997,-3.0
4950,124-68-28,2003,0.0
4950,124-68-28,2004,-2.0
4950,124-68-28,2005,2.0
4950,124-68-28,2012,0.0
4950,124-68-28,2021,3.0
4950,124-68-29,2003,-7.0
4950,124-68-29,2004,
4950,124-68-29,2009,-3.0
4950,124-68-29,2021,15.0
4950,124-68-296,2003,2.0
4950,124-68-296,2004,-2.0
4950,124-68-296,2005,
4950,124-68-296,2012,3.0
4950,124-68-297,1997,1.0
4950,124-68-297,2004,-2.0
4950,124-68-297,2005,-1.0
4950,124-68-297,2006,
4950,124-68-297,2009,
4950,124-68-298,1999,-3.0
4950,124-68-298,2003,-5.0
4950,124-68-298,2005,-6.0
4950,124-68-298,2006,1.0
4950,124-68-298,2012,
4950,124-68-299,1999,-8.0
4950,124-68-299,2003,
4950,124-68-299,2005,
4950,124-68-299,2007,
4950,124-68-300,2000,
4950,124-68-300,2002,
4950,124-68-300,2007,
4950,124-68-300,2009,
4950,124-68-300,2012,3.0
4950,124-68-303,1997,31.0
4950,124-68-303,2007,
4950,124-68-303,2010,
4950,124-68-303,2021,-8.0
4950,124-68-308,2000,-11.0
4950,124-68-308,2003,-19.0
4950,124-68-308,2004,9.0
4950,124-68-308,2005,0.0
4950,124-68-308,2007,1.0
4950,124-68-308,2009,13.0
4950,124-68-308,2015,-4.0
4950,124-68-308,2021,-3.0
4950,124-68-312,2004,0.0
4950,124-68-312,2005,2.0
4950,124-68-312,2009,0.0
4950,124-68-312,2012,1.0
4950,124-68-312,2021,1.0
4950,124-68-314,2004,
4950,124-68-314,2016,0.0
4950,124-68-314,2022,-4.0
4950,124-68-316,2000,4.0
4950,124-68-316,2005,-9.0
4950,124-68-316,2009,-5.0
4950,124-68-317,1999,-3.0
4950,124-68-317,2000,
4950,124-68-317,2004,
4950,124-68-317,2007,-1.0
4950,124-68-317,2009,1.0
4950,124-68-319,2000,-17.0
4950,124-68-319,2004,-6.0
4950,124-68-319,2005,0.0
4950,124-68-319,2009,1.0
4950,124-68-319,2012,-11.0
4950,124-68-319,2021,-4.0
4950,124-68-323,1999,-9.0
4950,124-68-323,2000,8.0
4950,124-68-324,1999,3.0
4950,124-68-324,2000,4.0
4950,124-68-324,2004,-12.0
4950,124-68-324,2005,11.0
4950,124-68-325,1999,0.0
4950,124-68-325,2000,-1.0
4950,124-68-325,2009,
4950,124-68-325,2012,
4950,124-68-325,2021,
4950,124-68-326,1997,5.0
4950,124-68-326,1998,-5.0
4950,124-68-326,1999,5.0
4950,124-68-326,2000,-6.0
4950,124-68-326,2004,
4950,124-68-338,1999,
4950,124-68-338,2003,
4950,124-68-35,1999,5.0
4950,124-68-350,1998,
4950,124-68-37,2003,4.0
4950,124-68-37,2004,-10.0
4950,124-68-37,2005,7.0
4950,124-68-37,2006,5.0
4950,124-68-37,2007,-11.0
4950,124-68-39,2000,
4950,124-68-39,2005,0.0
4950,124-68-4,2010,-5.0
4950,124-68-4,2012,
4950,124-68-4,2015,10.0
4950,124-68-5,1999,
4950,124-68-5,2003,-5.0
4950,124-68-5,2004,6.0
4950,124-68-5,2005,-3.0
4950,124-68-5,2007,1.0
4950,124-68-5,2009,5.0
4950,124-68-5,2021,-4.0
4950,124-68-50,1999,-3.0
4950,124-68-50,2000,-2.0
4950,124-68-50,2002,-1.0
4950,124-68-50,2021,
4950,124-68-52,1999,-1.0
4950,124-68-53,2004,1.0
4950,124-68-53,2009,0.0
4950,124-68-53,2021,
4950,124-68-54,1997,0.0
4950,124-68-54,1998,0.0
4950,124-68-54,2006,
4950,124-68-57,2003,14.0
4950,124-68-57,2005,
4950,124-68-57,2009,-1.0
4950,124-68-57,2012,
4950,124-68-57,2021,
4950,124-68-59,2004,-2.0
4950,124-68-59,2005,0.0
4950,124-68-59,2006,
4950,124-68-59,2012,
4950,124-68-6,1999,-5.0
4950,124-68-6,2000,-12.0
4950,124-68-6,2003,0.0
4950,124-68-6,2004,-9.0
4950,124-68-6,2005,1.0
4950,124-68-6,2007,2.0
4950,124-68-6,2009,-11.0
4950,124-68-65,2004,0.0
4950,124-68-65,2021,
4950,124-68-66,1997,-6.0
4950,124-68-66,1998,-3.0
4950,124-68-66,2000,-5.0
4950,124-68-66,2004,-1.0
4950,124-68-66,2006,0.0
4950,124-68-66,2007,0.0
4950,124-68-66,2009,2.0
4950,124-68-66,2012,0.0
4950,124-68-66,2018,0.0
4950,124-68-7,2003,5.0
4950,124-68-7,2004,-8.0
4950,124-68-7,2005,
4950,124-68-7,2007,
4950,124-68-7,2021,-4.0
4950,124-68-8,1999,
4950,124-68-8,2009,
4950,124-68-8,2012,12.0
4950,124-68-83,1997,-6.0
4950,124-68-83,1999,2.0
4950,124-68-83,2000,1.0
4950,124-68-83,2004,-1.0
4950,124-68-83,2005,-1.0
4950,124-68-9,1999,
4950,124-68-9,2009,-39.0
4950,124-68-9,2012,5.0
4950,124-68-9,2015,-11.0
4950,124-68-9,2021,-4.0
4950,124-75-5,2012,
4950,124-75-9,2002,
4950,124-75-9,2021,
4950,124-76-1,1999,-5.0
4950,124-76-1,2000,1.0
4950,124-76-1,2002,1.0
4950,124-76-1,2005,2.0
4950,124-76-1,2012,7.0
4950,124-76-1,2015,
4950,124-76-1,2021,4.0
4950,124-76-109,1999,-5.0
4950,124-76-109,2000,
4950,124-76-109,2015,5.0
4950,124-76-109,2021,0.0
4950,124-76-113,2000,
4950,124-76-113,2004,-3.0
4950,124-76-113,2005,1.0
4950,124-76-12,1997,1.0
4950,124-76-12,2013,0.0
4950,124-76-120,1999,-3.0
4950,124-76-120,2000,-1.0
4950,124-76-120,2002,2.0
4950,124-76-120,2004,2.0
4950,124-76-120,2005,-2.0
4950,124-76-120,2015,-1.0
4950,124-76-120,2021,
4950,124-76-121,1999,-11.0
4950,124-76-121,2000,-3.0
4950,124-76-121,2002,5.0
4950,124-76-121,2004,-4.0
4950,124-76-121,2005,7.0
4950,124-76-121,2015,0.0
4950,124-76-121,2021,
4950,124-76-125,2000,
4950,124-76-125,2012,
4950,124-76-159,1999,
4950,124-76-159,2002,2.0
4950,124-76-159,2004,
4950,124-76-19,2008,3.0
4950,124-76-19,2009,2.0
4950,124-76-19,2012,
4950,124-76-190,1999,1.0
4950,124-76-190,2000,3.0
4950,124-76-190,2005,1.0
4950,124-76-2,1999,0.0
4950,124-76-2,2000,
4950,124-76-201,1999,3.0
4950,124-76-201,2000,-6.0
4950,124-76-201,2004,2.0
4950,124-76-201,2005,0.0
4950,124-76-201,2009,1.0
4950,124-76-201,2012,
4950,124-76-201,2015,
4950,124-76-21,1999,-2.0
4950,124-76-21,2000,-2.0
4950,124-76-21,2001,5.0
4950,124-76-21,2002,-5.0
4950,124-76-21,2006,-1.0
4950,124-76-21,2015,3.0
4950,124-76-21,2021,-6.0
4950,124-76-22,1999,4.0
4950,124-76-22,2000,-4.0
4950,124-76-22,2004,2.0
4950,124-76-22,2005,
4950,124-76-221,1999,0.0
4950,124-76-221,2000,2.0
4950,124-76-221,2002,4.0
4950,124-76-221,2004,0.0
4950,124-76-221,2005,
4950,124-76-23,1999,5.0
4950,124-76-23,2000,5.0
4950,124-76-23,2001,
4950,124-76-23,2015,
4950,124-76-3,1997,0.0
4950,124-76-3,2001,
4950,124-76-3,2009,
4950,124-76-3,2013,
4950,124-76-302,2002,
4950,124-76-306,1999,-3.0
4950,124-76-306,2000,0.0
4950,124-76-306,2002,-3.0
4950,124-76-309,1999,-15.0
4950,124-76-309,2000,0.0
4950,124-76-309,2004,1.0
4950,124-76-309,2005,3.0
4950,124-76-309,2015,0.0
4950,124-76-309,2021,
4950,124-76-310,1999,-5.0
4950,124-76-310,2000,
4950,124-76-310,2004,
4950,124-76-314,2000,-1.0
4950,124-76-314,2004,0.0
4950,124-76-314,2005,
4950,124-76-320,1997,
4950,124-76-320,2006,
4950,124-76-320,2017,
4950,124-76-4,1999,1.0
4950,124-76-4,2000,1.0
4950,124-76-4,2001,-11.0
4950,124-76-4,2004,
4950,124-76-4,2015,3.0
4950,124-76-4,2021,2.0
4950,124-76-40,1999,-6.0
4950,124-76-40,2000,-2.0
4950,124-76-40,2018,
4950,124-76-40,2021,
4950,124-76-5,1999,-6.0
4950,124-76-5,2000,-6.0
4950,124-76-5,2004,7.0
4950,124-76-5,2005,-6.0
4950,124-76-5,2015,2.0
4950,124-76-5,2021,0.0
4950,124-76-6,1999,-5.0
4950,124-76-6,2000,4.0
4950,124-76-6,2002,9.0
4950,124-76-6,2004,-3.0
4950,124-76-6,2005,8.0
4950,124-76-69,1999,0.0
4950,124-76-69,2002,
4950,124-76-69,2004,1.0
4950,124-76-8,1999,-5.0
4950,124-76-8,2000,7.0
4950,124-76-8,2002,-4.0
4950,124-76-8,2004,-1.0
4950,124-76-8,2005,5.0
4950,124-76-8,2009,4.0
4950,124-76-8,2021,0.0
4950,124-76-9,1999,-1.0
4950,124-76-9,2000,-2.0
4950,124-76-9,2004,-3.0
4950,124-76-9,2005,
4950,124-76-9,2015,1.0
4950,124-76-9,2021,
4950,124-76-90,1999,3.0
4950,124-76-90,2000,-3.0
4950,124-76-90,2004,-5.0
4950,124-76-90,2005,3.0
4950,124-76-90,2009,
4950,124-79-106,1997,6.0
4950,124-79-106,1998,
4950,124-79-106,2000,13.0
4950,124-79-106,2004,9.0
4950,124-79-106,2014,14.0
4950,124-79-106,2015,
4950,124-79-109,1998,2.0
4950,124-79-109,2006,19.0
4950,124-79-109,2011,
4950,124-79-109,2014,-16.0
4950,124-79-109,2015,12.0
4950,124-79-109,2016,-4.0
4950,124-79-112,1997,
4950,124-79-112,2000,
4950,124-79-112,2004,-23.0
4950,124-79-112,2014,32.0
4950,124-79-112,2018,84.0
4950,124-79-113,1997,1.0
4950,124-79-113,1998,-9.0
4950,124-79-113,2000,-13.0
4950,124-79-113,2004,-4.0
4950,124-79-113,2018,22.0
4950,124-79-113,2021,-5.0
4950,124-79-116,2000,-14.0
4950,124-79-116,2004,
4950,124-79-116,2014,
4950,124-79-116,2016,-4.0
4950,124-79-116,2018,
4950,124-79-123,1997,1.0
4950,124-79-123,2000,1.0
4950,124-79-123,2002,9.0
4950,124-79-123,2004,17.0
4950,124-79-123,2014,
4950,124-79-123,2018,12.0
4950,124-79-124,2005,
4950,124-79-124,2014,-14.0
4950,124-79-124,2018,4.0
4950,124-79-124,2021,-3.0
4950,124-79-130,2000,
4950,124-79-130,2002,5.0
4950,124-79-130,2004,7.0
4950,124-79-130,2014,0.0
4950,124-79-130,2021,1.0
4950,124-79-132,2004,-1.0
4950,124-79-132,2005,1.0
4950,124-79-132,2014,7.0
4950,124-79-132,2016,9.0
4950,124-79-132,2021,6.0
4950,124-79-133,2004,28.0
4950,124-79-133,2005,0.0
4950,124-79-133,2014,30.0
4950,124-79-133,2016,50.0
4950,124-79-133,2021,-10.0
4950,124-79-139,2000,0.0
4950,124-79-139,2002,0.0
4950,124-79-139,2004,3.0
4950,124-79-139,2014,-2.0
4950,124-79-142,2002,-8.0
4950,124-79-142,2004,-1.0
4950,124-79-142,2005,8.0
4950,124-79-217,2004,-3.0
4950,124-79-217,2005,
4950,124-79-217,2014,6.0
4950,124-79-217,2018,6.0
4950,124-79-217,2021,-17.0
4950,124-79-24,2000,4.0
4950,124-79-24,2004,-12.0
4950,124-79-309,2004,6.0
4950,124-79-309,2014,-3.0
4950,124-79-309,2015,5.0
4950,124-79-33,2002,-10.0
4950,124-79-33,2004,10.0
4950,124-79-33,2005,-12.0
4950,124-79-33,2014,-30.0
4950,124-79-33,2015,-20.0
4950,124-79-33,2016,8.0
4950,124-79-33,2018,9.0
4950,124-79-40,2000,3.0
4950,124-79-40,2002,-5.0
4950,124-79-40,2004,-4.0
4950,124-79-40,2021,2.0
4950,124-79-403,2004,-9.0
4950,124-79-403,2014,6.0
4950,124-79-403,2015,-18.0
4950,124-79-403,2018,19.0
4950,124-79-424,1998,
4950,124-79-424,2000,16.0
4950,124-79-424,2004,
4950,124-79-424,2015,-7.0
4950,124-79-424,2016,-11.0
4950,124-79-424,2018,2.0
4950,840-14-1,1997,-5.0
4950,840-14-1,2005,-12.0
4950,840-14-1,2006,3.0
4950,840-14-1,2010,5.0
4950,840-14-1,2011,-14.0
4950,840-14-1,2012,8.0
4950,840-14-1,2015,6.0
4950,840-14-106,1998,8.0
4950,840-14-106,2000,4.0
4950,840-14-106,2001,3.0
4950,840-14-106,2006,
4950,840-14-108,1999,1.0
4950,840-14-108,2003,1.0
4950,840-14-108,2010,
4950,840-14-108,2012,
4950,840-14-108,2022,-1.0
4950,840-14-11,2005,-2.0
4950,840-14-11,2011,1.0
4950,840-14-11,2012,2.0
4950,840-14-11,2015,6.0
4950,840-14-118,1998,1.0
4950,840-14-118,2009,7.0
4950,840-14-118,2011,-4.0
4950,840-14-118,2015,-1.0
4950,840-14-118,2016,1.0
4950,840-14-128,2005,3.0
4950,840-14-128,2006,-3.0
4950,840-14-128,2009,-2.0
4950,840-14-128,2011,0.0
4950,840-14-128,2015,
4950,840-14-128,2021,
4950,840-14-129,1997,
4950,840-14-129,1999,2.0
4950,840-14-129,2015,
4950,840-14-129,2021,
4950,840-14-13,1999,
4950,840-14-13,2011,
4950,840-14-137,2005,
4950,840-14-137,2009,
4950,840-14-137,2017,3.0
4950,840-14-137,2022,
4950,840-14-138,1998,
4950,840-14-138,2005,-2.0
4950,840-14-138,2006,
4950,840-14-14,1997,0.0
4950,840-14-14,1999,-9.0
4950,840-14-14,2000,2.0
4950,840-14-14,2006,2.0
4950,840-14-14,2010,-3.0
4950,840-14-14,2011,-3.0
4950,840-14-14,2012,3.0
4950,840-14-148,1998,4.0
4950,840-14-148,2005,-6.0
4950,840-14-148,2015,
4950,840-14-148,2021,
4950,840-14-151,1998,37.0
4950,840-14-151,2000,-3.0
4950,840-14-151,2011,-6.0
4950,840-14-151,2015,-2.0
4950,840-14-153,1998,-15.0
4950,840-14-153,2005,4.0
4950,840-14-153,2010,-3.0
4950,840-14-153,2011,
4950,840-14-153,2015,-7.0
4950,840-14-153,2021,4.0
4950,840-14-154,2005,
4950,840-14-154,2021,-8.0
4950,840-14-155,1998,-23.0
4950,840-14-155,1999,-2.0
4950,840-14-155,2005,0.0
4950,840-14-155,2011,-21.0
4950,840-14-155,2015,-9.0
4950,840-14-155,2021,-4.0
4950,840-14-155,2022,4.0
4950,840-14-156,1998,0.0
4950,840-14-156,1999,4.0
4950,840-14-156,2005,7.0
4950,840-14-156,2011,
4950,840-14-156,2015,4.0
4950,840-14-156,2022,-2.0
4950,840-14-158,1998,1.0
4950,840-14-158,2005,7.0
4950,840-14-158,2011,-7.0
4950,840-14-158,2015,2.0
4950,840-14-159,1998,-7.0
4950,840-14-159,2005,8.0
4950,840-14-159,2011,21.0
4950,840-14-159,2013,
4950,840-14-16,2011,1.0
4950,840-14-16,2022,-9.0
4950,840-14-160,1998,
4950,840-14-160,2010,-3.0
4950,840-14-160,2011,3.0
4950,840-14-160,2012,
4950,840-14-160,2015,0.0
4950,840-14-160,2021,
4950,840-14-162,1998,-13.0
4950,840-14-162,2005,3.0
4950,840-14-162,2011,7.0
4950,840-14-162,2015,2.0
4950,840-14-162,2021,-8.0
4950,840-14-164,2000,-1.0
4950,840-14-164,2002,
4950,840-14-164,2004,3.0
4950,840-14-164,2005,-1.0
4950,840-14-164,2006,2.0
4950,840-14-164,2010,3.0
4950,840-14-164,2011,-2.0
4950,840-14-165,1998,18.0
4950,840-14-165,2011,-22.0
4950,840-14-165,2015,2.0
4950,840-14-166,1997,-10.0
4950,840-14-166,1998,6.0
4950,840-14-166,2000,-22.0
4950,840-14-166,2005,64.0
4950,840-14-166,2011,77.0
4950,840-14-166,2012,-37.0
4950,840-14-166,2015,-66.0
4950,840-14-168,1997,-25.0
4950,840-14-168,1998,50.0
4950,840-14-168,2000,-10.0
4950,840-14-168,2005,2.0
4950,840-14-168,2011,-5.0
4950,840-14-168,2012,12.0
4950,840-14-168,2015,5.0
4950,840-14-173,2005,
4950,840-14-173,2022,
4950,840-14-175,2000,2.0
4950,840-14-175,2005,2.0
4950,840-14-175,2006,3.0
4950,840-14-175,2010,
4950,840-14-175,2012,1.0
4950,840-14-176,1997,-2.0
4950,840-14-176,1998,8.0
4950,840-14-176,1999,-9.0
4950,840-14-176,2005,-2.0
4950,840-14-176,2012,5.0
4950,840-14-176,2015,3.0
4950,840-14-177,1997,9.0
4950,840-14-177,1998,4.0
4950,840-14-177,1999,-12.0
4950,840-14-177,2015,5.0
4950,840-14-179,1998,9.0
4950,840-14-179,2005,-12.0
4950,840-14-179,2011,-3.0
4950,840-14-179,2015,-5.0
4950,840-14-179,2021,3.0
4950,840-14-18,2002,
4950,840-14-18,2011,
4950,840-14-181,1998,
4950,840-14-181,2005,0.0
4950,840-14-181,2011,4.0
4950,840-14-181,2015,3.0
4950,840-14-182,1999,
4950,840-14-184,1998,1.0
4950,840-14-184,2005,1.0
4950,840-14-184,2015,
4950,840-14-184,2021,-4.0
4950,840-14-185,1998,-4.0
4950,840-14-185,2005,-3.0
4950,840-14-185,2015,6.0
4950,840-14-185,2021,
4950,840-14-186,1998,2.0
4950,840-14-186,2001,3.0
4950,840-14-186,2005,1.0
4950,840-14-186,2011,-3.0
4950,840-14-186,2014,4.0
4950,840-14-186,2021,0.0
4950,840-14-186,2022,3.0
4950,840-14-188,1998,2.0
4950,840-14-188,2000,-3.0
4950,840-14-188,2005,2.0
4950,840-14-189,1998,3.0
4950,840-14-189,1999,4.0
4950,840-14-189,2005,1.0
4950,840-14-189,2010,0.0
4950,840-14-189,2011,-3.0
4950,840-14-189,2013,-5.0
4950,840-14-189,2014,-3.0
4950,840-14-189,2022,
4950,840-14-190,1998,-21.0
4950,840-14-190,2005,
4950,840-14-190,2011,8.0
4950,840-14-190,2015,-33.0
4950,840-14-190,2021,-13.0
4950,840-14-190,2022,
4950,840-14-191,1998,3.0
4950,840-14-191,1999,1.0
4950,840-14-191,2005,0.0
4950,840-14-191,2021,-13.0
4950,840-14-191,2022,3.0
4950,840-14-193,1998,-4.0
4950,840-14-193,2000,4.0
4950,840-14-193,2005,0.0
4950,840-14-193,2010,0.0
4950,840-14-193,2011,-6.0
4950,840-14-193,2014,1.0
4950,840-14-193,2015,2.0
4950,840-14-195,2005,
4950,840-14-195,2015,
4950,840-14-198,1998,11.0
4950,840-14-198,2005,12.0
4950,840-14-198,2010,2.0
4950,840-14-198,2011,-6.0
4950,840-14-198,2012,-8.0
4950,840-14-198,2015,-4.0
4950,840-14-199,1998,0.0
4950,840-14-199,2005,-4.0
4950,840-14-199,2010,-3.0
4950,840-14-199,2011,0.0
4950,840-14-199,2015,3.0
4950,840-14-199,2021,
4950,840-14-201,1998,6.0
4950,840-14-201,2012,-2.0
4950,840-14-201,2014,
4950,840-14-205,2005,-3.0
4950,840-14-205,2009,1.0
4950,840-14-205,2011,
4950,840-14-21,1998,3.0
4950,840-14-21,1999,5.0
4950,840-14-21,2005,-2.0
4950,840-14-21,2011,5.0
4950,840-14-21,2015,-15.0
4950,840-14-21,2021,-19.0
4950,840-14-21,2022,8.0
4950,840-14-221,2000,
4950,840-14-221,2007,
4950,840-14-221,2009,
4950,840-14-221,2011,
4950,840-14-221,2013,
4950,840-14-226,2006,3.0
4950,840-14-226,2009,0.0
4950,840-14-226,2016,0.0
4950,840-14-226,2022,0.0
4950,840-14-3,1998,-2.0
4950,840-14-3,2005,2.0
4950,840-14-3,2012,1.0
4950,840-14-3,2015,2.0
4950,840-14-319,1997,
4950,840-14-319,2002,4.0
4950,840-14-319,2006,17.0
4950,840-14-319,2008,0.0
4950,840-14-319,2009,-2.0
4950,840-14-319,2010,1.0
4950,840-14-319,2011,9.0
4950,840-14-32,2009,
4950,840-14-33,1998,14.0
4950,840-14-33,2000,0.0
4950,840-14-33,2001,11.0
4950,840-14-33,2005,
4950,840-14-406,1997,
4950,840-14-406,2005,17.0
4950,840-14-406,2010,13.0
4950,840-14-406,2011,-8.0
4950,840-14-406,2012,7.0
4950,840-14-406,2015,3.0
4950,840-14-406,2021,
4950,840-14-407,2005,5.0
4950,840-14-407,2011,-1.0
4950,840-14-407,2012,0.0
4950,840-14-407,2015,8.0
4950,840-14-408,1998,
4950,840-14-408,2011,-7.0
4950,840-14-408,2015,7.0
4950,840-14-414,1998,5.0
4950,840-14-414,2000,-3.0
4950,840-14-414,2003,5.0
4950,840-14-414,2005,1.0
4950,840-14-414,2011,
4950,840-14-415,1998,
4950,840-14-415,2010,-3.0
4950,840-14-415,2011,-4.0
4950,840-14-415,2015,9.0
4950,840-14-415,2021,-8.0
4950,840-14-417,1997,3.0
4950,840-14-417,1998,2.0
4950,840-14-417,2005,2.0
4950,840-14-417,2015,-4.0
4950,840-14-417,2021,-2.0
4950,840-14-419,2001,
4950,840-14-419,2009,
4950,840-14-420,2005,0.0
4950,840-14-420,2011,
4950,840-14-420,2021,
4950,840-14-421,1998,-1.0
4950,840-14-421,1999,6.0
4950,840-14-421,2005,1.0
4950,840-14-421,2009,2.0
4950,840-14-421,2015,0.0
4950,840-14-422,1998,
4950,840-14-422,2005,1.0
4950,840-14-422,2009,0.0
4950,840-14-422,2015,
4950,840-14-422,2021,-2.0
4950,840-14-423,1998,2.0
4950,840-14-434,1999,6.0
4950,840-14-434,2000,-6.0
4950,840-14-434,2009,1.0
4950,840-14-436,2009,-3.0
4950,840-14-436,2010,-1.0
4950,840-14-436,2011,-5.0
4950,840-14-436,2012,7.0
4950,840-14-47,2005,-3.0
4950,840-14-47,2006,0.0
4950,840-14-47,2009,-2.0
4950,840-14-47,2011,-2.0
4950,840-14-47,2016,0.0
4950,840-14-47,2021,-3.0
4950,840-14-47,2022,0.0
4950,840-14-49,2009,4.0
4950,840-14-49,2016,-7.0
4950,840-14-49,2021,-14.0
4950,840-14-49,2022,-7.0
4950,840-14-51,1998,
4950,840-14-54,1998,0.0
4950,840-14-54,2000,-10.0
4950,840-14-54,2005,-19.0
4950,840-14-54,2011,-2.0
4950,840-14-54,2016,
4950,840-14-6,2000,
4950,840-14-6,2005,
4950,840-14-6,2010,
4950,840-14-6,2015,3.0
4950,840-14-7,1998,
4950,840-14-7,2005,-13.0
4950,840-14-7,2010,2.0
4950,840-14-7,2011,-1.0
4950,840-14-7,2015,10.0
4950,840-14-7,2021,-2.0
4950,840-14-71,1997,-12.0
4950,840-14-71,1998,3.0
4950,840-14-71,1999,1.0
4950,840-14-71,2002,4.0
4950,840-14-71,2007,-6.0
4950,840-14-71,2008,4.0
4950,840-14-71,2011,-2.0
4950,840-14-78,2011,2.0
4950,840-14-78,2021,0.0
4950,840-14-79,1998,
4950,840-14-79,2011,-2.0
4950,840-14-79,2015,1.0
4950,840-14-79,2021,4.0
4950,840-14-80,1998,51.0
4950,840-14-80,2005,-15.0
4950,840-14-80,2011,24.0
4950,840-14-80,2015,
4950,840-14-82,1998,-8.0
4950,840-14-82,2005,-3.0
4950,840-14-82,2011,7.0
4950,840-14-82,2015,8.0
4950,840-14-82,2021,-6.0
4950,840-14-88,1998,
4950,840-14-89,2009,5.0
4950,840-14-89,2011,-1.0
4950,840-14-89,2016,-1.0
4950,840-14-89,2017,-7.0
4950,840-14-89,2021,2.0
4950,840-14-89,2022,-4.0
4950,840-14-9,1997,
4950,840-14-9,2005,3.0
4950,840-14-9,2012,-1.0
4950,840-14-9,2015,-4.0
4950,840-14-9,2021,-4.0
4950,840-14-96,2005,-1.0
4950,840-14-96,2009,-5.0
4950,840-14-96,2010,5.0
4950,840-14-96,2011,-4.0
4950,840-14-96,2015,
4950,840-14-96,2021,0.0
4950,840-14-97,1998,-1.0
4950,840-14-97,2004,-8.0
4950,840-14-97,2005,3.0
4950,840-14-97,2006,-1.0
4950,840-14-97,2011,-9.0
4950,840-14-98,1998,7.0
4950,840-14-98,2001,8.0
4950,840-14-98,2005,-6.0
4950,840-14-98,2011,2.0
4950,840-14-98,2015,1.0
4950,840-14-98,2021,-11.0
4950,840-14-98,2022,-1.0
4950,840-17-1,1998,-14.0
4950,840-17-1,1999,-1.0
4950,840-17-1,2002,-9.0
4950,840-17-1,2012,-17.0
4950,840-17-1,2021,-1.0
4950,840-17-10,2002,-3.0
4950,840-17-10,2005,-17.0
4950,840-17-10,2006,-3.0
4950,840-17-10,2009,-1.0
4950,840-17-10,2016,
4950,840-17-10,2021,-2.0
4950,840-17-11,1998,-2.0
4950,840-17-11,1999,
4950,840-17-11,2002,8.0
4950,840-17-11,2003,-6.0
4950,840-17-11,2006,-5.0
4950,840-17-11,2009,-1.0
4950,840-17-11,2012,
4950,840-17-11,2018,
4950,840-17-12,1999,5.0
4950,840-17-12,2002,1.0
4950,840-17-12,2003,-5.0
4950,840-17-12,2004,3.0
4950,840-17-12,2006,3.0
4950,840-17-12,2009,
4950,840-17-12,2018,
4950,840-17-125,1998,-5.0
4950,840-17-125,1999,
4950,840-17-125,2002,
4950,840-17-125,2006,
4950,840-17-126,2012,-1.0
4950,840-17-126,2018,1.0
4950,840-17-13,1998,-5.0
4950,840-17-13,2002,0.0
4950,840-17-13,2003,-3.0
4950,840-17-13,2004,4.0
4950,840-17-13,2006,3.0
4950,840-17-13,2009,1.0
4950,840-17-13,2012,0.0
4950,840-17-14,1998,
4950,840-17-14,2004,0.0
4950,840-17-14,2006,5.0
4950,840-17-14,2009,-3.0
4950,840-17-14,2012,-5.0
4950,840-17-14,2016,1.0
4950,840-17-15,2002,
4950,840-17-15,2009,
4950,840-17-15,2012,
4950,840-17-153,1999,1.0
4950,840-17-153,2012,
4950,840-17-153,2018,0.0
4950,840-17-153,2021,-2.0
4950,840-17-154,1998,0.0
4950,840-17-154,1999,4.0
4950,840-17-154,2012,
4950,840-17-154,2018,
4950,840-17-16,1998,-8.0
4950,840-17-16,2002,0.0
4950,840-17-16,2005,3.0
4950,840-17-16,2006,-3.0
4950,840-17-16,2012,
4950,840-17-17,1998,1.0
4950,840-17-17,1999,0.0
4950,840-17-17,2002,-1.0
4950,840-17-17,2005,5.0
4950,840-17-17,2009,5.0
4950,840-17-17,2012,-4.0
4950,840-17-17,2013,-1.0
4950,840-17-17,2018,3.0
4950,840-17-17,2021,-3.0
4950,840-17-18,1998,-3.0
4950,840-17-18,1999,
4950,840-17-18,2003,
4950,840-17-18,2006,
4950,840-17-18,2018,-4.0
4950,840-17-19,1998,2.0
4950,840-17-19,1999,
4950,840-17-19,2002,
4950,840-17-19,2006,
4950,840-17-2,1998,20.0
4950,840-17-2,2005,10.0
4950,840-17-2,2006,8.0
4950,840-17-2,2012,-30.0
4950,840-17-2,2013,-15.0
4950,840-17-2,2015,-18.0
4950,840-17-2,2016,4.0
4950,840-17-202,1998,0.0
4950,840-17-202,1999,1.0
4950,840-17-202,2002,
4950,840-17-202,2005,-1.0
4950,840-17-202,2018,1.0
4950,840-17-203,2005,
4950,840-17-203,2009,
4950,840-17-203,2013,
4950,840-17-204,1998,
4950,840-17-204,2003,-1.0
4950,840-17-204,2005,8.0
4950,840-17-204,2006,-8.0
4950,840-17-204,2012,18.0
4950,840-17-204,2013,2.0
4950,840-17-204,2016,-3.0
4950,840-17-204,2021,6.0
4950,840-17-205,2002,2.0
4950,840-17-205,2003,
4950,840-17-205,2006,-1.0
4950,840-17-205,2009,-2.0
4950,840-17-205,2016,1.0
4950,840-17-205,2021,
4950,840-17-206,1998,4.0
4950,840-17-206,2002,-5.0
4950,840-17-206,2003,1.0
4950,840-17-206,2004,-3.0
4950,840-17-206,2006,
4950,840-17-206,2012,-7.0
4950,840-17-206,2016,-5.0
4950,840-17-207,2003,4.0
4950,840-17-207,2004,1.0
4950,840-17-207,2006,-7.0
4950,840-17-207,2009,5.0
4950,840-17-207,2012,0.0
4950,840-17-207,2016,-9.0
4950,840-17-207,2022,-13.0
4950,840-17-208,1998,5.0
4950,840-17-208,1999,-6.0
4950,840-17-208,2002,1.0
4950,840-17-208,2009,-4.0
4950,840-17-208,2012,1.0
4950,840-17-208,2018,2.0
4950,840-17-208,2021,-3.0
4950,840-17-209,1998,1.0
4950,840-17-209,2005,-3.0
4950,840-17-209,2006,
4950,840-17-21,2006,
4950,840-17-21,2018,
4950,840-17-211,2002,-1.0
4950,840-17-211,2016,1.0
4950,840-17-213,1999,7.0
4950,840-17-213,2003,-12.0
4950,840-17-213,2004,
4950,840-17-213,2006,-23.0
4950,840-17-213,2012,3.0
4950,840-17-213,2016,14.0
4950,840-17-213,2018,3.0
4950,840-17-214,2002,-8.0
4950,840-17-214,2003,0.0
4950,840-17-214,2012,-3.0
4950,840-17-215,1999,
4950,840-17-215,2006,2.0
4950,840-17-215,2016,1.0
4950,840-17-215,2017,
4950,840-17-216,1998,-11.0
4950,840-17-216,2002,-4.0
4950,840-17-216,2005,9.0
4950,840-17-216,2006,
4950,840-17-216,2009,7.0
4950,840-17-216,2013,6.0
4950,840-17-216,2016,-3.0
4950,840-17-216,2018,0.0
4950,840-17-216,2021,2.0
4950,840-17-217,1998,-1.0
4950,840-17-217,1999,0.0
4950,840-17-217,2002,
4950,840-17-217,2009,0.0
4950,840-17-217,2012,0.0
4950,840-17-217,2018,4.0
4950,840-17-218,2002,-3.0
4950,840-17-218,2003,
4950,840-17-218,2006,0.0
4950,840-17-218,2012,
4950,840-17-221,2003,
4950,840-17-221,2006,1.0
4950,840-17-221,2010,
4950,840-17-221,2013,
4950,840-17-221,2016,
4950,840-17-222,1998,-4.0
4950,840-17-222,1999,1.0
4950,840-17-222,2002,-1.0
4950,840-17-222,2009,
4950,840-17-222,2012,
4950,840-17-222,2018,
4950,840-17-222,2021,0.0
4950,840-17-223,1998,0.0
4950,840-17-223,1999,-1.0
4950,840-17-223,2002,
4950,840-17-223,2016,
4950,840-17-223,2021,
4950,840-17-225,1998,-2.0
4950,840-17-225,1999,
4950,840-17-225,2006,
4950,840-17-225,2009,
4950,840-17-225,2018,1.0
4950,840-17-228,2004,0.0
4950,840-17-228,2006,
4950,840-17-228,2010,
4950,840-17-23,1998,5.0
4950,840-17-23,1999,-12.0
4950,840-17-23,2002,2.0
4950,840-17-23,2009,6.0
4950,840-17-23,2012,-5.0
4950,840-17-23,2013,14.0
4950,840-17-23,2016,2.0
4950,840-17-3,1998,-25.0
4950,840-17-3,2002,
4950,840-17-3,2005,-30.0
4950,840-17-3,2009,34.0
4950,840-17-3,2012,16.0
4950,840-17-3,2021,-2.0
4950,840-17-301,1998,-5.0
4950,840-17-301,2002,-2.0
4950,840-17-301,2005,-2.0
4950,840-17-301,2006,6.0
4950,840-17-301,2009,
4950,840-17-301,2013,-2.0
4950,840-17-301,2016,
4950,840-17-302,1998,-10.0
4950,840-17-302,1999,-3.0
4950,840-17-302,2002,21.0
4950,840-17-302,2005,-6.0
4950,840-17-302,2006,2.0
4950,840-17-302,2009,-16.0
4950,840-17-302,2012,6.0
4950,840-17-302,2013,1.0
4950,840-17-302,2021,-3.0
4950,840-17-303,1999,-2.0
4950,840-17-303,2002,
4950,840-17-303,2005,-15.0
4950,840-17-303,2011,-3.0
4950,840-17-303,2012,0.0
4950,840-17-303,2014,5.0
4950,840-17-303,2021,2.0
4950,840-17-304,1998,-12.0
4950,840-17-304,2016,
4950,840-17-304,2018,
4950,840-17-304,2021,
4950,840-17-305,1998,2.0
4950,840-17-305,2002,3.0
4950,840-17-305,2003,-3.0
4950,840-17-305,2004,-1.0
4950,840-17-305,2006,2.0
4950,840-17-305,2012,-12.0
4950,840-17-305,2016,-13.0
4950,840-17-305,2021,
4950,840-17-306,1998,-6.0
4950,840-17-306,2002,-16.0
4950,840-17-306,2003,
4950,840-17-306,2006,-18.0
4950,840-17-306,2009,2.0
4950,840-17-306,2012,-3.0
4950,840-17-306,2016,1.0
4950,840-17-307,1998,
4950,840-17-307,2002,
4950,840-17-307,2009,6.0
4950,840-17-307,2012,-11.0
4950,840-17-307,2016,12.0
4950,840-17-308,1998,-2.0
4950,840-17-308,2002,
4950,840-17-308,2005,-4.0
4950,840-17-308,2016,
4950,840-17-309,1998,-13.0
4950,840-17-309,2002,-8.0
4950,840-17-309,2005,-18.0
4950,840-17-309,2006,-5.0
4950,840-17-309,2009,-1.0
4950,840-17-309,2012,-7.0
4950,840-17-309,2013,5.0
4950,840-17-31,1998,-4.0
4950,840-17-31,2002,3.0
4950,840-17-31,2005,
4950,840-17-31,2009,2.0
4950,840-17-31,2012,-4.0
4950,840-17-31,2013,2.0
4950,840-17-31,2016,-1.0
4950,840-17-31,2021,-5.0
4950,840-17-312,1998,-1.0
4950,840-17-312,1999,2.0
4950,840-17-312,2004,3.0
4950,840-17-312,2006,2.0
4950,840-17-312,2009,0.0
4950,840-17-312,2013,
4950,840-17-312,2016,
4950,840-17-312,2018,
4950,840-17-313,2003,5.0
4950,840-17-313,2006,0.0
4950,840-17-313,2009,
4950,840-17-313,2012,
4950,840-17-313,2018,0.0
4950,840-17-314,2003,-9.0
4950,840-17-314,2004,-4.0
4950,840-17-314,2012,3.0
4950,840-17-314,2013,-5.0
4950,840-17-314,2018,-2.0
4950,840-17-315,1997,-1.0
4950,840-17-315,1998,4.0
4950,840-17-315,1999,-6.0
4950,840-17-315,2002,6.0
4950,840-17-315,2005,-2.0
4950,840-17-315,2012,-3.0
4950,840-17-315,2013,2.0
4950,840-17-315,2018,
4950,840-17-316,1998,
4950,840-17-316,2002,
4950,840-17-316,2021,-4.0
4950,840-17-317,1998,
4950,840-17-317,2006,
4950,840-17-318,1999,2.0
4950,840-17-318,2002,3.0
4950,840-17-318,2003,
4950,840-17-318,2009,2.0
4950,840-17-318,2012,3.0
4950,840-17-318,2018,3.0
4950,840-17-319,2018,-6.0
4950,840-17-32,1998,-4.0
4950,840-17-32,2002,-3.0
4950,840-17-32,2005,3.0
4950,840-17-32,2006,-6.0
4950,840-17-32,2009,1.0
4950,840-17-32,2012,
4950,840-17-32,2016,-10.0
4950,840-17-32,2021,-3.0
4950,840-17-322,1998,-21.0
4950,840-17-322,2002,2.0
4950,840-17-322,2005,
4950,840-17-322,2009,-2.0
4950,840-17-322,2012,-5.0
4950,840-17-322,2013,3.0
4950,840-17-322,2016,
4950,840-17-322,2021,-9.0
4950,840-17-326,2002,-7.0
4950,840-17-326,2003,
4950,840-17-326,2018,-5.0
4950,840-17-33,1998,-1.0
4950,840-17-33,2002,-6.0
4950,840-17-33,2005,7.0
4950,840-17-33,2008,
4950,840-17-33,2016,
4950,840-17-33,2021,-2.0
4950,840-17-34,2003,
4950,840-17-34,2012,-1.0
4950,840-17-34,2013,
4950,840-17-34,2016,
4950,840-17-35,1998,3.0
4950,840-17-35,2003,
4950,840-17-35,2006,2.0
4950,840-17-35,2009,-1.0
4950,840-17-35,2012,1.0
4950,840-17-35,2016,-4.0
4950,840-17-35,2018,4.0
4950,840-17-35,2021,-1.0
4950,840-17-351,1998,-9.0
4950,840-17-351,2005,
4950,840-17-351,2009,0.0
4950,840-17-351,2016,-4.0
4950,840-17-351,2017,1.0
4950,840-17-351,2018,-1.0
4950,840-17-351,2021,
4950,840-17-352,1998,4.0
4950,840-17-352,2009,6.0
4950,840-17-352,2013,-3.0
4950,840-17-352,2016,3.0
4950,840-17-352,2018,3.0
4950,840-17-352,2021,9.0
4950,840-17-359,1998,3.0
4950,840-17-359,2002,-13.0
4950,840-17-359,2005,6.0
4950,840-17-359,2009,
4950,840-17-359,2012,4.0
4950,840-17-359,2013,-4.0
4950,840-17-36,1998,9.0
4950,840-17-36,2002,-8.0
4950,840-17-36,2003,10.0
4950,840-17-36,2006,
4950,840-17-36,2009,-3.0
4950,840-17-36,2012,7.0
4950,840-17-36,2021,3.0
4950,840-17-36,2022,3.0
4950,840-17-362,1998,6.0
4950,840-17-362,1999,-9.0
4950,840-17-362,2002,1.0
4950,840-17-362,2003,1.0
4950,840-17-362,2004,3.0
4950,840-17-362,2006,4.0
4950,840-17-362,2012,-1.0
4950,840-17-362,2018,5.0
4950,840-17-365,1999,
4950,840-17-365,2002,-1.0
4950,840-17-365,2009,
4950,840-17-365,2012,-2.0
4950,840-17-365,2021,
4950,840-17-366,2012,-1.0
4950,840-17-366,2013,
4950,840-17-367,1998,3.0
4950,840-17-367,1999,-3.0
4950,840-17-367,2002,-5.0
4950,840-17-367,2005,-1.0
4950,840-17-367,2009,1.0
4950,840-17-367,2012,-1.0
4950,840-17-367,2013,1.0
4950,840-17-367,2018,
4950,840-17-368,1999,0.0
4950,840-17-368,2002,-1.0
4950,840-17-368,2003,
4950,840-17-368,2009,-1.0
4950,840-17-368,2012,10.0
4950,840-17-368,2018,
4950,840-17-37,2003,-14.0
4950,840-17-37,2006,1.0
4950,840-17-37,2009,1.0
4950,840-17-37,2012,-11.0
4950,840-17-37,2016,5.0
4950,840-17-372,1998,9.0
4950,840-17-372,1999,1.0
4950,840-17-372,2002,1.0
4950,840-17-372,2005,-3.0
4950,840-17-372,2009,5.0
4950,840-17-372,2012,-1.0
4950,840-17-372,2013,-1.0
4950,840-17-372,2016,-4.0
4950,840-17-372,2021,2.0
4950,840-17-373,2009,0.0
4950,840-17-373,2021,
4950,840-17-375,1998,-1.0
4950,840-17-375,1999,7.0
4950,840-17-375,2002,11.0
4950,840-17-375,2003,
4950,840-17-375,2012,5.0
4950,840-17-39,2003,
4950,840-17-4,1998,4.0
4950,840-17-4,1999,1.0
4950,840-17-4,2002,1.0
4950,840-17-4,2003,-3.0
4950,840-17-4,2004,2.0
4950,840-17-4,2006,8.0
4950,840-17-4,2016,
4950,840-17-4,2018,
4950,840-17-4,2021,
4950,840-17-40,1998,1.0
4950,840-17-40,2002,0.0
4950,840-17-40,2006,-1.0
4950,840-17-40,2009,3.0
4950,840-17-41,2009,-17.0
4950,840-17-41,2012,7.0
4950,840-17-41,2018,-3.0
4950,840-17-410,2003,2.0
4950,840-17-410,2009,1.0
4950,840-17-410,2012,
4950,840-17-410,2016,2.0
4950,840-17-410,2021,2.0
4950,840-17-412,2018,0.0
4950,840-17-419,1999,
4950,840-17-419,2002,
4950,840-17-419,2009,
4950,840-17-419,2013,-3.0
4950,840-17-419,2018,1.0
4950,840-17-42,2012,
4950,840-17-43,2003,
4950,840-17-43,2010,
4950,840-17-44,2004,1.0
4950,840-17-44,2006,-2.0
4950,840-17-44,2013,-4.0
4950,840-17-44,2016,-1.0
4950,840-17-44,2018,0.0
4950,840-17-45,1998,
4950,840-17-45,2017,
4950,840-17-46,1998,-9.0
4950,840-17-46,1999,10.0
4950,840-17-46,2002,-6.0
4950,840-17-46,2005,-1.0
4950,840-17-46,2009,9.0
4950,840-17-46,2012,2.0
4950,840-17-46,2013,-5.0
4950,840-17-46,2018,0.0
4950,840-17-46,2021,1.0
4950,840-17-47,1998,-3.0
4950,840-17-47,1999,-2.0
4950,840-17-47,2006,2.0
4950,840-17-47,2009,-10.0
4950,840-17-47,2012,
4950,840-17-47,2016,-8.0
4950,840-17-47,2018,0.0
4950,840-17-47,2021,-6.0
4950,840-17-48,1998,8.0
4950,840-17-48,2006,
4950,840-17-48,2009,
4950,840-17-48,2016,-14.0
4950,840-17-48,2018,7.0
4950,840-17-48,2021,-4.0
4950,840-17-49,1999,-2.0
4950,840-17-49,2006,
4950,840-17-49,2009,
4950,840-17-5,1997,
4950,840-17-5,2012,0.0
4950,840-17-50,1999,
4950,840-17-50,2002,
4950,840-17-50,2004,0.0
4950,840-17-50,2007,2.0
4950,840-17-50,2009,-2.0
4950,840-17-50,2018,
4950,840-17-51,1998,
4950,840-17-51,2004,
4950,840-17-51,2007,4.0
4950,840-17-51,2012,-3.0
4950,840-17-51,2018,4.0
4950,840-17-52,1998,7.0
4950,840-17-52,1999,-4.0
4950,840-17-52,2002,-2.0
4950,840-17-52,2005,-1.0
4950,840-17-52,2006,2.0
4950,840-17-52,2009,-2.0
4950,840-17-52,2012,
4950,840-17-52,2021,
4950,840-17-55,1997,
4950,840-17-55,2002,-11.0
4950,840-17-55,2003,0.0
4950,840-17-55,2005,3.0
4950,840-17-55,2006,0.0
4950,840-17-55,2009,1.0
4950,840-17-55,2012,2.0
4950,840-17-55,2016,-4.0
4950,840-17-55,2018,-9.0
4950,840-17-56,1999,
4950,840-17-56,2018,0.0
4950,840-17-57,2002,-2.0
4950,840-17-57,2003,6.0
4950,840-17-57,2012,
4950,840-17-57,2018,-2.0
4950,840-17-58,2007,
4950,840-17-58,2013,
4950,840-17-58,2018,
4950,840-17-6,2002,16.0
4950,840-17-6,2003,
4950,840-17-6,2009,1.0
4950,840-17-6,2012,3.0
4950,840-17-6,2016,0.0
4950,840-17-8,1998,3.0
4950,840-17-8,1999,0.0
4950,840-17-8,2002,3.0
4950,840-17-8,2016,1.0
4950,840-17-8,2018,2.0
4950,840-17-9,1998,3.0
4950,840-17-9,1999,-1.0
4950,840-17-9,2002,-12.0
4950,840-17-9,2005,7.0
4950,840-17-9,2006,-2.0
4950,840-17-9,2009,4.0
4950,840-17-9,2012,-14.0
4950,840-17-9,2013,3.0
4950,840-17-9,2021,9.0
4950,840-18-1,1998,4.0
4950,840-18-1,1999,3.0
4950,840-18-1,2001,45.0
4950,840-18-1,2009,0.0
4950,840-18-1,2010,
4950,840-18-1,2021,20.0
4950,840-18-102,1998,3.0
4950,840-18-102,1999,5.0
4950,840-18-102,2003,-1.0
4950,840-18-102,2005,6.0
4950,840-18-102,2008,-3.0
4950,840-18-102,2009,5.0
4950,840-18-102,2010,-2.0
4950,840-18-102,2021,0.0
4950,840-18-11,2005,4.0
4950,840-18-11,2008,-6.0
4950,840-18-11,2009,-3.0
4950,840-18-11,2010,5.0
4950,840-18-14,2005,1.0
4950,840-18-14,2008,-1.0
4950,840-18-14,2009,-2.0
4950,840-18-14,2010,0.0
4950,840-18-14,2021,
4950,840-18-15,1998,-2.0
4950,840-18-15,1999,
4950,840-18-15,2005,-1.0
4950,840-18-15,2009,1.0
4950,840-18-15,2010,-1.0
4950,840-18-15,2021,-1.0
4950,840-18-3,1998,-2.0
4950,840-18-3,1999,1.0
4950,840-18-3,2001,6.0
4950,840-18-3,2003,1.0
4950,840-18-3,2008,0.0
4950,840-18-3,2009,2.0
4950,840-18-3,2010,-3.0
4950,840-18-3,2021,-1.0
4950,840-18-4,1998,0.0
4950,840-18-4,1999,5.0
4950,840-18-4,2003,
4950,840-18-4,2008,
4950,840-18-4,2010,4.0
4950,840-18-4,2021,
4950,840-18-7,1998,1.0
4950,840-18-7,1999,-1.0
4950,840-18-7,2001,-2.0
4950,840-18-7,2003,
4950,840-18-7,2005,-4.0
4950,840-18-8,1998,22.0
4950,840-18-8,1999,-15.0
4950,840-18-8,2001,3.0
4950,840-18-8,2003,-12.0
4950,840-18-8,2005,19.0
4950,840-18-8,2008,
4950,840-18-8,2021,0.0
4950,840-18-9,1998,-2.0
4950,840-18-9,1999,-5.0
4950,840-18-9,2003,-6.0
4950,840-18-9,2005,2.0
4950,840-18-9,2008,
4950,840-18-9,2010,-6.0
4950,840-2-1,1997,10.0
4950,840-2-1,2001,-1.0
4950,840-2-1,2003,0.0
4950,840-2-1,2007,16.0
4950,840-2-1,2010,1.0
4950,840-2-1,2011,-2.0
4950,840-2-1,2022,2.0
4950,840-2-10,1997,
4950,840-2-10,2001,-5.0
4950,840-2-10,2003,
4950,840-2-10,2007,0.0
4950,840-2-10,2011,-3.0
4950,840-2-10,2017,-5.0
4950,840-2-10,2022,-5.0
4950,840-2-102,1997,18.0
4950,840-2-102,1998,-12.0
4950,840-2-102,2001,4.0
4950,840-2-102,2003,2.0
4950,840-2-102,2011,1.0
4950,840-2-102,2016,
4950,840-2-102,2022,-2.0
4950,840-2-105,1997,0.0
4950,840-2-105,2001,15.0
4950,840-2-105,2003,-3.0
4950,840-2-105,2007,3.0
4950,840-2-105,2010,3.0
4950,840-2-105,2011,-3.0
4950,840-2-105,2016,5.0
4950,840-2-105,2017,22.0
4950,840-2-105,2022,-4.0
4950,840-2-109,2001,-9.0
4950,840-2-109,2003,10.0
4950,840-2-109,2007,0.0
4950,840-2-109,2010,-2.0
4950,840-2-109,2011,7.0
4950,840-2-109,2016,-9.0
4950,840-2-109,2017,11.0
4950,840-2-109,2022,-3.0
4950,840-2-111,2001,0.0
4950,840-2-111,2003,-5.0
4950,840-2-111,2007,-11.0
4950,840-2-111,2011,6.0
4950,840-2-111,2017,-1.0
4950,840-2-111,2022,0.0
4950,840-2-12,2011,-1.0
4950,840-2-12,2017,-2.0
4950,840-2-12,2022,0.0
4950,840-2-13,1997,-2.0
4950,840-2-13,1998,-6.0
4950,840-2-13,2001,5.0
4950,840-2-13,2003,
4950,840-2-13,2016,10.0
4950,840-2-13,2022,2.0
4950,840-2-14,1997,3.0
4950,840-2-14,1998,1.0
4950,840-2-14,2001,-2.0
4950,840-2-14,2003,15.0
4950,840-2-14,2010,-25.0
4950,840-2-14,2011,-2.0
4950,840-2-14,2017,1.0
4950,840-2-140,2000,
4950,840-2-140,2007,0.0
4950,840-2-140,2011,
4950,840-2-141,2006,1.0
4950,840-2-141,2011,-22.0
4950,840-2-141,2012,
4950,840-2-141,2017,
4950,840-2-142,1997,-6.0
4950,840-2-142,1998,-1.0
4950,840-2-142,2001,-7.0
4950,840-2-142,2006,-4.0
4950,840-2-142,2011,
4950,840-2-142,2021,50.0
4950,840-2-142,2022,
4950,840-2-15,1997,-1.0
4950,840-2-15,1998,-4.0
4950,840-2-15,2000,4.0
4950,840-2-15,2001,0.0
4950,840-2-15,2003,
4950,840-2-15,2012,
4950,840-2-156,2001,-4.0
4950,840-2-156,2003,5.0
4950,840-2-156,2007,3.0
4950,840-2-156,2010,6.0
4950,840-2-156,2011,-12.0
4950,840-2-156,2017,-1.0
4950,840-2-156,2022,3.0
4950,840-2-16,2001,
4950,840-2-16,2003,
4950,840-2-16,2010,
4950,840-2-16,2018,3.0
4950,840-2-162,2001,2.0
4950,840-2-162,2003,-2.0
4950,840-2-162,2007,5.0
4950,840-2-162,2011,-4.0
4950,840-2-162,2016,
4950,840-2-162,2022,
4950,840-2-164,2001,-3.0
4950,840-2-164,2003,3.0
4950,840-2-164,2007,0.0
4950,840-2-164,2011,1.0
4950,840-2-164,2022,5.0
4950,840-2-17,1997,-6.0
4950,840-2-17,2001,11.0
4950,840-2-17,2003,2.0
4950,840-2-17,2007,-8.0
4950,840-2-17,2010,
4950,840-2-17,2017,4.0
4950,840-2-19,1997,-2.0
4950,840-2-19,1998,0.0
4950,840-2-19,2001,8.0
4950,840-2-19,2003,1.0
4950,840-2-19,2007,-1.0
4950,840-2-19,2010,-16.0
4950,840-2-19,2011,
4950,840-2-19,2017,1.0
4950,840-2-19,2022,
4950,840-2-20,1997,-3.0
4950,840-2-20,1998,7.0
4950,840-2-20,2001,-3.0
4950,840-2-20,2003,-1.0
4950,840-2-20,2007,
4950,840-2-20,2010,
4950,840-2-20,2017,0.0
4950,840-2-20,2022,0.0
4950,840-2-201,1997,0.0
4950,840-2-201,1998,6.0
4950,840-2-201,2001,4.0
4950,840-2-201,2003,-3.0
4950,840-2-201,2007,2.0
4950,840-2-201,2018,9.0
4950,840-2-201,2022,8.0
4950,840-2-204,2003,1.0
4950,840-2-204,2007,2.0
4950,840-2-204,2010,-2.0
4950,840-2-204,2016,11.0
4950,840-2-204,2017,-6.0
4950,840-2-205,1998,0.0
4950,840-2-205,2001,7.0
4950,840-2-205,2003,1.0
4950,840-2-205,2007,0.0
4950,840-2-205,2010,
4950,840-2-205,2017,10.0
4950,840-2-205,2022,
4950,840-2-207,1997,-3.0
4950,840-2-207,2001,1.0
4950,840-2-207,2003,2.0
4950,840-2-207,2007,9.0
4950,840-2-207,2010,3.0
4950,840-2-207,2011,-5.0
4950,840-2-208,2007,
4950,840-2-208,2011,
4950,840-2-208,2017,
4950,840-2-209,2001,
4950,840-2-209,2011,2.0
4950,840-2-209,2017,
4950,840-2-209,2022,-5.0
4950,840-2-21,1997,-4.0
4950,840-2-21,1998,-3.0
4950,840-2-21,2001,
4950,840-2-21,2003,3.0
4950,840-2-21,2006,1.0
4950,840-2-21,2007,-1.0
4950,840-2-21,2010,
4950,840-2-21,2017,-1.0
4950,840-2-21,2022,-1.0
4950,840-2-210,1997,-4.0
4950,840-2-210,1998,
4950,840-2-210,2003,-7.0
4950,840-2-210,2010,-4.0
4950,840-2-210,2011,-1.0
4950,840-2-210,2017,-4.0
4950,840-2-210,2022,
4950,840-2-211,1997,-2.0
4950,840-2-211,1998,12.0
4950,840-2-211,2001,13.0
4950,840-2-211,2003,7.0
4950,840-2-211,2007,4.0
4950,840-2-211,2010,-1.0
4950,840-2-211,2011,0.0
4950,840-2-212,1998,-5.0
4950,840-2-212,2001,1.0
4950,840-2-212,2003,7.0
4950,840-2-212,2011,8.0
4950,840-2-214,1997,2.0
4950,840-2-214,1998,-6.0
4950,840-2-214,2001,-3.0
4950,840-2-214,2011,
4950,840-2-214,2017,0.0
4950,840-2-215,1997,-1.0
4950,840-2-215,1998,-17.0
4950,840-2-215,2003,-13.0
4950,840-2-215,2010,
4950,840-2-215,2022,14.0
4950,840-2-216,1998,-2.0
4950,840-2-216,2005,
4950,840-2-216,2011,
4950,840-2-216,2017,-4.0
4950,840-2-216,2022,-2.0
4950,840-2-218,1997,0.0
4950,840-2-218,1998,1.0
4950,840-2-218,2001,-2.0
4950,840-2-218,2011,
4950,840-2-218,2021,-2.0
4950,840-2-218,2022,1.0
4950,840-2-22,1997,1.0
4950,840-2-22,1998,-9.0
4950,840-2-22,2001,-1.0
4950,840-2-22,2003,-7.0
4950,840-2-22,2007,1.0
4950,840-2-22,2009,
4950,840-2-22,2011,1.0
4950,840-2-22,2017,-1.0
4950,840-2-23,1997,3.0
4950,840-2-23,1998,-1.0
4950,840-2-23,2001,3.0
4950,840-2-23,2003,-2.0
4950,840-2-23,2011,-4.0
4950,840-2-23,2022,0.0
4950,840-2-24,1998,3.0
4950,840-2-24,1999,-5.0
4950,840-2-24,2001,-3.0
4950,840-2-24,2003,3.0
4950,840-2-24,2007,20.0
4950,840-2-24,2010,-1.0
4950,840-2-24,2011,-10.0
4950,840-2-24,2017,6.0
4950,840-2-24,2022,-10.0
4950,840-2-25,1997,-2.0
4950,840-2-25,1998,
4950,840-2-25,2001,0.0
4950,840-2-25,2003,-3.0
4950,840-2-25,2007,0.0
4950,840-2-25,2010,-11.0
4950,840-2-25,2011,0.0
4950,840-2-25,2017,
4950,840-2-25,2022,
4950,840-2-26,1997,14.0
4950,840-2-26,1998,15.0
4950,840-2-26,2000,12.0
4950,840-2-26,2001,-4.0
4950,840-2-26,2003,-5.0
4950,840-2-26,2017,
4950,840-2-27,1997,6.0
4950,840-2-27,1998,29.0
4950,840-2-27,2001,-6.0
4950,840-2-27,2003,8.0
4950,840-2-27,2007,-8.0
4950,840-2-27,2011,
4950,840-2-27,2017,-2.0
4950,840-2-27,2022,-4.0
4950,840-2-28,1999,2.0
4950,840-2-28,2003,
4950,840-2-28,2011,
4950,840-2-28,2022,-2.0
4950,840-2-29,1997,2.0
4950,840-2-29,1998,2.0
4950,840-2-29,2001,-7.0
4950,840-2-29,2003,-5.0
4950,840-2-29,2011,-4.0
4950,840-2-29,2017,5.0
4950,840-2-29,2022,2.0
4950,840-2-31,2000,5.0
4950,840-2-31,2001,24.0
4950,840-2-31,2003,-89.0
4950,840-2-31,2005,0.0
4950,840-2-31,2006,7.0
4950,840-2-31,2007,-10.0
4950,840-2-31,2017,6.0
4950,840-2-31,2022,2.0
4950,840-2-33,1997,-15.0
4950,840-2-33,1998,7.0
4950,840-2-33,2001,6.0
4950,840-2-33,2011,3.0
4950,840-2-33,2022,4.0
4950,840-2-34,1997,0.0
4950,840-2-34,1998,-7.0
4950,840-2-34,2001,1.0
4950,840-2-34,2010,
4950,840-2-35,1997,0.0
4950,840-2-35,1998,
4950,840-2-35,2011,
4950,840-2-35,2022,1.0
4950,840-2-36,1997,0.0
4950,840-2-36,1998,
4950,840-2-36,2001,2.0
4950,840-2-36,2011,-2.0
4950,840-2-38,1997,-6.0
4950,840-2-38,1998,1.0
4950,840-2-38,2001,-1.0
4950,840-2-38,2011,-6.0
4950,840-2-38,2017,1.0
4950,840-2-4,1998,2.0
4950,840-2-4,2003,
4950,840-2-4,2010,5.0
4950,840-2-4,2011,
4950,840-2-43,1997,-1.0
4950,840-2-43,1998,
4950,840-2-43,2003,-1.0
4950,840-2-43,2011,
4950,840-2-45,1997,-10.0
4950,840-2-45,1998,7.0
4950,840-2-45,2001,3.0
4950,840-2-45,2003,4.0
4950,840-2-45,2007,-2.0
4950,840-2-45,2010,-1.0
4950,840-2-45,2011,-4.0
4950,840-2-47,1997,5.0
4950,840-2-47,1998,-3.0
4950,840-2-47,2001,-7.0
4950,840-2-47,2003,-5.0
4950,840-2-47,2007,5.0
4950,840-2-47,2010,2.0
4950,840-2-47,2011,-6.0
4950,840-2-47,2017,6.0
4950,840-2-47,2022,3.0
4950,840-2-48,1997,1.0
4950,840-2-48,1998,1.0
4950,840-2-48,2001,-5.0
4950,840-2-48,2003,-2.0
4950,840-2-48,2007,-7.0
4950,840-2-48,2011,
4950,840-2-48,2017,
4950,840-2-49,1997,2.0
4950,840-2-49,1998,0.0
4950,840-2-49,2001,0.0
4950,840-2-49,2003,
4950,840-2-49,2007,
4950,840-2-49,2010,
4950,840-2-50,1997,2.0
4950,840-2-50,1998,21.0
4950,840-2-50,2001,2.0
4950,840-2-50,2003,3.0
4950,840-2-50,2007,-2.0
4950,840-2-50,2010,4.0
4950,840-2-50,2011,-11.0
4950,840-2-50,2017,2.0
4950,840-2-50,2022,-4.0
4950,840-2-52,1997,
4950,840-2-52,2001,0.0
4950,840-2-52,2006,2.0
4950,840-2-52,2011,3.0
4950,840-2-52,2017,0.0
4950,840-2-53,1997,3.0
4950,840-2-53,1998,-2.0
4950,840-2-53,2001,-8.0
4950,840-2-53,2011,5.0
4950,840-2-53,2017,-3.0
4950,840-2-54,1997,2.0
4950,840-2-54,1998,
4950,840-2-54,2001,1.0
4950,840-2-54,2010,
4950,840-2-54,2022,
4950,840-2-55,2001,15.0
4950,840-2-55,2003,4.0
4950,840-2-55,2011,
4950,840-2-55,2017,-2.0
4950,840-2-55,2022,-7.0
4950,840-2-57,1997,0.0
4950,840-2-57,1998,5.0
4950,840-2-57,2001,-1.0
4950,840-2-57,2003,-2.0
4950,840-2-57,2007,-6.0
4950,840-2-57,2010,8.0
4950,840-2-57,2011,-4.0
4950,840-2-57,2022,-2.0
4950,840-2-58,1997,0.0
4950,840-2-58,2001,-6.0
4950,840-2-58,2003,0.0
4950,840-2-58,2007,
4950,840-2-58,2011,1.0
4950,840-2-58,2016,-3.0
4950,840-2-58,2022,9.0
4950,840-2-59,1997,-1.0
4950,840-2-59,1998,6.0
4950,840-2-59,2001,0.0
4950,840-2-59,2003,1.0
4950,840-2-59,2007,-3.0
4950,840-2-59,2010,1.0
4950,840-2-59,2011,
4950,840-2-59,2022,3.0
4950,840-2-60,1997,-2.0
4950,840-2-60,1998,3.0
4950,840-2-60,2001,13.0
4950,840-2-60,2003,6.0
4950,840-2-60,2007,3.0
4950,840-2-60,2010,-4.0
4950,840-2-60,2011,-1.0
4950,840-2-60,2017,3.0
4950,840-2-61,1997,-24.0
4950,840-2-61,2001,8.0
4950,840-2-61,2003,5.0
4950,840-2-61,2007,-3.0
4950,840-2-61,2010,
4950,840-2-61,2017,1.0
4950,840-2-61,2022,-4.0
4950,840-2-63,1997,
4950,840-2-63,2001,10.0
4950,840-2-63,2003,0.0
4950,840-2-63,2007,0.0
4950,840-2-63,2009,11.0
4950,840-2-63,2010,-2.0
4950,840-2-63,2011,-3.0
4950,840-2-63,2017,3.0
4950,840-2-63,2022,13.0
4950,840-2-65,1997,-12.0
4950,840-2-65,1998,6.0
4950,840-2-65,2001,3.0
4950,840-2-65,2003,-7.0
4950,840-2-65,2007,-17.0
4950,840-2-65,2010,6.0
4950,840-2-65,2011,-9.0
4950,840-2-65,2022,13.0
4950,840-2-66,1997,0.0
4950,840-2-66,1998,2.0
4950,840-2-66,2001,1.0
4950,840-2-66,2006,2.0
4950,840-2-66,2011,-4.0
4950,840-2-66,2017,2.0
4950,840-2-67,1997,
4950,840-2-67,2011,1.0
4950,840-2-67,2022,1.0
4950,840-2-68,1997,1.0
4950,840-2-68,1998,34.0
4950,840-2-68,2001,8.0
4950,840-2-68,2006,-13.0
4950,840-2-68,2011,
4950,840-2-7,1997,-6.0
4950,840-2-7,2001,1.0
4950,840-2-7,2003,-2.0
4950,840-2-7,2007,3.0
4950,840-2-7,2010,6.0
4950,840-2-7,2016,-5.0
4950,840-2-70,1997,
4950,840-2-70,2011,3.0
4950,840-2-70,2017,-2.0
4950,840-2-71,2001,5.0
4950,840-2-71,2007,-1.0
4950,840-2-71,2010,
4950,840-2-71,2022,7.0
4950,840-2-72,1997,-20.0
4950,840-2-72,2001,-5.0
4950,840-2-72,2003,-11.0
4950,840-2-72,2007,-6.0
4950,840-2-72,2010,-11.0
4950,840-2-72,2016,1.0
4950,840-2-73,1997,
4950,840-2-73,2007,6.0
4950,840-2-73,2010,-2.0
4950,840-2-73,2016,2.0
4950,840-2-73,2017,0.0
4950,840-2-8,1997,
4950,840-2-8,2001,
4950,840-2-8,2003,-2.0
4950,840-2-8,2007,1.0
4950,840-2-8,2008,0.0
4950,840-2-8,2016,1.0
4950,840-2-8,2018,0.0
4950,840-21-1,1997,1.0
4950,840-21-1,1998,6.0
4950,840-21-1,2003,0.0
4950,840-21-1,2008,2.0
4950,840-21-1,2009,2.0
4950,840-21-1,2010,-4.0
4950,840-21-1,2011,12.0
4950,840-21-10,1998,4.0
4950,840-21-10,1999,3.0
4950,840-21-10,2008,12.0
4950,840-21-10,2009,-12.0
4950,840-21-10,2010,-2.0
4950,840-21-10,2011,0.0
4950,840-21-105,1997,-8.0
4950,840-21-105,1998,3.0
4950,840-21-105,2003,-6.0
4950,840-21-105,2008,-7.0
4950,840-21-105,2009,-12.0
4950,840-21-105,2010,
4950,840-21-109,1997,4.0
4950,840-21-109,1998,3.0
4950,840-21-109,2003,-2.0
4950,840-21-109,2009,-3.0
4950,840-21-109,2010,4.0
4950,840-21-109,2011,-2.0
4950,840-21-2,1998,0.0
4950,840-21-2,2003,4.0
4950,840-21-2,2008,0.0
4950,840-21-2,2009,-4.0
4950,840-21-2,2010,-2.0
4950,840-21-3,1997,9.0
4950,840-21-3,1998,-10.0
4950,840-21-3,2003,2.0
4950,840-21-3,2008,8.0
4950,840-21-3,2009,-14.0
4950,840-21-3,2010,8.0
4950,840-21-3,2011,0.0
4950,840-21-4,1997,-4.0
4950,840-21-4,1998,4.0
4950,840-21-4,2003,0.0
4950,840-21-4,2010,-2.0
4950,840-21-4,2011,12.0
4950,840-25-1,1997,12.0
4950,840-25-1,1998,-27.0
4950,840-25-1,2001,40.0
4950,840-25-1,2011,
4950,840-25-10,1997,-9.0
4950,840-25-10,1998,2.0
4950,840-25-10,2010,1.0
4950,840-25-10,2011,-1.0
4950,840-25-10,2012,-1.0
4950,840-25-108,1997,-1.0
4950,840-25-108,1998,1.0
4950,840-25-108,2011,
4950,840-25-11,1998,
4950,840-25-11,2002,
4950,840-25-11,2010,1.0
4950,840-25-11,2011,0.0
4950,840-25-11,2012,3.0
4950,840-25-11,2022,
4950,840-25-113,1998,1.0
4950,840-25-113,2010,0.0
4950,840-25-113,2011,-2.0
4950,840-25-113,2012,2.0
4950,840-25-116,2000,
4950,840-25-12,1997,-4.0
4950,840-25-12,1998,
4950,840-25-12,2001,8.0
4950,840-25-12,2003,-4.0
4950,840-25-12,2005,-10.0
4950,840-25-12,2010,5.0
4950,840-25-12,2011,
4950,840-25-12,2017,-2.0
4950,840-25-12,2022,1.0
4950,840-25-129,1998,0.0
4950,840-25-14,1998,-2.0
4950,840-25-14,2003,1.0
4950,840-25-14,2010,5.0
4950,840-25-14,2011,-4.0
4950,840-25-14,2012,2.0
4950,840-25-14,2015,4.0
4950,840-25-15,1997,-9.0
4950,840-25-15,1998,1.0
4950,840-25-15,2011,-2.0
4950,840-25-15,2012,5.0
4950,840-25-15,2017,-1.0
4950,840-25-165,2003,-1.0
4950,840-25-165,2004,5.0
4950,840-25-165,2011,5.0
4950,840-25-165,2012,-3.0
4950,840-25-165,2015,
4950,840-25-172,2011,
4950,840-25-178,2000,
4950,840-25-18,1999,-1.0
4950,840-25-18,2004,
4950,840-25-18,2012,
4950,840-25-18,2016,
4950,840-25-19,2010,
4950,840-25-19,2012,1.0
4950,840-25-19,2022,
4950,840-25-2,1997,
4950,840-25-2,2006,-3.0
4950,840-25-2,2011,
4950,840-25-20,2004,-1.0
4950,840-25-21,2010,1.0
4950,840-25-21,2011,0.0
4950,840-25-21,2012,0.0
4950,840-25-21,2022,
4950,840-25-22,2010,
4950,840-25-25,2004,
4950,840-25-25,2007,
4950,840-25-25,2010,
4950,840-25-25,2012,0.0
4950,840-25-26,1999,2.0
4950,840-25-26,2006,-3.0
4950,840-25-26,2010,
4950,840-25-27,2004,
4950,840-25-27,2018,
4950,840-25-3,1997,-1.0
4950,840-25-3,2011,
4950,840-25-37,1997,
4950,840-25-37,2010,1.0
4950,840-25-37,2011,
4950,840-25-4,1997,-14.0
4950,840-25-4,1998,3.0
4950,840-25-4,2011,
4950,840-25-4,2017,
4950,840-25-4,2022,8.0
4880,124-11-167,2001,1.0
4880,124-11-167,2004,-6.0
4880,124-11-167,2008,-9.0
4880,124-11-167,2012,
4880,124-11-17,1999,0.0
4880,124-11-17,2000,
4880,124-11-17,2014,3.0
4880,124-11-17,2015,
4880,124-11-17,2021,-16.0
4880,124-11-19,1999,-7.0
4880,124-11-19,2001,-24.0
4880,124-11-19,2002,
4880,124-11-19,2006,
4880,124-11-19,2011,
4880,124-11-19,2015,-4.0
4880,124-11-208,1999,5.0
4880,124-11-208,2001,-5.0
4880,124-11-208,2004,12.0
4880,124-11-208,2010,1.0
4880,124-11-208,2011,34.0
4880,124-11-208,2012,-33.0
4880,124-11-208,2015,1.0
4880,124-11-208,2021,-7.0
4880,124-11-220,1999,16.0
4880,124-11-220,2001,3.0
4880,124-11-220,2004,
4880,124-11-220,2010,-6.0
4880,124-11-220,2011,
4880,124-11-220,2021,9.0
4880,124-11-222,1999,-11.0
4880,124-11-222,2001,-5.0
4880,124-11-222,2004,3.0
4880,124-11-222,2006,17.0
4880,124-11-222,2010,17.0
4880,124-11-222,2012,8.0
4880,124-11-222,2015,-2.0
4880,124-11-223,1998,-1.0
4880,124-11-223,1999,8.0
4880,124-11-234,2001,27.0
4880,124-11-234,2002,
4880,124-11-234,2004,24.0
4880,124-11-234,2012,-18.0
4880,124-11-234,2015,
4880,124-11-234,2021,1.0
4880,124-11-244,1999,0.0
4880,124-11-244,2001,6.0
4880,124-11-244,2002,1.0
4880,124-11-244,2004,0.0
4880,124-11-244,2008,-2.0
4880,124-11-244,2012,-2.0
4880,124-11-244,2015,6.0
4880,124-11-244,2021,0.0
4880,124-11-255,1998,18.0
4880,124-11-255,1999,13.0
4880,124-11-255,2001,-41.0
4880,124-11-255,2004,9.0
4880,124-11-255,2006,33.0
4880,124-11-255,2008,3.0
4880,124-11-255,2012,16.0
4880,124-11-255,2021,3.0
4880,124-11-265,1999,
4880,124-11-265,2004,2.0
4880,124-11-265,2008,17.0
4880,124-11-265,2012,-6.0
4880,124-11-265,2021,-2.0
4880,124-11-270,1998,
4880,124-11-270,2001,10.0
4880,124-11-270,2004,3.0
4880,124-11-270,2008,23.0
4880,124-11-270,2010,-4.0
4880,124-11-270,2012,-12.0
4880,124-11-270,2021,13.0
4880,124-11-29,1999,-7.0
4880,124-11-29,2001,16.0
4880,124-11-29,2006,-1.0
4880,124-11-29,2012,-2.0
4880,124-11-29,2015,-1.0
4880,124-11-33,1999,27.0
4880,124-11-33,2001,-19.0
4880,124-11-33,2002,-6.0
4880,124-11-33,2003,20.0
4880,124-11-33,2004,-10.0
4880,124-11-33,2006,-25.0
4880,124-11-33,2012,-15.0
4880,124-11-407,1999,
4880,124-11-407,2001,-20.0
4880,124-11-407,2004,4.0
4880,124-11-407,2010,-9.0
4880,124-11-407,2011,7.0
4880,124-11-407,2012,4.0
4880,124-11-407,2015,3.0
4880,124-11-408,2003,
4880,124-11-408,2012,
4880,124-11-408,2021,31.0
4880,124-11-409,2001,
4880,124-11-409,2004,3.0
4880,124-11-409,2012,
4880,124-11-409,2015,3.0
4880,124-11-419,2001,9.0
4880,124-11-419,2004,
4880,124-11-419,2010,6.0
4880,124-11-419,2012,-5.0
4880,124-11-419,2021,
4880,124-11-420,1999,-10.0
4880,124-11-420,2001,8.0
4880,124-11-420,2002,9.0
4880,124-11-420,2004,-24.0
4880,124-11-420,2006,-9.0
4880,124-11-420,2012,
4880,124-11-420,2015,-6.0
4880,124-11-45,1999,-2.0
4880,124-11-45,2001,-5.0
4880,124-11-45,2002,-12.0
4880,124-11-45,2003,-2.0
4880,124-11-45,2004,5.0
4880,124-11-45,2006,-31.0
4880,124-11-45,2012,-6.0
4880,124-11-45,2015,-4.0
4880,124-11-5,2005,-1.0
4880,124-11-5,2006,
4880,124-11-53,1999,
4880,124-11-53,2001,
4880,124-11-53,2004,-1.0
4880,124-11-53,2006,-6.0
4880,124-11-53,2015,
4880,124-11-55,1999,7.0
4880,124-11-55,2001,-8.0
4880,124-11-55,2021,
4880,124-11-57,2001,
4880,124-11-57,2004,5.0
4880,124-11-57,2008,7.0
4880,124-11-58,1999,2.0
4880,124-11-58,2001,16.0
4880,124-11-58,2002,-9.0
4880,124-11-58,2004,3.0
4880,124-11-58,2006,4.0
4880,124-11-6,2011,0.0
4880,124-11-6,2012,-1.0
4880,124-11-6,2015,6.0
4880,124-11-608,1999,34.0
4880,124-11-608,2001,-5.0
4880,124-11-608,2004,7.0
4880,124-11-608,2010,1.0
4880,124-11-608,2011,-7.0
4880,124-11-608,2012,7.0
4880,124-11-608,2021,
4880,124-11-609,1999,-13.0
4880,124-11-609,2002,2.0
4880,124-11-609,2003,-12.0
4880,124-11-609,2004,3.0
4880,124-11-609,2011,-17.0
4880,124-11-609,2012,
4880,124-11-69,1998,4.0
4880,124-11-69,1999,-6.0
4880,124-11-69,2001,1.0
4880,124-11-69,2004,
4880,124-11-69,2008,-5.0
4880,124-11-69,2012,
4880,124-11-709,1999,20.0
4880,124-11-709,2001,-4.0
4880,124-11-709,2002,-3.0
4880,124-11-709,2003,6.0
4880,124-11-709,2004,1.0
4880,124-11-709,2009,3.0
4880,124-11-709,2012,
4880,124-11-71,2004,
4880,124-11-71,2008,-14.0
4880,124-11-71,2012,-16.0
4880,124-11-71,2021,
4880,124-11-72,1999,
4880,124-11-72,2007,-7.0
4880,124-11-72,2008,5.0
4880,124-11-72,2012,0.0
4880,124-11-72,2015,
4880,124-11-74,1999,-15.0
4880,124-11-74,2001,0.0
4880,124-11-74,2004,0.0
4880,124-11-74,2006,15.0
4880,124-11-74,2011,0.0
4880,124-11-74,2021,1.0
4880,124-11-81,1998,13.0
4880,124-11-81,2001,-2.0
4880,124-11-81,2004,-6.0
4880,124-11-81,2008,2.0
4880,124-11-81,2012,6.0
4880,124-11-9,1998,-4.0
4880,124-11-9,1999,
4880,124-11-9,2009,
4880,124-4-10,2005,3.0
4880,124-4-10,2016,-11.0
4880,124-4-10,2021,0.0
4880,124-4-105,1999,0.0
4880,124-4-105,2006,-1.0
4880,124-4-105,2011,-1.0
4880,124-4-105,2016,2.0
4880,124-4-105,2017,-2.0
4880,124-4-105,2021,2.0
4880,124-4-106,2005,-3.0
4880,124-4-107,2005,2.0
4880,124-4-107,2011,1.0
4880,124-4-107,2014,
4880,124-4-107,2016,2.0
4880,124-4-107,2018,2.0
4880,124-4-109,2005,14.0
4880,124-4-109,2011,5.0
4880,124-4-109,2015,26.0
4880,124-4-109,2016,-5.0
4880,124-4-109,2021,-6.0
4880,124-4-113,1999,-19.0
4880,124-4-113,2002,22.0
4880,124-4-113,2005,
4880,124-4-113,2011,-17.0
4880,124-4-113,2016,-2.0
4880,124-4-113,2021,0.0
4880,124-4-114,1999,7.0
4880,124-4-114,2002,-11.0
4880,124-4-114,2005,-20.0
4880,124-4-114,2011,
4880,124-4-114,2015,
4880,124-4-114,2021,-4.0
4880,124-4-115,1999,24.0
4880,124-4-115,2002,14.0
4880,124-4-115,2005,-28.0
4880,124-4-115,2015,8.0
4880,124-4-115,2016,
4880,124-4-115,2021,
4880,124-4-116,2001,6.0
4880,124-4-116,2006,5.0
4880,124-4-116,2011,7.0
4880,124-4-116,2015,-2.0
4880,124-4-116,2016,
4880,124-4-121,2000,-7.0
4880,124-4-121,2002,-12.0
4880,124-4-121,2005,-22.0
4880,124-4-121,2006,
4880,124-4-125,2015,-3.0
4880,124-4-125,2021,-3.0
4880,124-4-127,2001,
4880,124-4-127,2015,-11.0
4880,124-4-127,2016,-10.0
4880,124-4-127,2018,
4880,124-4-128,2002,27.0
4880,124-4-128,2005,4.0
4880,124-4-128,2021,-41.0
4880,124-4-129,2000,-2.0
4880,124-4-129,2001,-11.0
4880,124-4-129,2002,11.0
4880,124-4-129,2005,-11.0
4880,124-4-129,2006,18.0
4880,124-4-13,1997,59.0
4880,124-4-13,1999,-1.0
4880,124-4-13,2000,
4880,124-4-13,2011,6.0
4880,124-4-13,2016,-22.0
4880,124-4-13,2018,-2.0
4880,124-4-136,2002,13.0
4880,124-4-136,2004,13.0
4880,124-4-136,2005,-9.0
4880,124-4-136,2021,-16.0
4880,124-4-138,2003,
4880,124-4-138,2005,9.0
4880,124-4-138,2015,1.0
4880,124-4-138,2021,5.0
4880,124-4-14,1997,-11.0
4880,124-4-14,2002,38.0
4880,124-4-14,2005,-9.0
4880,124-4-14,2006,-24.0
4880,124-4-14,2011,
4880,124-4-15,1999,-17.0
4880,124-4-15,2000,8.0
4880,124-4-15,2002,-8.0
4880,124-4-15,2015,-2.0
4880,124-4-15,2016,17.0
4880,124-4-15,2021,2.0
4880,124-4-18,1997,28.0
4880,124-4-18,2002,-13.0
4880,124-4-18,2004,-1.0
4880,124-4-18,2005,27.0
4880,124-4-18,2006,-33.0
4880,124-4-19,2002,-28.0
4880,124-4-19,2005,-22.0
4880,124-4-19,2015,
4880,124-4-19,2021,
4880,124-4-2,1998,-13.0
4880,124-4-2,2005,2.0
4880,124-4-2,2010,5.0
4880,124-4-2,2011,4.0
4880,124-4-2,2015,2.0
4880,124-4-2,2021,0.0
4880,124-4-20,1999,51.0
4880,124-4-20,2002,
4880,124-4-20,2005,9.0
4880,124-4-20,2014,-16.0
4880,124-4-20,2016,14.0
4880,124-4-20,2021,10.0
4880,124-4-201,2004,0.0
4880,124-4-201,2015,
4880,124-4-201,2021,-2.0
4880,124-4-204,2005,-3.0
4880,124-4-204,2011,-8.0
4880,124-4-204,2014,5.0
4880,124-4-204,2015,14.0
4880,124-4-204,2016,-16.0
4880,124-4-204,2021,
4880,124-4-210,2005,-31.0
4880,124-4-210,2015,-13.0
4880,124-4-210,2016,2.0
4880,124-4-210,2021,-2.0
4880,124-4-212,2002,13.0
4880,124-4-212,2005,2.0
4880,124-4-212,2015,-5.0
4880,124-4-212,2016,
4880,124-4-212,2018,-5.0
4880,124-4-213,2005,-3.0
4880,124-4-213,2006,-9.0
4880,124-4-213,2011,11.0
4880,124-4-213,2014,-7.0
4880,124-4-213,2015,15.0
4880,124-4-213,2016,5.0
4880,124-4-214,2005,-10.0
4880,124-4-214,2014,2.0
4880,124-4-214,2015,-6.0
4880,124-4-214,2016,0.0
4880,124-4-214,2021,-11.0
4880,124-4-215,1998,-27.0
4880,124-4-215,1999,26.0
4880,124-4-215,2006,35.0
4880,124-4-215,2015,-4.0
4880,124-4-215,2016,14.0
4880,124-4-22,2002,8.0
4880,124-4-22,2005,10.0
4880,124-4-22,2006,-35.0
4880,124-4-22,2015,2.0
4880,124-4-22,2016,9.0
4880,124-4-227,2002,12.0
4880,124-4-227,2015,-12.0
4880,124-4-227,2016,
4880,124-4-228,2000,13.0
4880,124-4-228,2001,-1.0
4880,124-4-228,2002,
4880,124-4-228,2005,19.0
4880,124-4-228,2015,7.0
4880,124-4-229,1999,-7.0
4880,124-4-229,2000,-5.0
4880,124-4-229,2002,48.0
4880,124-4-229,2005,-19.0
4880,124-4-229,2006,18.0
4880,124-4-229,2015,13.0
4880,124-4-229,2016,4.0
4880,124-4-229,2021,11.0
4880,124-4-24,2021,
4880,124-4-251,1999,
4880,124-4-251,2002,4.0
4880,124-4-251,2003,7.0
4880,124-4-251,2011,-1.0
4880,124-4-251,2021,11.0
4880,124-4-26,2004,2.0
4880,124-4-26,2005,-31.0
4880,124-4-26,2006,35.0
4880,124-4-26,2015,-12.0
4880,124-4-26,2016,-3.0
4880,124-4-27,2002,-13.0
4880,124-4-27,2004,4.0
4880,124-4-27,2005,0.0
4880,124-4-27,2006,-6.0
4880,124-4-28,2001,5.0
4880,124-4-28,2002,16.0
4880,124-4-28,2005,17.0
4880,124-4-28,2015,4.0
4880,124-4-28,2021,9.0
4880,124-4-29,1999,19.0
4880,124-4-29,2000,-7.0
4880,124-4-29,2002,-29.0
4880,124-4-29,2005,
4880,124-4-29,2015,-7.0
4880,124-4-29,2021,-12.0
4880,124-4-3,2014,-3.0
4880,124-4-3,2015,
4880,124-4-302,1998,-3.0
4880,124-4-302,2005,2.0
4880,124-4-302,2010,1.0
4880,124-4-302,2011,-1.0
4880,124-4-302,2014,0.0
4880,124-4-302,2015,1.0
4880,124-4-302,2021,-2.0
4880,124-4-304,2005,0.0
4880,124-4-304,2014,0.0
4880,124-4-304,2015,0.0
4880,124-4-304,2016,
4880,124-4-306,2011,12.0
4880,124-4-306,2014,-3.0
4880,124-4-306,2021,-1.0
4880,124-4-31,1999,-10.0
4880,124-4-31,2000,-7.0
4880,124-4-31,2002,12.0
4880,124-4-31,2015,-2.0
4880,124-4-31,2018,
4880,124-4-311,2002,-3.0
4880,124-4-311,2005,-5.0
4880,124-4-311,2006,12.0
4880,124-4-311,2016,
4880,124-4-312,2005,-7.0
4880,124-4-312,2011,-1.0
4880,124-4-312,2014,-3.0
4880,124-4-312,2016,-2.0
4880,124-4-312,2021,
4880,124-4-313,2005,
4880,124-4-313,2011,-3.0
4880,124-4-313,2015,-5.0
4880,124-4-313,2016,0.0
4880,124-4-313,2021,-2.0
4880,124-4-315,1999,5.0
4880,124-4-315,2002,-1.0
4880,124-4-315,2009,15.0
4880,124-4-315,2014,
4880,124-4-315,2017,-1.0
4880,124-4-315,2018,-2.0
4880,124-4-328,2001,18.0
4880,124-4-328,2002,-22.0
4880,124-4-328,2005,8.0
4880,124-4-328,2021,-9.0
4880,124-4-329,2005,-2.0
4880,124-4-329,2021,1.0
4880,124-4-33,1999,2.0
4880,124-4-33,2006,-2.0
4880,124-4-33,2015,
4880,124-4-33,2021,0.0
4880,124-4-330,1999,-8.0
4880,124-4-330,2000,7.0
4880,124-4-330,2002,-9.0
4880,124-4-330,2005,-8.0
4880,124-4-330,2015,-1.0
4880,124-4-330,2021,-20.0
4880,124-4-37,2000,
4880,124-4-37,2004,-36.0
4880,124-4-37,2005,30.0
4880,124-4-37,2006,-43.0
4880,124-4-37,2012,
4880,124-4-37,2015,-4.0
4880,124-4-37,2016,-6.0
4880,124-4-37,2021,
4880,124-4-4,2005,-7.0
4880,124-4-4,2011,-1.0
4880,124-4-4,2014,3.0
4880,124-4-4,2015,-3.0
4880,124-4-4,2016,-7.0
4880,124-4-4,2017,12.0
4880,124-4-40,1999,-35.0
4880,124-4-40,2000,-21.0
4880,124-4-40,2002,38.0
4880,124-4-40,2005,-28.0
4880,124-4-40,2006,18.0
4880,124-4-40,2011,-13.0
4880,124-4-40,2015,7.0
4880,124-4-404,2006,1.0
4880,124-4-404,2011,0.0
4880,124-4-404,2014,6.0
4880,124-4-404,2015,-3.0
4880,124-4-404,2016,-8.0
4880,124-4-42,1999,1.0
4880,124-4-42,2007,1.0
4880,124-4-42,2017,
4880,124-4-49,2000,
4880,124-4-49,2002,-32.0
4880,124-4-49,2003,2.0
4880,124-4-49,2005,-11.0
4880,124-4-49,2021,
4880,124-4-50,2009,0.0
4880,124-4-50,2021,0.0
4880,124-4-55,1999,-2.0
4880,124-4-55,2001,36.0
4880,124-4-55,2002,-42.0
4880,124-4-55,2006,
4880,124-4-55,2011,-8.0
4880,124-4-55,2021,
4880,124-4-6,2004,10.0
4880,124-4-6,2005,
4880,124-4-6,2011,
4880,124-4-6,2015,-6.0
4880,124-4-6,2016,4.0
4880,124-4-6,2018,0.0
4880,124-4-62,2001,
4880,124-4-62,2004,
4880,124-4-62,2009,
4880,124-4-62,2016,-1.0
4880,124-4-63,1999,20.0
4880,124-4-63,2000,-28.0
4880,124-4-63,2001,10.0
4880,124-4-63,2002,-1.0
4880,124-4-63,2003,-4.0
4880,124-4-63,2006,-1.0
4880,124-4-63,2009,7.0
4880,124-4-63,2011,14.0
4880,124-4-63,2015,9.0
4880,124-4-63,2016,2.0
4880,124-4-63,2021,9.0
4880,124-4-7,1997,12.0
4880,124-4-7,2005,14.0
4880,124-4-7,2006,-17.0
4880,124-4-7,2007,-2.0
4880,124-4-7,2011,
4880,124-4-9,2005,1.0
4880,124-4-9,2006,10.0
4880,124-4-9,2011,-4.0
4880,124-4-9,2014,5.0
4880,124-4-9,2015,8.0
4880,124-4-9,2016,9.0
4880,124-4-96,2016,0.0
4880,124-4-96,2017,
4880,124-45-1,1998,40.0
4880,124-45-1,2000,-21.0
4880,124-45-1,2009,-8.0
4880,124-45-1,2018,-65.0
4880,124-45-1,2021,-8.0
4880,124-45-102,1998,12.0
4880,124-45-102,2000,-3.0
4880,124-45-102,2004,-7.0
4880,124-45-102,2009,-10.0
4880,124-45-102,2018,5.0
4880,124-45-102,2021,19.0
4880,124-45-103,1997,-2.0
4880,124-45-103,1998,15.0
4880,124-45-103,2000,10.0
4880,124-45-103,2004,13.0
4880,124-45-103,2009,9.0
4880,124-45-103,2018,1.0
4880,124-45-105,1997,
4880,124-45-105,2000,30.0
4880,124-45-105,2004,
4880,124-45-105,2009,9.0
4880,124-45-105,2018,-4.0
4880,124-45-105,2021,-7.0
4880,124-45-107,1997,9.0
4880,124-45-107,1998,1.0
4880,124-45-107,2000,21.0
4880,124-45-107,2004,-13.0
4880,124-45-107,2009,-18.0
4880,124-45-107,2018,
4880,124-45-109,1998,
4880,124-45-109,2008,21.0
4880,124-45-109,2009,
4880,124-45-109,2018,
4880,124-45-11,1997,0.0
4880,124-45-11,1998,-1.0
4880,124-45-11,2000,12.0
4880,124-45-11,2018,3.0
4880,124-45-11,2021,-3.0
4880,124-45-111,1997,3.0
4880,124-45-111,1998,-3.0
4880,124-45-111,2000,-2.0
4880,124-45-111,2004,-1.0
4880,124-45-111,2021,1.0
4880,124-45-112,1998,
4880,124-45-112,2006,2.0
4880,124-45-112,2009,-5.0
4880,124-45-112,2021,
4880,124-45-113,1997,3.0
4880,124-45-113,2000,18.0
4880,124-45-113,2004,23.0
4880,124-45-113,2006,34.0
4880,124-45-113,2009,-11.0
4880,124-45-113,2021,5.0
4880,124-45-114,1997,12.0
4880,124-45-114,2000,16.0
4880,124-45-114,2002,83.0
4880,124-45-114,2009,-11.0
4880,124-45-114,2012,
4880,124-45-116,2000,-11.0
4880,124-45-116,2004,9.0
4880,124-45-116,2021,-14.0
4880,124-45-118,1998,
4880,124-45-118,2009,0.0
4880,124-45-118,2018,
4880,124-45-12,2000,6.0
4880,124-45-12,2006,-4.0
4880,124-45-12,2009,0.0
4880,124-45-12,2021,6.0
4880,124-45-120,2004,
4880,124-45-120,2009,4.0
4880,124-45-120,2021,
4880,124-45-121,1997,-18.0
4880,124-45-121,1998,29.0
4880,124-45-121,2000,9.0
4880,124-45-121,2004,-19.0
4880,124-45-121,2018,4.0
4880,124-45-121,2021,7.0
4880,124-45-13,1997,11.0
4880,124-45-13,1998,-37.0
4880,124-45-13,2000,-11.0
4880,124-45-13,2004,-40.0
4880,124-45-13,2009,5.0
4880,124-45-13,2018,-9.0
4880,124-45-13,2021,-32.0
4880,124-45-18,1997,-3.0
4880,124-45-18,1998,-6.0
4880,124-45-18,2000,2.0
4880,124-45-18,2002,13.0
4880,124-45-18,2004,-2.0
4880,124-45-18,2006,-6.0
4880,124-45-18,2015,0.0
4880,124-45-2,1997,1.0
4880,124-45-2,1998,13.0
4880,124-45-2,2000,-3.0
4880,124-45-2,2004,15.0
4880,124-45-2,2009,-7.0
4880,124-45-2,2018,-11.0
4880,124-45-201,2000,
4880,124-45-201,2009,5.0
4880,124-45-201,2021,3.0
4880,124-45-203,2004,-1.0
4880,124-45-203,2008,7.0
4880,124-45-203,2009,-7.0
4880,124-45-203,2018,2.0
4880,124-45-203,2021,-9.0
4880,124-45-205,1998,-5.0
4880,124-45-205,2000,-16.0
4880,124-45-205,2004,5.0
4880,124-45-205,2009,5.0
4880,124-45-205,2018,-5.0
4880,124-45-205,2021,5.0
4880,124-45-207,1997,10.0
4880,124-45-207,1998,-3.0
4880,124-45-207,2000,10.0
4880,124-45-207,2012,-17.0
4880,124-45-207,2018,
4880,124-45-209,1997,-9.0
4880,124-45-209,1998,15.0
4880,124-45-209,2000,-14.0
4880,124-45-209,2004,-2.0
4880,124-45-209,2018,-1.0
4880,124-45-209,2021,
4880,124-45-21,1997,12.0
4880,124-45-21,1998,-7.0
4880,124-45-21,2000,6.0
4880,124-45-21,2004,-6.0
4880,124-45-21,2018,-7.0
4880,124-45-21,2021,-24.0
4880,124-45-213,1997,
4880,124-45-213,2000,10.0
4880,124-45-213,2002,48.0
4880,124-45-213,2004,-29.0
4880,124-45-213,2006,15.0
4880,124-45-213,2009,-20.0
4880,124-45-216,2000,23.0
4880,124-45-216,2004,
4880,124-45-216,2018,
4880,124-45-216,2021,-6.0
4880,124-45-218,1997,8.0
4880,124-45-218,1998,-4.0
4880,124-45-218,2000,8.0
4880,124-45-218,2004,
4880,124-45-218,2018,-8.0
4880,124-45-218,2021,
4880,124-45-22,2000,-51.0
4880,124-45-22,2004,-22.0
4880,124-45-22,2021,-5.0
4880,124-45-220,1997,-11.0
4880,124-45-220,2000,-21.0
4880,124-45-220,2004,-28.0
4880,124-45-220,2018,
4880,124-45-220,2021,0.0
4880,124-45-26,2000,-7.0
4880,124-45-26,2014,-15.0
4880,124-45-26,2021,0.0
4880,124-45-3,2000,-4.0
4880,124-45-3,2002,22.0
4880,124-45-3,2004,
4880,124-45-3,2006,2.0
4880,124-45-3,2009,9.0
4880,124-45-3,2012,-3.0
4880,124-45-30,2000,21.0
4880,124-45-30,2021,1.0
4880,124-45-307,2008,-2.0
4880,124-45-307,2009,-26.0
4880,124-45-307,2014,-9.0
4880,124-45-307,2018,1.0
4880,124-45-307,2021,-3.0
4880,124-45-41,1997,29.0
4880,124-45-41,1998,-25.0
4880,124-45-41,2000,-12.0
4880,124-45-41,2009,5.0
4880,124-45-41,2018,9.0
4880,124-45-41,2021,
4880,124-45-42,2004,8.0
4880,124-45-42,2009,-14.0
4880,124-45-42,2018,8.0
4880,124-45-42,2021,-8.0
4880,124-45-42,2022,13.0
4880,124-45-43,1997,3.0
4880,124-45-43,2000,-6.0
4880,124-45-43,2009,2.0
4880,124-45-43,2018,-9.0
4880,124-45-43,2021,-10.0
4880,124-45-49,2004,3.0
4880,124-45-49,2021,23.0
4880,124-45-5,1997,-14.0
4880,124-45-5,1998,7.0
4880,124-45-5,2000,5.0
4880,124-45-5,2004,-34.0
4880,124-45-5,2009,6.0
4880,124-45-5,2018,15.0
4880,124-45-5,2021,19.0
4880,124-45-7,1997,-3.0
4880,124-45-7,1998,12.0
4880,124-45-7,2000,0.0
4880,124-45-7,2008,3.0
4880,124-45-7,2009,22.0
4880,124-45-7,2018,0.0
4880,124-45-7,2021,1.0
4880,124-45-9,1997,8.0
4880,124-45-9,1998,
4880,124-45-9,2000,
4880,124-45-9,2009,18.0
4880,124-45-9,2018,0.0
4880,124-45-9,2021,-5.0
4880,124-56-105,1999,
4880,124-56-105,2002,11.0
4880,124-56-105,2004,2.0
4880,124-56-105,2006,8.0
4880,124-56-105,2015,-60.0
4880,124-56-105,2021,
4880,124-56-13,2001,-3.0
4880,124-56-13,2004,-3.0
4880,124-56-13,2011,16.0
4880,124-56-13,2018,-11.0
4880,124-56-13,2021,11.0
4880,124-56-137,1999,
4880,124-56-137,2001,1.0
4880,124-56-137,2002,2.0
4880,124-56-137,2004,8.0
4880,124-56-137,2015,31.0
4880,124-56-137,2018,4.0
4880,124-56-137,2021,-26.0
4880,124-56-14,1999,-9.0
4880,124-56-14,2001,11.0
4880,124-56-14,2004,-18.0
4880,124-56-14,2018,
4880,124-56-15,1999,23.0
4880,124-56-15,2001,13.0
4880,124-56-15,2004,17.0
4880,124-56-15,2011,10.0
4880,124-56-15,2018,16.0
4880,124-56-15,2021,1.0
4880,124-56-21,1999,-2.0
4880,124-56-21,2001,1.0
4880,124-56-21,2002,3.0
4880,124-56-21,2004,
4880,124-56-21,2006,-7.0
4880,124-56-21,2015,-6.0
4880,124-56-21,2018,4.0
4880,124-56-21,2021,16.0
4880,124-56-22,1999,11.0
4880,124-56-22,2001,-1.0
4880,124-56-22,2002,9.0
4880,124-56-22,2004,5.0
4880,124-56-22,2018,-20.0
4880,124-56-25,2001,
4880,124-56-25,2015,1.0
4880,124-56-25,2018,
4880,124-56-25,2021,2.0
4880,124-56-26,1999,28.0
4880,124-56-26,2015,-7.0
4880,124-56-26,2021,4.0
4880,124-56-31,1999,-4.0
4880,124-56-31,2001,
4880,124-56-31,2004,
4880,124-56-31,2015,-10.0
4880,124-56-31,2016,-16.0
4880,124-56-31,2018,25.0
4880,124-56-31,2021,19.0
4880,124-56-33,1999,2.0
4880,124-56-33,2001,-4.0
4880,124-56-33,2002,0.0
4880,124-56-33,2004,-16.0
4880,124-56-33,2005,18.0
4880,124-56-33,2015,3.0
4880,124-56-33,2018,2.0
4880,124-56-33,2021,10.0
4880,124-56-34,1999,5.0
4880,124-56-34,2004,
4880,124-56-34,2015,2.0
4880,124-56-38,1999,2.0
4880,124-56-38,2001,11.0
4880,124-56-38,2002,-12.0
4880,124-56-38,2004,-4.0
4880,124-56-38,2021,15.0
4880,124-56-40,1999,1.0
4880,124-56-40,2001,-4.0
4880,124-56-40,2002,0.0
4880,124-56-40,2004,2.0
4880,124-56-40,2015,0.0
4880,124-56-40,2021,7.0
4880,124-56-41,1999,13.0
4880,124-56-41,2001,8.0
4880,124-56-41,2002,-16.0
4880,124-56-41,2004,-12.0
4880,124-56-41,2015,-1.0
4880,124-56-41,2018,-4.0
4880,124-56-41,2021,7.0
4880,124-56-42,2004,7.0
4880,124-56-42,2006,11.0
4880,124-56-42,2015,-13.0
4880,124-56-42,2022,
4880,124-56-44,1999,1.0
4880,124-56-44,2001,6.0
4880,124-56-44,2002,4.0
4880,124-56-44,2004,-1.0
4880,124-56-9,2002,-1.0
4880,124-56-9,2004,2.0
4880,124-56-9,2006,2.0
4880,124-56-9,2015,1.0
4880,124-56-9,2021,
4880,124-57-10,1999,
4880,124-57-10,2006,8.0
4880,124-57-10,2015,11.0
4880,124-57-10,2018,17.0
4880,124-57-12,1999,-7.0
4880,124-57-12,2004,-2.0
4880,124-57-12,2006,1.0
4880,124-57-12,2009,5.0
4880,124-57-12,2011,3.0
4880,124-57-12,2018,-1.0
4880,124-57-12,2021,
4880,124-57-121,2006,6.0
4880,124-57-121,2018,-18.0
4880,124-57-121,2021,-1.0
4880,124-57-14,2004,
4880,124-57-14,2018,-1.0
4880,124-57-14,2021,2.0
4880,124-57-14,2022,-1.0
4880,124-57-16,2006,11.0
4880,124-57-16,2010,-5.0
4880,124-57-16,2015,-2.0
4880,124-57-16,2016,-3.0
4880,124-57-18,1999,10.0
4880,124-57-18,2004,19.0
4880,124-57-18,2006,-18.0
4880,124-57-18,2009,23.0
4880,124-57-18,2011,
4880,124-57-18,2018,11.0
4880,124-57-3,1999,50.0
4880,124-57-3,2009,4.0
4880,124-57-3,2018,-9.0
4880,124-57-36,2004,-7.0
4880,124-57-36,2006,-3.0
4880,124-57-36,2009,-17.0
4880,124-57-36,2016,-9.0
4880,124-57-36,2017,11.0
4880,124-57-36,2018,2.0
4880,124-57-6,2004,1.0
4880,124-57-6,2006,28.0
4880,124-57-6,2009,1.0
4880,124-57-6,2012,-5.0
4880,124-57-6,2018,12.0
4880,124-57-6,2022,-12.0
4880,124-65-11,1997,-4.0
4880,124-65-11,1999,4.0
4880,124-65-11,2001,-4.0
4880,124-65-11,2002,1.0
4880,124-65-11,2004,-2.0
4880,124-65-11,2006,3.0
4880,124-65-117,1999,-98.0
4880,124-65-117,2001,-129.0
4880,124-65-117,2002,44.0
4880,124-65-117,2004,11.0
4880,124-65-117,2006,8.0
4880,124-65-117,2011,-11.0
4880,124-65-117,2015,-8.0
4880,124-65-117,2018,
4880,124-65-117,2021,-9.0
4880,124-65-13,1999,1.0
4880,124-65-13,2002,
4880,124-65-13,2004,-5.0
4880,124-65-13,2006,-9.0
4880,124-65-13,2015,4.0
4880,124-65-13,2018,-7.0
4880,124-65-13,2021,-5.0
4880,124-65-130,1999,-5.0
4880,124-65-130,2001,6.0
4880,124-65-130,2002,-10.0
4880,124-65-130,2004,12.0
4880,124-65-130,2015,10.0
4880,124-65-130,2021,10.0
4880,124-65-14,1999,-7.0
4880,124-65-14,2001,0.0
4880,124-65-14,2004,-16.0
4880,124-65-14,2006,0.0
4880,124-65-14,2011,-9.0
4880,124-65-14,2013,-25.0
4880,124-65-14,2015,-3.0
4880,124-65-14,2016,-12.0
4880,124-65-14,2018,-14.0
4880,124-65-14,2021,0.0
4880,124-65-18,1999,
4880,124-65-18,2001,-3.0
4880,124-65-18,2002,
4880,124-65-18,2004,-5.0
4880,124-65-18,2006,
4880,124-65-18,2015,-4.0
4880,124-65-18,2018,9.0
4880,124-65-18,2021,-13.0
4880,124-65-19,1999,26.0
4880,124-65-19,2001,7.0
4880,124-65-19,2002,-18.0
4880,124-65-19,2004,-7.0
4880,124-65-19,2015,13.0
4880,124-65-19,2018,-31.0
4880,124-65-19,2021,-4.0
4880,124-65-20,1999,-2.0
4880,124-65-20,2001,35.0
4880,124-65-20,2002,-8.0
4880,124-65-20,2004,157.0
4880,124-65-20,2006,44.0
4880,124-65-20,2011,-24.0
4880,124-65-20,2016,-13.0
4880,124-65-20,2018,-38.0
4880,124-65-21,1999,-47.0
4880,124-65-21,2004,10.0
4880,124-65-21,2015,5.0
4880,124-65-21,2016,2.0
4880,124-65-21,2018,11.0
4880,124-65-21,2021,
4880,124-65-22,1999,98.0
4880,124-65-22,2002,
4880,124-65-22,2004,-29.0
4880,124-65-22,2016,11.0
4880,124-65-22,2022,1.0
4880,124-65-23,2002,-22.0
4880,124-65-23,2004,-22.0
4880,124-65-23,2013,-29.0
4880,124-65-23,2015,-1.0
4880,124-65-23,2016,37.0
4880,124-65-23,2017,-15.0
4880,124-65-23,2018,-10.0
4880,124-65-23,2022,10.0
4880,124-65-27,1999,-11.0
4880,124-65-27,2001,35.0
4880,124-65-27,2002,-43.0
4880,124-65-27,2004,-25.0
4880,124-65-27,2006,5.0
4880,124-65-27,2011,9.0
4880,124-65-27,2015,-9.0
4880,124-65-27,2018,-2.0
4880,124-65-27,2021,-5.0
4880,124-65-28,1999,6.0
4880,124-65-28,2001,-1.0
4880,124-65-28,2002,-10.0
4880,124-65-28,2004,-13.0
4880,124-65-28,2006,12.0
4880,124-65-28,2015,-14.0
4880,124-65-28,2016,7.0
4880,124-65-28,2018,
4880,124-65-29,1999,-3.0
4880,124-65-29,2001,
4880,124-65-29,2015,35.0
4880,124-65-29,2018,
4880,124-65-3,1999,-5.0
4880,124-65-3,2002,
4880,124-65-3,2011,5.0
4880,124-65-3,2015,8.0
4880,124-65-3,2018,-3.0
4880,124-65-3,2021,-3.0
4880,124-65-31,1999,6.0
4880,124-65-31,2001,20.0
4880,124-65-31,2002,
4880,124-65-31,2015,
4880,124-65-31,2018,6.0
4880,124-65-31,2021,-10.0
4880,124-65-33,2001,24.0
4880,124-65-33,2004,-4.0
4880,124-65-33,2005,25.0
4880,124-65-33,2006,31.0
4880,124-65-33,2012,-15.0
4880,124-65-33,2021,4.0
4880,124-65-33,2022,-17.0
4880,124-65-34,1997,
4880,124-65-34,1999,13.0
4880,124-65-34,2001,
4880,124-65-34,2007,0.0
4880,124-65-34,2017,14.0
4880,124-65-34,2021,3.0
4880,124-65-35,1999,-13.0
4880,124-65-35,2001,-22.0
4880,124-65-35,2002,
4880,124-65-35,2015,19.0
4880,124-65-36,1999,2.0
4880,124-65-36,2001,3.0
4880,124-65-36,2002,-1.0
4880,124-65-36,2004,-5.0
4880,124-65-36,2006,1.0
4880,124-65-36,2018,0.0
4880,124-65-37,1999,-13.0
4880,124-65-37,2001,-22.0
4880,124-65-37,2002,
4880,124-65-37,2004,
4880,124-65-37,2015,-1.0
4880,124-65-38,1999,
4880,124-65-38,2004,11.0
4880,124-65-38,2005,
4880,124-65-38,2010,-5.0
4880,124-65-38,2021,
4880,124-65-5,1997,-23.0
4880,124-65-5,1999,-1.0
4880,124-65-5,2001,3.0
4880,124-65-5,2002,
4880,124-65-5,2018,-2.0
4880,124-65-7,1999,-5.0
4880,124-65-7,2002,
4880,124-65-7,2011,13.0
4880,124-65-7,2015,-24.0
4880,124-65-7,2018,2.0
4880,124-65-7,2021,-2.0
4880,124-65-9,1999,2.0
4880,124-65-9,2004,10.0
4880,124-65-9,2006,-1.0
4880,124-65-9,2015,6.0
4880,124-68-10,2007,19.0
4880,124-68-10,2009,15.0
4880,124-68-10,2012,46.0
4880,124-68-10,2015,-10.0
4880,124-68-10,2021,-11.0
4880,124-68-11,1999,-17.0
4880,124-68-11,2000,-3.0
4880,124-68-11,2002,-6.0
4880,124-68-11,2009,5.0
4880,124-68-11,2012,14.0
4880,124-68-11,2015,9.0
4880,124-68-11,2021,-9.0
4880,124-68-113,1999,7.0
4880,124-68-113,2000,-16.0
4880,124-68-113,2004,-4.0
4880,124-68-113,2005,46.0
4880,124-68-113,2009,25.0
4880,124-68-113,2012,-14.0
4880,124-68-113,2015,-6.0
4880,124-68-113,2021,29.0
4880,124-68-117,2000,19.0
4880,124-68-117,2004,-43.0
4880,124-68-117,2005,11.0
4880,124-68-117,2009,6.0
4880,124-68-117,2012,23.0
4880,124-68-119,2000,-15.0
4880,124-68-119,2003,-10.0
4880,124-68-119,2004,3.0
4880,124-68-119,2005,3.0
4880,124-68-119,2009,-21.0
4880,124-68-119,2012,1.0
4880,124-68-12,1999,8.0
4880,124-68-12,2000,-6.0
4880,124-68-12,2004,1.0
4880,124-68-12,2005,13.0
4880,124-68-12,2009,-9.0
4880,124-68-12,2012,-17.0
4880,124-68-12,2016,-2.0
4880,124-68-12,2022,-2.0
4880,124-68-127,2000,13.0
4880,124-68-127,2004,9.0
4880,124-68-127,2005,-5.0
4880,124-68-127,2012,-17.0
4880,124-68-14,2000,-12.0
4880,124-68-14,2003,29.0
4880,124-68-14,2004,-28.0
4880,124-68-14,2005,21.0
4880,124-68-14,2012,
4880,124-68-14,2015,-11.0
4880,124-68-14,2021,-21.0
4880,124-68-142,2000,10.0
4880,124-68-142,2004,-34.0
4880,124-68-142,2005,1.0
4880,124-68-142,2006,5.0
4880,124-68-142,2007,32.0
4880,124-68-142,2015,53.0
4880,124-68-142,2021,
4880,124-68-15,1999,18.0
4880,124-68-15,2000,-5.0
4880,124-68-15,2004,-8.0
4880,124-68-15,2005,13.0
4880,124-68-15,2009,-30.0
4880,124-68-15,2012,-10.0
4880,124-68-15,2021,-28.0
4880,124-68-16,2004,15.0
4880,124-68-16,2005,0.0
4880,124-68-16,2009,-2.0
4880,124-68-16,2012,4.0
4880,124-68-16,2015,-12.0
4880,124-68-18,2000,2.0
4880,124-68-18,2003,-6.0
4880,124-68-18,2004,-5.0
4880,124-68-18,2005,-1.0
4880,124-68-18,2009,0.0
4880,124-68-18,2012,-7.0
4880,124-68-18,2021,-18.0
4880,124-68-2,1997,
4880,124-68-2,2007,4.0
4880,124-68-2,2010,-11.0
4880,124-68-2,2012,-10.0
4880,124-68-2,2013,-5.0
4880,124-68-2,2015,-4.0
4880,124-68-2,2021,2.0
4880,124-68-20,2003,13.0
4880,124-68-20,2004,
4880,124-68-20,2007,-7.0
4880,124-68-20,2009,-22.0
4880,124-68-20,2012,-15.0
4880,124-68-20,2021,-1.0
4880,124-68-202,2003,-2.0
4880,124-68-202,2004,0.0
4880,124-68-202,2005,
4880,124-68-202,2007,-3.0
4880,124-68-203,2003,23.0
4880,124-68-203,2004,-23.0
4880,124-68-203,2005,21.0
4880,124-68-203,2007,-25.0
4880,124-68-203,2015,10.0
4880,124-68-203,2021,-11.0
4880,124-68-207,2003,13.0
4880,124-68-207,2004,-14.0
4880,124-68-207,2005,-4.0
4880,124-68-207,2007,9.0
4880,124-68-207,2009,3.0
4880,124-68-207,2021,1.0
4880,124-68-208,1999,
4880,124-68-208,2009,-18.0
4880,124-68-208,2015,3.0
4880,124-68-208,2021,
4880,124-68-209,2003,-8.0
4880,124-68-209,2004,29.0
4880,124-68-209,2005,-28.0
4880,124-68-209,2007,-4.0
4880,124-68-209,2009,0.0
4880,124-68-209,2015,10.0
4880,124-68-209,2021,-3.0
4880,124-68-210,2007,-35.0
4880,124-68-210,2009,-15.0
4880,124-68-210,2012,4.0
4880,124-68-210,2015,-10.0
4880,124-68-210,2021,22.0
4880,124-68-211,1999,2.0
4880,124-68-211,2000,-12.0
4880,124-68-211,2005,1.0
4880,124-68-211,2009,-2.0
4880,124-68-211,2012,7.0
4880,124-68-211,2015,17.0
4880,124-68-211,2021,-12.0
4880,124-68-213,2005,12.0
4880,124-68-213,2015,
4880,124-68-213,2021,-26.0
4880,124-68-214,1999,-27.0
4880,124-68-214,2000,2.0
4880,124-68-214,2005,-2.0
4880,124-68-214,2009,24.0
4880,124-68-214,2012,21.0
4880,124-68-214,2017,5.0
4880,124-68-214,2021,-6.0
4880,124-68-215,1999,
4880,124-68-215,2004,
4880,124-68-215,2009,4.0
4880,124-68-215,2012,-25.0
4880,124-68-216,1999,66.0
4880,124-68-216,2000,-44.0
4880,124-68-216,2004,-19.0
4880,124-68-216,2005,-7.0
4880,124-68-216,2009,1.0
4880,124-68-216,2012,14.0
4880,124-68-216,2021,14.0
4880,124-68-217,2000,8.0
4880,124-68-217,2004,
4880,124-68-217,2009,-24.0
4880,124-68-217,2012,-3.0
4880,124-68-217,2021,11.0
4880,124-68-218,2000,13.0
4880,124-68-218,2003,-12.0
4880,124-68-218,2004,9.0
4880,124-68-218,2005,24.0
4880,124-68-218,2012,-2.0
4880,124-68-219,2005,-5.0
4880,124-68-219,2009,-1.0
4880,124-68-219,2015,19.0
4880,124-68-219,2021,-23.0
4880,124-68-22,1999,-7.0
4880,124-68-22,2003,20.0
4880,124-68-22,2004,-12.0
4880,124-68-22,2005,-2.0
4880,124-68-22,2009,-11.0
4880,124-68-22,2012,2.0
4880,124-68-22,2021,10.0
4880,124-68-220,2003,3.0
4880,124-68-220,2004,6.0
4880,124-68-220,2005,-21.0
4880,124-68-220,2009,1.0
4880,124-68-220,2012,-33.0
4880,124-68-223,1999,
4880,124-68-223,2005,5.0
4880,124-68-223,2009,20.0
4880,124-68-223,2013,15.0
4880,124-68-223,2015,-10.0
4880,124-68-223,2021,-20.0
4880,124-68-224,1999,-11.0
4880,124-68-224,2000,-9.0
4880,124-68-224,2004,6.0
4880,124-68-224,2005,9.0
4880,124-68-224,2015,35.0
4880,124-68-224,2021,-19.0
4880,124-68-225,1999,7.0
4880,124-68-225,2000,-11.0
4880,124-68-225,2004,-16.0
4880,124-68-225,2005,37.0
4880,124-68-225,2012,-34.0
4880,124-68-225,2015,16.0
4880,124-68-225,2021,-18.0
4880,124-68-233,2007,-1.0
4880,124-68-233,2012,15.0
4880,124-68-233,2013,-26.0
4880,124-68-233,2021,-14.0
4880,124-68-238,1997,2.0
4880,124-68-238,1999,
4880,124-68-238,2009,-11.0
4880,124-68-238,2012,-14.0
4880,124-68-238,2015,-7.0
4880,124-68-238,2021,0.0
4880,124-68-242,1999,
4880,124-68-242,2006,-4.0
4880,124-68-242,2007,0.0
4880,124-68-242,2009,-23.0
4880,124-68-242,2012,4.0
4880,124-68-242,2015,
4880,124-68-25,1997,-5.0
4880,124-68-25,1999,10.0
4880,124-68-25,2000,-15.0
4880,124-68-25,2004,10.0
4880,124-68-25,2005,-21.0
4880,124-68-25,2009,0.0
4880,124-68-25,2012,2.0
4880,124-68-251,2000,
4880,124-68-251,2003,28.0
4880,124-68-251,2004,-16.0
4880,124-68-251,2005,-14.0
4880,124-68-251,2009,-7.0
4880,124-68-251,2012,-22.0
4880,124-68-251,2021,7.0
4880,124-68-252,1999,
4880,124-68-252,2002,10.0
4880,124-68-252,2003,
4880,124-68-252,2007,3.0
4880,124-68-252,2009,-17.0
4880,124-68-252,2012,-8.0
4880,124-68-252,2014,14.0
4880,124-68-26,1999,1.0
4880,124-68-26,2000,-1.0
4880,124-68-26,2004,-9.0
4880,124-68-26,2005,-11.0
4880,124-68-26,2009,7.0
4880,124-68-26,2012,-9.0
4880,124-68-26,2021,9.0
4880,124-68-274,2007,1.0
4880,124-68-274,2012,-4.0
4880,124-68-274,2021,
4880,124-68-28,1997,1.0
4880,124-68-28,2003,14.0
4880,124-68-28,2004,-6.0
4880,124-68-28,2005,-9.0
4880,124-68-28,2012,5.0
4880,124-68-28,2021,1.0
4880,124-68-29,2003,2.0
4880,124-68-29,2004,
4880,124-68-29,2009,-3.0
4880,124-68-29,2021,-3.0
4880,124-68-296,2003,20.0
4880,124-68-296,2004,-13.0
4880,124-68-296,2005,22.0
4880,124-68-296,2006,-13.0
4880,124-68-296,2015,12.0
4880,124-68-296,2021,-12.0
4880,124-68-297,1999,10.0
4880,124-68-297,2003,6.0
4880,124-68-297,2005,18.0
4880,124-68-297,2006,-20.0
4880,124-68-298,1999,4.0
4880,124-68-298,2003,-10.0
4880,124-68-298,2005,-8.0
4880,124-68-298,2006,4.0
4880,124-68-298,2012,
4880,124-68-299,1999,4.0
4880,124-68-299,2003,
4880,124-68-299,2005,39.0
4880,124-68-299,2007,31.0
4880,124-68-299,2015,7.0
4880,124-68-299,2021,-26.0
4880,124-68-300,2000,
4880,124-68-300,2002,
4880,124-68-300,2009,
4880,124-68-300,2012,8.0
4880,124-68-300,2021,-30.0
4880,124-68-303,1997,-58.0
4880,124-68-303,2007,
4880,124-68-303,2010,
4880,124-68-303,2021,-6.0
4880,124-68-308,2000,-4.0
4880,124-68-308,2003,-5.0
4880,124-68-308,2004,-16.0
4880,124-68-308,2005,9.0
4880,124-68-308,2007,20.0
4880,124-68-308,2009,30.0
4880,124-68-308,2015,7.0
4880,124-68-308,2021,-15.0
4880,124-68-312,2004,2.0
4880,124-68-312,2005,-7.0
4880,124-68-312,2009,0.0
4880,124-68-312,2012,0.0
4880,124-68-312,2021,17.0
4880,124-68-314,2004,
4880,124-68-314,2016,-1.0
4880,124-68-314,2022,-9.0
4880,124-68-316,2000,-1.0
4880,124-68-316,2003,
4880,124-68-316,2005,-12.0
4880,124-68-316,2009,-8.0
4880,124-68-316,2012,
4880,124-68-316,2021,
4880,124-68-317,1999,23.0
4880,124-68-317,2000,
4880,124-68-317,2004,
4880,124-68-317,2007,-6.0
4880,124-68-317,2009,18.0
4880,124-68-319,2000,-9.0
4880,124-68-319,2004,-17.0
4880,124-68-319,2005,-21.0
4880,124-68-319,2009,23.0
4880,124-68-319,2012,1.0
4880,124-68-319,2021,8.0
4880,124-68-323,1999,10.0
4880,124-68-323,2000,10.0
4880,124-68-323,2008,5.0
4880,124-68-323,2015,-7.0
4880,124-68-324,1999,26.0
4880,124-68-324,2000,-34.0
4880,124-68-324,2004,16.0
4880,124-68-324,2005,-1.0
4880,124-68-325,1999,-3.0
4880,124-68-325,2000,11.0
4880,124-68-325,2009,
4880,124-68-325,2012,-23.0
4880,124-68-325,2021,
4880,124-68-326,1997,7.0
4880,124-68-326,1999,-22.0
4880,124-68-326,2000,11.0
4880,124-68-326,2004,-14.0
4880,124-68-326,2005,-1.0
4880,124-68-338,1999,
4880,124-68-338,2003,-4.0
4880,124-68-338,2004,18.0
4880,124-68-338,2005,-7.0
4880,124-68-338,2012,4.0
4880,124-68-338,2021,9.0
4880,124-68-35,2003,3.0
4880,124-68-35,2006,
4880,124-68-35,2012,-29.0
4880,124-68-35,2021,15.0
4880,124-68-350,2002,
4880,124-68-350,2005,4.0
4880,124-68-350,2009,
4880,124-68-350,2012,0.0
4880,124-68-350,2015,0.0
4880,124-68-36,2000,
4880,124-68-36,2004,
4880,124-68-36,2006,11.0
4880,124-68-36,2009,-1.0
4880,124-68-36,2012,-28.0
4880,124-68-37,2003,-10.0
4880,124-68-37,2004,-8.0
4880,124-68-37,2005,-3.0
4880,124-68-37,2006,15.0
4880,124-68-37,2007,10.0
4880,124-68-37,2021,
4880,124-68-39,1999,7.0
4880,124-68-39,2000,-9.0
4880,124-68-39,2003,
4880,124-68-39,2005,-15.0
4880,124-68-39,2012,-2.0
4880,124-68-39,2021,7.0
4880,124-68-4,2010,-4.0
4880,124-68-4,2012,
4880,124-68-4,2015,-6.0
4880,124-68-43,2000,8.0
4880,124-68-43,2005,
4880,124-68-43,2012,7.0
4880,124-68-44,2000,-5.0
4880,124-68-44,2004,-5.0
4880,124-68-44,2005,-3.0
4880,124-68-47,2012,-6.0
4880,124-68-47,2013,-7.0
4880,124-68-47,2015,-14.0
4880,124-68-47,2021,4.0
4880,124-68-49,2000,-1.0
4880,124-68-49,2006,-4.0
4880,124-68-49,2007,1.0
4880,124-68-49,2021,0.0
4880,124-68-5,1999,-40.0
4880,124-68-5,2003,-11.0
4880,124-68-5,2004,3.0
4880,124-68-5,2005,21.0
4880,124-68-5,2007,-1.0
4880,124-68-5,2009,-12.0
4880,124-68-5,2021,-6.0
4880,124-68-50,1999,1.0
4880,124-68-50,2000,-13.0
4880,124-68-50,2005,18.0
4880,124-68-50,2009,
4880,124-68-50,2021,20.0
4880,124-68-52,2000,8.0
4880,124-68-52,2003,-4.0
4880,124-68-52,2004,14.0
4880,124-68-52,2005,-25.0
4880,124-68-52,2012,-10.0
4880,124-68-53,2004,3.0
4880,124-68-53,2008,4.0
4880,124-68-53,2009,-5.0
4880,124-68-53,2021,
4880,124-68-54,2000,-3.0
4880,124-68-54,2004,-3.0
4880,124-68-54,2009,-2.0
4880,124-68-54,2018,-1.0
4880,124-68-54,2021,0.0
4880,124-68-57,2003,9.0
4880,124-68-57,2005,
4880,124-68-57,2009,-2.0
4880,124-68-57,2012,17.0
4880,124-68-57,2021,
4880,124-68-59,2004,-14.0
4880,124-68-59,2005,0.0
4880,124-68-59,2006,26.0
4880,124-68-59,2007,-1.0
4880,124-68-59,2012,-51.0
4880,124-68-6,1999,18.0
4880,124-68-6,2000,2.0
4880,124-68-6,2003,9.0
4880,124-68-6,2004,-29.0
4880,124-68-6,2005,23.0
4880,124-68-6,2007,38.0
4880,124-68-6,2009,10.0
4880,124-68-64,2006,-1.0
4880,124-68-64,2012,1.0
4880,124-68-64,2013,-3.0
4880,124-68-64,2016,7.0
4880,124-68-64,2021,0.0
4880,124-68-65,2004,4.0
4880,124-68-65,2011,-2.0
4880,124-68-65,2021,-4.0
4880,124-68-66,1997,9.0
4880,124-68-66,1998,13.0
4880,124-68-66,2000,-2.0
4880,124-68-66,2004,12.0
4880,124-68-66,2006,1.0
4880,124-68-66,2007,3.0
4880,124-68-66,2009,2.0
4880,124-68-66,2012,5.0
4880,124-68-66,2018,20.0
4880,124-68-7,2000,-2.0
4880,124-68-7,2003,-30.0
4880,124-68-7,2004,-12.0
4880,124-68-7,2005,
4880,124-68-7,2007,
4880,124-68-7,2021,-26.0
4880,124-68-8,1999,-18.0
4880,124-68-8,2003,12.0
4880,124-68-8,2004,-24.0
4880,124-68-8,2005,5.0
4880,124-68-8,2007,-7.0
4880,124-68-8,2009,33.0
4880,124-68-83,1997,-25.0
4880,124-68-83,1999,6.0
4880,124-68-83,2000,-15.0
4880,124-68-83,2004,20.0
4880,124-68-83,2005,-12.0
4880,124-68-83,2021,
4880,124-68-9,1999,
4880,124-68-9,2009,52.0
4880,124-68-9,2012,-16.0
4880,124-68-9,2015,-16.0
4880,124-68-9,2021,1.0
4880,124-75-5,1997,-23.0
4880,124-75-5,1999,-23.0
4880,124-75-5,2002,16.0
4880,124-75-5,2004,
4880,124-75-5,2011,3.0
4880,124-75-5,2018,-25.0
4880,124-75-5,2021,-2.0
4880,124-75-9,1999,15.0
4880,124-75-9,2002,64.0
4880,124-75-9,2004,
4880,124-75-9,2006,13.0
4880,124-75-9,2016,-21.0
4880,124-75-9,2021,22.0
4880,124-75-9,2022,-32.0
4880,124-76-1,1999,28.0
4880,124-76-1,2000,-17.0
4880,124-76-1,2004,-3.0
4880,124-76-1,2005,-31.0
4880,124-76-1,2012,-22.0
4880,124-76-1,2015,-39.0
4880,124-76-1,2021,-10.0
4880,124-76-109,1999,-21.0
4880,124-76-109,2000,
4880,124-76-109,2005,
4880,124-76-109,2015,32.0
4880,124-76-109,2021,18.0
4880,124-76-113,2000,
4880,124-76-113,2004,-28.0
4880,124-76-113,2005,13.0
4880,124-76-113,2021,3.0
4880,124-76-12,1997,-6.0
4880,124-76-12,2002,-25.0
4880,124-76-12,2004,-9.0
4880,124-76-12,2005,-1.0
4880,124-76-12,2013,-16.0
4880,124-76-120,1999,10.0
4880,124-76-120,2000,-28.0
4880,124-76-120,2002,10.0
4880,124-76-120,2004,10.0
4880,124-76-120,2005,0.0
4880,124-76-120,2015,3.0
4880,124-76-120,2021,-8.0
4880,124-76-121,1999,-1.0
4880,124-76-121,2000,-1.0
4880,124-76-121,2002,2.0
4880,124-76-121,2004,16.0
4880,124-76-121,2005,6.0
4880,124-76-121,2015,-3.0
4880,124-76-121,2021,-7.0
4880,124-76-125,2000,-3.0
4880,124-76-125,2004,17.0
4880,124-76-125,2005,-46.0
4880,124-76-125,2007,7.0
4880,124-76-125,2012,-30.0
4880,124-76-127,1999,
4880,124-76-127,2004,-2.0
4880,124-76-127,2005,
4880,124-76-140,2004,6.0
4880,124-76-140,2005,5.0
4880,124-76-140,2015,-2.0
4880,124-76-140,2021,4.0
4880,124-76-159,1999,-10.0
4880,124-76-159,2002,11.0
4880,124-76-159,2004,
4880,124-76-159,2018,-19.0
4880,124-76-159,2021,
4880,124-76-16,1999,-16.0
4880,124-76-16,2000,12.0
4880,124-76-16,2002,-1.0
4880,124-76-16,2004,-10.0
4880,124-76-16,2005,0.0
4880,124-76-165,2001,-13.0
4880,124-76-165,2002,25.0
4880,124-76-165,2004,-9.0
4880,124-76-165,2006,-30.0
4880,124-76-165,2011,-32.0
4880,124-76-165,2014,12.0
4880,124-76-165,2017,12.0
4880,124-76-165,2018,-8.0
4880,124-76-165,2021,-4.0
4880,124-76-18,1999,-7.0
4880,124-76-18,2000,4.0
4880,124-76-18,2004,
4880,124-76-18,2015,33.0
4880,124-76-18,2021,-12.0
4880,124-76-19,2005,20.0
4880,124-76-19,2009,22.0
4880,124-76-19,2015,-6.0
4880,124-76-19,2021,-1.0
4880,124-76-190,1999,14.0
4880,124-76-190,2000,-4.0
4880,124-76-190,2001,14.0
4880,124-76-190,2004,30.0
4880,124-76-190,2005,-29.0
4880,124-76-190,2009,-1.0
4880,124-76-190,2015,-6.0
4880,124-76-190,2021,17.0
4880,124-76-2,1999,-9.0
4880,124-76-2,2000,94.0
4880,124-76-2,2004,-9.0
4880,124-76-2,2005,26.0
4880,124-76-2,2015,-14.0
4880,124-76-2,2021,19.0
4880,124-76-201,1997,41.0
4880,124-76-201,1999,-10.0
4880,124-76-201,2000,-4.0
4880,124-76-201,2004,-12.0
4880,124-76-201,2005,7.0
4880,124-76-201,2009,-16.0
4880,124-76-201,2012,
4880,124-76-21,1999,-35.0
4880,124-76-21,2000,15.0
4880,124-76-21,2001,-48.0
4880,124-76-21,2002,-78.0
4880,124-76-21,2005,32.0
4880,124-76-21,2006,19.0
4880,124-76-21,2015,30.0
4880,124-76-21,2018,-18.0
4880,124-76-21,2021,-20.0
4880,124-76-216,2002,24.0
4880,124-76-216,2004,-10.0
4880,124-76-216,2005,-3.0
4880,124-76-216,2015,-7.0
4880,124-76-216,2021,-13.0
4880,124-76-22,1999,-17.0
4880,124-76-22,2000,-11.0
4880,124-76-22,2001,21.0
4880,124-76-22,2002,-16.0
4880,124-76-22,2004,-2.0
4880,124-76-22,2005,-6.0
4880,124-76-22,2009,-35.0
4880,124-76-22,2015,-14.0
4880,124-76-22,2021,-17.0
4880,124-76-221,1999,22.0
4880,124-76-221,2000,-10.0
4880,124-76-221,2002,12.0
4880,124-76-221,2004,31.0
4880,124-76-221,2005,-7.0
4880,124-76-23,1999,42.0
4880,124-76-23,2000,-48.0
4880,124-76-23,2001,
4880,124-76-23,2006,-7.0
4880,124-76-23,2015,-17.0
4880,124-76-238,2004,
4880,124-76-238,2014,-2.0
4880,124-76-238,2015,4.0
4880,124-76-3,1997,8.0
4880,124-76-3,1999,-11.0
4880,124-76-3,2000,3.0
4880,124-76-3,2004,-18.0
4880,124-76-3,2005,-2.0
4880,124-76-3,2012,-4.0
4880,124-76-3,2015,-7.0
4880,124-76-302,1999,-5.0
4880,124-76-302,2000,-18.0
4880,124-76-302,2002,-23.0
4880,124-76-302,2004,-68.0
4880,124-76-302,2005,23.0
4880,124-76-302,2015,12.0
4880,124-76-302,2021,6.0
4880,124-76-306,1999,5.0
4880,124-76-306,2000,-24.0
4880,124-76-306,2002,9.0
4880,124-76-306,2004,22.0
4880,124-76-306,2005,-33.0
4880,124-76-306,2015,-11.0
4880,124-76-306,2021,-14.0
4880,124-76-309,1999,28.0
4880,124-76-309,2000,-42.0
4880,124-76-309,2001,9.0
4880,124-76-309,2004,25.0
4880,124-76-309,2005,-2.0
4880,124-76-309,2015,22.0
4880,124-76-309,2021,
4880,124-76-310,1999,29.0
4880,124-76-310,2000,
4880,124-76-310,2004,
4880,124-76-310,2008,-11.0
4880,124-76-310,2009,-12.0
4880,124-76-310,2015,42.0
4880,124-76-310,2021,0.0
4880,124-76-314,2000,-15.0
4880,124-76-314,2002,-13.0
4880,124-76-314,2004,22.0
4880,124-76-314,2005,-1.0
4880,124-76-314,2015,-38.0
4880,124-76-314,2021,-28.0
4880,124-76-318,1999,
4880,124-76-318,2002,25.0
4880,124-76-318,2005,18.0
4880,124-76-318,2015,6.0
4880,124-76-318,2021,-60.0
4880,124-76-320,2005,-6.0
4880,124-76-320,2015,14.0
4880,124-76-320,2021,
4880,124-76-324,2006,-8.0
4880,124-76-324,2015,22.0
4880,124-76-324,2018,-15.0
4880,124-76-324,2021,
4880,124-76-39,1999,7.0
4880,124-76-39,2000,0.0
4880,124-76-39,2002,0.0
4880,124-76-39,2004,1.0
4880,124-76-39,2005,0.0
4880,124-76-39,2014,-6.0
4880,124-76-39,2015,8.0
4880,124-76-4,1999,2.0
4880,124-76-4,2000,-17.0
4880,124-76-4,2004,-8.0
4880,124-76-4,2005,17.0
4880,124-76-4,2015,3.0
4880,124-76-4,2021,2.0
4880,124-76-40,1999,-3.0
4880,124-76-40,2000,-15.0
4880,124-76-40,2016,22.0
4880,124-76-40,2018,
4880,124-76-40,2021,-10.0
4880,124-76-439,2005,6.0
4880,124-76-439,2013,8.0
4880,124-76-439,2014,0.0
4880,124-76-439,2015,-16.0
4880,124-76-439,2018,16.0
4880,124-76-439,2021,-12.0
4880,124-76-5,1999,-10.0
4880,124-76-5,2000,-2.0
4880,124-76-5,2004,-14.0
4880,124-76-5,2005,9.0
4880,124-76-5,2015,6.0
4880,124-76-5,2021,2.0
4880,124-76-537,1999,6.0
4880,124-76-537,2000,
4880,124-76-537,2004,1.0
4880,124-76-537,2005,-2.0
4880,124-76-537,2006,2.0
4880,124-76-537,2015,2.0
4880,124-76-537,2021,4.0
4880,124-76-55,2012,51.0
4880,124-76-55,2013,-26.0
4880,124-76-55,2014,3.0
4880,124-76-55,2015,-3.0
4880,124-76-55,2018,14.0
4880,124-76-55,2021,7.0
4880,124-76-6,1999,6.0
4880,124-76-6,2000,1.0
4880,124-76-6,2002,5.0
4880,124-76-6,2004,3.0
4880,124-76-6,2005,5.0
4880,124-76-60,1999,-5.0
4880,124-76-60,2000,-4.0
4880,124-76-60,2002,28.0
4880,124-76-60,2004,1.0
4880,124-76-60,2005,-15.0
4880,124-76-60,2006,3.0
4880,124-76-60,2013,2.0
4880,124-76-60,2015,-6.0
4880,124-76-60,2018,2.0
4880,124-76-60,2021,
4880,124-76-61,1999,
4880,124-76-61,2004,
4880,124-76-61,2006,
4880,124-76-61,2015,-15.0
4880,124-76-61,2018,7.0
4880,124-76-61,2021,
4880,124-76-67,2006,4.0
4880,124-76-67,2011,3.0
4880,124-76-67,2014,6.0
4880,124-76-67,2018,3.0
4880,124-76-67,2021,-20.0
4880,124-76-69,1999,9.0
4880,124-76-69,2000,-18.0
4880,124-76-69,2002,
4880,124-76-69,2004,-6.0
4880,124-76-69,2018,8.0
4880,124-76-69,2021,-6.0
4880,124-76-70,1997,47.0
4880,124-76-70,1999,9.0
4880,124-76-70,2004,23.0
4880,124-76-70,2006,
4880,124-76-70,2011,15.0
4880,124-76-70,2012,-20.0
4880,124-76-8,1999,24.0
4880,124-76-8,2000,-26.0
4880,124-76-8,2002,12.0
4880,124-76-8,2004,11.0
4880,124-76-8,2005,-14.0
4880,124-76-8,2015,
4880,124-76-8,2021,-9.0
4880,124-76-9,1999,-2.0
4880,124-76-9,2000,-13.0
4880,124-76-9,2004,-10.0
4880,124-76-9,2005,
4880,124-76-9,2015,-7.0
4880,124-76-9,2021,
4880,124-76-90,1999,13.0
4880,124-76-90,2000,-5.0
4880,124-76-90,2001,24.0
4880,124-76-90,2002,15.0
4880,124-76-90,2004,36.0
4880,124-76-90,2005,-53.0
4880,124-76-90,2009,-43.0
4880,124-76-90,2021,4.0
4880,124-79-106,1997,8.0
4880,124-79-106,1998,
4880,124-79-106,2000,2.0
4880,124-79-106,2004,-3.0
4880,124-79-106,2015,
4880,124-79-109,1998,-3.0
4880,124-79-109,2006,-7.0
4880,124-79-109,2011,
4880,124-79-109,2014,4.0
4880,124-79-109,2015,2.0
4880,124-79-109,2016,2.0
4880,124-79-112,1997,
4880,124-79-112,2000,
4880,124-79-112,2004,-15.0
4880,124-79-112,2014,-8.0
4880,124-79-112,2018,2.0
4880,124-79-113,1997,16.0
4880,124-79-113,1998,-12.0
4880,124-79-113,2000,6.0
4880,124-79-113,2004,-49.0
4880,124-79-113,2018,63.0
4880,124-79-113,2021,-21.0
4880,124-79-116,2000,2.0
4880,124-79-116,2004,
4880,124-79-116,2014,
4880,124-79-116,2016,4.0
4880,124-79-116,2018,
4880,124-79-123,1997,29.0
4880,124-79-123,2000,-59.0
4880,124-79-123,2002,45.0
4880,124-79-123,2004,-17.0
4880,124-79-123,2014,
4880,124-79-123,2018,4.0
4880,124-79-124,2005,
4880,124-79-124,2014,-14.0
4880,124-79-124,2018,1.0
4880,124-79-124,2021,5.0
4880,124-79-130,2000,
4880,124-79-130,2002,19.0
4880,124-79-130,2004,10.0
4880,124-79-130,2014,-2.0
4880,124-79-130,2021,-15.0
4880,124-79-132,2004,-3.0
4880,124-79-132,2005,-12.0
4880,124-79-132,2014,6.0
4880,124-79-132,2016,20.0
4880,124-79-132,2021,-4.0
4880,124-79-133,2004,5.0
4880,124-79-133,2005,-8.0
4880,124-79-133,2014,6.0
4880,124-79-133,2016,11.0
4880,124-79-133,2021,1.0
4880,124-79-139,2000,-1.0
4880,124-79-139,2002,11.0
4880,124-79-139,2004,18.0
4880,124-79-139,2014,34.0
4880,124-79-142,2002,6.0
4880,124-79-142,2004,8.0
4880,124-79-142,2005,-8.0
4880,124-79-217,2004,0.0
4880,124-79-217,2005,
4880,124-79-217,2014,-15.0
4880,124-79-217,2018,4.0
4880,124-79-217,2021,3.0
4880,124-79-24,2000,3.0
4880,124-79-24,2004,3.0
4880,124-79-309,2004,0.0
4880,124-79-309,2006,
4880,124-79-309,2014,
4880,124-79-309,2017,
4880,124-79-33,2002,-12.0
4880,124-79-33,2004,-8.0
4880,124-79-33,2005,15.0
4880,124-79-33,2014,30.0
4880,124-79-33,2015,31.0
4880,124-79-33,2016,-16.0
4880,124-79-33,2018,-43.0
4880,124-79-40,2000,3.0
4880,124-79-40,2002,5.0
4880,124-79-40,2004,24.0
4880,124-79-40,2021,-9.0
4880,124-79-403,2004,17.0
4880,124-79-403,2014,3.0
4880,124-79-403,2015,
4880,124-79-403,2018,1.0
4880,124-79-424,1998,
4880,124-79-424,2000,10.0
4880,124-79-424,2004,
4880,124-79-424,2015,7.0
4880,124-79-424,2016,-7.0
4880,124-79-424,2018,5.0
4880,840-14-1,1997,-20.0
4880,840-14-1,2005,-11.0
4880,840-14-1,2006,13.0
4880,840-14-1,2010,-3.0
4880,840-14-1,2011,2.0
4880,840-14-1,2012,-3.0
4880,840-14-1,2015,5.0
4880,840-14-106,1998,-27.0
4880,840-14-106,2005,-11.0
4880,840-14-106,2006,
4880,840-14-106,2008,-21.0
4880,840-14-106,2011,13.0
4880,840-14-106,2015,25.0
4880,840-14-106,2016,-20.0
4880,840-14-106,2021,-6.0
4880,840-14-106,2022,4.0
4880,840-14-108,1999,-28.0
4880,840-14-108,2007,-17.0
4880,840-14-108,2010,2.0
4880,840-14-108,2011,9.0
4880,840-14-108,2012,22.0
4880,840-14-108,2015,9.0
4880,840-14-108,2016,9.0
4880,840-14-108,2022,-19.0
4880,840-14-11,2010,
4880,840-14-11,2015,
4880,840-14-129,2022,-7.0
4880,840-14-137,1997,7.0
4880,840-14-137,1998,
4880,840-14-137,2005,-18.0
4880,840-14-137,2006,12.0
4880,840-14-137,2009,
4880,840-14-137,2016,-8.0
4880,840-14-137,2021,3.0
4880,840-14-138,1998,14.0
4880,840-14-138,2005,7.0
4880,840-14-138,2006,6.0
4880,840-14-138,2011,-17.0
4880,840-14-138,2015,
4880,840-14-138,2022,-8.0
4880,840-14-148,1998,98.0
4880,840-14-148,2005,-2.0
4880,840-14-148,2015,
4880,840-14-151,2011,3.0
4880,840-14-151,2015,
4880,840-14-153,1998,-4.0
4880,840-14-153,2005,7.0
4880,840-14-153,2010,2.0
4880,840-14-153,2011,
4880,840-14-153,2015,-15.0
4880,840-14-153,2021,-9.0
4880,840-14-155,1998,46.0
4880,840-14-155,1999,-6.0
4880,840-14-155,2005,97.0
4880,840-14-155,2011,-36.0
4880,840-14-155,2015,-19.0
4880,840-14-155,2021,-6.0
4880,840-14-155,2022,-7.0
4880,840-14-158,1998,246.0
4880,840-14-158,2004,-2.0
4880,840-14-158,2005,
4880,840-14-158,2013,
4880,840-14-159,1998,-18.0
4880,840-14-159,2005,-29.0
4880,840-14-159,2011,-12.0
4880,840-14-159,2013,
4880,840-14-16,1998,4.0
4880,840-14-16,2001,-3.0
4880,840-14-16,2008,1.0
4880,840-14-16,2011,2.0
4880,840-14-160,1998,-1.0
4880,840-14-160,2000,
4880,840-14-160,2005,0.0
4880,840-14-160,2010,5.0
4880,840-14-160,2011,-2.0
4880,840-14-160,2012,1.0
4880,840-14-160,2015,0.0
4880,840-14-160,2021,
4880,840-14-162,1997,
4880,840-14-162,2003,
4880,840-14-162,2011,
4880,840-14-164,2000,-5.0
4880,840-14-164,2005,0.0
4880,840-14-164,2006,4.0
4880,840-14-164,2010,4.0
4880,840-14-164,2011,3.0
4880,840-14-165,1997,-17.0
4880,840-14-165,1998,2.0
4880,840-14-165,2011,7.0
4880,840-14-165,2015,-6.0
4880,840-14-165,2021,-4.0
4880,840-14-173,1999,11.0
4880,840-14-173,2005,
4880,840-14-173,2011,-12.0
4880,840-14-173,2015,-8.0
4880,840-14-173,2016,0.0
4880,840-14-173,2022,15.0
4880,840-14-177,1997,-14.0
4880,840-14-177,1998,
4880,840-14-177,2015,1.0
4880,840-14-179,1998,6.0
4880,840-14-179,2005,-7.0
4880,840-14-179,2011,-10.0
4880,840-14-179,2015,6.0
4880,840-14-179,2021,1.0
4880,840-14-181,1998,
4880,840-14-181,2001,
4880,840-14-182,1999,
4880,840-14-182,2005,6.0
4880,840-14-182,2006,-13.0
4880,840-14-182,2010,0.0
4880,840-14-182,2011,4.0
4880,840-14-182,2012,-12.0
4880,840-14-182,2015,-5.0
4880,840-14-184,1999,-2.0
4880,840-14-184,2005,-1.0
4880,840-14-184,2015,
4880,840-14-184,2021,11.0
4880,840-14-186,1998,29.0
4880,840-14-186,2001,-14.0
4880,840-14-186,2005,-26.0
4880,840-14-186,2011,-3.0
4880,840-14-186,2014,-38.0
4880,840-14-186,2021,-2.0
4880,840-14-186,2022,1.0
4880,840-14-189,1998,-25.0
4880,840-14-189,1999,4.0
4880,840-14-189,2005,1.0
4880,840-14-189,2010,-2.0
4880,840-14-189,2011,-8.0
4880,840-14-189,2013,15.0
4880,840-14-189,2014,-13.0
4880,840-14-189,2022,
4880,840-14-190,1998,0.0
4880,840-14-190,2021,
4880,840-14-191,2021,
4880,840-14-193,1998,1.0
4880,840-14-193,2000,1.0
4880,840-14-193,2005,3.0
4880,840-14-193,2010,-9.0
4880,840-14-193,2011,12.0
4880,840-14-193,2015,6.0
4880,840-14-194,2010,-2.0
4880,840-14-194,2011,5.0
4880,840-14-194,2012,10.0
4880,840-14-194,2015,-4.0
4880,840-14-194,2022,2.0
4880,840-14-195,2005,-1.0
4880,840-14-195,2015,-31.0
4880,840-14-195,2016,-6.0
4880,840-14-195,2022,-13.0
4880,840-14-198,2005,1.0
4880,840-14-198,2010,
4880,840-14-198,2015,
4880,840-14-21,1998,-72.0
4880,840-14-21,1999,86.0
4880,840-14-21,2005,-43.0
4880,840-14-21,2011,-41.0
4880,840-14-21,2015,-9.0
4880,840-14-21,2021,3.0
4880,840-14-21,2022,-5.0
4880,840-14-221,1997,
4880,840-14-221,2005,2.0
4880,840-14-221,2006,0.0
4880,840-14-221,2009,4.0
4880,840-14-221,2016,
4880,840-14-226,2005,-1.0
4880,840-14-226,2006,-1.0
4880,840-14-226,2011,
4880,840-14-226,2021,-2.0
4880,840-14-226,2022,2.0
4880,840-14-3,1999,
4880,840-14-319,2008,-1.0
4880,840-14-319,2015,
4880,840-14-32,2009,
4880,840-14-32,2012,14.0
4880,840-14-32,2015,14.0
4880,840-14-32,2016,-3.0
4880,840-14-33,1999,-12.0
4880,840-14-33,2005,
4880,840-14-33,2015,-1.0
4880,840-14-409,2000,3.0
4880,840-14-415,1998,
4880,840-14-415,2009,
4880,840-14-415,2015,
4880,840-14-415,2021,
4880,840-14-435,2000,
4880,840-14-435,2006,
4880,840-14-47,2005,-9.0
4880,840-14-47,2006,2.0
4880,840-14-47,2009,-2.0
4880,840-14-47,2011,8.0
4880,840-14-47,2016,-7.0
4880,840-14-47,2021,-1.0
4880,840-14-47,2022,-1.0
4880,840-14-51,2003,
4880,840-14-51,2016,
4880,840-14-54,1998,32.0
4880,840-14-54,2000,12.0
4880,840-14-54,2005,-3.0
4880,840-14-54,2011,-16.0
4880,840-14-54,2016,
4880,840-14-6,2010,
4880,840-14-6,2012,0.0
4880,840-14-6,2021,-1.0
4880,840-14-7,1998,
4880,840-14-7,2005,-6.0
4880,840-14-7,2010,1.0
4880,840-14-7,2011,-1.0
4880,840-14-7,2015,-2.0
4880,840-14-7,2021,
4880,840-14-71,1997,-3.0
4880,840-14-71,1998,8.0
4880,840-14-71,1999,5.0
4880,840-14-71,2002,12.0
4880,840-14-71,2007,26.0
4880,840-14-71,2008,-20.0
4880,840-14-71,2011,1.0
4880,840-14-79,1998,-15.0
4880,840-14-79,2011,-4.0
4880,840-14-79,2015,-1.0
4880,840-14-79,2021,8.0
4880,840-14-80,1998,9.0
4880,840-14-80,2005,13.0
4880,840-14-80,2011,-9.0
4880,840-14-80,2015,
4880,840-14-97,1998,-14.0
4880,840-14-97,2004,-3.0
4880,840-14-97,2005,0.0
4880,840-14-97,2006,-4.0
4880,840-14-97,2011,4.0
4880,840-14-98,1998,-6.0
4880,840-14-98,2001,7.0
4880,840-14-98,2005,-3.0
4880,840-14-98,2011,3.0
4880,840-14-98,2015,-4.0
4880,840-14-98,2021,-5.0
4880,840-14-98,2022,1.0
4880,840-17-1,2011,0.0
4880,840-17-1,2012,2.0
4880,840-17-10,2002,-12.0
4880,840-17-10,2003,
4880,840-17-10,2021,3.0
4880,840-17-11,1998,2.0
4880,840-17-11,1999,11.0
4880,840-17-11,2002,-11.0
4880,840-17-11,2003,-6.0
4880,840-17-11,2006,-8.0
4880,840-17-11,2009,0.0
4880,840-17-11,2012,5.0
4880,840-17-11,2018,3.0
4880,840-17-12,1999,2.0
4880,840-17-12,2002,0.0
4880,840-17-12,2003,5.0
4880,840-17-12,2004,
4880,840-17-12,2006,0.0
4880,840-17-12,2018,
4880,840-17-125,1998,
4880,840-17-125,2002,
4880,840-17-125,2006,26.0
4880,840-17-126,2018,
4880,840-17-15,1997,
4880,840-17-15,2002,-5.0
4880,840-17-15,2009,
4880,840-17-15,2012,
4880,840-17-15,2021,
4880,840-17-153,2009,
4880,840-17-153,2012,
4880,840-17-154,2007,1.0
4880,840-17-16,1998,-7.0
4880,840-17-16,2002,4.0
4880,840-17-16,2005,4.0
4880,840-17-16,2006,0.0
4880,840-17-16,2012,
4880,840-17-17,1998,11.0
4880,840-17-17,1999,-10.0
4880,840-17-17,2002,0.0
4880,840-17-17,2005,6.0
4880,840-17-17,2009,-2.0
4880,840-17-17,2012,21.0
4880,840-17-17,2013,-19.0
4880,840-17-17,2018,-3.0
4880,840-17-17,2021,-2.0
4880,840-17-18,1998,
4880,840-17-18,2003,
4880,840-17-18,2006,
4880,840-17-2,2011,
4880,840-17-202,1998,
4880,840-17-202,2005,0.0
4880,840-17-202,2009,
4880,840-17-202,2018,-2.0
4880,840-17-202,2021,
4880,840-17-203,2003,
4880,840-17-203,2012,
4880,840-17-203,2016,
4880,840-17-204,1998,
4880,840-17-204,2012,
4880,840-17-204,2021,3.0
4880,840-17-206,2003,
4880,840-17-207,1998,-5.0
4880,840-17-207,2002,-11.0
4880,840-17-207,2003,-3.0
4880,840-17-207,2012,2.0
4880,840-17-209,1999,-1.0
4880,840-17-209,2002,-7.0
4880,840-17-209,2005,13.0
4880,840-17-209,2012,6.0
4880,840-17-209,2013,-5.0
4880,840-17-211,1998,0.0
4880,840-17-211,1999,
4880,840-17-211,2016,-5.0
4880,840-17-211,2018,2.0
4880,840-17-211,2021,0.0
4880,840-17-215,1998,8.0
4880,840-17-215,1999,-14.0
4880,840-17-215,2002,
4880,840-17-215,2013,-19.0
4880,840-17-215,2021,0.0
4880,840-17-216,2006,
4880,840-17-217,1998,
4880,840-17-218,1998,5.0
4880,840-17-218,1999,-6.0
4880,840-17-218,2002,1.0
4880,840-17-218,2003,-6.0
4880,840-17-218,2006,-3.0
4880,840-17-218,2009,3.0
4880,840-17-218,2012,
4880,840-17-218,2018,-3.0
4880,840-17-221,1999,4.0
4880,840-17-221,2012,
4880,840-17-222,1998,0.0
4880,840-17-222,1999,3.0
4880,840-17-222,2002,-4.0
4880,840-17-222,2005,-3.0
4880,840-17-222,2009,5.0
4880,840-17-222,2012,1.0
4880,840-17-222,2013,-2.0
4880,840-17-222,2016,
4880,840-17-222,2021,12.0
4880,840-17-223,1998,5.0
4880,840-17-223,1999,10.0
4880,840-17-223,2002,
4880,840-17-223,2009,-19.0
4880,840-17-223,2012,23.0
4880,840-17-223,2013,-20.0
4880,840-17-228,2002,-5.0
4880,840-17-228,2003,1.0
4880,840-17-228,2006,
4880,840-17-228,2011,
4880,840-17-23,2002,-3.0
4880,840-17-3,1998,-28.0
4880,840-17-3,2002,
4880,840-17-3,2005,6.0
4880,840-17-3,2009,18.0
4880,840-17-3,2012,8.0
4880,840-17-3,2021,-9.0
4880,840-17-301,1999,
4880,840-17-302,2012,
4880,840-17-303,1999,29.0
4880,840-17-303,2002,
4880,840-17-303,2005,62.0
4880,840-17-303,2011,-34.0
4880,840-17-303,2012,7.0
4880,840-17-303,2021,12.0
4880,840-17-304,2009,
4880,840-17-304,2021,0.0
4880,840-17-308,2007,
4880,840-17-308,2015,0.0
4880,840-17-309,1998,2.0
4880,840-17-309,2002,
4880,840-17-309,2005,4.0
4880,840-17-309,2006,
4880,840-17-309,2013,2.0
4880,840-17-31,2005,
4880,840-17-31,2009,
4880,840-17-31,2013,
4880,840-17-313,2002,-1.0
4880,840-17-315,1999,
4880,840-17-315,2002,
4880,840-17-315,2009,-8.0
4880,840-17-315,2012,6.0
4880,840-17-315,2018,
4880,840-17-315,2021,4.0
4880,840-17-316,1998,
4880,840-17-316,2005,2.0
4880,840-17-316,2016,-6.0
4880,840-17-316,2021,
4880,840-17-318,1999,-3.0
4880,840-17-318,2002,2.0
4880,840-17-318,2003,-2.0
4880,840-17-318,2006,
4880,840-17-318,2009,-8.0
4880,840-17-318,2013,3.0
4880,840-17-318,2016,-2.0
4880,840-17-32,1998,2.0
4880,840-17-32,2002,-1.0
4880,840-17-32,2005,1.0
4880,840-17-32,2006,2.0
4880,840-17-32,2009,0.0
4880,840-17-32,2012,
4880,840-17-32,2021,5.0
4880,840-17-322,1998,40.0
4880,840-17-322,1999,0.0
4880,840-17-322,2002,3.0
4880,840-17-322,2005,20.0
4880,840-17-322,2009,18.0
4880,840-17-322,2012,6.0
4880,840-17-322,2013,-7.0
4880,840-17-322,2016,
4880,840-17-322,2018,-11.0
4880,840-17-322,2021,9.0
4880,840-17-326,1998,
4880,840-17-326,2002,1.0
4880,840-17-326,2003,
4880,840-17-326,2012,5.0
4880,840-17-326,2018,
4880,840-17-33,1998,-13.0
4880,840-17-33,2002,7.0
4880,840-17-33,2005,2.0
4880,840-17-33,2006,
4880,840-17-33,2016,12.0
4880,840-17-33,2018,4.0
4880,840-17-34,1999,1.0
4880,840-17-34,2002,-1.0
4880,840-17-34,2003,
4880,840-17-34,2005,
4880,840-17-34,2012,-1.0
4880,840-17-34,2016,-10.0
4880,840-17-352,1998,-2.0
4880,840-17-352,2009,-11.0
4880,840-17-352,2013,-12.0
4880,840-17-352,2016,-6.0
4880,840-17-352,2018,-15.0
4880,840-17-352,2021,-64.0
4880,840-17-359,2009,
4880,840-17-359,2013,5.0
4880,840-17-359,2021,
4880,840-17-362,1998,3.0
4880,840-17-362,1999,3.0
4880,840-17-362,2002,-16.0
4880,840-17-362,2003,12.0
4880,840-17-362,2004,-11.0
4880,840-17-362,2006,-6.0
4880,840-17-362,2012,-1.0
4880,840-17-362,2018,-7.0
4880,840-17-365,1999,
4880,840-17-365,2002,15.0
4880,840-17-365,2009,
4880,840-17-365,2012,-3.0
4880,840-17-365,2016,0.0
4880,840-17-365,2021,-5.0
4880,840-17-366,1998,1.0
4880,840-17-366,1999,1.0
4880,840-17-366,2012,10.0
4880,840-17-366,2013,
4880,840-17-366,2021,-5.0
4880,840-17-368,2002,-2.0
4880,840-17-368,2009,
4880,840-17-37,1998,-11.0
4880,840-17-37,2002,3.0
4880,840-17-37,2003,
4880,840-17-372,1998,5.0
4880,840-17-372,2002,0.0
4880,840-17-372,2005,2.0
4880,840-17-372,2013,
4880,840-17-372,2016,4.0
4880,840-17-373,2002,7.0
4880,840-17-373,2009,38.0
4880,840-17-373,2012,
4880,840-17-373,2021,-2.0
4880,840-17-375,1999,-3.0
4880,840-17-375,2002,8.0
4880,840-17-375,2003,
4880,840-17-4,1998,5.0
4880,840-17-4,1999,-4.0
4880,840-17-4,2002,2.0
4880,840-17-4,2003,-3.0
4880,840-17-4,2006,12.0
4880,840-17-4,2009,4.0
4880,840-17-4,2016,1.0
4880,840-17-4,2018,3.0
4880,840-17-4,2021,-4.0
4880,840-17-40,2003,1.0
4880,840-17-40,2005,1.0
4880,840-17-40,2009,-1.0
4880,840-17-40,2012,
4880,840-17-40,2016,
4880,840-17-40,2018,
4880,840-17-40,2021,0.0
4880,840-17-41,2009,1.0
4880,840-17-41,2012,3.0
4880,840-17-41,2018,0.0
4880,840-17-419,1998,7.0
4880,840-17-419,1999,
4880,840-17-419,2002,
4880,840-17-419,2007,-2.0
4880,840-17-42,1998,
4880,840-17-43,2003,
4880,840-17-43,2018,
4880,840-17-44,2002,1.0
4880,840-17-44,2003,
4880,840-17-45,1998,
4880,840-17-45,2009,-1.0
4880,840-17-45,2012,
4880,840-17-45,2017,
4880,840-17-46,2003,
4880,840-17-46,2013,-2.0
4880,840-17-46,2016,
4880,840-17-46,2021,
4880,840-17-48,1998,
4880,840-17-48,2003,-18.0
4880,840-17-48,2006,
4880,840-17-48,2009,
4880,840-17-48,2016,-12.0
4880,840-17-48,2018,18.0
4880,840-17-48,2021,-8.0
4880,840-17-52,1998,-1.0
4880,840-17-52,1999,0.0
4880,840-17-52,2002,-25.0
4880,840-17-52,2005,-3.0
4880,840-17-52,2009,-3.0
4880,840-17-52,2012,-3.0
4880,840-17-52,2013,-5.0
4880,840-17-52,2018,-28.0
4880,840-17-52,2021,
4880,840-17-55,1998,
4880,840-17-56,2002,5.0
4880,840-17-56,2003,-5.0
4880,840-17-56,2018,
4880,840-17-57,2002,-4.0
4880,840-17-57,2003,1.0
4880,840-17-57,2007,
4880,840-17-57,2012,1.0
4880,840-17-57,2018,-2.0
4880,840-17-58,2003,
4880,840-17-58,2018,
4880,840-17-8,1998,1.0
4880,840-17-8,1999,9.0
4880,840-17-8,2002,
4880,840-17-8,2009,4.0
4880,840-17-8,2016,-2.0
4880,840-17-8,2018,
4880,840-17-9,1998,-7.0
4880,840-17-9,1999,
4880,840-17-9,2002,
4880,840-17-9,2005,0.0
4880,840-17-9,2009,-24.0
4880,840-17-9,2012,-9.0
4880,840-17-9,2013,27.0
4880,840-17-9,2021,0.0
4880,840-18-1,1998,1.0
4880,840-18-1,1999,5.0
4880,840-18-1,2001,14.0
4880,840-18-1,2009,1.0
4880,840-18-1,2010,
4880,840-18-1,2021,-7.0
4880,840-18-102,1998,3.0
4880,840-18-102,1999,41.0
4880,840-18-102,2001,22.0
4880,840-18-102,2003,-63.0
4880,840-18-102,2005,-15.0
4880,840-18-102,2008,15.0
4880,840-18-102,2009,5.0
4880,840-18-102,2010,8.0
4880,840-18-102,2021,-13.0
4880,840-18-11,2005,-8.0
4880,840-18-11,2009,2.0
4880,840-18-11,2010,12.0
4880,840-18-11,2021,-2.0
4880,840-18-14,2005,1.0
4880,840-18-14,2008,-6.0
4880,840-18-14,2009,6.0
4880,840-18-14,2010,2.0
4880,840-18-14,2021,
4880,840-18-15,1998,-1.0
4880,840-18-15,1999,
4880,840-18-15,2005,-11.0
4880,840-18-15,2009,-13.0
4880,840-18-15,2010,-23.0
4880,840-18-15,2021,16.0
4880,840-18-3,1998,20.0
4880,840-18-3,1999,-10.0
4880,840-18-3,2001,-2.0
4880,840-18-3,2003,-24.0
4880,840-18-3,2008,1.0
4880,840-18-3,2009,-21.0
4880,840-18-3,2010,-1.0
4880,840-18-3,2021,2.0
4880,840-18-4,1998,-15.0
4880,840-18-4,1999,5.0
4880,840-18-4,2003,
4880,840-18-4,2008,
4880,840-18-4,2010,-9.0
4880,840-18-4,2021,
4880,840-18-7,1998,12.0
4880,840-18-7,1999,10.0
4880,840-18-7,2001,14.0
4880,840-18-7,2003,
4880,840-18-7,2005,9.0
4880,840-18-8,1998,37.0
4880,840-18-8,1999,25.0
4880,840-18-8,2001,26.0
4880,840-18-8,2003,-10.0
4880,840-18-8,2005,-14.0
4880,840-18-8,2008,
4880,840-18-8,2021,10.0
4880,840-18-9,1998,-3.0
4880,840-18-9,1999,-6.0
4880,840-18-9,2003,15.0
4880,840-18-9,2005,-10.0
4880,840-18-9,2008,-13.0
4880,840-18-9,2009,29.0
4880,840-18-9,2010,-13.0
4880,840-2-1,1997,16.0
4880,840-2-1,2001,9.0
4880,840-2-1,2003,15.0
4880,840-2-1,2007,0.0
4880,840-2-1,2010,6.0
4880,840-2-1,2011,-6.0
4880,840-2-1,2022,-4.0
4880,840-2-10,1997,11.0
4880,840-2-10,2001,36.0
4880,840-2-10,2003,
4880,840-2-10,2007,2.0
4880,840-2-10,2011,-5.0
4880,840-2-10,2017,-9.0
4880,840-2-10,2022,-9.0
4880,840-2-102,1997,46.0
4880,840-2-102,1998,-49.0
4880,840-2-102,2001,30.0
4880,840-2-102,2003,3.0
4880,840-2-102,2011,24.0
4880,840-2-102,2016,
4880,840-2-102,2022,-13.0
4880,840-2-105,1997,4.0
4880,840-2-105,2001,19.0
4880,840-2-105,2003,5.0
4880,840-2-105,2007,0.0
4880,840-2-105,2010,7.0
4880,840-2-105,2011,-7.0
4880,840-2-105,2016,1.0
4880,840-2-105,2017,-43.0
4880,840-2-105,2022,11.0
4880,840-2-109,2001,5.0
4880,840-2-109,2003,-17.0
4880,840-2-109,2007,-10.0
4880,840-2-109,2010,-3.0
4880,840-2-109,2011,11.0
4880,840-2-109,2016,1.0
4880,840-2-109,2017,1.0
4880,840-2-109,2022,0.0
4880,840-2-111,2001,-5.0
4880,840-2-111,2003,-14.0
4880,840-2-111,2007,7.0
4880,840-2-111,2011,26.0
4880,840-2-111,2017,11.0
4880,840-2-111,2022,26.0
4880,840-2-12,2001,
4880,840-2-12,2011,31.0
4880,840-2-12,2017,-21.0
4880,840-2-12,2022,0.0
4880,840-2-13,1997,-6.0
4880,840-2-13,1998,0.0
4880,840-2-13,2001,17.0
4880,840-2-13,2003,
4880,840-2-13,2011,17.0
4880,840-2-13,2016,23.0
4880,840-2-13,2022,11.0
4880,840-2-14,1997,4.0
4880,840-2-14,1998,-7.0
4880,840-2-14,2001,-1.0
4880,840-2-14,2003,-11.0
4880,840-2-14,2010,9.0
4880,840-2-14,2011,-20.0
4880,840-2-14,2017,-18.0
4880,840-2-140,1997,-4.0
4880,840-2-140,2006,-1.0
4880,840-2-141,2011,-16.0
4880,840-2-141,2012,
4880,840-2-142,1997,-14.0
4880,840-2-142,1998,0.0
4880,840-2-142,2001,-2.0
4880,840-2-142,2006,-9.0
4880,840-2-142,2011,
4880,840-2-142,2017,4.0
4880,840-2-142,2022,
4880,840-2-15,1997,-24.0
4880,840-2-15,1998,12.0
4880,840-2-15,2000,7.0
4880,840-2-15,2001,9.0
4880,840-2-15,2003,
4880,840-2-15,2012,27.0
4880,840-2-15,2018,11.0
4880,840-2-156,2001,20.0
4880,840-2-156,2003,-42.0
4880,840-2-156,2007,-16.0
4880,840-2-156,2010,39.0
4880,840-2-156,2011,-16.0
4880,840-2-156,2017,3.0
4880,840-2-156,2022,-4.0
4880,840-2-16,2001,
4880,840-2-16,2003,2.0
4880,840-2-16,2010,-18.0
4880,840-2-16,2011,26.0
4880,840-2-162,2001,48.0
4880,840-2-162,2003,4.0
4880,840-2-162,2007,-14.0
4880,840-2-162,2011,18.0
4880,840-2-162,2016,
4880,840-2-162,2022,
4880,840-2-164,2001,-26.0
4880,840-2-164,2003,-5.0
4880,840-2-164,2007,18.0
4880,840-2-164,2010,8.0
4880,840-2-164,2011,19.0
4880,840-2-164,2022,7.0
4880,840-2-17,1997,-20.0
4880,840-2-17,2001,-1.0
4880,840-2-17,2003,4.0
4880,840-2-17,2007,-9.0
4880,840-2-17,2010,
4880,840-2-17,2017,-6.0
4880,840-2-19,1997,-4.0
4880,840-2-19,1998,-13.0
4880,840-2-19,2001,21.0
4880,840-2-19,2003,8.0
4880,840-2-19,2007,9.0
4880,840-2-19,2010,-3.0
4880,840-2-19,2011,
4880,840-2-19,2017,12.0
4880,840-2-19,2022,
4880,840-2-20,1997,22.0
4880,840-2-20,1998,7.0
4880,840-2-20,2001,-4.0
4880,840-2-20,2003,-1.0
4880,840-2-20,2011,-6.0
4880,840-2-20,2017,-11.0
4880,840-2-20,2022,19.0
4880,840-2-201,1997,-9.0
4880,840-2-201,1998,-28.0
4880,840-2-201,2001,7.0
4880,840-2-201,2003,3.0
4880,840-2-201,2007,1.0
4880,840-2-201,2018,12.0
4880,840-2-201,2022,-2.0
4880,840-2-204,2001,-18.0
4880,840-2-204,2003,-16.0
4880,840-2-204,2007,-6.0
4880,840-2-204,2010,18.0
4880,840-2-204,2016,3.0
4880,840-2-204,2017,12.0
4880,840-2-205,1998,-10.0
4880,840-2-205,2001,10.0
4880,840-2-205,2003,4.0
4880,840-2-205,2007,-10.0
4880,840-2-205,2010,-13.0
4880,840-2-205,2011,-3.0
4880,840-2-205,2017,-10.0
4880,840-2-205,2022,
4880,840-2-207,1997,7.0
4880,840-2-207,2001,23.0
4880,840-2-207,2003,-7.0
4880,840-2-207,2007,12.0
4880,840-2-207,2010,-20.0
4880,840-2-207,2011,5.0
4880,840-2-208,2007,
4880,840-2-208,2011,
4880,840-2-208,2017,-23.0
4880,840-2-208,2021,-16.0
4880,840-2-209,2001,
4880,840-2-209,2007,18.0
4880,840-2-209,2011,25.0
4880,840-2-209,2017,
4880,840-2-209,2022,-3.0
4880,840-2-21,1997,-9.0
4880,840-2-21,1998,-14.0
4880,840-2-21,2001,6.0
4880,840-2-21,2003,-7.0
4880,840-2-21,2007,8.0
4880,840-2-21,2011,4.0
4880,840-2-21,2017,-9.0
4880,840-2-21,2021,-3.0
4880,840-2-21,2022,0.0
4880,840-2-210,1997,-19.0
4880,840-2-210,1998,
4880,840-2-210,2003,-13.0
4880,840-2-210,2010,-27.0
4880,840-2-210,2011,2.0
4880,840-2-210,2017,-18.0
4880,840-2-210,2022,
4880,840-2-211,1997,9.0
4880,840-2-211,1998,-9.0
4880,840-2-211,2001,25.0
4880,840-2-211,2003,-46.0
4880,840-2-211,2007,100.0
4880,840-2-211,2010,5.0
4880,840-2-211,2011,-1.0
4880,840-2-211,2017,
4880,840-2-211,2022,7.0
4880,840-2-212,1997,-23.0
4880,840-2-212,1998,38.0
4880,840-2-212,2001,-8.0
4880,840-2-212,2003,10.0
4880,840-2-212,2011,12.0
4880,840-2-212,2017,
4880,840-2-214,1997,-2.0
4880,840-2-214,1998,0.0
4880,840-2-214,2001,-3.0
4880,840-2-214,2011,-2.0
4880,840-2-214,2017,-1.0
4880,840-2-215,1997,49.0
4880,840-2-215,1998,-15.0
4880,840-2-215,2003,-3.0
4880,840-2-215,2010,
4880,840-2-215,2017,13.0
4880,840-2-215,2022,7.0
4880,840-2-216,1998,12.0
4880,840-2-216,2005,
4880,840-2-216,2011,
4880,840-2-216,2017,-11.0
4880,840-2-216,2022,2.0
4880,840-2-218,1997,-2.0
4880,840-2-218,1998,-5.0
4880,840-2-218,2001,5.0
4880,840-2-218,2006,4.0
4880,840-2-218,2011,
4880,840-2-218,2017,6.0
4880,840-2-218,2022,-1.0
4880,840-2-22,1997,0.0
4880,840-2-22,1998,-7.0
4880,840-2-22,2001,2.0
4880,840-2-22,2003,-25.0
4880,840-2-22,2007,0.0
4880,840-2-22,2009,
4880,840-2-22,2011,19.0
4880,840-2-22,2017,4.0
4880,840-2-22,2022,9.0
4880,840-2-23,1997,0.0
4880,840-2-23,1998,0.0
4880,840-2-23,2001,-6.0
4880,840-2-23,2003,-8.0
4880,840-2-23,2011,-11.0
4880,840-2-23,2022,12.0
4880,840-2-24,1998,26.0
4880,840-2-24,1999,13.0
4880,840-2-24,2001,24.0
4880,840-2-24,2003,23.0
4880,840-2-24,2007,-4.0
4880,840-2-24,2010,27.0
4880,840-2-24,2011,-29.0
4880,840-2-24,2017,-22.0
4880,840-2-24,2022,7.0
4880,840-2-25,1997,-2.0
4880,840-2-25,1998,
4880,840-2-25,2001,4.0
4880,840-2-25,2003,-18.0
4880,840-2-25,2007,-16.0
4880,840-2-25,2010,-22.0
4880,840-2-25,2011,20.0
4880,840-2-25,2017,
4880,840-2-25,2022,
4880,840-2-26,1997,-24.0
4880,840-2-26,1998,25.0
4880,840-2-26,2001,-8.0
4880,840-2-26,2003,-21.0
4880,840-2-26,2010,15.0
4880,840-2-26,2011,3.0
4880,840-2-26,2017,
4880,840-2-27,1997,32.0
4880,840-2-27,1998,-6.0
4880,840-2-27,2001,-38.0
4880,840-2-27,2003,-38.0
4880,840-2-27,2007,-11.0
4880,840-2-27,2011,
4880,840-2-27,2017,1.0
4880,840-2-27,2022,-17.0
4880,840-2-28,1997,-27.0
4880,840-2-28,2001,-11.0
4880,840-2-28,2003,
4880,840-2-28,2011,
4880,840-2-28,2017,-14.0
4880,840-2-28,2022,4.0
4880,840-2-29,1997,29.0
4880,840-2-29,1998,-20.0
4880,840-2-29,2001,-8.0
4880,840-2-29,2003,-24.0
4880,840-2-29,2011,-10.0
4880,840-2-29,2017,-36.0
4880,840-2-29,2022,-4.0
4880,840-2-31,2000,41.0
4880,840-2-31,2001,-37.0
4880,840-2-31,2003,0.0
4880,840-2-31,2005,-3.0
4880,840-2-31,2006,44.0
4880,840-2-31,2007,-28.0
4880,840-2-31,2017,-6.0
4880,840-2-31,2022,-3.0
4880,840-2-33,1997,-11.0
4880,840-2-33,1998,22.0
4880,840-2-33,2001,97.0
4880,840-2-33,2011,-1.0
4880,840-2-33,2022,-23.0
4880,840-2-34,1997,-14.0
4880,840-2-34,1998,10.0
4880,840-2-34,2001,8.0
4880,840-2-34,2003,14.0
4880,840-2-34,2010,-12.0
4880,840-2-34,2011,
4880,840-2-34,2022,19.0
4880,840-2-35,1997,-47.0
4880,840-2-35,1998,86.0
4880,840-2-35,2001,-24.0
4880,840-2-35,2006,-7.0
4880,840-2-35,2011,
4880,840-2-35,2017,-4.0
4880,840-2-35,2022,8.0
4880,840-2-36,1997,0.0
4880,840-2-36,1998,
4880,840-2-36,2001,-1.0
4880,840-2-36,2010,-16.0
4880,840-2-36,2011,2.0
4880,840-2-38,1997,-16.0
4880,840-2-38,1998,2.0
4880,840-2-38,2001,-11.0
4880,840-2-38,2011,0.0
4880,840-2-38,2017,-7.0
4880,840-2-4,1997,11.0
4880,840-2-4,1998,4.0
4880,840-2-4,2001,-2.0
4880,840-2-4,2003,-4.0
4880,840-2-4,2010,17.0
4880,840-2-4,2011,-11.0
4880,840-2-4,2016,11.0
4880,840-2-4,2022,19.0
4880,840-2-43,1997,-5.0
4880,840-2-43,1998,22.0
4880,840-2-43,2001,-2.0
4880,840-2-43,2003,6.0
4880,840-2-43,2007,-7.0
4880,840-2-43,2010,8.0
4880,840-2-43,2011,8.0
4880,840-2-43,2017,-3.0
4880,840-2-45,1997,-19.0
4880,840-2-45,1998,-6.0
4880,840-2-45,2001,-10.0
4880,840-2-45,2003,3.0
4880,840-2-45,2007,-21.0
4880,840-2-45,2010,-16.0
4880,840-2-45,2011,31.0
4880,840-2-47,1997,4.0
4880,840-2-47,1998,22.0
4880,840-2-47,2001,-4.0
4880,840-2-47,2003,3.0
4880,840-2-47,2007,-18.0
4880,840-2-47,2010,-13.0
4880,840-2-47,2011,18.0
4880,840-2-47,2017,-11.0
4880,840-2-47,2022,13.0
4880,840-2-48,1997,-2.0
4880,840-2-48,1998,1.0
4880,840-2-48,2001,8.0
4880,840-2-48,2003,2.0
4880,840-2-48,2007,53.0
4880,840-2-48,2011,
4880,840-2-48,2017,-15.0
4880,840-2-49,1997,-25.0
4880,840-2-49,1998,1.0
4880,840-2-49,2001,18.0
4880,840-2-49,2003,
4880,840-2-49,2007,7.0
4880,840-2-49,2010,
4880,840-2-49,2017,-30.0
4880,840-2-50,1997,-17.0
4880,840-2-50,1998,12.0
4880,840-2-50,2001,10.0
4880,840-2-50,2003,-4.0
4880,840-2-50,2007,-45.0
4880,840-2-50,2010,20.0
4880,840-2-50,2011,1.0
4880,840-2-50,2017,-11.0
4880,840-2-50,2022,-8.0
4880,840-2-52,1997,
4880,840-2-52,2001,0.0
4880,840-2-52,2006,6.0
4880,840-2-52,2011,-3.0
4880,840-2-52,2017,1.0
4880,840-2-53,1997,-18.0
4880,840-2-53,1998,7.0
4880,840-2-53,2001,3.0
4880,840-2-53,2011,18.0
4880,840-2-53,2017,-7.0
4880,840-2-54,1997,8.0
4880,840-2-54,1998,
4880,840-2-54,2001,-26.0
4880,840-2-54,2006,-2.0
4880,840-2-54,2022,
4880,840-2-55,2001,83.0
4880,840-2-55,2003,13.0
4880,840-2-55,2011,
4880,840-2-55,2017,16.0
4880,840-2-55,2022,13.0
4880,840-2-57,1997,-1.0
4880,840-2-57,1998,27.0
4880,840-2-57,2001,-11.0
4880,840-2-57,2003,-4.0
4880,840-2-57,2007,-14.0
4880,840-2-57,2010,-18.0
4880,840-2-57,2011,24.0
4880,840-2-57,2022,-4.0
4880,840-2-58,1997,2.0
4880,840-2-58,2001,18.0
4880,840-2-58,2003,24.0
4880,840-2-58,2007,
4880,840-2-58,2011,-10.0
4880,840-2-58,2016,-42.0
4880,840-2-58,2022,11.0
4880,840-2-59,1997,-26.0
4880,840-2-59,1998,8.0
4880,840-2-59,2001,7.0
4880,840-2-59,2003,-4.0
4880,840-2-59,2007,-1.0
4880,840-2-59,2010,0.0
4880,840-2-59,2011,-9.0
4880,840-2-59,2017,12.0
4880,840-2-59,2022,1.0
4880,840-2-60,1997,0.0
4880,840-2-60,1998,9.0
4880,840-2-60,2001,1.0
4880,840-2-60,2003,-24.0
4880,840-2-60,2007,-16.0
4880,840-2-60,2010,-16.0
4880,840-2-60,2011,-6.0
4880,840-2-60,2017,-6.0
4880,840-2-61,1997,-91.0
4880,840-2-61,2001,30.0
4880,840-2-61,2003,-13.0
4880,840-2-61,2007,-3.0
4880,840-2-61,2010,54.0
4880,840-2-61,2011,-35.0
4880,840-2-61,2017,17.0
4880,840-2-63,1997,
4880,840-2-63,2001,-4.0
4880,840-2-63,2003,-7.0
4880,840-2-63,2007,4.0
4880,840-2-63,2009,11.0
4880,840-2-63,2010,2.0
4880,840-2-63,2011,-18.0
4880,840-2-63,2017,-8.0
4880,840-2-63,2022,-4.0
4880,840-2-65,1997,-21.0
4880,840-2-65,1998,6.0
4880,840-2-65,2001,31.0
4880,840-2-65,2003,-17.0
4880,840-2-65,2007,25.0
4880,840-2-65,2010,8.0
4880,840-2-65,2011,3.0
4880,840-2-65,2022,3.0
4880,840-2-66,1997,5.0
4880,840-2-66,1998,-16.0
4880,840-2-66,2001,-7.0
4880,840-2-66,2006,3.0
4880,840-2-66,2011,3.0
4880,840-2-66,2017,-11.0
4880,840-2-67,1997,
4880,840-2-67,2001,36.0
4880,840-2-67,2010,-8.0
4880,840-2-67,2011,3.0
4880,840-2-67,2022,27.0
4880,840-2-68,1997,-11.0
4880,840-2-68,1998,-23.0
4880,840-2-68,2006,-19.0
4880,840-2-68,2011,
4880,840-2-68,2017,
4880,840-2-7,1997,-2.0
4880,840-2-7,2001,16.0
4880,840-2-7,2003,-2.0
4880,840-2-7,2007,-29.0
4880,840-2-7,2010,12.0
4880,840-2-7,2016,17.0
4880,840-2-70,2017,
4880,840-2-71,2001,14.0
4880,840-2-71,2007,17.0
4880,840-2-71,2010,
4880,840-2-71,2022,20.0
4880,840-2-72,1997,6.0
4880,840-2-72,2001,-3.0
4880,840-2-72,2003,2.0
4880,840-2-72,2007,3.0
4880,840-2-72,2010,8.0
4880,840-2-72,2016,3.0
4880,840-2-73,1997,
4880,840-2-73,2007,5.0
4880,840-2-73,2010,-11.0
4880,840-2-73,2016,-8.0
4880,840-2-73,2017,-3.0
4880,840-2-8,1997,
4880,840-2-8,2001,
4880,840-2-8,2003,-28.0
4880,840-2-8,2007,-5.0
4880,840-2-8,2008,9.0
4880,840-2-8,2016,8.0
4880,840-2-8,2018,-11.0
4880,840-21-1,1997,-4.0
4880,840-21-1,1998,12.0
4880,840-21-1,2003,-13.0
4880,840-21-1,2008,-7.0
4880,840-21-1,2009,7.0
4880,840-21-1,2010,2.0
4880,840-21-1,2011,13.0
4880,840-21-10,1998,-2.0
4880,840-21-10,1999,3.0
4880,840-21-10,2008,-15.0
4880,840-21-10,2009,17.0
4880,840-21-10,2010,-5.0
4880,840-21-10,2011,-3.0
4880,840-21-105,1997,-6.0
4880,840-21-105,1998,-10.0
4880,840-21-105,2003,-7.0
4880,840-21-105,2008,-1.0
4880,840-21-105,2009,4.0
4880,840-21-105,2010,-10.0
4880,840-21-105,2011,6.0
4880,840-21-109,1997,-3.0
4880,840-21-109,1998,-9.0
4880,840-21-109,2003,-6.0
4880,840-21-109,2009,-8.0
4880,840-21-109,2010,11.0
4880,840-21-109,2011,-1.0
4880,840-21-2,1998,-1.0
4880,840-21-2,2003,4.0
4880,840-21-2,2008,-7.0
4880,840-21-2,2009,10.0
4880,840-21-2,2010,-9.0
4880,840-21-3,1997,-7.0
4880,840-21-3,1998,22.0
4880,840-21-3,2003,0.0
4880,840-21-3,2008,4.0
4880,840-21-3,2009,-22.0
4880,840-21-3,2010,32.0
4880,840-21-3,2011,-22.0
4880,840-21-4,1997,1.0
4880,840-21-4,1998,-13.0
4880,840-21-4,2003,-9.0
4880,840-21-4,2010,-26.0
4880,840-21-4,2011,23.0
4880,840-25-1,1997,10.0
4880,840-25-1,1998,-15.0
4880,840-25-1,2001,-9.0
4880,840-25-1,2011,
4880,840-25-10,1997,-38.0
4880,840-25-10,1998,16.0
4880,840-25-10,2010,3.0
4880,840-25-10,2011,-9.0
4880,840-25-10,2012,1.0
4880,840-25-10,2017,11.0
4880,840-25-108,1997,-8.0
4880,840-25-108,1998,3.0
4880,840-25-108,2011,
4880,840-25-108,2014,50.0
4880,840-25-11,1998,
4880,840-25-11,2005,
4880,840-25-11,2010,-1.0
4880,840-25-11,2011,12.0
4880,840-25-11,2012,-21.0
4880,840-25-11,2022,29.0
4880,840-25-113,1997,-24.0
4880,840-25-113,1998,30.0
4880,840-25-113,2003,-21.0
4880,840-25-113,2010,8.0
4880,840-25-113,2011,23.0
4880,840-25-113,2012,-32.0
4880,840-25-113,2022,11.0
4880,840-25-116,1999,4.0
4880,840-25-116,2004,8.0
4880,840-25-116,2005,-5.0
4880,840-25-116,2010,-2.0
4880,840-25-116,2011,-6.0
4880,840-25-116,2012,1.0
4880,840-25-116,2022,-18.0
4880,840-25-12,1997,2.0
4880,840-25-12,1998,
4880,840-25-12,2001,-47.0
4880,840-25-12,2003,-12.0
4880,840-25-12,2005,3.0
4880,840-25-12,2010,-8.0
4880,840-25-12,2011,
4880,840-25-12,2017,-2.0
4880,840-25-12,2022,1.0
4880,840-25-129,1998,-2.0
4880,840-25-129,2005,
4880,840-25-129,2010,
4880,840-25-129,2012,2.0
4880,840-25-135,1999,-7.0
4880,840-25-135,2000,22.0
4880,840-25-135,2002,-11.0
4880,840-25-135,2007,17.0
4880,840-25-135,2010,0.0
4880,840-25-14,1998,19.0
4880,840-25-14,2003,-12.0
4880,840-25-14,2010,13.0
4880,840-25-14,2011,14.0
4880,840-25-14,2012,12.0
4880,840-25-14,2015,-11.0
4880,840-25-15,1997,-20.0
4880,840-25-15,1998,-2.0
4880,840-25-15,2011,5.0
4880,840-25-15,2012,-9.0
4880,840-25-15,2017,6.0
4880,840-25-165,2003,-16.0
4880,840-25-165,2004,61.0
4880,840-25-165,2011,-9.0
4880,840-25-165,2012,10.0
4880,840-25-165,2015,
4880,840-25-172,2004,59.0
4880,840-25-172,2005,-70.0
4880,840-25-172,2010,3.0
4880,840-25-172,2011,9.0
4880,840-25-172,2012,2.0
4880,840-25-175,1998,88.0
4880,840-25-175,1999,-73.0
4880,840-25-175,2005,35.0
4880,840-25-175,2010,
4880,840-25-178,2000,
4880,840-25-178,2010,4.0
4880,840-25-18,1998,8.0
4880,840-25-18,1999,-6.0
4880,840-25-18,2007,-2.0
4880,840-25-18,2010,-9.0
4880,840-25-18,2012,-3.0
4880,840-25-18,2022,0.0
4880,840-25-180,1998,
4880,840-25-19,1997,
4880,840-25-19,2010,-2.0
4880,840-25-19,2011,-2.0
4880,840-25-19,2012,4.0
4880,840-25-19,2015,-7.0
4880,840-25-19,2022,20.0
4880,840-25-2,1997,5.0
4880,840-25-2,1998,-3.0
4880,840-25-2,2011,
4880,840-25-20,1998,-1.0
4880,840-25-20,2005,2.0
4880,840-25-20,2010,-1.0
4880,840-25-20,2011,-20.0
4880,840-25-20,2012,6.0
4880,840-25-20,2022,24.0
4880,840-25-21,1998,-31.0
4880,840-25-21,2003,-4.0
4880,840-25-21,2010,0.0
4880,840-25-21,2011,3.0
4880,840-25-21,2012,23.0
4880,840-25-21,2022,-4.0
4880,840-25-22,1998,7.0
4880,840-25-22,1999,-6.0
4880,840-25-22,2003,5.0
4880,840-25-22,2005,-3.0
4880,840-25-22,2010,-8.0
4880,840-25-22,2011,6.0
4880,840-25-22,2012,-15.0
4880,840-25-24,1998,
4880,840-25-24,2005,6.0
4880,840-25-24,2011,0.0
4880,840-25-25,2012,0.0
4880,840-25-25,2022,
4880,840-25-26,1997,
4880,840-25-27,1998,3.0
4880,840-25-27,1999,3.0
4880,840-25-27,2004,-14.0
4880,840-25-27,2005,-17.0
4880,840-25-27,2010,24.0
4880,840-25-27,2011,-26.0
4880,840-25-27,2012,13.0
4880,840-25-28,1999,3.0
4880,840-25-28,2002,-9.0
4880,840-25-28,2004,-2.0
4880,840-25-28,2010,10.0
4880,840-25-28,2011,1.0
4880,840-25-3,1997,3.0
4880,840-25-3,1998,17.0
4880,840-25-3,2006,13.0
4880,840-25-3,2011,
4880,840-25-30,1998,
4880,840-25-30,2005,-7.0
4880,840-25-30,2010,
4880,840-25-30,2012,3.0
4880,840-25-31,1998,
4880,840-25-31,2013,-25.0
4880,840-25-31,2014,12.0
4880,840-25-37,1997,-11.0
4880,840-25-37,1998,18.0
4880,840-25-37,2010,15.0
4880,840-25-37,2011,
4880,840-25-4,1997,-1.0
4880,840-25-4,1998,-27.0
4880,840-25-4,2011,
4880,840-25-4,2014,-7.0
4880,840-25-4,2017,13.0
4880,840-25-4,2022,-11.0
6130,124-11-10,1999,
6130,124-11-10,2001,-10.0
6130,124-11-10,2004,4.0
6130,124-11-10,2006,-11.0
6130,124-11-10,2012,
6130,124-11-17,2000,
6130,124-11-17,2014,-3.0
6130,124-11-17,2015,
6130,124-11-19,1999,-3.0
6130,124-11-19,2001,-1.0
6130,124-11-19,2002,
6130,124-11-19,2006,
6130,124-11-19,2015,1.0
6130,124-11-198,2004,-4.0
6130,124-11-198,2005,
6130,124-11-198,2008,0.0
6130,124-11-198,2010,0.0
6130,124-11-220,1999,-3.0
6130,124-11-220,2001,-1.0
6130,124-11-220,2004,
6130,124-11-222,1999,-1.0
6130,124-11-222,2015,
6130,124-11-223,2011,
6130,124-11-223,2015,
6130,124-11-234,2001,79.0
6130,124-11-234,2004,-22.0
6130,124-11-234,2012,-13.0
6130,124-11-234,2015,
6130,124-11-234,2021,-12.0
6130,124-11-244,1999,
6130,124-11-244,2001,2.0
6130,124-11-244,2002,-1.0
6130,124-11-244,2012,0.0
6130,124-11-244,2015,
6130,124-11-255,1998,0.0
6130,124-11-255,1999,14.0
6130,124-11-255,2001,5.0
6130,124-11-255,2004,0.0
6130,124-11-255,2006,-3.0
6130,124-11-255,2008,-18.0
6130,124-11-255,2012,7.0
6130,124-11-255,2015,-2.0
6130,124-11-265,1999,
6130,124-11-265,2004,
6130,124-11-270,1998,
6130,124-11-270,2001,
6130,124-11-270,2004,-11.0
6130,124-11-270,2008,0.0
6130,124-11-270,2012,-11.0
6130,124-11-270,2021,8.0
6130,124-11-29,1999,-10.0
6130,124-11-29,2001,
6130,124-11-29,2006,9.0
6130,124-11-33,1999,5.0
6130,124-11-33,2001,0.0
6130,124-11-33,2002,1.0
6130,124-11-33,2003,
6130,124-11-33,2006,
6130,124-11-401,2004,
6130,124-11-401,2008,
6130,124-11-401,2011,1.0
6130,124-11-401,2012,2.0
6130,124-11-401,2015,
6130,124-11-401,2021,-2.0
6130,124-11-402,1999,
6130,124-11-402,2015,
6130,124-11-407,1997,
6130,124-11-407,2000,
6130,124-11-407,2002,1.0
6130,124-11-407,2003,
6130,124-11-408,2021,
6130,124-11-409,2001,5.0
6130,124-11-409,2004,-1.0
6130,124-11-409,2006,-3.0
6130,124-11-409,2012,
6130,124-11-410,2006,0.0
6130,124-11-413,2004,-8.0
6130,124-11-413,2007,
6130,124-11-413,2012,
6130,124-11-413,2015,
6130,124-11-419,2004,
6130,124-11-419,2012,
6130,124-11-420,1999,-9.0
6130,124-11-420,2001,-1.0
6130,124-11-420,2002,-7.0
6130,124-11-420,2004,3.0
6130,124-11-420,2012,
6130,124-11-420,2015,0.0
6130,124-11-45,1998,
6130,124-11-45,2001,
6130,124-11-45,2004,-1.0
6130,124-11-5,1999,0.0
6130,124-11-5,2003,0.0
6130,124-11-5,2004,
6130,124-11-5,2006,1.0
6130,124-11-55,1999,
6130,124-11-58,2002,0.0
6130,124-11-6,2011,
6130,124-11-6,2015,0.0
6130,124-11-608,1999,-6.0
6130,124-11-608,2001,1.0
6130,124-11-608,2004,-4.0
6130,124-11-608,2010,2.0
6130,124-11-608,2011,3.0
6130,124-11-608,2012,-5.0
6130,124-11-608,2021,
6130,124-11-609,2003,
6130,124-11-609,2012,
6130,124-11-612,2004,
6130,124-11-612,2011,
6130,124-11-613,2000,11.0
6130,124-11-613,2001,-11.0
6130,124-11-613,2004,-24.0
6130,124-11-613,2015,4.0
6130,124-11-613,2021,12.0
6130,124-11-614,2007,-3.0
6130,124-11-614,2009,2.0
6130,124-11-614,2012,1.0
6130,124-11-614,2015,1.0
6130,124-11-69,1998,-3.0
6130,124-11-709,1999,7.0
6130,124-11-709,2004,3.0
6130,124-11-74,1999,1.0
6130,124-11-74,2001,
6130,124-11-74,2004,0.0
6130,124-11-74,2006,0.0
6130,124-11-74,2011,0.0
6130,124-11-74,2021,0.0
6130,124-11-81,2005,
6130,124-11-81,2008,
6130,124-4-10,2005,1.0
6130,124-4-10,2021,4.0
6130,124-4-105,1999,-1.0
6130,124-4-105,2006,0.0
6130,124-4-106,1997,-1.0
6130,124-4-106,1998,
6130,124-4-106,2004,-2.0
6130,124-4-106,2005,3.0
6130,124-4-106,2006,-3.0
6130,124-4-106,2007,0.0
6130,124-4-106,2010,
6130,124-4-106,2018,0.0
6130,124-4-107,2005,1.0
6130,124-4-107,2011,-3.0
6130,124-4-107,2014,
6130,124-4-107,2016,-3.0
6130,124-4-107,2018,0.0
6130,124-4-109,2005,4.0
6130,124-4-109,2011,-6.0
6130,124-4-109,2015,0.0
6130,124-4-109,2016,
6130,124-4-109,2021,0.0
6130,124-4-113,2002,-1.0
6130,124-4-113,2005,
6130,124-4-113,2011,-6.0
6130,124-4-113,2016,
6130,124-4-113,2018,4.0
6130,124-4-114,1999,-1.0
6130,124-4-114,2002,1.0
6130,124-4-114,2005,4.0
6130,124-4-114,2011,
6130,124-4-114,2015,
6130,124-4-114,2021,1.0
6130,124-4-115,2002,3.0
6130,124-4-115,2005,0.0
6130,124-4-115,2006,2.0
6130,124-4-115,2015,1.0
6130,124-4-115,2016,
6130,124-4-115,2021,
6130,124-4-116,2002,-3.0
6130,124-4-116,2016,
6130,124-4-121,2002,2.0
6130,124-4-121,2005,5.0
6130,124-4-121,2006,
6130,124-4-125,2001,
6130,124-4-127,2001,
6130,124-4-127,2015,0.0
6130,124-4-127,2016,3.0
6130,124-4-127,2018,
6130,124-4-128,2002,0.0
6130,124-4-128,2005,2.0
6130,124-4-128,2021,4.0
6130,124-4-129,2000,4.0
6130,124-4-129,2001,-5.0
6130,124-4-129,2002,1.0
6130,124-4-129,2006,1.0
6130,124-4-13,1997,-2.0
6130,124-4-13,1999,1.0
6130,124-4-13,2000,
6130,124-4-13,2011,4.0
6130,124-4-13,2016,4.0
6130,124-4-13,2018,2.0
6130,124-4-136,2004,2.0
6130,124-4-136,2005,0.0
6130,124-4-136,2021,-10.0
6130,124-4-138,2005,2.0
6130,124-4-138,2006,0.0
6130,124-4-138,2021,-1.0
6130,124-4-14,2002,-1.0
6130,124-4-14,2009,
6130,124-4-14,2011,
6130,124-4-15,2002,-4.0
6130,124-4-15,2021,
6130,124-4-17,1999,
6130,124-4-17,2001,
6130,124-4-17,2006,1.0
6130,124-4-18,1997,-4.0
6130,124-4-18,2002,
6130,124-4-18,2004,-8.0
6130,124-4-18,2005,8.0
6130,124-4-19,2002,-4.0
6130,124-4-19,2005,-5.0
6130,124-4-19,2015,
6130,124-4-19,2021,
6130,124-4-196,1999,
6130,124-4-196,2006,
6130,124-4-2,1998,-9.0
6130,124-4-2,2005,-1.0
6130,124-4-2,2010,-1.0
6130,124-4-2,2011,0.0
6130,124-4-2,2015,4.0
6130,124-4-2,2021,2.0
6130,124-4-20,2002,
6130,124-4-20,2005,-5.0
6130,124-4-20,2014,-8.0
6130,124-4-20,2016,6.0
6130,124-4-20,2021,
6130,124-4-201,2004,2.0
6130,124-4-201,2015,
6130,124-4-201,2021,-2.0
6130,124-4-204,2005,2.0
6130,124-4-204,2011,7.0
6130,124-4-204,2014,-2.0
6130,124-4-204,2015,0.0
6130,124-4-204,2016,3.0
6130,124-4-210,2005,4.0
6130,124-4-210,2015,1.0
6130,124-4-210,2016,0.0
6130,124-4-210,2021,0.0
6130,124-4-212,2002,
6130,124-4-212,2005,0.0
6130,124-4-212,2015,1.0
6130,124-4-212,2016,
6130,124-4-212,2018,5.0
6130,124-4-213,2002,
6130,124-4-213,2006,1.0
6130,124-4-213,2010,2.0
6130,124-4-213,2011,
6130,124-4-213,2014,
6130,124-4-213,2016,-1.0
6130,124-4-213,2018,-1.0
6130,124-4-214,2005,4.0
6130,124-4-214,2011,18.0
6130,124-4-214,2014,-5.0
6130,124-4-214,2015,-1.0
6130,124-4-214,2016,4.0
6130,124-4-214,2021,12.0
6130,124-4-215,1998,11.0
6130,124-4-215,1999,
6130,124-4-215,2006,0.0
6130,124-4-215,2015,-2.0
6130,124-4-215,2016,5.0
6130,124-4-22,1999,8.0
6130,124-4-22,2002,0.0
6130,124-4-22,2005,0.0
6130,124-4-22,2006,0.0
6130,124-4-22,2015,-2.0
6130,124-4-22,2016,4.0
6130,124-4-227,1998,1.0
6130,124-4-227,2000,
6130,124-4-227,2003,
6130,124-4-227,2012,-5.0
6130,124-4-228,2000,1.0
6130,124-4-228,2001,14.0
6130,124-4-228,2002,
6130,124-4-228,2005,-3.0
6130,124-4-228,2015,-3.0
6130,124-4-229,2000,6.0
6130,124-4-229,2002,
6130,124-4-229,2015,-4.0
6130,124-4-229,2016,3.0
6130,124-4-229,2021,3.0
6130,124-4-24,2005,
6130,124-4-24,2010,
6130,124-4-24,2021,
6130,124-4-251,2002,5.0
6130,124-4-251,2011,
6130,124-4-26,2004,8.0
6130,124-4-26,2005,4.0
6130,124-4-26,2006,-7.0
6130,124-4-26,2012,-1.0
6130,124-4-26,2015,
6130,124-4-27,2002,5.0
6130,124-4-27,2004,-1.0
6130,124-4-27,2005,2.0
6130,124-4-27,2006,-4.0
6130,124-4-28,2001,0.0
6130,124-4-28,2002,-1.0
6130,124-4-28,2005,
6130,124-4-28,2021,-4.0
6130,124-4-29,1999,-1.0
6130,124-4-29,2000,-4.0
6130,124-4-29,2002,-2.0
6130,124-4-29,2005,
6130,124-4-29,2015,-3.0
6130,124-4-29,2021,
6130,124-4-3,1998,3.0
6130,124-4-3,2005,-4.0
6130,124-4-3,2006,-5.0
6130,124-4-3,2007,-1.0
6130,124-4-3,2011,8.0
6130,124-4-3,2014,-3.0
6130,124-4-3,2015,3.0
6130,124-4-3,2016,-5.0
6130,124-4-302,1998,-2.0
6130,124-4-302,2005,-1.0
6130,124-4-302,2010,7.0
6130,124-4-302,2011,-5.0
6130,124-4-302,2014,5.0
6130,124-4-302,2015,-7.0
6130,124-4-302,2021,2.0
6130,124-4-304,2005,
6130,124-4-304,2011,-1.0
6130,124-4-304,2015,-1.0
6130,124-4-304,2016,
6130,124-4-306,2011,6.0
6130,124-4-306,2014,2.0
6130,124-4-306,2021,-2.0
6130,124-4-31,1999,-8.0
6130,124-4-31,2000,0.0
6130,124-4-31,2002,-1.0
6130,124-4-31,2015,-7.0
6130,124-4-31,2018,
6130,124-4-311,2002,-6.0
6130,124-4-311,2005,2.0
6130,124-4-311,2006,-3.0
6130,124-4-311,2016,
6130,124-4-312,2005,4.0
6130,124-4-312,2011,-2.0
6130,124-4-312,2014,-7.0
6130,124-4-312,2015,-2.0
6130,124-4-312,2016,1.0
6130,124-4-312,2018,-3.0
6130,124-4-313,2005,
6130,124-4-313,2011,-3.0
6130,124-4-313,2016,-1.0
6130,124-4-313,2021,-3.0
6130,124-4-315,1999,1.0
6130,124-4-315,2002,-3.0
6130,124-4-315,2009,-3.0
6130,124-4-315,2014,
6130,124-4-315,2017,-5.0
6130,124-4-315,2018,-3.0
6130,124-4-328,2001,5.0
6130,124-4-328,2002,-5.0
6130,124-4-328,2021,-3.0
6130,124-4-329,2021,3.0
6130,124-4-33,1998,-4.0
6130,124-4-33,1999,
6130,124-4-330,1999,3.0
6130,124-4-330,2000,9.0
6130,124-4-330,2002,-7.0
6130,124-4-330,2005,2.0
6130,124-4-330,2015,4.0
6130,124-4-330,2021,5.0
6130,124-4-37,2000,
6130,124-4-37,2003,
6130,124-4-37,2005,2.0
6130,124-4-37,2006,-3.0
6130,124-4-37,2012,
6130,124-4-37,2014,
6130,124-4-37,2016,3.0
6130,124-4-37,2021,
6130,124-4-4,2005,-3.0
6130,124-4-4,2011,4.0
6130,124-4-4,2014,-2.0
6130,124-4-4,2015,0.0
6130,124-4-4,2016,2.0
6130,124-4-4,2017,-3.0
6130,124-4-40,1998,-2.0
6130,124-4-40,1999,4.0
6130,124-4-40,2000,4.0
6130,124-4-40,2002,-3.0
6130,124-4-40,2006,4.0
6130,124-4-40,2011,0.0
6130,124-4-40,2015,1.0
6130,124-4-40,2016,5.0
6130,124-4-404,2021,
6130,124-4-42,1999,2.0
6130,124-4-42,2018,
6130,124-4-49,1999,
6130,124-4-49,2012,-3.0
6130,124-4-50,2001,-2.0
6130,124-4-50,2002,1.0
6130,124-4-50,2003,
6130,124-4-50,2011,1.0
6130,124-4-50,2021,-2.0
6130,124-4-55,1999,1.0
6130,124-4-55,2001,-3.0
6130,124-4-55,2002,
6130,124-4-55,2006,
6130,124-4-55,2011,1.0
6130,124-4-55,2021,
6130,124-4-6,2005,
6130,124-4-6,2011,
6130,124-4-6,2015,0.0
6130,124-4-62,1999,
6130,124-4-62,2002,-3.0
6130,124-4-62,2003,0.0
6130,124-4-63,1999,
6130,124-4-63,2005,3.0
6130,124-4-63,2009,-1.0
6130,124-4-63,2011,-1.0
6130,124-4-63,2016,
6130,124-4-63,2021,
6130,124-4-7,1997,2.0
6130,124-4-7,2005,0.0
6130,124-4-7,2006,7.0
6130,124-4-7,2007,-2.0
6130,124-4-7,2011,
6130,124-4-9,2005,
6130,124-4-9,2011,-3.0
6130,124-4-9,2014,1.0
6130,124-4-9,2015,5.0
6130,124-4-9,2016,2.0
6130,124-4-96,1997,0.0
6130,124-4-96,2017,
6130,124-43-7,2009,
6130,124-43-7,2016,
6130,124-43-8,2005,
6130,124-43-8,2013,-1.0
6130,124-43-8,2014,-2.0
6130,124-43-9,2013,
6130,124-45-1,1998,-8.0
6130,124-45-1,2000,-11.0
6130,124-45-1,2009,-18.0
6130,124-45-1,2018,-13.0
6130,124-45-1,2021,1.0
6130,124-45-101,1998,
6130,124-45-101,2004,
6130,124-45-101,2009,-1.0
6130,124-45-101,2018,-3.0
6130,124-45-101,2021,-1.0
6130,124-45-102,1998,13.0
6130,124-45-102,2000,-14.0
6130,124-45-102,2004,-6.0
6130,124-45-102,2009,8.0
6130,124-45-102,2018,-1.0
6130,124-45-102,2021,14.0
6130,124-45-103,1997,6.0
6130,124-45-103,1998,-12.0
6130,124-45-103,2000,-40.0
6130,124-45-103,2004,-34.0
6130,124-45-103,2009,3.0
6130,124-45-103,2018,-18.0
6130,124-45-105,1997,
6130,124-45-105,2000,42.0
6130,124-45-105,2004,
6130,124-45-105,2009,-3.0
6130,124-45-105,2018,2.0
6130,124-45-105,2021,-1.0
6130,124-45-107,1997,-9.0
6130,124-45-107,1998,1.0
6130,124-45-107,2000,4.0
6130,124-45-107,2004,3.0
6130,124-45-107,2009,-1.0
6130,124-45-107,2018,
6130,124-45-109,1998,
6130,124-45-109,2008,3.0
6130,124-45-109,2009,
6130,124-45-109,2018,
6130,124-45-11,1997,14.0
6130,124-45-11,1998,-15.0
6130,124-45-11,2000,14.0
6130,124-45-11,2018,2.0
6130,124-45-11,2021,-27.0
6130,124-45-111,1997,-9.0
6130,124-45-111,1998,-4.0
6130,124-45-111,2000,-11.0
6130,124-45-111,2004,16.0
6130,124-45-111,2018,0.0
6130,124-45-111,2021,0.0
6130,124-45-112,1998,
6130,124-45-113,1997,-26.0
6130,124-45-113,2000,8.0
6130,124-45-113,2004,7.0
6130,124-45-113,2006,-1.0
6130,124-45-113,2009,6.0
6130,124-45-113,2021,11.0
6130,124-45-114,1997,-7.0
6130,124-45-114,2000,-7.0
6130,124-45-114,2002,1.0
6130,124-45-114,2009,7.0
6130,124-45-114,2012,
6130,124-45-116,2000,-11.0
6130,124-45-116,2004,-8.0
6130,124-45-116,2021,-2.0
6130,124-45-118,1998,
6130,124-45-118,2009,1.0
6130,124-45-118,2018,
6130,124-45-12,2006,
6130,124-45-12,2009,0.0
6130,124-45-12,2021,0.0
6130,124-45-120,2004,
6130,124-45-120,2021,
6130,124-45-121,1997,-13.0
6130,124-45-121,1998,-8.0
6130,124-45-121,2000,-3.0
6130,124-45-121,2004,-2.0
6130,124-45-121,2018,3.0
6130,124-45-121,2021,-2.0
6130,124-45-13,1997,-6.0
6130,124-45-13,1998,-1.0
6130,124-45-13,2000,-9.0
6130,124-45-13,2004,2.0
6130,124-45-13,2009,-3.0
6130,124-45-13,2018,-1.0
6130,124-45-13,2021,1.0
6130,124-45-18,1997,-22.0
6130,124-45-18,1998,-3.0
6130,124-45-18,2000,-6.0
6130,124-45-18,2002,-1.0
6130,124-45-18,2004,-7.0
6130,124-45-18,2006,12.0
6130,124-45-18,2015,-13.0
6130,124-45-2,1997,0.0
6130,124-45-2,1998,0.0
6130,124-45-2,2000,-7.0
6130,124-45-2,2004,-11.0
6130,124-45-2,2009,-10.0
6130,124-45-2,2018,-2.0
6130,124-45-201,1999,
6130,124-45-201,2021,
6130,124-45-203,2004,-1.0
6130,124-45-203,2008,-2.0
6130,124-45-203,2009,2.0
6130,124-45-203,2018,-2.0
6130,124-45-203,2021,-38.0
6130,124-45-205,1998,-13.0
6130,124-45-205,2000,0.0
6130,124-45-205,2004,3.0
6130,124-45-205,2009,-8.0
6130,124-45-205,2018,6.0
6130,124-45-205,2021,-16.0
6130,124-45-207,1997,-1.0
6130,124-45-207,1998,-8.0
6130,124-45-207,2000,-2.0
6130,124-45-207,2012,-5.0
6130,124-45-207,2018,
6130,124-45-209,1997,33.0
6130,124-45-209,1998,-35.0
6130,124-45-209,2000,-17.0
6130,124-45-209,2004,-15.0
6130,124-45-209,2018,-18.0
6130,124-45-209,2021,
6130,124-45-21,1997,12.0
6130,124-45-21,1998,-5.0
6130,124-45-21,2000,-10.0
6130,124-45-21,2004,-4.0
6130,124-45-21,2018,-8.0
6130,124-45-21,2021,-16.0
6130,124-45-213,1997,
6130,124-45-213,2000,8.0
6130,124-45-213,2002,2.0
6130,124-45-213,2004,0.0
6130,124-45-213,2006,0.0
6130,124-45-213,2009,-9.0
6130,124-45-216,2000,0.0
6130,124-45-216,2004,
6130,124-45-216,2018,
6130,124-45-216,2021,-4.0
6130,124-45-218,1997,-4.0
6130,124-45-218,1998,3.0
6130,124-45-218,2000,-7.0
6130,124-45-218,2004,
6130,124-45-218,2018,15.0
6130,124-45-218,2021,
6130,124-45-22,2000,3.0
6130,124-45-22,2004,12.0
6130,124-45-22,2021,-8.0
6130,124-45-220,1997,13.0
6130,124-45-220,2000,-6.0
6130,124-45-220,2004,-1.0
6130,124-45-220,2018,
6130,124-45-220,2021,-10.0
6130,124-45-26,2000,-5.0
6130,124-45-26,2014,12.0
6130,124-45-26,2021,-6.0
6130,124-45-3,2000,-5.0
6130,124-45-3,2002,-2.0
6130,124-45-3,2004,
6130,124-45-3,2006,-8.0
6130,124-45-3,2009,-10.0
6130,124-45-3,2012,-9.0
6130,124-45-30,2000,0.0
6130,124-45-30,2021,8.0
6130,124-45-307,2008,-2.0
6130,124-45-307,2009,6.0
6130,124-45-307,2014,-10.0
6130,124-45-307,2018,-3.0
6130,124-45-307,2021,-6.0
6130,124-45-41,1997,-4.0
6130,124-45-41,1998,-10.0
6130,124-45-41,2000,3.0
6130,124-45-41,2009,14.0
6130,124-45-41,2018,2.0
6130,124-45-41,2021,
6130,124-45-42,2004,7.0
6130,124-45-42,2009,-6.0
6130,124-45-42,2018,-1.0
6130,124-45-42,2021,-6.0
6130,124-45-42,2022,8.0
6130,124-45-43,1997,-1.0
6130,124-45-43,1998,-11.0
6130,124-45-43,2000,-7.0
6130,124-45-43,2018,2.0
6130,124-45-43,2021,7.0
6130,124-45-49,2004,-5.0
6130,124-45-49,2021,0.0
6130,124-45-5,1997,-11.0
6130,124-45-5,1998,-6.0
6130,124-45-5,2000,-9.0
6130,124-45-5,2004,-5.0
6130,124-45-5,2009,-5.0
6130,124-45-5,2018,-12.0
6130,124-45-5,2021,-6.0
6130,124-45-7,1997,116.0
6130,124-45-7,1998,-102.0
6130,124-45-7,2000,-6.0
6130,124-45-7,2008,-4.0
6130,124-45-7,2009,-8.0
6130,124-45-7,2018,1.0
6130,124-45-7,2021,-11.0
6130,124-45-9,1997,7.0
6130,124-45-9,1998,
6130,124-45-9,2000,
6130,124-45-9,2009,-2.0
6130,124-45-9,2018,-6.0
6130,124-45-9,2021,-4.0
6130,124-56-105,1999,
6130,124-56-105,2002,8.0
6130,124-56-105,2004,1.0
6130,124-56-105,2015,
6130,124-56-105,2021,
6130,124-56-13,2001,-1.0
6130,124-56-13,2004,
6130,124-56-137,1999,
6130,124-56-137,2001,-1.0
6130,124-56-137,2002,-6.0
6130,124-56-137,2004,3.0
6130,124-56-137,2015,4.0
6130,124-56-137,2018,-11.0
6130,124-56-137,2021,-2.0
6130,124-56-14,1998,
6130,124-56-14,2012,-1.0
6130,124-56-14,2018,
6130,124-56-15,1999,-2.0
6130,124-56-15,2011,-3.0
6130,124-56-15,2021,
6130,124-56-21,1999,4.0
6130,124-56-21,2001,-2.0
6130,124-56-21,2002,6.0
6130,124-56-21,2004,
6130,124-56-21,2006,7.0
6130,124-56-21,2015,5.0
6130,124-56-21,2018,0.0
6130,124-56-21,2021,-4.0
6130,124-56-22,1999,0.0
6130,124-56-22,2001,1.0
6130,124-56-22,2002,0.0
6130,124-56-22,2004,-3.0
6130,124-56-25,2015,0.0
6130,124-56-25,2021,0.0
6130,124-56-26,2017,-1.0
6130,124-56-26,2018,
6130,124-56-31,1999,0.0
6130,124-56-31,2001,
6130,124-56-31,2004,
6130,124-56-31,2015,-3.0
6130,124-56-31,2016,4.0
6130,124-56-31,2018,11.0
6130,124-56-31,2021,-5.0
6130,124-56-33,1999,4.0
6130,124-56-33,2001,-1.0
6130,124-56-33,2002,-3.0
6130,124-56-33,2004,
6130,124-56-33,2015,-4.0
6130,124-56-33,2018,-7.0
6130,124-56-34,1999,-6.0
6130,124-56-34,2004,
6130,124-56-34,2015,0.0
6130,124-56-38,2004,
6130,124-56-38,2021,9.0
6130,124-56-41,1999,-1.0
6130,124-56-41,2002,0.0
6130,124-56-41,2004,
6130,124-56-41,2015,-3.0
6130,124-56-41,2018,
6130,124-56-42,2004,
6130,124-56-42,2006,1.0
6130,124-56-42,2015,4.0
6130,124-56-44,1999,0.0
6130,124-56-44,2002,-3.0
6130,124-56-44,2004,-1.0
6130,124-57-10,2017,
6130,124-65-11,1997,-4.0
6130,124-65-11,1999,1.0
6130,124-65-11,2001,2.0
6130,124-65-11,2002,-2.0
6130,124-65-11,2004,3.0
6130,124-65-117,1999,7.0
6130,124-65-117,2002,2.0
6130,124-65-117,2015,
6130,124-65-117,2018,
6130,124-65-117,2021,-1.0
6130,124-65-13,1999,2.0
6130,124-65-13,2002,
6130,124-65-13,2004,-1.0
6130,124-65-13,2015,
6130,124-65-13,2018,1.0
6130,124-65-13,2021,
6130,124-65-130,2001,
6130,124-65-14,1999,9.0
6130,124-65-14,2001,2.0
6130,124-65-14,2004,16.0
6130,124-65-14,2006,1.0
6130,124-65-14,2011,-3.0
6130,124-65-14,2013,-4.0
6130,124-65-14,2015,-4.0
6130,124-65-14,2016,-8.0
6130,124-65-14,2018,1.0
6130,124-65-14,2021,3.0
6130,124-65-18,1999,
6130,124-65-18,2001,2.0
6130,124-65-18,2002,
6130,124-65-18,2004,-4.0
6130,124-65-18,2006,
6130,124-65-18,2015,4.0
6130,124-65-19,1999,2.0
6130,124-65-19,2001,-7.0
6130,124-65-19,2002,-7.0
6130,124-65-19,2004,-2.0
6130,124-65-19,2015,-9.0
6130,124-65-19,2018,-3.0
6130,124-65-19,2021,-2.0
6130,124-65-20,1999,-3.0
6130,124-65-20,2001,8.0
6130,124-65-20,2002,0.0
6130,124-65-20,2004,0.0
6130,124-65-20,2006,7.0
6130,124-65-20,2011,-1.0
6130,124-65-20,2018,
6130,124-65-21,1999,5.0
6130,124-65-21,2004,
6130,124-65-21,2015,-3.0
6130,124-65-21,2016,-1.0
6130,124-65-21,2018,-6.0
6130,124-65-21,2021,
6130,124-65-22,1999,-14.0
6130,124-65-22,2002,
6130,124-65-22,2016,0.0
6130,124-65-23,2002,-2.0
6130,124-65-23,2003,1.0
6130,124-65-23,2004,-1.0
6130,124-65-23,2022,
6130,124-65-27,1999,6.0
6130,124-65-27,2002,
6130,124-65-27,2004,6.0
6130,124-65-27,2015,
6130,124-65-27,2018,
6130,124-65-27,2021,-1.0
6130,124-65-28,1999,-5.0
6130,124-65-28,2001,3.0
6130,124-65-28,2002,-5.0
6130,124-65-28,2004,0.0
6130,124-65-28,2006,2.0
6130,124-65-28,2015,-1.0
6130,124-65-28,2016,7.0
6130,124-65-28,2018,
6130,124-65-29,1999,-1.0
6130,124-65-29,2001,
6130,124-65-29,2015,-4.0
6130,124-65-29,2018,
6130,124-65-31,1999,0.0
6130,124-65-31,2001,11.0
6130,124-65-31,2002,
6130,124-65-31,2018,4.0
6130,124-65-31,2021,1.0
6130,124-65-33,2001,5.0
6130,124-65-33,2004,-1.0
6130,124-65-33,2005,4.0
6130,124-65-33,2006,-2.0
6130,124-65-33,2012,3.0
6130,124-65-33,2021,-2.0
6130,124-65-33,2022,2.0
6130,124-65-34,1997,
6130,124-65-34,2001,
6130,124-65-34,2021,
6130,124-65-35,1999,-32.0
6130,124-65-35,2001,26.0
6130,124-65-35,2002,
6130,124-65-35,2015,3.0
6130,124-65-36,1999,5.0
6130,124-65-36,2001,-3.0
6130,124-65-36,2002,
6130,124-65-36,2004,-4.0
6130,124-65-36,2006,-1.0
6130,124-65-36,2018,-1.0
6130,124-65-37,1999,-4.0
6130,124-65-37,2001,-13.0
6130,124-65-37,2002,
6130,124-65-37,2004,
6130,124-65-37,2015,3.0
6130,124-65-38,1999,
6130,124-65-38,2004,
6130,124-65-5,1997,-2.0
6130,124-65-5,1999,-1.0
6130,124-65-5,2002,
6130,124-65-7,1997,9.0
6130,124-65-7,1999,-2.0
6130,124-65-9,1999,3.0
6130,124-65-9,2002,-1.0
6130,124-65-9,2004,1.0
6130,124-65-9,2016,
6130,124-68-10,2007,-1.0
6130,124-68-10,2009,29.0
6130,124-68-10,2012,13.0
6130,124-68-10,2015,-33.0
6130,124-68-10,2021,2.0
6130,124-68-11,1999,2.0
6130,124-68-11,2000,7.0
6130,124-68-11,2002,-1.0
6130,124-68-11,2009,4.0
6130,124-68-11,2012,-17.0
6130,124-68-11,2015,-2.0
6130,124-68-11,2021,2.0
6130,124-68-113,1999,4.0
6130,124-68-113,2000,-5.0
6130,124-68-113,2004,-8.0
6130,124-68-113,2005,-13.0
6130,124-68-113,2009,6.0
6130,124-68-113,2012,9.0
6130,124-68-113,2015,-2.0
6130,124-68-113,2021,3.0
6130,124-68-117,2000,-5.0
6130,124-68-117,2004,-19.0
6130,124-68-117,2005,2.0
6130,124-68-117,2009,-4.0
6130,124-68-117,2012,8.0
6130,124-68-119,2000,9.0
6130,124-68-119,2003,11.0
6130,124-68-119,2004,-6.0
6130,124-68-119,2005,-27.0
6130,124-68-119,2009,19.0
6130,124-68-119,2012,-18.0
6130,124-68-12,1999,3.0
6130,124-68-12,2000,-4.0
6130,124-68-12,2004,-8.0
6130,124-68-12,2005,10.0
6130,124-68-12,2009,-7.0
6130,124-68-12,2012,-10.0
6130,124-68-12,2016,4.0
6130,124-68-12,2022,3.0
6130,124-68-14,2000,-18.0
6130,124-68-14,2003,14.0
6130,124-68-14,2004,8.0
6130,124-68-14,2005,-33.0
6130,124-68-14,2012,
6130,124-68-14,2015,-2.0
6130,124-68-14,2021,-10.0
6130,124-68-142,2005,
6130,124-68-15,1999,-6.0
6130,124-68-15,2000,-45.0
6130,124-68-15,2004,6.0
6130,124-68-15,2005,-25.0
6130,124-68-15,2009,0.0
6130,124-68-15,2012,27.0
6130,124-68-15,2021,-7.0
6130,124-68-16,2004,-44.0
6130,124-68-16,2005,4.0
6130,124-68-16,2009,7.0
6130,124-68-16,2012,-1.0
6130,124-68-16,2015,-8.0
6130,124-68-18,2000,10.0
6130,124-68-18,2003,-11.0
6130,124-68-18,2004,0.0
6130,124-68-18,2005,3.0
6130,124-68-18,2009,1.0
6130,124-68-18,2012,-12.0
6130,124-68-18,2021,11.0
6130,124-68-2,1997,
6130,124-68-2,2007,-7.0
6130,124-68-2,2010,-7.0
6130,124-68-2,2012,1.0
6130,124-68-2,2013,-11.0
6130,124-68-2,2015,-15.0
6130,124-68-2,2021,10.0
6130,124-68-20,2003,18.0
6130,124-68-20,2004,
6130,124-68-20,2007,7.0
6130,124-68-20,2009,-2.0
6130,124-68-20,2012,-2.0
6130,124-68-20,2021,-3.0
6130,124-68-202,2003,32.0
6130,124-68-202,2004,-31.0
6130,124-68-202,2005,
6130,124-68-203,2003,25.0
6130,124-68-203,2004,13.0
6130,124-68-203,2005,-12.0
6130,124-68-203,2007,12.0
6130,124-68-203,2015,7.0
6130,124-68-203,2021,11.0
6130,124-68-207,2003,-13.0
6130,124-68-207,2004,6.0
6130,124-68-207,2005,4.0
6130,124-68-207,2007,-8.0
6130,124-68-207,2009,8.0
6130,124-68-207,2021,10.0
6130,124-68-208,1999,
6130,124-68-208,2009,-1.0
6130,124-68-208,2015,-10.0
6130,124-68-208,2021,
6130,124-68-209,2003,0.0
6130,124-68-209,2004,-5.0
6130,124-68-209,2005,18.0
6130,124-68-209,2007,-4.0
6130,124-68-209,2009,0.0
6130,124-68-209,2015,-21.0
6130,124-68-209,2021,-2.0
6130,124-68-210,2007,-3.0
6130,124-68-210,2009,0.0
6130,124-68-210,2012,-19.0
6130,124-68-210,2015,22.0
6130,124-68-210,2021,2.0
6130,124-68-211,1999,-5.0
6130,124-68-211,2000,0.0
6130,124-68-211,2005,4.0
6130,124-68-211,2009,-1.0
6130,124-68-211,2012,0.0
6130,124-68-211,2015,4.0
6130,124-68-211,2021,-4.0
6130,124-68-213,2005,3.0
6130,124-68-213,2015,
6130,124-68-213,2021,1.0
6130,124-68-214,1999,-8.0
6130,124-68-214,2000,-1.0
6130,124-68-214,2005,-13.0
6130,124-68-214,2009,1.0
6130,124-68-214,2012,-6.0
6130,124-68-214,2017,5.0
6130,124-68-214,2021,7.0
6130,124-68-215,1999,
6130,124-68-215,2004,
6130,124-68-215,2009,-5.0
6130,124-68-215,2012,-9.0
6130,124-68-216,1999,4.0
6130,124-68-216,2000,-5.0
6130,124-68-216,2004,52.0
6130,124-68-216,2005,-44.0
6130,124-68-216,2009,2.0
6130,124-68-216,2012,-18.0
6130,124-68-216,2021,-5.0
6130,124-68-217,2000,0.0
6130,124-68-217,2004,
6130,124-68-217,2009,-4.0
6130,124-68-217,2012,18.0
6130,124-68-217,2021,0.0
6130,124-68-218,2000,3.0
6130,124-68-218,2003,
6130,124-68-218,2005,3.0
6130,124-68-218,2009,
6130,124-68-218,2012,4.0
6130,124-68-219,2005,-8.0
6130,124-68-219,2009,13.0
6130,124-68-219,2015,-2.0
6130,124-68-219,2021,
6130,124-68-22,1999,-5.0
6130,124-68-22,2003,-22.0
6130,124-68-22,2004,-5.0
6130,124-68-22,2005,3.0
6130,124-68-22,2009,-1.0
6130,124-68-22,2012,1.0
6130,124-68-22,2021,5.0
6130,124-68-220,2003,-10.0
6130,124-68-220,2004,-5.0
6130,124-68-220,2005,-23.0
6130,124-68-220,2009,-6.0
6130,124-68-220,2012,2.0
6130,124-68-223,1999,
6130,124-68-223,2005,0.0
6130,124-68-223,2009,-1.0
6130,124-68-223,2013,0.0
6130,124-68-223,2015,-14.0
6130,124-68-223,2021,2.0
6130,124-68-224,1999,-5.0
6130,124-68-224,2000,-13.0
6130,124-68-224,2004,14.0
6130,124-68-224,2005,-10.0
6130,124-68-224,2015,-9.0
6130,124-68-224,2021,1.0
6130,124-68-225,1999,5.0
6130,124-68-225,2000,-4.0
6130,124-68-225,2004,20.0
6130,124-68-225,2005,3.0
6130,124-68-225,2012,-4.0
6130,124-68-225,2015,0.0
6130,124-68-225,2021,-3.0
6130,124-68-238,1998,
6130,124-68-242,1999,
6130,124-68-242,2007,2.0
6130,124-68-242,2009,-6.0
6130,124-68-242,2012,12.0
6130,124-68-242,2015,
6130,124-68-25,1997,-8.0
6130,124-68-25,1999,0.0
6130,124-68-25,2000,-12.0
6130,124-68-25,2004,-9.0
6130,124-68-25,2005,11.0
6130,124-68-25,2009,-7.0
6130,124-68-25,2012,-4.0
6130,124-68-251,2003,
6130,124-68-251,2014,
6130,124-68-252,2003,
6130,124-68-26,1999,-1.0
6130,124-68-26,2000,
6130,124-68-28,2000,0.0
6130,124-68-28,2005,
6130,124-68-28,2021,-1.0
6130,124-68-29,2003,-5.0
6130,124-68-29,2004,
6130,124-68-29,2009,10.0
6130,124-68-29,2021,-4.0
6130,124-68-296,2003,-1.0
6130,124-68-296,2004,1.0
6130,124-68-296,2005,-1.0
6130,124-68-296,2006,0.0
6130,124-68-296,2015,13.0
6130,124-68-296,2021,-18.0
6130,124-68-297,1997,-1.0
6130,124-68-297,1998,2.0
6130,124-68-297,1999,-3.0
6130,124-68-297,2003,1.0
6130,124-68-297,2006,2.0
6130,124-68-297,2009,
6130,124-68-298,1999,-6.0
6130,124-68-298,2003,2.0
6130,124-68-298,2005,-1.0
6130,124-68-298,2006,-9.0
6130,124-68-298,2012,
6130,124-68-299,1999,9.0
6130,124-68-299,2003,
6130,124-68-299,2005,-2.0
6130,124-68-299,2007,14.0
6130,124-68-299,2015,-6.0
6130,124-68-299,2021,3.0
6130,124-68-300,2000,
6130,124-68-300,2002,
6130,124-68-300,2007,
6130,124-68-300,2009,
6130,124-68-300,2012,2.0
6130,124-68-303,1997,22.0
6130,124-68-303,2007,
6130,124-68-303,2010,
6130,124-68-303,2021,22.0
6130,124-68-308,2000,10.0
6130,124-68-308,2003,7.0
6130,124-68-308,2004,3.0
6130,124-68-308,2005,-13.0
6130,124-68-308,2007,9.0
6130,124-68-308,2009,0.0
6130,124-68-308,2015,-5.0
6130,124-68-308,2021,1.0
6130,124-68-312,2004,1.0
6130,124-68-312,2005,-2.0
6130,124-68-312,2009,
6130,124-68-312,2012,
6130,124-68-314,2004,
6130,124-68-314,2016,-6.0
6130,124-68-314,2022,-7.0
6130,124-68-316,2000,6.0
6130,124-68-316,2005,-54.0
6130,124-68-316,2009,-10.0
6130,124-68-316,2012,
6130,124-68-316,2021,
6130,124-68-317,1999,-5.0
6130,124-68-317,2000,
6130,124-68-317,2004,
6130,124-68-317,2007,-13.0
6130,124-68-317,2009,18.0
6130,124-68-319,2000,23.0
6130,124-68-319,2004,-9.0
6130,124-68-319,2005,-3.0
6130,124-68-319,2009,9.0
6130,124-68-319,2012,8.0
6130,124-68-319,2021,-23.0
6130,124-68-323,1999,-11.0
6130,124-68-323,2000,9.0
6130,124-68-323,2008,-7.0
6130,124-68-323,2015,2.0
6130,124-68-324,1999,-16.0
6130,124-68-324,2000,5.0
6130,124-68-324,2004,1.0
6130,124-68-324,2005,-5.0
6130,124-68-325,1999,6.0
6130,124-68-325,2000,-2.0
6130,124-68-325,2012,6.0
6130,124-68-326,1997,-6.0
6130,124-68-326,1998,-1.0
6130,124-68-326,1999,2.0
6130,124-68-326,2000,
6130,124-68-326,2004,
6130,124-68-338,1999,
6130,124-68-338,2003,
6130,124-68-35,2003,
6130,124-68-35,2006,
6130,124-68-35,2012,
6130,124-68-35,2021,5.0
6130,124-68-350,2002,
6130,124-68-350,2005,-2.0
6130,124-68-350,2009,
6130,124-68-350,2012,1.0
6130,124-68-350,2015,1.0
6130,124-68-36,2000,
6130,124-68-36,2004,
6130,124-68-36,2006,-7.0
6130,124-68-36,2007,0.0
6130,124-68-36,2009,0.0
6130,124-68-37,2003,-2.0
6130,124-68-37,2004,-4.0
6130,124-68-37,2005,0.0
6130,124-68-37,2006,9.0
6130,124-68-37,2021,
6130,124-68-39,2003,
6130,124-68-39,2005,3.0
6130,124-68-39,2012,3.0
6130,124-68-39,2015,4.0
6130,124-68-39,2021,-1.0
6130,124-68-4,2010,1.0
6130,124-68-4,2012,
6130,124-68-4,2015,-14.0
6130,124-68-44,2000,
6130,124-68-47,2012,0.0
6130,124-68-47,2013,
6130,124-68-47,2015,1.0
6130,124-68-47,2021,-12.0
6130,124-68-5,1999,-10.0
6130,124-68-5,2003,1.0
6130,124-68-5,2004,-3.0
6130,124-68-5,2005,-7.0
6130,124-68-5,2007,-17.0
6130,124-68-5,2009,12.0
6130,124-68-5,2021,-4.0
6130,124-68-50,1999,-6.0
6130,124-68-50,2000,-3.0
6130,124-68-50,2005,7.0
6130,124-68-50,2009,
6130,124-68-50,2021,2.0
6130,124-68-53,2004,-3.0
6130,124-68-53,2008,
6130,124-68-53,2011,-5.0
6130,124-68-53,2021,
6130,124-68-54,1997,8.0
6130,124-68-54,2004,
6130,124-68-57,2003,9.0
6130,124-68-57,2005,
6130,124-68-57,2009,2.0
6130,124-68-57,2012,-15.0
6130,124-68-57,2021,
6130,124-68-59,2004,
6130,124-68-59,2012,
6130,124-68-6,1999,-2.0
6130,124-68-6,2000,-6.0
6130,124-68-6,2003,-3.0
6130,124-68-6,2004,2.0
6130,124-68-6,2005,-2.0
6130,124-68-6,2007,0.0
6130,124-68-6,2009,-3.0
6130,124-68-66,1997,5.0
6130,124-68-66,1998,0.0
6130,124-68-66,2000,-5.0
6130,124-68-66,2004,9.0
6130,124-68-66,2006,0.0
6130,124-68-66,2007,3.0
6130,124-68-66,2009,0.0
6130,124-68-66,2012,6.0
6130,124-68-66,2018,7.0
6130,124-68-7,2000,-2.0
6130,124-68-7,2003,2.0
6130,124-68-7,2004,-4.0
6130,124-68-7,2005,
6130,124-68-7,2007,
6130,124-68-7,2021,-10.0
6130,124-68-8,1999,-9.0
6130,124-68-8,2003,6.0
6130,124-68-8,2004,-8.0
6130,124-68-8,2005,-3.0
6130,124-68-8,2007,0.0
6130,124-68-8,2009,12.0
6130,124-68-83,1997,-3.0
6130,124-68-83,2000,-2.0
6130,124-68-83,2004,5.0
6130,124-68-83,2005,-4.0
6130,124-68-83,2021,
6130,124-68-9,1999,
6130,124-68-9,2009,1.0
6130,124-68-9,2012,2.0
6130,124-68-9,2015,-14.0
6130,124-68-9,2021,9.0
6130,124-75-5,1997,
6130,124-75-5,2002,
6130,124-75-5,2004,
6130,124-75-5,2011,2.0
6130,124-75-5,2021,
6130,124-75-9,1999,
6130,124-75-9,2016,1.0
6130,124-75-9,2021,
6130,124-76-1,1999,-9.0
6130,124-76-1,2000,11.0
6130,124-76-1,2004,-1.0
6130,124-76-1,2005,4.0
6130,124-76-1,2012,3.0
6130,124-76-1,2015,2.0
6130,124-76-1,2021,-1.0
6130,124-76-109,1999,4.0
6130,124-76-109,2000,
6130,124-76-109,2005,
6130,124-76-109,2015,4.0
6130,124-76-109,2021,4.0
6130,124-76-113,2000,
6130,124-76-113,2004,4.0
6130,124-76-113,2005,-7.0
6130,124-76-113,2021,-1.0
6130,124-76-12,1997,0.0
6130,124-76-12,2002,3.0
6130,124-76-12,2004,13.0
6130,124-76-12,2005,-6.0
6130,124-76-12,2013,-10.0
6130,124-76-120,1999,-9.0
6130,124-76-120,2000,5.0
6130,124-76-120,2002,-5.0
6130,124-76-120,2004,9.0
6130,124-76-120,2005,-8.0
6130,124-76-120,2015,-1.0
6130,124-76-120,2021,
6130,124-76-121,1999,6.0
6130,124-76-121,2000,1.0
6130,124-76-121,2002,-7.0
6130,124-76-121,2004,1.0
6130,124-76-121,2005,0.0
6130,124-76-121,2015,
6130,124-76-121,2021,2.0
6130,124-76-140,2021,-5.0
6130,124-76-159,1999,
6130,124-76-159,2004,
6130,124-76-159,2021,
6130,124-76-165,2006,
6130,124-76-19,2005,-1.0
6130,124-76-19,2009,9.0
6130,124-76-19,2015,-5.0
6130,124-76-19,2021,-2.0
6130,124-76-190,1999,-5.0
6130,124-76-190,2000,4.0
6130,124-76-190,2001,-2.0
6130,124-76-190,2004,12.0
6130,124-76-190,2005,
6130,124-76-190,2009,10.0
6130,124-76-190,2015,-2.0
6130,124-76-190,2021,-6.0
6130,124-76-2,1999,1.0
6130,124-76-2,2000,-1.0
6130,124-76-2,2002,
6130,124-76-2,2015,6.0
6130,124-76-2,2021,-1.0
6130,124-76-201,1999,0.0
6130,124-76-201,2000,0.0
6130,124-76-201,2004,1.0
6130,124-76-201,2005,2.0
6130,124-76-201,2015,0.0
6130,124-76-21,1999,0.0
6130,124-76-21,2000,-3.0
6130,124-76-21,2001,-12.0
6130,124-76-21,2002,1.0
6130,124-76-21,2005,5.0
6130,124-76-21,2006,5.0
6130,124-76-21,2015,-4.0
6130,124-76-21,2018,-10.0
6130,124-76-21,2021,-13.0
6130,124-76-216,2002,2.0
6130,124-76-216,2004,1.0
6130,124-76-216,2005,1.0
6130,124-76-216,2015,5.0
6130,124-76-216,2021,6.0
6130,124-76-22,2000,-4.0
6130,124-76-22,2001,0.0
6130,124-76-22,2002,1.0
6130,124-76-22,2004,-1.0
6130,124-76-22,2005,
6130,124-76-22,2015,2.0
6130,124-76-22,2021,4.0
6130,124-76-221,1999,-4.0
6130,124-76-221,2000,5.0
6130,124-76-221,2002,-4.0
6130,124-76-221,2004,10.0
6130,124-76-221,2005,-6.0
6130,124-76-23,1999,6.0
6130,124-76-23,2000,-3.0
6130,124-76-23,2001,
6130,124-76-23,2006,-3.0
6130,124-76-23,2015,0.0
6130,124-76-3,1997,3.0
6130,124-76-3,1999,3.0
6130,124-76-3,2000,-4.0
6130,124-76-3,2001,
6130,124-76-3,2004,
6130,124-76-3,2015,2.0
6130,124-76-302,1999,1.0
6130,124-76-302,2000,-1.0
6130,124-76-302,2002,
6130,124-76-302,2004,
6130,124-76-302,2021,
6130,124-76-306,1999,4.0
6130,124-76-306,2000,2.0
6130,124-76-306,2002,2.0
6130,124-76-306,2004,12.0
6130,124-76-306,2005,-11.0
6130,124-76-306,2015,1.0
6130,124-76-306,2021,-2.0
6130,124-76-309,1999,-9.0
6130,124-76-309,2000,16.0
6130,124-76-309,2004,-1.0
6130,124-76-309,2005,3.0
6130,124-76-309,2015,0.0
6130,124-76-309,2021,
6130,124-76-310,1999,-6.0
6130,124-76-310,2000,
6130,124-76-310,2004,
6130,124-76-310,2008,-6.0
6130,124-76-310,2009,5.0
6130,124-76-310,2015,7.0
6130,124-76-310,2021,2.0
6130,124-76-314,2000,22.0
6130,124-76-314,2002,0.0
6130,124-76-314,2004,1.0
6130,124-76-314,2005,-6.0
6130,124-76-314,2015,0.0
6130,124-76-314,2021,12.0
6130,124-76-318,1999,
6130,124-76-318,2002,3.0
6130,124-76-318,2005,1.0
6130,124-76-318,2015,0.0
6130,124-76-318,2021,3.0
6130,124-76-320,2005,0.0
6130,124-76-320,2015,-4.0
6130,124-76-320,2021,
6130,124-76-324,2006,-4.0
6130,124-76-324,2015,
6130,124-76-324,2018,-1.0
6130,124-76-324,2021,
6130,124-76-39,1999,1.0
6130,124-76-39,2000,2.0
6130,124-76-39,2002,0.0
6130,124-76-39,2005,
6130,124-76-4,1999,13.0
6130,124-76-4,2000,-20.0
6130,124-76-4,2004,-9.0
6130,124-76-4,2005,16.0
6130,124-76-4,2015,-5.0
6130,124-76-4,2021,-1.0
6130,124-76-40,1999,-6.0
6130,124-76-40,2000,-5.0
6130,124-76-40,2016,-2.0
6130,124-76-40,2018,
6130,124-76-40,2021,6.0
6130,124-76-439,2005,-3.0
6130,124-76-439,2013,1.0
6130,124-76-439,2014,0.0
6130,124-76-439,2015,-1.0
6130,124-76-439,2018,1.0
6130,124-76-5,1999,5.0
6130,124-76-5,2000,6.0
6130,124-76-5,2004,5.0
6130,124-76-5,2005,-10.0
6130,124-76-5,2015,9.0
6130,124-76-5,2021,-8.0
6130,124-76-55,2013,0.0
6130,124-76-55,2014,
6130,124-76-6,1999,4.0
6130,124-76-6,2000,-13.0
6130,124-76-6,2002,-14.0
6130,124-76-6,2004,3.0
6130,124-76-6,2005,2.0
6130,124-76-60,1999,
6130,124-76-60,2006,
6130,124-76-60,2013,0.0
6130,124-76-61,2004,
6130,124-76-67,2011,
6130,124-76-69,1999,4.0
6130,124-76-69,2000,-4.0
6130,124-76-69,2002,
6130,124-76-69,2004,1.0
6130,124-76-69,2021,-1.0
6130,124-76-8,1999,7.0
6130,124-76-8,2000,-3.0
6130,124-76-8,2002,-2.0
6130,124-76-8,2005,0.0
6130,124-76-8,2009,6.0
6130,124-76-9,1999,10.0
6130,124-76-9,2000,-1.0
6130,124-76-9,2004,15.0
6130,124-76-9,2005,
6130,124-76-9,2015,-1.0
6130,124-76-9,2021,
6130,124-76-90,1999,-10.0
6130,124-76-90,2000,4.0
6130,124-76-90,2001,-3.0
6130,124-76-90,2004,-6.0
6130,124-76-90,2005,9.0
6130,124-76-90,2009,-4.0
6130,124-76-90,2021,-2.0
6130,124-79-106,1997,4.0
6130,124-79-106,1998,
6130,124-79-106,2000,-1.0
6130,124-79-106,2004,5.0
6130,124-79-106,2014,-1.0
6130,124-79-106,2015,
6130,124-79-109,1998,-3.0
6130,124-79-109,2006,0.0
6130,124-79-109,2011,
6130,124-79-109,2014,-6.0
6130,124-79-109,2015,5.0
6130,124-79-109,2016,-6.0
6130,124-79-112,1997,
6130,124-79-112,2000,
6130,124-79-112,2004,-6.0
6130,124-79-112,2014,10.0
6130,124-79-112,2018,-7.0
6130,124-79-113,1997,19.0
6130,124-79-113,1998,-15.0
6130,124-79-113,2000,-23.0
6130,124-79-113,2004,-1.0
6130,124-79-113,2018,10.0
6130,124-79-113,2021,2.0
6130,124-79-116,2000,-2.0
6130,124-79-116,2004,
6130,124-79-116,2014,
6130,124-79-116,2016,-2.0
6130,124-79-116,2018,
6130,124-79-123,1997,9.0
6130,124-79-123,2000,-26.0
6130,124-79-123,2002,-1.0
6130,124-79-123,2004,3.0
6130,124-79-123,2014,
6130,124-79-123,2018,-8.0
6130,124-79-124,2005,
6130,124-79-124,2014,-4.0
6130,124-79-124,2018,-10.0
6130,124-79-124,2021,7.0
6130,124-79-130,2000,
6130,124-79-130,2002,11.0
6130,124-79-130,2004,-7.0
6130,124-79-130,2014,12.0
6130,124-79-130,2021,-2.0
6130,124-79-132,2000,-8.0
6130,124-79-132,2005,-3.0
6130,124-79-132,2014,-4.0
6130,124-79-132,2016,2.0
6130,124-79-132,2021,-1.0
6130,124-79-133,2004,2.0
6130,124-79-133,2005,10.0
6130,124-79-133,2014,9.0
6130,124-79-133,2016,7.0
6130,124-79-133,2021,6.0
6130,124-79-139,2000,0.0
6130,124-79-139,2002,-1.0
6130,124-79-139,2004,-5.0
6130,124-79-139,2014,-2.0
6130,124-79-139,2015,
6130,124-79-142,2002,0.0
6130,124-79-142,2004,-5.0
6130,124-79-142,2005,4.0
6130,124-79-217,2004,5.0
6130,124-79-217,2005,
6130,124-79-217,2014,10.0
6130,124-79-217,2018,1.0
6130,124-79-217,2021,9.0
6130,124-79-24,2000,5.0
6130,124-79-24,2004,12.0
6130,124-79-309,2005,0.0
6130,124-79-309,2008,
6130,124-79-309,2011,-2.0
6130,124-79-309,2015,-3.0
6130,124-79-33,2002,8.0
6130,124-79-33,2004,4.0
6130,124-79-33,2005,-3.0
6130,124-79-33,2014,-37.0
6130,124-79-33,2015,16.0
6130,124-79-33,2016,25.0
6130,124-79-33,2018,-6.0
6130,124-79-40,2000,3.0
6130,124-79-40,2002,-4.0
6130,124-79-40,2004,-1.0
6130,124-79-40,2021,15.0
6130,124-79-403,2004,37.0
6130,124-79-403,2014,3.0
6130,124-79-403,2015,-5.0
6130,124-79-403,2018,-3.0
6130,124-79-424,1998,
6130,124-79-424,2000,-1.0
6130,124-79-424,2004,
6130,124-79-424,2015,-1.0
6130,124-79-424,2016,19.0
6130,124-79-424,2018,-3.0
6130,840-14-1,2005,
6130,840-14-1,2007,
6130,840-14-108,1999,-3.0
6130,840-14-108,2010,5.0
6130,840-14-108,2011,-2.0
6130,840-14-108,2012,1.0
6130,840-14-108,2016,1.0
6130,840-14-108,2022,2.0
6130,840-14-11,2000,
6130,840-14-11,2010,
6130,840-14-138,2005,
6130,840-14-138,2009,4.0
6130,840-14-138,2015,
6130,840-14-138,2017,0.0
6130,840-14-14,1997,-5.0
6130,840-14-14,1999,4.0
6130,840-14-14,2000,2.0
6130,840-14-14,2006,-9.0
6130,840-14-14,2010,2.0
6130,840-14-14,2011,6.0
6130,840-14-14,2012,1.0
6130,840-14-140,2005,
6130,840-14-148,1998,34.0
6130,840-14-148,2005,-5.0
6130,840-14-148,2015,
6130,840-14-148,2021,
6130,840-14-151,1998,-62.0
6130,840-14-151,2000,-1.0
6130,840-14-151,2011,32.0
6130,840-14-151,2015,-28.0
6130,840-14-153,1998,-1.0
6130,840-14-153,2005,-1.0
6130,840-14-153,2011,
6130,840-14-153,2015,-4.0
6130,840-14-155,1998,5.0
6130,840-14-155,1999,-5.0
6130,840-14-155,2005,-6.0
6130,840-14-155,2011,-19.0
6130,840-14-155,2015,14.0
6130,840-14-155,2021,4.0
6130,840-14-155,2022,5.0
6130,840-14-158,1998,8.0
6130,840-14-158,2005,1.0
6130,840-14-158,2011,8.0
6130,840-14-158,2015,
6130,840-14-159,1998,1.0
6130,840-14-159,2005,-3.0
6130,840-14-159,2011,-14.0
6130,840-14-159,2013,
6130,840-14-16,1998,3.0
6130,840-14-16,2001,-4.0
6130,840-14-16,2011,2.0
6130,840-14-16,2022,-1.0
6130,840-14-160,2007,0.0
6130,840-14-162,1998,7.0
6130,840-14-162,2005,-22.0
6130,840-14-162,2011,-2.0
6130,840-14-162,2015,-6.0
6130,840-14-162,2021,-6.0
6130,840-14-164,1999,-1.0
6130,840-14-165,1998,-15.0
6130,840-14-165,2011,
6130,840-14-165,2015,
6130,840-14-166,1997,-45.0
6130,840-14-166,1998,17.0
6130,840-14-166,2000,26.0
6130,840-14-166,2005,38.0
6130,840-14-166,2011,4.0
6130,840-14-166,2012,-24.0
6130,840-14-166,2015,-5.0
6130,840-14-168,1997,11.0
6130,840-14-168,1998,1.0
6130,840-14-168,2000,-1.0
6130,840-14-168,2005,-2.0
6130,840-14-168,2011,8.0
6130,840-14-168,2012,5.0
6130,840-14-168,2015,-3.0
6130,840-14-175,2015,
6130,840-14-176,1997,1.0
6130,840-14-176,1998,5.0
6130,840-14-176,1999,-8.0
6130,840-14-176,2005,-5.0
6130,840-14-176,2012,
6130,840-14-176,2015,0.0
6130,840-14-177,1997,-8.0
6130,840-14-177,1998,6.0
6130,840-14-177,1999,-9.0
6130,840-14-177,2015,9.0
6130,840-14-179,2010,
6130,840-14-179,2014,
6130,840-14-181,1998,
6130,840-14-181,2005,2.0
6130,840-14-181,2011,2.0
6130,840-14-181,2015,-14.0
6130,840-14-182,1999,
6130,840-14-182,2010,
6130,840-14-184,2005,
6130,840-14-185,2012,-4.0
6130,840-14-185,2015,-18.0
6130,840-14-186,1998,-3.0
6130,840-14-186,2001,-10.0
6130,840-14-186,2005,6.0
6130,840-14-186,2011,5.0
6130,840-14-186,2014,10.0
6130,840-14-186,2021,4.0
6130,840-14-186,2022,-6.0
6130,840-14-188,2005,1.0
6130,840-14-188,2010,-1.0
6130,840-14-188,2011,1.0
6130,840-14-188,2015,0.0
6130,840-14-188,2021,
6130,840-14-189,1998,2.0
6130,840-14-189,1999,14.0
6130,840-14-189,2005,5.0
6130,840-14-189,2010,-5.0
6130,840-14-189,2011,1.0
6130,840-14-189,2013,-7.0
6130,840-14-189,2014,10.0
6130,840-14-189,2022,
6130,840-14-190,1998,0.0
6130,840-14-190,2005,
6130,840-14-190,2011,-2.0
6130,840-14-190,2015,4.0
6130,840-14-190,2021,-3.0
6130,840-14-191,1998,
6130,840-14-191,2005,
6130,840-14-191,2021,0.0
6130,840-14-193,1998,-9.0
6130,840-14-193,2000,3.0
6130,840-14-193,2005,19.0
6130,840-14-193,2010,-4.0
6130,840-14-193,2011,0.0
6130,840-14-193,2014,-12.0
6130,840-14-193,2015,-13.0
6130,840-14-194,2003,
6130,840-14-195,2005,1.0
6130,840-14-195,2015,0.0
6130,840-14-195,2016,5.0
6130,840-14-195,2022,2.0
6130,840-14-198,1998,-9.0
6130,840-14-198,2005,2.0
6130,840-14-198,2010,4.0
6130,840-14-198,2011,5.0
6130,840-14-198,2012,6.0
6130,840-14-198,2015,2.0
6130,840-14-205,1998,5.0
6130,840-14-205,2005,14.0
6130,840-14-205,2011,
6130,840-14-21,1998,-2.0
6130,840-14-21,1999,
6130,840-14-21,2005,1.0
6130,840-14-21,2011,-1.0
6130,840-14-21,2015,2.0
6130,840-14-21,2021,
6130,840-14-3,1998,-14.0
6130,840-14-3,2005,16.0
6130,840-14-3,2012,3.0
6130,840-14-3,2015,0.0
6130,840-14-319,1997,
6130,840-14-319,2002,7.0
6130,840-14-319,2007,-34.0
6130,840-14-319,2008,17.0
6130,840-14-319,2009,-20.0
6130,840-14-319,2010,-9.0
6130,840-14-319,2011,9.0
6130,840-14-319,2012,-1.0
6130,840-14-319,2015,
6130,840-14-32,2009,
6130,840-14-32,2017,
6130,840-14-33,1998,5.0
6130,840-14-33,2000,-3.0
6130,840-14-33,2005,
6130,840-14-408,1998,-2.0
6130,840-14-408,2011,0.0
6130,840-14-408,2013,
6130,840-14-408,2016,
6130,840-14-415,1998,
6130,840-14-415,2010,1.0
6130,840-14-415,2011,4.0
6130,840-14-415,2015,0.0
6130,840-14-418,1998,1.0
6130,840-14-418,2005,
6130,840-14-420,1998,
6130,840-14-420,2005,0.0
6130,840-14-422,2006,
6130,840-14-49,2009,5.0
6130,840-14-49,2016,24.0
6130,840-14-49,2017,-30.0
6130,840-14-49,2022,16.0
6130,840-14-54,1998,0.0
6130,840-14-54,2000,-2.0
6130,840-14-54,2001,-2.0
6130,840-14-54,2005,-2.0
6130,840-14-6,2000,2.0
6130,840-14-6,2005,
6130,840-14-6,2011,
6130,840-14-6,2015,
6130,840-14-7,1998,
6130,840-14-7,2005,-2.0
6130,840-14-7,2014,
6130,840-14-71,1997,-9.0
6130,840-14-71,1998,18.0
6130,840-14-71,1999,-9.0
6130,840-14-71,2002,8.0
6130,840-14-71,2007,-19.0
6130,840-14-71,2008,2.0
6130,840-14-71,2011,2.0
6130,840-14-79,1998,1.0
6130,840-14-79,2011,-1.0
6130,840-14-79,2014,
6130,840-14-80,1998,22.0
6130,840-14-80,2005,-6.0
6130,840-14-80,2011,0.0
6130,840-14-80,2014,
6130,840-14-80,2017,119.0
6130,840-14-80,2018,44.0
6130,840-14-82,1997,
6130,840-14-82,2005,-2.0
6130,840-14-82,2015,
6130,840-14-97,2005,0.0
6130,840-14-98,1998,
6130,840-14-98,2005,-5.0
6130,840-14-98,2011,-1.0
6130,840-14-98,2015,
6130,840-14-98,2021,
6130,840-17-1,1998,-5.0
6130,840-17-1,1999,5.0
6130,840-17-1,2002,4.0
6130,840-17-1,2012,-19.0
6130,840-17-1,2021,2.0
6130,840-17-10,2005,
6130,840-17-10,2013,0.0
6130,840-17-10,2021,
6130,840-17-11,1998,1.0
6130,840-17-11,1999,-3.0
6130,840-17-11,2002,1.0
6130,840-17-11,2003,
6130,840-17-11,2006,0.0
6130,840-17-11,2009,0.0
6130,840-17-11,2012,
6130,840-17-12,1998,2.0
6130,840-17-12,2002,-3.0
6130,840-17-12,2003,
6130,840-17-12,2006,
6130,840-17-12,2009,
6130,840-17-12,2012,27.0
6130,840-17-125,1998,1.0
6130,840-17-125,1999,
6130,840-17-125,2002,
6130,840-17-125,2006,-1.0
6130,840-17-125,2009,
6130,840-17-126,2002,
6130,840-17-126,2007,2.0
6130,840-17-126,2012,12.0
6130,840-17-126,2018,-14.0
6130,840-17-13,1998,5.0
6130,840-17-13,2002,-3.0
6130,840-17-13,2003,2.0
6130,840-17-13,2004,0.0
6130,840-17-13,2006,-3.0
6130,840-17-13,2012,
6130,840-17-14,1998,
6130,840-17-14,2004,1.0
6130,840-17-14,2009,-15.0
6130,840-17-14,2012,-8.0
6130,840-17-14,2016,-8.0
6130,840-17-14,2022,-6.0
6130,840-17-15,1997,
6130,840-17-153,1999,
6130,840-17-16,1998,1.0
6130,840-17-16,2002,
6130,840-17-17,1998,-14.0
6130,840-17-17,1999,8.0
6130,840-17-17,2002,9.0
6130,840-17-17,2005,12.0
6130,840-17-17,2009,19.0
6130,840-17-17,2012,-15.0
6130,840-17-17,2013,2.0
6130,840-17-17,2018,-2.0
6130,840-17-17,2021,
6130,840-17-18,1998,-15.0
6130,840-17-18,1999,
6130,840-17-18,2003,
6130,840-17-18,2006,
6130,840-17-18,2018,-7.0
6130,840-17-19,1998,-3.0
6130,840-17-19,1999,
6130,840-17-19,2002,3.0
6130,840-17-19,2003,-4.0
6130,840-17-19,2004,3.0
6130,840-17-19,2006,
6130,840-17-19,2009,3.0
6130,840-17-19,2012,5.0
6130,840-17-19,2018,-21.0
6130,840-17-2,1998,2.0
6130,840-17-2,2005,
6130,840-17-2,2012,10.0
6130,840-17-2,2013,-6.0
6130,840-17-2,2015,0.0
6130,840-17-2,2016,-2.0
6130,840-17-204,2003,-1.0
6130,840-17-204,2005,3.0
6130,840-17-204,2012,0.0
6130,840-17-204,2016,-3.0
6130,840-17-204,2021,-5.0
6130,840-17-205,2002,
6130,840-17-205,2005,-1.0
6130,840-17-205,2006,-2.0
6130,840-17-205,2009,-3.0
6130,840-17-205,2012,-19.0
6130,840-17-205,2014,-5.0
6130,840-17-205,2016,1.0
6130,840-17-205,2021,-4.0
6130,840-17-206,1998,-7.0
6130,840-17-206,2002,2.0
6130,840-17-206,2003,-1.0
6130,840-17-206,2004,1.0
6130,840-17-206,2006,
6130,840-17-206,2012,-6.0
6130,840-17-206,2016,-2.0
6130,840-17-207,1998,-4.0
6130,840-17-207,2002,-2.0
6130,840-17-207,2003,3.0
6130,840-17-207,2004,0.0
6130,840-17-207,2006,3.0
6130,840-17-207,2009,2.0
6130,840-17-207,2012,-5.0
6130,840-17-207,2016,-4.0
6130,840-17-207,2022,-2.0
6130,840-17-208,1998,-1.0
6130,840-17-208,2002,0.0
6130,840-17-208,2006,0.0
6130,840-17-208,2009,5.0
6130,840-17-208,2012,-3.0
6130,840-17-208,2013,1.0
6130,840-17-21,1998,
6130,840-17-21,2010,
6130,840-17-21,2012,
6130,840-17-21,2018,0.0
6130,840-17-211,1998,-2.0
6130,840-17-211,2007,
6130,840-17-213,1999,1.0
6130,840-17-213,2002,3.0
6130,840-17-213,2003,2.0
6130,840-17-213,2004,-3.0
6130,840-17-213,2006,-3.0
6130,840-17-213,2009,2.0
6130,840-17-213,2012,3.0
6130,840-17-213,2016,17.0
6130,840-17-213,2018,-4.0
6130,840-17-214,2002,1.0
6130,840-17-214,2003,1.0
6130,840-17-214,2012,-6.0
6130,840-17-216,1998,1.0
6130,840-17-216,2002,-1.0
6130,840-17-216,2005,3.0
6130,840-17-216,2006,
6130,840-17-216,2009,4.0
6130,840-17-216,2013,9.0
6130,840-17-216,2016,10.0
6130,840-17-216,2018,-1.0
6130,840-17-216,2021,-4.0
6130,840-17-217,1998,1.0
6130,840-17-217,1999,16.0
6130,840-17-217,2002,
6130,840-17-217,2009,-3.0
6130,840-17-217,2012,0.0
6130,840-17-217,2018,-10.0
6130,840-17-220,2003,
6130,840-17-220,2006,
6130,840-17-221,2002,-4.0
6130,840-17-221,2003,4.0
6130,840-17-221,2004,0.0
6130,840-17-221,2012,5.0
6130,840-17-221,2013,-6.0
6130,840-17-221,2018,5.0
6130,840-17-222,1998,
6130,840-17-222,2012,3.0
6130,840-17-222,2013,-3.0
6130,840-17-222,2018,
6130,840-17-223,1998,
6130,840-17-223,2002,
6130,840-17-223,2009,6.0
6130,840-17-223,2012,1.0
6130,840-17-225,1998,0.0
6130,840-17-225,1999,-1.0
6130,840-17-225,2002,
6130,840-17-225,2006,13.0
6130,840-17-225,2009,-1.0
6130,840-17-225,2018,-25.0
6130,840-17-228,2002,6.0
6130,840-17-228,2003,9.0
6130,840-17-228,2004,-4.0
6130,840-17-228,2006,6.0
6130,840-17-228,2007,-5.0
6130,840-17-228,2011,-8.0
6130,840-17-228,2012,4.0
6130,840-17-228,2013,10.0
6130,840-17-228,2018,7.0
6130,840-17-23,1998,21.0
6130,840-17-23,1999,-20.0
6130,840-17-23,2002,1.0
6130,840-17-23,2009,8.0
6130,840-17-23,2012,-5.0
6130,840-17-23,2013,-1.0
6130,840-17-23,2016,5.0
6130,840-17-3,1998,-3.0
6130,840-17-3,2002,
6130,840-17-3,2005,-7.0
6130,840-17-3,2009,6.0
6130,840-17-3,2012,0.0
6130,840-17-3,2021,16.0
6130,840-17-301,1998,4.0
6130,840-17-301,1999,4.0
6130,840-17-301,2002,0.0
6130,840-17-301,2005,3.0
6130,840-17-301,2006,-2.0
6130,840-17-301,2009,
6130,840-17-301,2012,-2.0
6130,840-17-301,2018,-1.0
6130,840-17-302,1998,11.0
6130,840-17-302,1999,-7.0
6130,840-17-302,2002,6.0
6130,840-17-302,2005,5.0
6130,840-17-302,2006,2.0
6130,840-17-302,2009,-10.0
6130,840-17-302,2012,-3.0
6130,840-17-302,2013,3.0
6130,840-17-302,2021,0.0
6130,840-17-303,2005,-5.0
6130,840-17-303,2012,2.0
6130,840-17-305,1998,-14.0
6130,840-17-305,2002,-2.0
6130,840-17-305,2003,1.0
6130,840-17-305,2004,2.0
6130,840-17-305,2006,12.0
6130,840-17-305,2012,1.0
6130,840-17-305,2016,0.0
6130,840-17-305,2021,
6130,840-17-306,1998,-11.0
6130,840-17-306,2002,2.0
6130,840-17-306,2003,
6130,840-17-306,2006,-5.0
6130,840-17-306,2009,-16.0
6130,840-17-306,2012,20.0
6130,840-17-306,2016,15.0
6130,840-17-307,1998,
6130,840-17-307,2002,
6130,840-17-307,2009,12.0
6130,840-17-307,2012,8.0
6130,840-17-307,2016,18.0
6130,840-17-309,2005,-2.0
6130,840-17-309,2012,
6130,840-17-31,1998,-2.0
6130,840-17-31,1999,2.0
6130,840-17-31,2002,-5.0
6130,840-17-31,2012,
6130,840-17-312,1998,5.0
6130,840-17-312,1999,-3.0
6130,840-17-312,2002,0.0
6130,840-17-312,2003,1.0
6130,840-17-312,2004,-1.0
6130,840-17-312,2006,-4.0
6130,840-17-312,2009,-1.0
6130,840-17-312,2012,13.0
6130,840-17-312,2018,
6130,840-17-313,2003,3.0
6130,840-17-313,2006,4.0
6130,840-17-313,2009,
6130,840-17-313,2012,
6130,840-17-313,2018,-4.0
6130,840-17-314,2003,14.0
6130,840-17-314,2004,-11.0
6130,840-17-314,2012,6.0
6130,840-17-314,2013,11.0
6130,840-17-314,2018,-13.0
6130,840-17-315,1998,-2.0
6130,840-17-315,2002,
6130,840-17-315,2006,
6130,840-17-315,2013,-2.0
6130,840-17-315,2016,
6130,840-17-316,1998,-17.0
6130,840-17-316,1999,9.0
6130,840-17-316,2002,-19.0
6130,840-17-316,2005,7.0
6130,840-17-316,2016,3.0
6130,840-17-316,2021,0.0
6130,840-17-318,1998,-2.0
6130,840-17-318,1999,0.0
6130,840-17-318,2002,
6130,840-17-318,2009,
6130,840-17-318,2012,
6130,840-17-318,2018,-1.0
6130,840-17-319,1999,
6130,840-17-319,2003,
6130,840-17-319,2006,-7.0
6130,840-17-319,2009,5.0
6130,840-17-319,2013,-2.0
6130,840-17-32,1999,1.0
6130,840-17-32,2005,-2.0
6130,840-17-32,2006,1.0
6130,840-17-32,2009,2.0
6130,840-17-32,2012,
6130,840-17-32,2016,
6130,840-17-32,2018,
6130,840-17-326,2016,
6130,840-17-33,1998,9.0
6130,840-17-33,2005,-9.0
6130,840-17-33,2016,-4.0
6130,840-17-33,2018,-4.0
6130,840-17-33,2021,-2.0
6130,840-17-34,2016,
6130,840-17-35,1998,-7.0
6130,840-17-35,2003,-6.0
6130,840-17-35,2006,-9.0
6130,840-17-35,2009,2.0
6130,840-17-35,2012,-4.0
6130,840-17-35,2016,-2.0
6130,840-17-35,2018,1.0
6130,840-17-35,2021,3.0
6130,840-17-351,2005,3.0
6130,840-17-351,2009,0.0
6130,840-17-351,2012,
6130,840-17-351,2021,
6130,840-17-352,1998,6.0
6130,840-17-352,2009,-5.0
6130,840-17-352,2016,-5.0
6130,840-17-352,2021,2.0
6130,840-17-359,1998,-6.0
6130,840-17-359,2005,1.0
6130,840-17-359,2006,1.0
6130,840-17-359,2009,
6130,840-17-359,2012,-9.0
6130,840-17-359,2013,-2.0
6130,840-17-36,1998,27.0
6130,840-17-36,2002,-2.0
6130,840-17-36,2003,1.0
6130,840-17-36,2006,
6130,840-17-36,2009,
6130,840-17-36,2012,-9.0
6130,840-17-362,1998,
6130,840-17-362,2002,
6130,840-17-362,2004,-5.0
6130,840-17-366,2021,
6130,840-17-367,2002,
6130,840-17-367,2005,2.0
6130,840-17-367,2009,2.0
6130,840-17-367,2012,-4.0
6130,840-17-367,2018,
6130,840-17-368,1999,9.0
6130,840-17-368,2002,16.0
6130,840-17-368,2003,
6130,840-17-368,2012,
6130,840-17-37,1998,1.0
6130,840-17-37,2002,1.0
6130,840-17-37,2003,-1.0
6130,840-17-37,2006,13.0
6130,840-17-37,2009,2.0
6130,840-17-37,2012,-4.0
6130,840-17-37,2016,-8.0
6130,840-17-375,1998,4.0
6130,840-17-375,1999,2.0
6130,840-17-375,2003,
6130,840-17-375,2012,-8.0
6130,840-17-375,2018,2.0
6130,840-17-4,1998,-3.0
6130,840-17-4,1999,-1.0
6130,840-17-4,2002,-2.0
6130,840-17-4,2003,4.0
6130,840-17-4,2006,3.0
6130,840-17-4,2009,-7.0
6130,840-17-4,2016,-3.0
6130,840-17-4,2018,-6.0
6130,840-17-4,2021,-1.0
6130,840-17-41,2009,2.0
6130,840-17-41,2018,-4.0
6130,840-17-412,2003,
6130,840-17-412,2006,0.0
6130,840-17-412,2009,5.0
6130,840-17-412,2016,-1.0
6130,840-17-412,2018,1.0
6130,840-17-412,2021,1.0
6130,840-17-419,1999,
6130,840-17-419,2002,
6130,840-17-419,2006,-1.0
6130,840-17-419,2007,-2.0
6130,840-17-419,2018,0.0
6130,840-17-42,1998,-6.0
6130,840-17-42,2002,14.0
6130,840-17-42,2003,-14.0
6130,840-17-42,2006,
6130,840-17-42,2009,0.0
6130,840-17-42,2012,1.0
6130,840-17-42,2021,0.0
6130,840-17-43,1998,
6130,840-17-43,2003,
6130,840-17-43,2016,
6130,840-17-43,2018,4.0
6130,840-17-44,1998,1.0
6130,840-17-44,2002,-3.0
6130,840-17-44,2003,-1.0
6130,840-17-44,2009,7.0
6130,840-17-44,2012,-11.0
6130,840-17-44,2016,-3.0
6130,840-17-44,2018,-5.0
6130,840-17-46,1998,0.0
6130,840-17-46,1999,0.0
6130,840-17-46,2002,0.0
6130,840-17-46,2005,0.0
6130,840-17-46,2009,3.0
6130,840-17-46,2012,-1.0
6130,840-17-46,2018,-2.0
6130,840-17-46,2021,-3.0
6130,840-17-47,1998,2.0
6130,840-17-47,1999,-1.0
6130,840-17-47,2002,-5.0
6130,840-17-47,2009,5.0
6130,840-17-47,2012,
6130,840-17-47,2018,-4.0
6130,840-17-49,1999,-1.0
6130,840-17-49,2006,-3.0
6130,840-17-49,2007,
6130,840-17-49,2018,
6130,840-17-5,2003,
6130,840-17-5,2012,-2.0
6130,840-17-50,1999,
6130,840-17-50,2002,0.0
6130,840-17-50,2003,-4.0
6130,840-17-50,2012,
6130,840-17-50,2018,
6130,840-17-51,2003,-15.0
6130,840-17-51,2004,10.0
6130,840-17-51,2012,11.0
6130,840-17-51,2013,-3.0
6130,840-17-51,2018,
6130,840-17-55,1998,-35.0
6130,840-17-55,1999,-16.0
6130,840-17-55,2002,27.0
6130,840-17-55,2003,45.0
6130,840-17-55,2006,-62.0
6130,840-17-55,2009,26.0
6130,840-17-55,2012,-24.0
6130,840-17-55,2016,-11.0
6130,840-17-55,2018,-24.0
6130,840-17-56,2003,
6130,840-17-56,2006,
6130,840-17-56,2018,-2.0
6130,840-17-57,1999,0.0
6130,840-17-57,2002,0.0
6130,840-17-57,2003,6.0
6130,840-17-57,2007,
6130,840-17-57,2012,11.0
6130,840-17-57,2013,-12.0
6130,840-17-57,2018,-11.0
6130,840-17-58,1999,0.0
6130,840-17-58,2000,
6130,840-17-58,2002,
6130,840-17-58,2006,-7.0
6130,840-17-58,2007,-2.0
6130,840-17-58,2011,0.0
6130,840-17-58,2012,3.0
6130,840-17-6,2002,2.0
6130,840-17-6,2003,
6130,840-17-6,2009,-2.0
6130,840-17-6,2012,1.0
6130,840-17-6,2016,3.0
6130,840-17-8,1998,1.0
6130,840-17-8,2002,-3.0
6130,840-17-8,2009,-3.0
6130,840-17-8,2016,1.0
6130,840-17-8,2017,0.0
6130,840-17-8,2018,5.0
6130,840-17-9,1998,14.0
6130,840-17-9,1999,-19.0
6130,840-17-9,2002,-4.0
6130,840-17-9,2005,6.0
6130,840-17-9,2006,6.0
6130,840-17-9,2009,9.0
6130,840-17-9,2012,-9.0
6130,840-17-9,2013,-2.0
6130,840-17-9,2021,2.0
6130,840-18-1,1998,-2.0
6130,840-18-1,1999,3.0
6130,840-18-1,2001,8.0
6130,840-18-1,2009,-9.0
6130,840-18-1,2010,
6130,840-18-1,2021,11.0
6130,840-18-102,1998,
6130,840-18-102,2003,-1.0
6130,840-18-102,2008,
6130,840-18-102,2010,
6130,840-18-11,2005,-1.0
6130,840-18-11,2009,1.0
6130,840-18-11,2010,
6130,840-18-11,2021,0.0
6130,840-18-14,2005,-6.0
6130,840-18-14,2008,0.0
6130,840-18-14,2009,-1.0
6130,840-18-14,2010,0.0
6130,840-18-14,2021,
6130,840-18-15,1998,-4.0
6130,840-18-15,1999,
6130,840-18-15,2005,-6.0
6130,840-18-15,2009,-6.0
6130,840-18-15,2010,0.0
6130,840-18-15,2021,3.0
6130,840-18-3,1998,3.0
6130,840-18-3,1999,-6.0
6130,840-18-3,2001,5.0
6130,840-18-3,2003,
6130,840-18-3,2008,-6.0
6130,840-18-3,2009,
6130,840-18-3,2021,2.0
6130,840-18-4,1998,-3.0
6130,840-18-4,1999,-1.0
6130,840-18-4,2003,
6130,840-18-4,2008,
6130,840-18-4,2010,-12.0
6130,840-18-4,2021,
6130,840-18-7,1998,9.0
6130,840-18-7,1999,-11.0
6130,840-18-7,2001,
6130,840-18-7,2003,
6130,840-18-7,2005,-3.0
6130,840-18-8,1998,-8.0
6130,840-18-8,1999,11.0
6130,840-18-8,2001,8.0
6130,840-18-8,2003,-10.0
6130,840-18-8,2005,2.0
6130,840-18-8,2008,
6130,840-18-8,2021,-4.0
6130,840-18-9,1998,7.0
6130,840-18-9,1999,
6130,840-18-9,2003,-1.0
6130,840-18-9,2005,-1.0
6130,840-18-9,2008,0.0
6130,840-18-9,2009,8.0
6130,840-18-9,2010,-1.0
6130,840-2-1,1997,9.0
6130,840-2-1,2001,25.0
6130,840-2-1,2003,-9.0
6130,840-2-1,2007,-10.0
6130,840-2-1,2010,-1.0
6130,840-2-1,2011,1.0
6130,840-2-1,2022,-9.0
6130,840-2-10,1997,0.0
6130,840-2-10,2001,7.0
6130,840-2-10,2003,
6130,840-2-10,2007,2.0
6130,840-2-10,2011,2.0
6130,840-2-10,2017,-4.0
6130,840-2-10,2022,-3.0
6130,840-2-102,1997,17.0
6130,840-2-102,1998,-42.0
6130,840-2-102,2001,7.0
6130,840-2-102,2003,8.0
6130,840-2-102,2011,9.0
6130,840-2-102,2016,
6130,840-2-102,2022,8.0
6130,840-2-105,1997,18.0
6130,840-2-105,2001,-18.0
6130,840-2-105,2003,21.0
6130,840-2-105,2007,-31.0
6130,840-2-105,2010,-9.0
6130,840-2-105,2011,15.0
6130,840-2-105,2016,-7.0
6130,840-2-105,2017,-19.0
6130,840-2-105,2022,-14.0
6130,840-2-109,2001,-12.0
6130,840-2-109,2003,-4.0
6130,840-2-109,2007,14.0
6130,840-2-109,2010,-5.0
6130,840-2-109,2011,14.0
6130,840-2-109,2016,3.0
6130,840-2-109,2017,-15.0
6130,840-2-109,2022,-1.0
6130,840-2-111,2001,-3.0
6130,840-2-111,2003,15.0
6130,840-2-111,2007,7.0
6130,840-2-111,2011,44.0
6130,840-2-111,2017,-19.0
6130,840-2-111,2022,-11.0
6130,840-2-12,2001,
6130,840-2-12,2011,
6130,840-2-12,2017,-2.0
6130,840-2-13,1997,14.0
6130,840-2-13,1998,-4.0
6130,840-2-13,2001,8.0
6130,840-2-13,2003,
6130,840-2-13,2011,8.0
6130,840-2-13,2016,16.0
6130,840-2-13,2022,15.0
6130,840-2-14,1997,21.0
6130,840-2-14,1998,7.0
6130,840-2-14,2001,2.0
6130,840-2-14,2003,17.0
6130,840-2-14,2010,-96.0
6130,840-2-14,2011,-8.0
6130,840-2-14,2017,-2.0
6130,840-2-140,1997,-11.0
6130,840-2-140,2010,-9.0
6130,840-2-140,2011,
6130,840-2-140,2017,-6.0
6130,840-2-140,2018,
6130,840-2-141,2006,-4.0
6130,840-2-141,2011,-84.0
6130,840-2-141,2012,-21.0
6130,840-2-141,2017,-1.0
6130,840-2-142,1998,-1.0
6130,840-2-142,2001,18.0
6130,840-2-142,2005,3.0
6130,840-2-142,2006,7.0
6130,840-2-142,2011,
6130,840-2-142,2017,-3.0
6130,840-2-142,2021,-13.0
6130,840-2-142,2022,
6130,840-2-15,1997,14.0
6130,840-2-15,1998,-1.0
6130,840-2-15,2000,11.0
6130,840-2-15,2001,-8.0
6130,840-2-15,2003,
6130,840-2-15,2012,81.0
6130,840-2-15,2018,-23.0
6130,840-2-156,2001,21.0
6130,840-2-156,2003,-9.0
6130,840-2-156,2007,-37.0
6130,840-2-156,2010,4.0
6130,840-2-156,2011,2.0
6130,840-2-156,2017,18.0
6130,840-2-156,2022,6.0
6130,840-2-16,2001,
6130,840-2-16,2003,12.0
6130,840-2-16,2010,8.0
6130,840-2-16,2011,-14.0
6130,840-2-162,2001,-1.0
6130,840-2-162,2003,-1.0
6130,840-2-162,2007,-8.0
6130,840-2-162,2011,-4.0
6130,840-2-162,2016,
6130,840-2-162,2022,
6130,840-2-164,2001,-5.0
6130,840-2-164,2003,-20.0
6130,840-2-164,2007,1.0
6130,840-2-164,2010,4.0
6130,840-2-164,2011,17.0
6130,840-2-164,2022,25.0
6130,840-2-17,1997,-5.0
6130,840-2-17,2001,-2.0
6130,840-2-17,2003,4.0
6130,840-2-17,2007,-9.0
6130,840-2-17,2010,
6130,840-2-17,2017,0.0
6130,840-2-19,1997,-6.0
6130,840-2-19,1998,12.0
6130,840-2-19,2001,-8.0
6130,840-2-19,2003,2.0
6130,840-2-19,2007,-3.0
6130,840-2-19,2010,6.0
6130,840-2-19,2011,
6130,840-2-19,2017,7.0
6130,840-2-19,2022,
6130,840-2-20,1997,3.0
6130,840-2-20,1998,-4.0
6130,840-2-20,2001,6.0
6130,840-2-20,2003,-2.0
6130,840-2-20,2011,14.0
6130,840-2-20,2017,9.0
6130,840-2-201,1997,-15.0
6130,840-2-201,1998,10.0
6130,840-2-201,2001,-1.0
6130,840-2-201,2003,-9.0
6130,840-2-201,2007,9.0
6130,840-2-201,2018,-1.0
6130,840-2-201,2022,5.0
6130,840-2-204,2001,39.0
6130,840-2-204,2003,-7.0
6130,840-2-204,2007,-22.0
6130,840-2-204,2010,37.0
6130,840-2-204,2016,15.0
6130,840-2-204,2017,22.0
6130,840-2-205,1998,-10.0
6130,840-2-205,2001,2.0
6130,840-2-205,2003,-5.0
6130,840-2-205,2007,4.0
6130,840-2-205,2010,16.0
6130,840-2-205,2011,2.0
6130,840-2-205,2017,10.0
6130,840-2-205,2022,
6130,840-2-207,1997,-27.0
6130,840-2-207,2001,16.0
6130,840-2-207,2003,38.0
6130,840-2-207,2007,-18.0
6130,840-2-207,2010,10.0
6130,840-2-207,2011,-5.0
6130,840-2-208,2007,
6130,840-2-208,2011,
6130,840-2-208,2017,-17.0
6130,840-2-208,2021,11.0
6130,840-2-209,2001,
6130,840-2-209,2007,-4.0
6130,840-2-209,2011,-11.0
6130,840-2-209,2017,
6130,840-2-209,2022,6.0
6130,840-2-21,1997,16.0
6130,840-2-21,1998,-13.0
6130,840-2-21,2001,1.0
6130,840-2-21,2003,-3.0
6130,840-2-21,2007,7.0
6130,840-2-21,2011,-2.0
6130,840-2-21,2017,-3.0
6130,840-2-21,2021,5.0
6130,840-2-21,2022,5.0
6130,840-2-210,1997,-10.0
6130,840-2-210,1998,
6130,840-2-210,2003,28.0
6130,840-2-210,2010,7.0
6130,840-2-210,2011,-3.0
6130,840-2-210,2017,2.0
6130,840-2-210,2022,
6130,840-2-211,1997,3.0
6130,840-2-211,1998,-12.0
6130,840-2-211,2001,-42.0
6130,840-2-211,2003,-10.0
6130,840-2-211,2007,17.0
6130,840-2-211,2010,-10.0
6130,840-2-211,2011,7.0
6130,840-2-211,2017,-11.0
6130,840-2-211,2022,
6130,840-2-212,1997,-89.0
6130,840-2-212,1998,14.0
6130,840-2-212,2001,-1.0
6130,840-2-212,2003,12.0
6130,840-2-212,2011,19.0
6130,840-2-212,2017,
6130,840-2-214,1997,
6130,840-2-214,2011,0.0
6130,840-2-215,1997,5.0
6130,840-2-215,1998,4.0
6130,840-2-215,2003,-16.0
6130,840-2-215,2010,
6130,840-2-215,2017,-5.0
6130,840-2-215,2022,-5.0
6130,840-2-216,2005,
6130,840-2-216,2011,
6130,840-2-216,2017,3.0
6130,840-2-216,2022,3.0
6130,840-2-218,1997,-1.0
6130,840-2-218,1998,3.0
6130,840-2-218,2001,-9.0
6130,840-2-218,2006,8.0
6130,840-2-218,2011,
6130,840-2-218,2017,13.0
6130,840-2-218,2022,-9.0
6130,840-2-22,1997,-1.0
6130,840-2-22,1998,2.0
6130,840-2-22,2001,0.0
6130,840-2-22,2003,-2.0
6130,840-2-22,2007,2.0
6130,840-2-22,2008,-4.0
6130,840-2-22,2009,
6130,840-2-22,2011,-5.0
6130,840-2-22,2017,
6130,840-2-23,1997,-6.0
6130,840-2-23,1998,3.0
6130,840-2-23,2001,0.0
6130,840-2-23,2003,9.0
6130,840-2-23,2011,-15.0
6130,840-2-23,2022,-4.0
6130,840-2-24,1998,-5.0
6130,840-2-24,1999,-6.0
6130,840-2-24,2001,2.0
6130,840-2-24,2003,-4.0
6130,840-2-24,2007,-3.0
6130,840-2-24,2010,-1.0
6130,840-2-24,2011,1.0
6130,840-2-24,2017,-6.0
6130,840-2-24,2022,-2.0
6130,840-2-25,1997,-13.0
6130,840-2-25,1998,
6130,840-2-25,2001,-7.0
6130,840-2-25,2003,1.0
6130,840-2-25,2007,-3.0
6130,840-2-25,2010,1.0
6130,840-2-25,2011,-4.0
6130,840-2-25,2017,
6130,840-2-25,2022,
6130,840-2-26,1997,18.0
6130,840-2-26,1998,-7.0
6130,840-2-26,2001,-2.0
6130,840-2-26,2003,45.0
6130,840-2-26,2010,43.0
6130,840-2-26,2011,-40.0
6130,840-2-26,2017,
6130,840-2-27,1997,26.0
6130,840-2-27,1998,-9.0
6130,840-2-27,2001,9.0
6130,840-2-27,2003,23.0
6130,840-2-27,2007,5.0
6130,840-2-27,2011,
6130,840-2-27,2017,1.0
6130,840-2-27,2022,-3.0
6130,840-2-28,1997,
6130,840-2-28,2001,
6130,840-2-28,2003,
6130,840-2-28,2011,
6130,840-2-28,2016,-2.0
6130,840-2-28,2022,-17.0
6130,840-2-29,1997,2.0
6130,840-2-29,1998,-1.0
6130,840-2-29,2001,12.0
6130,840-2-29,2003,1.0
6130,840-2-29,2011,-5.0
6130,840-2-29,2017,5.0
6130,840-2-29,2022,-2.0
6130,840-2-31,2000,10.0
6130,840-2-31,2001,-13.0
6130,840-2-31,2003,17.0
6130,840-2-31,2005,-33.0
6130,840-2-31,2006,31.0
6130,840-2-31,2007,-22.0
6130,840-2-31,2017,21.0
6130,840-2-31,2022,-13.0
6130,840-2-33,1997,-1.0
6130,840-2-33,1998,0.0
6130,840-2-33,2001,-14.0
6130,840-2-33,2011,1.0
6130,840-2-33,2022,-1.0
6130,840-2-34,1997,0.0
6130,840-2-34,1998,5.0
6130,840-2-34,2001,0.0
6130,840-2-34,2003,16.0
6130,840-2-34,2010,1.0
6130,840-2-34,2011,
6130,840-2-34,2022,5.0
6130,840-2-35,1997,-1.0
6130,840-2-35,1998,4.0
6130,840-2-35,2001,-6.0
6130,840-2-35,2006,-7.0
6130,840-2-35,2011,
6130,840-2-35,2017,0.0
6130,840-2-36,1997,-16.0
6130,840-2-36,1998,
6130,840-2-36,2001,11.0
6130,840-2-36,2010,-4.0
6130,840-2-36,2011,-3.0
6130,840-2-38,1997,0.0
6130,840-2-38,1998,6.0
6130,840-2-38,2001,-4.0
6130,840-2-38,2011,19.0
6130,840-2-38,2017,-11.0
6130,840-2-4,1997,-1.0
6130,840-2-4,1998,24.0
6130,840-2-4,2001,0.0
6130,840-2-4,2003,9.0
6130,840-2-4,2010,3.0
6130,840-2-4,2011,5.0
6130,840-2-4,2016,27.0
6130,840-2-4,2022,-7.0
6130,840-2-43,1997,7.0
6130,840-2-43,1998,-5.0
6130,840-2-43,2001,-2.0
6130,840-2-43,2003,-9.0
6130,840-2-43,2007,4.0
6130,840-2-43,2010,2.0
6130,840-2-43,2011,7.0
6130,840-2-43,2017,8.0
6130,840-2-45,1997,-2.0
6130,840-2-45,1998,6.0
6130,840-2-45,2001,5.0
6130,840-2-45,2003,-1.0
6130,840-2-45,2010,-7.0
6130,840-2-45,2011,7.0
6130,840-2-47,1997,0.0
6130,840-2-47,1998,0.0
6130,840-2-47,2001,-7.0
6130,840-2-47,2003,7.0
6130,840-2-47,2007,16.0
6130,840-2-47,2010,-1.0
6130,840-2-47,2011,2.0
6130,840-2-47,2017,-2.0
6130,840-2-47,2022,-9.0
6130,840-2-48,1997,-20.0
6130,840-2-48,1998,3.0
6130,840-2-48,2001,4.0
6130,840-2-48,2003,-7.0
6130,840-2-48,2007,-13.0
6130,840-2-48,2011,
6130,840-2-48,2017,
6130,840-2-49,1997,13.0
6130,840-2-49,1998,-4.0
6130,840-2-49,2001,-24.0
6130,840-2-49,2003,
6130,840-2-49,2007,-8.0
6130,840-2-49,2010,
6130,840-2-49,2017,-8.0
6130,840-2-50,1997,-4.0
6130,840-2-50,1998,25.0
6130,840-2-50,2001,42.0
6130,840-2-50,2003,9.0
6130,840-2-50,2007,6.0
6130,840-2-50,2010,-9.0
6130,840-2-50,2011,-3.0
6130,840-2-50,2017,-6.0
6130,840-2-50,2022,6.0
6130,840-2-52,1997,
6130,840-2-52,2001,1.0
6130,840-2-52,2006,2.0
6130,840-2-52,2011,8.0
6130,840-2-52,2017,4.0
6130,840-2-53,1997,4.0
6130,840-2-53,1998,-5.0
6130,840-2-53,2001,-7.0
6130,840-2-53,2011,2.0
6130,840-2-53,2017,-3.0
6130,840-2-54,1997,11.0
6130,840-2-54,1998,
6130,840-2-54,2003,
6130,840-2-54,2006,3.0
6130,840-2-54,2022,
6130,840-2-55,2001,0.0
6130,840-2-55,2003,24.0
6130,840-2-55,2011,
6130,840-2-55,2017,5.0
6130,840-2-55,2022,-18.0
6130,840-2-57,1997,26.0
6130,840-2-57,1998,0.0
6130,840-2-57,2001,1.0
6130,840-2-57,2003,-9.0
6130,840-2-57,2007,3.0
6130,840-2-57,2010,4.0
6130,840-2-57,2011,0.0
6130,840-2-57,2022,
6130,840-2-58,1997,11.0
6130,840-2-58,2001,-8.0
6130,840-2-58,2003,-26.0
6130,840-2-58,2007,
6130,840-2-58,2011,-1.0
6130,840-2-58,2016,4.0
6130,840-2-58,2022,0.0
6130,840-2-59,1997,-8.0
6130,840-2-59,1998,-5.0
6130,840-2-59,2001,5.0
6130,840-2-59,2003,6.0
6130,840-2-59,2007,1.0
6130,840-2-59,2010,7.0
6130,840-2-59,2011,-5.0
6130,840-2-59,2017,-3.0
6130,840-2-59,2022,-1.0
6130,840-2-60,1997,-5.0
6130,840-2-60,1998,0.0
6130,840-2-60,2001,
6130,840-2-60,2011,
6130,840-2-61,1997,-39.0
6130,840-2-61,2001,39.0
6130,840-2-61,2003,-43.0
6130,840-2-61,2007,26.0
6130,840-2-61,2010,-43.0
6130,840-2-61,2011,-23.0
6130,840-2-61,2017,24.0
6130,840-2-63,1997,
6130,840-2-63,2001,5.0
6130,840-2-63,2007,6.0
6130,840-2-63,2009,7.0
6130,840-2-63,2010,5.0
6130,840-2-63,2011,3.0
6130,840-2-63,2017,-4.0
6130,840-2-63,2022,17.0
6130,840-2-65,1997,-20.0
6130,840-2-65,1998,-2.0
6130,840-2-65,2001,-5.0
6130,840-2-65,2003,-15.0
6130,840-2-65,2007,-16.0
6130,840-2-65,2010,0.0
6130,840-2-65,2011,-11.0
6130,840-2-65,2022,-7.0
6130,840-2-66,1997,
6130,840-2-66,2001,1.0
6130,840-2-66,2006,4.0
6130,840-2-66,2011,2.0
6130,840-2-66,2017,2.0
6130,840-2-67,1997,
6130,840-2-67,2001,7.0
6130,840-2-67,2010,-20.0
6130,840-2-67,2011,-1.0
6130,840-2-67,2022,10.0
6130,840-2-68,1997,10.0
6130,840-2-68,1998,17.0
6130,840-2-68,2006,-7.0
6130,840-2-68,2011,
6130,840-2-68,2017,
6130,840-2-7,1997,-23.0
6130,840-2-7,2001,26.0
6130,840-2-7,2003,-38.0
6130,840-2-7,2007,-12.0
6130,840-2-7,2010,4.0
6130,840-2-7,2016,-7.0
6130,840-2-70,1997,4.0
6130,840-2-70,1998,-4.0
6130,840-2-70,2011,4.0
6130,840-2-70,2017,6.0
6130,840-2-71,2001,1.0
6130,840-2-71,2007,6.0
6130,840-2-71,2010,
6130,840-2-71,2022,8.0
6130,840-2-72,1997,26.0
6130,840-2-72,2001,-2.0
6130,840-2-72,2003,-42.0
6130,840-2-72,2007,7.0
6130,840-2-72,2010,-3.0
6130,840-2-72,2016,-4.0
6130,840-2-73,2007,9.0
6130,840-2-73,2010,8.0
6130,840-2-73,2013,-8.0
6130,840-2-73,2016,-10.0
6130,840-2-73,2017,6.0
6130,840-2-73,2021,32.0
6130,840-2-8,1997,
6130,840-2-8,2001,
6130,840-2-8,2003,-9.0
6130,840-2-8,2007,4.0
6130,840-2-8,2008,-5.0
6130,840-2-8,2016,
6130,840-21-1,1997,15.0
6130,840-21-1,1998,-9.0
6130,840-21-1,2003,-12.0
6130,840-21-1,2008,5.0
6130,840-21-1,2009,17.0
6130,840-21-1,2010,-10.0
6130,840-21-1,2011,4.0
6130,840-21-10,1998,-7.0
6130,840-21-10,1999,17.0
6130,840-21-10,2008,-2.0
6130,840-21-10,2009,0.0
6130,840-21-10,2010,-1.0
6130,840-21-10,2011,3.0
6130,840-21-105,1997,-18.0
6130,840-21-105,1998,-12.0
6130,840-21-105,2003,12.0
6130,840-21-105,2008,16.0
6130,840-21-105,2009,-13.0
6130,840-21-105,2010,-42.0
6130,840-21-105,2011,26.0
6130,840-21-109,1997,2.0
6130,840-21-109,1998,2.0
6130,840-21-109,2003,3.0
6130,840-21-109,2010,0.0
6130,840-21-109,2011,0.0
6130,840-21-109,2016,10.0
6130,840-21-2,1998,4.0
6130,840-21-2,2003,-5.0
6130,840-21-2,2008,3.0
6130,840-21-2,2009,1.0
6130,840-21-2,2010,-10.0
6130,840-21-3,1997,6.0
6130,840-21-3,1998,-8.0
6130,840-21-3,2003,6.0
6130,840-21-3,2008,-1.0
6130,840-21-3,2009,-11.0
6130,840-21-3,2010,71.0
6130,840-21-3,2011,-31.0
6130,840-21-4,1997,11.0
6130,840-21-4,1998,8.0
6130,840-21-4,2003,5.0
6130,840-21-4,2010,19.0
6130,840-21-4,2011,-7.0
6130,840-25-1,1997,-7.0
6130,840-25-1,1998,4.0
6130,840-25-1,2001,-2.0
6130,840-25-1,2011,
6130,840-25-10,2000,
6130,840-25-10,2003,
6130,840-25-10,2005,
6130,840-25-108,2010,
6130,840-25-108,2021,
6130,840-25-11,1998,
6130,840-25-11,2002,
6130,840-25-11,2005,
6130,840-25-11,2010,5.0
6130,840-25-11,2011,15.0
6130,840-25-11,2012,-18.0
6130,840-25-11,2022,-6.0
6130,840-25-12,1997,0.0
6130,840-25-12,1998,
6130,840-25-12,2003,
6130,840-25-12,2005,-1.0
6130,840-25-12,2011,
6130,840-25-12,2017,12.0
6130,840-25-12,2022,8.0
6130,840-25-15,1998,15.0
6130,840-25-15,2011,4.0
6130,840-25-15,2012,-2.0
6130,840-25-15,2014,10.0
6130,840-25-15,2017,-1.0
6130,840-25-18,2007,1.0
6130,840-25-18,2016,
6130,840-25-19,2007,
6130,840-25-19,2010,-1.0
6130,840-25-19,2011,
6130,840-25-2,1997,-5.0
6130,840-25-2,1998,4.0
6130,840-25-2,2011,
6130,840-25-24,2002,
6130,840-25-26,1997,
6130,840-25-3,1997,-2.0
6130,840-25-3,1998,7.0
6130,840-25-3,2006,1.0
6130,840-25-3,2011,
6130,840-25-31,2004,-3.0
6130,840-25-31,2005,-1.0
6130,840-25-31,2010,
6130,840-25-4,1997,-1.0
6130,840-25-4,1998,-5.0
6130,840-25-4,2011,
6130,840-25-4,2014,-2.0
6130,840-25-4,2017,19.0
6130,840-25-4,2022,-13.0
4930,124-11-10,1999,
4930,124-11-10,2001,-40.0
4930,124-11-10,2004,35.0
4930,124-11-10,2006,-74.0
4930,124-11-10,2012,
4930,124-11-126,1998,
4930,124-11-126,2001,
4930,124-11-126,2007,
4930,124-11-126,2009,0.0
4930,124-11-126,2010,
4930,124-11-126,2012,0.0
4930,124-11-126,2015,
4930,124-11-167,2006,-2.0
4930,124-11-17,1999,1.0
4930,124-11-17,2014,-7.0
4930,124-11-17,2015,
4930,124-11-17,2021,-5.0
4930,124-11-19,1999,-96.0
4930,124-11-19,2001,-51.0
4930,124-11-19,2002,
4930,124-11-19,2006,
4930,124-11-19,2011,
4930,124-11-19,2015,39.0
4930,124-11-198,2004,-122.0
4930,124-11-198,2005,-14.0
4930,124-11-198,2008,2.0
4930,124-11-198,2010,-17.0
4930,124-11-208,1999,
4930,124-11-208,2001,0.0
4930,124-11-208,2002,3.0
4930,124-11-208,2003,3.0
4930,124-11-208,2004,2.0
4930,124-11-208,2011,2.0
4930,124-11-208,2012,-1.0
4930,124-11-220,1999,29.0
4930,124-11-220,2001,-21.0
4930,124-11-220,2004,
4930,124-11-220,2010,-83.0
4930,124-11-220,2011,
4930,124-11-220,2021,33.0
4930,124-11-222,1999,-23.0
4930,124-11-222,2001,
4930,124-11-222,2006,-1.0
4930,124-11-222,2015,2.0
4930,124-11-223,1999,81.0
4930,124-11-223,2004,1.0
4930,124-11-223,2011,20.0
4930,124-11-223,2015,
4930,124-11-234,2001,
4930,124-11-234,2004,57.0
4930,124-11-234,2012,-19.0
4930,124-11-234,2015,
4930,124-11-234,2021,-6.0
4930,124-11-244,1999,-11.0
4930,124-11-244,2001,-11.0
4930,124-11-244,2002,-11.0
4930,124-11-244,2006,
4930,124-11-244,2008,70.0
4930,124-11-244,2012,-11.0
4930,124-11-244,2015,2.0
4930,124-11-255,1998,-18.0
4930,124-11-255,1999,-24.0
4930,124-11-255,2001,-33.0
4930,124-11-255,2004,-90.0
4930,124-11-255,2008,-59.0
4930,124-11-255,2012,0.0
4930,124-11-255,2021,-4.0
4930,124-11-265,1998,22.0
4930,124-11-265,1999,
4930,124-11-265,2004,-4.0
4930,124-11-265,2008,-5.0
4930,124-11-270,1998,48.0
4930,124-11-270,1999,-68.0
4930,124-11-270,2004,-5.0
4930,124-11-270,2008,8.0
4930,124-11-270,2010,0.0
4930,124-11-270,2012,-5.0
4930,124-11-270,2021,-6.0
4930,124-11-29,1999,
4930,124-11-29,2001,8.0
4930,124-11-29,2002,
4930,124-11-29,2016,
4930,124-11-33,1999,-13.0
4930,124-11-33,2001,-15.0
4930,124-11-33,2002,7.0
4930,124-11-33,2003,-6.0
4930,124-11-33,2004,0.0
4930,124-11-33,2006,-7.0
4930,124-11-33,2012,6.0
4930,124-11-401,2003,5.0
4930,124-11-401,2004,-5.0
4930,124-11-401,2007,30.0
4930,124-11-401,2008,-10.0
4930,124-11-401,2010,17.0
4930,124-11-401,2011,-13.0
4930,124-11-401,2012,-1.0
4930,124-11-401,2015,-86.0
4930,124-11-401,2021,6.0
4930,124-11-402,1999,-44.0
4930,124-11-402,2001,-3.0
4930,124-11-402,2004,13.0
4930,124-11-402,2007,3.0
4930,124-11-402,2008,5.0
4930,124-11-402,2011,9.0
4930,124-11-402,2012,4.0
4930,124-11-402,2015,1.0
4930,124-11-402,2021,-2.0
4930,124-11-407,1999,-1.0
4930,124-11-407,2001,-5.0
4930,124-11-407,2002,9.0
4930,124-11-407,2003,-10.0
4930,124-11-407,2004,5.0
4930,124-11-407,2010,
4930,124-11-408,2003,
4930,124-11-408,2012,
4930,124-11-408,2021,-1.0
4930,124-11-409,2001,3.0
4930,124-11-409,2004,-4.0
4930,124-11-413,2004,-39.0
4930,124-11-413,2007,-17.0
4930,124-11-413,2008,
4930,124-11-413,2010,-8.0
4930,124-11-413,2012,
4930,124-11-413,2015,16.0
4930,124-11-419,1999,-8.0
4930,124-11-419,2001,9.0
4930,124-11-419,2004,
4930,124-11-419,2010,
4930,124-11-419,2021,
4930,124-11-420,1999,-21.0
4930,124-11-420,2001,-25.0
4930,124-11-420,2002,56.0
4930,124-11-420,2004,12.0
4930,124-11-420,2006,-86.0
4930,124-11-420,2012,
4930,124-11-420,2015,-59.0
4930,124-11-45,1998,-1.0
4930,124-11-45,1999,-1.0
4930,124-11-45,2001,-6.0
4930,124-11-45,2002,3.0
4930,124-11-45,2003,
4930,124-11-45,2006,
4930,124-11-5,2003,
4930,124-11-58,1999,
4930,124-11-6,2011,-17.0
4930,124-11-6,2012,-6.0
4930,124-11-6,2015,2.0
4930,124-11-608,1999,3.0
4930,124-11-608,2001,37.0
4930,124-11-608,2004,104.0
4930,124-11-608,2010,81.0
4930,124-11-608,2011,-76.0
4930,124-11-608,2012,15.0
4930,124-11-608,2021,
4930,124-11-609,1999,18.0
4930,124-11-609,2002,-22.0
4930,124-11-609,2003,-14.0
4930,124-11-609,2004,4.0
4930,124-11-609,2011,1.0
4930,124-11-609,2012,
4930,124-11-612,2004,
4930,124-11-612,2008,
4930,124-11-612,2010,3.0
4930,124-11-612,2011,-4.0
4930,124-11-612,2012,
4930,124-11-612,2015,
4930,124-11-612,2021,
4930,124-11-613,2000,23.0
4930,124-11-613,2001,-5.0
4930,124-11-613,2004,10.0
4930,124-11-613,2015,46.0
4930,124-11-613,2021,-55.0
4930,124-11-614,2007,35.0
4930,124-11-614,2008,-33.0
4930,124-11-614,2009,-1.0
4930,124-11-614,2012,-12.0
4930,124-11-614,2015,-4.0
4930,124-11-69,1998,-3.0
4930,124-11-709,1999,-13.0
4930,124-11-709,2001,
4930,124-11-709,2003,-2.0
4930,124-11-709,2004,
4930,124-11-709,2009,-5.0
4930,124-11-709,2012,
4930,124-11-71,2017,1.0
4930,124-11-74,1999,0.0
4930,124-11-74,2001,10.0
4930,124-11-74,2004,2.0
4930,124-11-74,2006,2.0
4930,124-11-74,2011,11.0
4930,124-11-74,2021,0.0
4930,124-11-81,1999,0.0
4930,124-11-9,1999,2.0
4930,124-11-9,2006,12.0
4930,124-4-10,2005,6.0
4930,124-4-10,2016,21.0
4930,124-4-10,2021,1.0
4930,124-4-105,2015,
4930,124-4-105,2021,0.0
4930,124-4-106,1997,
4930,124-4-106,2004,-6.0
4930,124-4-106,2005,0.0
4930,124-4-106,2006,0.0
4930,124-4-106,2010,
4930,124-4-106,2018,
4930,124-4-107,2005,2.0
4930,124-4-107,2011,4.0
4930,124-4-107,2014,
4930,124-4-107,2016,4.0
4930,124-4-107,2018,-3.0
4930,124-4-109,2005,7.0
4930,124-4-109,2011,9.0
4930,124-4-109,2015,-3.0
4930,124-4-109,2016,15.0
4930,124-4-109,2021,-82.0
4930,124-4-113,1999,-4.0
4930,124-4-113,2002,23.0
4930,124-4-113,2005,
4930,124-4-113,2011,14.0
4930,124-4-113,2016,-10.0
4930,124-4-113,2018,4.0
4930,124-4-114,1999,217.0
4930,124-4-114,2002,519.0
4930,124-4-114,2005,140.0
4930,124-4-114,2011,
4930,124-4-114,2015,
4930,124-4-114,2021,-15.0
4930,124-4-115,1999,-38.0
4930,124-4-115,2002,23.0
4930,124-4-115,2005,-13.0
4930,124-4-115,2015,-29.0
4930,124-4-115,2016,
4930,124-4-115,2021,
4930,124-4-116,2006,-7.0
4930,124-4-121,2000,77.0
4930,124-4-121,2002,-9.0
4930,124-4-121,2005,34.0
4930,124-4-121,2006,
4930,124-4-127,2001,
4930,124-4-127,2015,12.0
4930,124-4-127,2016,-14.0
4930,124-4-127,2018,
4930,124-4-128,2002,47.0
4930,124-4-128,2005,-57.0
4930,124-4-128,2021,-128.0
4930,124-4-129,2000,-75.0
4930,124-4-129,2001,-3.0
4930,124-4-129,2002,29.0
4930,124-4-129,2005,-35.0
4930,124-4-129,2006,14.0
4930,124-4-13,1997,28.0
4930,124-4-13,1999,-1.0
4930,124-4-13,2000,
4930,124-4-13,2011,0.0
4930,124-4-13,2016,67.0
4930,124-4-13,2018,-30.0
4930,124-4-136,2002,11.0
4930,124-4-136,2004,5.0
4930,124-4-136,2005,0.0
4930,124-4-136,2021,-13.0
4930,124-4-138,2005,1.0
4930,124-4-138,2011,
4930,124-4-138,2014,36.0
4930,124-4-138,2015,-10.0
4930,124-4-138,2021,1.0
4930,124-4-14,1997,0.0
4930,124-4-14,2002,9.0
4930,124-4-14,2005,-5.0
4930,124-4-14,2006,-22.0
4930,124-4-14,2011,
4930,124-4-15,1999,0.0
4930,124-4-15,2000,2.0
4930,124-4-15,2002,-11.0
4930,124-4-15,2015,-15.0
4930,124-4-15,2016,
4930,124-4-15,2021,-8.0
4930,124-4-18,1997,14.0
4930,124-4-18,2002,25.0
4930,124-4-18,2004,117.0
4930,124-4-18,2005,-55.0
4930,124-4-18,2006,-75.0
4930,124-4-19,2002,9.0
4930,124-4-19,2005,-44.0
4930,124-4-19,2015,
4930,124-4-19,2021,
4930,124-4-2,1998,-30.0
4930,124-4-2,2005,-4.0
4930,124-4-2,2010,3.0
4930,124-4-2,2011,14.0
4930,124-4-2,2015,31.0
4930,124-4-2,2021,-13.0
4930,124-4-20,1999,-26.0
4930,124-4-20,2002,
4930,124-4-20,2005,-18.0
4930,124-4-20,2014,-12.0
4930,124-4-20,2016,-85.0
4930,124-4-20,2021,13.0
4930,124-4-201,2004,1.0
4930,124-4-201,2015,
4930,124-4-201,2021,
4930,124-4-204,2005,86.0
4930,124-4-204,2011,-29.0
4930,124-4-204,2014,2.0
4930,124-4-204,2015,6.0
4930,124-4-204,2016,-33.0
4930,124-4-204,2021,
4930,124-4-210,2005,54.0
4930,124-4-210,2015,-22.0
4930,124-4-210,2016,1.0
4930,124-4-210,2021,-2.0
4930,124-4-212,2002,0.0
4930,124-4-212,2005,-21.0
4930,124-4-212,2015,-1.0
4930,124-4-212,2016,
4930,124-4-213,2005,
4930,124-4-213,2015,
4930,124-4-214,2002,
4930,124-4-214,2005,146.0
4930,124-4-214,2021,87.0
4930,124-4-215,1998,4.0
4930,124-4-215,1999,-8.0
4930,124-4-215,2002,-80.0
4930,124-4-215,2006,-22.0
4930,124-4-215,2017,
4930,124-4-22,2002,-8.0
4930,124-4-22,2005,191.0
4930,124-4-22,2006,-250.0
4930,124-4-22,2015,47.0
4930,124-4-22,2016,136.0
4930,124-4-227,2002,5.0
4930,124-4-227,2015,2.0
4930,124-4-227,2016,
4930,124-4-228,2000,1.0
4930,124-4-228,2001,1.0
4930,124-4-228,2002,
4930,124-4-228,2005,-36.0
4930,124-4-228,2015,10.0
4930,124-4-229,1999,205.0
4930,124-4-229,2000,-166.0
4930,124-4-229,2002,25.0
4930,124-4-229,2005,-74.0
4930,124-4-229,2006,-5.0
4930,124-4-229,2015,-7.0
4930,124-4-229,2016,
4930,124-4-24,2004,1.0
4930,124-4-24,2017,
4930,124-4-251,1999,
4930,124-4-251,2002,-4.0
4930,124-4-251,2003,5.0
4930,124-4-251,2011,17.0
4930,124-4-251,2021,0.0
4930,124-4-26,2004,-9.0
4930,124-4-26,2005,9.0
4930,124-4-26,2006,80.0
4930,124-4-26,2015,13.0
4930,124-4-26,2016,7.0
4930,124-4-27,2002,-1.0
4930,124-4-27,2004,227.0
4930,124-4-27,2005,-195.0
4930,124-4-27,2006,-20.0
4930,124-4-28,2001,-4.0
4930,124-4-28,2002,4.0
4930,124-4-28,2005,2.0
4930,124-4-28,2006,-14.0
4930,124-4-28,2018,1.0
4930,124-4-29,1999,-23.0
4930,124-4-29,2000,5.0
4930,124-4-29,2002,5.0
4930,124-4-29,2005,
4930,124-4-29,2015,23.0
4930,124-4-29,2021,-12.0
4930,124-4-3,1998,-3.0
4930,124-4-3,2005,19.0
4930,124-4-3,2006,-17.0
4930,124-4-3,2007,-1.0
4930,124-4-3,2011,1.0
4930,124-4-3,2014,0.0
4930,124-4-3,2015,-3.0
4930,124-4-3,2016,0.0
4930,124-4-302,1998,
4930,124-4-302,2005,6.0
4930,124-4-302,2011,3.0
4930,124-4-302,2014,-3.0
4930,124-4-302,2015,
4930,124-4-302,2021,1.0
4930,124-4-304,2005,24.0
4930,124-4-304,2011,-3.0
4930,124-4-304,2014,-3.0
4930,124-4-304,2015,-2.0
4930,124-4-304,2021,
4930,124-4-306,2011,-12.0
4930,124-4-306,2014,28.0
4930,124-4-306,2021,2.0
4930,124-4-31,1999,-12.0
4930,124-4-31,2000,-1.0
4930,124-4-31,2002,-8.0
4930,124-4-31,2015,-18.0
4930,124-4-31,2018,
4930,124-4-311,2002,10.0
4930,124-4-311,2005,5.0
4930,124-4-311,2006,
4930,124-4-311,2016,
4930,124-4-312,2005,
4930,124-4-312,2014,-2.0
4930,124-4-312,2021,
4930,124-4-313,2005,
4930,124-4-313,2011,3.0
4930,124-4-313,2016,-5.0
4930,124-4-313,2021,2.0
4930,124-4-315,1999,27.0
4930,124-4-315,2002,8.0
4930,124-4-315,2014,
4930,124-4-315,2017,-2.0
4930,124-4-315,2018,0.0
4930,124-4-328,2001,-13.0
4930,124-4-328,2002,2.0
4930,124-4-328,2005,-3.0
4930,124-4-328,2021,-54.0
4930,124-4-329,2005,-152.0
4930,124-4-329,2021,654.0
4930,124-4-33,2006,0.0
4930,124-4-33,2021,
4930,124-4-330,1999,-21.0
4930,124-4-330,2000,48.0
4930,124-4-330,2002,-106.0
4930,124-4-330,2005,-2.0
4930,124-4-330,2015,-34.0
4930,124-4-330,2021,62.0
4930,124-4-37,2004,14.0
4930,124-4-37,2015,3.0
4930,124-4-37,2016,-6.0
4930,124-4-37,2021,
4930,124-4-4,2005,14.0
4930,124-4-4,2011,15.0
4930,124-4-4,2014,-2.0
4930,124-4-4,2015,75.0
4930,124-4-4,2016,-83.0
4930,124-4-4,2017,132.0
4930,124-4-40,1998,33.0
4930,124-4-40,1999,-40.0
4930,124-4-40,2000,58.0
4930,124-4-40,2002,11.0
4930,124-4-40,2006,0.0
4930,124-4-40,2011,2.0
4930,124-4-40,2015,0.0
4930,124-4-40,2016,6.0
4930,124-4-404,2015,
4930,124-4-404,2021,
4930,124-4-55,1999,-17.0
4930,124-4-55,2001,-16.0
4930,124-4-55,2002,
4930,124-4-55,2006,
4930,124-4-55,2011,9.0
4930,124-4-55,2021,
4930,124-4-6,2004,-20.0
4930,124-4-6,2005,
4930,124-4-6,2015,3.0
4930,124-4-6,2016,-4.0
4930,124-4-6,2018,75.0
4930,124-4-62,2005,
4930,124-4-62,2016,-5.0
4930,124-4-63,1999,6.0
4930,124-4-63,2000,-7.0
4930,124-4-63,2001,2.0
4930,124-4-63,2002,1.0
4930,124-4-63,2003,
4930,124-4-63,2009,3.0
4930,124-4-63,2015,22.0
4930,124-4-63,2016,-22.0
4930,124-4-63,2021,-11.0
4930,124-4-7,1997,29.0
4930,124-4-7,1998,-33.0
4930,124-4-7,2005,-2.0
4930,124-4-7,2006,6.0
4930,124-4-7,2007,-3.0
4930,124-4-7,2010,
4930,124-4-9,2005,
4930,124-4-9,2011,2.0
4930,124-4-9,2016,-24.0
4930,124-4-96,2021,
4930,124-45-1,1998,-52.0
4930,124-45-1,2000,-3.0
4930,124-45-1,2009,-14.0
4930,124-45-1,2018,5.0
4930,124-45-1,2021,7.0
4930,124-45-102,1998,25.0
4930,124-45-102,2000,35.0
4930,124-45-102,2004,10.0
4930,124-45-102,2009,9.0
4930,124-45-102,2018,-55.0
4930,124-45-102,2021,62.0
4930,124-45-103,1997,-2.0
4930,124-45-103,1998,5.0
4930,124-45-103,2000,-17.0
4930,124-45-103,2004,3.0
4930,124-45-103,2009,2.0
4930,124-45-103,2018,-1.0
4930,124-45-105,1997,
4930,124-45-105,2000,-5.0
4930,124-45-105,2004,
4930,124-45-105,2009,3.0
4930,124-45-105,2018,13.0
4930,124-45-105,2021,
4930,124-45-107,1997,
4930,124-45-109,2008,
4930,124-45-11,2001,
4930,124-45-11,2014,-27.0
4930,124-45-11,2021,-30.0
4930,124-45-111,1997,-41.0
4930,124-45-111,1998,22.0
4930,124-45-111,2000,-3.0
4930,124-45-111,2004,31.0
4930,124-45-111,2018,-45.0
4930,124-45-111,2021,-8.0
4930,124-45-113,1997,6.0
4930,124-45-113,2000,16.0
4930,124-45-113,2004,-3.0
4930,124-45-113,2006,-17.0
4930,124-45-113,2009,-2.0
4930,124-45-113,2021,9.0
4930,124-45-114,1997,-1.0
4930,124-45-114,1998,
4930,124-45-114,2002,0.0
4930,124-45-116,2000,
4930,124-45-116,2002,
4930,124-45-116,2015,-3.0
4930,124-45-121,1997,1.0
4930,124-45-121,1998,
4930,124-45-121,2000,
4930,124-45-121,2004,17.0
4930,124-45-121,2018,1.0
4930,124-45-121,2021,
4930,124-45-13,2000,-7.0
4930,124-45-13,2004,-58.0
4930,124-45-13,2009,-7.0
4930,124-45-13,2018,-6.0
4930,124-45-13,2021,1.0
4930,124-45-18,2011,
4930,124-45-2,1997,12.0
4930,124-45-2,1998,-4.0
4930,124-45-2,2000,2.0
4930,124-45-2,2004,-39.0
4930,124-45-2,2009,-78.0
4930,124-45-2,2018,-9.0
4930,124-45-203,2004,32.0
4930,124-45-203,2008,-22.0
4930,124-45-203,2009,34.0
4930,124-45-203,2018,12.0
4930,124-45-203,2021,8.0
4930,124-45-205,2000,
4930,124-45-205,2004,3.0
4930,124-45-205,2009,-50.0
4930,124-45-205,2018,-36.0
4930,124-45-205,2021,-9.0
4930,124-45-207,2000,
4930,124-45-207,2002,0.0
4930,124-45-207,2012,45.0
4930,124-45-209,1997,-21.0
4930,124-45-209,1998,19.0
4930,124-45-209,2000,0.0
4930,124-45-209,2004,18.0
4930,124-45-209,2018,9.0
4930,124-45-209,2021,
4930,124-45-21,1997,
4930,124-45-21,2000,2.0
4930,124-45-21,2004,0.0
4930,124-45-21,2021,-2.0
4930,124-45-213,1997,
4930,124-45-213,2000,-4.0
4930,124-45-213,2002,-2.0
4930,124-45-213,2004,-19.0
4930,124-45-213,2006,-39.0
4930,124-45-213,2009,0.0
4930,124-45-216,2000,
4930,124-45-216,2004,
4930,124-45-216,2018,
4930,124-45-216,2021,1.0
4930,124-45-218,2008,-11.0
4930,124-45-218,2009,
4930,124-45-218,2014,0.0
4930,124-45-218,2018,-2.0
4930,124-45-218,2021,
4930,124-45-22,2000,
4930,124-45-22,2002,15.0
4930,124-45-22,2004,
4930,124-45-22,2006,
4930,124-45-22,2018,3.0
4930,124-45-220,2014,-3.0
4930,124-45-220,2021,9.0
4930,124-45-26,2000,
4930,124-45-26,2002,
4930,124-45-26,2014,
4930,124-45-26,2018,-13.0
4930,124-45-26,2021,2.0
4930,124-45-3,2000,-6.0
4930,124-45-3,2006,17.0
4930,124-45-3,2009,4.0
4930,124-45-3,2012,0.0
4930,124-45-30,2007,
4930,124-45-30,2021,-3.0
4930,124-45-30,2022,25.0
4930,124-45-41,1997,
4930,124-45-41,2000,
4930,124-45-41,2009,0.0
4930,124-45-41,2021,
4930,124-45-42,2004,-20.0
4930,124-45-42,2018,5.0
4930,124-45-42,2021,
4930,124-45-43,1997,-1.0
4930,124-45-43,2000,-1.0
4930,124-45-43,2018,1.0
4930,124-45-49,2004,
4930,124-45-49,2021,-5.0
4930,124-45-5,1997,-40.0
4930,124-45-5,1998,0.0
4930,124-45-5,2000,-27.0
4930,124-45-5,2004,-20.0
4930,124-45-5,2009,23.0
4930,124-45-5,2018,98.0
4930,124-45-5,2021,5.0
4930,124-45-7,1998,76.0
4930,124-45-7,2000,-7.0
4930,124-45-7,2009,-25.0
4930,124-45-7,2018,-16.0
4930,124-45-7,2021,-3.0
4930,124-45-9,1998,
4930,124-45-9,2000,
4930,124-45-9,2009,7.0
4930,124-45-9,2018,1.0
4930,124-56-105,1999,
4930,124-56-105,2002,19.0
4930,124-56-105,2004,-26.0
4930,124-56-105,2006,15.0
4930,124-56-105,2015,15.0
4930,124-56-105,2021,
4930,124-56-13,2001,-26.0
4930,124-56-13,2004,-39.0
4930,124-56-13,2011,24.0
4930,124-56-13,2018,-35.0
4930,124-56-13,2021,22.0
4930,124-56-137,1999,
4930,124-56-137,2001,13.0
4930,124-56-137,2004,13.0
4930,124-56-137,2015,0.0
4930,124-56-137,2018,-37.0
4930,124-56-137,2021,0.0
4930,124-56-14,1999,-52.0
4930,124-56-14,2001,7.0
4930,124-56-14,2004,27.0
4930,124-56-14,2018,
4930,124-56-15,1999,5.0
4930,124-56-15,2001,8.0
4930,124-56-15,2004,13.0
4930,124-56-15,2011,-37.0
4930,124-56-15,2018,-28.0
4930,124-56-15,2021,-14.0
4930,124-56-21,1999,-12.0
4930,124-56-21,2001,-39.0
4930,124-56-21,2002,-2.0
4930,124-56-21,2004,
4930,124-56-21,2006,-20.0
4930,124-56-21,2015,32.0
4930,124-56-21,2018,-8.0
4930,124-56-21,2021,11.0
4930,124-56-22,1999,-58.0
4930,124-56-22,2001,7.0
4930,124-56-22,2002,-53.0
4930,124-56-22,2004,-41.0
4930,124-56-22,2018,-18.0
4930,124-56-25,2015,-9.0
4930,124-56-25,2018,
4930,124-56-25,2021,4.0
4930,124-56-26,1999,-7.0
4930,124-56-26,2015,12.0
4930,124-56-26,2021,32.0
4930,124-56-31,1999,-22.0
4930,124-56-31,2001,
4930,124-56-31,2004,
4930,124-56-31,2015,8.0
4930,124-56-31,2016,9.0
4930,124-56-31,2018,7.0
4930,124-56-31,2021,7.0
4930,124-56-33,1999,-2.0
4930,124-56-33,2001,-1.0
4930,124-56-33,2002,-5.0
4930,124-56-33,2004,-7.0
4930,124-56-33,2005,3.0
4930,124-56-33,2015,3.0
4930,124-56-33,2018,-8.0
4930,124-56-34,1999,-16.0
4930,124-56-34,2004,
4930,124-56-34,2015,
4930,124-56-38,1999,-20.0
4930,124-56-38,2001,-19.0
4930,124-56-38,2002,1.0
4930,124-56-38,2004,10.0
4930,124-56-38,2021,-30.0
4930,124-56-41,1999,12.0
4930,124-56-41,2001,-2.0
4930,124-56-41,2002,-11.0
4930,124-56-41,2004,-11.0
4930,124-56-41,2015,15.0
4930,124-56-41,2018,4.0
4930,124-56-41,2021,-2.0
4930,124-56-42,2004,-64.0
4930,124-56-42,2006,4.0
4930,124-56-42,2015,-18.0
4930,124-56-42,2022,
4930,124-56-44,1999,1.0
4930,124-56-44,2001,-18.0
4930,124-56-44,2002,4.0
4930,124-56-44,2004,-3.0
4930,124-57-10,1999,
4930,124-57-10,2006,-11.0
4930,124-57-10,2015,-8.0
4930,124-57-10,2018,-37.0
4930,124-57-121,2006,1.0
4930,124-57-121,2010,2.0
4930,124-57-121,2017,
4930,124-57-14,2012,
4930,124-57-14,2018,
4930,124-57-16,2006,10.0
4930,124-57-16,2010,34.0
4930,124-57-16,2015,-2.0
4930,124-57-16,2016,10.0
4930,124-57-18,1999,3.0
4930,124-57-18,2004,4.0
4930,124-57-18,2006,-3.0
4930,124-57-18,2009,11.0
4930,124-57-18,2011,
4930,124-57-18,2018,17.0
4930,124-57-3,1999,44.0
4930,124-57-3,2009,-7.0
4930,124-57-3,2018,-3.0
4930,124-57-36,2018,
4930,124-57-6,2004,50.0
4930,124-57-6,2006,-55.0
4930,124-57-6,2009,1.0
4930,124-57-6,2012,-7.0
4930,124-57-6,2018,-19.0
4930,124-57-6,2022,0.0
4930,124-65-11,1997,-8.0
4930,124-65-11,1999,2.0
4930,124-65-11,2001,1.0
4930,124-65-11,2002,-1.0
4930,124-65-11,2004,6.0
4930,124-65-11,2006,7.0
4930,124-65-117,1999,-2.0
4930,124-65-117,2001,215.0
4930,124-65-117,2002,-342.0
4930,124-65-117,2004,-7.0
4930,124-65-117,2006,-14.0
4930,124-65-117,2011,-3.0
4930,124-65-117,2015,-11.0
4930,124-65-117,2018,
4930,124-65-117,2021,-2.0
4930,124-65-13,1999,
4930,124-65-13,2002,
4930,124-65-130,1999,2.0
4930,124-65-130,2001,
4930,124-65-130,2004,4.0
4930,124-65-130,2015,10.0
4930,124-65-130,2018,-1.0
4930,124-65-130,2021,-1.0
4930,124-65-14,1999,-11.0
4930,124-65-14,2001,-8.0
4930,124-65-14,2004,7.0
4930,124-65-14,2006,3.0
4930,124-65-14,2011,1.0
4930,124-65-14,2013,-10.0
4930,124-65-14,2015,-10.0
4930,124-65-14,2016,38.0
4930,124-65-14,2018,-28.0
4930,124-65-14,2021,16.0
4930,124-65-18,1999,
4930,124-65-18,2001,-18.0
4930,124-65-18,2002,
4930,124-65-18,2004,31.0
4930,124-65-18,2006,
4930,124-65-18,2015,-17.0
4930,124-65-18,2018,4.0
4930,124-65-18,2021,-27.0
4930,124-65-19,1999,74.0
4930,124-65-19,2001,-28.0
4930,124-65-19,2002,17.0
4930,124-65-19,2004,23.0
4930,124-65-19,2015,-59.0
4930,124-65-19,2018,-25.0
4930,124-65-19,2021,-25.0
4930,124-65-20,1999,-65.0
4930,124-65-20,2001,3.0
4930,124-65-20,2002,-45.0
4930,124-65-20,2004,14.0
4930,124-65-20,2006,13.0
4930,124-65-20,2011,-29.0
4930,124-65-20,2016,-2.0
4930,124-65-20,2018,8.0
4930,124-65-21,1999,1.0
4930,124-65-21,2004,-64.0
4930,124-65-21,2015,-51.0
4930,124-65-21,2016,43.0
4930,124-65-21,2018,-41.0
4930,124-65-21,2021,
4930,124-65-22,1999,40.0
4930,124-65-22,2002,
4930,124-65-22,2004,11.0
4930,124-65-22,2016,7.0
4930,124-65-22,2022,-13.0
4930,124-65-23,2002,23.0
4930,124-65-23,2004,4.0
4930,124-65-23,2013,-10.0
4930,124-65-23,2015,15.0
4930,124-65-23,2016,-30.0
4930,124-65-23,2017,10.0
4930,124-65-23,2018,28.0
4930,124-65-23,2022,43.0
4930,124-65-27,1999,15.0
4930,124-65-27,2001,8.0
4930,124-65-27,2002,-13.0
4930,124-65-27,2004,3.0
4930,124-65-27,2006,8.0
4930,124-65-27,2011,5.0
4930,124-65-27,2015,0.0
4930,124-65-27,2018,-8.0
4930,124-65-27,2021,16.0
4930,124-65-28,1999,2.0
4930,124-65-28,2001,5.0
4930,124-65-28,2002,1.0
4930,124-65-28,2004,-14.0
4930,124-65-28,2006,0.0
4930,124-65-28,2015,-3.0
4930,124-65-28,2016,6.0
4930,124-65-28,2018,
4930,124-65-29,1999,-22.0
4930,124-65-29,2001,
4930,124-65-29,2015,-19.0
4930,124-65-29,2018,
4930,124-65-3,2018,-1.0
4930,124-65-31,1999,11.0
4930,124-65-31,2001,-18.0
4930,124-65-31,2002,
4930,124-65-31,2015,
4930,124-65-31,2018,25.0
4930,124-65-31,2021,0.0
4930,124-65-33,2001,15.0
4930,124-65-33,2004,34.0
4930,124-65-33,2005,-21.0
4930,124-65-33,2006,41.0
4930,124-65-33,2012,14.0
4930,124-65-33,2021,-102.0
4930,124-65-33,2022,-10.0
4930,124-65-34,1997,
4930,124-65-34,1999,-57.0
4930,124-65-34,2001,
4930,124-65-34,2007,-2.0
4930,124-65-34,2017,-26.0
4930,124-65-34,2021,1.0
4930,124-65-35,1999,-26.0
4930,124-65-35,2001,15.0
4930,124-65-35,2002,
4930,124-65-35,2015,21.0
4930,124-65-36,1999,-12.0
4930,124-65-36,2001,0.0
4930,124-65-36,2002,10.0
4930,124-65-36,2004,5.0
4930,124-65-36,2006,-1.0
4930,124-65-36,2015,
4930,124-65-36,2018,6.0
4930,124-65-37,1999,-28.0
4930,124-65-37,2001,-9.0
4930,124-65-37,2002,
4930,124-65-37,2004,
4930,124-65-37,2015,-14.0
4930,124-65-38,1999,
4930,124-65-38,2004,-4.0
4930,124-65-38,2005,
4930,124-65-38,2010,-5.0
4930,124-65-38,2021,
4930,124-65-5,1999,
4930,124-65-5,2002,
4930,124-65-5,2011,57.0
4930,124-65-7,1999,1.0
4930,124-65-7,2002,
4930,124-65-7,2011,3.0
4930,124-65-7,2015,4.0
4930,124-65-7,2018,5.0
4930,124-65-7,2021,0.0
4930,124-65-9,1999,4.0
4930,124-65-9,2004,-1.0
4930,124-65-9,2015,-9.0
4930,124-68-10,2007,-37.0
4930,124-68-10,2009,-64.0
4930,124-68-10,2012,32.0
4930,124-68-10,2015,-59.0
4930,124-68-10,2021,-24.0
4930,124-68-11,1999,-22.0
4930,124-68-11,2000,-32.0
4930,124-68-11,2002,105.0
4930,124-68-11,2009,-3.0
4930,124-68-11,2012,38.0
4930,124-68-11,2015,-52.0
4930,124-68-11,2021,5.0
4930,124-68-113,1999,8.0
4930,124-68-113,2000,-15.0
4930,124-68-113,2004,-16.0
4930,124-68-113,2005,-16.0
4930,124-68-113,2009,9.0
4930,124-68-113,2012,5.0
4930,124-68-113,2015,-10.0
4930,124-68-113,2021,-15.0
4930,124-68-117,2000,77.0
4930,124-68-117,2004,67.0
4930,124-68-117,2005,-38.0
4930,124-68-117,2009,-40.0
4930,124-68-117,2012,12.0
4930,124-68-119,2000,26.0
4930,124-68-119,2003,-33.0
4930,124-68-119,2004,20.0
4930,124-68-119,2005,-25.0
4930,124-68-119,2009,29.0
4930,124-68-119,2012,-30.0
4930,124-68-12,1999,6.0
4930,124-68-12,2000,-56.0
4930,124-68-12,2004,85.0
4930,124-68-12,2005,58.0
4930,124-68-12,2009,99.0
4930,124-68-12,2012,-119.0
4930,124-68-12,2016,50.0
4930,124-68-12,2022,-13.0
4930,124-68-14,2000,-25.0
4930,124-68-14,2003,51.0
4930,124-68-14,2004,-16.0
4930,124-68-14,2005,136.0
4930,124-68-14,2012,
4930,124-68-14,2015,-49.0
4930,124-68-14,2021,-27.0
4930,124-68-142,2004,15.0
4930,124-68-142,2005,-17.0
4930,124-68-142,2006,2.0
4930,124-68-142,2007,13.0
4930,124-68-142,2021,
4930,124-68-15,1999,7.0
4930,124-68-15,2000,3.0
4930,124-68-15,2004,-19.0
4930,124-68-15,2005,54.0
4930,124-68-15,2009,-18.0
4930,124-68-15,2012,-39.0
4930,124-68-15,2021,-2.0
4930,124-68-16,2004,-4.0
4930,124-68-16,2005,-1.0
4930,124-68-16,2009,-5.0
4930,124-68-16,2012,27.0
4930,124-68-16,2015,-3.0
4930,124-68-18,2000,10.0
4930,124-68-18,2003,-3.0
4930,124-68-18,2004,3.0
4930,124-68-18,2005,3.0
4930,124-68-18,2009,22.0
4930,124-68-18,2012,-2.0
4930,124-68-18,2021,-5.0
4930,124-68-2,1997,
4930,124-68-2,2007,-24.0
4930,124-68-2,2010,54.0
4930,124-68-2,2012,22.0
4930,124-68-2,2013,104.0
4930,124-68-2,2015,-71.0
4930,124-68-2,2021,-25.0
4930,124-68-20,2003,-62.0
4930,124-68-20,2004,
4930,124-68-20,2007,22.0
4930,124-68-20,2009,51.0
4930,124-68-20,2012,84.0
4930,124-68-20,2021,8.0
4930,124-68-202,2003,230.0
4930,124-68-202,2004,-194.0
4930,124-68-202,2005,
4930,124-68-202,2007,
4930,124-68-203,2003,74.0
4930,124-68-203,2004,53.0
4930,124-68-203,2005,127.0
4930,124-68-203,2007,-144.0
4930,124-68-203,2015,164.0
4930,124-68-203,2021,65.0
4930,124-68-207,2003,25.0
4930,124-68-207,2004,-37.0
4930,124-68-207,2005,61.0
4930,124-68-207,2007,34.0
4930,124-68-207,2009,-4.0
4930,124-68-207,2021,12.0
4930,124-68-208,1999,
4930,124-68-208,2009,-14.0
4930,124-68-208,2015,70.0
4930,124-68-208,2021,
4930,124-68-209,2003,-58.0
4930,124-68-209,2004,68.0
4930,124-68-209,2005,-18.0
4930,124-68-209,2007,-119.0
4930,124-68-209,2009,65.0
4930,124-68-209,2015,-18.0
4930,124-68-209,2021,22.0
4930,124-68-210,2007,-14.0
4930,124-68-210,2009,-20.0
4930,124-68-210,2012,12.0
4930,124-68-210,2015,6.0
4930,124-68-210,2021,-38.0
4930,124-68-211,1999,4.0
4930,124-68-211,2000,14.0
4930,124-68-211,2005,-6.0
4930,124-68-211,2009,-38.0
4930,124-68-211,2012,15.0
4930,124-68-211,2015,5.0
4930,124-68-211,2021,26.0
4930,124-68-213,2005,4.0
4930,124-68-213,2015,
4930,124-68-213,2021,9.0
4930,124-68-214,1999,2.0
4930,124-68-214,2000,-7.0
4930,124-68-214,2005,18.0
4930,124-68-214,2009,20.0
4930,124-68-214,2012,-23.0
4930,124-68-214,2017,9.0
4930,124-68-214,2021,17.0
4930,124-68-215,1999,
4930,124-68-215,2004,
4930,124-68-215,2009,-1.0
4930,124-68-215,2012,5.0
4930,124-68-216,1999,118.0
4930,124-68-216,2000,-47.0
4930,124-68-216,2004,-38.0
4930,124-68-216,2005,39.0
4930,124-68-216,2009,50.0
4930,124-68-216,2012,43.0
4930,124-68-216,2021,15.0
4930,124-68-217,2000,94.0
4930,124-68-217,2004,
4930,124-68-217,2009,3.0
4930,124-68-217,2012,-5.0
4930,124-68-217,2021,-4.0
4930,124-68-218,2000,-1.0
4930,124-68-218,2003,52.0
4930,124-68-218,2004,-68.0
4930,124-68-218,2005,9.0
4930,124-68-219,2005,42.0
4930,124-68-219,2009,22.0
4930,124-68-219,2015,3.0
4930,124-68-219,2021,-17.0
4930,124-68-22,1999,-244.0
4930,124-68-22,2003,48.0
4930,124-68-22,2004,-69.0
4930,124-68-22,2005,23.0
4930,124-68-22,2009,77.0
4930,124-68-22,2012,-15.0
4930,124-68-22,2021,45.0
4930,124-68-220,2003,-11.0
4930,124-68-220,2004,6.0
4930,124-68-220,2005,-67.0
4930,124-68-220,2009,-102.0
4930,124-68-220,2012,2.0
4930,124-68-223,1999,
4930,124-68-223,2005,15.0
4930,124-68-223,2009,10.0
4930,124-68-223,2013,45.0
4930,124-68-223,2015,-147.0
4930,124-68-223,2021,19.0
4930,124-68-224,1999,-59.0
4930,124-68-224,2000,10.0
4930,124-68-224,2004,-44.0
4930,124-68-224,2005,33.0
4930,124-68-224,2015,-21.0
4930,124-68-224,2021,-2.0
4930,124-68-225,1999,69.0
4930,124-68-225,2000,-5.0
4930,124-68-225,2004,-1.0
4930,124-68-225,2005,59.0
4930,124-68-225,2012,12.0
4930,124-68-225,2015,25.0
4930,124-68-225,2021,-35.0
4930,124-68-233,2007,-1.0
4930,124-68-233,2012,-7.0
4930,124-68-233,2013,-4.0
4930,124-68-233,2021,-1.0
4930,124-68-238,1997,7.0
4930,124-68-238,1999,
4930,124-68-238,2012,-1.0
4930,124-68-238,2015,0.0
4930,124-68-238,2021,-2.0
4930,124-68-242,1999,
4930,124-68-242,2006,-32.0
4930,124-68-242,2007,51.0
4930,124-68-242,2009,1.0
4930,124-68-242,2012,30.0
4930,124-68-242,2015,
4930,124-68-25,1997,1.0
4930,124-68-25,1999,-2.0
4930,124-68-25,2000,25.0
4930,124-68-25,2004,1.0
4930,124-68-25,2005,7.0
4930,124-68-25,2009,-42.0
4930,124-68-25,2012,-23.0
4930,124-68-251,2000,
4930,124-68-251,2003,-14.0
4930,124-68-251,2004,0.0
4930,124-68-251,2005,26.0
4930,124-68-251,2009,-2.0
4930,124-68-251,2012,22.0
4930,124-68-252,2007,4.0
4930,124-68-252,2009,4.0
4930,124-68-252,2014,-4.0
4930,124-68-26,1999,12.0
4930,124-68-26,2000,-26.0
4930,124-68-26,2004,22.0
4930,124-68-26,2005,15.0
4930,124-68-26,2012,5.0
4930,124-68-26,2021,16.0
4930,124-68-28,1997,6.0
4930,124-68-28,2003,2.0
4930,124-68-28,2004,-2.0
4930,124-68-28,2005,8.0
4930,124-68-28,2009,-5.0
4930,124-68-28,2012,-12.0
4930,124-68-28,2021,-8.0
4930,124-68-29,2003,30.0
4930,124-68-29,2004,
4930,124-68-29,2009,10.0
4930,124-68-29,2021,45.0
4930,124-68-296,2003,35.0
4930,124-68-296,2004,-36.0
4930,124-68-296,2005,43.0
4930,124-68-296,2006,-11.0
4930,124-68-296,2015,9.0
4930,124-68-296,2021,-6.0
4930,124-68-297,1997,1.0
4930,124-68-297,1999,-18.0
4930,124-68-297,2003,-15.0
4930,124-68-297,2005,1.0
4930,124-68-297,2006,2.0
4930,124-68-297,2009,
4930,124-68-298,1999,-2.0
4930,124-68-298,2003,0.0
4930,124-68-298,2005,26.0
4930,124-68-298,2006,-14.0
4930,124-68-298,2012,
4930,124-68-299,1999,45.0
4930,124-68-299,2003,
4930,124-68-299,2005,43.0
4930,124-68-299,2007,-38.0
4930,124-68-299,2015,35.0
4930,124-68-299,2021,11.0
4930,124-68-300,2000,
4930,124-68-300,2002,
4930,124-68-300,2009,
4930,124-68-300,2012,10.0
4930,124-68-300,2021,-38.0
4930,124-68-303,1997,1939.0
4930,124-68-303,2007,
4930,124-68-303,2010,
4930,124-68-303,2021,78.0
4930,124-68-308,2000,104.0
4930,124-68-308,2003,-119.0
4930,124-68-308,2004,17.0
4930,124-68-308,2005,-21.0
4930,124-68-308,2007,23.0
4930,124-68-308,2009,55.0
4930,124-68-308,2015,3.0
4930,124-68-308,2021,-8.0
4930,124-68-312,2004,4.0
4930,124-68-312,2005,-17.0
4930,124-68-312,2009,0.0
4930,124-68-312,2012,-7.0
4930,124-68-312,2021,5.0
4930,124-68-314,2004,
4930,124-68-314,2016,-8.0
4930,124-68-314,2022,5.0
4930,124-68-316,2000,-35.0
4930,124-68-316,2003,
4930,124-68-316,2005,119.0
4930,124-68-316,2009,22.0
4930,124-68-316,2012,
4930,124-68-316,2021,
4930,124-68-317,1999,60.0
4930,124-68-317,2000,
4930,124-68-317,2004,
4930,124-68-317,2007,141.0
4930,124-68-317,2009,24.0
4930,124-68-319,2000,-44.0
4930,124-68-319,2004,76.0
4930,124-68-319,2005,-170.0
4930,124-68-319,2009,90.0
4930,124-68-319,2012,38.0
4930,124-68-319,2021,15.0
4930,124-68-323,1999,-12.0
4930,124-68-323,2000,28.0
4930,124-68-323,2008,47.0
4930,124-68-323,2015,-1.0
4930,124-68-324,1999,-38.0
4930,124-68-324,2000,34.0
4930,124-68-324,2004,4.0
4930,124-68-324,2005,-17.0
4930,124-68-325,1999,3.0
4930,124-68-325,2000,8.0
4930,124-68-325,2009,
4930,124-68-325,2012,-3.0
4930,124-68-325,2015,
4930,124-68-325,2021,
4930,124-68-326,1997,-3.0
4930,124-68-326,1999,-37.0
4930,124-68-326,2000,2.0
4930,124-68-326,2004,7.0
4930,124-68-326,2005,6.0
4930,124-68-338,2003,
4930,124-68-338,2021,
4930,124-68-35,2003,7.0
4930,124-68-35,2006,
4930,124-68-35,2012,-10.0
4930,124-68-35,2021,-4.0
4930,124-68-350,2002,
4930,124-68-350,2005,-4.0
4930,124-68-350,2009,
4930,124-68-350,2015,-4.0
4930,124-68-36,2000,
4930,124-68-36,2004,
4930,124-68-36,2007,-8.0
4930,124-68-36,2009,-7.0
4930,124-68-36,2012,
4930,124-68-37,2003,25.0
4930,124-68-37,2004,-21.0
4930,124-68-37,2005,14.0
4930,124-68-37,2006,-18.0
4930,124-68-37,2007,173.0
4930,124-68-37,2021,
4930,124-68-39,1999,15.0
4930,124-68-39,2000,-36.0
4930,124-68-39,2003,
4930,124-68-39,2005,0.0
4930,124-68-39,2012,-53.0
4930,124-68-39,2021,-30.0
4930,124-68-4,2010,-10.0
4930,124-68-4,2012,
4930,124-68-4,2015,51.0
4930,124-68-43,2000,-10.0
4930,124-68-43,2005,
4930,124-68-43,2012,1.0
4930,124-68-44,2000,-3.0
4930,124-68-44,2004,12.0
4930,124-68-44,2005,-12.0
4930,124-68-47,2012,0.0
4930,124-68-47,2013,-9.0
4930,124-68-47,2015,35.0
4930,124-68-47,2021,28.0
4930,124-68-5,1999,-44.0
4930,124-68-5,2003,-30.0
4930,124-68-5,2004,60.0
4930,124-68-5,2005,-57.0
4930,124-68-5,2007,1.0
4930,124-68-5,2009,16.0
4930,124-68-5,2021,-37.0
4930,124-68-50,1999,-8.0
4930,124-68-50,2000,-9.0
4930,124-68-50,2005,11.0
4930,124-68-50,2009,
4930,124-68-50,2021,4.0
4930,124-68-52,2000,1.0
4930,124-68-52,2003,
4930,124-68-52,2005,1.0
4930,124-68-52,2012,-2.0
4930,124-68-53,2004,9.0
4930,124-68-53,2008,26.0
4930,124-68-53,2009,-23.0
4930,124-68-53,2021,
4930,124-68-54,1999,
4930,124-68-54,2006,
4930,124-68-57,2003,42.0
4930,124-68-57,2005,
4930,124-68-57,2009,-87.0
4930,124-68-57,2012,36.0
4930,124-68-57,2021,
4930,124-68-59,2004,-33.0
4930,124-68-59,2005,12.0
4930,124-68-59,2006,30.0
4930,124-68-59,2007,-36.0
4930,124-68-59,2012,-9.0
4930,124-68-6,1999,19.0
4930,124-68-6,2000,343.0
4930,124-68-6,2003,-9.0
4930,124-68-6,2004,-26.0
4930,124-68-6,2005,37.0
4930,124-68-6,2007,10.0
4930,124-68-6,2009,-119.0
4930,124-68-64,2016,
4930,124-68-65,2014,
4930,124-68-66,1997,-17.0
4930,124-68-66,1998,-4.0
4930,124-68-66,2000,20.0
4930,124-68-66,2004,17.0
4930,124-68-66,2006,13.0
4930,124-68-66,2007,-1.0
4930,124-68-66,2009,1.0
4930,124-68-66,2012,27.0
4930,124-68-66,2018,-18.0
4930,124-68-7,2000,-49.0
4930,124-68-7,2003,-13.0
4930,124-68-7,2004,-29.0
4930,124-68-7,2005,
4930,124-68-7,2007,
4930,124-68-7,2021,29.0
4930,124-68-8,1999,-15.0
4930,124-68-8,2003,27.0
4930,124-68-8,2004,51.0
4930,124-68-8,2005,121.0
4930,124-68-8,2007,2.0
4930,124-68-8,2009,-43.0
4930,124-68-83,1997,12.0
4930,124-68-83,1999,1.0
4930,124-68-83,2000,-5.0
4930,124-68-83,2004,-9.0
4930,124-68-83,2005,20.0
4930,124-68-83,2021,
4930,124-68-9,1999,
4930,124-68-9,2009,-15.0
4930,124-68-9,2012,-17.0
4930,124-68-9,2015,-54.0
4930,124-68-9,2021,50.0
4930,124-75-5,1997,-35.0
4930,124-75-5,1999,10.0
4930,124-75-5,2002,-4.0
4930,124-75-5,2004,
4930,124-75-5,2011,-5.0
4930,124-75-5,2018,7.0
4930,124-75-5,2021,20.0
4930,124-75-9,1999,-7.0
4930,124-75-9,2002,19.0
4930,124-75-9,2004,
4930,124-75-9,2006,-47.0
4930,124-75-9,2016,15.0
4930,124-75-9,2021,14.0
4930,124-75-9,2022,-15.0
4930,124-76-1,1999,-17.0
4930,124-76-1,2000,8.0
4930,124-76-1,2004,-13.0
4930,124-76-1,2005,47.0
4930,124-76-1,2012,35.0
4930,124-76-1,2015,-6.0
4930,124-76-1,2021,-21.0
4930,124-76-109,1999,-98.0
4930,124-76-109,2000,
4930,124-76-109,2005,
4930,124-76-109,2015,-16.0
4930,124-76-109,2021,-40.0
4930,124-76-113,2000,
4930,124-76-113,2004,7.0
4930,124-76-113,2005,-14.0
4930,124-76-113,2021,9.0
4930,124-76-12,1997,26.0
4930,124-76-12,2002,40.0
4930,124-76-12,2004,-37.0
4930,124-76-12,2005,10.0
4930,124-76-12,2013,-8.0
4930,124-76-120,1999,-31.0
4930,124-76-120,2000,-22.0
4930,124-76-120,2002,-131.0
4930,124-76-120,2004,-1.0
4930,124-76-120,2005,15.0
4930,124-76-120,2015,-46.0
4930,124-76-120,2021,-45.0
4930,124-76-121,1999,-30.0
4930,124-76-121,2000,18.0
4930,124-76-121,2002,-27.0
4930,124-76-121,2004,53.0
4930,124-76-121,2005,-51.0
4930,124-76-121,2015,-22.0
4930,124-76-121,2021,20.0
4930,124-76-125,2000,2.0
4930,124-76-125,2004,-14.0
4930,124-76-125,2005,4.0
4930,124-76-125,2007,-10.0
4930,124-76-125,2012,3.0
4930,124-76-140,2004,-8.0
4930,124-76-140,2005,15.0
4930,124-76-140,2015,-7.0
4930,124-76-140,2021,-26.0
4930,124-76-159,1999,-21.0
4930,124-76-159,2002,-2.0
4930,124-76-159,2004,
4930,124-76-159,2018,-2.0
4930,124-76-159,2021,
4930,124-76-16,2004,4.0
4930,124-76-16,2005,-3.0
4930,124-76-165,2001,-7.0
4930,124-76-165,2002,-9.0
4930,124-76-165,2004,-37.0
4930,124-76-165,2006,44.0
4930,124-76-165,2011,-9.0
4930,124-76-165,2014,2.0
4930,124-76-165,2017,2.0
4930,124-76-165,2018,1.0
4930,124-76-165,2021,10.0
4930,124-76-18,1997,-1.0
4930,124-76-18,1999,4.0
4930,124-76-18,2000,-8.0
4930,124-76-18,2001,
4930,124-76-18,2004,
4930,124-76-19,2005,44.0
4930,124-76-19,2009,-18.0
4930,124-76-19,2015,31.0
4930,124-76-19,2021,39.0
4930,124-76-190,1999,25.0
4930,124-76-190,2000,-1.0
4930,124-76-190,2001,36.0
4930,124-76-190,2004,-5.0
4930,124-76-190,2005,41.0
4930,124-76-190,2009,-9.0
4930,124-76-190,2015,18.0
4930,124-76-190,2021,4.0
4930,124-76-2,1999,28.0
4930,124-76-2,2000,-16.0
4930,124-76-2,2004,71.0
4930,124-76-2,2005,70.0
4930,124-76-2,2015,-9.0
4930,124-76-2,2021,28.0
4930,124-76-201,1997,75.0
4930,124-76-201,1999,-8.0
4930,124-76-201,2000,14.0
4930,124-76-201,2004,-5.0
4930,124-76-201,2005,15.0
4930,124-76-201,2009,-22.0
4930,124-76-201,2012,
4930,124-76-21,1999,30.0
4930,124-76-21,2000,43.0
4930,124-76-21,2001,79.0
4930,124-76-21,2002,-165.0
4930,124-76-21,2005,-120.0
4930,124-76-21,2006,22.0
4930,124-76-21,2015,12.0
4930,124-76-21,2018,16.0
4930,124-76-21,2021,-109.0
4930,124-76-216,2002,12.0
4930,124-76-216,2004,-19.0
4930,124-76-216,2005,15.0
4930,124-76-216,2015,0.0
4930,124-76-22,1999,-2.0
4930,124-76-22,2000,-9.0
4930,124-76-22,2001,-7.0
4930,124-76-22,2002,-7.0
4930,124-76-22,2004,-6.0
4930,124-76-22,2005,-1.0
4930,124-76-22,2009,10.0
4930,124-76-22,2015,5.0
4930,124-76-22,2021,-19.0
4930,124-76-221,1999,-91.0
4930,124-76-221,2000,23.0
4930,124-76-221,2002,-46.0
4930,124-76-221,2004,53.0
4930,124-76-221,2005,-48.0
4930,124-76-23,1999,-25.0
4930,124-76-23,2000,-26.0
4930,124-76-23,2001,
4930,124-76-23,2006,145.0
4930,124-76-23,2015,-76.0
4930,124-76-3,1997,-18.0
4930,124-76-3,1999,-12.0
4930,124-76-3,2000,1.0
4930,124-76-3,2004,8.0
4930,124-76-3,2005,-9.0
4930,124-76-3,2012,-5.0
4930,124-76-3,2015,-11.0
4930,124-76-302,1999,-67.0
4930,124-76-302,2000,9.0
4930,124-76-302,2002,9.0
4930,124-76-302,2004,5.0
4930,124-76-302,2005,-28.0
4930,124-76-302,2015,2.0
4930,124-76-302,2021,-4.0
4930,124-76-306,1999,-11.0
4930,124-76-306,2000,8.0
4930,124-76-306,2002,-39.0
4930,124-76-306,2004,-48.0
4930,124-76-306,2005,-9.0
4930,124-76-306,2015,-4.0
4930,124-76-306,2021,20.0
4930,124-76-309,1999,30.0
4930,124-76-309,2000,-23.0
4930,124-76-309,2001,-11.0
4930,124-76-309,2004,-11.0
4930,124-76-309,2005,4.0
4930,124-76-309,2015,5.0
4930,124-76-309,2021,
4930,124-76-310,1999,1.0
4930,124-76-310,2000,
4930,124-76-310,2004,
4930,124-76-310,2008,-57.0
4930,124-76-310,2009,110.0
4930,124-76-310,2015,-2.0
4930,124-76-310,2021,1.0
4930,124-76-314,2000,-37.0
4930,124-76-314,2002,-66.0
4930,124-76-314,2004,28.0
4930,124-76-314,2005,-18.0
4930,124-76-314,2015,24.0
4930,124-76-314,2021,32.0
4930,124-76-318,1999,
4930,124-76-318,2002,9.0
4930,124-76-318,2005,-15.0
4930,124-76-318,2015,-40.0
4930,124-76-318,2021,-12.0
4930,124-76-320,2005,-63.0
4930,124-76-320,2015,-22.0
4930,124-76-320,2021,
4930,124-76-324,2006,-44.0
4930,124-76-324,2015,7.0
4930,124-76-324,2018,-10.0
4930,124-76-324,2021,
4930,124-76-4,1999,79.0
4930,124-76-4,2000,163.0
4930,124-76-4,2004,-38.0
4930,124-76-4,2005,2.0
4930,124-76-4,2015,57.0
4930,124-76-4,2021,-19.0
4930,124-76-40,1999,9.0
4930,124-76-40,2000,-6.0
4930,124-76-40,2016,-1.0
4930,124-76-40,2018,
4930,124-76-40,2021,5.0
4930,124-76-439,2005,6.0
4930,124-76-439,2013,-30.0
4930,124-76-439,2014,6.0
4930,124-76-439,2015,-18.0
4930,124-76-439,2018,-9.0
4930,124-76-439,2021,3.0
4930,124-76-5,1999,-19.0
4930,124-76-5,2000,188.0
4930,124-76-5,2004,-2.0
4930,124-76-5,2005,-48.0
4930,124-76-5,2015,-64.0
4930,124-76-5,2021,-3.0
4930,124-76-55,2012,-8.0
4930,124-76-55,2013,-4.0
4930,124-76-55,2014,-12.0
4930,124-76-55,2015,-1.0
4930,124-76-55,2018,-7.0
4930,124-76-55,2021,-4.0
4930,124-76-6,1999,-42.0
4930,124-76-6,2000,7.0
4930,124-76-6,2002,25.0
4930,124-76-6,2004,23.0
4930,124-76-6,2005,-23.0
4930,124-76-60,1999,12.0
4930,124-76-60,2000,-2.0
4930,124-76-60,2002,12.0
4930,124-76-60,2004,6.0
4930,124-76-60,2005,18.0
4930,124-76-60,2006,-18.0
4930,124-76-60,2013,1.0
4930,124-76-60,2015,-1.0
4930,124-76-60,2018,-3.0
4930,124-76-60,2021,
4930,124-76-61,1999,
4930,124-76-61,2004,
4930,124-76-61,2006,
4930,124-76-61,2015,5.0
4930,124-76-61,2018,2.0
4930,124-76-61,2021,
4930,124-76-67,2006,-21.0
4930,124-76-67,2011,4.0
4930,124-76-67,2014,22.0
4930,124-76-67,2018,-17.0
4930,124-76-67,2021,-3.0
4930,124-76-69,1999,-3.0
4930,124-76-69,2000,-19.0
4930,124-76-69,2002,
4930,124-76-69,2004,26.0
4930,124-76-69,2018,-5.0
4930,124-76-69,2021,-30.0
4930,124-76-70,1997,132.0
4930,124-76-70,1999,-94.0
4930,124-76-70,2004,52.0
4930,124-76-70,2006,
4930,124-76-70,2011,-3.0
4930,124-76-70,2012,-18.0
4930,124-76-8,1999,50.0
4930,124-76-8,2000,-42.0
4930,124-76-8,2002,-17.0
4930,124-76-8,2004,-5.0
4930,124-76-8,2005,-8.0
4930,124-76-8,2015,
4930,124-76-8,2021,-3.0
4930,124-76-9,1999,-19.0
4930,124-76-9,2000,3.0
4930,124-76-9,2004,-21.0
4930,124-76-9,2005,
4930,124-76-9,2015,8.0
4930,124-76-9,2021,
4930,124-76-90,1999,31.0
4930,124-76-90,2000,-25.0
4930,124-76-90,2001,20.0
4930,124-76-90,2002,-23.0
4930,124-76-90,2004,-2.0
4930,124-76-90,2005,4.0
4930,124-76-90,2009,3.0
4930,124-76-90,2021,0.0
4930,124-79-106,1997,1.0
4930,124-79-106,1998,
4930,124-79-106,2000,-1.0
4930,124-79-106,2014,13.0
4930,124-79-106,2015,
4930,124-79-109,1998,2.0
4930,124-79-109,2006,-1.0
4930,124-79-109,2011,
4930,124-79-109,2016,1.0
4930,124-79-109,2017,6.0
4930,124-79-112,2000,
4930,124-79-112,2004,48.0
4930,124-79-112,2015,3.0
4930,124-79-112,2016,1.0
4930,124-79-112,2018,-4.0
4930,124-79-116,1998,
4930,124-79-116,2004,
4930,124-79-116,2014,
4930,124-79-116,2016,4.0
4930,124-79-116,2018,
4930,124-79-123,1997,0.0
4930,124-79-123,2014,
4930,124-79-123,2018,-2.0
4930,124-79-124,2005,
4930,124-79-124,2014,0.0
4930,124-79-124,2018,-5.0
4930,124-79-124,2021,
4930,124-79-130,2014,0.0
4930,124-79-130,2021,-17.0
4930,124-79-132,2004,-26.0
4930,124-79-132,2005,
4930,124-79-132,2021,-1.0
4930,124-79-133,2004,-8.0
4930,124-79-133,2005,-28.0
4930,124-79-133,2014,34.0
4930,124-79-133,2016,4.0
4930,124-79-133,2021,-3.0
4930,124-79-139,2000,1.0
4930,124-79-139,2002,5.0
4930,124-79-139,2004,-6.0
4930,124-79-139,2014,-4.0
4930,124-79-139,2015,
4930,124-79-142,2002,-13.0
4930,124-79-142,2004,
4930,124-79-217,2005,
4930,124-79-217,2014,-37.0
4930,124-79-217,2021,-22.0
4930,124-79-309,2004,-28.0
4930,124-79-309,2014,3.0
4930,124-79-309,2015,41.0
4930,124-79-33,2002,-4.0
4930,124-79-33,2004,4.0
4930,124-79-33,2005,-7.0
4930,124-79-33,2014,164.0
4930,124-79-33,2015,-101.0
4930,124-79-33,2016,-8.0
4930,124-79-33,2018,55.0
4930,124-79-403,2014,1.0
4930,124-79-403,2015,2.0
4930,124-79-403,2018,7.0
4930,124-79-424,1998,
4930,124-79-424,2004,
4930,124-79-424,2018,
4930,840-14-1,1997,11.0
4930,840-14-1,2005,1.0
4930,840-14-1,2006,4.0
4930,840-14-1,2010,11.0
4930,840-14-1,2011,-8.0
4930,840-14-1,2012,-12.0
4930,840-14-1,2015,-21.0
4930,840-14-106,1998,-46.0
4930,840-14-106,2005,-18.0
4930,840-14-106,2006,
4930,840-14-106,2008,53.0
4930,840-14-106,2011,38.0
4930,840-14-106,2015,-21.0
4930,840-14-106,2016,-17.0
4930,840-14-106,2021,20.0
4930,840-14-106,2022,1.0
4930,840-14-108,1999,30.0
4930,840-14-108,2007,-14.0
4930,840-14-108,2010,17.0
4930,840-14-108,2011,-7.0
4930,840-14-108,2012,-20.0
4930,840-14-108,2015,52.0
4930,840-14-108,2016,-44.0
4930,840-14-108,2022,5.0
4930,840-14-11,2005,-37.0
4930,840-14-11,2006,5.0
4930,840-14-11,2011,-3.0
4930,840-14-118,1998,-6.0
4930,840-14-118,2009,-22.0
4930,840-14-118,2011,-17.0
4930,840-14-118,2015,-4.0
4930,840-14-118,2016,
4930,840-14-128,2005,-8.0
4930,840-14-128,2006,0.0
4930,840-14-128,2009,7.0
4930,840-14-128,2011,-4.0
4930,840-14-128,2016,87.0
4930,840-14-128,2021,-3.0
4930,840-14-129,1998,-1.0
4930,840-14-129,2001,
4930,840-14-137,1997,-2.0
4930,840-14-137,1998,54.0
4930,840-14-137,2005,19.0
4930,840-14-137,2006,-10.0
4930,840-14-137,2009,
4930,840-14-137,2016,-7.0
4930,840-14-137,2021,16.0
4930,840-14-138,1998,39.0
4930,840-14-138,2005,15.0
4930,840-14-138,2006,-35.0
4930,840-14-138,2011,53.0
4930,840-14-138,2015,
4930,840-14-138,2022,-7.0
4930,840-14-14,1997,-16.0
4930,840-14-14,1999,-8.0
4930,840-14-14,2000,9.0
4930,840-14-14,2006,1.0
4930,840-14-14,2010,5.0
4930,840-14-14,2011,20.0
4930,840-14-14,2012,-40.0
4930,840-14-140,1998,-17.0
4930,840-14-140,2005,4.0
4930,840-14-140,2006,6.0
4930,840-14-140,2011,-22.0
4930,840-14-140,2021,-19.0
4930,840-14-140,2022,1.0
4930,840-14-148,1998,2.0
4930,840-14-148,2005,-1.0
4930,840-14-148,2015,
4930,840-14-148,2021,
4930,840-14-151,1998,130.0
4930,840-14-151,2000,36.0
4930,840-14-151,2011,-58.0
4930,840-14-151,2015,-187.0
4930,840-14-153,1998,0.0
4930,840-14-153,2005,19.0
4930,840-14-153,2010,-1.0
4930,840-14-153,2011,
4930,840-14-153,2015,8.0
4930,840-14-153,2021,-12.0
4930,840-14-155,1998,20.0
4930,840-14-155,1999,38.0
4930,840-14-155,2005,-12.0
4930,840-14-155,2011,-1.0
4930,840-14-155,2015,-14.0
4930,840-14-155,2021,37.0
4930,840-14-155,2022,-28.0
4930,840-14-156,1998,0.0
4930,840-14-156,2011,
4930,840-14-156,2021,
4930,840-14-158,1998,-17.0
4930,840-14-158,2005,6.0
4930,840-14-158,2011,4.0
4930,840-14-158,2015,2.0
4930,840-14-159,1998,-15.0
4930,840-14-159,2005,35.0
4930,840-14-159,2011,68.0
4930,840-14-159,2013,
4930,840-14-16,1998,65.0
4930,840-14-16,2001,47.0
4930,840-14-16,2011,129.0
4930,840-14-16,2013,36.0
4930,840-14-16,2022,63.0
4930,840-14-160,1998,-3.0
4930,840-14-160,2000,
4930,840-14-160,2005,-9.0
4930,840-14-160,2010,3.0
4930,840-14-160,2011,-10.0
4930,840-14-160,2012,2.0
4930,840-14-160,2015,-1.0
4930,840-14-160,2021,
4930,840-14-162,1998,21.0
4930,840-14-162,2005,-26.0
4930,840-14-162,2011,11.0
4930,840-14-162,2015,8.0
4930,840-14-162,2021,2.0
4930,840-14-164,2000,-6.0
4930,840-14-164,2005,1.0
4930,840-14-164,2006,0.0
4930,840-14-164,2010,-3.0
4930,840-14-164,2011,3.0
4930,840-14-165,1997,-27.0
4930,840-14-165,1998,-49.0
4930,840-14-165,2011,-40.0
4930,840-14-165,2015,-4.0
4930,840-14-165,2021,-16.0
4930,840-14-166,1997,-162.0
4930,840-14-166,1998,-47.0
4930,840-14-166,2000,44.0
4930,840-14-166,2005,79.0
4930,840-14-166,2011,150.0
4930,840-14-166,2012,-91.0
4930,840-14-166,2015,-122.0
4930,840-14-168,1997,-116.0
4930,840-14-168,1998,113.0
4930,840-14-168,2000,-9.0
4930,840-14-168,2005,22.0
4930,840-14-168,2011,-36.0
4930,840-14-168,2012,37.0
4930,840-14-168,2015,-7.0
4930,840-14-173,1999,-68.0
4930,840-14-173,2005,
4930,840-14-173,2011,197.0
4930,840-14-173,2015,30.0
4930,840-14-173,2016,18.0
4930,840-14-173,2022,-55.0
4930,840-14-175,2010,
4930,840-14-176,1997,1.0
4930,840-14-176,1998,3.0
4930,840-14-176,1999,0.0
4930,840-14-176,2005,-9.0
4930,840-14-176,2012,-4.0
4930,840-14-176,2015,
4930,840-14-177,1997,78.0
4930,840-14-177,1998,-68.0
4930,840-14-177,1999,-25.0
4930,840-14-177,2015,63.0
4930,840-14-179,1998,-33.0
4930,840-14-179,2005,191.0
4930,840-14-179,2011,67.0
4930,840-14-179,2015,-73.0
4930,840-14-179,2021,-40.0
4930,840-14-18,1998,0.0
4930,840-14-18,2003,
4930,840-14-181,1998,
4930,840-14-181,2005,-6.0
4930,840-14-181,2011,-12.0
4930,840-14-181,2015,-8.0
4930,840-14-182,2005,4.0
4930,840-14-182,2006,-4.0
4930,840-14-182,2010,-2.0
4930,840-14-182,2011,
4930,840-14-184,1998,-1.0
4930,840-14-184,2005,-1.0
4930,840-14-184,2015,
4930,840-14-184,2021,
4930,840-14-185,1997,
4930,840-14-186,1998,-37.0
4930,840-14-186,2001,-80.0
4930,840-14-186,2005,-58.0
4930,840-14-186,2011,-1.0
4930,840-14-186,2014,19.0
4930,840-14-186,2021,-10.0
4930,840-14-186,2022,11.0
4930,840-14-188,1998,-3.0
4930,840-14-188,2000,0.0
4930,840-14-188,2005,
4930,840-14-189,1998,10.0
4930,840-14-189,1999,-7.0
4930,840-14-189,2005,22.0
4930,840-14-189,2010,-4.0
4930,840-14-189,2011,18.0
4930,840-14-189,2013,-33.0
4930,840-14-189,2014,13.0
4930,840-14-189,2022,
4930,840-14-190,1998,0.0
4930,840-14-190,2005,
4930,840-14-190,2011,-31.0
4930,840-14-190,2015,3.0
4930,840-14-190,2021,-7.0
4930,840-14-190,2022,
4930,840-14-191,1998,-57.0
4930,840-14-191,1999,-30.0
4930,840-14-191,2005,27.0
4930,840-14-191,2015,-6.0
4930,840-14-191,2021,13.0
4930,840-14-193,1998,3.0
4930,840-14-193,2000,-14.0
4930,840-14-193,2005,22.0
4930,840-14-193,2010,-30.0
4930,840-14-193,2011,21.0
4930,840-14-193,2014,35.0
4930,840-14-193,2015,57.0
4930,840-14-194,2005,4.0
4930,840-14-194,2010,2.0
4930,840-14-194,2011,-2.0
4930,840-14-194,2012,0.0
4930,840-14-194,2015,-2.0
4930,840-14-194,2022,
4930,840-14-195,2005,-9.0
4930,840-14-195,2015,86.0
4930,840-14-195,2016,-95.0
4930,840-14-195,2022,-11.0
4930,840-14-198,1998,-22.0
4930,840-14-198,2005,3.0
4930,840-14-198,2010,32.0
4930,840-14-198,2011,18.0
4930,840-14-198,2012,-38.0
4930,840-14-198,2015,-75.0
4930,840-14-21,1998,-89.0
4930,840-14-21,1999,42.0
4930,840-14-21,2005,-95.0
4930,840-14-21,2011,11.0
4930,840-14-21,2015,2.0
4930,840-14-21,2021,16.0
4930,840-14-21,2022,198.0
4930,840-14-221,1997,
4930,840-14-221,2005,-12.0
4930,840-14-221,2006,-2.0
4930,840-14-221,2009,0.0
4930,840-14-221,2011,3.0
4930,840-14-221,2016,-2.0
4930,840-14-221,2017,1.0
4930,840-14-226,2005,2.0
4930,840-14-226,2006,18.0
4930,840-14-226,2009,19.0
4930,840-14-226,2011,-9.0
4930,840-14-226,2016,6.0
4930,840-14-226,2021,-12.0
4930,840-14-226,2022,-5.0
4930,840-14-3,1998,47.0
4930,840-14-3,2005,-40.0
4930,840-14-3,2012,-93.0
4930,840-14-3,2015,40.0
4930,840-14-319,1997,
4930,840-14-319,2002,8.0
4930,840-14-319,2007,-37.0
4930,840-14-319,2008,48.0
4930,840-14-319,2009,-18.0
4930,840-14-319,2010,-20.0
4930,840-14-319,2011,19.0
4930,840-14-319,2012,-20.0
4930,840-14-319,2015,
4930,840-14-32,2009,
4930,840-14-32,2015,9.0
4930,840-14-32,2016,15.0
4930,840-14-32,2022,25.0
4930,840-14-33,1998,-7.0
4930,840-14-33,2005,
4930,840-14-33,2015,7.0
4930,840-14-33,2016,1.0
4930,840-14-407,2005,
4930,840-14-408,1998,
4930,840-14-408,2011,-31.0
4930,840-14-408,2015,12.0
4930,840-14-414,2004,4.0
4930,840-14-415,1998,
4930,840-14-415,2010,13.0
4930,840-14-415,2011,32.0
4930,840-14-415,2015,5.0
4930,840-14-415,2021,18.0
4930,840-14-417,1997,
4930,840-14-421,1997,
4930,840-14-422,1998,
4930,840-14-422,2005,0.0
4930,840-14-422,2015,
4930,840-14-422,2021,-6.0
4930,840-14-436,2012,2.0
4930,840-14-47,2005,-2.0
4930,840-14-47,2006,-9.0
4930,840-14-47,2009,-10.0
4930,840-14-47,2011,
4930,840-14-47,2016,
4930,840-14-47,2021,1.0
4930,840-14-47,2022,5.0
4930,840-14-49,2009,-57.0
4930,840-14-49,2016,-28.0
4930,840-14-49,2021,11.0
4930,840-14-49,2022,-2.0
4930,840-14-51,1998,
4930,840-14-54,1998,103.0
4930,840-14-54,2000,63.0
4930,840-14-54,2005,-227.0
4930,840-14-54,2011,22.0
4930,840-14-54,2016,
4930,840-14-59,1998,-1.0
4930,840-14-59,2005,-11.0
4930,840-14-59,2006,
4930,840-14-59,2009,-5.0
4930,840-14-59,2011,5.0
4930,840-14-59,2015,
4930,840-14-59,2021,
4930,840-14-6,1999,
4930,840-14-6,2010,
4930,840-14-6,2015,-11.0
4930,840-14-6,2021,
4930,840-14-62,2004,-1.0
4930,840-14-7,1998,
4930,840-14-7,2005,-116.0
4930,840-14-7,2010,217.0
4930,840-14-7,2011,-211.0
4930,840-14-7,2015,13.0
4930,840-14-7,2021,43.0
4930,840-14-71,1997,-11.0
4930,840-14-71,1998,15.0
4930,840-14-71,1999,-12.0
4930,840-14-71,2002,-3.0
4930,840-14-71,2007,0.0
4930,840-14-71,2008,8.0
4930,840-14-71,2011,7.0
4930,840-14-79,1998,-49.0
4930,840-14-79,2011,-12.0
4930,840-14-79,2015,-19.0
4930,840-14-79,2021,-25.0
4930,840-14-80,1998,-62.0
4930,840-14-80,2005,-47.0
4930,840-14-80,2011,-52.0
4930,840-14-80,2015,
4930,840-14-82,1998,13.0
4930,840-14-82,2005,-2.0
4930,840-14-82,2011,0.0
4930,840-14-82,2021,
4930,840-14-89,2009,9.0
4930,840-14-89,2011,-12.0
4930,840-14-89,2016,11.0
4930,840-14-89,2017,-13.0
4930,840-14-89,2021,-2.0
4930,840-14-89,2022,12.0
4930,840-14-9,2012,
4930,840-14-97,1998,10.0
4930,840-14-97,2004,-33.0
4930,840-14-97,2005,-6.0
4930,840-14-97,2006,25.0
4930,840-14-97,2011,-35.0
4930,840-14-98,1998,10.0
4930,840-14-98,2001,-31.0
4930,840-14-98,2005,23.0
4930,840-14-98,2011,37.0
4930,840-14-98,2015,8.0
4930,840-14-98,2021,-15.0
4930,840-14-98,2022,3.0
4930,840-17-1,1998,109.0
4930,840-17-1,1999,-106.0
4930,840-17-1,2002,-10.0
4930,840-17-1,2006,6.0
4930,840-17-1,2013,5.0
4930,840-17-1,2021,15.0
4930,840-17-10,2002,-7.0
4930,840-17-10,2003,
4930,840-17-10,2005,24.0
4930,840-17-10,2009,-1.0
4930,840-17-10,2013,-4.0
4930,840-17-10,2018,-16.0
4930,840-17-10,2021,-13.0
4930,840-17-11,1997,-4.0
4930,840-17-12,1998,19.0
4930,840-17-12,1999,17.0
4930,840-17-12,2002,32.0
4930,840-17-12,2003,33.0
4930,840-17-12,2004,-42.0
4930,840-17-12,2006,-10.0
4930,840-17-12,2012,-11.0
4930,840-17-12,2018,
4930,840-17-125,1998,-13.0
4930,840-17-125,1999,
4930,840-17-125,2009,0.0
4930,840-17-125,2010,
4930,840-17-125,2021,-2.0
4930,840-17-125,2022,-4.0
4930,840-17-126,2002,
4930,840-17-126,2007,4.0
4930,840-17-126,2018,5.0
4930,840-17-13,1998,-4.0
4930,840-17-13,2002,
4930,840-17-13,2004,-7.0
4930,840-17-13,2006,-1.0
4930,840-17-13,2009,
4930,840-17-13,2013,
4930,840-17-14,1998,
4930,840-17-14,2003,-25.0
4930,840-17-14,2006,-23.0
4930,840-17-14,2009,
4930,840-17-14,2012,0.0
4930,840-17-14,2016,-2.0
4930,840-17-15,2016,
4930,840-17-153,2018,1.0
4930,840-17-154,1998,
4930,840-17-154,2022,
4930,840-17-16,1998,-36.0
4930,840-17-16,2002,-1.0
4930,840-17-16,2005,-1.0
4930,840-17-16,2006,0.0
4930,840-17-16,2012,
4930,840-17-17,2002,2.0
4930,840-17-17,2012,
4930,840-17-17,2021,2.0
4930,840-17-18,1998,-51.0
4930,840-17-18,1999,
4930,840-17-18,2003,
4930,840-17-18,2006,
4930,840-17-18,2018,9.0
4930,840-17-19,1998,6.0
4930,840-17-19,1999,
4930,840-17-19,2002,23.0
4930,840-17-19,2003,-19.0
4930,840-17-19,2004,4.0
4930,840-17-19,2006,
4930,840-17-19,2009,1.0
4930,840-17-19,2012,16.0
4930,840-17-19,2018,-6.0
4930,840-17-2,1998,6.0
4930,840-17-2,2006,1.0
4930,840-17-2,2015,1.0
4930,840-17-2,2016,22.0
4930,840-17-204,1997,-1.0
4930,840-17-204,1998,
4930,840-17-205,2002,-1.0
4930,840-17-205,2003,
4930,840-17-205,2006,-28.0
4930,840-17-205,2009,10.0
4930,840-17-205,2012,-5.0
4930,840-17-205,2016,-3.0
4930,840-17-205,2021,-8.0
4930,840-17-206,1998,-3.0
4930,840-17-206,2002,-11.0
4930,840-17-206,2003,-1.0
4930,840-17-206,2004,12.0
4930,840-17-206,2006,
4930,840-17-206,2012,1.0
4930,840-17-206,2016,35.0
4930,840-17-207,1998,2.0
4930,840-17-207,2002,
4930,840-17-207,2006,-26.0
4930,840-17-207,2009,-3.0
4930,840-17-207,2012,
4930,840-17-207,2022,-3.0
4930,840-17-208,1998,-61.0
4930,840-17-208,2002,-63.0
4930,840-17-208,2006,5.0
4930,840-17-208,2009,15.0
4930,840-17-208,2012,109.0
4930,840-17-208,2017,-42.0
4930,840-17-208,2018,11.0
4930,840-17-21,2012,
4930,840-17-213,1999,-1.0
4930,840-17-213,2002,7.0
4930,840-17-213,2003,-2.0
4930,840-17-213,2004,-5.0
4930,840-17-213,2009,0.0
4930,840-17-213,2012,-1.0
4930,840-17-213,2016,0.0
4930,840-17-213,2018,16.0
4930,840-17-214,2003,0.0
4930,840-17-214,2006,-7.0
4930,840-17-214,2013,
4930,840-17-214,2022,6.0
4930,840-17-216,1998,-5.0
4930,840-17-216,2002,-6.0
4930,840-17-216,2005,-18.0
4930,840-17-216,2006,
4930,840-17-216,2009,-35.0
4930,840-17-216,2013,15.0
4930,840-17-216,2016,26.0
4930,840-17-216,2018,-10.0
4930,840-17-216,2021,-12.0
4930,840-17-218,2006,2.0
4930,840-17-220,1999,
4930,840-17-220,2001,
4930,840-17-221,2002,-2.0
4930,840-17-221,2003,
4930,840-17-221,2018,
4930,840-17-222,1998,
4930,840-17-222,2002,0.0
4930,840-17-222,2009,
4930,840-17-222,2012,
4930,840-17-222,2018,-1.0
4930,840-17-223,1997,
4930,840-17-223,1999,3.0
4930,840-17-223,2002,
4930,840-17-223,2012,12.0
4930,840-17-225,1998,3.0
4930,840-17-225,1999,-4.0
4930,840-17-225,2002,9.0
4930,840-17-225,2003,
4930,840-17-225,2006,4.0
4930,840-17-225,2009,-6.0
4930,840-17-225,2018,-1.0
4930,840-17-228,2002,-16.0
4930,840-17-228,2003,0.0
4930,840-17-23,1998,16.0
4930,840-17-23,1999,-4.0
4930,840-17-23,2002,1.0
4930,840-17-23,2009,-46.0
4930,840-17-23,2012,164.0
4930,840-17-23,2013,-93.0
4930,840-17-23,2016,34.0
4930,840-17-3,1998,-2.0
4930,840-17-3,2002,
4930,840-17-3,2005,
4930,840-17-3,2009,-5.0
4930,840-17-3,2012,-6.0
4930,840-17-3,2016,-17.0
4930,840-17-3,2021,-84.0
4930,840-17-301,1998,-2.0
4930,840-17-301,2016,
4930,840-17-302,1998,-130.0
4930,840-17-302,1999,-1.0
4930,840-17-302,2002,149.0
4930,840-17-302,2005,-11.0
4930,840-17-302,2006,-29.0
4930,840-17-302,2009,-17.0
4930,840-17-302,2013,16.0
4930,840-17-302,2016,2.0
4930,840-17-302,2021,6.0
4930,840-17-303,2002,
4930,840-17-303,2005,7.0
4930,840-17-303,2011,6.0
4930,840-17-303,2012,0.0
4930,840-17-304,1997,
4930,840-17-305,1998,-16.0
4930,840-17-305,2002,9.0
4930,840-17-305,2003,-19.0
4930,840-17-305,2004,72.0
4930,840-17-305,2006,-14.0
4930,840-17-305,2012,-96.0
4930,840-17-305,2016,-37.0
4930,840-17-305,2021,
4930,840-17-306,1998,13.0
4930,840-17-306,2002,78.0
4930,840-17-306,2003,
4930,840-17-306,2006,154.0
4930,840-17-306,2009,236.0
4930,840-17-306,2012,66.0
4930,840-17-306,2016,10.0
4930,840-17-307,1998,
4930,840-17-307,2002,
4930,840-17-307,2009,7.0
4930,840-17-307,2012,53.0
4930,840-17-307,2016,32.0
4930,840-17-309,1998,1.0
4930,840-17-309,2013,
4930,840-17-31,1998,-1.0
4930,840-17-31,2002,
4930,840-17-31,2009,
4930,840-17-31,2021,
4930,840-17-312,1998,-6.0
4930,840-17-312,1999,5.0
4930,840-17-312,2002,78.0
4930,840-17-312,2003,-98.0
4930,840-17-312,2004,54.0
4930,840-17-312,2006,-120.0
4930,840-17-312,2009,-61.0
4930,840-17-312,2012,0.0
4930,840-17-312,2018,
4930,840-17-313,2002,16.0
4930,840-17-313,2003,-13.0
4930,840-17-313,2006,1.0
4930,840-17-313,2009,
4930,840-17-313,2012,
4930,840-17-313,2018,13.0
4930,840-17-314,2003,-39.0
4930,840-17-314,2004,-4.0
4930,840-17-314,2012,-1.0
4930,840-17-314,2013,-4.0
4930,840-17-314,2018,6.0
4930,840-17-315,1997,-3.0
4930,840-17-315,1998,-4.0
4930,840-17-315,1999,0.0
4930,840-17-315,2002,-18.0
4930,840-17-315,2005,4.0
4930,840-17-315,2009,-1.0
4930,840-17-315,2012,13.0
4930,840-17-315,2013,2.0
4930,840-17-315,2016,4.0
4930,840-17-315,2018,-14.0
4930,840-17-315,2021,1.0
4930,840-17-316,2005,
4930,840-17-316,2016,
4930,840-17-318,1998,1.0
4930,840-17-318,2002,2.0
4930,840-17-318,2006,5.0
4930,840-17-318,2009,
4930,840-17-318,2018,1.0
4930,840-17-319,1999,
4930,840-17-319,2003,
4930,840-17-319,2006,-10.0
4930,840-17-319,2009,10.0
4930,840-17-319,2012,-24.0
4930,840-17-319,2018,10.0
4930,840-17-32,2002,-8.0
4930,840-17-32,2005,-29.0
4930,840-17-32,2006,
4930,840-17-322,1999,
4930,840-17-326,2000,
4930,840-17-326,2003,
4930,840-17-34,2002,-4.0
4930,840-17-35,1998,110.0
4930,840-17-35,2003,211.0
4930,840-17-35,2006,25.0
4930,840-17-35,2009,-155.0
4930,840-17-35,2012,-53.0
4930,840-17-35,2016,-371.0
4930,840-17-35,2018,-123.0
4930,840-17-35,2021,-33.0
4930,840-17-351,1998,109.0
4930,840-17-351,1999,-133.0
4930,840-17-351,2002,-83.0
4930,840-17-351,2009,0.0
4930,840-17-351,2012,
4930,840-17-351,2021,35.0
4930,840-17-352,1998,-12.0
4930,840-17-352,2009,1.0
4930,840-17-352,2018,15.0
4930,840-17-352,2021,-1.0
4930,840-17-359,1998,-7.0
4930,840-17-359,2002,-4.0
4930,840-17-359,2005,13.0
4930,840-17-359,2009,
4930,840-17-359,2012,-1.0
4930,840-17-359,2021,
4930,840-17-36,2002,91.0
4930,840-17-36,2003,-89.0
4930,840-17-36,2006,
4930,840-17-36,2009,-16.0
4930,840-17-36,2012,
4930,840-17-36,2022,12.0
4930,840-17-362,1998,-34.0
4930,840-17-362,1999,2.0
4930,840-17-362,2002,-15.0
4930,840-17-362,2003,-4.0
4930,840-17-362,2006,-12.0
4930,840-17-362,2012,
4930,840-17-367,2005,
4930,840-17-368,1999,0.0
4930,840-17-368,2002,-12.0
4930,840-17-368,2003,
4930,840-17-368,2009,-11.0
4930,840-17-368,2012,
4930,840-17-37,1998,-3.0
4930,840-17-37,2002,-2.0
4930,840-17-37,2003,
4930,840-17-37,2006,-7.0
4930,840-17-37,2009,6.0
4930,840-17-37,2012,-1.0
4930,840-17-375,1998,45.0
4930,840-17-375,1999,-151.0
4930,840-17-375,2002,9.0
4930,840-17-375,2003,
4930,840-17-375,2012,
4930,840-17-375,2018,3.0
4930,840-17-4,1998,12.0
4930,840-17-4,2002,15.0
4930,840-17-4,2003,1.0
4930,840-17-4,2006,9.0
4930,840-17-4,2009,12.0
4930,840-17-4,2016,-2.0
4930,840-17-4,2021,5.0
4930,840-17-41,2009,
4930,840-17-41,2018,
4930,840-17-412,2002,44.0
4930,840-17-412,2003,
4930,840-17-412,2006,43.0
4930,840-17-412,2009,-19.0
4930,840-17-412,2016,1.0
4930,840-17-412,2018,1.0
4930,840-17-412,2021,9.0
4930,840-17-419,1999,
4930,840-17-419,2002,
4930,840-17-419,2006,-67.0
4930,840-17-419,2007,-1.0
4930,840-17-419,2009,
4930,840-17-419,2018,-41.0
4930,840-17-42,1998,-3.0
4930,840-17-42,2002,-2.0
4930,840-17-42,2003,2.0
4930,840-17-42,2009,-95.0
4930,840-17-42,2012,26.0
4930,840-17-42,2016,
4930,840-17-42,2021,-58.0
4930,840-17-43,2022,-4.0
4930,840-17-44,1998,-6.0
4930,840-17-44,1999,-2.0
4930,840-17-44,2002,8.0
4930,840-17-44,2003,-2.0
4930,840-17-44,2004,-6.0
4930,840-17-44,2006,3.0
4930,840-17-44,2009,-1.0
4930,840-17-44,2013,
4930,840-17-44,2016,2.0
4930,840-17-44,2018,-5.0
4930,840-17-46,1998,-6.0
4930,840-17-46,1999,19.0
4930,840-17-46,2002,-1.0
4930,840-17-46,2005,-26.0
4930,840-17-46,2009,-3.0
4930,840-17-46,2012,4.0
4930,840-17-46,2013,-10.0
4930,840-17-46,2018,0.0
4930,840-17-46,2021,-12.0
4930,840-17-47,1998,2.0
4930,840-17-47,1999,2.0
4930,840-17-47,2002,-6.0
4930,840-17-47,2009,6.0
4930,840-17-47,2012,
4930,840-17-47,2018,2.0
4930,840-17-48,1999,3.0
4930,840-17-48,2018,-3.0
4930,840-17-49,1998,-5.0
4930,840-17-49,1999,
4930,840-17-49,2006,2.0
4930,840-17-49,2007,
4930,840-17-49,2009,18.0
4930,840-17-49,2013,
4930,840-17-49,2018,-4.0
4930,840-17-5,2002,9.0
4930,840-17-5,2003,-9.0
4930,840-17-5,2004,5.0
4930,840-17-5,2006,-7.0
4930,840-17-5,2021,-5.0
4930,840-17-50,2003,-3.0
4930,840-17-50,2012,0.0
4930,840-17-50,2018,
4930,840-17-51,2003,0.0
4930,840-17-51,2004,5.0
4930,840-17-51,2006,0.0
4930,840-17-51,2012,5.0
4930,840-17-51,2013,-3.0
4930,840-17-52,1997,
4930,840-17-52,2002,
4930,840-17-52,2012,
4930,840-17-55,1998,-25.0
4930,840-17-55,1999,29.0
4930,840-17-55,2002,63.0
4930,840-17-55,2003,-91.0
4930,840-17-55,2006,119.0
4930,840-17-55,2009,51.0
4930,840-17-55,2012,-54.0
4930,840-17-55,2016,41.0
4930,840-17-55,2018,-56.0
4930,840-17-56,2003,
4930,840-17-56,2018,
4930,840-17-57,1999,-6.0
4930,840-17-57,2002,
4930,840-17-57,2007,
4930,840-17-57,2012,-1.0
4930,840-17-58,2018,
4930,840-17-6,2002,-90.0
4930,840-17-6,2003,
4930,840-17-6,2009,-1.0
4930,840-17-6,2012,
4930,840-17-6,2016,24.0
4930,840-17-8,1999,0.0
4930,840-17-9,1998,15.0
4930,840-17-9,1999,-5.0
4930,840-17-9,2002,-16.0
4930,840-17-9,2005,3.0
4930,840-17-9,2006,18.0
4930,840-17-9,2009,2.0
4930,840-17-9,2012,6.0
4930,840-17-9,2013,-11.0
4930,840-17-9,2021,-33.0
4930,840-18-1,1998,11.0
4930,840-18-1,1999,-18.0
4930,840-18-1,2001,24.0
4930,840-18-1,2009,-26.0
4930,840-18-1,2010,
4930,840-18-1,2021,19.0
4930,840-18-102,1998,-4.0
4930,840-18-102,1999,-2.0
4930,840-18-102,2001,11.0
4930,840-18-102,2003,0.0
4930,840-18-102,2005,
4930,840-18-102,2008,-7.0
4930,840-18-102,2009,
4930,840-18-11,2005,6.0
4930,840-18-11,2009,-12.0
4930,840-18-11,2010,-4.0
4930,840-18-11,2021,-14.0
4930,840-18-14,2005,-5.0
4930,840-18-14,2008,-5.0
4930,840-18-14,2009,38.0
4930,840-18-14,2010,-12.0
4930,840-18-14,2021,
4930,840-18-15,1998,-23.0
4930,840-18-15,1999,
4930,840-18-15,2005,-1.0
4930,840-18-15,2009,11.0
4930,840-18-15,2010,-30.0
4930,840-18-15,2021,-6.0
4930,840-18-3,1998,-6.0
4930,840-18-3,1999,-20.0
4930,840-18-3,2001,-56.0
4930,840-18-3,2003,-18.0
4930,840-18-3,2008,-42.0
4930,840-18-3,2009,-36.0
4930,840-18-3,2010,-10.0
4930,840-18-3,2021,-8.0
4930,840-18-4,1998,-9.0
4930,840-18-4,1999,2.0
4930,840-18-4,2003,
4930,840-18-4,2008,
4930,840-18-4,2010,-1.0
4930,840-18-4,2021,
4930,840-18-7,1998,-15.0
4930,840-18-7,1999,12.0
4930,840-18-7,2001,52.0
4930,840-18-7,2003,
4930,840-18-7,2005,-2.0
4930,840-18-8,1998,-4.0
4930,840-18-8,1999,29.0
4930,840-18-8,2001,16.0
4930,840-18-8,2003,-61.0
4930,840-18-8,2005,10.0
4930,840-18-8,2008,
4930,840-18-8,2021,-26.0
4930,840-18-9,1998,-1.0
4930,840-18-9,1999,14.0
4930,840-18-9,2003,2.0
4930,840-18-9,2005,-2.0
4930,840-18-9,2008,
4930,840-18-9,2010,25.0
4930,840-2-1,1997,80.0
4930,840-2-1,2001,0.0
4930,840-2-1,2003,39.0
4930,840-2-1,2007,21.0
4930,840-2-1,2010,-19.0
4930,840-2-1,2011,-16.0
4930,840-2-1,2022,-14.0
4930,840-2-10,1997,
4930,840-2-10,2001,-4.0
4930,840-2-10,2003,
4930,840-2-10,2007,-3.0
4930,840-2-10,2011,-3.0
4930,840-2-10,2017,1.0
4930,840-2-10,2022,-5.0
4930,840-2-102,1997,14.0
4930,840-2-102,1998,-15.0
4930,840-2-102,2001,12.0
4930,840-2-102,2003,1.0
4930,840-2-102,2011,-7.0
4930,840-2-102,2016,
4930,840-2-102,2022,4.0
4930,840-2-105,1997,13.0
4930,840-2-105,2001,-57.0
4930,840-2-105,2003,-16.0
4930,840-2-105,2007,15.0
4930,840-2-105,2010,-31.0
4930,840-2-105,2011,1.0
4930,840-2-105,2016,-85.0
4930,840-2-105,2017,-15.0
4930,840-2-105,2022,31.0
4930,840-2-109,2001,-10.0
4930,840-2-109,2003,-29.0
4930,840-2-109,2007,-2.0
4930,840-2-109,2010,8.0
4930,840-2-109,2011,45.0
4930,840-2-109,2016,30.0
4930,840-2-109,2017,25.0
4930,840-2-109,2022,124.0
4930,840-2-111,2001,3.0
4930,840-2-111,2003,-9.0
4930,840-2-111,2007,1.0
4930,840-2-111,2011,-22.0
4930,840-2-111,2017,-2.0
4930,840-2-111,2022,4.0
4930,840-2-12,2011,
4930,840-2-12,2017,
4930,840-2-13,1997,13.0
4930,840-2-13,1998,15.0
4930,840-2-13,2001,9.0
4930,840-2-13,2003,
4930,840-2-13,2011,-5.0
4930,840-2-13,2016,25.0
4930,840-2-13,2022,-6.0
4930,840-2-14,1997,12.0
4930,840-2-14,1998,-6.0
4930,840-2-14,2001,51.0
4930,840-2-14,2003,-4.0
4930,840-2-14,2010,-17.0
4930,840-2-14,2011,16.0
4930,840-2-14,2017,0.0
4930,840-2-140,1997,-93.0
4930,840-2-140,2010,-6.0
4930,840-2-140,2011,
4930,840-2-140,2017,3.0
4930,840-2-141,2006,95.0
4930,840-2-141,2011,-165.0
4930,840-2-141,2012,15.0
4930,840-2-141,2017,-6.0
4930,840-2-142,1997,-6.0
4930,840-2-142,1998,0.0
4930,840-2-142,2001,-6.0
4930,840-2-142,2006,9.0
4930,840-2-142,2011,
4930,840-2-142,2017,-12.0
4930,840-2-142,2022,
4930,840-2-15,1997,8.0
4930,840-2-15,1998,-9.0
4930,840-2-15,2000,10.0
4930,840-2-15,2001,-8.0
4930,840-2-15,2003,
4930,840-2-15,2012,68.0
4930,840-2-15,2018,-10.0
4930,840-2-156,2001,
4930,840-2-156,2003,
4930,840-2-156,2007,
4930,840-2-156,2010,-19.0
4930,840-2-156,2011,16.0
4930,840-2-156,2017,-17.0
4930,840-2-156,2022,6.0
4930,840-2-16,2001,
4930,840-2-16,2003,-19.0
4930,840-2-16,2010,7.0
4930,840-2-16,2011,0.0
4930,840-2-162,2001,-7.0
4930,840-2-162,2003,-5.0
4930,840-2-162,2007,
4930,840-2-162,2011,
4930,840-2-164,2001,
4930,840-2-164,2003,
4930,840-2-164,2010,
4930,840-2-17,1997,6.0
4930,840-2-17,1998,-4.0
4930,840-2-17,2001,-12.0
4930,840-2-17,2003,0.0
4930,840-2-17,2007,1.0
4930,840-2-19,1997,-6.0
4930,840-2-19,1998,-7.0
4930,840-2-19,2001,5.0
4930,840-2-19,2003,
4930,840-2-19,2010,-1.0
4930,840-2-19,2011,
4930,840-2-20,1997,0.0
4930,840-2-20,1998,1.0
4930,840-2-20,2001,7.0
4930,840-2-20,2011,1.0
4930,840-2-20,2017,
4930,840-2-201,1997,-6.0
4930,840-2-201,1998,6.0
4930,840-2-201,2001,27.0
4930,840-2-201,2003,27.0
4930,840-2-201,2007,2.0
4930,840-2-201,2018,-4.0
4930,840-2-201,2022,-1.0
4930,840-2-204,2001,29.0
4930,840-2-204,2003,-67.0
4930,840-2-204,2007,2.0
4930,840-2-204,2010,-10.0
4930,840-2-204,2016,6.0
4930,840-2-204,2017,9.0
4930,840-2-205,2003,2.0
4930,840-2-205,2007,
4930,840-2-205,2010,-2.0
4930,840-2-205,2011,6.0
4930,840-2-207,1997,17.0
4930,840-2-207,2001,0.0
4930,840-2-207,2003,0.0
4930,840-2-207,2007,3.0
4930,840-2-207,2010,3.0
4930,840-2-207,2011,11.0
4930,840-2-207,2022,-4.0
4930,840-2-208,2007,
4930,840-2-208,2011,
4930,840-2-208,2017,16.0
4930,840-2-208,2021,-21.0
4930,840-2-209,2001,
4930,840-2-209,2007,-5.0
4930,840-2-209,2011,-1.0
4930,840-2-209,2017,
4930,840-2-209,2022,-4.0
4930,840-2-211,1997,-9.0
4930,840-2-211,1998,-1.0
4930,840-2-211,2001,-18.0
4930,840-2-211,2003,-5.0
4930,840-2-211,2007,1.0
4930,840-2-211,2008,
4930,840-2-212,1997,
4930,840-2-212,2000,
4930,840-2-212,2003,1.0
4930,840-2-212,2007,-2.0
4930,840-2-212,2008,
4930,840-2-215,1998,
4930,840-2-215,2003,
4930,840-2-216,1998,0.0
4930,840-2-216,2017,44.0
4930,840-2-216,2022,6.0
4930,840-2-218,1997,1.0
4930,840-2-218,1998,8.0
4930,840-2-218,2001,15.0
4930,840-2-218,2006,-13.0
4930,840-2-218,2011,
4930,840-2-218,2017,0.0
4930,840-2-218,2022,3.0
4930,840-2-22,1997,-5.0
4930,840-2-22,1998,-1.0
4930,840-2-22,2001,5.0
4930,840-2-22,2003,-2.0
4930,840-2-22,2007,
4930,840-2-22,2011,
4930,840-2-22,2017,2.0
4930,840-2-24,1998,4.0
4930,840-2-24,2001,2.0
4930,840-2-24,2003,
4930,840-2-24,2008,0.0
4930,840-2-24,2017,-3.0
4930,840-2-24,2022,-2.0
4930,840-2-25,1997,-4.0
4930,840-2-25,1998,
4930,840-2-25,2001,-9.0
4930,840-2-25,2003,6.0
4930,840-2-25,2007,-1.0
4930,840-2-25,2010,-3.0
4930,840-2-25,2011,5.0
4930,840-2-25,2022,
4930,840-2-26,1997,-14.0
4930,840-2-26,1998,1.0
4930,840-2-26,2001,-13.0
4930,840-2-26,2003,0.0
4930,840-2-26,2010,-2.0
4930,840-2-26,2011,-6.0
4930,840-2-26,2017,
4930,840-2-27,1997,11.0
4930,840-2-27,1998,-26.0
4930,840-2-27,2001,-3.0
4930,840-2-27,2003,-22.0
4930,840-2-27,2007,5.0
4930,840-2-27,2011,
4930,840-2-27,2017,-7.0
4930,840-2-27,2022,1.0
4930,840-2-28,1997,-4.0
4930,840-2-28,2001,-2.0
4930,840-2-28,2003,
4930,840-2-28,2011,
4930,840-2-28,2017,-2.0
4930,840-2-28,2022,-32.0
4930,840-2-29,1997,6.0
4930,840-2-29,1998,1.0
4930,840-2-29,2001,8.0
4930,840-2-29,2003,-11.0
4930,840-2-29,2011,4.0
4930,840-2-29,2017,-1.0
4930,840-2-29,2022,-1.0
4930,840-2-31,2000,-20.0
4930,840-2-31,2001,12.0
4930,840-2-31,2003,-57.0
4930,840-2-31,2005,
4930,840-2-31,2007,1.0
4930,840-2-31,2017,13.0
4930,840-2-31,2022,8.0
4930,840-2-33,1997,-9.0
4930,840-2-33,1998,6.0
4930,840-2-33,2001,-49.0
4930,840-2-33,2010,
4930,840-2-33,2022,-8.0
4930,840-2-35,1997,0.0
4930,840-2-35,1998,3.0
4930,840-2-35,2001,-3.0
4930,840-2-35,2011,
4930,840-2-36,1997,-3.0
4930,840-2-36,1998,
4930,840-2-36,2001,1.0
4930,840-2-36,2011,
4930,840-2-38,2001,
4930,840-2-38,2003,
4930,840-2-38,2006,0.0
4930,840-2-38,2007,4.0
4930,840-2-4,2001,12.0
4930,840-2-4,2010,33.0
4930,840-2-4,2011,-28.0
4930,840-2-4,2016,10.0
4930,840-2-4,2017,34.0
4930,840-2-43,1997,
4930,840-2-43,2001,
4930,840-2-43,2010,-2.0
4930,840-2-43,2011,
4930,840-2-45,1997,-52.0
4930,840-2-45,1998,22.0
4930,840-2-45,2001,-12.0
4930,840-2-45,2003,7.0
4930,840-2-45,2007,15.0
4930,840-2-45,2010,-2.0
4930,840-2-45,2011,-2.0
4930,840-2-47,1997,-1.0
4930,840-2-47,1998,-2.0
4930,840-2-47,2003,2.0
4930,840-2-47,2007,3.0
4930,840-2-47,2011,0.0
4930,840-2-47,2022,
4930,840-2-48,1997,
4930,840-2-48,2002,1.0
4930,840-2-49,1997,-12.0
4930,840-2-49,1998,-1.0
4930,840-2-49,2001,-1.0
4930,840-2-49,2003,
4930,840-2-49,2007,
4930,840-2-50,1997,0.0
4930,840-2-50,1998,24.0
4930,840-2-50,2001,-4.0
4930,840-2-50,2003,-10.0
4930,840-2-50,2007,2.0
4930,840-2-50,2011,
4930,840-2-50,2017,6.0
4930,840-2-50,2022,2.0
4930,840-2-52,1997,
4930,840-2-52,2001,
4930,840-2-52,2011,3.0
4930,840-2-53,1998,
4930,840-2-53,2001,-1.0
4930,840-2-53,2011,-5.0
4930,840-2-53,2017,
4930,840-2-54,1997,3.0
4930,840-2-54,1998,
4930,840-2-55,2001,-19.0
4930,840-2-55,2003,1.0
4930,840-2-55,2007,-3.0
4930,840-2-55,2011,
4930,840-2-55,2017,9.0
4930,840-2-57,1997,6.0
4930,840-2-57,1998,2.0
4930,840-2-57,2001,15.0
4930,840-2-57,2003,20.0
4930,840-2-57,2010,-2.0
4930,840-2-57,2011,-9.0
4930,840-2-57,2016,2.0
4930,840-2-57,2022,-3.0
4930,840-2-58,1997,27.0
4930,840-2-58,1998,
4930,840-2-58,2001,5.0
4930,840-2-58,2003,-10.0
4930,840-2-58,2011,10.0
4930,840-2-58,2015,11.0
4930,840-2-58,2016,-28.0
4930,840-2-61,1997,-81.0
4930,840-2-61,2001,36.0
4930,840-2-61,2003,-133.0
4930,840-2-61,2007,14.0
4930,840-2-61,2010,
4930,840-2-61,2017,0.0
4930,840-2-61,2022,30.0
4930,840-2-63,2001,-3.0
4930,840-2-63,2003,2.0
4930,840-2-63,2007,
4930,840-2-63,2010,-4.0
4930,840-2-63,2011,2.0
4930,840-2-63,2017,
4930,840-2-65,1997,-10.0
4930,840-2-65,1998,8.0
4930,840-2-65,2001,66.0
4930,840-2-65,2003,-7.0
4930,840-2-65,2007,0.0
4930,840-2-65,2011,
4930,840-2-65,2022,3.0
4930,840-2-67,1997,
4930,840-2-67,2001,1.0
4930,840-2-67,2006,-2.0
4930,840-2-67,2007,
4930,840-2-68,1998,3.0
4930,840-2-68,2001,31.0
4930,840-2-68,2011,
4930,840-2-68,2017,
4930,840-2-7,1997,9.0
4930,840-2-7,2001,-64.0
4930,840-2-7,2003,-21.0
4930,840-2-7,2007,-99.0
4930,840-2-7,2010,-25.0
4930,840-2-7,2016,3.0
4930,840-2-70,1997,15.0
4930,840-2-70,1998,-17.0
4930,840-2-70,2011,0.0
4930,840-2-70,2017,3.0
4930,840-2-71,2001,10.0
4930,840-2-71,2007,7.0
4930,840-2-71,2010,
4930,840-2-71,2022,56.0
4930,840-2-72,1997,8.0
4930,840-2-72,2001,-16.0
4930,840-2-72,2003,-22.0
4930,840-2-72,2007,-6.0
4930,840-2-72,2010,-5.0
4930,840-2-72,2016,-189.0
4930,840-2-73,1997,
4930,840-2-73,2007,0.0
4930,840-2-73,2010,-12.0
4930,840-2-73,2016,1.0
4930,840-2-73,2017,8.0
4930,840-2-8,1997,
4930,840-2-8,2001,
4930,840-2-8,2003,-276.0
4930,840-2-8,2007,3.0
4930,840-2-8,2008,-46.0
4930,840-2-8,2016,-40.0
4930,840-2-8,2018,38.0
4930,840-21-1,1997,21.0
4930,840-21-1,1998,-25.0
4930,840-21-1,2003,105.0
4930,840-21-1,2008,95.0
4930,840-21-1,2009,-65.0
4930,840-21-1,2010,31.0
4930,840-21-1,2011,-31.0
4930,840-21-10,1998,-217.0
4930,840-21-10,1999,91.0
4930,840-21-10,2008,-57.0
4930,840-21-10,2009,-57.0
4930,840-21-10,2010,0.0
4930,840-21-10,2011,42.0
4930,840-21-105,1997,24.0
4930,840-21-105,1998,-109.0
4930,840-21-105,2003,-58.0
4930,840-21-105,2008,-15.0
4930,840-21-105,2009,-34.0
4930,840-21-105,2010,-15.0
4930,840-21-105,2011,24.0
4930,840-21-109,1997,24.0
4930,840-21-109,1998,-25.0
4930,840-21-109,2003,1.0
4930,840-21-109,2009,0.0
4930,840-21-109,2010,-3.0
4930,840-21-109,2011,-12.0
4930,840-21-2,1998,26.0
4930,840-21-2,2003,10.0
4930,840-21-2,2008,55.0
4930,840-21-2,2009,-78.0
4930,840-21-2,2010,11.0
4930,840-21-3,1997,172.0
4930,840-21-3,1998,-101.0
4930,840-21-3,2003,26.0
4930,840-21-3,2008,45.0
4930,840-21-3,2009,-36.0
4930,840-21-3,2010,149.0
4930,840-21-3,2011,-125.0
4930,840-21-4,1997,6.0
4930,840-21-4,1998,-24.0
4930,840-21-4,2003,-46.0
4930,840-21-4,2010,-1.0
4930,840-21-4,2011,51.0
4930,840-25-1,1997,-15.0
4930,840-25-1,1998,-20.0
4930,840-25-1,2001,32.0
4930,840-25-1,2011,
4930,840-25-108,1997,-4.0
4930,840-25-108,1998,
4930,840-25-116,1998,-9.0
4930,840-25-116,1999,4.0
4930,840-25-116,2004,-2.0
4930,840-25-116,2005,-7.0
4930,840-25-116,2010,-12.0
4930,840-25-116,2011,-5.0
4930,840-25-116,2012,-3.0
4930,840-25-116,2022,-6.0
4930,840-25-12,1997,-8.0
4930,840-25-12,1998,
4930,840-25-12,2010,0.0
4930,840-25-12,2011,
4930,840-25-12,2017,
4930,840-25-129,1998,-11.0
4930,840-25-129,2010,
4930,840-25-129,2012,2.0
4930,840-25-132,1998,2.0
4930,840-25-132,1999,-12.0
4930,840-25-132,2005,-3.0
4930,840-25-132,2010,10.0
4930,840-25-132,2011,54.0
4930,840-25-14,1997,-11.0
4930,840-25-14,1998,4.0
4930,840-25-14,2011,
4930,840-25-165,2003,1.0
4930,840-25-165,2011,4.0
4930,840-25-165,2012,
4930,840-25-165,2015,
4930,840-25-172,2004,3.0
4930,840-25-175,1998,35.0
4930,840-25-175,1999,-45.0
4930,840-25-175,2010,
4930,840-25-178,1999,27.0
4930,840-25-178,2002,-38.0
4930,840-25-178,2004,4.0
4930,840-25-178,2010,14.0
4930,840-25-18,1999,-1.0
4930,840-25-18,2001,1.0
4930,840-25-18,2007,
4930,840-25-19,1997,
4930,840-25-19,2007,-15.0
4930,840-25-19,2010,2.0
4930,840-25-19,2011,
4930,840-25-19,2015,2.0
4930,840-25-19,2016,
4930,840-25-2,1997,-24.0
4930,840-25-2,1998,35.0
4930,840-25-2,2006,-29.0
4930,840-25-2,2011,
4930,840-25-20,1998,-10.0
4930,840-25-20,2010,
4930,840-25-20,2012,1.0
4930,840-25-21,1998,4.0
4930,840-25-22,1998,3.0
4930,840-25-22,1999,
4930,840-25-22,2003,-4.0
4930,840-25-22,2010,2.0
4930,840-25-22,2011,
4930,840-25-24,1998,
4930,840-25-24,2005,2.0
4930,840-25-25,1998,-43.0
4930,840-25-25,1999,8.0
4930,840-25-25,2005,-18.0
4930,840-25-25,2010,-1.0
4930,840-25-26,1998,5.0
4930,840-25-26,1999,-4.0
4930,840-25-26,2005,-12.0
4930,840-25-26,2010,
4930,840-25-27,1998,3.0
4930,840-25-27,1999,4.0
4930,840-25-27,2005,16.0
4930,840-25-27,2010,
4930,840-25-28,1999,2.0
4930,840-25-28,2010,
4930,840-25-3,1997,4.0
4930,840-25-3,1998,-3.0
4930,840-25-3,2006,
4930,840-25-30,2005,0.0
4930,840-25-31,1998,17.0
4930,840-25-31,1999,18.0
4930,840-25-31,2004,4.0
4930,840-25-31,2005,-9.0
4930,840-25-31,2010,-7.0
4930,840-25-31,2011,
4930,840-25-37,1997,-7.0
4930,840-25-37,1998,4.0
4930,840-25-37,2010,-2.0
4930,840-25-4,1997,-1.0
4930,840-25-4,1998,4.0
4930,840-25-4,2011,
4930,840-25-4,2017,
5600,124-11-126,2004,
5600,124-11-126,2008,
5600,124-11-126,2010,-1.0
5600,124-11-126,2012,
5600,124-11-126,2015,0.0
5600,124-11-136,2004,10.0
5600,124-11-136,2008,-24.0
5600,124-11-136,2010,14.0
5600,124-11-137,1997,-5.0
5600,124-11-137,1998,19.0
5600,124-11-137,2010,
5600,124-11-137,2013,-1.0
5600,124-11-137,2014,-16.0
5600,124-11-167,2001,22.0
5600,124-11-167,2004,-2.0
5600,124-11-167,2008,-6.0
5600,124-11-167,2012,
5600,124-11-17,1999,6.0
5600,124-11-17,2000,
5600,124-11-17,2014,5.0
5600,124-11-17,2015,
5600,124-11-17,2021,9.0
5600,124-11-19,1999,1.0
5600,124-11-19,2001,-6.0
5600,124-11-19,2002,
5600,124-11-19,2006,
5600,124-11-19,2011,
5600,124-11-19,2015,3.0
5600,124-11-208,1999,-9.0
5600,124-11-208,2001,-7.0
5600,124-11-208,2004,14.0
5600,124-11-208,2010,4.0
5600,124-11-208,2011,-9.0
5600,124-11-208,2012,16.0
5600,124-11-208,2015,-6.0
5600,124-11-208,2021,5.0
5600,124-11-220,1999,5.0
5600,124-11-220,2001,12.0
5600,124-11-220,2004,
5600,124-11-220,2010,4.0
5600,124-11-220,2011,
5600,124-11-220,2021,7.0
5600,124-11-222,1999,12.0
5600,124-11-222,2001,-8.0
5600,124-11-222,2004,2.0
5600,124-11-222,2006,-10.0
5600,124-11-222,2010,-19.0
5600,124-11-222,2012,-16.0
5600,124-11-222,2015,-13.0
5600,124-11-223,1999,9.0
5600,124-11-223,2004,5.0
5600,124-11-223,2011,-4.0
5600,124-11-223,2015,
5600,124-11-234,2001,-9.0
5600,124-11-234,2002,
5600,124-11-234,2004,-18.0
5600,124-11-234,2012,2.0
5600,124-11-234,2015,
5600,124-11-234,2021,11.0
5600,124-11-244,1999,-6.0
5600,124-11-244,2001,1.0
5600,124-11-244,2002,5.0
5600,124-11-244,2004,5.0
5600,124-11-244,2008,3.0
5600,124-11-244,2012,-3.0
5600,124-11-244,2015,-7.0
5600,124-11-244,2021,6.0
5600,124-11-255,1998,-7.0
5600,124-11-255,1999,2.0
5600,124-11-255,2001,1.0
5600,124-11-255,2004,0.0
5600,124-11-255,2006,10.0
5600,124-11-255,2008,-5.0
5600,124-11-255,2012,-4.0
5600,124-11-255,2021,1.0
5600,124-11-265,1999,
5600,124-11-265,2004,0.0
5600,124-11-265,2008,18.0
5600,124-11-265,2012,13.0
5600,124-11-265,2021,16.0
5600,124-11-270,1998,1.0
5600,124-11-270,1999,0.0
5600,124-11-270,2001,-3.0
5600,124-11-270,2004,2.0
5600,124-11-270,2008,4.0
5600,124-11-270,2012,2.0
5600,124-11-270,2021,1.0
5600,124-11-29,1999,-2.0
5600,124-11-29,2001,-5.0
5600,124-11-29,2006,5.0
5600,124-11-29,2012,-19.0
5600,124-11-29,2015,1.0
5600,124-11-3,1999,9.0
5600,124-11-3,2006,2.0
5600,124-11-3,2011,3.0
5600,124-11-3,2012,-1.0
5600,124-11-3,2015,2.0
5600,124-11-33,1999,-5.0
5600,124-11-33,2001,0.0
5600,124-11-33,2002,8.0
5600,124-11-33,2003,4.0
5600,124-11-33,2004,-7.0
5600,124-11-33,2006,-6.0
5600,124-11-33,2012,-1.0
5600,124-11-332,2008,-10.0
5600,124-11-332,2013,0.0
5600,124-11-332,2014,-20.0
5600,124-11-332,2021,
5600,124-11-401,2004,0.0
5600,124-11-401,2008,1.0
5600,124-11-401,2010,-1.0
5600,124-11-401,2011,-3.0
5600,124-11-401,2012,0.0
5600,124-11-401,2015,0.0
5600,124-11-401,2021,0.0
5600,124-11-407,1999,6.0
5600,124-11-407,2001,24.0
5600,124-11-407,2002,-8.0
5600,124-11-407,2004,16.0
5600,124-11-407,2010,4.0
5600,124-11-407,2011,-4.0
5600,124-11-407,2012,18.0
5600,124-11-407,2015,21.0
5600,124-11-408,2003,
5600,124-11-408,2012,
5600,124-11-408,2021,9.0
5600,124-11-409,2001,8.0
5600,124-11-409,2004,0.0
5600,124-11-409,2012,
5600,124-11-409,2015,0.0
5600,124-11-413,2004,-4.0
5600,124-11-413,2007,-6.0
5600,124-11-413,2008,
5600,124-11-413,2010,-1.0
5600,124-11-413,2012,
5600,124-11-413,2015,-1.0
5600,124-11-419,1999,1.0
5600,124-11-419,2001,1.0
5600,124-11-419,2004,
5600,124-11-419,2012,11.0
5600,124-11-419,2021,
5600,124-11-420,1999,-5.0
5600,124-11-420,2001,-3.0
5600,124-11-420,2002,6.0
5600,124-11-420,2004,0.0
5600,124-11-420,2006,4.0
5600,124-11-420,2012,
5600,124-11-420,2015,-3.0
5600,124-11-45,1999,18.0
5600,124-11-45,2001,-4.0
5600,124-11-45,2002,-3.0
5600,124-11-45,2003,-2.0
5600,124-11-45,2004,4.0
5600,124-11-45,2006,-3.0
5600,124-11-45,2012,17.0
5600,124-11-45,2015,-13.0
5600,124-11-5,1999,-2.0
5600,124-11-5,2003,-11.0
5600,124-11-5,2005,-5.0
5600,124-11-5,2006,-1.0
5600,124-11-53,1999,
5600,124-11-53,2001,
5600,124-11-53,2004,-5.0
5600,124-11-53,2006,-5.0
5600,124-11-53,2015,
5600,124-11-55,1999,-5.0
5600,124-11-55,2001,8.0
5600,124-11-55,2015,-11.0
5600,124-11-55,2021,10.0
5600,124-11-57,2001,
5600,124-11-57,2004,14.0
5600,124-11-57,2008,0.0
5600,124-11-58,1999,12.0
5600,124-11-58,2001,5.0
5600,124-11-58,2002,-3.0
5600,124-11-58,2004,0.0
5600,124-11-58,2006,2.0
5600,124-11-6,2011,4.0
5600,124-11-6,2012,8.0
5600,124-11-6,2015,-2.0
5600,124-11-608,1999,15.0
5600,124-11-608,2001,-23.0
5600,124-11-608,2004,-3.0
5600,124-11-608,2010,-4.0
5600,124-11-608,2011,7.0
5600,124-11-608,2012,-18.0
5600,124-11-608,2021,
5600,124-11-609,1999,-9.0
5600,124-11-609,2002,-5.0
5600,124-11-609,2003,1.0
5600,124-11-609,2004,2.0
5600,124-11-609,2011,-3.0
5600,124-11-609,2012,
5600,124-11-612,2014,
5600,124-11-613,2000,-12.0
5600,124-11-613,2001,1.0
5600,124-11-613,2004,-1.0
5600,124-11-613,2015,7.0
5600,124-11-613,2021,1.0
5600,124-11-614,2007,2.0
5600,124-11-614,2008,0.0
5600,124-11-614,2009,-1.0
5600,124-11-614,2012,1.0
5600,124-11-614,2015,4.0
5600,124-11-69,1998,4.0
5600,124-11-69,1999,
5600,124-11-69,2001,-1.0
5600,124-11-69,2004,
5600,124-11-69,2008,0.0
5600,124-11-69,2012,
5600,124-11-709,1999,-2.0
5600,124-11-709,2001,0.0
5600,124-11-709,2002,2.0
5600,124-11-709,2003,0.0
5600,124-11-709,2004,-1.0
5600,124-11-709,2009,1.0
5600,124-11-709,2012,
5600,124-11-71,2004,
5600,124-11-71,2008,1.0
5600,124-11-71,2012,4.0
5600,124-11-71,2015,
5600,124-11-72,2004,
5600,124-11-72,2008,0.0
5600,124-11-72,2012,4.0
5600,124-11-74,1999,8.0
5600,124-11-74,2001,-1.0
5600,124-11-74,2004,-1.0
5600,124-11-74,2006,2.0
5600,124-11-74,2011,4.0
5600,124-11-74,2021,
5600,124-11-75,1998,-7.0
5600,124-11-75,1999,4.0
5600,124-11-75,2001,-7.0
5600,124-11-75,2006,0.0
5600,124-11-75,2008,3.0
5600,124-11-75,2012,4.0
5600,124-11-75,2013,8.0
5600,124-11-75,2015,4.0
5600,124-11-75,2016,-7.0
5600,124-11-81,1998,-1.0
5600,124-11-81,2001,1.0
5600,124-11-81,2004,2.0
5600,124-11-81,2008,5.0
5600,124-11-81,2012,-1.0
5600,124-11-9,1999,-5.0
5600,124-11-9,2001,-2.0
5600,124-11-9,2003,-6.0
5600,124-11-9,2004,-4.0
5600,124-11-9,2006,10.0
5600,124-11-9,2011,-1.0
5600,124-11-9,2012,
5600,124-4-10,2005,-1.0
5600,124-4-10,2016,13.0
5600,124-4-10,2021,15.0
5600,124-4-105,1999,-11.0
5600,124-4-105,2006,11.0
5600,124-4-105,2011,5.0
5600,124-4-105,2015,-5.0
5600,124-4-105,2021,12.0
5600,124-4-113,2018,
5600,124-4-114,2001,
5600,124-4-115,1999,1.0
5600,124-4-115,2016,
5600,124-4-115,2021,
5600,124-4-116,2001,-2.0
5600,124-4-116,2006,-1.0
5600,124-4-116,2011,-2.0
5600,124-4-116,2015,0.0
5600,124-4-116,2016,
5600,124-4-121,2000,0.0
5600,124-4-121,2006,
5600,124-4-125,2001,-3.0
5600,124-4-125,2010,25.0
5600,124-4-125,2015,-8.0
5600,124-4-125,2021,-5.0
5600,124-4-127,2011,1.0
5600,124-4-127,2018,
5600,124-4-129,2000,
5600,124-4-129,2002,2.0
5600,124-4-129,2006,
5600,124-4-136,2002,7.0
5600,124-4-136,2004,2.0
5600,124-4-136,2005,3.0
5600,124-4-136,2021,-2.0
5600,124-4-138,2003,
5600,124-4-138,2005,-12.0
5600,124-4-138,2015,-5.0
5600,124-4-138,2021,0.0
5600,124-4-14,2002,0.0
5600,124-4-14,2011,
5600,124-4-15,1999,-9.0
5600,124-4-15,2000,6.0
5600,124-4-15,2002,7.0
5600,124-4-15,2015,-8.0
5600,124-4-15,2016,-4.0
5600,124-4-15,2021,0.0
5600,124-4-17,1999,-1.0
5600,124-4-17,2001,32.0
5600,124-4-17,2006,-13.0
5600,124-4-17,2015,-21.0
5600,124-4-18,2006,
5600,124-4-19,1997,
5600,124-4-19,2005,1.0
5600,124-4-19,2015,
5600,124-4-196,1999,-5.0
5600,124-4-196,2005,3.0
5600,124-4-196,2015,-27.0
5600,124-4-196,2021,1.0
5600,124-4-2,1999,
5600,124-4-20,1999,
5600,124-4-201,2004,2.0
5600,124-4-201,2015,
5600,124-4-201,2021,4.0
5600,124-4-214,2005,
5600,124-4-214,2014,19.0
5600,124-4-214,2015,-16.0
5600,124-4-214,2016,11.0
5600,124-4-214,2021,1.0
5600,124-4-215,1998,-2.0
5600,124-4-215,1999,-5.0
5600,124-4-215,2006,6.0
5600,124-4-215,2015,-7.0
5600,124-4-215,2016,1.0
5600,124-4-22,2002,4.0
5600,124-4-22,2005,-4.0
5600,124-4-22,2006,-5.0
5600,124-4-22,2015,-3.0
5600,124-4-22,2016,-5.0
5600,124-4-227,2002,
5600,124-4-227,2015,-1.0
5600,124-4-227,2016,
5600,124-4-228,2000,-1.0
5600,124-4-228,2001,-2.0
5600,124-4-228,2002,
5600,124-4-228,2005,1.0
5600,124-4-228,2015,-1.0
5600,124-4-229,1999,-4.0
5600,124-4-229,2000,6.0
5600,124-4-229,2002,-6.0
5600,124-4-229,2005,0.0
5600,124-4-229,2006,-1.0
5600,124-4-229,2015,-1.0
5600,124-4-229,2016,5.0
5600,124-4-24,2021,
5600,124-4-25,1999,-9.0
5600,124-4-25,2001,-5.0
5600,124-4-25,2004,14.0
5600,124-4-25,2015,6.0
5600,124-4-251,1999,
5600,124-4-251,2002,9.0
5600,124-4-251,2003,-2.0
5600,124-4-251,2011,0.0
5600,124-4-251,2021,1.0
5600,124-4-26,2004,-3.0
5600,124-4-26,2005,6.0
5600,124-4-26,2006,-4.0
5600,124-4-26,2012,-5.0
5600,124-4-26,2015,
5600,124-4-27,2002,-2.0
5600,124-4-27,2004,1.0
5600,124-4-27,2005,3.0
5600,124-4-28,2001,4.0
5600,124-4-28,2002,4.0
5600,124-4-28,2005,-16.0
5600,124-4-28,2015,1.0
5600,124-4-28,2021,-2.0
5600,124-4-29,1999,5.0
5600,124-4-29,2000,12.0
5600,124-4-29,2002,3.0
5600,124-4-29,2005,
5600,124-4-29,2015,-3.0
5600,124-4-29,2021,-5.0
5600,124-4-3,2011,
5600,124-4-31,1999,4.0
5600,124-4-31,2000,2.0
5600,124-4-31,2002,-10.0
5600,124-4-31,2015,7.0
5600,124-4-31,2018,
5600,124-4-311,2005,
5600,124-4-311,2016,
5600,124-4-315,1999,-10.0
5600,124-4-315,2002,5.0
5600,124-4-315,2017,-3.0
5600,124-4-315,2018,4.0
5600,124-4-328,2001,0.0
5600,124-4-328,2002,
5600,124-4-328,2005,-2.0
5600,124-4-328,2021,2.0
5600,124-4-329,2005,-3.0
5600,124-4-329,2021,0.0
5600,124-4-33,1999,12.0
5600,124-4-33,2006,-11.0
5600,124-4-33,2015,
5600,124-4-33,2021,12.0
5600,124-4-330,1999,-3.0
5600,124-4-330,2000,0.0
5600,124-4-330,2002,2.0
5600,124-4-330,2005,1.0
5600,124-4-330,2015,-6.0
5600,124-4-330,2021,0.0
5600,124-4-37,2000,
5600,124-4-37,2004,4.0
5600,124-4-37,2005,2.0
5600,124-4-37,2006,5.0
5600,124-4-37,2012,
5600,124-4-37,2015,4.0
5600,124-4-37,2016,2.0
5600,124-4-37,2021,
5600,124-4-40,1999,0.0
5600,124-4-40,2000,-2.0
5600,124-4-40,2002,-4.0
5600,124-4-40,2005,-7.0
5600,124-4-40,2006,-1.0
5600,124-4-40,2011,-1.0
5600,124-4-40,2015,2.0
5600,124-4-404,2011,8.0
5600,124-4-404,2015,-2.0
5600,124-4-404,2021,
5600,124-4-42,1999,22.0
5600,124-4-42,2001,
5600,124-4-42,2015,1.0
5600,124-4-42,2016,-13.0
5600,124-4-42,2018,
5600,124-4-49,2000,
5600,124-4-49,2002,-7.0
5600,124-4-49,2003,6.0
5600,124-4-49,2005,-1.0
5600,124-4-49,2021,
5600,124-4-50,1999,
5600,124-4-50,2001,9.0
5600,124-4-50,2002,-3.0
5600,124-4-50,2003,-4.0
5600,124-4-50,2011,-5.0
5600,124-4-50,2021,6.0
5600,124-4-55,1999,0.0
5600,124-4-55,2001,0.0
5600,124-4-55,2002,0.0
5600,124-4-55,2006,
5600,124-4-55,2021,
5600,124-4-62,1998,-6.0
5600,124-4-62,1999,
5600,124-4-62,2002,0.0
5600,124-4-62,2003,4.0
5600,124-4-62,2006,8.0
5600,124-4-62,2016,7.0
5600,124-4-63,1999,6.0
5600,124-4-63,2000,0.0
5600,124-4-63,2001,-7.0
5600,124-4-63,2002,4.0
5600,124-4-63,2003,-4.0
5600,124-4-63,2009,4.0
5600,124-4-63,2011,-9.0
5600,124-4-63,2015,-1.0
5600,124-4-63,2016,
5600,124-4-63,2021,14.0
5600,124-4-7,2005,-1.0
5600,124-4-7,2006,0.0
5600,124-4-7,2007,
5600,124-4-77,1998,-1.0
5600,124-4-77,2000,16.0
5600,124-4-77,2004,-9.0
5600,124-4-77,2006,33.0
5600,124-4-77,2009,
5600,124-4-77,2013,
5600,124-4-78,1998,4.0
5600,124-4-78,2000,0.0
5600,124-4-78,2004,7.0
5600,124-4-78,2006,3.0
5600,124-4-78,2007,1.0
5600,124-4-78,2009,
5600,124-4-78,2013,-14.0
5600,124-4-96,1998,4.0
5600,124-4-96,1999,0.0
5600,124-4-96,2015,-11.0
5600,124-4-96,2021,-6.0
5600,124-43-11,1998,31.0
5600,124-43-11,1999,-5.0
5600,124-43-11,2003,-24.0
5600,124-43-11,2004,
5600,124-43-11,2013,-8.0
5600,124-43-7,1998,
5600,124-43-7,2003,
5600,124-43-7,2005,-41.0
5600,124-43-7,2006,9.0
5600,124-43-7,2009,11.0
5600,124-43-7,2013,9.0
5600,124-43-7,2014,-9.0
5600,124-43-8,2005,
5600,124-43-8,2013,-21.0
5600,124-43-8,2014,29.0
5600,124-43-8,2018,
5600,124-43-9,1998,6.0
5600,124-43-9,2000,8.0
5600,124-43-9,2004,34.0
5600,124-43-9,2006,16.0
5600,124-43-9,2009,26.0
5600,124-43-9,2013,-26.0
5600,124-45-1,1998,-13.0
5600,124-45-1,2000,5.0
5600,124-45-1,2009,2.0
5600,124-45-1,2018,6.0
5600,124-45-1,2021,5.0
5600,124-45-101,1998,
5600,124-45-101,2000,4.0
5600,124-45-101,2004,
5600,124-45-101,2009,-4.0
5600,124-45-101,2018,4.0
5600,124-45-101,2021,1.0
5600,124-45-102,1998,5.0
5600,124-45-102,2000,5.0
5600,124-45-102,2004,3.0
5600,124-45-102,2009,4.0
5600,124-45-102,2018,4.0
5600,124-45-102,2021,0.0
5600,124-45-103,1997,2.0
5600,124-45-103,1998,1.0
5600,124-45-103,2000,2.0
5600,124-45-103,2004,-1.0
5600,124-45-103,2009,-4.0
5600,124-45-103,2018,2.0
5600,124-45-105,1997,
5600,124-45-105,2000,0.0
5600,124-45-105,2004,
5600,124-45-105,2009,-1.0
5600,124-45-105,2018,-2.0
5600,124-45-105,2021,-1.0
5600,124-45-107,1997,0.0
5600,124-45-107,1998,0.0
5600,124-45-107,2000,
5600,124-45-107,2004,
5600,124-45-109,1998,
5600,124-45-109,2008,-4.0
5600,124-45-109,2009,
5600,124-45-109,2018,
5600,124-45-11,2000,0.0
5600,124-45-11,2018,1.0
5600,124-45-111,1997,-5.0
5600,124-45-111,1998,2.0
5600,124-45-111,2000,-2.0
5600,124-45-111,2004,1.0
5600,124-45-111,2018,-1.0
5600,124-45-112,2000,-3.0
5600,124-45-112,2006,4.0
5600,124-45-112,2009,-6.0
5600,124-45-112,2021,-12.0
5600,124-45-113,1997,6.0
5600,124-45-113,2000,5.0
5600,124-45-113,2004,3.0
5600,124-45-113,2006,-7.0
5600,124-45-113,2009,0.0
5600,124-45-113,2021,0.0
5600,124-45-114,1997,4.0
5600,124-45-114,2000,5.0
5600,124-45-114,2002,-5.0
5600,124-45-114,2009,6.0
5600,124-45-114,2012,
5600,124-45-116,2000,-3.0
5600,124-45-116,2002,3.0
5600,124-45-116,2004,
5600,124-45-116,2012,-1.0
5600,124-45-118,2006,7.0
5600,124-45-12,2000,0.0
5600,124-45-12,2006,-9.0
5600,124-45-12,2009,-5.0
5600,124-45-12,2021,-6.0
5600,124-45-120,1997,-8.0
5600,124-45-120,2000,
5600,124-45-120,2004,
5600,124-45-120,2021,
5600,124-45-121,1997,2.0
5600,124-45-121,1998,-2.0
5600,124-45-121,2000,3.0
5600,124-45-121,2004,-4.0
5600,124-45-121,2018,6.0
5600,124-45-121,2021,4.0
5600,124-45-13,1997,2.0
5600,124-45-13,1998,-15.0
5600,124-45-13,2000,-1.0
5600,124-45-13,2004,0.0
5600,124-45-13,2009,3.0
5600,124-45-13,2018,3.0
5600,124-45-13,2021,2.0
5600,124-45-18,2004,0.0
5600,124-45-18,2015,-1.0
5600,124-45-2,1997,0.0
5600,124-45-2,1998,1.0
5600,124-45-2,2000,-4.0
5600,124-45-2,2004,-5.0
5600,124-45-2,2009,-5.0
5600,124-45-2,2018,5.0
5600,124-45-201,2000,
5600,124-45-201,2009,-9.0
5600,124-45-201,2021,-3.0
5600,124-45-203,2004,2.0
5600,124-45-203,2008,6.0
5600,124-45-203,2009,-4.0
5600,124-45-203,2018,-1.0
5600,124-45-203,2021,3.0
5600,124-45-205,1998,-2.0
5600,124-45-205,2000,-2.0
5600,124-45-205,2004,1.0
5600,124-45-205,2009,-3.0
5600,124-45-205,2018,11.0
5600,124-45-205,2021,-4.0
5600,124-45-207,1997,-3.0
5600,124-45-207,1998,2.0
5600,124-45-207,2000,-6.0
5600,124-45-207,2012,3.0
5600,124-45-207,2018,
5600,124-45-209,1997,-1.0
5600,124-45-209,1998,1.0
5600,124-45-209,2000,-2.0
5600,124-45-209,2004,-1.0
5600,124-45-209,2018,4.0
5600,124-45-209,2021,
5600,124-45-21,1997,4.0
5600,124-45-21,1998,0.0
5600,124-45-21,2000,1.0
5600,124-45-21,2004,0.0
5600,124-45-21,2018,10.0
5600,124-45-21,2021,-6.0
5600,124-45-213,1997,
5600,124-45-213,2002,3.0
5600,124-45-213,2004,4.0
5600,124-45-213,2006,-1.0
5600,124-45-213,2009,0.0
5600,124-45-216,2000,
5600,124-45-216,2004,
5600,124-45-216,2018,
5600,124-45-216,2021,0.0
5600,124-45-218,1997,6.0
5600,124-45-218,1998,-6.0
5600,124-45-218,2004,
5600,124-45-218,2009,-1.0
5600,124-45-218,2018,2.0
5600,124-45-218,2021,
5600,124-45-22,2000,0.0
5600,124-45-22,2002,0.0
5600,124-45-22,2004,2.0
5600,124-45-22,2006,
5600,124-45-22,2018,0.0
5600,124-45-22,2021,-4.0
5600,124-45-220,1997,-5.0
5600,124-45-220,2000,11.0
5600,124-45-220,2004,-16.0
5600,124-45-220,2018,
5600,124-45-220,2021,-8.0
5600,124-45-26,2000,-4.0
5600,124-45-26,2014,0.0
5600,124-45-26,2021,4.0
5600,124-45-3,2000,
5600,124-45-3,2002,-2.0
5600,124-45-30,2000,7.0
5600,124-45-30,2021,4.0
5600,124-45-307,2008,
5600,124-45-307,2021,
5600,124-45-41,1997,-2.0
5600,124-45-41,2000,4.0
5600,124-45-41,2009,7.0
5600,124-45-41,2018,
5600,124-45-42,2004,-1.0
5600,124-45-42,2009,
5600,124-45-42,2018,2.0
5600,124-45-42,2021,5.0
5600,124-45-42,2022,-6.0
5600,124-45-43,1997,2.0
5600,124-45-43,2000,0.0
5600,124-45-43,2009,
5600,124-45-43,2018,-1.0
5600,124-45-43,2021,1.0
5600,124-45-49,2004,-5.0
5600,124-45-49,2021,1.0
5600,124-45-5,1997,-2.0
5600,124-45-5,1998,0.0
5600,124-45-5,2004,6.0
5600,124-45-5,2009,0.0
5600,124-45-5,2018,1.0
5600,124-45-5,2021,2.0
5600,124-45-7,2000,4.0
5600,124-45-7,2008,0.0
5600,124-45-7,2009,
5600,124-45-7,2018,
5600,124-45-7,2021,
5600,124-45-9,1997,0.0
5600,124-45-9,1998,
5600,124-45-9,2000,
5600,124-45-9,2009,-2.0
5600,124-45-9,2018,-3.0
5600,124-45-9,2021,-1.0
5600,124-56-105,1999,
5600,124-56-105,2002,-15.0
5600,124-56-105,2004,6.0
5600,124-56-105,2006,10.0
5600,124-56-105,2015,9.0
5600,124-56-105,2021,
5600,124-56-13,2001,-1.0
5600,124-56-13,2004,0.0
5600,124-56-13,2018,-7.0
5600,124-56-13,2021,2.0
5600,124-56-137,1999,
5600,124-56-137,2001,-3.0
5600,124-56-137,2002,5.0
5600,124-56-137,2004,3.0
5600,124-56-137,2015,7.0
5600,124-56-137,2018,1.0
5600,124-56-137,2021,-5.0
5600,124-56-14,1999,-2.0
5600,124-56-14,2001,-2.0
5600,124-56-14,2004,-7.0
5600,124-56-14,2018,
5600,124-56-15,1999,-17.0
5600,124-56-15,2001,-9.0
5600,124-56-15,2004,-3.0
5600,124-56-15,2011,-5.0
5600,124-56-15,2018,1.0
5600,124-56-15,2021,0.0
5600,124-56-21,1999,-7.0
5600,124-56-21,2001,-1.0
5600,124-56-21,2002,6.0
5600,124-56-21,2004,
5600,124-56-21,2006,5.0
5600,124-56-21,2015,6.0
5600,124-56-21,2018,-5.0
5600,124-56-21,2021,3.0
5600,124-56-22,1999,7.0
5600,124-56-22,2001,-2.0
5600,124-56-22,2002,-2.0
5600,124-56-22,2004,1.0
5600,124-56-22,2018,-13.0
5600,124-56-25,2001,
5600,124-56-25,2015,6.0
5600,124-56-25,2018,
5600,124-56-25,2021,15.0
5600,124-56-26,1999,-1.0
5600,124-56-26,2015,15.0
5600,124-56-26,2021,3.0
5600,124-56-31,1999,-2.0
5600,124-56-31,2001,
5600,124-56-31,2004,
5600,124-56-31,2015,-4.0
5600,124-56-31,2016,2.0
5600,124-56-31,2018,-2.0
5600,124-56-31,2021,5.0
5600,124-56-33,1999,-4.0
5600,124-56-33,2001,4.0
5600,124-56-33,2002,3.0
5600,124-56-33,2004,0.0
5600,124-56-33,2005,4.0
5600,124-56-33,2015,2.0
5600,124-56-33,2018,-1.0
5600,124-56-33,2021,-1.0
5600,124-56-34,1999,-8.0
5600,124-56-34,2004,
5600,124-56-34,2015,1.0
5600,124-56-38,1999,3.0
5600,124-56-38,2001,6.0
5600,124-56-38,2002,-3.0
5600,124-56-38,2004,-3.0
5600,124-56-38,2021,1.0
5600,124-56-40,2002,
5600,124-56-40,2009,
5600,124-56-40,2015,1.0
5600,124-56-41,1999,-4.0
5600,124-56-41,2001,-5.0
5600,124-56-41,2002,-3.0
5600,124-56-41,2004,1.0
5600,124-56-41,2015,-2.0
5600,124-56-41,2018,
5600,124-56-41,2021,5.0
5600,124-56-42,2004,6.0
5600,124-56-42,2006,1.0
5600,124-56-42,2015,-2.0
5600,124-56-42,2022,
5600,124-56-44,1999,-2.0
5600,124-56-44,2001,-2.0
5600,124-56-44,2002,9.0
5600,124-56-44,2004,-1.0
5600,124-57-10,2005,
5600,124-57-10,2017,
5600,124-57-121,2007,0.0
5600,124-57-121,2014,-2.0
5600,124-57-121,2018,0.0
5600,124-57-15,2002,
5600,124-57-15,2005,
5600,124-57-16,2015,
5600,124-65-11,2003,
5600,124-65-117,1999,4.0
5600,124-65-117,2001,2.0
5600,124-65-117,2002,-4.0
5600,124-65-117,2004,-1.0
5600,124-65-117,2006,2.0
5600,124-65-117,2011,0.0
5600,124-65-13,1999,-1.0
5600,124-65-13,2002,
5600,124-65-13,2004,0.0
5600,124-65-13,2018,
5600,124-65-13,2021,0.0
5600,124-65-130,1999,0.0
5600,124-65-130,2002,5.0
5600,124-65-130,2015,
5600,124-65-130,2021,
5600,124-65-14,1999,-7.0
5600,124-65-14,2001,-7.0
5600,124-65-14,2004,7.0
5600,124-65-14,2006,3.0
5600,124-65-14,2011,0.0
5600,124-65-14,2013,2.0
5600,124-65-14,2015,11.0
5600,124-65-14,2016,-10.0
5600,124-65-14,2018,-6.0
5600,124-65-14,2021,0.0
5600,124-65-18,1999,
5600,124-65-18,2002,
5600,124-65-18,2004,-4.0
5600,124-65-18,2006,
5600,124-65-18,2015,-1.0
5600,124-65-18,2018,-3.0
5600,124-65-18,2021,0.0
5600,124-65-19,1999,-1.0
5600,124-65-19,2001,-2.0
5600,124-65-19,2002,-1.0
5600,124-65-19,2004,6.0
5600,124-65-19,2015,8.0
5600,124-65-19,2018,-8.0
5600,124-65-19,2021,-2.0
5600,124-65-20,1999,-9.0
5600,124-65-20,2001,-8.0
5600,124-65-20,2002,1.0
5600,124-65-20,2004,-8.0
5600,124-65-20,2006,4.0
5600,124-65-20,2011,0.0
5600,124-65-20,2016,1.0
5600,124-65-20,2018,2.0
5600,124-65-21,1999,
5600,124-65-21,2004,1.0
5600,124-65-21,2015,2.0
5600,124-65-21,2018,-2.0
5600,124-65-21,2021,
5600,124-65-22,1999,4.0
5600,124-65-22,2002,
5600,124-65-22,2016,0.0
5600,124-65-22,2022,-1.0
5600,124-65-23,2002,
5600,124-65-23,2004,-4.0
5600,124-65-23,2013,5.0
5600,124-65-23,2015,13.0
5600,124-65-23,2016,-10.0
5600,124-65-23,2017,1.0
5600,124-65-23,2018,-3.0
5600,124-65-23,2022,-1.0
5600,124-65-28,2002,
5600,124-65-29,2008,
5600,124-65-29,2015,
5600,124-65-3,2013,0.0
5600,124-65-3,2015,0.0
5600,124-65-3,2017,-1.0
5600,124-65-3,2018,0.0
5600,124-65-31,2001,
5600,124-65-31,2011,-2.0
5600,124-65-31,2018,0.0
5600,124-65-31,2021,0.0
5600,124-65-33,2001,-4.0
5600,124-65-33,2004,2.0
5600,124-65-33,2005,0.0
5600,124-65-33,2006,-2.0
5600,124-65-33,2012,-1.0
5600,124-65-33,2021,-1.0
5600,124-65-33,2022,3.0
5600,124-65-36,2004,
5600,124-65-36,2006,
5600,124-65-37,2002,
5600,124-65-37,2004,
5600,124-65-38,1997,
5600,124-65-38,2002,
5600,124-65-38,2010,4.0
5600,124-65-38,2021,
5600,124-65-7,2013,
5600,124-65-7,2018,
5600,124-65-9,1999,-1.0
5600,124-65-9,2006,-3.0
5600,124-65-9,2015,-1.0
5600,124-68-10,2007,12.0
5600,124-68-10,2009,0.0
5600,124-68-10,2012,2.0
5600,124-68-10,2015,-8.0
5600,124-68-10,2021,-10.0
5600,124-68-11,1999,7.0
5600,124-68-11,2000,-1.0
5600,124-68-11,2002,3.0
5600,124-68-11,2009,6.0
5600,124-68-11,2012,-7.0
5600,124-68-11,2015,7.0
5600,124-68-11,2021,3.0
5600,124-68-113,1999,-5.0
5600,124-68-113,2000,11.0
5600,124-68-113,2004,20.0
5600,124-68-113,2005,-22.0
5600,124-68-113,2009,9.0
5600,124-68-113,2012,-4.0
5600,124-68-113,2015,1.0
5600,124-68-113,2021,5.0
5600,124-68-117,2000,-5.0
5600,124-68-117,2004,-7.0
5600,124-68-117,2005,-6.0
5600,124-68-117,2009,12.0
5600,124-68-117,2012,9.0
5600,124-68-119,2000,6.0
5600,124-68-119,2003,4.0
5600,124-68-119,2004,4.0
5600,124-68-119,2005,-2.0
5600,124-68-119,2009,-1.0
5600,124-68-119,2012,1.0
5600,124-68-12,1999,-4.0
5600,124-68-12,2000,-3.0
5600,124-68-12,2004,0.0
5600,124-68-12,2005,3.0
5600,124-68-12,2009,1.0
5600,124-68-12,2012,-1.0
5600,124-68-12,2016,
5600,124-68-12,2022,-7.0
5600,124-68-127,2000,0.0
5600,124-68-127,2004,-3.0
5600,124-68-127,2005,2.0
5600,124-68-127,2012,-1.0
5600,124-68-14,2000,-3.0
5600,124-68-14,2003,6.0
5600,124-68-14,2004,3.0
5600,124-68-14,2005,-2.0
5600,124-68-14,2012,
5600,124-68-14,2015,9.0
5600,124-68-14,2021,-7.0
5600,124-68-142,2000,4.0
5600,124-68-142,2004,3.0
5600,124-68-142,2005,-3.0
5600,124-68-142,2006,2.0
5600,124-68-142,2007,-3.0
5600,124-68-142,2015,-4.0
5600,124-68-142,2021,
5600,124-68-15,1999,2.0
5600,124-68-15,2000,13.0
5600,124-68-15,2004,10.0
5600,124-68-15,2005,-3.0
5600,124-68-15,2009,11.0
5600,124-68-15,2012,-3.0
5600,124-68-15,2021,11.0
5600,124-68-16,2004,4.0
5600,124-68-16,2005,-6.0
5600,124-68-16,2009,-5.0
5600,124-68-16,2012,-6.0
5600,124-68-16,2015,-7.0
5600,124-68-18,2000,4.0
5600,124-68-18,2003,8.0
5600,124-68-18,2004,-6.0
5600,124-68-18,2005,-1.0
5600,124-68-18,2009,4.0
5600,124-68-18,2012,-5.0
5600,124-68-18,2021,-6.0
5600,124-68-2,1997,
5600,124-68-2,2007,-6.0
5600,124-68-2,2010,-4.0
5600,124-68-2,2012,-10.0
5600,124-68-2,2013,10.0
5600,124-68-2,2015,-1.0
5600,124-68-2,2021,-5.0
5600,124-68-20,2003,21.0
5600,124-68-20,2004,
5600,124-68-20,2007,7.0
5600,124-68-20,2009,1.0
5600,124-68-20,2012,1.0
5600,124-68-20,2021,0.0
5600,124-68-202,2003,-9.0
5600,124-68-202,2004,-10.0
5600,124-68-202,2005,
5600,124-68-202,2007,15.0
5600,124-68-203,2003,24.0
5600,124-68-203,2004,-12.0
5600,124-68-203,2005,12.0
5600,124-68-203,2007,-1.0
5600,124-68-203,2015,-7.0
5600,124-68-203,2021,0.0
5600,124-68-207,2003,5.0
5600,124-68-207,2004,-4.0
5600,124-68-207,2005,3.0
5600,124-68-207,2007,6.0
5600,124-68-207,2009,8.0
5600,124-68-207,2021,1.0
5600,124-68-208,1999,
5600,124-68-208,2009,6.0
5600,124-68-208,2015,13.0
5600,124-68-208,2021,
5600,124-68-209,2003,4.0
5600,124-68-209,2004,7.0
5600,124-68-209,2005,-10.0
5600,124-68-209,2007,-10.0
5600,124-68-209,2009,7.0
5600,124-68-209,2015,-9.0
5600,124-68-209,2021,-8.0
5600,124-68-210,2007,8.0
5600,124-68-210,2009,-5.0
5600,124-68-210,2012,7.0
5600,124-68-210,2015,2.0
5600,124-68-211,1999,2.0
5600,124-68-211,2000,1.0
5600,124-68-211,2005,-8.0
5600,124-68-211,2009,-1.0
5600,124-68-211,2012,-5.0
5600,124-68-211,2015,23.0
5600,124-68-211,2021,8.0
5600,124-68-213,2005,1.0
5600,124-68-213,2015,
5600,124-68-213,2021,2.0
5600,124-68-214,1999,4.0
5600,124-68-214,2000,-3.0
5600,124-68-214,2005,-7.0
5600,124-68-214,2009,0.0
5600,124-68-214,2012,-2.0
5600,124-68-214,2017,0.0
5600,124-68-214,2021,13.0
5600,124-68-215,1999,
5600,124-68-215,2004,
5600,124-68-215,2009,4.0
5600,124-68-215,2012,-11.0
5600,124-68-216,1999,-8.0
5600,124-68-216,2000,1.0
5600,124-68-216,2004,-9.0
5600,124-68-216,2005,0.0
5600,124-68-216,2009,12.0
5600,124-68-216,2012,1.0
5600,124-68-216,2021,5.0
5600,124-68-217,2000,-8.0
5600,124-68-217,2004,
5600,124-68-217,2009,-6.0
5600,124-68-217,2012,-1.0
5600,124-68-217,2021,11.0
5600,124-68-218,2000,2.0
5600,124-68-218,2003,19.0
5600,124-68-218,2004,-4.0
5600,124-68-218,2005,-2.0
5600,124-68-218,2012,-7.0
5600,124-68-219,2005,-6.0
5600,124-68-219,2009,-5.0
5600,124-68-219,2015,2.0
5600,124-68-219,2021,-5.0
5600,124-68-22,1999,-2.0
5600,124-68-22,2003,-1.0
5600,124-68-22,2004,3.0
5600,124-68-22,2005,-5.0
5600,124-68-22,2009,3.0
5600,124-68-22,2012,2.0
5600,124-68-22,2021,-3.0
5600,124-68-220,2003,8.0
5600,124-68-220,2004,-11.0
5600,124-68-220,2005,-4.0
5600,124-68-220,2009,-2.0
5600,124-68-220,2012,1.0
5600,124-68-223,1999,
5600,124-68-223,2005,-1.0
5600,124-68-223,2009,6.0
5600,124-68-223,2013,7.0
5600,124-68-223,2015,-4.0
5600,124-68-223,2021,9.0
5600,124-68-224,1999,-2.0
5600,124-68-224,2000,-9.0
5600,124-68-224,2004,1.0
5600,124-68-224,2005,4.0
5600,124-68-224,2015,10.0
5600,124-68-224,2021,4.0
5600,124-68-225,1999,-2.0
5600,124-68-225,2000,2.0
5600,124-68-225,2004,0.0
5600,124-68-225,2005,-10.0
5600,124-68-225,2012,0.0
5600,124-68-225,2015,
5600,124-68-225,2021,0.0
5600,124-68-233,2007,15.0
5600,124-68-233,2012,0.0
5600,124-68-233,2013,-1.0
5600,124-68-233,2021,-7.0
5600,124-68-238,1997,15.0
5600,124-68-238,1999,
5600,124-68-238,2009,-5.0
5600,124-68-238,2012,-10.0
5600,124-68-238,2015,-2.0
5600,124-68-238,2021,3.0
5600,124-68-242,1999,
5600,124-68-242,2006,-11.0
5600,124-68-242,2007,5.0
5600,124-68-242,2009,6.0
5600,124-68-242,2012,-3.0
5600,124-68-242,2015,
5600,124-68-25,1997,6.0
5600,124-68-25,1999,-16.0
5600,124-68-25,2000,1.0
5600,124-68-25,2004,4.0
5600,124-68-25,2005,-2.0
5600,124-68-25,2009,-5.0
5600,124-68-25,2012,-2.0
5600,124-68-251,2000,
5600,124-68-251,2003,-1.0
5600,124-68-251,2004,6.0
5600,124-68-251,2005,-2.0
5600,124-68-251,2009,-11.0
5600,124-68-251,2012,-3.0
5600,124-68-251,2021,1.0
5600,124-68-252,1999,
5600,124-68-252,2002,4.0
5600,124-68-252,2003,
5600,124-68-252,2007,-17.0
5600,124-68-252,2009,-2.0
5600,124-68-252,2012,-3.0
5600,124-68-252,2014,1.0
5600,124-68-26,1999,-11.0
5600,124-68-26,2000,-4.0
5600,124-68-26,2004,6.0
5600,124-68-26,2005,3.0
5600,124-68-26,2009,-1.0
5600,124-68-26,2012,-2.0
5600,124-68-26,2021,-9.0
5600,124-68-274,2007,0.0
5600,124-68-274,2012,-4.0
5600,124-68-274,2021,
5600,124-68-28,1997,0.0
5600,124-68-28,2003,2.0
5600,124-68-28,2004,14.0
5600,124-68-28,2005,-16.0
5600,124-68-28,2009,-6.0
5600,124-68-28,2012,4.0
5600,124-68-28,2021,-7.0
5600,124-68-29,2003,4.0
5600,124-68-29,2004,
5600,124-68-29,2009,-2.0
5600,124-68-29,2021,1.0
5600,124-68-296,2003,-7.0
5600,124-68-296,2004,-5.0
5600,124-68-296,2005,-2.0
5600,124-68-296,2006,9.0
5600,124-68-296,2021,-1.0
5600,124-68-297,1999,7.0
5600,124-68-297,2003,-2.0
5600,124-68-297,2005,3.0
5600,124-68-297,2006,10.0
5600,124-68-298,1999,-7.0
5600,124-68-298,2003,-2.0
5600,124-68-298,2005,7.0
5600,124-68-298,2006,0.0
5600,124-68-298,2012,
5600,124-68-299,1999,2.0
5600,124-68-299,2003,
5600,124-68-299,2005,7.0
5600,124-68-299,2007,14.0
5600,124-68-299,2015,12.0
5600,124-68-299,2021,-13.0
5600,124-68-300,2000,
5600,124-68-300,2002,
5600,124-68-300,2009,
5600,124-68-300,2012,0.0
5600,124-68-300,2021,1.0
5600,124-68-303,1997,58.0
5600,124-68-303,2007,
5600,124-68-303,2010,
5600,124-68-303,2021,-1.0
5600,124-68-308,2000,0.0
5600,124-68-308,2003,-7.0
5600,124-68-308,2004,-10.0
5600,124-68-308,2005,-2.0
5600,124-68-308,2007,9.0
5600,124-68-308,2009,1.0
5600,124-68-308,2015,-9.0
5600,124-68-308,2021,-5.0
5600,124-68-312,2004,9.0
5600,124-68-312,2005,3.0
5600,124-68-312,2009,-16.0
5600,124-68-312,2012,0.0
5600,124-68-312,2021,0.0
5600,124-68-314,2004,
5600,124-68-314,2016,8.0
5600,124-68-314,2022,-1.0
5600,124-68-316,2000,-6.0
5600,124-68-316,2003,
5600,124-68-316,2005,-4.0
5600,124-68-316,2009,0.0
5600,124-68-316,2012,
5600,124-68-316,2021,
5600,124-68-317,1999,-22.0
5600,124-68-317,2000,
5600,124-68-317,2004,
5600,124-68-317,2007,5.0
5600,124-68-317,2009,5.0
5600,124-68-319,2000,4.0
5600,124-68-319,2004,-13.0
5600,124-68-319,2005,5.0
5600,124-68-319,2009,-3.0
5600,124-68-319,2012,-2.0
5600,124-68-319,2021,2.0
5600,124-68-323,1999,-7.0
5600,124-68-323,2000,6.0
5600,124-68-323,2008,-3.0
5600,124-68-323,2015,-5.0
5600,124-68-324,1999,-3.0
5600,124-68-324,2000,1.0
5600,124-68-324,2004,-5.0
5600,124-68-324,2005,6.0
5600,124-68-325,1999,2.0
5600,124-68-325,2000,6.0
5600,124-68-325,2009,
5600,124-68-325,2012,0.0
5600,124-68-325,2021,
5600,124-68-326,1997,-2.0
5600,124-68-326,1999,3.0
5600,124-68-326,2000,3.0
5600,124-68-326,2004,0.0
5600,124-68-326,2005,0.0
5600,124-68-338,1999,
5600,124-68-338,2003,1.0
5600,124-68-338,2004,4.0
5600,124-68-338,2005,3.0
5600,124-68-338,2012,-2.0
5600,124-68-338,2021,-9.0
5600,124-68-35,2003,-2.0
5600,124-68-35,2006,
5600,124-68-35,2012,7.0
5600,124-68-35,2021,0.0
5600,124-68-350,2002,
5600,124-68-350,2005,-10.0
5600,124-68-350,2009,
5600,124-68-350,2012,0.0
5600,124-68-350,2015,4.0
5600,124-68-36,2000,
5600,124-68-36,2004,
5600,124-68-36,2006,-27.0
5600,124-68-36,2009,1.0
5600,124-68-36,2012,-14.0
5600,124-68-37,2003,-3.0
5600,124-68-37,2004,-2.0
5600,124-68-37,2005,2.0
5600,124-68-37,2006,1.0
5600,124-68-37,2007,7.0
5600,124-68-37,2021,
5600,124-68-39,1999,3.0
5600,124-68-39,2000,-5.0
5600,124-68-39,2003,
5600,124-68-39,2005,-2.0
5600,124-68-39,2012,13.0
5600,124-68-39,2021,-8.0
5600,124-68-4,2010,-5.0
5600,124-68-4,2012,
5600,124-68-4,2015,-19.0
5600,124-68-43,2000,-8.0
5600,124-68-43,2005,
5600,124-68-43,2012,-6.0
5600,124-68-44,2000,-3.0
5600,124-68-44,2004,2.0
5600,124-68-44,2005,-3.0
5600,124-68-47,2012,4.0
5600,124-68-47,2013,1.0
5600,124-68-47,2015,-10.0
5600,124-68-47,2021,-8.0
5600,124-68-49,2000,1.0
5600,124-68-49,2006,-1.0
5600,124-68-49,2007,
5600,124-68-49,2009,-1.0
5600,124-68-49,2021,0.0
5600,124-68-5,1999,-5.0
5600,124-68-5,2003,-7.0
5600,124-68-5,2004,5.0
5600,124-68-5,2005,-13.0
5600,124-68-5,2007,19.0
5600,124-68-5,2009,9.0
5600,124-68-5,2021,-1.0
5600,124-68-50,1999,-16.0
5600,124-68-50,2000,10.0
5600,124-68-50,2005,-7.0
5600,124-68-50,2009,
5600,124-68-50,2021,-10.0
5600,124-68-52,2000,-2.0
5600,124-68-52,2003,-2.0
5600,124-68-52,2004,3.0
5600,124-68-52,2005,-1.0
5600,124-68-52,2012,7.0
5600,124-68-53,2004,18.0
5600,124-68-53,2008,4.0
5600,124-68-53,2009,2.0
5600,124-68-53,2021,
5600,124-68-54,2000,0.0
5600,124-68-54,2004,-5.0
5600,124-68-54,2009,4.0
5600,124-68-54,2018,0.0
5600,124-68-54,2021,3.0
5600,124-68-57,2003,1.0
5600,124-68-57,2005,
5600,124-68-57,2009,0.0
5600,124-68-57,2012,8.0
5600,124-68-57,2021,
5600,124-68-59,2004,8.0
5600,124-68-59,2005,-2.0
5600,124-68-59,2006,7.0
5600,124-68-59,2007,1.0
5600,124-68-59,2012,1.0
5600,124-68-6,1999,-2.0
5600,124-68-6,2000,9.0
5600,124-68-6,2003,2.0
5600,124-68-6,2004,19.0
5600,124-68-6,2005,-8.0
5600,124-68-6,2007,9.0
5600,124-68-6,2009,0.0
5600,124-68-64,2006,8.0
5600,124-68-64,2012,4.0
5600,124-68-64,2013,-1.0
5600,124-68-64,2016,-1.0
5600,124-68-64,2021,2.0
5600,124-68-65,2004,1.0
5600,124-68-65,2011,-2.0
5600,124-68-65,2021,-5.0
5600,124-68-66,1997,9.0
5600,124-68-66,1998,-3.0
5600,124-68-66,2000,8.0
5600,124-68-66,2004,-1.0
5600,124-68-66,2006,1.0
5600,124-68-66,2007,-2.0
5600,124-68-66,2009,1.0
5600,124-68-66,2012,-1.0
5600,124-68-66,2018,10.0
5600,124-68-7,2000,-6.0
5600,124-68-7,2003,-13.0
5600,124-68-7,2004,13.0
5600,124-68-7,2005,
5600,124-68-7,2007,
5600,124-68-7,2021,11.0
5600,124-68-8,1999,11.0
5600,124-68-8,2003,-10.0
5600,124-68-8,2004,-13.0
5600,124-68-8,2005,17.0
5600,124-68-8,2007,0.0
5600,124-68-8,2009,4.0
5600,124-68-83,1997,6.0
5600,124-68-83,1999,-8.0
5600,124-68-83,2000,-1.0
5600,124-68-83,2004,1.0
5600,124-68-83,2005,-8.0
5600,124-68-83,2021,
5600,124-68-9,1999,
5600,124-68-9,2009,4.0
5600,124-68-9,2012,13.0
5600,124-68-9,2015,10.0
5600,124-68-9,2021,-1.0
5600,124-75-5,1997,-1.0
5600,124-75-5,2002,-1.0
5600,124-75-5,2004,
5600,124-75-5,2011,0.0
5600,124-75-5,2018,0.0
5600,124-75-5,2021,1.0
5600,124-75-5,2022,-1.0
5600,124-75-9,2002,1.0
5600,124-75-9,2004,
5600,124-75-9,2021,
5600,124-76-1,1999,-4.0
5600,124-76-1,2000,-4.0
5600,124-76-1,2004,-3.0
5600,124-76-1,2005,1.0
5600,124-76-1,2012,3.0
5600,124-76-1,2015,7.0
5600,124-76-1,2021,-1.0
5600,124-76-109,1999,6.0
5600,124-76-109,2000,
5600,124-76-109,2005,
5600,124-76-109,2015,1.0
5600,124-76-109,2021,5.0
5600,124-76-113,2000,
5600,124-76-113,2004,4.0
5600,124-76-113,2005,3.0
5600,124-76-113,2021,-1.0
5600,124-76-12,1997,5.0
5600,124-76-12,2002,8.0
5600,124-76-12,2004,3.0
5600,124-76-12,2005,-3.0
5600,124-76-12,2013,1.0
5600,124-76-120,1999,2.0
5600,124-76-120,2000,-3.0
5600,124-76-120,2002,1.0
5600,124-76-120,2004,4.0
5600,124-76-120,2005,-1.0
5600,124-76-120,2015,7.0
5600,124-76-120,2021,8.0
5600,124-76-121,1999,8.0
5600,124-76-121,2000,-2.0
5600,124-76-121,2002,4.0
5600,124-76-121,2004,4.0
5600,124-76-121,2005,5.0
5600,124-76-121,2015,-5.0
5600,124-76-121,2021,5.0
5600,124-76-125,2000,15.0
5600,124-76-125,2004,-5.0
5600,124-76-125,2005,-6.0
5600,124-76-125,2007,3.0
5600,124-76-125,2012,10.0
5600,124-76-127,1999,-4.0
5600,124-76-127,2000,0.0
5600,124-76-127,2004,2.0
5600,124-76-127,2005,-1.0
5600,124-76-127,2021,3.0
5600,124-76-140,2004,-5.0
5600,124-76-140,2005,0.0
5600,124-76-140,2015,-2.0
5600,124-76-140,2021,8.0
5600,124-76-159,1999,-2.0
5600,124-76-159,2002,4.0
5600,124-76-159,2004,
5600,124-76-159,2018,-1.0
5600,124-76-159,2021,
5600,124-76-16,1999,-5.0
5600,124-76-16,2000,-3.0
5600,124-76-16,2002,-8.0
5600,124-76-16,2004,21.0
5600,124-76-16,2005,-19.0
5600,124-76-165,2001,-1.0
5600,124-76-165,2002,-1.0
5600,124-76-165,2004,-3.0
5600,124-76-165,2006,3.0
5600,124-76-165,2011,0.0
5600,124-76-165,2014,-5.0
5600,124-76-165,2017,4.0
5600,124-76-165,2018,-6.0
5600,124-76-165,2021,5.0
5600,124-76-18,1999,-1.0
5600,124-76-18,2000,2.0
5600,124-76-18,2004,
5600,124-76-18,2015,12.0
5600,124-76-18,2021,4.0
5600,124-76-19,2005,-2.0
5600,124-76-19,2009,1.0
5600,124-76-19,2015,-5.0
5600,124-76-19,2021,5.0
5600,124-76-190,1999,3.0
5600,124-76-190,2000,-3.0
5600,124-76-190,2001,4.0
5600,124-76-190,2004,4.0
5600,124-76-190,2005,4.0
5600,124-76-190,2009,1.0
5600,124-76-190,2015,1.0
5600,124-76-190,2021,-2.0
5600,124-76-2,1999,0.0
5600,124-76-2,2000,11.0
5600,124-76-2,2004,5.0
5600,124-76-2,2005,1.0
5600,124-76-2,2015,0.0
5600,124-76-2,2021,2.0
5600,124-76-201,1997,6.0
5600,124-76-201,1999,-5.0
5600,124-76-201,2000,-2.0
5600,124-76-201,2004,-7.0
5600,124-76-201,2005,0.0
5600,124-76-201,2009,4.0
5600,124-76-201,2012,
5600,124-76-21,1999,-6.0
5600,124-76-21,2000,-2.0
5600,124-76-21,2001,2.0
5600,124-76-21,2002,5.0
5600,124-76-21,2005,-5.0
5600,124-76-21,2006,1.0
5600,124-76-21,2015,-1.0
5600,124-76-21,2018,5.0
5600,124-76-21,2021,-7.0
5600,124-76-216,2002,-4.0
5600,124-76-216,2004,14.0
5600,124-76-216,2005,-15.0
5600,124-76-216,2015,-5.0
5600,124-76-216,2021,-2.0
5600,124-76-22,1999,5.0
5600,124-76-22,2000,4.0
5600,124-76-22,2001,-7.0
5600,124-76-22,2002,7.0
5600,124-76-22,2004,-2.0
5600,124-76-22,2005,3.0
5600,124-76-22,2009,-7.0
5600,124-76-22,2015,0.0
5600,124-76-22,2021,-2.0
5600,124-76-221,1999,-10.0
5600,124-76-221,2000,10.0
5600,124-76-221,2002,-1.0
5600,124-76-221,2004,6.0
5600,124-76-221,2005,4.0
5600,124-76-23,1999,-3.0
5600,124-76-23,2000,5.0
5600,124-76-23,2001,
5600,124-76-23,2006,-9.0
5600,124-76-23,2015,3.0
5600,124-76-238,2021,0.0
5600,124-76-3,1999,-1.0
5600,124-76-3,2000,0.0
5600,124-76-3,2004,5.0
5600,124-76-3,2005,2.0
5600,124-76-3,2015,
5600,124-76-302,1999,2.0
5600,124-76-302,2000,-4.0
5600,124-76-302,2002,-3.0
5600,124-76-302,2004,10.0
5600,124-76-302,2005,-5.0
5600,124-76-302,2015,2.0
5600,124-76-302,2021,2.0
5600,124-76-306,1999,-5.0
5600,124-76-306,2000,-8.0
5600,124-76-306,2002,-1.0
5600,124-76-306,2004,-7.0
5600,124-76-306,2005,0.0
5600,124-76-306,2015,-1.0
5600,124-76-306,2021,6.0
5600,124-76-309,1999,-1.0
5600,124-76-309,2000,7.0
5600,124-76-309,2001,-14.0
5600,124-76-309,2004,-2.0
5600,124-76-309,2005,6.0
5600,124-76-309,2015,0.0
5600,124-76-309,2021,
5600,124-76-310,1999,-7.0
5600,124-76-310,2000,
5600,124-76-310,2004,
5600,124-76-310,2008,-18.0
5600,124-76-310,2009,15.0
5600,124-76-310,2015,5.0
5600,124-76-310,2021,-8.0
5600,124-76-314,2000,12.0
5600,124-76-314,2002,-11.0
5600,124-76-314,2004,0.0
5600,124-76-314,2005,-1.0
5600,124-76-314,2015,0.0
5600,124-76-314,2021,-3.0
5600,124-76-318,1999,
5600,124-76-318,2002,-3.0
5600,124-76-318,2005,-2.0
5600,124-76-318,2015,-2.0
5600,124-76-318,2021,6.0
5600,124-76-320,2005,-2.0
5600,124-76-320,2015,-3.0
5600,124-76-320,2021,
5600,124-76-324,2006,8.0
5600,124-76-324,2015,1.0
5600,124-76-324,2018,4.0
5600,124-76-324,2021,
5600,124-76-39,1999,1.0
5600,124-76-39,2000,1.0
5600,124-76-39,2001,-2.0
5600,124-76-39,2002,3.0
5600,124-76-39,2014,0.0
5600,124-76-39,2015,-1.0
5600,124-76-4,1999,-5.0
5600,124-76-4,2000,3.0
5600,124-76-4,2004,14.0
5600,124-76-4,2005,-10.0
5600,124-76-4,2015,1.0
5600,124-76-4,2021,-11.0
5600,124-76-40,1999,-21.0
5600,124-76-40,2000,22.0
5600,124-76-40,2016,6.0
5600,124-76-40,2018,
5600,124-76-40,2021,1.0
5600,124-76-439,2005,3.0
5600,124-76-439,2013,2.0
5600,124-76-439,2014,-4.0
5600,124-76-439,2015,9.0
5600,124-76-439,2018,-11.0
5600,124-76-439,2021,3.0
5600,124-76-5,1999,-3.0
5600,124-76-5,2000,12.0
5600,124-76-5,2004,11.0
5600,124-76-5,2005,-9.0
5600,124-76-5,2015,-6.0
5600,124-76-5,2021,4.0
5600,124-76-537,2014,
5600,124-76-55,2012,1.0
5600,124-76-55,2013,0.0
5600,124-76-55,2014,
5600,124-76-55,2018,-3.0
5600,124-76-55,2021,-11.0
5600,124-76-6,1999,-8.0
5600,124-76-6,2000,9.0
5600,124-76-6,2002,-5.0
5600,124-76-6,2004,-2.0
5600,124-76-6,2005,4.0
5600,124-76-60,1999,7.0
5600,124-76-60,2000,-5.0
5600,124-76-60,2002,3.0
5600,124-76-60,2004,-4.0
5600,124-76-60,2005,2.0
5600,124-76-60,2006,-1.0
5600,124-76-60,2013,1.0
5600,124-76-60,2015,2.0
5600,124-76-60,2018,-2.0
5600,124-76-60,2021,
5600,124-76-61,1999,
5600,124-76-61,2004,
5600,124-76-61,2006,
5600,124-76-61,2015,2.0
5600,124-76-61,2018,9.0
5600,124-76-61,2021,
5600,124-76-67,2006,11.0
5600,124-76-67,2011,-3.0
5600,124-76-67,2014,6.0
5600,124-76-67,2018,22.0
5600,124-76-67,2021,-6.0
5600,124-76-69,1999,-6.0
5600,124-76-69,2000,9.0
5600,124-76-69,2002,
5600,124-76-69,2004,7.0
5600,124-76-69,2018,-2.0
5600,124-76-69,2021,12.0
5600,124-76-70,2004,1.0
5600,124-76-70,2013,
5600,124-76-8,1999,-2.0
5600,124-76-8,2000,6.0
5600,124-76-8,2002,-2.0
5600,124-76-8,2004,-2.0
5600,124-76-8,2005,7.0
5600,124-76-8,2015,
5600,124-76-8,2021,-2.0
5600,124-76-9,1999,2.0
5600,124-76-9,2000,7.0
5600,124-76-9,2004,-8.0
5600,124-76-9,2005,
5600,124-76-9,2015,-4.0
5600,124-76-9,2021,
5600,124-76-90,1999,3.0
5600,124-76-90,2000,1.0
5600,124-76-90,2001,1.0
5600,124-76-90,2002,-3.0
5600,124-76-90,2004,7.0
5600,124-76-90,2005,-6.0
5600,124-76-90,2009,-4.0
5600,124-76-90,2021,3.0
5600,124-79-112,1997,
5600,124-79-112,2004,
5600,124-79-113,2013,
5600,124-79-124,2014,
5600,124-79-130,2000,
5600,124-79-130,2002,15.0
5600,124-79-130,2004,-1.0
5600,124-79-130,2014,2.0
5600,124-79-130,2021,10.0
5600,124-79-132,2000,
5600,124-79-133,2004,
5600,124-79-133,2021,
5600,124-79-139,2000,-2.0
5600,124-79-139,2002,7.0
5600,124-79-139,2004,0.0
5600,124-79-139,2014,-1.0
5600,124-79-142,2002,1.0
5600,124-79-142,2004,2.0
5600,124-79-142,2005,-4.0
5600,124-79-24,2001,
5600,124-79-33,2002,3.0
5600,124-79-33,2004,3.0
5600,124-79-33,2005,-1.0
5600,124-79-33,2014,-1.0
5600,124-79-33,2015,1.0
5600,124-79-33,2016,1.0
5600,124-79-33,2018,-1.0
5600,124-79-40,2000,17.0
5600,124-79-40,2002,19.0
5600,124-79-40,2004,18.0
5600,124-79-40,2021,0.0
5600,124-93-164,2013,
5600,124-93-164,2015,
5600,124-93-19,2000,1.0
5600,124-93-19,2001,2.0
5600,124-93-19,2003,10.0
5600,124-93-19,2004,14.0
5600,124-93-19,2013,2.0
5600,124-93-21,2003,1.0
5600,124-93-21,2004,17.0
5600,124-93-21,2008,-4.0
5600,124-93-21,2013,8.0
5600,124-93-21,2014,-7.0
5600,124-93-26,2010,6.0
5600,124-93-26,2012,-2.0
5600,124-93-26,2013,3.0
5600,124-93-26,2014,
5600,124-93-26,2022,1.0
5600,124-93-314,2006,0.0
5600,124-93-314,2013,
5600,124-93-314,2022,3.0
5600,124-93-51,2004,0.0
5600,124-93-51,2008,-5.0
5600,124-93-51,2013,9.0
5600,124-93-51,2014,-3.0
5600,124-93-6,2003,-6.0
5600,124-93-6,2004,17.0
5600,124-93-6,2010,
5600,124-93-6,2013,9.0
5600,124-93-6,2014,-17.0
5600,124-93-6,2021,-9.0
5600,124-93-64,2004,-14.0
5600,124-93-64,2018,4.0
5600,124-93-78,2012,
5600,124-93-79,2021,
5600,840-14-1,1997,-10.0
5600,840-14-1,2005,2.0
5600,840-14-1,2006,-1.0
5600,840-14-1,2010,6.0
5600,840-14-1,2011,-5.0
5600,840-14-1,2012,3.0
5600,840-14-1,2015,0.0
5600,840-14-106,1998,2.0
5600,840-14-106,2011,
5600,840-14-106,2016,
5600,840-14-108,1999,-5.0
5600,840-14-108,2007,1.0
5600,840-14-108,2010,1.0
5600,840-14-108,2011,-1.0
5600,840-14-108,2012,1.0
5600,840-14-108,2015,-4.0
5600,840-14-108,2016,2.0
5600,840-14-108,2022,-3.0
5600,840-14-11,2005,2.0
5600,840-14-11,2011,-1.0
5600,840-14-11,2015,3.0
5600,840-14-118,1998,-3.0
5600,840-14-118,2009,2.0
5600,840-14-118,2011,3.0
5600,840-14-118,2015,-3.0
5600,840-14-118,2016,0.0
5600,840-14-13,1999,
5600,840-14-13,2012,
5600,840-14-13,2015,-2.0
5600,840-14-138,1998,7.0
5600,840-14-138,2005,2.0
5600,840-14-138,2006,
5600,840-14-14,1997,0.0
5600,840-14-14,2000,1.0
5600,840-14-14,2011,
5600,840-14-151,1998,0.0
5600,840-14-151,2000,-2.0
5600,840-14-151,2011,
5600,840-14-151,2014,
5600,840-14-153,1998,0.0
5600,840-14-153,2005,0.0
5600,840-14-153,2011,
5600,840-14-153,2015,0.0
5600,840-14-154,2004,
5600,840-14-154,2015,
5600,840-14-156,1998,-3.0
5600,840-14-156,1999,-5.0
5600,840-14-156,2005,8.0
5600,840-14-156,2009,-4.0
5600,840-14-156,2011,2.0
5600,840-14-156,2015,4.0
5600,840-14-156,2021,-2.0
5600,840-14-156,2022,4.0
5600,840-14-158,1998,-24.0
5600,840-14-158,2005,5.0
5600,840-14-158,2011,6.0
5600,840-14-158,2015,-6.0
5600,840-14-160,1998,1.0
5600,840-14-160,2005,
5600,840-14-160,2010,
5600,840-14-160,2015,1.0
5600,840-14-160,2021,
5600,840-14-164,1999,0.0
5600,840-14-164,2006,
5600,840-14-164,2009,
5600,840-14-165,1997,-1.0
5600,840-14-165,1998,11.0
5600,840-14-165,2011,-3.0
5600,840-14-165,2015,5.0
5600,840-14-165,2021,1.0
5600,840-14-166,2005,0.0
5600,840-14-166,2015,0.0
5600,840-14-168,1997,11.0
5600,840-14-168,1998,-30.0
5600,840-14-168,2000,-19.0
5600,840-14-168,2005,0.0
5600,840-14-168,2011,-6.0
5600,840-14-168,2012,20.0
5600,840-14-168,2015,6.0
5600,840-14-173,1999,1.0
5600,840-14-173,2001,
5600,840-14-175,2005,
5600,840-14-175,2010,
5600,840-14-175,2012,16.0
5600,840-14-175,2015,-21.0
5600,840-14-176,1997,10.0
5600,840-14-176,1998,-1.0
5600,840-14-176,1999,0.0
5600,840-14-176,2005,8.0
5600,840-14-176,2012,2.0
5600,840-14-176,2015,-3.0
5600,840-14-179,2005,
5600,840-14-18,1998,-1.0
5600,840-14-18,2005,2.0
5600,840-14-18,2011,2.0
5600,840-14-18,2015,
5600,840-14-181,1998,
5600,840-14-181,2005,-1.0
5600,840-14-181,2011,-1.0
5600,840-14-181,2015,-1.0
5600,840-14-182,2006,
5600,840-14-182,2010,-1.0
5600,840-14-182,2011,0.0
5600,840-14-182,2012,5.0
5600,840-14-182,2015,0.0
5600,840-14-184,1998,1.0
5600,840-14-184,2005,1.0
5600,840-14-184,2015,
5600,840-14-184,2021,-6.0
5600,840-14-185,1998,-4.0
5600,840-14-185,2005,0.0
5600,840-14-185,2015,0.0
5600,840-14-185,2021,5.0
5600,840-14-188,1998,-13.0
5600,840-14-188,2005,-7.0
5600,840-14-188,2010,11.0
5600,840-14-188,2011,-9.0
5600,840-14-188,2015,1.0
5600,840-14-188,2021,9.0
5600,840-14-190,1998,
5600,840-14-190,2000,
5600,840-14-193,2001,-2.0
5600,840-14-193,2011,
5600,840-14-193,2014,
5600,840-14-198,2002,
5600,840-14-198,2010,
5600,840-14-198,2012,
5600,840-14-198,2014,
5600,840-14-199,1998,3.0
5600,840-14-199,2005,3.0
5600,840-14-199,2010,15.0
5600,840-14-199,2011,-6.0
5600,840-14-199,2012,1.0
5600,840-14-199,2015,-13.0
5600,840-14-199,2021,
5600,840-14-201,1998,-7.0
5600,840-14-201,2005,-1.0
5600,840-14-201,2012,15.0
5600,840-14-201,2015,-7.0
5600,840-14-205,1998,-7.0
5600,840-14-205,2005,-1.0
5600,840-14-205,2011,
5600,840-14-3,1998,10.0
5600,840-14-3,2005,-6.0
5600,840-14-3,2012,4.0
5600,840-14-3,2015,-1.0
5600,840-14-308,1999,22.0
5600,840-14-308,2005,-13.0
5600,840-14-308,2009,
5600,840-14-308,2012,10.0
5600,840-14-406,1997,
5600,840-14-406,2005,7.0
5600,840-14-406,2010,10.0
5600,840-14-406,2011,0.0
5600,840-14-406,2012,4.0
5600,840-14-406,2015,-12.0
5600,840-14-406,2021,
5600,840-14-407,2005,-1.0
5600,840-14-407,2011,-11.0
5600,840-14-407,2012,1.0
5600,840-14-407,2015,-19.0
5600,840-14-408,1998,-2.0
5600,840-14-408,2011,4.0
5600,840-14-408,2015,1.0
5600,840-14-408,2021,5.0
5600,840-14-414,1998,6.0
5600,840-14-414,2000,-8.0
5600,840-14-414,2003,0.0
5600,840-14-414,2005,6.0
5600,840-14-414,2011,
5600,840-14-415,1998,
5600,840-14-415,2010,-2.0
5600,840-14-415,2011,2.0
5600,840-14-415,2015,3.0
5600,840-14-415,2021,-4.0
5600,840-14-417,1997,-12.0
5600,840-14-417,1998,-14.0
5600,840-14-417,2005,1.0
5600,840-14-417,2015,-4.0
5600,840-14-417,2021,-3.0
5600,840-14-418,1998,0.0
5600,840-14-418,1999,
5600,840-14-418,2009,
5600,840-14-418,2015,0.0
5600,840-14-418,2021,-1.0
5600,840-14-419,1998,-3.0
5600,840-14-419,2005,-1.0
5600,840-14-419,2011,-3.0
5600,840-14-419,2021,
5600,840-14-420,1998,
5600,840-14-420,2005,0.0
5600,840-14-420,2011,
5600,840-14-421,1998,-1.0
5600,840-14-421,2005,0.0
5600,840-14-421,2013,0.0
5600,840-14-421,2016,
5600,840-14-422,2009,
5600,840-14-422,2011,1.0
5600,840-14-422,2015,
5600,840-14-422,2021,
5600,840-14-423,1998,5.0
5600,840-14-423,2005,-8.0
5600,840-14-423,2009,-2.0
5600,840-14-423,2015,1.0
5600,840-14-423,2016,6.0
5600,840-14-426,1997,7.0
5600,840-14-426,1998,8.0
5600,840-14-426,2021,-3.0
5600,840-14-434,2005,1.0
5600,840-14-434,2009,-1.0
5600,840-14-434,2011,0.0
5600,840-14-434,2015,
5600,840-14-435,1998,
5600,840-14-435,2012,1.0
5600,840-14-435,2015,-10.0
5600,840-14-435,2021,-3.0
5600,840-14-436,2009,0.0
5600,840-14-436,2010,-1.0
5600,840-14-436,2011,0.0
5600,840-14-436,2012,
5600,840-14-436,2015,-1.0
5600,840-14-6,2000,-2.0
5600,840-14-6,2005,
5600,840-14-6,2010,2.0
5600,840-14-6,2011,-2.0
5600,840-14-6,2012,-1.0
5600,840-14-6,2015,1.0
5600,840-14-6,2021,1.0
5600,840-14-71,1997,
5600,840-14-71,1999,0.0
5600,840-14-71,2002,0.0
5600,840-14-71,2007,1.0
5600,840-14-71,2008,2.0
5600,840-14-71,2011,-2.0
5600,840-14-71,2015,
5600,840-14-78,2012,0.0
5600,840-14-78,2021,-4.0
5600,840-14-79,2021,
5600,840-14-82,1998,0.0
5600,840-14-82,2005,4.0
5600,840-14-82,2011,0.0
5600,840-14-82,2015,3.0
5600,840-14-82,2021,1.0
5600,840-14-9,1997,
5600,840-14-9,2005,-2.0
5600,840-14-9,2012,0.0
5600,840-14-9,2015,1.0
5600,840-14-9,2021,-19.0
5600,840-14-95,1997,
5600,840-14-95,2015,-3.0
5600,840-14-96,2005,
5600,840-14-98,1998,-1.0
5600,840-14-98,2001,1.0
5600,840-14-98,2005,-3.0
5600,840-14-98,2011,3.0
5600,840-14-98,2015,0.0
5600,840-14-98,2021,-3.0
5600,840-14-98,2022,0.0
5600,840-17-1,1998,-2.0
5600,840-17-1,1999,-1.0
5600,840-17-1,2002,1.0
5600,840-17-1,2006,
5600,840-17-1,2012,
5600,840-17-1,2021,1.0
5600,840-17-10,2005,1.0
5600,840-17-10,2009,2.0
5600,840-17-10,2013,-1.0
5600,840-17-10,2016,0.0
5600,840-17-10,2018,0.0
5600,840-17-10,2021,-3.0
5600,840-17-11,1998,5.0
5600,840-17-11,1999,-1.0
5600,840-17-11,2002,3.0
5600,840-17-11,2003,14.0
5600,840-17-11,2006,1.0
5600,840-17-11,2009,8.0
5600,840-17-11,2012,-9.0
5600,840-17-11,2018,-1.0
5600,840-17-12,2001,
5600,840-17-15,1997,
5600,840-17-15,2002,-1.0
5600,840-17-15,2009,
5600,840-17-15,2012,0.0
5600,840-17-153,2018,
5600,840-17-154,1998,-9.0
5600,840-17-154,1999,-2.0
5600,840-17-154,2006,-5.0
5600,840-17-154,2009,
5600,840-17-154,2012,-1.0
5600,840-17-154,2016,
5600,840-17-154,2018,2.0
5600,840-17-16,1998,4.0
5600,840-17-16,2002,8.0
5600,840-17-16,2005,5.0
5600,840-17-16,2006,0.0
5600,840-17-16,2012,
5600,840-17-17,1998,2.0
5600,840-17-17,1999,-4.0
5600,840-17-17,2009,
5600,840-17-17,2012,
5600,840-17-17,2016,0.0
5600,840-17-17,2018,
5600,840-17-2,2012,
5600,840-17-202,2005,
5600,840-17-202,2009,1.0
5600,840-17-202,2018,-3.0
5600,840-17-202,2021,
5600,840-17-203,1998,-1.0
5600,840-17-203,2002,
5600,840-17-203,2005,20.0
5600,840-17-203,2009,5.0
5600,840-17-203,2012,-13.0
5600,840-17-203,2016,
5600,840-17-203,2018,-5.0
5600,840-17-204,1998,
5600,840-17-204,2002,-18.0
5600,840-17-204,2003,4.0
5600,840-17-204,2005,2.0
5600,840-17-204,2012,0.0
5600,840-17-204,2016,-1.0
5600,840-17-204,2021,-8.0
5600,840-17-208,1998,3.0
5600,840-17-208,1999,-7.0
5600,840-17-208,2002,-6.0
5600,840-17-208,2009,-14.0
5600,840-17-208,2012,-10.0
5600,840-17-208,2018,-9.0
5600,840-17-208,2021,7.0
5600,840-17-209,1998,4.0
5600,840-17-209,2002,2.0
5600,840-17-209,2005,27.0
5600,840-17-209,2009,3.0
5600,840-17-209,2012,-2.0
5600,840-17-209,2013,5.0
5600,840-17-211,2002,
5600,840-17-211,2009,
5600,840-17-211,2018,0.0
5600,840-17-215,1998,-14.0
5600,840-17-215,1999,29.0
5600,840-17-215,2002,
5600,840-17-215,2013,15.0
5600,840-17-215,2021,-2.0
5600,840-17-216,1999,
5600,840-17-216,2002,
5600,840-17-217,2002,
5600,840-17-217,2009,2.0
5600,840-17-217,2018,3.0
5600,840-17-218,1998,-3.0
5600,840-17-218,1999,0.0
5600,840-17-218,2002,-1.0
5600,840-17-218,2003,6.0
5600,840-17-218,2006,2.0
5600,840-17-218,2009,-4.0
5600,840-17-218,2012,
5600,840-17-218,2018,14.0
5600,840-17-222,1998,0.0
5600,840-17-222,1999,-5.0
5600,840-17-222,2002,3.0
5600,840-17-222,2005,3.0
5600,840-17-222,2006,5.0
5600,840-17-222,2013,-2.0
5600,840-17-222,2018,1.0
5600,840-17-223,1999,-1.0
5600,840-17-223,2002,
5600,840-17-223,2009,-3.0
5600,840-17-223,2012,0.0
5600,840-17-223,2013,3.0
5600,840-17-23,1998,
5600,840-17-23,2002,0.0
5600,840-17-23,2009,0.0
5600,840-17-23,2012,-3.0
5600,840-17-23,2016,1.0
5600,840-17-3,1999,
5600,840-17-3,2002,
5600,840-17-3,2009,1.0
5600,840-17-301,1998,-1.0
5600,840-17-301,1999,1.0
5600,840-17-301,2002,1.0
5600,840-17-301,2005,1.0
5600,840-17-301,2006,-3.0
5600,840-17-301,2009,
5600,840-17-301,2012,2.0
5600,840-17-301,2013,-2.0
5600,840-17-301,2018,0.0
5600,840-17-303,1999,5.0
5600,840-17-303,2002,
5600,840-17-303,2005,-2.0
5600,840-17-303,2011,
5600,840-17-303,2013,4.0
5600,840-17-303,2018,
5600,840-17-304,1998,5.0
5600,840-17-304,1999,-3.0
5600,840-17-304,2002,1.0
5600,840-17-304,2003,1.0
5600,840-17-304,2006,0.0
5600,840-17-304,2009,1.0
5600,840-17-304,2016,-3.0
5600,840-17-304,2018,
5600,840-17-304,2021,-2.0
5600,840-17-308,1998,-2.0
5600,840-17-308,2002,-4.0
5600,840-17-308,2005,-2.0
5600,840-17-308,2006,6.0
5600,840-17-308,2009,-2.0
5600,840-17-308,2013,
5600,840-17-308,2016,
5600,840-17-309,1998,3.0
5600,840-17-309,2002,2.0
5600,840-17-309,2009,3.0
5600,840-17-309,2012,-4.0
5600,840-17-31,1998,-1.0
5600,840-17-31,2005,
5600,840-17-31,2009,-3.0
5600,840-17-31,2012,-3.0
5600,840-17-31,2013,2.0
5600,840-17-31,2016,-1.0
5600,840-17-31,2018,6.0
5600,840-17-31,2021,2.0
5600,840-17-315,1998,-2.0
5600,840-17-315,1999,-4.0
5600,840-17-315,2002,0.0
5600,840-17-315,2005,1.0
5600,840-17-315,2009,
5600,840-17-315,2012,-1.0
5600,840-17-315,2013,-1.0
5600,840-17-315,2018,-4.0
5600,840-17-315,2021,1.0
5600,840-17-316,1998,
5600,840-17-316,2002,-1.0
5600,840-17-316,2005,0.0
5600,840-17-316,2016,0.0
5600,840-17-317,1998,2.0
5600,840-17-317,1999,-3.0
5600,840-17-317,2002,-1.0
5600,840-17-317,2012,-1.0
5600,840-17-318,1998,1.0
5600,840-17-318,1999,1.0
5600,840-17-318,2002,0.0
5600,840-17-318,2003,
5600,840-17-318,2009,0.0
5600,840-17-318,2012,-2.0
5600,840-17-318,2018,-3.0
5600,840-17-32,1998,-2.0
5600,840-17-32,2005,-2.0
5600,840-17-32,2006,0.0
5600,840-17-32,2009,0.0
5600,840-17-32,2016,-2.0
5600,840-17-32,2018,1.0
5600,840-17-32,2021,
5600,840-17-322,1998,23.0
5600,840-17-322,1999,-21.0
5600,840-17-322,2002,5.0
5600,840-17-322,2005,6.0
5600,840-17-322,2009,3.0
5600,840-17-322,2012,-11.0
5600,840-17-322,2013,5.0
5600,840-17-322,2016,
5600,840-17-322,2018,1.0
5600,840-17-322,2021,5.0
5600,840-17-326,2002,-14.0
5600,840-17-326,2003,
5600,840-17-326,2012,-2.0
5600,840-17-326,2018,-7.0
5600,840-17-34,2002,5.0
5600,840-17-34,2003,
5600,840-17-34,2005,
5600,840-17-34,2012,0.0
5600,840-17-34,2013,1.0
5600,840-17-351,1998,-6.0
5600,840-17-351,2002,-2.0
5600,840-17-351,2005,4.0
5600,840-17-351,2009,9.0
5600,840-17-351,2012,
5600,840-17-351,2021,1.0
5600,840-17-352,1998,0.0
5600,840-17-352,2013,2.0
5600,840-17-352,2016,1.0
5600,840-17-352,2018,0.0
5600,840-17-359,1998,-6.0
5600,840-17-359,1999,1.0
5600,840-17-359,2002,-5.0
5600,840-17-359,2005,-2.0
5600,840-17-359,2009,
5600,840-17-359,2012,-2.0
5600,840-17-359,2021,
5600,840-17-362,1998,-20.0
5600,840-17-362,1999,8.0
5600,840-17-362,2002,5.0
5600,840-17-362,2003,-5.0
5600,840-17-362,2004,5.0
5600,840-17-362,2006,17.0
5600,840-17-362,2012,-3.0
5600,840-17-362,2018,8.0
5600,840-17-365,1999,
5600,840-17-365,2002,1.0
5600,840-17-365,2009,
5600,840-17-365,2012,-4.0
5600,840-17-365,2016,1.0
5600,840-17-365,2021,0.0
5600,840-17-366,1998,3.0
5600,840-17-366,1999,-6.0
5600,840-17-366,2012,5.0
5600,840-17-366,2013,
5600,840-17-366,2021,4.0
5600,840-17-367,1998,8.0
5600,840-17-367,1999,6.0
5600,840-17-367,2002,-15.0
5600,840-17-367,2005,0.0
5600,840-17-367,2009,-4.0
5600,840-17-367,2012,2.0
5600,840-17-367,2018,
5600,840-17-367,2021,2.0
5600,840-17-368,1999,-8.0
5600,840-17-368,2002,5.0
5600,840-17-368,2003,
5600,840-17-368,2009,6.0
5600,840-17-368,2012,6.0
5600,840-17-368,2018,
5600,840-17-372,1998,-26.0
5600,840-17-372,1999,8.0
5600,840-17-372,2002,-2.0
5600,840-17-372,2005,-2.0
5600,840-17-372,2009,8.0
5600,840-17-372,2012,-14.0
5600,840-17-372,2013,8.0
5600,840-17-372,2016,-13.0
5600,840-17-372,2021,-3.0
5600,840-17-373,2002,4.0
5600,840-17-373,2009,-2.0
5600,840-17-373,2012,
5600,840-17-373,2018,0.0
5600,840-17-373,2021,3.0
5600,840-17-375,1998,1.0
5600,840-17-375,1999,-5.0
5600,840-17-375,2002,14.0
5600,840-17-375,2003,
5600,840-17-375,2018,-4.0
5600,840-17-39,1999,
5600,840-17-39,2002,9.0
5600,840-17-39,2005,-3.0
5600,840-17-39,2009,2.0
5600,840-17-39,2012,-4.0
5600,840-17-40,1998,0.0
5600,840-17-40,2016,0.0
5600,840-17-41,2009,-6.0
5600,840-17-41,2012,0.0
5600,840-17-41,2018,-4.0
5600,840-17-410,2009,4.0
5600,840-17-410,2012,7.0
5600,840-17-410,2018,2.0
5600,840-17-410,2021,
5600,840-17-45,1998,
5600,840-17-45,2009,-3.0
5600,840-17-45,2012,-3.0
5600,840-17-45,2017,-3.0
5600,840-17-45,2018,0.0
5600,840-17-45,2021,-5.0
5600,840-17-46,2005,
5600,840-17-46,2009,1.0
5600,840-17-46,2012,
5600,840-17-46,2018,0.0
5600,840-17-46,2021,-3.0
5600,840-17-48,1998,4.0
5600,840-17-48,1999,7.0
5600,840-17-48,2006,1.0
5600,840-17-48,2009,
5600,840-17-48,2016,7.0
5600,840-17-48,2018,-4.0
5600,840-17-48,2021,0.0
5600,840-17-52,1998,-10.0
5600,840-17-52,1999,19.0
5600,840-17-52,2002,15.0
5600,840-17-52,2005,-2.0
5600,840-17-52,2009,6.0
5600,840-17-52,2012,4.0
5600,840-17-52,2013,2.0
5600,840-17-52,2016,6.0
5600,840-17-52,2018,13.0
5600,840-17-52,2021,-8.0
5600,840-17-57,2002,
5600,840-17-57,2007,
5600,840-17-57,2013,
5600,840-17-8,1998,1.0
5600,840-17-8,2002,-8.0
5600,840-17-8,2009,-4.0
5600,840-17-8,2016,1.0
5600,840-17-8,2017,8.0
5600,840-17-8,2018,-3.0
5600,840-17-9,1998,-3.0
5600,840-17-9,2002,-3.0
5600,840-17-9,2005,2.0
5600,840-17-9,2006,-1.0
5600,840-17-9,2009,-2.0
5600,840-17-9,2013,1.0
5600,840-18-1,1998,-4.0
5600,840-18-1,1999,2.0
5600,840-18-1,2001,20.0
5600,840-18-1,2009,-7.0
5600,840-18-1,2010,
5600,840-18-1,2021,-18.0
5600,840-18-102,1998,7.0
5600,840-18-102,1999,-14.0
5600,840-18-102,2001,5.0
5600,840-18-102,2003,15.0
5600,840-18-102,2005,-14.0
5600,840-18-102,2008,-1.0
5600,840-18-102,2009,10.0
5600,840-18-102,2010,-20.0
5600,840-18-102,2021,0.0
5600,840-18-11,2005,-3.0
5600,840-18-11,2009,-8.0
5600,840-18-11,2010,18.0
5600,840-18-11,2021,-2.0
5600,840-18-14,2005,6.0
5600,840-18-14,2008,-18.0
5600,840-18-14,2009,5.0
5600,840-18-14,2010,-11.0
5600,840-18-14,2021,
5600,840-18-15,1998,16.0
5600,840-18-15,1999,
5600,840-18-15,2005,-10.0
5600,840-18-15,2009,14.0
5600,840-18-15,2010,-21.0
5600,840-18-15,2021,-8.0
5600,840-18-3,1998,-4.0
5600,840-18-3,1999,0.0
5600,840-18-3,2001,-10.0
5600,840-18-3,2003,2.0
5600,840-18-3,2008,-5.0
5600,840-18-3,2009,6.0
5600,840-18-3,2010,-16.0
5600,840-18-3,2021,-8.0
5600,840-18-4,1998,5.0
5600,840-18-4,1999,-3.0
5600,840-18-4,2003,
5600,840-18-4,2008,
5600,840-18-4,2010,-2.0
5600,840-18-4,2021,
5600,840-18-7,1998,11.0
5600,840-18-7,1999,-14.0
5600,840-18-7,2001,14.0
5600,840-18-7,2003,
5600,840-18-7,2005,2.0
5600,840-18-8,1998,2.0
5600,840-18-8,1999,-8.0
5600,840-18-8,2001,-3.0
5600,840-18-8,2003,-26.0
5600,840-18-8,2005,10.0
5600,840-18-8,2008,
5600,840-18-8,2021,1.0
5600,840-18-9,1998,-7.0
5600,840-18-9,1999,2.0
5600,840-18-9,2003,-1.0
5600,840-18-9,2005,-6.0
5600,840-18-9,2008,-6.0
5600,840-18-9,2009,11.0
5600,840-18-9,2010,5.0
5600,840-2-1,1997,4.0
5600,840-2-1,2001,4.0
5600,840-2-1,2003,1.0
5600,840-2-1,2007,-5.0
5600,840-2-1,2010,4.0
5600,840-2-1,2011,0.0
5600,840-2-1,2022,8.0
5600,840-2-10,1997,9.0
5600,840-2-10,2001,0.0
5600,840-2-10,2003,
5600,840-2-10,2007,-4.0
5600,840-2-10,2011,-1.0
5600,840-2-10,2017,10.0
5600,840-2-10,2022,-4.0
5600,840-2-102,1997,10.0
5600,840-2-102,1998,-13.0
5600,840-2-102,2001,14.0
5600,840-2-102,2003,13.0
5600,840-2-102,2011,9.0
5600,840-2-102,2016,
5600,840-2-102,2022,-11.0
5600,840-2-105,1997,
5600,840-2-105,2001,-5.0
5600,840-2-105,2003,-3.0
5600,840-2-105,2007,-6.0
5600,840-2-105,2010,-3.0
5600,840-2-105,2011,3.0
5600,840-2-105,2016,9.0
5600,840-2-105,2017,-8.0
5600,840-2-105,2022,-3.0
5600,840-2-109,2001,3.0
5600,840-2-109,2003,-7.0
5600,840-2-109,2007,-4.0
5600,840-2-109,2010,-8.0
5600,840-2-109,2011,1.0
5600,840-2-109,2016,5.0
5600,840-2-109,2017,-3.0
5600,840-2-109,2022,-3.0
5600,840-2-111,2001,15.0
5600,840-2-111,2003,48.0
5600,840-2-111,2007,-6.0
5600,840-2-111,2011,-7.0
5600,840-2-111,2017,13.0
5600,840-2-111,2022,-1.0
5600,840-2-12,2001,
5600,840-2-12,2010,
5600,840-2-12,2016,-4.0
5600,840-2-12,2017,1.0
5600,840-2-12,2022,2.0
5600,840-2-13,1997,-4.0
5600,840-2-13,1998,11.0
5600,840-2-13,2001,8.0
5600,840-2-13,2003,
5600,840-2-13,2016,-4.0
5600,840-2-13,2022,-1.0
5600,840-2-14,1997,-9.0
5600,840-2-14,1998,1.0
5600,840-2-14,2001,-5.0
5600,840-2-14,2003,6.0
5600,840-2-14,2010,-9.0
5600,840-2-14,2011,-1.0
5600,840-2-14,2017,-8.0
5600,840-2-15,1997,11.0
5600,840-2-15,1998,0.0
5600,840-2-15,2000,-5.0
5600,840-2-15,2001,20.0
5600,840-2-15,2003,
5600,840-2-15,2012,13.0
5600,840-2-15,2018,9.0
5600,840-2-156,2001,-3.0
5600,840-2-156,2003,1.0
5600,840-2-156,2007,1.0
5600,840-2-156,2010,-2.0
5600,840-2-156,2011,-1.0
5600,840-2-156,2017,-1.0
5600,840-2-156,2022,1.0
5600,840-2-16,2003,15.0
5600,840-2-16,2010,-5.0
5600,840-2-16,2011,8.0
5600,840-2-16,2017,1.0
5600,840-2-162,2001,-10.0
5600,840-2-162,2003,2.0
5600,840-2-162,2007,4.0
5600,840-2-162,2011,1.0
5600,840-2-162,2016,
5600,840-2-162,2022,
5600,840-2-164,2003,1.0
5600,840-2-164,2007,-2.0
5600,840-2-164,2011,-5.0
5600,840-2-164,2022,-10.0
5600,840-2-17,1997,-1.0
5600,840-2-17,2001,2.0
5600,840-2-17,2003,1.0
5600,840-2-17,2007,-5.0
5600,840-2-17,2010,
5600,840-2-17,2017,-2.0
5600,840-2-19,1997,-2.0
5600,840-2-19,1998,1.0
5600,840-2-19,2001,2.0
5600,840-2-19,2003,0.0
5600,840-2-19,2007,1.0
5600,840-2-19,2010,0.0
5600,840-2-19,2011,
5600,840-2-19,2017,-3.0
5600,840-2-19,2022,
5600,840-2-20,1998,-3.0
5600,840-2-20,2001,4.0
5600,840-2-20,2003,-2.0
5600,840-2-20,2017,4.0
5600,840-2-20,2022,-2.0
5600,840-2-201,1997,-2.0
5600,840-2-201,1998,0.0
5600,840-2-201,2001,8.0
5600,840-2-201,2003,1.0
5600,840-2-201,2007,3.0
5600,840-2-201,2018,-3.0
5600,840-2-201,2022,-4.0
5600,840-2-204,2001,2.0
5600,840-2-204,2003,6.0
5600,840-2-204,2007,-11.0
5600,840-2-204,2010,3.0
5600,840-2-204,2016,4.0
5600,840-2-204,2017,4.0
5600,840-2-205,1998,2.0
5600,840-2-205,2001,-1.0
5600,840-2-205,2003,-4.0
5600,840-2-205,2007,3.0
5600,840-2-205,2010,
5600,840-2-205,2017,1.0
5600,840-2-205,2022,
5600,840-2-207,1997,-3.0
5600,840-2-207,2001,2.0
5600,840-2-207,2003,11.0
5600,840-2-207,2007,0.0
5600,840-2-207,2010,4.0
5600,840-2-207,2011,-3.0
5600,840-2-208,2007,
5600,840-2-208,2011,
5600,840-2-208,2017,5.0
5600,840-2-209,2001,
5600,840-2-209,2007,1.0
5600,840-2-209,2011,2.0
5600,840-2-209,2017,
5600,840-2-209,2022,0.0
5600,840-2-21,2005,
5600,840-2-21,2007,1.0
5600,840-2-211,2003,-1.0
5600,840-2-211,2007,
5600,840-2-212,1997,4.0
5600,840-2-212,1998,-1.0
5600,840-2-212,2001,4.0
5600,840-2-212,2003,10.0
5600,840-2-212,2011,-5.0
5600,840-2-212,2017,
5600,840-2-215,1997,
5600,840-2-215,2010,
5600,840-2-215,2017,-6.0
5600,840-2-215,2022,12.0
5600,840-2-216,1998,4.0
5600,840-2-216,2017,0.0
5600,840-2-216,2022,2.0
5600,840-2-23,1998,2.0
5600,840-2-23,2001,-1.0
5600,840-2-23,2003,1.0
5600,840-2-23,2017,
5600,840-2-23,2022,-1.0
5600,840-2-24,1998,-4.0
5600,840-2-24,1999,0.0
5600,840-2-24,2001,7.0
5600,840-2-24,2003,6.0
5600,840-2-24,2007,-3.0
5600,840-2-24,2010,-4.0
5600,840-2-24,2011,-1.0
5600,840-2-24,2017,-2.0
5600,840-2-24,2022,2.0
5600,840-2-25,1997,-4.0
5600,840-2-25,1998,
5600,840-2-25,2001,1.0
5600,840-2-25,2003,-5.0
5600,840-2-25,2007,14.0
5600,840-2-25,2010,6.0
5600,840-2-25,2011,1.0
5600,840-2-25,2017,
5600,840-2-25,2022,
5600,840-2-26,1998,-9.0
5600,840-2-26,2001,1.0
5600,840-2-26,2003,-4.0
5600,840-2-26,2010,0.0
5600,840-2-26,2011,0.0
5600,840-2-26,2017,
5600,840-2-27,2001,0.0
5600,840-2-27,2003,7.0
5600,840-2-27,2007,3.0
5600,840-2-27,2011,
5600,840-2-27,2017,-5.0
5600,840-2-27,2022,0.0
5600,840-2-28,1997,-2.0
5600,840-2-28,2003,
5600,840-2-28,2011,
5600,840-2-28,2017,5.0
5600,840-2-28,2022,5.0
5600,840-2-29,1997,-3.0
5600,840-2-29,1998,-2.0
5600,840-2-29,2001,1.0
5600,840-2-29,2003,2.0
5600,840-2-29,2011,-5.0
5600,840-2-29,2017,1.0
5600,840-2-29,2022,1.0
5600,840-2-33,2022,1.0
5600,840-2-35,2022,
5600,840-2-36,1997,
5600,840-2-4,1998,10.0
5600,840-2-4,2001,3.0
5600,840-2-4,2003,1.0
5600,840-2-4,2010,0.0
5600,840-2-4,2011,-3.0
5600,840-2-4,2016,1.0
5600,840-2-4,2017,10.0
5600,840-2-4,2022,-8.0
5600,840-2-43,1997,-2.0
5600,840-2-43,1998,3.0
5600,840-2-43,2001,-5.0
5600,840-2-43,2003,1.0
5600,840-2-43,2007,-1.0
5600,840-2-43,2010,-3.0
5600,840-2-43,2011,3.0
5600,840-2-43,2017,3.0
5600,840-2-45,1997,3.0
5600,840-2-45,1998,3.0
5600,840-2-45,2001,1.0
5600,840-2-45,2003,0.0
5600,840-2-45,2007,4.0
5600,840-2-45,2010,3.0
5600,840-2-45,2011,0.0
5600,840-2-47,1998,3.0
5600,840-2-47,2003,0.0
5600,840-2-47,2007,2.0
5600,840-2-47,2010,-2.0
5600,840-2-47,2011,-1.0
5600,840-2-47,2017,
5600,840-2-47,2021,0.0
5600,840-2-47,2022,2.0
5600,840-2-48,1997,
5600,840-2-48,2003,0.0
5600,840-2-48,2007,
5600,840-2-48,2011,
5600,840-2-49,2017,
5600,840-2-50,1997,0.0
5600,840-2-50,1998,0.0
5600,840-2-50,2007,2.0
5600,840-2-50,2011,-1.0
5600,840-2-50,2017,1.0
5600,840-2-50,2022,0.0
5600,840-2-53,2001,
5600,840-2-54,1998,
5600,840-2-54,2001,9.0
5600,840-2-55,2001,0.0
5600,840-2-55,2003,1.0
5600,840-2-55,2011,
5600,840-2-55,2017,3.0
5600,840-2-55,2022,9.0
5600,840-2-57,1997,2.0
5600,840-2-57,1998,-2.0
5600,840-2-57,2001,-1.0
5600,840-2-57,2003,-3.0
5600,840-2-57,2007,0.0
5600,840-2-57,2010,0.0
5600,840-2-57,2011,2.0
5600,840-2-58,1997,6.0
5600,840-2-58,2001,-2.0
5600,840-2-58,2003,4.0
5600,840-2-58,2007,
5600,840-2-58,2011,-14.0
5600,840-2-58,2016,-2.0
5600,840-2-58,2022,-5.0
5600,840-2-59,1997,-1.0
5600,840-2-59,1998,1.0
5600,840-2-59,2001,1.0
5600,840-2-59,2003,1.0
5600,840-2-59,2007,
5600,840-2-59,2010,-3.0
5600,840-2-59,2011,1.0
5600,840-2-60,1997,2.0
5600,840-2-60,1998,-5.0
5600,840-2-60,2001,-1.0
5600,840-2-60,2003,0.0
5600,840-2-60,2007,0.0
5600,840-2-60,2010,-5.0
5600,840-2-60,2011,2.0
5600,840-2-60,2017,2.0
5600,840-2-61,1997,8.0
5600,840-2-61,2001,-10.0
5600,840-2-61,2003,6.0
5600,840-2-61,2007,3.0
5600,840-2-61,2010,7.0
5600,840-2-61,2011,-13.0
5600,840-2-61,2017,6.0
5600,840-2-63,2017,0.0
5600,840-2-63,2022,2.0
5600,840-2-65,1997,
5600,840-2-65,2007,1.0
5600,840-2-65,2022,-1.0
5600,840-2-67,2022,
5600,840-2-7,1997,
5600,840-2-7,2010,6.0
5600,840-2-7,2016,5.0
5600,840-2-7,2017,-4.0
5600,840-2-71,2001,-2.0
5600,840-2-71,2007,-2.0
5600,840-2-71,2010,
5600,840-2-71,2022,6.0
5600,840-2-72,1997,-3.0
5600,840-2-72,2001,-10.0
5600,840-2-72,2003,-4.0
5600,840-2-72,2007,-3.0
5600,840-2-72,2010,-6.0
5600,840-2-72,2016,4.0
5600,840-2-73,1997,
5600,840-2-73,2007,19.0
5600,840-2-73,2010,-16.0
5600,840-2-73,2016,-12.0
5600,840-2-73,2017,-2.0
5600,840-2-8,1997,
5600,840-2-8,2001,
5600,840-2-8,2003,0.0
5600,840-2-8,2007,5.0
5600,840-2-8,2008,-3.0
5600,840-2-8,2016,8.0
5600,840-2-8,2018,5.0
5600,840-21-1,1997,3.0
5600,840-21-1,1998,-1.0
5600,840-21-1,2003,8.0
5600,840-21-1,2008,1.0
5600,840-21-1,2009,7.0
5600,840-21-1,2010,2.0
5600,840-21-1,2011,1.0
5600,840-21-10,1998,2.0
5600,840-21-10,1999,1.0
5600,840-21-10,2008,1.0
5600,840-21-10,2009,-4.0
5600,840-21-10,2010,-6.0
5600,840-21-10,2011,11.0
5600,840-21-105,1997,-1.0
5600,840-21-105,1998,5.0
5600,840-21-105,2003,0.0
5600,840-21-105,2008,5.0
5600,840-21-105,2009,-11.0
5600,840-21-105,2010,-3.0
5600,840-21-105,2011,-3.0
5600,840-21-109,1997,-11.0
5600,840-21-109,1998,8.0
5600,840-21-109,2003,2.0
5600,840-21-109,2009,1.0
5600,840-21-109,2010,3.0
5600,840-21-109,2011,-2.0
5600,840-21-2,1998,1.0
5600,840-21-2,2003,-1.0
5600,840-21-2,2008,-1.0
5600,840-21-2,2009,-3.0
5600,840-21-2,2010,-2.0
5600,840-21-3,1997,-3.0
5600,840-21-3,1998,1.0
5600,840-21-3,2003,9.0
5600,840-21-3,2008,4.0
5600,840-21-3,2009,-1.0
5600,840-21-3,2010,7.0
5600,840-21-3,2011,-12.0
5600,840-21-4,1997,1.0
5600,840-21-4,1998,-1.0
5600,840-21-4,2003,3.0
5600,840-21-4,2010,-4.0
5600,840-21-4,2011,3.0
6810,124-11-10,1999,
6810,124-11-10,2001,-8.0
6810,124-11-10,2004,6.0
6810,124-11-10,2006,6.0
6810,124-11-10,2012,
6810,124-11-126,1998,
6810,124-11-126,2001,-11.0
6810,124-11-126,2004,-4.0
6810,124-11-126,2007,1.0
6810,124-11-126,2008,-6.0
6810,124-11-126,2009,3.0
6810,124-11-126,2010,0.0
6810,124-11-126,2011,3.0
6810,124-11-126,2012,-4.0
6810,124-11-126,2015,-2.0
6810,124-11-136,2004,-1.0
6810,124-11-136,2008,-2.0
6810,124-11-136,2010,1.0
6810,124-11-137,1997,0.0
6810,124-11-137,1998,2.0
6810,124-11-137,2010,
6810,124-11-137,2014,-2.0
6810,124-11-167,2001,-3.0
6810,124-11-167,2004,1.0
6810,124-11-167,2010,2.0
6810,124-11-167,2012,
6810,124-11-17,1999,3.0
6810,124-11-17,2000,
6810,124-11-17,2014,0.0
6810,124-11-17,2015,
6810,124-11-17,2021,-1.0
6810,124-11-19,1999,0.0
6810,124-11-19,2001,
6810,124-11-19,2006,
6810,124-11-19,2011,
6810,124-11-19,2015,0.0
6810,124-11-220,1999,-1.0
6810,124-11-220,2001,
6810,124-11-220,2004,
6810,124-11-220,2006,-1.0
6810,124-11-222,1999,
6810,124-11-222,2001,0.0
6810,124-11-222,2004,
6810,124-11-222,2015,2.0
6810,124-11-223,1999,-6.0
6810,124-11-223,2004,1.0
6810,124-11-223,2011,0.0
6810,124-11-223,2015,
6810,124-11-234,2001,-9.0
6810,124-11-234,2002,
6810,124-11-234,2004,10.0
6810,124-11-234,2012,9.0
6810,124-11-234,2015,
6810,124-11-234,2021,7.0
6810,124-11-244,1999,-6.0
6810,124-11-244,2001,-3.0
6810,124-11-244,2002,-2.0
6810,124-11-244,2004,4.0
6810,124-11-244,2008,4.0
6810,124-11-244,2012,-7.0
6810,124-11-244,2015,-1.0
6810,124-11-244,2021,4.0
6810,124-11-255,1998,0.0
6810,124-11-255,1999,-2.0
6810,124-11-255,2001,-2.0
6810,124-11-255,2004,2.0
6810,124-11-255,2006,0.0
6810,124-11-255,2008,0.0
6810,124-11-255,2012,0.0
6810,124-11-255,2021,-10.0
6810,124-11-265,1999,
6810,124-11-265,2004,0.0
6810,124-11-265,2008,-7.0
6810,124-11-265,2012,1.0
6810,124-11-265,2021,-3.0
6810,124-11-270,1998,-1.0
6810,124-11-270,2004,
6810,124-11-270,2008,1.0
6810,124-11-270,2012,2.0
6810,124-11-270,2021,1.0
6810,124-11-29,1999,-4.0
6810,124-11-29,2001,13.0
6810,124-11-29,2006,-9.0
6810,124-11-29,2012,-13.0
6810,124-11-29,2015,-2.0
6810,124-11-3,2006,-1.0
6810,124-11-3,2011,1.0
6810,124-11-3,2012,
6810,124-11-3,2015,2.0
6810,124-11-33,1999,-1.0
6810,124-11-33,2001,1.0
6810,124-11-33,2002,-1.0
6810,124-11-33,2003,-1.0
6810,124-11-33,2004,0.0
6810,124-11-33,2006,1.0
6810,124-11-33,2012,-1.0
6810,124-11-332,2008,1.0
6810,124-11-332,2013,4.0
6810,124-11-332,2014,-6.0
6810,124-11-332,2021,
6810,124-11-401,2004,
6810,124-11-401,2008,0.0
6810,124-11-401,2012,0.0
6810,124-11-401,2015,0.0
6810,124-11-402,2001,
6810,124-11-402,2021,
6810,124-11-409,2001,0.0
6810,124-11-409,2004,0.0
6810,124-11-409,2012,
6810,124-11-409,2015,-2.0
6810,124-11-410,2016,
6810,124-11-413,1998,
6810,124-11-413,2004,-3.0
6810,124-11-413,2007,0.0
6810,124-11-413,2008,
6810,124-11-413,2010,
6810,124-11-419,1999,
6810,124-11-419,2012,
6810,124-11-419,2021,
6810,124-11-420,1999,-3.0
6810,124-11-420,2001,-1.0
6810,124-11-420,2002,1.0
6810,124-11-420,2004,-3.0
6810,124-11-420,2006,0.0
6810,124-11-420,2012,
6810,124-11-420,2015,3.0
6810,124-11-45,1999,-1.0
6810,124-11-45,2001,-1.0
6810,124-11-45,2002,-1.0
6810,124-11-45,2003,1.0
6810,124-11-45,2004,0.0
6810,124-11-45,2006,0.0
6810,124-11-45,2012,-2.0
6810,124-11-45,2015,-6.0
6810,124-11-53,1999,
6810,124-11-53,2001,
6810,124-11-53,2004,-1.0
6810,124-11-53,2006,1.0
6810,124-11-53,2015,
6810,124-11-55,1999,1.0
6810,124-11-55,2001,0.0
6810,124-11-55,2015,1.0
6810,124-11-55,2021,2.0
6810,124-11-57,2001,
6810,124-11-57,2004,-3.0
6810,124-11-57,2008,0.0
6810,124-11-58,1999,0.0
6810,124-11-58,2017,
6810,124-11-6,2011,0.0
6810,124-11-6,2012,2.0
6810,124-11-6,2015,0.0
6810,124-11-608,2001,
6810,124-11-608,2004,
6810,124-11-612,2004,
6810,124-11-612,2008,
6810,124-11-612,2010,-1.0
6810,124-11-612,2011,-1.0
6810,124-11-612,2012,3.0
6810,124-11-612,2015,
6810,124-11-612,2021,2.0
6810,124-11-613,2001,2.0
6810,124-11-613,2004,0.0
6810,124-11-613,2015,3.0
6810,124-11-613,2021,0.0
6810,124-11-614,2010,0.0
6810,124-11-614,2011,
6810,124-11-614,2015,
6810,124-11-69,1998,0.0
6810,124-11-69,1999,-5.0
6810,124-11-69,2001,3.0
6810,124-11-69,2004,
6810,124-11-69,2008,-1.0
6810,124-11-69,2012,
6810,124-11-709,1999,
6810,124-11-709,2001,-3.0
6810,124-11-709,2003,-3.0
6810,124-11-709,2004,0.0
6810,124-11-709,2010,
6810,124-11-71,2007,
6810,124-11-71,2012,
6810,124-11-71,2015,0.0
6810,124-11-71,2021,
6810,124-11-72,2007,0.0
6810,124-11-72,2008,
6810,124-11-72,2012,
6810,124-11-74,1999,-5.0
6810,124-11-74,2001,1.0
6810,124-11-74,2004,-5.0
6810,124-11-74,2006,4.0
6810,124-11-74,2011,0.0
6810,124-11-74,2021,1.0
6810,124-11-75,2008,
6810,124-11-75,2013,
6810,124-11-75,2015,0.0
6810,124-11-75,2016,
6810,124-11-81,2004,1.0
6810,124-11-81,2008,1.0
6810,124-4-10,2011,0.0
6810,124-4-10,2014,
6810,124-4-10,2016,
6810,124-4-10,2021,-1.0
6810,124-4-105,2011,-2.0
6810,124-4-105,2016,-1.0
6810,124-4-105,2017,0.0
6810,124-4-105,2021,
6810,124-4-107,1998,
6810,124-4-107,2011,0.0
6810,124-4-107,2016,0.0
6810,124-4-114,2015,
6810,124-4-115,2005,-1.0
6810,124-4-115,2011,-5.0
6810,124-4-115,2015,0.0
6810,124-4-115,2016,
6810,124-4-115,2021,
6810,124-4-116,2001,1.0
6810,124-4-116,2006,
6810,124-4-121,2000,-2.0
6810,124-4-121,2002,0.0
6810,124-4-121,2006,
6810,124-4-125,2007,
6810,124-4-125,2021,1.0
6810,124-4-125,2022,-2.0
6810,124-4-127,2012,
6810,124-4-128,2021,-3.0
6810,124-4-129,1999,
6810,124-4-129,2006,2.0
6810,124-4-13,2016,-2.0
6810,124-4-13,2018,-1.0
6810,124-4-136,2002,-2.0
6810,124-4-136,2004,
6810,124-4-136,2021,0.0
6810,124-4-138,2005,1.0
6810,124-4-138,2014,-1.0
6810,124-4-138,2015,3.0
6810,124-4-138,2021,-3.0
6810,124-4-15,2000,-1.0
6810,124-4-15,2002,0.0
6810,124-4-15,2014,-3.0
6810,124-4-15,2015,2.0
6810,124-4-15,2016,-4.0
6810,124-4-15,2021,0.0
6810,124-4-17,2002,
6810,124-4-17,2011,0.0
6810,124-4-17,2012,
6810,124-4-18,2002,-2.0
6810,124-4-18,2005,-3.0
6810,124-4-19,1997,
6810,124-4-19,1999,0.0
6810,124-4-19,2002,-2.0
6810,124-4-19,2005,-3.0
6810,124-4-19,2006,0.0
6810,124-4-196,1998,
6810,124-4-196,2005,-3.0
6810,124-4-196,2021,1.0
6810,124-4-2,1998,1.0
6810,124-4-2,2010,
6810,124-4-2,2015,
6810,124-4-201,2004,1.0
6810,124-4-201,2015,
6810,124-4-201,2021,2.0
6810,124-4-204,2013,
6810,124-4-204,2021,
6810,124-4-212,2007,
6810,124-4-213,2005,4.0
6810,124-4-213,2006,-3.0
6810,124-4-213,2011,-2.0
6810,124-4-213,2014,-5.0
6810,124-4-213,2015,1.0
6810,124-4-213,2016,5.0
6810,124-4-214,2016,0.0
6810,124-4-22,2002,-3.0
6810,124-4-22,2005,3.0
6810,124-4-22,2006,-5.0
6810,124-4-22,2015,-1.0
6810,124-4-22,2016,9.0
6810,124-4-227,2009,0.0
6810,124-4-227,2014,1.0
6810,124-4-227,2015,-1.0
6810,124-4-227,2016,
6810,124-4-229,1999,-2.0
6810,124-4-229,2000,3.0
6810,124-4-229,2002,-4.0
6810,124-4-229,2005,2.0
6810,124-4-229,2006,-1.0
6810,124-4-229,2015,0.0
6810,124-4-229,2016,3.0
6810,124-4-229,2021,10.0
6810,124-4-24,2001,
6810,124-4-251,1999,
6810,124-4-251,2002,10.0
6810,124-4-251,2003,-8.0
6810,124-4-251,2011,-2.0
6810,124-4-251,2021,6.0
6810,124-4-26,2005,
6810,124-4-26,2015,1.0
6810,124-4-26,2016,-1.0
6810,124-4-27,1998,-8.0
6810,124-4-28,2000,-1.0
6810,124-4-28,2001,-5.0
6810,124-4-28,2002,19.0
6810,124-4-28,2021,
6810,124-4-29,1999,5.0
6810,124-4-29,2000,6.0
6810,124-4-29,2002,-2.0
6810,124-4-29,2005,
6810,124-4-29,2015,2.0
6810,124-4-29,2021,1.0
6810,124-4-3,2014,
6810,124-4-302,2005,2.0
6810,124-4-302,2010,
6810,124-4-302,2015,0.0
6810,124-4-302,2021,1.0
6810,124-4-304,2011,
6810,124-4-304,2021,
6810,124-4-31,1999,-6.0
6810,124-4-31,2000,1.0
6810,124-4-31,2002,0.0
6810,124-4-31,2015,-1.0
6810,124-4-31,2018,
6810,124-4-328,2001,
6810,124-4-328,2021,-3.0
6810,124-4-329,2014,
6810,124-4-330,1999,-3.0
6810,124-4-330,2000,-1.0
6810,124-4-330,2002,11.0
6810,124-4-330,2005,4.0
6810,124-4-330,2015,-3.0
6810,124-4-330,2021,4.0
6810,124-4-37,2021,
6810,124-4-40,1999,-2.0
6810,124-4-40,2000,5.0
6810,124-4-40,2002,8.0
6810,124-4-40,2005,0.0
6810,124-4-40,2006,
6810,124-4-40,2011,-2.0
6810,124-4-40,2015,7.0
6810,124-4-42,1999,-1.0
6810,124-4-42,2001,
6810,124-4-42,2015,5.0
6810,124-4-42,2016,-5.0
6810,124-4-42,2018,
6810,124-4-49,2000,
6810,124-4-49,2002,-1.0
6810,124-4-49,2003,0.0
6810,124-4-49,2005,0.0
6810,124-4-49,2021,
6810,124-4-50,1999,
6810,124-4-50,2001,5.0
6810,124-4-50,2002,-4.0
6810,124-4-50,2003,3.0
6810,124-4-50,2011,-8.0
6810,124-4-50,2021,1.0
6810,124-4-55,1999,-2.0
6810,124-4-55,2001,0.0
6810,124-4-55,2002,0.0
6810,124-4-55,2006,
6810,124-4-55,2011,
6810,124-4-55,2021,
6810,124-4-6,2010,
6810,124-4-62,1998,-3.0
6810,124-4-62,1999,
6810,124-4-62,2002,-7.0
6810,124-4-62,2003,-2.0
6810,124-4-62,2006,-7.0
6810,124-4-62,2016,-19.0
6810,124-4-63,1999,3.0
6810,124-4-63,2000,1.0
6810,124-4-63,2001,-5.0
6810,124-4-63,2002,4.0
6810,124-4-63,2003,-5.0
6810,124-4-63,2006,-2.0
6810,124-4-63,2009,-6.0
6810,124-4-63,2015,
6810,124-4-63,2021,-2.0
6810,124-4-7,1997,0.0
6810,124-4-7,2005,-1.0
6810,124-4-7,2006,0.0
6810,124-4-7,2007,1.0
6810,124-4-7,2011,
6810,124-4-77,2018,0.0
6810,124-4-78,2002,
6810,124-4-96,1998,-1.0
6810,124-4-96,1999,-1.0
6810,124-4-96,2015,0.0
6810,124-4-96,2021,0.0
6810,124-43-11,1998,-3.0
6810,124-43-11,2003,-2.0
6810,124-43-11,2004,
6810,124-43-11,2013,-2.0
6810,124-43-8,2005,
6810,124-43-8,2013,-5.0
6810,124-43-8,2014,5.0
6810,124-43-8,2018,
6810,124-43-9,1998,-1.0
6810,124-43-9,2000,-3.0
6810,124-43-9,2004,-1.0
6810,124-43-9,2006,2.0
6810,124-43-9,2009,
6810,124-43-9,2013,2.0
6810,124-45-1,1998,7.0
6810,124-45-1,2000,-6.0
6810,124-45-1,2009,6.0
6810,124-45-1,2018,-2.0
6810,124-45-1,2021,-17.0
6810,124-45-101,1998,
6810,124-45-101,2000,0.0
6810,124-45-101,2004,
6810,124-45-101,2009,2.0
6810,124-45-101,2018,5.0
6810,124-45-101,2021,-3.0
6810,124-45-102,1998,4.0
6810,124-45-102,2000,-4.0
6810,124-45-102,2004,-6.0
6810,124-45-102,2009,5.0
6810,124-45-102,2018,-3.0
6810,124-45-102,2021,-1.0
6810,124-45-103,1997,-4.0
6810,124-45-103,2000,
6810,124-45-103,2004,
6810,124-45-103,2009,-2.0
6810,124-45-103,2018,7.0
6810,124-45-105,1997,
6810,124-45-105,2000,3.0
6810,124-45-105,2004,
6810,124-45-105,2009,6.0
6810,124-45-105,2018,-6.0
6810,124-45-105,2021,4.0
6810,124-45-107,1997,-5.0
6810,124-45-107,1998,0.0
6810,124-45-107,2000,5.0
6810,124-45-107,2004,-2.0
6810,124-45-107,2009,0.0
6810,124-45-107,2018,
6810,124-45-109,2008,-13.0
6810,124-45-109,2009,
6810,124-45-109,2011,1.0
6810,124-45-109,2014,4.0
6810,124-45-109,2018,
6810,124-45-11,1997,-5.0
6810,124-45-11,1998,-1.0
6810,124-45-11,2000,-3.0
6810,124-45-11,2018,7.0
6810,124-45-11,2021,-18.0
6810,124-45-111,1997,-1.0
6810,124-45-111,1998,
6810,124-45-111,2000,
6810,124-45-111,2004,
6810,124-45-111,2021,1.0
6810,124-45-112,2000,2.0
6810,124-45-112,2006,5.0
6810,124-45-112,2009,0.0
6810,124-45-112,2021,5.0
6810,124-45-113,1997,9.0
6810,124-45-113,2000,0.0
6810,124-45-113,2004,6.0
6810,124-45-113,2006,6.0
6810,124-45-113,2009,0.0
6810,124-45-113,2021,-5.0
6810,124-45-114,1997,3.0
6810,124-45-114,2000,1.0
6810,124-45-114,2002,-11.0
6810,124-45-114,2009,7.0
6810,124-45-114,2012,
6810,124-45-116,2000,-6.0
6810,124-45-116,2004,8.0
6810,124-45-116,2021,-9.0
6810,124-45-12,2000,4.0
6810,124-45-12,2006,-4.0
6810,124-45-12,2009,6.0
6810,124-45-12,2021,12.0
6810,124-45-120,1997,-2.0
6810,124-45-120,2000,
6810,124-45-120,2004,
6810,124-45-120,2021,
6810,124-45-121,1997,-7.0
6810,124-45-121,1998,4.0
6810,124-45-121,2000,3.0
6810,124-45-121,2004,6.0
6810,124-45-121,2018,-3.0
6810,124-45-121,2021,2.0
6810,124-45-13,1997,-5.0
6810,124-45-13,1998,3.0
6810,124-45-13,2000,3.0
6810,124-45-13,2004,-2.0
6810,124-45-13,2009,3.0
6810,124-45-13,2018,-2.0
6810,124-45-13,2021,-7.0
6810,124-45-18,1997,-2.0
6810,124-45-18,1998,-5.0
6810,124-45-18,2000,-1.0
6810,124-45-18,2002,-3.0
6810,124-45-18,2004,-2.0
6810,124-45-18,2006,4.0
6810,124-45-18,2015,-1.0
6810,124-45-2,1998,
6810,124-45-2,2018,1.0
6810,124-45-201,2000,
6810,124-45-201,2009,-5.0
6810,124-45-201,2021,-2.0
6810,124-45-203,2004,0.0
6810,124-45-203,2009,1.0
6810,124-45-203,2018,-2.0
6810,124-45-203,2021,1.0
6810,124-45-205,1998,
6810,124-45-205,2000,2.0
6810,124-45-205,2004,2.0
6810,124-45-205,2009,4.0
6810,124-45-205,2018,-4.0
6810,124-45-205,2021,-1.0
6810,124-45-207,1997,2.0
6810,124-45-207,1998,-6.0
6810,124-45-207,2000,-2.0
6810,124-45-207,2012,-2.0
6810,124-45-207,2018,
6810,124-45-209,1997,0.0
6810,124-45-209,1998,1.0
6810,124-45-209,2000,1.0
6810,124-45-209,2004,0.0
6810,124-45-209,2018,1.0
6810,124-45-209,2021,
6810,124-45-21,1997,3.0
6810,124-45-21,1998,-2.0
6810,124-45-21,2000,-7.0
6810,124-45-21,2004,-1.0
6810,124-45-21,2018,6.0
6810,124-45-21,2021,-8.0
6810,124-45-213,1997,
6810,124-45-213,2000,17.0
6810,124-45-213,2002,17.0
6810,124-45-213,2004,-2.0
6810,124-45-213,2006,-1.0
6810,124-45-213,2009,11.0
6810,124-45-216,2000,-2.0
6810,124-45-216,2004,
6810,124-45-216,2018,
6810,124-45-216,2021,1.0
6810,124-45-218,1997,-3.0
6810,124-45-218,1998,7.0
6810,124-45-218,2000,4.0
6810,124-45-218,2004,
6810,124-45-218,2018,-6.0
6810,124-45-218,2021,
6810,124-45-22,2000,58.0
6810,124-45-22,2004,-1.0
6810,124-45-22,2021,-7.0
6810,124-45-220,1997,21.0
6810,124-45-220,2000,19.0
6810,124-45-220,2004,-1.0
6810,124-45-220,2018,
6810,124-45-220,2021,1.0
6810,124-45-26,2000,-1.0
6810,124-45-26,2014,-5.0
6810,124-45-26,2021,8.0
6810,124-45-3,2006,0.0
6810,124-45-3,2009,0.0
6810,124-45-3,2012,0.0
6810,124-45-30,2000,5.0
6810,124-45-30,2021,-3.0
6810,124-45-307,2008,-2.0
6810,124-45-307,2009,0.0
6810,124-45-307,2014,6.0
6810,124-45-307,2018,-1.0
6810,124-45-307,2021,7.0
6810,124-45-41,1997,0.0
6810,124-45-41,1998,5.0
6810,124-45-41,2000,-11.0
6810,124-45-41,2009,1.0
6810,124-45-41,2018,-8.0
6810,124-45-41,2021,
6810,124-45-42,2004,9.0
6810,124-45-42,2009,-7.0
6810,124-45-42,2018,-8.0
6810,124-45-42,2021,-5.0
6810,124-45-42,2022,2.0
6810,124-45-43,1997,-8.0
6810,124-45-43,2000,11.0
6810,124-45-43,2009,8.0
6810,124-45-43,2018,-16.0
6810,124-45-43,2021,-15.0
6810,124-45-49,2004,3.0
6810,124-45-49,2021,-1.0
6810,124-45-5,1997,1.0
6810,124-45-5,1998,-2.0
6810,124-45-5,2000,0.0
6810,124-45-5,2004,0.0
6810,124-45-5,2009,2.0
6810,124-45-5,2018,2.0
6810,124-45-5,2021,-3.0
6810,124-45-7,1997,5.0
6810,124-45-7,1998,-10.0
6810,124-45-7,2000,6.0
6810,124-45-7,2008,10.0
6810,124-45-7,2009,-7.0
6810,124-45-7,2018,-10.0
6810,124-45-7,2021,-3.0
6810,124-45-9,1997,-9.0
6810,124-45-9,1998,
6810,124-45-9,2000,
6810,124-45-9,2009,2.0
6810,124-45-9,2018,-3.0
6810,124-45-9,2021,-2.0
6810,124-56-105,1999,
6810,124-56-105,2002,11.0
6810,124-56-105,2004,0.0
6810,124-56-105,2006,-9.0
6810,124-56-105,2015,4.0
6810,124-56-105,2021,
6810,124-56-13,2001,39.0
6810,124-56-13,2004,-29.0
6810,124-56-13,2011,7.0
6810,124-56-13,2018,-14.0
6810,124-56-13,2021,13.0
6810,124-56-137,1999,
6810,124-56-137,2001,3.0
6810,124-56-137,2002,3.0
6810,124-56-137,2004,3.0
6810,124-56-137,2015,17.0
6810,124-56-137,2018,-5.0
6810,124-56-137,2021,3.0
6810,124-56-14,1999,-4.0
6810,124-56-14,2001,-6.0
6810,124-56-14,2004,3.0
6810,124-56-14,2018,
6810,124-56-15,1999,-4.0
6810,124-56-15,2001,3.0
6810,124-56-15,2004,3.0
6810,124-56-15,2011,1.0
6810,124-56-15,2018,-11.0
6810,124-56-15,2021,8.0
6810,124-56-21,1999,6.0
6810,124-56-21,2001,8.0
6810,124-56-21,2002,-2.0
6810,124-56-21,2004,
6810,124-56-21,2006,-4.0
6810,124-56-21,2015,13.0
6810,124-56-21,2018,3.0
6810,124-56-21,2021,-5.0
6810,124-56-22,1999,-1.0
6810,124-56-22,2001,-4.0
6810,124-56-22,2002,-7.0
6810,124-56-22,2004,-16.0
6810,124-56-22,2018,4.0
6810,124-56-25,2001,
6810,124-56-25,2015,-4.0
6810,124-56-25,2018,
6810,124-56-25,2021,3.0
6810,124-56-26,1999,-5.0
6810,124-56-26,2015,-5.0
6810,124-56-26,2021,0.0
6810,124-56-31,1999,-14.0
6810,124-56-31,2001,
6810,124-56-31,2004,
6810,124-56-31,2015,0.0
6810,124-56-31,2016,-4.0
6810,124-56-31,2018,6.0
6810,124-56-31,2021,-6.0
6810,124-56-33,1999,-5.0
6810,124-56-33,2001,-3.0
6810,124-56-33,2002,7.0
6810,124-56-33,2004,3.0
6810,124-56-33,2005,0.0
6810,124-56-33,2015,10.0
6810,124-56-33,2018,-15.0
6810,124-56-33,2021,-7.0
6810,124-56-34,1999,-3.0
6810,124-56-34,2004,
6810,124-56-34,2015,-6.0
6810,124-56-38,1999,-19.0
6810,124-56-38,2001,-1.0
6810,124-56-38,2002,4.0
6810,124-56-38,2004,-8.0
6810,124-56-38,2021,0.0
6810,124-56-40,1999,5.0
6810,124-56-40,2001,-22.0
6810,124-56-40,2002,0.0
6810,124-56-40,2004,3.0
6810,124-56-40,2015,3.0
6810,124-56-40,2021,-2.0
6810,124-56-41,1999,-7.0
6810,124-56-41,2001,-10.0
6810,124-56-41,2002,1.0
6810,124-56-41,2004,8.0
6810,124-56-41,2015,1.0
6810,124-56-41,2018,-6.0
6810,124-56-41,2021,15.0
6810,124-56-42,2004,0.0
6810,124-56-42,2006,1.0
6810,124-56-42,2015,6.0
6810,124-56-42,2022,
6810,124-56-44,1999,-15.0
6810,124-56-44,2001,-4.0
6810,124-56-44,2002,3.0
6810,124-56-44,2004,-3.0
6810,124-56-9,2004,0.0
6810,124-56-9,2015,0.0
6810,124-56-9,2021,
6810,124-57-10,1999,
6810,124-57-10,2006,0.0
6810,124-57-10,2015,-2.0
6810,124-57-10,2018,0.0
6810,124-57-12,1999,-1.0
6810,124-57-12,2004,1.0
6810,124-57-12,2006,0.0
6810,124-57-12,2009,0.0
6810,124-57-12,2011,
6810,124-57-121,2012,1.0
6810,124-57-121,2013,2.0
6810,124-57-121,2015,
6810,124-57-121,2021,1.0
6810,124-57-121,2022,
6810,124-57-14,2004,
6810,124-57-14,2018,-4.0
6810,124-57-14,2021,2.0
6810,124-57-14,2022,9.0
6810,124-57-15,2004,5.0
6810,124-57-15,2009,0.0
6810,124-57-15,2014,12.0
6810,124-57-15,2015,-11.0
6810,124-57-15,2018,4.0
6810,124-57-15,2022,1.0
6810,124-57-16,2010,
6810,124-57-16,2015,
6810,124-57-16,2022,10.0
6810,124-57-3,2002,
6810,124-57-3,2009,1.0
6810,124-57-3,2015,1.0
6810,124-57-6,2012,
6810,124-57-6,2018,
6810,124-65-11,1997,-5.0
6810,124-65-11,1999,0.0
6810,124-65-11,2001,-8.0
6810,124-65-11,2002,6.0
6810,124-65-11,2004,-19.0
6810,124-65-11,2006,5.0
6810,124-65-117,1999,-3.0
6810,124-65-117,2001,-15.0
6810,124-65-117,2002,-1.0
6810,124-65-117,2004,1.0
6810,124-65-117,2006,4.0
6810,124-65-117,2011,7.0
6810,124-65-117,2015,12.0
6810,124-65-117,2018,
6810,124-65-117,2021,5.0
6810,124-65-13,1999,-6.0
6810,124-65-13,2002,
6810,124-65-13,2004,3.0
6810,124-65-13,2006,-5.0
6810,124-65-13,2015,2.0
6810,124-65-13,2018,-6.0
6810,124-65-13,2021,-4.0
6810,124-65-130,1999,-4.0
6810,124-65-130,2001,-2.0
6810,124-65-130,2002,2.0
6810,124-65-130,2004,-12.0
6810,124-65-130,2015,11.0
6810,124-65-130,2021,5.0
6810,124-65-14,1999,3.0
6810,124-65-14,2001,-6.0
6810,124-65-14,2004,9.0
6810,124-65-14,2006,9.0
6810,124-65-14,2011,12.0
6810,124-65-14,2013,-2.0
6810,124-65-14,2015,10.0
6810,124-65-14,2016,-2.0
6810,124-65-14,2018,-3.0
6810,124-65-14,2021,4.0
6810,124-65-18,1999,
6810,124-65-18,2001,0.0
6810,124-65-18,2002,
6810,124-65-18,2004,9.0
6810,124-65-18,2006,
6810,124-65-18,2015,8.0
6810,124-65-18,2018,-5.0
6810,124-65-18,2021,7.0
6810,124-65-19,1999,-1.0
6810,124-65-19,2001,-1.0
6810,124-65-19,2002,-3.0
6810,124-65-19,2004,-3.0
6810,124-65-19,2015,10.0
6810,124-65-19,2018,1.0
6810,124-65-19,2021,5.0
6810,124-65-20,1999,-3.0
6810,124-65-20,2001,2.0
6810,124-65-20,2002,-2.0
6810,124-65-20,2004,-5.0
6810,124-65-20,2006,-6.0
6810,124-65-20,2011,10.0
6810,124-65-20,2016,-2.0
6810,124-65-20,2018,0.0
6810,124-65-21,1999,5.0
6810,124-65-21,2004,2.0
6810,124-65-21,2015,-2.0
6810,124-65-21,2016,3.0
6810,124-65-21,2018,-4.0
6810,124-65-21,2021,
6810,124-65-22,1999,-6.0
6810,124-65-22,2002,
6810,124-65-22,2004,-4.0
6810,124-65-22,2016,-1.0
6810,124-65-22,2022,-1.0
6810,124-65-23,2002,0.0
6810,124-65-23,2004,-6.0
6810,124-65-23,2013,0.0
6810,124-65-23,2015,-2.0
6810,124-65-23,2016,3.0
6810,124-65-23,2017,1.0
6810,124-65-23,2018,-3.0
6810,124-65-23,2022,8.0
6810,124-65-27,1999,-4.0
6810,124-65-27,2001,-14.0
6810,124-65-27,2002,-2.0
6810,124-65-27,2004,2.0
6810,124-65-27,2006,-1.0
6810,124-65-27,2011,-3.0
6810,124-65-27,2015,0.0
6810,124-65-27,2018,-4.0
6810,124-65-27,2021,-2.0
6810,124-65-28,1999,-18.0
6810,124-65-28,2001,10.0
6810,124-65-28,2002,-5.0
6810,124-65-28,2004,-1.0
6810,124-65-28,2006,9.0
6810,124-65-28,2015,26.0
6810,124-65-28,2016,-13.0
6810,124-65-28,2018,
6810,124-65-29,1999,-5.0
6810,124-65-29,2001,
6810,124-65-29,2015,8.0
6810,124-65-29,2018,
6810,124-65-3,1999,1.0
6810,124-65-3,2002,
6810,124-65-3,2011,-7.0
6810,124-65-3,2015,11.0
6810,124-65-3,2018,-10.0
6810,124-65-3,2021,4.0
6810,124-65-31,1999,-4.0
6810,124-65-31,2001,-2.0
6810,124-65-31,2002,
6810,124-65-31,2015,
6810,124-65-31,2018,1.0
6810,124-65-31,2021,13.0
6810,124-65-33,2001,-2.0
6810,124-65-33,2004,3.0
6810,124-65-33,2005,-2.0
6810,124-65-33,2006,10.0
6810,124-65-33,2012,-5.0
6810,124-65-33,2021,10.0
6810,124-65-33,2022,3.0
6810,124-65-34,1997,
6810,124-65-34,1999,-7.0
6810,124-65-34,2001,
6810,124-65-34,2007,14.0
6810,124-65-34,2017,-9.0
6810,124-65-34,2021,-13.0
6810,124-65-35,1999,-5.0
6810,124-65-35,2001,-6.0
6810,124-65-35,2002,
6810,124-65-35,2015,19.0
6810,124-65-36,1999,1.0
6810,124-65-36,2001,-3.0
6810,124-65-36,2002,-4.0
6810,124-65-36,2004,-6.0
6810,124-65-36,2006,3.0
6810,124-65-36,2015,0.0
6810,124-65-36,2018,1.0
6810,124-65-37,1999,-14.0
6810,124-65-37,2001,-4.0
6810,124-65-37,2002,
6810,124-65-37,2004,
6810,124-65-37,2015,1.0
6810,124-65-38,1999,
6810,124-65-38,2004,-3.0
6810,124-65-38,2005,
6810,124-65-38,2010,0.0
6810,124-65-38,2021,
6810,124-65-5,1997,0.0
6810,124-65-5,1999,8.0
6810,124-65-5,2001,4.0
6810,124-65-5,2002,
6810,124-65-5,2018,4.0
6810,124-65-7,1999,8.0
6810,124-65-7,2002,
6810,124-65-7,2011,1.0
6810,124-65-7,2015,-6.0
6810,124-65-7,2018,1.0
6810,124-65-7,2021,-5.0
6810,124-65-9,1999,-4.0
6810,124-65-9,2004,-6.0
6810,124-65-9,2006,-11.0
6810,124-65-9,2015,-1.0
6810,124-68-10,2007,1.0
6810,124-68-10,2009,10.0
6810,124-68-10,2012,-1.0
6810,124-68-10,2015,-7.0
6810,124-68-10,2021,-3.0
6810,124-68-11,1999,5.0
6810,124-68-11,2000,-4.0
6810,124-68-11,2002,5.0
6810,124-68-11,2009,-4.0
6810,124-68-11,2012,-5.0
6810,124-68-11,2015,-2.0
6810,124-68-11,2021,-10.0
6810,124-68-113,1999,-10.0
6810,124-68-113,2000,6.0
6810,124-68-113,2004,3.0
6810,124-68-113,2005,3.0
6810,124-68-113,2009,0.0
6810,124-68-113,2012,9.0
6810,124-68-113,2015,-4.0
6810,124-68-113,2021,-8.0
6810,124-68-117,2000,-1.0
6810,124-68-117,2004,-5.0
6810,124-68-117,2005,1.0
6810,124-68-117,2009,5.0
6810,124-68-117,2012,3.0
6810,124-68-119,2000,-5.0
6810,124-68-119,2003,7.0
6810,124-68-119,2004,-3.0
6810,124-68-119,2005,-6.0
6810,124-68-119,2009,8.0
6810,124-68-119,2012,4.0
6810,124-68-12,1999,-5.0
6810,124-68-12,2000,1.0
6810,124-68-12,2004,-2.0
6810,124-68-12,2005,5.0
6810,124-68-12,2009,0.0
6810,124-68-12,2012,5.0
6810,124-68-12,2016,3.0
6810,124-68-12,2022,-4.0
6810,124-68-127,2000,-4.0
6810,124-68-127,2004,-3.0
6810,124-68-127,2005,3.0
6810,124-68-127,2012,-4.0
6810,124-68-14,2000,5.0
6810,124-68-14,2003,-5.0
6810,124-68-14,2004,1.0
6810,124-68-14,2005,4.0
6810,124-68-14,2012,
6810,124-68-14,2015,0.0
6810,124-68-14,2021,-14.0
6810,124-68-142,2000,-4.0
6810,124-68-142,2004,-2.0
6810,124-68-142,2005,3.0
6810,124-68-142,2006,-3.0
6810,124-68-142,2007,-3.0
6810,124-68-142,2015,0.0
6810,124-68-142,2021,
6810,124-68-15,1999,-2.0
6810,124-68-15,2000,11.0
6810,124-68-15,2004,-5.0
6810,124-68-15,2005,-1.0
6810,124-68-15,2009,-2.0
6810,124-68-15,2012,4.0
6810,124-68-15,2021,-3.0
6810,124-68-16,2004,11.0
6810,124-68-16,2005,-3.0
6810,124-68-16,2009,-2.0
6810,124-68-16,2012,-7.0
6810,124-68-16,2015,0.0
6810,124-68-18,2000,4.0
6810,124-68-18,2003,-1.0
6810,124-68-18,2004,2.0
6810,124-68-18,2005,-4.0
6810,124-68-18,2009,3.0
6810,124-68-18,2012,9.0
6810,124-68-18,2021,-2.0
6810,124-68-2,1997,
6810,124-68-2,2007,-2.0
6810,124-68-2,2010,-5.0
6810,124-68-2,2012,3.0
6810,124-68-2,2013,0.0
6810,124-68-2,2015,0.0
6810,124-68-2,2021,1.0
6810,124-68-20,2003,-5.0
6810,124-68-20,2004,
6810,124-68-20,2007,-6.0
6810,124-68-20,2009,8.0
6810,124-68-20,2012,-5.0
6810,124-68-20,2021,-7.0
6810,124-68-202,2003,-3.0
6810,124-68-202,2004,-1.0
6810,124-68-202,2005,
6810,124-68-202,2007,-7.0
6810,124-68-203,2003,11.0
6810,124-68-203,2004,-3.0
6810,124-68-203,2005,2.0
6810,124-68-203,2007,-4.0
6810,124-68-203,2015,-9.0
6810,124-68-203,2021,5.0
6810,124-68-207,2003,9.0
6810,124-68-207,2004,-9.0
6810,124-68-207,2005,-1.0
6810,124-68-207,2007,1.0
6810,124-68-207,2009,-2.0
6810,124-68-207,2021,2.0
6810,124-68-208,1999,
6810,124-68-208,2009,-2.0
6810,124-68-208,2015,0.0
6810,124-68-208,2021,
6810,124-68-209,2003,1.0
6810,124-68-209,2004,1.0
6810,124-68-209,2005,-2.0
6810,124-68-209,2007,4.0
6810,124-68-209,2009,2.0
6810,124-68-209,2015,3.0
6810,124-68-209,2021,1.0
6810,124-68-210,2007,-1.0
6810,124-68-210,2009,0.0
6810,124-68-210,2012,0.0
6810,124-68-210,2015,-4.0
6810,124-68-210,2021,-1.0
6810,124-68-211,1999,-1.0
6810,124-68-211,2000,5.0
6810,124-68-211,2005,11.0
6810,124-68-211,2009,-1.0
6810,124-68-211,2012,5.0
6810,124-68-211,2015,10.0
6810,124-68-211,2021,4.0
6810,124-68-213,2005,-8.0
6810,124-68-213,2015,
6810,124-68-213,2021,-2.0
6810,124-68-214,1999,3.0
6810,124-68-214,2000,5.0
6810,124-68-214,2005,0.0
6810,124-68-214,2009,6.0
6810,124-68-214,2012,-2.0
6810,124-68-214,2017,-1.0
6810,124-68-214,2021,16.0
6810,124-68-215,1999,
6810,124-68-215,2004,
6810,124-68-215,2009,6.0
6810,124-68-215,2012,-13.0
6810,124-68-216,1999,1.0
6810,124-68-216,2000,-1.0
6810,124-68-216,2004,
6810,124-68-216,2009,9.0
6810,124-68-216,2012,5.0
6810,124-68-216,2021,1.0
6810,124-68-217,2000,-14.0
6810,124-68-217,2004,
6810,124-68-217,2009,14.0
6810,124-68-217,2012,7.0
6810,124-68-217,2021,19.0
6810,124-68-218,2000,-2.0
6810,124-68-218,2003,-4.0
6810,124-68-218,2004,5.0
6810,124-68-218,2005,-3.0
6810,124-68-218,2012,7.0
6810,124-68-219,2005,7.0
6810,124-68-219,2009,
6810,124-68-219,2015,-2.0
6810,124-68-219,2021,0.0
6810,124-68-22,1999,-2.0
6810,124-68-22,2003,-1.0
6810,124-68-22,2004,2.0
6810,124-68-22,2005,-3.0
6810,124-68-22,2009,-2.0
6810,124-68-22,2012,0.0
6810,124-68-22,2021,3.0
6810,124-68-220,2003,2.0
6810,124-68-220,2004,2.0
6810,124-68-220,2005,-3.0
6810,124-68-220,2009,7.0
6810,124-68-220,2012,-6.0
6810,124-68-223,1999,
6810,124-68-223,2005,6.0
6810,124-68-223,2009,6.0
6810,124-68-223,2013,13.0
6810,124-68-223,2015,7.0
6810,124-68-223,2021,4.0
6810,124-68-224,1999,0.0
6810,124-68-224,2000,10.0
6810,124-68-224,2004,-2.0
6810,124-68-224,2005,9.0
6810,124-68-224,2015,-7.0
6810,124-68-224,2021,12.0
6810,124-68-225,1999,-2.0
6810,124-68-225,2000,
6810,124-68-225,2004,-1.0
6810,124-68-225,2005,-1.0
6810,124-68-225,2012,-2.0
6810,124-68-225,2015,0.0
6810,124-68-225,2021,2.0
6810,124-68-233,2007,0.0
6810,124-68-233,2012,-11.0
6810,124-68-233,2013,-1.0
6810,124-68-233,2021,-6.0
6810,124-68-238,1997,0.0
6810,124-68-238,1999,
6810,124-68-238,2009,11.0
6810,124-68-238,2012,-5.0
6810,124-68-238,2015,-14.0
6810,124-68-238,2021,2.0
6810,124-68-242,1999,
6810,124-68-242,2006,3.0
6810,124-68-242,2007,-3.0
6810,124-68-242,2009,1.0
6810,124-68-242,2012,-7.0
6810,124-68-242,2015,
6810,124-68-25,1997,-1.0
6810,124-68-25,1999,-3.0
6810,124-68-25,2000,4.0
6810,124-68-25,2004,-1.0
6810,124-68-25,2005,-1.0
6810,124-68-25,2009,-1.0
6810,124-68-25,2012,-1.0
6810,124-68-251,2000,
6810,124-68-251,2003,-7.0
6810,124-68-251,2004,-3.0
6810,124-68-251,2005,5.0
6810,124-68-251,2009,6.0
6810,124-68-251,2012,0.0
6810,124-68-251,2021,2.0
6810,124-68-252,1999,
6810,124-68-252,2002,-1.0
6810,124-68-252,2003,
6810,124-68-252,2009,1.0
6810,124-68-252,2012,-2.0
6810,124-68-252,2014,0.0
6810,124-68-26,1999,1.0
6810,124-68-26,2000,-3.0
6810,124-68-26,2004,5.0
6810,124-68-26,2005,-6.0
6810,124-68-26,2009,0.0
6810,124-68-26,2012,1.0
6810,124-68-26,2021,3.0
6810,124-68-274,2007,-4.0
6810,124-68-274,2012,-1.0
6810,124-68-274,2021,
6810,124-68-28,1997,9.0
6810,124-68-28,2003,19.0
6810,124-68-28,2004,-6.0
6810,124-68-28,2005,-4.0
6810,124-68-28,2009,-3.0
6810,124-68-28,2012,0.0
6810,124-68-28,2021,2.0
6810,124-68-29,2003,2.0
6810,124-68-29,2004,
6810,124-68-29,2009,0.0
6810,124-68-29,2021,1.0
6810,124-68-296,2003,1.0
6810,124-68-296,2004,2.0
6810,124-68-296,2005,-4.0
6810,124-68-296,2006,2.0
6810,124-68-296,2015,-8.0
6810,124-68-296,2021,0.0
6810,124-68-297,1999,6.0
6810,124-68-297,2003,0.0
6810,124-68-297,2005,12.0
6810,124-68-297,2006,-5.0
6810,124-68-298,1999,-2.0
6810,124-68-298,2003,-10.0
6810,124-68-298,2005,-3.0
6810,124-68-298,2006,4.0
6810,124-68-298,2012,
6810,124-68-299,1999,8.0
6810,124-68-299,2003,
6810,124-68-299,2005,5.0
6810,124-68-299,2007,8.0
6810,124-68-299,2015,-12.0
6810,124-68-299,2021,-10.0
6810,124-68-300,2000,
6810,124-68-300,2002,
6810,124-68-300,2009,
6810,124-68-300,2012,10.0
6810,124-68-300,2021,1.0
6810,124-68-303,2010,
6810,124-68-303,2021,-1.0
6810,124-68-308,2000,-10.0
6810,124-68-308,2003,-1.0
6810,124-68-308,2004,1.0
6810,124-68-308,2005,0.0
6810,124-68-308,2007,3.0
6810,124-68-308,2009,1.0
6810,124-68-308,2015,0.0
6810,124-68-308,2021,-6.0
6810,124-68-312,2004,-2.0
6810,124-68-312,2005,7.0
6810,124-68-312,2009,11.0
6810,124-68-312,2012,-3.0
6810,124-68-312,2021,11.0
6810,124-68-314,2004,
6810,124-68-314,2016,4.0
6810,124-68-314,2022,13.0
6810,124-68-316,2000,-1.0
6810,124-68-316,2003,
6810,124-68-316,2005,-1.0
6810,124-68-316,2009,0.0
6810,124-68-316,2012,
6810,124-68-316,2021,
6810,124-68-317,1999,-5.0
6810,124-68-317,2000,
6810,124-68-317,2004,
6810,124-68-317,2007,7.0
6810,124-68-317,2009,1.0
6810,124-68-319,2000,-1.0
6810,124-68-319,2004,1.0
6810,124-68-319,2005,2.0
6810,124-68-319,2009,4.0
6810,124-68-319,2012,1.0
6810,124-68-319,2021,7.0
6810,124-68-323,1999,10.0
6810,124-68-323,2000,-10.0
6810,124-68-323,2008,6.0
6810,124-68-323,2015,-7.0
6810,124-68-324,1999,1.0
6810,124-68-324,2000,13.0
6810,124-68-324,2004,-5.0
6810,124-68-324,2005,-1.0
6810,124-68-325,1999,-4.0
6810,124-68-325,2000,-2.0
6810,124-68-325,2009,
6810,124-68-325,2012,7.0
6810,124-68-325,2021,
6810,124-68-326,1997,5.0
6810,124-68-326,1999,-1.0
6810,124-68-326,2000,-2.0
6810,124-68-326,2004,1.0
6810,124-68-326,2005,3.0
6810,124-68-338,1999,
6810,124-68-338,2003,6.0
6810,124-68-338,2004,4.0
6810,124-68-338,2005,7.0
6810,124-68-338,2012,21.0
6810,124-68-338,2021,5.0
6810,124-68-35,2003,2.0
6810,124-68-35,2006,
6810,124-68-35,2012,-9.0
6810,124-68-35,2021,-4.0
6810,124-68-350,2002,
6810,124-68-350,2005,0.0
6810,124-68-350,2009,
6810,124-68-350,2012,-12.0
6810,124-68-350,2015,4.0
6810,124-68-36,2004,
6810,124-68-36,2006,-1.0
6810,124-68-36,2009,-2.0
6810,124-68-36,2012,4.0
6810,124-68-37,2003,4.0
6810,124-68-37,2004,-7.0
6810,124-68-37,2005,-2.0
6810,124-68-37,2006,3.0
6810,124-68-37,2007,6.0
6810,124-68-37,2021,
6810,124-68-39,1999,-2.0
6810,124-68-39,2000,-3.0
6810,124-68-39,2003,
6810,124-68-39,2005,-4.0
6810,124-68-39,2012,4.0
6810,124-68-39,2021,-4.0
6810,124-68-4,2010,0.0
6810,124-68-4,2015,1.0
6810,124-68-43,2000,7.0
6810,124-68-43,2005,
6810,124-68-43,2012,-11.0
6810,124-68-44,2000,-5.0
6810,124-68-44,2004,2.0
6810,124-68-44,2005,4.0
6810,124-68-47,2012,-7.0
6810,124-68-47,2013,4.0
6810,124-68-47,2015,-8.0
6810,124-68-47,2021,3.0
6810,124-68-49,2000,5.0
6810,124-68-49,2006,5.0
6810,124-68-49,2007,-7.0
6810,124-68-49,2012,-4.0
6810,124-68-49,2015,-2.0
6810,124-68-49,2021,0.0
6810,124-68-5,1999,0.0
6810,124-68-5,2003,-1.0
6810,124-68-5,2004,3.0
6810,124-68-5,2005,-2.0
6810,124-68-5,2007,0.0
6810,124-68-5,2009,-4.0
6810,124-68-5,2021,7.0
6810,124-68-50,1999,6.0
6810,124-68-50,2000,-6.0
6810,124-68-50,2005,-5.0
6810,124-68-50,2009,
6810,124-68-50,2021,-8.0
6810,124-68-52,2000,-7.0
6810,124-68-52,2003,0.0
6810,124-68-52,2004,-5.0
6810,124-68-52,2005,-3.0
6810,124-68-52,2012,1.0
6810,124-68-53,2004,11.0
6810,124-68-53,2008,12.0
6810,124-68-53,2009,2.0
6810,124-68-53,2021,
6810,124-68-54,2000,2.0
6810,124-68-54,2004,8.0
6810,124-68-54,2009,2.0
6810,124-68-54,2018,-3.0
6810,124-68-54,2021,2.0
6810,124-68-57,2005,
6810,124-68-57,2009,-4.0
6810,124-68-57,2012,-3.0
6810,124-68-57,2015,1.0
6810,124-68-57,2021,
6810,124-68-59,2004,6.0
6810,124-68-59,2005,-8.0
6810,124-68-59,2006,1.0
6810,124-68-59,2007,3.0
6810,124-68-59,2012,-5.0
6810,124-68-6,1999,-2.0
6810,124-68-6,2000,3.0
6810,124-68-6,2003,2.0
6810,124-68-6,2004,-3.0
6810,124-68-6,2005,0.0
6810,124-68-6,2007,3.0
6810,124-68-6,2009,3.0
6810,124-68-64,2006,5.0
6810,124-68-64,2012,0.0
6810,124-68-64,2013,1.0
6810,124-68-64,2016,-2.0
6810,124-68-64,2021,1.0
6810,124-68-65,2004,-13.0
6810,124-68-65,2011,-9.0
6810,124-68-65,2021,8.0
6810,124-68-66,1997,8.0
6810,124-68-66,1998,-4.0
6810,124-68-66,2000,-10.0
6810,124-68-66,2004,-2.0
6810,124-68-66,2006,8.0
6810,124-68-66,2007,4.0
6810,124-68-66,2009,9.0
6810,124-68-66,2012,-5.0
6810,124-68-66,2018,4.0
6810,124-68-7,2000,1.0
6810,124-68-7,2003,2.0
6810,124-68-7,2004,3.0
6810,124-68-7,2005,
6810,124-68-7,2007,
6810,124-68-7,2021,1.0
6810,124-68-8,2003,1.0
6810,124-68-8,2004,0.0
6810,124-68-8,2005,-1.0
6810,124-68-8,2007,
6810,124-68-83,1997,3.0
6810,124-68-83,1999,-6.0
6810,124-68-83,2000,-3.0
6810,124-68-83,2004,-4.0
6810,124-68-83,2005,-2.0
6810,124-68-83,2021,
6810,124-68-9,1999,
6810,124-68-9,2009,-2.0
6810,124-68-9,2012,2.0
6810,124-68-9,2015,-2.0
6810,124-68-9,2021,3.0
6810,124-75-5,1997,12.0
6810,124-75-5,1999,-6.0
6810,124-75-5,2002,12.0
6810,124-75-5,2004,
6810,124-75-5,2011,1.0
6810,124-75-5,2018,-7.0
6810,124-75-5,2021,6.0
6810,124-75-9,1999,10.0
6810,124-75-9,2002,17.0
6810,124-75-9,2004,
6810,124-75-9,2006,8.0
6810,124-75-9,2016,-5.0
6810,124-75-9,2021,-7.0
6810,124-75-9,2022,8.0
6810,124-76-1,1999,-4.0
6810,124-76-1,2000,17.0
6810,124-76-1,2004,3.0
6810,124-76-1,2005,-2.0
6810,124-76-1,2012,-1.0
6810,124-76-1,2015,2.0
6810,124-76-1,2021,-7.0
6810,124-76-109,1999,6.0
6810,124-76-109,2000,
6810,124-76-109,2005,
6810,124-76-109,2015,5.0
6810,124-76-109,2021,-9.0
6810,124-76-113,2000,
6810,124-76-113,2004,-11.0
6810,124-76-113,2005,17.0
6810,124-76-113,2021,-7.0
6810,124-76-12,1997,-3.0
6810,124-76-12,2002,-1.0
6810,124-76-12,2004,1.0
6810,124-76-12,2005,-11.0
6810,124-76-12,2013,-10.0
6810,124-76-120,1999,-1.0
6810,124-76-120,2000,-5.0
6810,124-76-120,2002,3.0
6810,124-76-120,2004,1.0
6810,124-76-120,2005,4.0
6810,124-76-120,2015,-13.0
6810,124-76-120,2021,-5.0
6810,124-76-121,1999,-1.0
6810,124-76-121,2000,1.0
6810,124-76-121,2002,7.0
6810,124-76-121,2004,-1.0
6810,124-76-121,2005,2.0
6810,124-76-121,2015,-2.0
6810,124-76-121,2021,7.0
6810,124-76-125,2000,5.0
6810,124-76-125,2004,-3.0
6810,124-76-125,2005,-16.0
6810,124-76-125,2007,7.0
6810,124-76-125,2012,-19.0
6810,124-76-127,1999,3.0
6810,124-76-127,2000,1.0
6810,124-76-127,2004,2.0
6810,124-76-127,2005,4.0
6810,124-76-127,2021,1.0
6810,124-76-140,2004,-1.0
6810,124-76-140,2005,-1.0
6810,124-76-140,2015,4.0
6810,124-76-140,2021,5.0
6810,124-76-159,1999,-5.0
6810,124-76-159,2002,5.0
6810,124-76-159,2004,
6810,124-76-159,2018,
6810,124-76-159,2021,
6810,124-76-16,1999,-4.0
6810,124-76-16,2000,9.0
6810,124-76-16,2002,4.0
6810,124-76-16,2004,-1.0
6810,124-76-16,2005,9.0
6810,124-76-165,2001,-11.0
6810,124-76-165,2002,8.0
6810,124-76-165,2004,-2.0
6810,124-76-165,2006,-1.0
6810,124-76-165,2011,-2.0
6810,124-76-165,2014,8.0
6810,124-76-165,2017,-9.0
6810,124-76-165,2018,-5.0
6810,124-76-165,2021,4.0
6810,124-76-18,1999,6.0
6810,124-76-18,2000,-5.0
6810,124-76-18,2004,
6810,124-76-18,2015,-1.0
6810,124-76-18,2021,-1.0
6810,124-76-19,2005,-7.0
6810,124-76-19,2009,14.0
6810,124-76-19,2015,-11.0
6810,124-76-19,2021,-8.0
6810,124-76-190,1999,-5.0
6810,124-76-190,2000,-3.0
6810,124-76-190,2001,0.0
6810,124-76-190,2004,-4.0
6810,124-76-190,2005,-3.0
6810,124-76-190,2009,-11.0
6810,124-76-190,2015,-19.0
6810,124-76-190,2021,-3.0
6810,124-76-2,1999,5.0
6810,124-76-2,2000,0.0
6810,124-76-2,2004,18.0
6810,124-76-2,2005,-8.0
6810,124-76-2,2015,-3.0
6810,124-76-2,2021,1.0
6810,124-76-201,1997,-2.0
6810,124-76-201,1999,-9.0
6810,124-76-201,2000,1.0
6810,124-76-201,2004,4.0
6810,124-76-201,2005,12.0
6810,124-76-201,2009,1.0
6810,124-76-201,2012,
6810,124-76-21,1999,1.0
6810,124-76-21,2000,2.0
6810,124-76-21,2001,-5.0
6810,124-76-21,2002,7.0
6810,124-76-21,2005,3.0
6810,124-76-21,2006,-6.0
6810,124-76-21,2015,4.0
6810,124-76-21,2018,2.0
6810,124-76-21,2021,-8.0
6810,124-76-216,2002,1.0
6810,124-76-216,2004,5.0
6810,124-76-216,2005,-14.0
6810,124-76-216,2015,0.0
6810,124-76-216,2021,-3.0
6810,124-76-22,1999,4.0
6810,124-76-22,2000,6.0
6810,124-76-22,2001,-20.0
6810,124-76-22,2002,19.0
6810,124-76-22,2004,12.0
6810,124-76-22,2005,-1.0
6810,124-76-22,2009,2.0
6810,124-76-22,2015,-3.0
6810,124-76-22,2021,4.0
6810,124-76-221,1999,8.0
6810,124-76-221,2000,-6.0
6810,124-76-221,2002,-6.0
6810,124-76-221,2004,13.0
6810,124-76-221,2005,-1.0
6810,124-76-23,1999,4.0
6810,124-76-23,2000,16.0
6810,124-76-23,2001,
6810,124-76-23,2006,1.0
6810,124-76-23,2015,0.0
6810,124-76-238,1999,
6810,124-76-238,2004,
6810,124-76-238,2014,1.0
6810,124-76-238,2015,5.0
6810,124-76-3,1997,-3.0
6810,124-76-3,1999,2.0
6810,124-76-3,2000,-2.0
6810,124-76-3,2004,-3.0
6810,124-76-3,2005,5.0
6810,124-76-3,2012,-4.0
6810,124-76-3,2015,-1.0
6810,124-76-302,1999,2.0
6810,124-76-302,2000,-7.0
6810,124-76-302,2002,0.0
6810,124-76-302,2004,-3.0
6810,124-76-302,2005,5.0
6810,124-76-302,2015,2.0
6810,124-76-302,2021,-6.0
6810,124-76-306,1999,7.0
6810,124-76-306,2000,2.0
6810,124-76-306,2002,8.0
6810,124-76-306,2004,7.0
6810,124-76-306,2005,5.0
6810,124-76-306,2015,-20.0
6810,124-76-306,2021,-4.0
6810,124-76-309,1999,-2.0
6810,124-76-309,2000,-3.0
6810,124-76-309,2001,-3.0
6810,124-76-309,2004,6.0
6810,124-76-309,2005,7.0
6810,124-76-309,2015,-1.0
6810,124-76-309,2021,
6810,124-76-310,1999,-7.0
6810,124-76-310,2000,
6810,124-76-310,2004,
6810,124-76-310,2008,-12.0
6810,124-76-310,2009,6.0
6810,124-76-310,2015,0.0
6810,124-76-310,2021,0.0
6810,124-76-314,2000,-2.0
6810,124-76-314,2002,-1.0
6810,124-76-314,2004,-2.0
6810,124-76-314,2005,13.0
6810,124-76-314,2015,-6.0
6810,124-76-314,2021,-2.0
6810,124-76-318,1999,
6810,124-76-318,2002,0.0
6810,124-76-318,2005,-1.0
6810,124-76-318,2015,13.0
6810,124-76-318,2021,6.0
6810,124-76-320,2005,1.0
6810,124-76-320,2015,-6.0
6810,124-76-320,2021,
6810,124-76-324,2006,3.0
6810,124-76-324,2015,17.0
6810,124-76-324,2018,11.0
6810,124-76-324,2021,
6810,124-76-39,1999,3.0
6810,124-76-39,2000,-1.0
6810,124-76-39,2002,-4.0
6810,124-76-39,2004,2.0
6810,124-76-39,2005,-6.0
6810,124-76-39,2014,-5.0
6810,124-76-39,2015,1.0
6810,124-76-4,1999,2.0
6810,124-76-4,2000,-3.0
6810,124-76-4,2004,-3.0
6810,124-76-4,2005,0.0
6810,124-76-4,2015,10.0
6810,124-76-4,2021,0.0
6810,124-76-40,1999,13.0
6810,124-76-40,2000,5.0
6810,124-76-40,2016,17.0
6810,124-76-40,2018,
6810,124-76-40,2021,-16.0
6810,124-76-439,2005,5.0
6810,124-76-439,2013,3.0
6810,124-76-439,2014,0.0
6810,124-76-439,2015,0.0
6810,124-76-439,2018,4.0
6810,124-76-439,2021,-4.0
6810,124-76-5,1999,4.0
6810,124-76-5,2000,-4.0
6810,124-76-5,2004,0.0
6810,124-76-5,2005,-2.0
6810,124-76-5,2015,0.0
6810,124-76-5,2021,-6.0
6810,124-76-537,1999,2.0
6810,124-76-537,2000,
6810,124-76-537,2004,0.0
6810,124-76-537,2005,2.0
6810,124-76-537,2006,0.0
6810,124-76-537,2018,
6810,124-76-537,2021,0.0
6810,124-76-55,2012,2.0
6810,124-76-55,2013,1.0
6810,124-76-55,2014,-6.0
6810,124-76-55,2015,5.0
6810,124-76-55,2018,-2.0
6810,124-76-55,2021,-6.0
6810,124-76-6,1999,4.0
6810,124-76-6,2000,-3.0
6810,124-76-6,2002,8.0
6810,124-76-6,2004,1.0
6810,124-76-6,2005,5.0
6810,124-76-60,1999,-3.0
6810,124-76-60,2000,3.0
6810,124-76-60,2002,6.0
6810,124-76-60,2004,-2.0
6810,124-76-60,2005,3.0
6810,124-76-60,2006,-2.0
6810,124-76-60,2013,2.0
6810,124-76-60,2015,4.0
6810,124-76-60,2018,-4.0
6810,124-76-60,2021,
6810,124-76-61,1999,
6810,124-76-61,2004,
6810,124-76-61,2006,
6810,124-76-61,2015,0.0
6810,124-76-61,2018,-1.0
6810,124-76-61,2021,
6810,124-76-67,2005,
6810,124-76-67,2011,0.0
6810,124-76-67,2014,-4.0
6810,124-76-67,2017,2.0
6810,124-76-67,2018,0.0
6810,124-76-67,2021,2.0
6810,124-76-69,1999,0.0
6810,124-76-69,2000,11.0
6810,124-76-69,2002,
6810,124-76-69,2004,4.0
6810,124-76-69,2018,1.0
6810,124-76-69,2021,2.0
6810,124-76-70,1997,-3.0
6810,124-76-70,1999,0.0
6810,124-76-70,2004,0.0
6810,124-76-70,2006,
6810,124-76-70,2011,0.0
6810,124-76-70,2012,-1.0
6810,124-76-8,1999,3.0
6810,124-76-8,2000,3.0
6810,124-76-8,2002,8.0
6810,124-76-8,2004,-4.0
6810,124-76-8,2005,-2.0
6810,124-76-8,2015,
6810,124-76-8,2021,-2.0
6810,124-76-9,1999,-2.0
6810,124-76-9,2000,-1.0
6810,124-76-9,2004,1.0
6810,124-76-9,2005,
6810,124-76-9,2015,-3.0
6810,124-76-9,2021,
6810,124-76-90,1999,-2.0
6810,124-76-90,2000,-8.0
6810,124-76-90,2001,14.0
6810,124-76-90,2002,5.0
6810,124-76-90,2004,0.0
6810,124-76-90,2005,8.0
6810,124-76-90,2009,0.0
6810,124-76-90,2021,4.0
6810,124-79-106,1997,
6810,124-79-106,2000,
6810,124-79-106,2004,
6810,124-79-106,2014,2.0
6810,124-79-106,2015,
6810,124-79-109,1998,5.0
6810,124-79-109,2011,
6810,124-79-109,2015,0.0
6810,124-79-109,2016,0.0
6810,124-79-112,1997,
6810,124-79-112,2004,-1.0
6810,124-79-112,2014,
6810,124-79-113,1997,0.0
6810,124-79-113,1998,
6810,124-79-113,2000,-1.0
6810,124-79-113,2004,
6810,124-79-113,2021,-12.0
6810,124-79-124,2021,1.0
6810,124-79-130,2000,
6810,124-79-130,2002,6.0
6810,124-79-130,2004,-5.0
6810,124-79-130,2014,0.0
6810,124-79-130,2021,0.0
6810,124-79-132,2004,4.0
6810,124-79-132,2005,-4.0
6810,124-79-132,2014,-2.0
6810,124-79-132,2016,-1.0
6810,124-79-132,2021,1.0
6810,124-79-139,2000,1.0
6810,124-79-139,2002,2.0
6810,124-79-139,2004,2.0
6810,124-79-139,2014,-6.0
6810,124-79-33,2002,-2.0
6810,124-79-33,2005,3.0
6810,124-79-33,2014,2.0
6810,124-79-33,2015,-3.0
6810,124-79-33,2016,8.0
6810,124-79-33,2018,-5.0
6810,124-79-40,2000,-1.0
6810,124-79-40,2002,0.0
6810,124-79-40,2004,0.0
6810,124-79-40,2021,0.0
6810,124-79-403,2001,-1.0
6810,124-79-403,2003,
6810,124-79-403,2015,0.0
6810,124-79-403,2018,-3.0
6810,124-79-424,1998,
6810,124-79-424,2000,
6810,124-79-424,2018,-1.0
6810,124-93-19,2001,0.0
6810,124-93-19,2003,-1.0
6810,124-93-19,2004,0.0
6810,124-93-19,2013,0.0
6810,124-93-21,2003,-2.0
6810,124-93-21,2004,0.0
6810,124-93-21,2008,12.0
6810,124-93-21,2013,3.0
6810,124-93-21,2014,-3.0
6810,124-93-26,2010,0.0
6810,124-93-26,2012,-2.0
6810,124-93-26,2013,2.0
6810,124-93-26,2014,
6810,124-93-26,2022,-10.0
6810,124-93-314,2004,0.0
6810,124-93-314,2006,-2.0
6810,124-93-314,2013,
6810,124-93-51,2004,-1.0
6810,124-93-51,2008,
6810,124-93-6,2003,1.0
6810,124-93-6,2004,-1.0
6810,124-93-6,2010,
6810,124-93-6,2013,-5.0
6810,124-93-6,2014,0.0
6810,124-93-6,2021,0.0
6810,840-14-106,1998,11.0
6810,840-14-106,2006,
6810,840-14-106,2008,
6810,840-14-106,2016,
6810,840-14-138,2022,
6810,840-14-148,1998,
6810,840-14-148,2005,0.0
6810,840-14-148,2015,
6810,840-14-151,1998,3.0
6810,840-14-151,2011,0.0
6810,840-14-151,2015,
6810,840-14-155,1998,
6810,840-14-155,2017,
6810,840-14-16,1998,0.0
6810,840-14-16,2001,
6810,840-14-160,2000,
6810,840-14-162,1997,-1.0
6810,840-14-162,1998,2.0
6810,840-14-162,2005,
6810,840-14-162,2015,0.0
6810,840-14-162,2021,-4.0
6810,840-14-166,1997,4.0
6810,840-14-166,1998,-1.0
6810,840-14-166,2000,1.0
6810,840-14-166,2005,-1.0
6810,840-14-166,2011,-12.0
6810,840-14-166,2012,1.0
6810,840-14-166,2015,-2.0
6810,840-14-173,2005,
6810,840-14-173,2011,0.0
6810,840-14-173,2022,
6810,840-14-177,2015,1.0
6810,840-14-186,1998,1.0
6810,840-14-186,2014,
6810,840-14-189,1999,
6810,840-14-189,2002,
6810,840-14-189,2005,1.0
6810,840-14-189,2010,
6810,840-14-189,2022,
6810,840-14-193,2009,
6810,840-14-195,2012,1.0
6810,840-14-195,2015,2.0
6810,840-14-198,2005,-1.0
6810,840-14-198,2010,0.0
6810,840-14-198,2011,0.0
6810,840-14-198,2012,-1.0
6810,840-14-198,2015,1.0
6810,840-14-221,2015,
6810,840-14-226,2005,-1.0
6810,840-14-226,2006,0.0
6810,840-14-226,2009,
6810,840-14-226,2021,
6810,840-14-3,1998,
6810,840-14-3,2015,0.0
6810,840-14-319,1997,
6810,840-14-319,2002,0.0
6810,840-14-319,2008,-2.0
6810,840-14-319,2009,0.0
6810,840-14-319,2010,0.0
6810,840-14-319,2011,0.0
6810,840-14-319,2012,1.0
6810,840-14-319,2015,
6810,840-14-409,2008,
6810,840-14-415,2004,
6810,840-14-47,2006,1.0
6810,840-14-49,2009,-3.0
6810,840-14-49,2016,4.0
6810,840-14-49,2021,2.0
6810,840-14-49,2022,5.0
6810,840-14-6,2000,
6810,840-14-6,2005,
6810,840-14-7,2010,0.0
6810,840-14-7,2011,
6810,840-14-7,2015,0.0
6810,840-14-7,2021,
6810,840-14-71,1997,1.0
6810,840-14-71,1998,-2.0
6810,840-14-71,1999,
6810,840-14-71,2002,-3.0
6810,840-14-71,2007,
6810,840-14-71,2011,-1.0
6810,840-14-80,2012,-1.0
6810,840-14-80,2014,
6810,840-14-89,2011,-3.0
6810,840-14-89,2016,-5.0
6810,840-14-89,2021,4.0
6810,840-14-96,1999,
6810,840-14-96,2005,
6810,840-17-1,2008,
6810,840-17-1,2013,1.0
6810,840-17-1,2016,-3.0
6810,840-17-1,2021,1.0
6810,840-17-12,2002,
6810,840-17-12,2004,
6810,840-17-12,2009,
6810,840-17-125,1999,
6810,840-17-125,2009,0.0
6810,840-17-125,2010,0.0
6810,840-17-14,2006,
6810,840-17-17,1998,
6810,840-17-17,2002,-3.0
6810,840-17-18,1998,
6810,840-17-208,2009,
6810,840-17-208,2012,
6810,840-17-209,2002,0.0
6810,840-17-21,2018,0.0
6810,840-17-216,1999,
6810,840-17-216,2002,-2.0
6810,840-17-216,2005,0.0
6810,840-17-216,2009,
6810,840-17-216,2021,1.0
6810,840-17-222,2009,0.0
6810,840-17-222,2012,0.0
6810,840-17-223,2021,1.0
6810,840-17-23,1998,0.0
6810,840-17-23,1999,0.0
6810,840-17-23,2002,-1.0
6810,840-17-23,2009,0.0
6810,840-17-23,2012,
6810,840-17-23,2016,-3.0
6810,840-17-23,2021,
6810,840-17-3,1998,1.0
6810,840-17-3,2002,
6810,840-17-3,2013,0.0
6810,840-17-3,2016,
6810,840-17-3,2021,
6810,840-17-302,1999,
6810,840-17-302,2021,
6810,840-17-303,1999,0.0
6810,840-17-303,2000,
6810,840-17-306,1998,-1.0
6810,840-17-306,2002,-1.0
6810,840-17-306,2003,
6810,840-17-306,2006,-3.0
6810,840-17-306,2009,-7.0
6810,840-17-306,2012,-1.0
6810,840-17-306,2016,2.0
6810,840-17-307,1998,
6810,840-17-31,1999,1.0
6810,840-17-31,2005,
6810,840-17-31,2007,
6810,840-17-31,2015,
6810,840-17-317,1998,
6810,840-17-317,2002,0.0
6810,840-17-32,2015,
6810,840-17-326,2016,
6810,840-17-33,2003,-1.0
6810,840-17-34,2001,
6810,840-17-35,1998,-4.0
6810,840-17-35,2003,4.0
6810,840-17-35,2009,-3.0
6810,840-17-35,2012,1.0
6810,840-17-35,2016,
6810,840-17-35,2018,1.0
6810,840-17-35,2021,0.0
6810,840-17-351,1998,1.0
6810,840-17-351,2002,-2.0
6810,840-17-351,2005,-1.0
6810,840-17-351,2006,2.0
6810,840-17-351,2009,-1.0
6810,840-17-351,2012,
6810,840-17-351,2016,0.0
6810,840-17-351,2021,3.0
6810,840-17-352,1999,
6810,840-17-352,2013,0.0
6810,840-17-359,2006,-1.0
6810,840-17-359,2007,
6810,840-17-362,1998,0.0
6810,840-17-362,1999,
6810,840-17-362,2012,
6810,840-17-368,2000,
6810,840-17-375,2002,
6810,840-17-375,2018,0.0
6810,840-17-40,2016,
6810,840-17-41,2009,0.0
6810,840-17-41,2016,1.0
6810,840-17-41,2018,
6810,840-17-46,2000,
6810,840-17-55,1998,0.0
6810,840-17-55,1999,8.0
6810,840-17-55,2002,1.0
6810,840-17-55,2003,-4.0
6810,840-17-55,2005,3.0
6810,840-17-55,2006,0.0
6810,840-17-55,2009,-1.0
6810,840-17-55,2012,-4.0
6810,840-17-55,2016,1.0
6810,840-17-55,2018,-1.0
6810,840-17-8,2018,0.0
6810,840-17-9,1998,-1.0
6810,840-17-9,2002,
6810,840-17-9,2005,
6810,840-17-9,2009,-3.0
6810,840-17-9,2012,3.0
6810,840-17-9,2021,1.0
6810,840-18-1,1998,6.0
6810,840-18-1,1999,-3.0
6810,840-18-1,2001,2.0
6810,840-18-1,2009,1.0
6810,840-18-1,2010,
6810,840-18-102,1998,0.0
6810,840-18-102,1999,-3.0
6810,840-18-102,2001,-2.0
6810,840-18-102,2003,-1.0
6810,840-18-102,2005,2.0
6810,840-18-102,2008,-3.0
6810,840-18-102,2009,3.0
6810,840-18-102,2010,-2.0
6810,840-18-102,2021,4.0
6810,840-18-11,2005,3.0
6810,840-18-11,2009,-4.0
6810,840-18-11,2010,2.0
6810,840-18-11,2021,0.0
6810,840-18-14,2005,-2.0
6810,840-18-14,2008,-1.0
6810,840-18-14,2009,-4.0
6810,840-18-14,2010,2.0
6810,840-18-14,2021,
6810,840-18-15,1998,0.0
6810,840-18-15,1999,
6810,840-18-15,2005,1.0
6810,840-18-15,2009,-1.0
6810,840-18-15,2010,-3.0
6810,840-18-15,2021,-3.0
6810,840-18-3,1998,-1.0
6810,840-18-3,1999,-1.0
6810,840-18-3,2001,6.0
6810,840-18-3,2003,1.0
6810,840-18-3,2008,2.0
6810,840-18-3,2009,-2.0
6810,840-18-3,2010,6.0
6810,840-18-3,2021,9.0
6810,840-18-4,1998,-5.0
6810,840-18-4,1999,4.0
6810,840-18-4,2003,
6810,840-18-4,2008,
6810,840-18-4,2010,-4.0
6810,840-18-4,2021,
6810,840-18-7,1998,-4.0
6810,840-18-7,1999,1.0
6810,840-18-7,2001,-1.0
6810,840-18-7,2003,
6810,840-18-7,2005,2.0
6810,840-18-8,1998,-5.0
6810,840-18-8,1999,-13.0
6810,840-18-8,2001,7.0
6810,840-18-8,2003,-14.0
6810,840-18-8,2005,2.0
6810,840-18-8,2008,
6810,840-18-8,2021,2.0
6810,840-18-9,1998,-2.0
6810,840-18-9,1999,7.0
6810,840-18-9,2003,-1.0
6810,840-18-9,2005,-11.0
6810,840-18-9,2008,0.0
6810,840-18-9,2009,-2.0
6810,840-18-9,2010,11.0
6810,840-2-1,1997,5.0
6810,840-2-1,2001,3.0
6810,840-2-1,2003,1.0
6810,840-2-1,2007,2.0
6810,840-2-1,2010,0.0
6810,840-2-1,2011,0.0
6810,840-2-1,2022,2.0
6810,840-2-10,1997,3.0
6810,840-2-10,2001,0.0
6810,840-2-10,2003,
6810,840-2-10,2007,2.0
6810,840-2-10,2011,-4.0
6810,840-2-10,2017,-5.0
6810,840-2-10,2022,-1.0
6810,840-2-102,1997,1.0
6810,840-2-102,1998,-2.0
6810,840-2-102,2001,-3.0
6810,840-2-102,2003,0.0
6810,840-2-102,2011,3.0
6810,840-2-102,2016,
6810,840-2-102,2022,1.0
6810,840-2-105,1997,
6810,840-2-105,2001,
6810,840-2-105,2003,4.0
6810,840-2-105,2007,1.0
6810,840-2-105,2010,2.0
6810,840-2-105,2011,5.0
6810,840-2-105,2016,2.0
6810,840-2-105,2017,4.0
6810,840-2-105,2022,-3.0
6810,840-2-109,2001,1.0
6810,840-2-109,2003,-2.0
6810,840-2-109,2007,-2.0
6810,840-2-109,2010,-1.0
6810,840-2-109,2011,4.0
6810,840-2-109,2016,-3.0
6810,840-2-109,2017,0.0
6810,840-2-109,2022,0.0
6810,840-2-111,2001,4.0
6810,840-2-111,2003,-1.0
6810,840-2-111,2007,13.0
6810,840-2-111,2011,13.0
6810,840-2-111,2017,-3.0
6810,840-2-111,2022,0.0
6810,840-2-12,2001,
6810,840-2-12,2011,-1.0
6810,840-2-12,2017,1.0
6810,840-2-12,2022,0.0
6810,840-2-13,1997,7.0
6810,840-2-13,1998,0.0
6810,840-2-13,2001,-3.0
6810,840-2-13,2003,
6810,840-2-13,2011,
6810,840-2-13,2016,4.0
6810,840-2-13,2022,2.0
6810,840-2-14,1997,-2.0
6810,840-2-14,1998,6.0
6810,840-2-14,2001,1.0
6810,840-2-14,2003,15.0
6810,840-2-14,2010,-2.0
6810,840-2-14,2011,4.0
6810,840-2-14,2017,1.0
6810,840-2-140,1997,-2.0
6810,840-2-140,2010,1.0
6810,840-2-140,2011,
6810,840-2-140,2017,1.0
6810,840-2-141,2005,-5.0
6810,840-2-141,2006,0.0
6810,840-2-141,2011,-11.0
6810,840-2-141,2012,-4.0
6810,840-2-142,1997,-4.0
6810,840-2-142,1998,
6810,840-2-142,2001,-1.0
6810,840-2-142,2006,-2.0
6810,840-2-142,2011,
6810,840-2-142,2017,-5.0
6810,840-2-142,2022,
6810,840-2-15,1997,-1.0
6810,840-2-15,1998,-3.0
6810,840-2-15,2000,0.0
6810,840-2-15,2001,1.0
6810,840-2-15,2003,
6810,840-2-15,2012,2.0
6810,840-2-15,2018,0.0
6810,840-2-156,2001,2.0
6810,840-2-156,2003,3.0
6810,840-2-156,2007,-4.0
6810,840-2-156,2011,3.0
6810,840-2-156,2017,-3.0
6810,840-2-156,2022,-4.0
6810,840-2-16,2001,
6810,840-2-16,2003,1.0
6810,840-2-16,2010,-5.0
6810,840-2-16,2011,4.0
6810,840-2-162,2003,9.0
6810,840-2-162,2007,-6.0
6810,840-2-162,2011,-5.0
6810,840-2-162,2013,-2.0
6810,840-2-162,2016,
6810,840-2-162,2022,
6810,840-2-164,2003,2.0
6810,840-2-164,2007,1.0
6810,840-2-164,2010,-3.0
6810,840-2-164,2011,1.0
6810,840-2-164,2022,0.0
6810,840-2-17,1997,-2.0
6810,840-2-17,2001,
6810,840-2-17,2003,-3.0
6810,840-2-17,2007,-1.0
6810,840-2-17,2010,
6810,840-2-17,2017,2.0
6810,840-2-19,1997,3.0
6810,840-2-19,1998,-2.0
6810,840-2-19,2001,-2.0
6810,840-2-19,2003,7.0
6810,840-2-19,2007,0.0
6810,840-2-19,2010,3.0
6810,840-2-19,2011,
6810,840-2-19,2022,
6810,840-2-20,1997,4.0
6810,840-2-20,1998,-2.0
6810,840-2-20,2001,-2.0
6810,840-2-20,2003,-2.0
6810,840-2-20,2011,1.0
6810,840-2-20,2017,5.0
6810,840-2-20,2022,-2.0
6810,840-2-201,1997,2.0
6810,840-2-201,1998,-6.0
6810,840-2-201,2001,13.0
6810,840-2-201,2003,0.0
6810,840-2-201,2007,5.0
6810,840-2-201,2018,0.0
6810,840-2-201,2022,2.0
6810,840-2-204,2001,2.0
6810,840-2-204,2003,-1.0
6810,840-2-204,2007,0.0
6810,840-2-204,2010,3.0
6810,840-2-204,2016,
6810,840-2-205,1998,0.0
6810,840-2-205,2001,5.0
6810,840-2-205,2003,-2.0
6810,840-2-205,2007,7.0
6810,840-2-205,2010,-8.0
6810,840-2-205,2011,2.0
6810,840-2-205,2017,2.0
6810,840-2-205,2022,
6810,840-2-207,1997,-1.0
6810,840-2-207,2001,1.0
6810,840-2-207,2003,2.0
6810,840-2-207,2007,2.0
6810,840-2-207,2010,-3.0
6810,840-2-207,2011,2.0
6810,840-2-208,2007,
6810,840-2-208,2011,
6810,840-2-208,2017,-8.0
6810,840-2-208,2021,7.0
6810,840-2-209,2001,
6810,840-2-209,2007,-3.0
6810,840-2-209,2011,5.0
6810,840-2-209,2017,
6810,840-2-209,2022,1.0
6810,840-2-21,1997,7.0
6810,840-2-21,1998,-5.0
6810,840-2-21,2001,-4.0
6810,840-2-21,2003,1.0
6810,840-2-21,2007,-3.0
6810,840-2-21,2011,0.0
6810,840-2-21,2017,-7.0
6810,840-2-21,2022,1.0
6810,840-2-210,1997,0.0
6810,840-2-210,1998,
6810,840-2-210,2003,2.0
6810,840-2-210,2010,
6810,840-2-210,2017,0.0
6810,840-2-210,2022,
6810,840-2-211,1997,1.0
6810,840-2-211,1998,2.0
6810,840-2-211,2001,
6810,840-2-211,2003,2.0
6810,840-2-211,2007,-2.0
6810,840-2-211,2011,
6810,840-2-211,2022,0.0
6810,840-2-212,1997,-2.0
6810,840-2-212,1998,0.0
6810,840-2-212,2003,2.0
6810,840-2-212,2011,2.0
6810,840-2-212,2017,
6810,840-2-214,1997,1.0
6810,840-2-214,1998,2.0
6810,840-2-214,2001,0.0
6810,840-2-214,2011,
6810,840-2-214,2017,2.0
6810,840-2-215,1997,-2.0
6810,840-2-215,1998,1.0
6810,840-2-215,2017,-1.0
6810,840-2-215,2022,2.0
6810,840-2-216,2005,
6810,840-2-216,2011,
6810,840-2-216,2017,-2.0
6810,840-2-216,2022,-8.0
6810,840-2-218,1997,4.0
6810,840-2-218,1998,3.0
6810,840-2-218,2001,10.0
6810,840-2-218,2006,2.0
6810,840-2-218,2011,
6810,840-2-218,2017,4.0
6810,840-2-218,2022,-9.0
6810,840-2-22,1997,-5.0
6810,840-2-22,1998,-2.0
6810,840-2-22,2001,3.0
6810,840-2-22,2007,
6810,840-2-22,2011,
6810,840-2-23,1997,6.0
6810,840-2-23,1998,1.0
6810,840-2-23,2001,-2.0
6810,840-2-23,2003,-4.0
6810,840-2-23,2011,1.0
6810,840-2-23,2022,-6.0
6810,840-2-24,1998,0.0
6810,840-2-24,1999,2.0
6810,840-2-24,2001,-4.0
6810,840-2-24,2003,3.0
6810,840-2-24,2007,2.0
6810,840-2-24,2010,1.0
6810,840-2-24,2011,-2.0
6810,840-2-24,2017,-3.0
6810,840-2-24,2022,1.0
6810,840-2-25,1997,2.0
6810,840-2-25,1998,
6810,840-2-25,2001,0.0
6810,840-2-25,2003,-1.0
6810,840-2-25,2007,-1.0
6810,840-2-25,2010,-3.0
6810,840-2-25,2011,1.0
6810,840-2-25,2017,
6810,840-2-25,2022,
6810,840-2-26,1998,-1.0
6810,840-2-26,2000,-2.0
6810,840-2-26,2001,4.0
6810,840-2-26,2003,
6810,840-2-26,2017,
6810,840-2-27,1997,5.0
6810,840-2-27,1998,-4.0
6810,840-2-27,2001,7.0
6810,840-2-27,2003,
6810,840-2-27,2007,-4.0
6810,840-2-27,2011,
6810,840-2-27,2017,4.0
6810,840-2-27,2022,6.0
6810,840-2-28,1997,0.0
6810,840-2-28,2003,
6810,840-2-28,2011,
6810,840-2-28,2017,-2.0
6810,840-2-28,2022,-1.0
6810,840-2-29,1997,0.0
6810,840-2-29,1998,6.0
6810,840-2-29,2001,-2.0
6810,840-2-29,2003,8.0
6810,840-2-29,2011,3.0
6810,840-2-29,2017,2.0
6810,840-2-29,2022,-2.0
6810,840-2-31,2000,-25.0
6810,840-2-31,2001,-8.0
6810,840-2-31,2003,-7.0
6810,840-2-31,2005,
6810,840-2-31,2022,0.0
6810,840-2-33,1997,0.0
6810,840-2-33,1998,0.0
6810,840-2-33,2001,
6810,840-2-33,2022,-5.0
6810,840-2-34,1997,0.0
6810,840-2-34,1998,-4.0
6810,840-2-34,2001,-1.0
6810,840-2-34,2003,4.0
6810,840-2-34,2011,
6810,840-2-34,2022,8.0
6810,840-2-35,1997,-5.0
6810,840-2-35,1998,1.0
6810,840-2-35,2001,-2.0
6810,840-2-35,2006,2.0
6810,840-2-35,2011,
6810,840-2-35,2017,
6810,840-2-35,2022,11.0
6810,840-2-36,1997,7.0
6810,840-2-36,1998,
6810,840-2-36,2001,0.0
6810,840-2-38,1997,-1.0
6810,840-2-38,1998,0.0
6810,840-2-38,2001,3.0
6810,840-2-38,2011,2.0
6810,840-2-38,2017,0.0
6810,840-2-4,2003,0.0
6810,840-2-4,2010,
6810,840-2-4,2016,2.0
6810,840-2-4,2017,-1.0
6810,840-2-4,2022,0.0
6810,840-2-43,1997,4.0
6810,840-2-43,1998,-4.0
6810,840-2-43,2001,
6810,840-2-43,2003,3.0
6810,840-2-43,2007,0.0
6810,840-2-43,2011,
6810,840-2-45,1997,4.0
6810,840-2-45,1998,-3.0
6810,840-2-45,2001,9.0
6810,840-2-45,2003,7.0
6810,840-2-45,2007,-1.0
6810,840-2-45,2010,1.0
6810,840-2-45,2011,-5.0
6810,840-2-47,1997,-1.0
6810,840-2-47,1998,-3.0
6810,840-2-47,2001,1.0
6810,840-2-47,2003,-2.0
6810,840-2-47,2007,1.0
6810,840-2-47,2010,1.0
6810,840-2-47,2011,-2.0
6810,840-2-47,2017,0.0
6810,840-2-47,2022,
6810,840-2-48,1997,3.0
6810,840-2-48,1998,-1.0
6810,840-2-48,2001,1.0
6810,840-2-48,2003,0.0
6810,840-2-48,2007,
6810,840-2-48,2010,
6810,840-2-49,1997,-2.0
6810,840-2-49,1998,0.0
6810,840-2-49,2001,-1.0
6810,840-2-49,2003,
6810,840-2-49,2007,-9.0
6810,840-2-49,2010,
6810,840-2-50,1997,-7.0
6810,840-2-50,1998,5.0
6810,840-2-50,2001,-4.0
6810,840-2-50,2003,2.0
6810,840-2-50,2007,-3.0
6810,840-2-50,2010,-8.0
6810,840-2-50,2011,3.0
6810,840-2-50,2017,3.0
6810,840-2-50,2022,0.0
6810,840-2-52,1997,
6810,840-2-52,2001,2.0
6810,840-2-52,2006,0.0
6810,840-2-52,2011,-3.0
6810,840-2-52,2017,-1.0
6810,840-2-53,1997,-1.0
6810,840-2-53,1998,3.0
6810,840-2-53,2001,2.0
6810,840-2-53,2011,-1.0
6810,840-2-53,2017,0.0
6810,840-2-54,1997,-2.0
6810,840-2-54,1998,
6810,840-2-54,2001,1.0
6810,840-2-54,2006,2.0
6810,840-2-54,2022,
6810,840-2-55,2001,2.0
6810,840-2-55,2003,0.0
6810,840-2-55,2011,
6810,840-2-55,2017,11.0
6810,840-2-55,2022,4.0
6810,840-2-57,1997,-1.0
6810,840-2-57,1998,-2.0
6810,840-2-57,2001,-1.0
6810,840-2-57,2003,1.0
6810,840-2-57,2007,2.0
6810,840-2-57,2011,-3.0
6810,840-2-57,2022,
6810,840-2-58,1997,-2.0
6810,840-2-58,1998,
6810,840-2-58,2001,1.0
6810,840-2-58,2003,-1.0
6810,840-2-58,2011,
6810,840-2-58,2022,0.0
6810,840-2-59,1997,2.0
6810,840-2-59,1998,-1.0
6810,840-2-59,2001,-1.0
6810,840-2-59,2003,9.0
6810,840-2-59,2007,2.0
6810,840-2-59,2010,4.0
6810,840-2-59,2011,2.0
6810,840-2-59,2017,5.0
6810,840-2-59,2022,-3.0
6810,840-2-60,1997,1.0
6810,840-2-60,1998,2.0
6810,840-2-60,2001,
6810,840-2-60,2007,
6810,840-2-60,2010,-1.0
6810,840-2-60,2011,2.0
6810,840-2-60,2017,1.0
6810,840-2-61,1997,-1.0
6810,840-2-61,2001,5.0
6810,840-2-61,2003,4.0
6810,840-2-61,2007,0.0
6810,840-2-61,2010,-1.0
6810,840-2-61,2011,0.0
6810,840-2-61,2017,1.0
6810,840-2-63,1997,
6810,840-2-63,2010,
6810,840-2-63,2022,6.0
6810,840-2-65,1997,-3.0
6810,840-2-65,1998,0.0
6810,840-2-65,2001,2.0
6810,840-2-65,2003,4.0
6810,840-2-65,2007,2.0
6810,840-2-65,2011,3.0
6810,840-2-65,2022,-1.0
6810,840-2-66,1997,-2.0
6810,840-2-66,1998,1.0
6810,840-2-66,2006,3.0
6810,840-2-66,2011,-1.0
6810,840-2-66,2017,2.0
6810,840-2-67,1997,
6810,840-2-67,2001,-3.0
6810,840-2-67,2010,1.0
6810,840-2-67,2011,0.0
6810,840-2-67,2022,-1.0
6810,840-2-68,1997,-1.0
6810,840-2-68,1998,41.0
6810,840-2-68,2006,2.0
6810,840-2-68,2011,
6810,840-2-68,2017,
6810,840-2-7,1997,-5.0
6810,840-2-7,2001,-2.0
6810,840-2-7,2003,2.0
6810,840-2-7,2007,-1.0
6810,840-2-7,2010,0.0
6810,840-2-7,2016,1.0
6810,840-2-71,2001,1.0
6810,840-2-71,2007,1.0
6810,840-2-71,2010,
6810,840-2-71,2022,0.0
6810,840-2-72,1997,2.0
6810,840-2-72,2001,0.0
6810,840-2-72,2003,-2.0
6810,840-2-72,2007,-1.0
6810,840-2-72,2010,-5.0
6810,840-2-72,2016,-2.0
6810,840-2-73,1997,
6810,840-2-73,2007,7.0
6810,840-2-73,2010,8.0
6810,840-2-73,2016,-5.0
6810,840-2-73,2017,1.0
6810,840-2-8,1997,
6810,840-2-8,2001,
6810,840-2-8,2007,-2.0
6810,840-2-8,2008,3.0
6810,840-2-8,2016,3.0
6810,840-21-1,1997,-3.0
6810,840-21-1,1998,2.0
6810,840-21-1,2003,2.0
6810,840-21-1,2008,-4.0
6810,840-21-1,2009,1.0
6810,840-21-1,2010,2.0
6810,840-21-1,2011,-1.0
6810,840-21-10,1998,1.0
6810,840-21-10,2008,0.0
6810,840-21-10,2009,-3.0
6810,840-21-10,2010,1.0
6810,840-21-10,2011,
6810,840-21-105,1997,-5.0
6810,840-21-105,1998,-14.0
6810,840-21-105,2003,17.0
6810,840-21-105,2008,-12.0
6810,840-21-105,2009,-28.0
6810,840-21-105,2010,-4.0
6810,840-21-105,2011,1.0
6810,840-21-109,1997,5.0
6810,840-21-109,1998,1.0
6810,840-21-109,2003,-4.0
6810,840-21-109,2009,5.0
6810,840-21-109,2010,-3.0
6810,840-21-109,2011,-4.0
6810,840-21-2,1998,3.0
6810,840-21-2,2003,4.0
6810,840-21-2,2008,1.0
6810,840-21-2,2009,3.0
6810,840-21-2,2010,-2.0
6810,840-21-3,1997,-11.0
6810,840-21-3,1998,-1.0
6810,840-21-3,2003,1.0
6810,840-21-3,2008,2.0
6810,840-21-3,2009,1.0
6810,840-21-3,2010,-3.0
6810,840-21-3,2011,1.0
6810,840-21-4,1997,1.0
6810,840-21-4,1998,-5.0
6810,840-21-4,2003,5.0
6810,840-21-4,2010,-2.0
6810,840-21-4,2011,4.0
6810,840-25-1,1997,21.0
6810,840-25-1,1998,-14.0
6810,840-25-1,2001,5.0
6810,840-25-1,2011,
6810,840-25-10,1997,-8.0
6810,840-25-10,1998,-5.0
6810,840-25-10,2010,-7.0
6810,840-25-10,2011,-1.0
6810,840-25-10,2012,2.0
6810,840-25-10,2017,4.0
6810,840-25-108,1997,-5.0
6810,840-25-108,1998,4.0
6810,840-25-108,2011,
6810,840-25-11,1998,
6810,840-25-11,2002,
6810,840-25-11,2005,
6810,840-25-11,2010,-12.0
6810,840-25-11,2011,9.0
6810,840-25-11,2012,-12.0
6810,840-25-11,2022,-15.0
6810,840-25-113,1997,4.0
6810,840-25-113,1998,6.0
6810,840-25-113,2003,4.0
6810,840-25-113,2010,-5.0
6810,840-25-113,2011,-1.0
6810,840-25-113,2012,1.0
6810,840-25-113,2022,-6.0
6810,840-25-12,1997,6.0
6810,840-25-12,1998,
6810,840-25-12,2003,-3.0
6810,840-25-12,2010,-1.0
6810,840-25-12,2011,
6810,840-25-12,2017,1.0
6810,840-25-12,2022,-1.0
6810,840-25-129,1998,2.0
6810,840-25-129,2005,-7.0
6810,840-25-129,2010,-2.0
6810,840-25-129,2011,11.0
6810,840-25-129,2012,-2.0
6810,840-25-132,1998,2.0
6810,840-25-132,1999,
6810,840-25-132,2005,
6810,840-25-132,2010,1.0
6810,840-25-135,1999,16.0
6810,840-25-135,2000,
6810,840-25-135,2002,-7.0
6810,840-25-135,2007,2.0
6810,840-25-135,2010,1.0
6810,840-25-14,1998,3.0
6810,840-25-14,2003,-1.0
6810,840-25-14,2010,0.0
6810,840-25-14,2011,1.0
6810,840-25-14,2012,
6810,840-25-14,2015,-1.0
6810,840-25-15,1997,-3.0
6810,840-25-15,1998,15.0
6810,840-25-15,2011,-3.0
6810,840-25-15,2012,0.0
6810,840-25-15,2017,10.0
6810,840-25-165,2003,-1.0
6810,840-25-165,2015,
6810,840-25-172,2005,-8.0
6810,840-25-172,2010,-2.0
6810,840-25-172,2011,2.0
6810,840-25-172,2012,
6810,840-25-18,1998,-1.0
6810,840-25-18,1999,3.0
6810,840-25-18,2007,2.0
6810,840-25-18,2010,-1.0
6810,840-25-18,2012,1.0
6810,840-25-18,2022,0.0
6810,840-25-180,2001,1.0
6810,840-25-180,2002,
6810,840-25-19,1997,
6810,840-25-19,2007,1.0
6810,840-25-19,2015,7.0
6810,840-25-19,2016,
6810,840-25-19,2022,-2.0
6810,840-25-2,1998,1.0
6810,840-25-2,1999,1.0
6810,840-25-2,2001,3.0
6810,840-25-2,2005,-2.0
6810,840-25-2,2006,1.0
6810,840-25-2,2011,
6810,840-25-20,1997,0.0
6810,840-25-20,1998,-7.0
6810,840-25-20,1999,2.0
6810,840-25-20,2003,-1.0
6810,840-25-20,2005,1.0
6810,840-25-20,2010,
6810,840-25-20,2022,
6810,840-25-21,1998,8.0
6810,840-25-21,2003,-2.0
6810,840-25-21,2010,-7.0
6810,840-25-21,2011,5.0
6810,840-25-21,2012,-2.0
6810,840-25-21,2022,7.0
6810,840-25-22,1998,4.0
6810,840-25-22,1999,-3.0
6810,840-25-22,2003,-1.0
6810,840-25-22,2010,
6810,840-25-24,1998,
6810,840-25-24,2005,-2.0
6810,840-25-24,2010,
6810,840-25-25,1998,4.0
6810,840-25-25,1999,-2.0
6810,840-25-26,1999,-1.0
6810,840-25-27,1998,-4.0
6810,840-25-27,1999,-1.0
6810,840-25-27,2005,-13.0
6810,840-25-27,2010,-6.0
6810,840-25-27,2011,-7.0
6810,840-25-27,2012,4.0
6810,840-25-28,1999,7.0
6810,840-25-28,2002,0.0
6810,840-25-28,2004,-2.0
6810,840-25-28,2010,-2.0
6810,840-25-28,2011,2.0
6810,840-25-3,1997,
6810,840-25-3,2006,0.0
6810,840-25-3,2011,
6810,840-25-30,1998,
6810,840-25-30,2005,-5.0
6810,840-25-30,2010,
6810,840-25-30,2012,-1.0
6810,840-25-31,1998,-2.0
6810,840-25-31,1999,-1.0
6810,840-25-31,2004,-2.0
6810,840-25-37,1997,6.0
6810,840-25-37,1998,1.0
6810,840-25-37,2010,3.0
6810,840-25-37,2011,
6810,840-25-4,1997,-7.0
6810,840-25-4,1998,17.0
6810,840-25-4,2011,
6810,840-25-4,2014,2.0
6810,840-25-4,2017,-1.0
6810,840-25-4,2022,-1.0
5110,124-11-74,1999,1.0
5110,124-11-74,2004,
5110,124-11-74,2011,-1.0
5110,124-11-74,2021,
5110,124-4-106,2018,
5110,124-4-107,2014,
5110,124-4-127,1999,
5110,124-4-127,2011,-1.0
5110,124-4-127,2018,
5110,124-4-128,2008,
5110,124-4-2,1998,
5110,124-4-2,2005,1.0
5110,124-4-2,2010,-1.0
5110,124-4-2,2011,3.0
5110,124-4-2,2015,-1.0
5110,124-4-2,2021,8.0
5110,124-4-20,1999,
5110,124-4-20,2004,
5110,124-4-20,2021,
5110,124-4-201,2015,
5110,124-4-212,2014,3.0
5110,124-4-214,2016,
5110,124-4-227,2014,-4.0
5110,124-4-227,2015,2.0
5110,124-4-227,2016,
5110,124-4-229,2002,-1.0
5110,124-4-229,2011,
5110,124-4-229,2021,-11.0
5110,124-4-251,2021,-4.0
5110,124-4-26,2015,
5110,124-4-28,1997,
5110,124-4-3,2011,
5110,124-4-3,2015,
5110,124-4-302,2014,7.0
5110,124-4-302,2021,3.0
5110,124-4-306,2014,-3.0
5110,124-4-306,2021,
5110,124-4-312,2008,
5110,124-4-312,2016,0.0
5110,124-4-313,2011,
5110,124-4-313,2021,3.0
5110,124-4-330,2021,
5110,124-4-37,2004,
5110,124-4-4,1998,
5110,124-4-4,2015,
5110,124-4-50,2002,
5110,124-4-50,2009,0.0
5110,124-4-55,2004,
5110,124-4-55,2009,
5110,124-4-6,2010,2.0
5110,124-4-6,2011,
5110,124-4-6,2015,4.0
5110,124-4-62,2002,
5110,124-4-63,1998,
5110,124-4-63,2000,
5110,124-4-63,2002,4.0
5110,124-4-63,2003,-1.0
5110,124-4-63,2004,-3.0
5110,124-4-63,2009,2.0
5110,124-4-63,2011,
5110,124-4-63,2015,3.0
5110,124-4-63,2016,1.0
5110,124-4-9,2015,
5110,124-43-8,2011,4.0
5110,124-43-8,2013,
5110,124-45-1,1998,
5110,124-45-1,2006,
5110,124-45-1,2012,
5110,124-45-101,2000,
5110,124-45-101,2004,
5110,124-45-101,2021,
5110,124-45-102,1998,6.0
5110,124-45-102,2000,-3.0
5110,124-45-102,2004,8.0
5110,124-45-102,2009,-1.0
5110,124-45-102,2018,-9.0
5110,124-45-102,2021,-8.0
5110,124-45-103,1997,9.0
5110,124-45-103,1998,-6.0
5110,124-45-103,2000,2.0
5110,124-45-103,2009,-4.0
5110,124-45-103,2018,4.0
5110,124-45-105,1997,
5110,124-45-105,2000,-2.0
5110,124-45-105,2004,
5110,124-45-105,2009,8.0
5110,124-45-105,2018,-7.0
5110,124-45-105,2021,1.0
5110,124-45-107,1997,3.0
5110,124-45-107,1998,-5.0
5110,124-45-107,2000,14.0
5110,124-45-107,2008,-3.0
5110,124-45-107,2009,2.0
5110,124-45-107,2018,
5110,124-45-109,2008,-10.0
5110,124-45-109,2009,
5110,124-45-109,2014,-20.0
5110,124-45-109,2018,
5110,124-45-11,1997,
5110,124-45-11,2000,-1.0
5110,124-45-11,2001,2.0
5110,124-45-11,2014,53.0
5110,124-45-11,2018,-20.0
5110,124-45-11,2021,-34.0
5110,124-45-111,1997,0.0
5110,124-45-111,1998,-8.0
5110,124-45-111,2000,-11.0
5110,124-45-111,2004,4.0
5110,124-45-111,2018,-7.0
5110,124-45-111,2021,2.0
5110,124-45-113,2000,0.0
5110,124-45-113,2004,-2.0
5110,124-45-113,2006,2.0
5110,124-45-113,2009,0.0
5110,124-45-113,2018,-4.0
5110,124-45-113,2021,10.0
5110,124-45-114,1997,3.0
5110,124-45-114,2000,9.0
5110,124-45-114,2002,4.0
5110,124-45-114,2009,2.0
5110,124-45-116,2000,-15.0
5110,124-45-116,2004,-6.0
5110,124-45-116,2021,-2.0
5110,124-45-12,2000,0.0
5110,124-45-12,2006,-1.0
5110,124-45-12,2009,0.0
5110,124-45-12,2021,-1.0
5110,124-45-121,2018,
5110,124-45-13,1997,-10.0
5110,124-45-13,2000,-14.0
5110,124-45-13,2004,-5.0
5110,124-45-13,2009,-3.0
5110,124-45-13,2018,-2.0
5110,124-45-13,2021,-9.0
5110,124-45-18,1997,-7.0
5110,124-45-18,2000,0.0
5110,124-45-18,2002,1.0
5110,124-45-18,2004,0.0
5110,124-45-18,2006,
5110,124-45-2,1997,-12.0
5110,124-45-2,1998,1.0
5110,124-45-2,2000,1.0
5110,124-45-2,2004,-2.0
5110,124-45-2,2009,-8.0
5110,124-45-2,2018,-20.0
5110,124-45-201,2012,
5110,124-45-203,2004,5.0
5110,124-45-203,2008,14.0
5110,124-45-203,2009,-22.0
5110,124-45-203,2018,-7.0
5110,124-45-203,2021,-29.0
5110,124-45-205,2000,
5110,124-45-205,2004,
5110,124-45-205,2018,-24.0
5110,124-45-205,2021,-1.0
5110,124-45-207,1997,
5110,124-45-207,2000,3.0
5110,124-45-207,2012,11.0
5110,124-45-209,1997,7.0
5110,124-45-209,1998,13.0
5110,124-45-209,2000,-40.0
5110,124-45-209,2004,-60.0
5110,124-45-209,2018,-19.0
5110,124-45-209,2021,
5110,124-45-21,1998,-4.0
5110,124-45-21,2000,
5110,124-45-21,2018,2.0
5110,124-45-21,2021,-11.0
5110,124-45-213,2000,
5110,124-45-216,2000,-4.0
5110,124-45-216,2018,
5110,124-45-216,2021,0.0
5110,124-45-218,2008,0.0
5110,124-45-218,2009,0.0
5110,124-45-218,2021,
5110,124-45-22,2000,-9.0
5110,124-45-22,2002,-1.0
5110,124-45-22,2004,-3.0
5110,124-45-22,2018,4.0
5110,124-45-22,2021,-17.0
5110,124-45-220,2021,-3.0
5110,124-45-26,2022,
5110,124-45-3,2006,-1.0
5110,124-45-3,2009,2.0
5110,124-45-3,2012,40.0
5110,124-45-307,2009,1.0
5110,124-45-307,2010,
5110,124-45-307,2018,3.0
5110,124-45-307,2021,-14.0
5110,124-45-41,2000,
5110,124-45-41,2009,2.0
5110,124-45-41,2018,15.0
5110,124-45-41,2021,
5110,124-45-42,2002,-1.0
5110,124-45-42,2003,2.0
5110,124-45-42,2004,-2.0
5110,124-45-42,2006,11.0
5110,124-45-42,2009,
5110,124-45-43,1997,1.0
5110,124-45-43,2000,-1.0
5110,124-45-43,2009,2.0
5110,124-45-43,2018,-2.0
5110,124-45-43,2021,11.0
5110,124-45-49,1997,8.0
5110,124-45-49,2004,
5110,124-45-5,1997,-7.0
5110,124-45-5,1998,9.0
5110,124-45-5,2000,
5110,124-45-5,2004,0.0
5110,124-45-5,2009,3.0
5110,124-45-5,2018,-25.0
5110,124-45-5,2021,3.0
5110,124-45-7,1997,10.0
5110,124-45-7,1998,-8.0
5110,124-45-7,2000,19.0
5110,124-45-7,2008,-6.0
5110,124-45-7,2009,0.0
5110,124-45-7,2018,23.0
5110,124-45-7,2021,1.0
5110,124-45-9,1997,1.0
5110,124-45-9,1998,
5110,124-45-9,2000,
5110,124-45-9,2009,-14.0
5110,124-45-9,2018,55.0
5110,124-45-9,2021,-28.0
5110,124-56-105,1999,
5110,124-56-105,2002,-4.0
5110,124-56-105,2004,8.0
5110,124-56-105,2006,3.0
5110,124-56-105,2015,7.0
5110,124-56-105,2021,
5110,124-56-13,2001,-1.0
5110,124-56-13,2004,-7.0
5110,124-56-13,2011,-7.0
5110,124-56-13,2018,0.0
5110,124-56-13,2021,-5.0
5110,124-56-137,1999,
5110,124-56-137,2001,6.0
5110,124-56-137,2002,3.0
5110,124-56-137,2004,-1.0
5110,124-56-137,2015,-7.0
5110,124-56-137,2018,1.0
5110,124-56-137,2021,141.0
5110,124-56-14,1999,-3.0
5110,124-56-14,2001,22.0
5110,124-56-14,2004,9.0
5110,124-56-14,2018,
5110,124-56-15,1999,-1.0
5110,124-56-15,2001,-8.0
5110,124-56-15,2004,-4.0
5110,124-56-15,2011,-6.0
5110,124-56-15,2018,-16.0
5110,124-56-15,2021,-5.0
5110,124-56-21,1999,11.0
5110,124-56-21,2001,4.0
5110,124-56-21,2002,-4.0
5110,124-56-21,2004,
5110,124-56-21,2006,-7.0
5110,124-56-21,2015,-1.0
5110,124-56-21,2018,3.0
5110,124-56-21,2021,-1.0
5110,124-56-22,1999,-4.0
5110,124-56-22,2001,0.0
5110,124-56-22,2002,12.0
5110,124-56-22,2004,0.0
5110,124-56-22,2018,7.0
5110,124-56-25,2001,
5110,124-56-25,2015,-1.0
5110,124-56-25,2018,
5110,124-56-25,2021,-1.0
5110,124-56-26,1999,-9.0
5110,124-56-26,2015,-16.0
5110,124-56-26,2021,3.0
5110,124-56-31,1999,5.0
5110,124-56-31,2001,
5110,124-56-31,2004,
5110,124-56-31,2015,-7.0
5110,124-56-31,2016,-1.0
5110,124-56-31,2018,-3.0
5110,124-56-31,2021,-2.0
5110,124-56-33,1999,-3.0
5110,124-56-33,2001,0.0
5110,124-56-33,2002,1.0
5110,124-56-33,2004,-1.0
5110,124-56-33,2015,5.0
5110,124-56-33,2018,3.0
5110,124-56-33,2021,
5110,124-56-34,1999,-4.0
5110,124-56-34,2004,
5110,124-56-34,2015,0.0
5110,124-56-38,1999,-4.0
5110,124-56-38,2001,3.0
5110,124-56-38,2002,-5.0
5110,124-56-38,2004,4.0
5110,124-56-38,2021,-17.0
5110,124-56-40,1999,0.0
5110,124-56-40,2001,-2.0
5110,124-56-40,2002,2.0
5110,124-56-40,2004,-3.0
5110,124-56-40,2021,0.0
5110,124-56-41,1999,-6.0
5110,124-56-41,2001,-14.0
5110,124-56-41,2002,-6.0
5110,124-56-41,2004,-22.0
5110,124-56-41,2015,0.0
5110,124-56-41,2018,-11.0
5110,124-56-41,2021,-3.0
5110,124-56-42,2004,2.0
5110,124-56-42,2006,7.0
5110,124-56-42,2015,-3.0
5110,124-56-42,2022,
5110,124-56-44,1999,5.0
5110,124-56-44,2001,4.0
5110,124-56-44,2002,1.0
5110,124-56-44,2004,-11.0
5110,124-57-10,1999,
5110,124-57-10,2006,-2.0
5110,124-57-10,2015,-5.0
5110,124-57-10,2018,5.0
5110,124-57-121,2011,
5110,124-57-16,2010,
5110,124-57-16,2015,
5110,124-57-18,2009,
5110,124-57-18,2011,
5110,124-57-18,2018,1.0
5110,124-57-6,2012,2.0
5110,124-65-11,1997,-1.0
5110,124-65-11,1999,-3.0
5110,124-65-11,2001,-5.0
5110,124-65-11,2002,0.0
5110,124-65-11,2004,-7.0
5110,124-65-11,2006,3.0
5110,124-65-117,1999,-33.0
5110,124-65-117,2001,-97.0
5110,124-65-117,2002,-6.0
5110,124-65-117,2004,-13.0
5110,124-65-117,2006,-23.0
5110,124-65-117,2011,7.0
5110,124-65-117,2015,-3.0
5110,124-65-117,2018,
5110,124-65-117,2021,0.0
5110,124-65-13,1999,-36.0
5110,124-65-13,2002,
5110,124-65-13,2004,-6.0
5110,124-65-13,2006,-1.0
5110,124-65-13,2015,-1.0
5110,124-65-13,2018,-3.0
5110,124-65-13,2021,3.0
5110,124-65-130,2004,0.0
5110,124-65-130,2014,-1.0
5110,124-65-130,2015,
5110,124-65-130,2022,-4.0
5110,124-65-14,1999,-6.0
5110,124-65-14,2001,-13.0
5110,124-65-14,2004,13.0
5110,124-65-14,2006,-13.0
5110,124-65-14,2011,-4.0
5110,124-65-14,2013,14.0
5110,124-65-14,2015,-10.0
5110,124-65-14,2016,-2.0
5110,124-65-14,2018,-8.0
5110,124-65-14,2021,-3.0
5110,124-65-18,1999,
5110,124-65-18,2001,5.0
5110,124-65-18,2002,
5110,124-65-18,2004,-3.0
5110,124-65-18,2006,
5110,124-65-18,2015,-18.0
5110,124-65-18,2018,-8.0
5110,124-65-18,2021,1.0
5110,124-65-19,1999,23.0
5110,124-65-19,2001,14.0
5110,124-65-19,2002,-13.0
5110,124-65-19,2004,-2.0
5110,124-65-19,2015,-16.0
5110,124-65-19,2018,-20.0
5110,124-65-19,2021,6.0
5110,124-65-20,1999,-18.0
5110,124-65-20,2001,6.0
5110,124-65-20,2002,-12.0
5110,124-65-20,2004,-16.0
5110,124-65-20,2006,1.0
5110,124-65-20,2011,-12.0
5110,124-65-20,2016,-2.0
5110,124-65-20,2018,-21.0
5110,124-65-21,1999,5.0
5110,124-65-21,2004,1.0
5110,124-65-21,2015,-8.0
5110,124-65-21,2016,28.0
5110,124-65-21,2018,12.0
5110,124-65-21,2021,
5110,124-65-22,1999,-9.0
5110,124-65-22,2002,
5110,124-65-22,2004,-4.0
5110,124-65-22,2016,-25.0
5110,124-65-22,2022,-3.0
5110,124-65-23,2002,-17.0
5110,124-65-23,2004,10.0
5110,124-65-23,2013,16.0
5110,124-65-23,2015,-10.0
5110,124-65-23,2016,-7.0
5110,124-65-23,2017,-1.0
5110,124-65-23,2018,0.0
5110,124-65-23,2022,3.0
5110,124-65-27,1999,2.0
5110,124-65-27,2001,3.0
5110,124-65-27,2002,0.0
5110,124-65-27,2004,-3.0
5110,124-65-27,2006,-8.0
5110,124-65-27,2011,2.0
5110,124-65-27,2015,-2.0
5110,124-65-27,2018,-4.0
5110,124-65-27,2021,-17.0
5110,124-65-28,1999,-2.0
5110,124-65-28,2001,2.0
5110,124-65-28,2002,-2.0
5110,124-65-28,2004,2.0
5110,124-65-28,2006,-15.0
5110,124-65-28,2015,-1.0
5110,124-65-28,2016,-1.0
5110,124-65-28,2018,
5110,124-65-29,1999,12.0
5110,124-65-29,2001,
5110,124-65-29,2015,4.0
5110,124-65-29,2018,
5110,124-65-3,2015,
5110,124-65-3,2018,-1.0
5110,124-65-3,2021,
5110,124-65-31,1999,-5.0
5110,124-65-31,2001,3.0
5110,124-65-31,2002,
5110,124-65-31,2015,
5110,124-65-31,2018,5.0
5110,124-65-31,2021,0.0
5110,124-65-33,2001,24.0
5110,124-65-33,2004,0.0
5110,124-65-33,2005,3.0
5110,124-65-33,2006,11.0
5110,124-65-33,2012,0.0
5110,124-65-33,2021,0.0
5110,124-65-33,2022,-2.0
5110,124-65-34,1997,
5110,124-65-34,1999,-5.0
5110,124-65-34,2001,
5110,124-65-34,2007,-4.0
5110,124-65-34,2017,-2.0
5110,124-65-34,2021,-3.0
5110,124-65-35,1999,-3.0
5110,124-65-35,2001,0.0
5110,124-65-35,2002,
5110,124-65-35,2015,10.0
5110,124-65-36,1999,5.0
5110,124-65-36,2001,
5110,124-65-36,2004,
5110,124-65-36,2006,
5110,124-65-36,2018,-3.0
5110,124-65-37,1999,1.0
5110,124-65-37,2001,-14.0
5110,124-65-37,2002,
5110,124-65-37,2015,2.0
5110,124-65-37,2018,0.0
5110,124-65-38,1999,
5110,124-65-38,2004,9.0
5110,124-65-38,2005,
5110,124-65-38,2010,3.0
5110,124-65-38,2021,
5110,124-65-5,1997,1.0
5110,124-65-5,1999,0.0
5110,124-65-5,2001,1.0
5110,124-65-5,2018,1.0
5110,124-65-7,1999,1.0
5110,124-65-7,2002,
5110,124-65-7,2011,4.0
5110,124-65-7,2015,0.0
5110,124-65-7,2018,-6.0
5110,124-65-7,2021,-13.0
5110,124-65-9,1999,2.0
5110,124-65-9,2004,-1.0
5110,124-65-9,2006,-7.0
5110,124-65-9,2015,0.0
5110,124-68-10,2007,-43.0
5110,124-68-10,2009,20.0
5110,124-68-10,2012,-3.0
5110,124-68-10,2015,-23.0
5110,124-68-10,2021,-18.0
5110,124-68-11,1999,11.0
5110,124-68-11,2000,-14.0
5110,124-68-11,2002,-5.0
5110,124-68-11,2009,5.0
5110,124-68-11,2012,-1.0
5110,124-68-11,2015,-5.0
5110,124-68-11,2021,-12.0
5110,124-68-113,1999,8.0
5110,124-68-113,2000,-13.0
5110,124-68-113,2004,3.0
5110,124-68-113,2005,-17.0
5110,124-68-113,2009,23.0
5110,124-68-113,2012,-16.0
5110,124-68-113,2015,22.0
5110,124-68-113,2021,-2.0
5110,124-68-117,2000,10.0
5110,124-68-117,2004,-16.0
5110,124-68-117,2005,2.0
5110,124-68-117,2009,-9.0
5110,124-68-117,2012,-2.0
5110,124-68-119,2000,5.0
5110,124-68-119,2003,17.0
5110,124-68-119,2004,9.0
5110,124-68-119,2005,-37.0
5110,124-68-119,2009,-6.0
5110,124-68-119,2012,10.0
5110,124-68-12,1999,-7.0
5110,124-68-12,2000,2.0
5110,124-68-12,2004,18.0
5110,124-68-12,2005,-9.0
5110,124-68-12,2009,-5.0
5110,124-68-12,2012,0.0
5110,124-68-12,2016,-2.0
5110,124-68-12,2022,-7.0
5110,124-68-127,2004,
5110,124-68-127,2012,-3.0
5110,124-68-14,2000,-12.0
5110,124-68-14,2003,8.0
5110,124-68-14,2004,-3.0
5110,124-68-14,2005,-30.0
5110,124-68-14,2012,
5110,124-68-14,2015,2.0
5110,124-68-14,2021,-64.0
5110,124-68-142,2004,-2.0
5110,124-68-142,2005,
5110,124-68-15,1999,0.0
5110,124-68-15,2000,-15.0
5110,124-68-15,2004,14.0
5110,124-68-15,2005,-8.0
5110,124-68-15,2009,-16.0
5110,124-68-15,2012,-12.0
5110,124-68-15,2021,-24.0
5110,124-68-16,2004,8.0
5110,124-68-16,2005,6.0
5110,124-68-16,2009,-17.0
5110,124-68-16,2012,-2.0
5110,124-68-16,2015,9.0
5110,124-68-18,2000,3.0
5110,124-68-18,2003,-19.0
5110,124-68-18,2004,8.0
5110,124-68-18,2005,-3.0
5110,124-68-18,2009,3.0
5110,124-68-18,2012,-7.0
5110,124-68-18,2021,-7.0
5110,124-68-2,1997,
5110,124-68-2,2007,107.0
5110,124-68-2,2010,68.0
5110,124-68-2,2012,-36.0
5110,124-68-2,2013,54.0
5110,124-68-2,2015,115.0
5110,124-68-2,2021,0.0
5110,124-68-20,2003,-62.0
5110,124-68-20,2004,
5110,124-68-20,2007,8.0
5110,124-68-20,2009,-3.0
5110,124-68-20,2012,3.0
5110,124-68-20,2021,24.0
5110,124-68-202,2003,6.0
5110,124-68-202,2004,-29.0
5110,124-68-202,2005,
5110,124-68-202,2007,-79.0
5110,124-68-203,2003,52.0
5110,124-68-203,2004,-25.0
5110,124-68-203,2005,156.0
5110,124-68-203,2007,31.0
5110,124-68-203,2015,-41.0
5110,124-68-203,2021,0.0
5110,124-68-207,2003,25.0
5110,124-68-207,2004,-17.0
5110,124-68-207,2005,-2.0
5110,124-68-207,2007,-7.0
5110,124-68-207,2009,-15.0
5110,124-68-207,2021,22.0
5110,124-68-208,1999,
5110,124-68-208,2009,-6.0
5110,124-68-208,2015,6.0
5110,124-68-208,2021,
5110,124-68-209,2003,-10.0
5110,124-68-209,2004,19.0
5110,124-68-209,2005,-3.0
5110,124-68-209,2007,-27.0
5110,124-68-209,2009,11.0
5110,124-68-209,2015,19.0
5110,124-68-209,2021,6.0
5110,124-68-210,2007,52.0
5110,124-68-210,2009,40.0
5110,124-68-210,2012,-15.0
5110,124-68-210,2015,15.0
5110,124-68-210,2021,11.0
5110,124-68-211,1999,-15.0
5110,124-68-211,2000,5.0
5110,124-68-211,2005,8.0
5110,124-68-211,2009,8.0
5110,124-68-211,2012,0.0
5110,124-68-211,2015,2.0
5110,124-68-211,2021,12.0
5110,124-68-213,2005,8.0
5110,124-68-213,2015,
5110,124-68-213,2021,-6.0
5110,124-68-214,1999,4.0
5110,124-68-214,2000,10.0
5110,124-68-214,2005,6.0
5110,124-68-214,2009,14.0
5110,124-68-214,2012,20.0
5110,124-68-214,2017,-4.0
5110,124-68-214,2021,7.0
5110,124-68-215,1999,
5110,124-68-215,2004,
5110,124-68-215,2009,-2.0
5110,124-68-215,2012,-4.0
5110,124-68-216,1999,2.0
5110,124-68-216,2000,29.0
5110,124-68-216,2004,44.0
5110,124-68-216,2005,-57.0
5110,124-68-216,2009,13.0
5110,124-68-216,2012,-3.0
5110,124-68-216,2021,-21.0
5110,124-68-217,2000,-6.0
5110,124-68-217,2004,
5110,124-68-217,2009,-16.0
5110,124-68-217,2012,-5.0
5110,124-68-217,2021,-4.0
5110,124-68-218,2000,0.0
5110,124-68-218,2003,4.0
5110,124-68-218,2004,-8.0
5110,124-68-218,2005,3.0
5110,124-68-218,2012,-1.0
5110,124-68-219,2005,-4.0
5110,124-68-219,2009,7.0
5110,124-68-219,2015,-6.0
5110,124-68-219,2021,-6.0
5110,124-68-22,1999,-6.0
5110,124-68-22,2003,29.0
5110,124-68-22,2004,-3.0
5110,124-68-22,2005,35.0
5110,124-68-22,2009,5.0
5110,124-68-22,2012,-21.0
5110,124-68-22,2021,8.0
5110,124-68-220,2003,-18.0
5110,124-68-220,2004,25.0
5110,124-68-220,2005,-35.0
5110,124-68-220,2009,-4.0
5110,124-68-220,2012,3.0
5110,124-68-223,1999,
5110,124-68-223,2005,-18.0
5110,124-68-223,2009,-37.0
5110,124-68-223,2013,61.0
5110,124-68-223,2015,-3.0
5110,124-68-223,2021,-16.0
5110,124-68-224,1999,1.0
5110,124-68-224,2000,22.0
5110,124-68-224,2004,-26.0
5110,124-68-224,2005,23.0
5110,124-68-224,2015,42.0
5110,124-68-224,2021,-6.0
5110,124-68-225,1999,30.0
5110,124-68-225,2000,-29.0
5110,124-68-225,2004,9.0
5110,124-68-225,2005,-1.0
5110,124-68-225,2012,-6.0
5110,124-68-225,2015,2.0
5110,124-68-225,2021,-15.0
5110,124-68-233,2006,-7.0
5110,124-68-233,2007,12.0
5110,124-68-233,2013,1.0
5110,124-68-233,2021,-1.0
5110,124-68-238,2009,1.0
5110,124-68-238,2012,0.0
5110,124-68-238,2015,
5110,124-68-238,2021,2.0
5110,124-68-242,1999,
5110,124-68-242,2006,-10.0
5110,124-68-242,2007,4.0
5110,124-68-242,2009,-6.0
5110,124-68-242,2012,-11.0
5110,124-68-242,2015,
5110,124-68-25,1997,11.0
5110,124-68-25,1999,2.0
5110,124-68-25,2000,-16.0
5110,124-68-25,2004,-13.0
5110,124-68-25,2005,7.0
5110,124-68-25,2009,-6.0
5110,124-68-25,2012,-10.0
5110,124-68-251,2000,
5110,124-68-251,2003,-5.0
5110,124-68-251,2004,-6.0
5110,124-68-251,2005,27.0
5110,124-68-251,2009,-1.0
5110,124-68-251,2012,13.0
5110,124-68-251,2021,1.0
5110,124-68-252,2003,
5110,124-68-252,2007,-2.0
5110,124-68-252,2012,-3.0
5110,124-68-252,2015,1.0
5110,124-68-26,1999,0.0
5110,124-68-26,2000,-2.0
5110,124-68-26,2004,8.0
5110,124-68-26,2005,-8.0
5110,124-68-26,2009,-9.0
5110,124-68-26,2012,5.0
5110,124-68-26,2021,16.0
5110,124-68-274,2007,
5110,124-68-28,2003,3.0
5110,124-68-28,2004,-6.0
5110,124-68-28,2005,1.0
5110,124-68-28,2009,-4.0
5110,124-68-28,2012,-7.0
5110,124-68-28,2021,20.0
5110,124-68-29,2003,-79.0
5110,124-68-29,2004,
5110,124-68-29,2009,-29.0
5110,124-68-29,2021,-29.0
5110,124-68-296,2003,-8.0
5110,124-68-296,2004,-1.0
5110,124-68-296,2005,1.0
5110,124-68-296,2006,-1.0
5110,124-68-296,2015,0.0
5110,124-68-296,2021,-13.0
5110,124-68-297,1999,0.0
5110,124-68-297,2003,1.0
5110,124-68-297,2005,3.0
5110,124-68-297,2006,27.0
5110,124-68-298,1999,9.0
5110,124-68-298,2003,1.0
5110,124-68-298,2005,-8.0
5110,124-68-298,2006,8.0
5110,124-68-298,2012,
5110,124-68-299,1999,41.0
5110,124-68-299,2003,
5110,124-68-299,2005,16.0
5110,124-68-299,2007,-39.0
5110,124-68-299,2015,4.0
5110,124-68-299,2021,1.0
5110,124-68-300,2000,
5110,124-68-300,2002,
5110,124-68-300,2009,
5110,124-68-300,2012,-7.0
5110,124-68-300,2021,-10.0
5110,124-68-303,1997,239.0
5110,124-68-303,2007,
5110,124-68-303,2010,
5110,124-68-303,2021,-3.0
5110,124-68-308,2000,11.0
5110,124-68-308,2003,-61.0
5110,124-68-308,2004,35.0
5110,124-68-308,2005,-20.0
5110,124-68-308,2007,-3.0
5110,124-68-308,2009,12.0
5110,124-68-308,2015,7.0
5110,124-68-308,2021,-21.0
5110,124-68-312,2004,2.0
5110,124-68-312,2005,5.0
5110,124-68-312,2009,-9.0
5110,124-68-312,2012,-13.0
5110,124-68-312,2021,-16.0
5110,124-68-314,2004,
5110,124-68-314,2016,-12.0
5110,124-68-314,2022,-3.0
5110,124-68-316,2000,1.0
5110,124-68-316,2003,
5110,124-68-316,2005,8.0
5110,124-68-316,2009,8.0
5110,124-68-316,2012,
5110,124-68-316,2021,
5110,124-68-317,1999,7.0
5110,124-68-317,2000,
5110,124-68-317,2004,
5110,124-68-317,2007,0.0
5110,124-68-317,2009,-3.0
5110,124-68-319,2000,-19.0
5110,124-68-319,2004,-2.0
5110,124-68-319,2005,29.0
5110,124-68-319,2009,-12.0
5110,124-68-319,2012,-5.0
5110,124-68-319,2021,15.0
5110,124-68-323,1999,-10.0
5110,124-68-323,2000,17.0
5110,124-68-323,2008,-17.0
5110,124-68-323,2015,-22.0
5110,124-68-324,1999,-1.0
5110,124-68-324,2000,18.0
5110,124-68-324,2004,17.0
5110,124-68-324,2005,-22.0
5110,124-68-325,1999,4.0
5110,124-68-325,2000,25.0
5110,124-68-325,2009,
5110,124-68-325,2012,-13.0
5110,124-68-325,2021,
5110,124-68-326,1997,6.0
5110,124-68-326,1999,1.0
5110,124-68-326,2000,1.0
5110,124-68-326,2004,1.0
5110,124-68-326,2005,-4.0
5110,124-68-338,1999,
5110,124-68-338,2003,4.0
5110,124-68-338,2004,-2.0
5110,124-68-338,2005,4.0
5110,124-68-35,2003,-7.0
5110,124-68-35,2006,
5110,124-68-35,2012,3.0
5110,124-68-35,2021,
5110,124-68-350,2002,
5110,124-68-350,2005,7.0
5110,124-68-350,2009,
5110,124-68-350,2012,-2.0
5110,124-68-350,2015,-2.0
5110,124-68-36,2000,
5110,124-68-36,2006,
5110,124-68-37,2003,-7.0
5110,124-68-37,2004,-12.0
5110,124-68-37,2005,11.0
5110,124-68-37,2006,25.0
5110,124-68-37,2007,-25.0
5110,124-68-37,2021,
5110,124-68-39,1999,5.0
5110,124-68-39,2000,-8.0
5110,124-68-39,2003,
5110,124-68-39,2005,0.0
5110,124-68-39,2012,-15.0
5110,124-68-39,2021,0.0
5110,124-68-4,2010,66.0
5110,124-68-4,2012,
5110,124-68-4,2015,115.0
5110,124-68-43,2005,
5110,124-68-43,2012,0.0
5110,124-68-43,2013,1.0
5110,124-68-44,2000,-5.0
5110,124-68-44,2005,-4.0
5110,124-68-47,2013,2.0
5110,124-68-47,2015,3.0
5110,124-68-47,2021,8.0
5110,124-68-49,2006,0.0
5110,124-68-49,2007,-1.0
5110,124-68-49,2009,0.0
5110,124-68-49,2021,-2.0
5110,124-68-5,1999,-13.0
5110,124-68-5,2003,8.0
5110,124-68-5,2004,-12.0
5110,124-68-5,2005,-13.0
5110,124-68-5,2007,-5.0
5110,124-68-5,2009,-3.0
5110,124-68-5,2021,-8.0
5110,124-68-50,1999,-10.0
5110,124-68-50,2000,7.0
5110,124-68-50,2005,5.0
5110,124-68-50,2009,
5110,124-68-50,2021,-6.0
5110,124-68-52,2000,-1.0
5110,124-68-52,2003,0.0
5110,124-68-52,2004,3.0
5110,124-68-52,2005,-4.0
5110,124-68-52,2012,-1.0
5110,124-68-53,2004,3.0
5110,124-68-53,2021,
5110,124-68-54,2000,0.0
5110,124-68-54,2004,-7.0
5110,124-68-54,2009,12.0
5110,124-68-54,2018,7.0
5110,124-68-54,2021,-1.0
5110,124-68-57,2003,56.0
5110,124-68-57,2005,
5110,124-68-57,2009,-1.0
5110,124-68-57,2012,-8.0
5110,124-68-57,2021,
5110,124-68-59,2004,
5110,124-68-59,2007,0.0
5110,124-68-59,2012,-1.0
5110,124-68-6,1999,-5.0
5110,124-68-6,2000,78.0
5110,124-68-6,2003,8.0
5110,124-68-6,2004,35.0
5110,124-68-6,2005,-13.0
5110,124-68-6,2007,-21.0
5110,124-68-6,2009,3.0
5110,124-68-64,2016,0.0
5110,124-68-64,2021,
5110,124-68-65,2004,3.0
5110,124-68-65,2011,1.0
5110,124-68-65,2021,-2.0
5110,124-68-66,1997,0.0
5110,124-68-66,1998,3.0
5110,124-68-66,2000,6.0
5110,124-68-66,2004,1.0
5110,124-68-66,2006,3.0
5110,124-68-66,2007,
5110,124-68-66,2009,-1.0
5110,124-68-66,2012,-1.0
5110,124-68-66,2018,
5110,124-68-7,2000,-5.0
5110,124-68-7,2003,64.0
5110,124-68-7,2004,-61.0
5110,124-68-7,2005,
5110,124-68-7,2007,
5110,124-68-7,2021,-20.0
5110,124-68-8,1999,-22.0
5110,124-68-8,2003,2.0
5110,124-68-8,2004,20.0
5110,124-68-8,2005,-6.0
5110,124-68-8,2007,4.0
5110,124-68-8,2009,-22.0
5110,124-68-83,1997,-6.0
5110,124-68-83,1999,1.0
5110,124-68-83,2000,-1.0
5110,124-68-83,2004,13.0
5110,124-68-83,2005,6.0
5110,124-68-83,2021,
5110,124-68-9,1999,
5110,124-68-9,2009,22.0
5110,124-68-9,2012,13.0
5110,124-68-9,2015,-69.0
5110,124-68-9,2021,0.0
5110,124-75-5,1997,-16.0
5110,124-75-5,1999,16.0
5110,124-75-5,2002,11.0
5110,124-75-5,2004,
5110,124-75-5,2011,5.0
5110,124-75-5,2018,2.0
5110,124-75-5,2021,1.0
5110,124-75-9,1999,-9.0
5110,124-75-9,2002,-13.0
5110,124-75-9,2004,
5110,124-75-9,2006,-18.0
5110,124-75-9,2016,0.0
5110,124-75-9,2021,1.0
5110,124-75-9,2022,5.0
5110,124-76-1,1999,14.0
5110,124-76-1,2000,-19.0
5110,124-76-1,2004,-8.0
5110,124-76-1,2005,-18.0
5110,124-76-1,2012,-7.0
5110,124-76-1,2015,-7.0
5110,124-76-1,2021,7.0
5110,124-76-109,1999,-14.0
5110,124-76-109,2000,
5110,124-76-109,2005,
5110,124-76-109,2015,-37.0
5110,124-76-109,2021,-7.0
5110,124-76-113,2000,
5110,124-76-113,2004,-4.0
5110,124-76-113,2005,-5.0
5110,124-76-113,2021,8.0
5110,124-76-12,1997,
5110,124-76-12,2002,1.0
5110,124-76-12,2004,2.0
5110,124-76-12,2005,-5.0
5110,124-76-12,2013,-7.0
5110,124-76-120,1999,26.0
5110,124-76-120,2000,-14.0
5110,124-76-120,2002,-1.0
5110,124-76-120,2004,7.0
5110,124-76-120,2005,-25.0
5110,124-76-120,2015,12.0
5110,124-76-120,2021,5.0
5110,124-76-121,1999,-27.0
5110,124-76-121,2000,-9.0
5110,124-76-121,2002,-10.0
5110,124-76-121,2004,13.0
5110,124-76-121,2005,22.0
5110,124-76-121,2015,3.0
5110,124-76-121,2021,14.0
5110,124-76-125,2004,14.0
5110,124-76-125,2005,-13.0
5110,124-76-125,2007,0.0
5110,124-76-125,2012,1.0
5110,124-76-127,1999,0.0
5110,124-76-127,2000,1.0
5110,124-76-127,2002,-1.0
5110,124-76-127,2005,-1.0
5110,124-76-127,2013,
5110,124-76-140,2015,
5110,124-76-140,2018,0.0
5110,124-76-140,2021,
5110,124-76-159,1999,-4.0
5110,124-76-159,2002,-22.0
5110,124-76-159,2004,
5110,124-76-159,2018,-1.0
5110,124-76-159,2021,
5110,124-76-16,2000,2.0
5110,124-76-16,2002,-2.0
5110,124-76-16,2004,0.0
5110,124-76-16,2005,-1.0
5110,124-76-165,2001,10.0
5110,124-76-165,2002,16.0
5110,124-76-165,2004,-6.0
5110,124-76-165,2006,8.0
5110,124-76-165,2011,1.0
5110,124-76-165,2014,17.0
5110,124-76-165,2017,7.0
5110,124-76-165,2018,11.0
5110,124-76-165,2021,2.0
5110,124-76-18,1999,7.0
5110,124-76-18,2000,-6.0
5110,124-76-18,2004,
5110,124-76-18,2015,3.0
5110,124-76-18,2021,1.0
5110,124-76-19,2005,21.0
5110,124-76-19,2009,25.0
5110,124-76-19,2015,2.0
5110,124-76-19,2021,-3.0
5110,124-76-190,1999,4.0
5110,124-76-190,2000,9.0
5110,124-76-190,2001,10.0
5110,124-76-190,2004,9.0
5110,124-76-190,2005,12.0
5110,124-76-190,2009,-19.0
5110,124-76-190,2015,-2.0
5110,124-76-190,2021,-13.0
5110,124-76-2,1999,-1.0
5110,124-76-2,2000,28.0
5110,124-76-2,2004,-14.0
5110,124-76-2,2005,4.0
5110,124-76-2,2015,-1.0
5110,124-76-2,2021,-12.0
5110,124-76-201,1997,13.0
5110,124-76-201,1999,0.0
5110,124-76-201,2000,2.0
5110,124-76-201,2004,-8.0
5110,124-76-201,2005,-2.0
5110,124-76-201,2009,4.0
5110,124-76-201,2012,
5110,124-76-21,1999,41.0
5110,124-76-21,2000,76.0
5110,124-76-21,2001,-67.0
5110,124-76-21,2002,11.0
5110,124-76-21,2005,-43.0
5110,124-76-21,2006,75.0
5110,124-76-21,2015,16.0
5110,124-76-21,2018,1.0
5110,124-76-21,2021,0.0
5110,124-76-216,2002,8.0
5110,124-76-216,2004,14.0
5110,124-76-216,2005,-11.0
5110,124-76-216,2015,6.0
5110,124-76-216,2021,2.0
5110,124-76-22,1999,15.0
5110,124-76-22,2000,5.0
5110,124-76-22,2001,19.0
5110,124-76-22,2002,-8.0
5110,124-76-22,2004,-2.0
5110,124-76-22,2005,-18.0
5110,124-76-22,2009,2.0
5110,124-76-22,2015,-18.0
5110,124-76-22,2021,-29.0
5110,124-76-221,1999,-5.0
5110,124-76-221,2000,25.0
5110,124-76-221,2002,-6.0
5110,124-76-221,2004,9.0
5110,124-76-221,2005,-28.0
5110,124-76-23,1999,0.0
5110,124-76-23,2000,-9.0
5110,124-76-23,2001,
5110,124-76-23,2006,16.0
5110,124-76-23,2015,8.0
5110,124-76-238,2014,1.0
5110,124-76-238,2015,1.0
5110,124-76-3,1997,2.0
5110,124-76-3,1999,-4.0
5110,124-76-3,2000,6.0
5110,124-76-3,2004,-5.0
5110,124-76-3,2005,11.0
5110,124-76-3,2012,-2.0
5110,124-76-3,2015,0.0
5110,124-76-302,1999,-13.0
5110,124-76-302,2000,23.0
5110,124-76-302,2002,-15.0
5110,124-76-302,2004,19.0
5110,124-76-302,2005,-4.0
5110,124-76-302,2015,8.0
5110,124-76-302,2021,3.0
5110,124-76-306,1999,4.0
5110,124-76-306,2000,2.0
5110,124-76-306,2002,0.0
5110,124-76-306,2004,10.0
5110,124-76-306,2005,1.0
5110,124-76-306,2015,5.0
5110,124-76-306,2021,-6.0
5110,124-76-309,1999,6.0
5110,124-76-309,2000,-2.0
5110,124-76-309,2001,-20.0
5110,124-76-309,2004,10.0
5110,124-76-309,2005,-7.0
5110,124-76-309,2015,2.0
5110,124-76-309,2021,
5110,124-76-310,1999,31.0
5110,124-76-310,2000,
5110,124-76-310,2004,
5110,124-76-310,2008,5.0
5110,124-76-310,2009,-18.0
5110,124-76-310,2015,24.0
5110,124-76-310,2021,-16.0
5110,124-76-314,2000,-6.0
5110,124-76-314,2002,11.0
5110,124-76-314,2004,6.0
5110,124-76-314,2005,-3.0
5110,124-76-314,2015,17.0
5110,124-76-314,2021,-21.0
5110,124-76-318,1999,
5110,124-76-318,2002,-13.0
5110,124-76-318,2005,-32.0
5110,124-76-318,2015,12.0
5110,124-76-318,2021,-6.0
5110,124-76-320,2005,-14.0
5110,124-76-320,2015,-7.0
5110,124-76-320,2021,
5110,124-76-324,2006,11.0
5110,124-76-324,2015,-10.0
5110,124-76-324,2018,-2.0
5110,124-76-324,2021,
5110,124-76-39,2000,0.0
5110,124-76-39,2001,0.0
5110,124-76-39,2002,0.0
5110,124-76-39,2004,
5110,124-76-4,1999,-2.0
5110,124-76-4,2000,12.0
5110,124-76-4,2004,-33.0
5110,124-76-4,2005,38.0
5110,124-76-4,2015,-53.0
5110,124-76-4,2021,28.0
5110,124-76-40,1999,-3.0
5110,124-76-40,2000,17.0
5110,124-76-40,2016,1.0
5110,124-76-40,2018,
5110,124-76-40,2021,6.0
5110,124-76-439,2005,-11.0
5110,124-76-439,2013,4.0
5110,124-76-439,2014,-3.0
5110,124-76-439,2015,-4.0
5110,124-76-439,2018,2.0
5110,124-76-439,2021,-1.0
5110,124-76-5,1999,21.0
5110,124-76-5,2000,-9.0
5110,124-76-5,2004,0.0
5110,124-76-5,2005,-13.0
5110,124-76-5,2015,-24.0
5110,124-76-5,2021,10.0
5110,124-76-537,2021,
5110,124-76-55,2012,-4.0
5110,124-76-55,2013,-1.0
5110,124-76-55,2014,9.0
5110,124-76-55,2015,-10.0
5110,124-76-55,2018,-2.0
5110,124-76-55,2021,-8.0
5110,124-76-6,1999,-2.0
5110,124-76-6,2000,11.0
5110,124-76-6,2002,2.0
5110,124-76-6,2004,-8.0
5110,124-76-6,2005,20.0
5110,124-76-60,1999,4.0
5110,124-76-60,2000,-9.0
5110,124-76-60,2002,11.0
5110,124-76-60,2004,29.0
5110,124-76-60,2005,-5.0
5110,124-76-60,2006,-24.0
5110,124-76-60,2013,1.0
5110,124-76-60,2015,-2.0
5110,124-76-60,2018,0.0
5110,124-76-60,2021,
5110,124-76-61,1999,
5110,124-76-61,2004,
5110,124-76-61,2006,
5110,124-76-61,2015,-4.0
5110,124-76-61,2018,-3.0
5110,124-76-61,2021,
5110,124-76-67,2006,8.0
5110,124-76-67,2011,-2.0
5110,124-76-67,2014,-1.0
5110,124-76-67,2018,-16.0
5110,124-76-67,2021,-3.0
5110,124-76-69,1999,24.0
5110,124-76-69,2000,-14.0
5110,124-76-69,2002,
5110,124-76-69,2004,27.0
5110,124-76-69,2018,17.0
5110,124-76-69,2021,14.0
5110,124-76-70,1997,10.0
5110,124-76-70,1999,-7.0
5110,124-76-70,2004,1.0
5110,124-76-70,2006,
5110,124-76-70,2011,-3.0
5110,124-76-70,2012,0.0
5110,124-76-8,1999,14.0
5110,124-76-8,2000,8.0
5110,124-76-8,2002,-40.0
5110,124-76-8,2004,-18.0
5110,124-76-8,2005,59.0
5110,124-76-8,2015,
5110,124-76-8,2021,11.0
5110,124-76-9,1999,16.0
5110,124-76-9,2000,-17.0
5110,124-76-9,2004,17.0
5110,124-76-9,2005,
5110,124-76-9,2015,-7.0
5110,124-76-9,2021,
5110,124-76-90,1999,-5.0
5110,124-76-90,2000,19.0
5110,124-76-90,2001,6.0
5110,124-76-90,2002,8.0
5110,124-76-90,2004,-6.0
5110,124-76-90,2005,44.0
5110,124-76-90,2009,-52.0
5110,124-76-90,2021,18.0
5110,124-79-106,1997,-3.0
5110,124-79-106,1998,
5110,124-79-106,2000,2.0
5110,124-79-106,2004,1.0
5110,124-79-106,2014,-4.0
5110,124-79-106,2015,
5110,124-79-112,1997,
5110,124-79-112,2000,
5110,124-79-112,2004,-12.0
5110,124-79-113,1998,7.0
5110,124-79-113,2000,2.0
5110,124-79-113,2004,0.0
5110,124-79-113,2016,1.0
5110,124-79-113,2018,-2.0
5110,124-79-113,2021,-6.0
5110,124-79-116,2004,
5110,124-79-116,2014,
5110,124-79-116,2018,
5110,124-79-123,2002,0.0
5110,124-79-123,2014,
5110,124-79-123,2018,21.0
5110,124-79-124,2005,
5110,124-79-124,2014,7.0
5110,124-79-124,2021,1.0
5110,124-79-132,2005,13.0
5110,124-79-132,2014,-23.0
5110,124-79-132,2016,-1.0
5110,124-79-132,2021,-10.0
5110,124-79-139,2004,
5110,124-79-142,2004,5.0
5110,124-79-142,2013,
5110,124-79-217,2014,0.0
5110,124-79-217,2021,29.0
5110,124-79-24,2004,-1.0
5110,124-79-309,2005,5.0
5110,124-79-309,2011,9.0
5110,124-79-309,2014,0.0
5110,124-79-309,2015,9.0
5110,124-79-33,2014,3.0
5110,124-79-33,2015,-6.0
5110,124-79-33,2016,2.0
5110,124-79-33,2018,1.0
5110,124-79-40,2022,-2.0
5110,124-79-403,2004,
5110,124-79-403,2016,
5110,124-79-424,2000,11.0
5110,124-79-424,2004,
5110,124-79-424,2016,-17.0
5110,124-79-424,2018,-6.0
5110,840-17-1,1999,
5110,840-17-1,2021,
5110,840-17-11,2003,
5110,840-17-11,2012,
5110,840-17-12,1998,4.0
5110,840-17-12,1999,29.0
5110,840-17-12,2002,1.0
5110,840-17-12,2003,-5.0
5110,840-17-12,2006,1.0
5110,840-17-12,2009,
5110,840-17-12,2012,-12.0
5110,840-17-125,2006,
5110,840-17-125,2009,
5110,840-17-126,2007,-1.0
5110,840-17-126,2012,
5110,840-17-126,2018,
5110,840-17-13,2002,2.0
5110,840-17-13,2003,4.0
5110,840-17-13,2006,
5110,840-17-14,1998,
5110,840-17-14,2003,1.0
5110,840-17-14,2006,17.0
5110,840-17-14,2009,7.0
5110,840-17-14,2012,4.0
5110,840-17-14,2016,-8.0
5110,840-17-14,2022,23.0
5110,840-17-17,1998,-3.0
5110,840-17-17,1999,-23.0
5110,840-17-17,2002,-7.0
5110,840-17-17,2005,19.0
5110,840-17-17,2009,8.0
5110,840-17-17,2012,
5110,840-17-17,2018,
5110,840-17-19,1998,6.0
5110,840-17-19,1999,
5110,840-17-19,2002,9.0
5110,840-17-19,2003,-8.0
5110,840-17-19,2004,-2.0
5110,840-17-19,2006,
5110,840-17-19,2009,1.0
5110,840-17-19,2012,4.0
5110,840-17-19,2018,-5.0
5110,840-17-2,2012,
5110,840-17-205,2002,-4.0
5110,840-17-205,2003,
5110,840-17-205,2006,-6.0
5110,840-17-205,2009,-1.0
5110,840-17-205,2012,12.0
5110,840-17-205,2016,-1.0
5110,840-17-205,2021,-18.0
5110,840-17-206,1998,2.0
5110,840-17-206,2002,19.0
5110,840-17-206,2003,-8.0
5110,840-17-206,2004,-12.0
5110,840-17-206,2006,
5110,840-17-206,2012,24.0
5110,840-17-206,2016,8.0
5110,840-17-207,1998,-6.0
5110,840-17-207,2002,36.0
5110,840-17-207,2003,-12.0
5110,840-17-207,2004,1.0
5110,840-17-207,2006,57.0
5110,840-17-207,2009,-2.0
5110,840-17-207,2012,21.0
5110,840-17-207,2016,-12.0
5110,840-17-207,2022,-4.0
5110,840-17-21,2006,-1.0
5110,840-17-21,2013,
5110,840-17-21,2018,0.0
5110,840-17-213,1999,-5.0
5110,840-17-213,2002,-3.0
5110,840-17-213,2003,-5.0
5110,840-17-213,2004,3.0
5110,840-17-213,2006,2.0
5110,840-17-213,2012,13.0
5110,840-17-213,2016,16.0
5110,840-17-213,2018,-13.0
5110,840-17-214,2002,-23.0
5110,840-17-214,2003,-1.0
5110,840-17-214,2012,16.0
5110,840-17-216,2002,
5110,840-17-216,2009,-4.0
5110,840-17-216,2018,
5110,840-17-220,2003,
5110,840-17-220,2006,
5110,840-17-221,2002,-4.0
5110,840-17-221,2003,27.0
5110,840-17-221,2006,9.0
5110,840-17-221,2013,
5110,840-17-221,2016,29.0
5110,840-17-221,2018,8.0
5110,840-17-228,2002,8.0
5110,840-17-228,2003,-17.0
5110,840-17-228,2004,-13.0
5110,840-17-228,2011,4.0
5110,840-17-228,2012,-5.0
5110,840-17-3,1998,
5110,840-17-3,2009,-1.0
5110,840-17-3,2012,1.0
5110,840-17-3,2021,
5110,840-17-302,1998,
5110,840-17-302,2002,
5110,840-17-302,2012,
5110,840-17-303,2002,
5110,840-17-303,2005,-3.0
5110,840-17-305,1998,-4.0
5110,840-17-305,2002,4.0
5110,840-17-305,2003,-23.0
5110,840-17-305,2004,3.0
5110,840-17-305,2006,16.0
5110,840-17-305,2012,-35.0
5110,840-17-305,2016,12.0
5110,840-17-305,2021,
5110,840-17-306,1998,27.0
5110,840-17-306,2002,-3.0
5110,840-17-306,2003,
5110,840-17-306,2006,-84.0
5110,840-17-306,2009,11.0
5110,840-17-306,2012,-50.0
5110,840-17-306,2016,-37.0
5110,840-17-307,1998,
5110,840-17-307,2002,
5110,840-17-307,2009,16.0
5110,840-17-307,2012,-38.0
5110,840-17-307,2016,-24.0
5110,840-17-309,2007,
5110,840-17-312,1998,12.0
5110,840-17-312,1999,-17.0
5110,840-17-312,2002,51.0
5110,840-17-312,2003,-77.0
5110,840-17-312,2004,48.0
5110,840-17-312,2006,41.0
5110,840-17-312,2009,36.0
5110,840-17-312,2012,-5.0
5110,840-17-312,2018,
5110,840-17-313,2002,-18.0
5110,840-17-313,2003,-13.0
5110,840-17-313,2006,15.0
5110,840-17-313,2009,
5110,840-17-313,2012,
5110,840-17-313,2018,19.0
5110,840-17-314,2003,-1.0
5110,840-17-314,2004,37.0
5110,840-17-314,2012,-27.0
5110,840-17-314,2013,23.0
5110,840-17-314,2018,-24.0
5110,840-17-318,2015,
5110,840-17-319,1999,
5110,840-17-319,2003,
5110,840-17-319,2006,-10.0
5110,840-17-319,2009,-6.0
5110,840-17-319,2012,
5110,840-17-319,2018,-10.0
5110,840-17-326,2012,
5110,840-17-33,1999,-11.0
5110,840-17-33,2002,-6.0
5110,840-17-33,2003,
5110,840-17-33,2021,
5110,840-17-34,2002,0.0
5110,840-17-35,1998,7.0
5110,840-17-35,2003,31.0
5110,840-17-35,2006,105.0
5110,840-17-35,2009,31.0
5110,840-17-35,2012,-21.0
5110,840-17-35,2016,3.0
5110,840-17-35,2018,67.0
5110,840-17-35,2021,-52.0
5110,840-17-36,1998,
5110,840-17-36,2002,-2.0
5110,840-17-36,2003,2.0
5110,840-17-36,2006,
5110,840-17-36,2021,-1.0
5110,840-17-36,2022,48.0
5110,840-17-362,1998,-2.0
5110,840-17-362,1999,0.0
5110,840-17-362,2002,5.0
5110,840-17-362,2003,-1.0
5110,840-17-362,2006,-5.0
5110,840-17-362,2018,0.0
5110,840-17-37,1998,-42.0
5110,840-17-37,2002,-13.0
5110,840-17-37,2003,1.0
5110,840-17-37,2006,14.0
5110,840-17-37,2009,17.0
5110,840-17-37,2012,5.0
5110,840-17-37,2016,-5.0
5110,840-17-375,1999,
5110,840-17-375,2003,
5110,840-17-375,2018,0.0
5110,840-17-4,1998,-33.0
5110,840-17-4,1999,1.0
5110,840-17-4,2002,23.0
5110,840-17-4,2003,-15.0
5110,840-17-4,2006,-19.0
5110,840-17-4,2009,-6.0
5110,840-17-4,2016,-6.0
5110,840-17-4,2018,-1.0
5110,840-17-4,2021,-12.0
5110,840-17-41,2009,-1.0
5110,840-17-41,2018,
5110,840-17-412,2002,34.0
5110,840-17-412,2003,
5110,840-17-412,2006,46.0
5110,840-17-412,2009,17.0
5110,840-17-412,2016,6.0
5110,840-17-412,2018,10.0
5110,840-17-412,2021,-13.0
5110,840-17-419,1999,
5110,840-17-419,2002,
5110,840-17-419,2006,-4.0
5110,840-17-419,2007,
5110,840-17-419,2018,-4.0
5110,840-17-42,1998,-11.0
5110,840-17-42,2002,-43.0
5110,840-17-42,2003,-3.0
5110,840-17-42,2004,-18.0
5110,840-17-42,2006,-11.0
5110,840-17-42,2009,-9.0
5110,840-17-42,2012,16.0
5110,840-17-42,2016,
5110,840-17-42,2021,15.0
5110,840-17-43,2003,
5110,840-17-43,2016,
5110,840-17-43,2018,-20.0
5110,840-17-43,2022,27.0
5110,840-17-44,1998,-24.0
5110,840-17-44,1999,-1.0
5110,840-17-44,2002,-8.0
5110,840-17-44,2003,-23.0
5110,840-17-44,2004,45.0
5110,840-17-44,2009,-38.0
5110,840-17-44,2012,-10.0
5110,840-17-44,2016,3.0
5110,840-17-44,2018,9.0
5110,840-17-46,1998,
5110,840-17-46,2002,
5110,840-17-46,2009,
5110,840-17-46,2012,
5110,840-17-49,1999,
5110,840-17-49,2004,-2.0
5110,840-17-49,2006,
5110,840-17-49,2018,3.0
5110,840-17-5,2002,
5110,840-17-5,2012,
5110,840-17-50,1999,
5110,840-17-50,2002,4.0
5110,840-17-50,2003,-9.0
5110,840-17-50,2012,-7.0
5110,840-17-50,2018,
5110,840-17-51,1998,
5110,840-17-51,2003,-8.0
5110,840-17-51,2004,15.0
5110,840-17-51,2012,4.0
5110,840-17-51,2013,-3.0
5110,840-17-51,2018,-17.0
5110,840-17-56,2003,
5110,840-17-56,2013,1.0
5110,840-17-57,2002,-3.0
5110,840-17-57,2003,2.0
5110,840-17-57,2007,
5110,840-17-57,2012,0.0
5110,840-17-57,2013,0.0
5110,840-17-57,2018,-2.0
5110,840-17-58,1997,8.0
5110,840-17-58,1999,
5110,840-17-58,2004,
5110,840-17-58,2012,3.0
5110,840-17-58,2013,2.0
5110,840-17-58,2018,
5110,840-17-6,2002,5.0
5110,840-17-6,2003,
5110,840-17-6,2009,-2.0
5110,840-17-6,2012,-10.0
5110,840-17-6,2016,-2.0
5110,840-17-8,2022,
5110,840-17-9,1999,
5110,840-17-9,2001,
5110,840-18-1,1998,-20.0
5110,840-18-1,1999,19.0
5110,840-18-1,2001,-4.0
5110,840-18-1,2009,4.0
5110,840-18-1,2010,
5110,840-18-1,2021,-8.0
5110,840-18-102,1998,
5110,840-18-102,2001,7.0
5110,840-18-102,2003,
5110,840-18-102,2005,2.0
5110,840-18-102,2008,-6.0
5110,840-18-102,2009,0.0
5110,840-18-102,2010,-1.0
5110,840-18-102,2021,
5110,840-18-11,2005,-1.0
5110,840-18-11,2009,-8.0
5110,840-18-11,2010,11.0
5110,840-18-11,2021,24.0
5110,840-18-14,2005,-13.0
5110,840-18-14,2008,21.0
5110,840-18-14,2009,9.0
5110,840-18-14,2010,-19.0
5110,840-18-14,2021,
5110,840-18-15,1998,-25.0
5110,840-18-15,1999,
5110,840-18-15,2005,-4.0
5110,840-18-15,2009,10.0
5110,840-18-15,2010,-46.0
5110,840-18-15,2021,-23.0
5110,840-18-3,1998,-8.0
5110,840-18-3,1999,7.0
5110,840-18-3,2001,8.0
5110,840-18-3,2003,-12.0
5110,840-18-3,2008,8.0
5110,840-18-3,2009,-13.0
5110,840-18-3,2010,3.0
5110,840-18-3,2021,-1.0
5110,840-18-4,1998,-1.0
5110,840-18-4,1999,2.0
5110,840-18-4,2003,
5110,840-18-4,2008,
5110,840-18-4,2010,12.0
5110,840-18-4,2021,
5110,840-18-7,1998,-8.0
5110,840-18-7,1999,0.0
5110,840-18-7,2001,49.0
5110,840-18-7,2003,
5110,840-18-7,2005,-5.0
5110,840-18-8,1998,26.0
5110,840-18-8,1999,-10.0
5110,840-18-8,2001,6.0
5110,840-18-8,2003,-14.0
5110,840-18-8,2005,-6.0
5110,840-18-8,2008,
5110,840-18-8,2021,-1.0
5110,840-18-9,1998,10.0
5110,840-18-9,1999,15.0
5110,840-18-9,2003,0.0
5110,840-18-9,2005,29.0
5110,840-18-9,2008,-1.0
5110,840-18-9,2009,20.0
5110,840-18-9,2010,-24.0
5110,840-2-1,1997,138.0
5110,840-2-1,2001,34.0
5110,840-2-1,2003,13.0
5110,840-2-1,2007,6.0
5110,840-2-1,2010,7.0
5110,840-2-1,2011,-8.0
5110,840-2-1,2022,-14.0
5110,840-2-10,1997,-2.0
5110,840-2-10,2001,0.0
5110,840-2-10,2003,
5110,840-2-10,2007,2.0
5110,840-2-10,2011,-2.0
5110,840-2-102,1997,13.0
5110,840-2-102,1998,4.0
5110,840-2-102,2001,0.0
5110,840-2-102,2003,15.0
5110,840-2-102,2011,5.0
5110,840-2-102,2016,
5110,840-2-102,2022,4.0
5110,840-2-105,1997,64.0
5110,840-2-105,2001,5.0
5110,840-2-105,2003,48.0
5110,840-2-105,2007,17.0
5110,840-2-105,2010,-17.0
5110,840-2-105,2011,4.0
5110,840-2-105,2016,-26.0
5110,840-2-105,2017,8.0
5110,840-2-105,2022,4.0
5110,840-2-109,2001,-15.0
5110,840-2-109,2003,-15.0
5110,840-2-109,2007,12.0
5110,840-2-109,2010,6.0
5110,840-2-109,2011,-16.0
5110,840-2-109,2016,-24.0
5110,840-2-109,2017,15.0
5110,840-2-109,2022,16.0
5110,840-2-111,2003,-17.0
5110,840-2-111,2007,-6.0
5110,840-2-111,2011,10.0
5110,840-2-111,2017,-1.0
5110,840-2-111,2022,-9.0
5110,840-2-13,1997,-12.0
5110,840-2-13,1998,-2.0
5110,840-2-13,2001,-33.0
5110,840-2-13,2003,
5110,840-2-13,2011,-20.0
5110,840-2-13,2016,5.0
5110,840-2-13,2022,7.0
5110,840-2-14,1997,-4.0
5110,840-2-14,1998,-3.0
5110,840-2-14,2001,-1.0
5110,840-2-14,2003,-4.0
5110,840-2-14,2010,-13.0
5110,840-2-14,2011,1.0
5110,840-2-14,2017,8.0
5110,840-2-140,1997,-14.0
5110,840-2-140,2010,-3.0
5110,840-2-140,2011,
5110,840-2-140,2017,-2.0
5110,840-2-141,2006,10.0
5110,840-2-141,2011,-395.0
5110,840-2-141,2012,15.0
5110,840-2-141,2017,32.0
5110,840-2-142,1997,19.0
5110,840-2-142,1998,0.0
5110,840-2-142,2001,-52.0
5110,840-2-142,2006,-13.0
5110,840-2-142,2011,
5110,840-2-142,2017,62.0
5110,840-2-142,2022,
5110,840-2-15,1997,-17.0
5110,840-2-15,1998,12.0
5110,840-2-15,2000,14.0
5110,840-2-15,2001,-11.0
5110,840-2-15,2003,
5110,840-2-15,2012,17.0
5110,840-2-15,2018,1.0
5110,840-2-156,2001,-10.0
5110,840-2-156,2003,-6.0
5110,840-2-156,2007,3.0
5110,840-2-156,2011,4.0
5110,840-2-16,2004,-2.0
5110,840-2-16,2010,-11.0
5110,840-2-16,2011,
5110,840-2-16,2017,-2.0
5110,840-2-162,2001,4.0
5110,840-2-162,2003,1.0
5110,840-2-162,2011,
5110,840-2-162,2016,
5110,840-2-162,2022,
5110,840-2-164,2007,
5110,840-2-164,2011,
5110,840-2-17,1997,17.0
5110,840-2-17,2001,1.0
5110,840-2-17,2003,4.0
5110,840-2-17,2007,-13.0
5110,840-2-17,2010,
5110,840-2-17,2017,-4.0
5110,840-2-19,1997,0.0
5110,840-2-19,1998,-2.0
5110,840-2-19,2001,9.0
5110,840-2-19,2003,1.0
5110,840-2-19,2007,-1.0
5110,840-2-19,2010,11.0
5110,840-2-19,2011,
5110,840-2-20,1997,-4.0
5110,840-2-20,1998,12.0
5110,840-2-20,2001,0.0
5110,840-2-20,2003,-2.0
5110,840-2-20,2011,1.0
5110,840-2-20,2017,-1.0
5110,840-2-201,1997,11.0
5110,840-2-201,1998,-10.0
5110,840-2-201,2001,-1.0
5110,840-2-201,2003,24.0
5110,840-2-201,2007,3.0
5110,840-2-201,2022,1.0
5110,840-2-204,2001,
5110,840-2-204,2003,-7.0
5110,840-2-204,2007,-4.0
5110,840-2-204,2010,-20.0
5110,840-2-204,2016,6.0
5110,840-2-204,2017,-6.0
5110,840-2-205,1998,-5.0
5110,840-2-205,2001,23.0
5110,840-2-205,2003,0.0
5110,840-2-205,2007,-2.0
5110,840-2-205,2010,-6.0
5110,840-2-205,2011,12.0
5110,840-2-205,2017,
5110,840-2-205,2022,
5110,840-2-207,1997,4.0
5110,840-2-207,2001,-6.0
5110,840-2-207,2003,-1.0
5110,840-2-207,2007,
5110,840-2-207,2010,0.0
5110,840-2-207,2011,2.0
5110,840-2-208,2007,
5110,840-2-208,2011,
5110,840-2-208,2017,19.0
5110,840-2-209,2001,
5110,840-2-209,2011,16.0
5110,840-2-209,2017,
5110,840-2-209,2022,3.0
5110,840-2-21,1997,-1.0
5110,840-2-21,1998,-1.0
5110,840-2-21,2001,
5110,840-2-21,2010,
5110,840-2-21,2017,
5110,840-2-210,2003,-2.0
5110,840-2-210,2010,0.0
5110,840-2-210,2011,5.0
5110,840-2-210,2017,1.0
5110,840-2-210,2022,
5110,840-2-211,1997,-3.0
5110,840-2-211,1998,26.0
5110,840-2-211,2001,-9.0
5110,840-2-211,2003,11.0
5110,840-2-211,2007,31.0
5110,840-2-211,2010,-12.0
5110,840-2-211,2011,25.0
5110,840-2-211,2017,-1.0
5110,840-2-212,1997,-32.0
5110,840-2-212,1998,23.0
5110,840-2-212,2001,-1.0
5110,840-2-212,2003,0.0
5110,840-2-212,2011,4.0
5110,840-2-214,2000,
5110,840-2-215,1997,13.0
5110,840-2-215,1998,-15.0
5110,840-2-215,2022,
5110,840-2-216,2005,
5110,840-2-216,2011,
5110,840-2-216,2017,1.0
5110,840-2-216,2022,1.0
5110,840-2-218,1997,-26.0
5110,840-2-218,1998,102.0
5110,840-2-218,2001,12.0
5110,840-2-218,2006,-18.0
5110,840-2-218,2011,
5110,840-2-218,2017,-1.0
5110,840-2-218,2022,-3.0
5110,840-2-22,1997,35.0
5110,840-2-22,1998,-30.0
5110,840-2-22,2001,26.0
5110,840-2-22,2003,2.0
5110,840-2-22,2007,2.0
5110,840-2-22,2008,3.0
5110,840-2-22,2009,
5110,840-2-22,2011,-9.0
5110,840-2-22,2017,0.0
5110,840-2-23,1997,2.0
5110,840-2-23,1998,-4.0
5110,840-2-23,2000,-2.0
5110,840-2-23,2001,2.0
5110,840-2-23,2003,-2.0
5110,840-2-24,1998,14.0
5110,840-2-24,1999,-10.0
5110,840-2-24,2001,1.0
5110,840-2-24,2003,1.0
5110,840-2-24,2010,0.0
5110,840-2-24,2011,0.0
5110,840-2-24,2017,0.0
5110,840-2-24,2022,-1.0
5110,840-2-25,1997,10.0
5110,840-2-25,1998,
5110,840-2-25,2001,12.0
5110,840-2-25,2003,6.0
5110,840-2-25,2007,-4.0
5110,840-2-25,2010,-2.0
5110,840-2-25,2011,-2.0
5110,840-2-25,2017,
5110,840-2-25,2022,
5110,840-2-26,1997,0.0
5110,840-2-26,1998,-5.0
5110,840-2-26,2001,95.0
5110,840-2-26,2003,-5.0
5110,840-2-26,2010,-4.0
5110,840-2-26,2011,1.0
5110,840-2-27,1997,-3.0
5110,840-2-27,1998,23.0
5110,840-2-27,2001,15.0
5110,840-2-27,2003,5.0
5110,840-2-27,2007,-2.0
5110,840-2-27,2011,
5110,840-2-27,2017,-6.0
5110,840-2-27,2022,9.0
5110,840-2-28,1997,-35.0
5110,840-2-28,2001,11.0
5110,840-2-28,2003,
5110,840-2-28,2010,7.0
5110,840-2-28,2011,
5110,840-2-28,2017,-6.0
5110,840-2-28,2022,-15.0
5110,840-2-29,1997,-12.0
5110,840-2-29,1998,-5.0
5110,840-2-29,2001,10.0
5110,840-2-29,2003,-3.0
5110,840-2-29,2011,4.0
5110,840-2-29,2017,5.0
5110,840-2-29,2022,-9.0
5110,840-2-31,2000,-4.0
5110,840-2-31,2001,-20.0
5110,840-2-31,2003,-81.0
5110,840-2-31,2005,-11.0
5110,840-2-31,2006,9.0
5110,840-2-31,2007,17.0
5110,840-2-31,2017,6.0
5110,840-2-31,2022,-5.0
5110,840-2-33,1997,13.0
5110,840-2-33,1998,
5110,840-2-33,2001,23.0
5110,840-2-33,2011,12.0
5110,840-2-33,2022,24.0
5110,840-2-34,1997,-8.0
5110,840-2-34,1998,1.0
5110,840-2-34,2001,7.0
5110,840-2-34,2010,-14.0
5110,840-2-34,2011,
5110,840-2-34,2022,-1.0
5110,840-2-35,1997,
5110,840-2-35,2011,
5110,840-2-35,2022,
5110,840-2-36,1997,
5110,840-2-36,2011,
5110,840-2-38,1997,0.0
5110,840-2-38,1998,
5110,840-2-38,2001,6.0
5110,840-2-38,2011,3.0
5110,840-2-38,2017,-1.0
5110,840-2-4,1997,22.0
5110,840-2-4,1998,66.0
5110,840-2-4,2001,99.0
5110,840-2-4,2003,-89.0
5110,840-2-4,2010,-3.0
5110,840-2-4,2011,-5.0
5110,840-2-43,1997,8.0
5110,840-2-43,1998,-6.0
5110,840-2-43,2001,-12.0
5110,840-2-43,2003,10.0
5110,840-2-43,2007,-6.0
5110,840-2-43,2010,-5.0
5110,840-2-43,2011,8.0
5110,840-2-45,1998,1.0
5110,840-2-45,2003,
5110,840-2-45,2007,
5110,840-2-47,1997,5.0
5110,840-2-47,1998,-9.0
5110,840-2-47,2001,-3.0
5110,840-2-47,2003,0.0
5110,840-2-47,2006,
5110,840-2-47,2010,
5110,840-2-47,2017,-1.0
5110,840-2-48,1997,2.0
5110,840-2-48,1998,4.0
5110,840-2-48,2001,-2.0
5110,840-2-48,2003,-4.0
5110,840-2-48,2007,
5110,840-2-48,2010,
5110,840-2-49,1997,11.0
5110,840-2-49,1998,-12.0
5110,840-2-49,2001,-2.0
5110,840-2-49,2003,
5110,840-2-49,2007,8.0
5110,840-2-49,2010,
5110,840-2-49,2017,12.0
5110,840-2-50,1997,30.0
5110,840-2-50,1998,17.0
5110,840-2-50,2001,33.0
5110,840-2-50,2003,-2.0
5110,840-2-50,2007,-12.0
5110,840-2-50,2010,8.0
5110,840-2-50,2011,-4.0
5110,840-2-50,2017,-1.0
5110,840-2-50,2022,1.0
5110,840-2-52,2001,1.0
5110,840-2-52,2006,4.0
5110,840-2-52,2011,2.0
5110,840-2-53,1997,
5110,840-2-53,2000,-2.0
5110,840-2-53,2001,-2.0
5110,840-2-53,2009,
5110,840-2-53,2017,4.0
5110,840-2-54,1997,1.0
5110,840-2-54,1998,
5110,840-2-54,2001,
5110,840-2-54,2022,
5110,840-2-55,2001,-3.0
5110,840-2-55,2003,10.0
5110,840-2-55,2011,
5110,840-2-55,2017,5.0
5110,840-2-55,2022,-3.0
5110,840-2-57,1997,-8.0
5110,840-2-57,1998,
5110,840-2-57,2001,3.0
5110,840-2-57,2003,0.0
5110,840-2-57,2010,0.0
5110,840-2-57,2011,4.0
5110,840-2-57,2022,-1.0
5110,840-2-58,1997,6.0
5110,840-2-58,2001,8.0
5110,840-2-58,2003,-9.0
5110,840-2-58,2007,
5110,840-2-58,2016,-5.0
5110,840-2-58,2022,-2.0
5110,840-2-59,1997,4.0
5110,840-2-59,1998,13.0
5110,840-2-59,2001,-3.0
5110,840-2-59,2003,-2.0
5110,840-2-59,2010,-3.0
5110,840-2-59,2011,
5110,840-2-59,2022,-1.0
5110,840-2-60,2002,
5110,840-2-60,2007,-2.0
5110,840-2-60,2011,
5110,840-2-61,1997,-53.0
5110,840-2-61,2001,7.0
5110,840-2-61,2003,0.0
5110,840-2-61,2007,-6.0
5110,840-2-61,2011,-9.0
5110,840-2-61,2017,25.0
5110,840-2-63,1997,
5110,840-2-63,2003,1.0
5110,840-2-63,2007,-1.0
5110,840-2-63,2009,12.0
5110,840-2-63,2010,-8.0
5110,840-2-63,2011,16.0
5110,840-2-63,2017,5.0
5110,840-2-63,2022,22.0
5110,840-2-65,1997,-18.0
5110,840-2-65,1998,14.0
5110,840-2-65,2001,-18.0
5110,840-2-65,2003,6.0
5110,840-2-65,2007,-7.0
5110,840-2-65,2011,1.0
5110,840-2-65,2022,-7.0
5110,840-2-66,1997,3.0
5110,840-2-66,1998,3.0
5110,840-2-66,2001,-3.0
5110,840-2-66,2006,6.0
5110,840-2-66,2011,1.0
5110,840-2-66,2017,
5110,840-2-67,1997,
5110,840-2-67,2001,10.0
5110,840-2-67,2006,13.0
5110,840-2-67,2010,
5110,840-2-67,2022,6.0
5110,840-2-68,1997,-17.0
5110,840-2-68,1998,100.0
5110,840-2-68,2006,-7.0
5110,840-2-68,2011,
5110,840-2-68,2017,
5110,840-2-7,1997,-17.0
5110,840-2-7,2001,3.0
5110,840-2-7,2003,-3.0
5110,840-2-7,2007,-100.0
5110,840-2-7,2010,-6.0
5110,840-2-7,2016,9.0
5110,840-2-70,1997,-6.0
5110,840-2-70,1998,-13.0
5110,840-2-70,2011,-6.0
5110,840-2-70,2017,32.0
5110,840-2-71,2001,3.0
5110,840-2-71,2007,-5.0
5110,840-2-71,2010,
5110,840-2-71,2022,-12.0
5110,840-2-72,1997,3.0
5110,840-2-72,2001,23.0
5110,840-2-72,2003,-19.0
5110,840-2-72,2007,-30.0
5110,840-2-72,2010,-6.0
5110,840-2-72,2016,2.0
5110,840-2-73,1997,
5110,840-2-73,2007,-8.0
5110,840-2-73,2010,-5.0
5110,840-2-73,2016,-4.0
5110,840-2-73,2017,66.0
5110,840-2-8,1997,
5110,840-2-8,2001,
5110,840-2-8,2003,12.0
5110,840-2-8,2007,12.0
5110,840-2-8,2008,1.0
5110,840-2-8,2016,44.0
5110,840-2-8,2018,-7.0
5110,840-21-1,1997,88.0
5110,840-21-1,1998,-100.0
5110,840-21-1,2003,-108.0
5110,840-21-1,2008,-20.0
5110,840-21-1,2009,20.0
5110,840-21-1,2010,-12.0
5110,840-21-1,2011,-32.0
5110,840-21-10,1998,-225.0
5110,840-21-10,1999,76.0
5110,840-21-10,2008,-25.0
5110,840-21-10,2009,-9.0
5110,840-21-10,2010,-50.0
5110,840-21-10,2011,49.0
5110,840-21-105,1997,-49.0
5110,840-21-105,1998,-55.0
5110,840-21-105,2003,12.0
5110,840-21-105,2008,20.0
5110,840-21-105,2009,-77.0
5110,840-21-105,2010,-5.0
5110,840-21-105,2011,56.0
5110,840-21-109,1997,21.0
5110,840-21-109,1998,-48.0
5110,840-21-109,2003,23.0
5110,840-21-109,2009,13.0
5110,840-21-109,2010,14.0
5110,840-21-109,2011,-24.0
5110,840-21-2,1998,124.0
5110,840-21-2,2003,39.0
5110,840-21-2,2008,-16.0
5110,840-21-2,2009,-45.0
5110,840-21-2,2010,-29.0
5110,840-21-3,1997,25.0
5110,840-21-3,1998,-62.0
5110,840-21-3,2003,288.0
5110,840-21-3,2008,58.0
5110,840-21-3,2009,20.0
5110,840-21-3,2010,46.0
5110,840-21-3,2011,-82.0
5110,840-21-4,1997,112.0
5110,840-21-4,1998,-25.0
5110,840-21-4,2003,77.0
5110,840-21-4,2010,-29.0
5110,840-21-4,2011,170.0
5110,840-25-1,1997,13.0
5110,840-25-1,1998,12.0
5110,840-25-1,2001,61.0
5110,840-25-1,2011,
5110,840-25-10,1997,-1.0
5110,840-25-10,1998,-2.0
5110,840-25-10,2010,-1.0
5110,840-25-10,2011,
5110,840-25-108,1997,-15.0
5110,840-25-108,1998,6.0
5110,840-25-108,2011,
5110,840-25-108,2014,-3.0
5110,840-25-11,1998,
5110,840-25-11,2005,
5110,840-25-11,2010,0.0
5110,840-25-11,2011,0.0
5110,840-25-11,2012,-2.0
5110,840-25-11,2022,-12.0
5110,840-25-113,1998,
5110,840-25-113,2003,
5110,840-25-113,2005,-1.0
5110,840-25-113,2010,2.0
5110,840-25-113,2011,
5110,840-25-113,2022,12.0
5110,840-25-116,1998,11.0
5110,840-25-116,1999,-4.0
5110,840-25-116,2004,-13.0
5110,840-25-116,2005,-29.0
5110,840-25-116,2010,36.0
5110,840-25-116,2011,-57.0
5110,840-25-116,2012,20.0
5110,840-25-116,2022,-8.0
5110,840-25-12,1997,-6.0
5110,840-25-12,1998,
5110,840-25-12,2001,10.0
5110,840-25-12,2003,16.0
5110,840-25-12,2005,-8.0
5110,840-25-12,2011,
5110,840-25-12,2022,3.0
5110,840-25-129,1998,-12.0
5110,840-25-129,2011,-3.0
5110,840-25-129,2012,-1.0
5110,840-25-132,1998,5.0
5110,840-25-132,1999,-10.0
5110,840-25-132,2005,24.0
5110,840-25-132,2010,3.0
5110,840-25-132,2011,12.0
5110,840-25-135,1999,-12.0
5110,840-25-135,2000,9.0
5110,840-25-135,2010,
5110,840-25-14,1997,-7.0
5110,840-25-14,1998,-3.0
5110,840-25-14,2010,8.0
5110,840-25-14,2011,-14.0
5110,840-25-14,2012,0.0
5110,840-25-15,1997,-14.0
5110,840-25-15,1998,-6.0
5110,840-25-15,2011,2.0
5110,840-25-15,2012,-1.0
5110,840-25-15,2017,-8.0
5110,840-25-165,2003,
5110,840-25-165,2011,
5110,840-25-172,2000,-14.0
5110,840-25-172,2004,-22.0
5110,840-25-172,2005,31.0
5110,840-25-172,2010,
5110,840-25-172,2012,
5110,840-25-175,1998,25.0
5110,840-25-175,1999,-47.0
5110,840-25-175,2005,-19.0
5110,840-25-175,2010,
5110,840-25-178,1999,88.0
5110,840-25-178,2002,77.0
5110,840-25-178,2004,23.0
5110,840-25-178,2010,39.0
5110,840-25-18,1998,-23.0
5110,840-25-18,1999,-9.0
5110,840-25-18,2007,3.0
5110,840-25-18,2022,
5110,840-25-180,1998,
5110,840-25-180,2002,-2.0
5110,840-25-180,2004,-1.0
5110,840-25-180,2010,
5110,840-25-19,1997,
5110,840-25-19,2010,-8.0
5110,840-25-19,2011,-4.0
5110,840-25-19,2012,7.0
5110,840-25-19,2015,-1.0
5110,840-25-19,2016,
5110,840-25-2,1997,-6.0
5110,840-25-2,1998,-5.0
5110,840-25-2,2006,8.0
5110,840-25-2,2011,
5110,840-25-20,2002,
5110,840-25-20,2010,0.0
5110,840-25-20,2012,
5110,840-25-20,2022,0.0
5110,840-25-21,1998,1.0
5110,840-25-21,2011,-1.0
5110,840-25-21,2012,0.0
5110,840-25-22,1998,-30.0
5110,840-25-22,1999,-11.0
5110,840-25-22,2003,-6.0
5110,840-25-22,2005,0.0
5110,840-25-22,2010,17.0
5110,840-25-22,2011,-7.0
5110,840-25-22,2012,-18.0
5110,840-25-24,1998,
5110,840-25-24,2005,-14.0
5110,840-25-24,2011,0.0
5110,840-25-25,1998,3.0
5110,840-25-25,1999,-17.0
5110,840-25-25,2005,-8.0
5110,840-25-25,2010,
5110,840-25-26,1998,4.0
5110,840-25-26,1999,4.0
5110,840-25-26,2005,-14.0
5110,840-25-26,2010,
5110,840-25-27,1998,0.0
5110,840-25-27,1999,-4.0
5110,840-25-27,2003,10.0
5110,840-25-27,2005,6.0
5110,840-25-27,2010,-3.0
5110,840-25-27,2011,
5110,840-25-27,2017,-1.0
5110,840-25-28,1999,-32.0
5110,840-25-28,2002,-11.0
5110,840-25-28,2004,-29.0
5110,840-25-28,2010,1.0
5110,840-25-28,2011,-12.0
5110,840-25-3,1997,7.0
5110,840-25-3,1998,-27.0
5110,840-25-3,2011,
5110,840-25-30,1998,
5110,840-25-30,2005,-1.0
5110,840-25-30,2010,
5110,840-25-30,2012,-6.0
5110,840-25-31,1998,
5110,840-25-37,1997,6.0
5110,840-25-37,1998,28.0
5110,840-25-37,2010,4.0
5110,840-25-37,2011,
5110,840-25-4,1997,8.0
5110,840-25-4,1998,-32.0
5110,840-25-4,2011,
5110,840-25-4,2017,1.0
5110,840-25-4,2022,4.0
